<?xml version="1.0" encoding="UTF-8" standalone="no" ?><gpx xmlns="http://www.topografix.com/GPX/1/1" xmlns:gpxx="http://www.garmin.com/xmlschemas/GpxExtensions/v3" xmlns:gpxtrkx="http://www.garmin.com/xmlschemas/TrackStatsExtension/v1" xmlns:wptx1="http://www.garmin.com/xmlschemas/WaypointExtension/v1" xmlns:gpxtpx="http://www.garmin.com/xmlschemas/TrackPointExtension/v1" creator="GPSMAP 64sx" version="1.1" xmlns:xsi="http://www.w3.org/2001/XMLSchema-instance" xsi:schemaLocation="http://www.topografix.com/GPX/1/1 http://www.topografix.com/GPX/1/1/gpx.xsd http://www.garmin.com/xmlschemas/GpxExtensions/v3 http://www8.garmin.com/xmlschemas/GpxExtensionsv3.xsd http://www.garmin.com/xmlschemas/TrackStatsExtension/v1 http://www8.garmin.com/xmlschemas/TrackStatsExtension.xsd http://www.garmin.com/xmlschemas/WaypointExtension/v1 http://www8.garmin.com/xmlschemas/WaypointExtensionv1.xsd http://www.garmin.com/xmlschemas/TrackPointExtension/v1 http://www.garmin.com/xmlschemas/TrackPointExtensionv1.xsd"><metadata><link href="http://www.garmin.com"><text>Garmin International</text></link><time>2024-09-14T03:05:10Z</time></metadata><trk><name>GPS LONCO 240913</name><extensions><gpxx:TrackExtension><gpxx:DisplayColor>Cyan</gpxx:DisplayColor></gpxx:TrackExtension><gpxtrkx:TrackStatsExtension><gpxtrkx:Distance>49628.000</gpxtrkx:Distance><gpxtrkx:TotalElapsedTime>7959</gpxtrkx:TotalElapsedTime><gpxtrkx:MovingTime>7665</gpxtrkx:MovingTime><gpxtrkx:StoppedTime>290</gpxtrkx:StoppedTime><gpxtrkx:MovingSpeed>6.475</gpxtrkx:MovingSpeed><gpxtrkx:MaxSpeed>23.546</gpxtrkx:MaxSpeed><gpxtrkx:MaxElevation>152.942</gpxtrkx:MaxElevation><gpxtrkx:MinElevation>102.268</gpxtrkx:MinElevation><gpxtrkx:Ascent>159.000</gpxtrkx:Ascent><gpxtrkx:Descent>201.372</gpxtrkx:Descent><gpxtrkx:AvgAscentRate>0.051</gpxtrkx:AvgAscentRate><gpxtrkx:MaxAscentRate>0.514</gpxtrkx:MaxAscentRate><gpxtrkx:AvgDescentRate>0.061</gpxtrkx:AvgDescentRate><gpxtrkx:MaxDescentRate>-0.460</gpxtrkx:MaxDescentRate></gpxtrkx:TrackStatsExtension></extensions><trkseg><trkpt lat="-39.3541964516" lon="-72.5777090807"><ele>152.94</ele><time>2024-09-14T00:52:31Z</time></trkpt><trkpt lat="-39.3541899137" lon="-72.5776927359"><ele>151.47</ele><time>2024-09-14T00:52:37Z</time></trkpt><trkpt lat="-39.3542303983" lon="-72.5776112638"><ele>150.94</ele><time>2024-09-14T00:53:02Z</time></trkpt><trkpt lat="-39.3542314880" lon="-72.5776208192"><ele>150.95</ele><time>2024-09-14T00:53:03Z</time></trkpt><trkpt lat="-39.3542502634" lon="-72.5776716974"><ele>151.03</ele><time>2024-09-14T00:53:06Z</time></trkpt><trkpt lat="-39.3542735651" lon="-72.5777135231"><ele>151.07</ele><time>2024-09-14T00:53:08Z</time></trkpt><trkpt lat="-39.3542907480" lon="-72.5777319632"><ele>151.05</ele><time>2024-09-14T00:53:09Z</time></trkpt><trkpt lat="-39.3543107808" lon="-72.5777445361"><ele>151.08</ele><time>2024-09-14T00:53:10Z</time></trkpt><trkpt lat="-39.3543347530" lon="-72.5777540915"><ele>150.97</ele><time>2024-09-14T00:53:11Z</time></trkpt><trkpt lat="-39.3543592282" lon="-72.5777615514"><ele>150.98</ele><time>2024-09-14T00:53:12Z</time></trkpt><trkpt lat="-39.3543861341" lon="-72.5777695142"><ele>150.92</ele><time>2024-09-14T00:53:13Z</time></trkpt><trkpt lat="-39.3544156384" lon="-72.5777822547"><ele>150.80</ele><time>2024-09-14T00:53:14Z</time></trkpt><trkpt lat="-39.3544455618" lon="-72.5778011139"><ele>150.74</ele><time>2024-09-14T00:53:15Z</time></trkpt><trkpt lat="-39.3544730544" lon="-72.5778247509"><ele>150.64</ele><time>2024-09-14T00:53:16Z</time></trkpt><trkpt lat="-39.3545010500" lon="-72.5778566860"><ele>150.65</ele><time>2024-09-14T00:53:17Z</time></trkpt><trkpt lat="-39.3545297161" lon="-72.5778950751"><ele>150.49</ele><time>2024-09-14T00:53:18Z</time></trkpt><trkpt lat="-39.3548901379" lon="-72.5781724323"><ele>149.82</ele><time>2024-09-14T00:53:29Z</time></trkpt><trkpt lat="-39.3549255934" lon="-72.5782171916"><ele>150.04</ele><time>2024-09-14T00:53:30Z</time></trkpt><trkpt lat="-39.3549545947" lon="-72.5782733504"><ele>149.92</ele><time>2024-09-14T00:53:31Z</time></trkpt><trkpt lat="-39.3549815007" lon="-72.5783436745"><ele>149.91</ele><time>2024-09-14T00:53:32Z</time></trkpt><trkpt lat="-39.3550090771" lon="-72.5784245599"><ele>149.86</ele><time>2024-09-14T00:53:33Z</time></trkpt><trkpt lat="-39.3553470355" lon="-72.5793690328"><ele>150.43</ele><time>2024-09-14T00:53:41Z</time></trkpt><trkpt lat="-39.3559232913" lon="-72.5809767656"><ele>150.30</ele><time>2024-09-14T00:53:50Z</time></trkpt><trkpt lat="-39.3570727855" lon="-72.5841169618"><ele>148.67</ele><time>2024-09-14T00:54:05Z</time></trkpt><trkpt lat="-39.3585628364" lon="-72.5882000383"><ele>145.63</ele><time>2024-09-14T00:54:23Z</time></trkpt><trkpt lat="-39.3602409773" lon="-72.5927963387"><ele>143.05</ele><time>2024-09-14T00:54:42Z</time></trkpt><trkpt lat="-39.3617699202" lon="-72.5969866198"><ele>140.09</ele><time>2024-09-14T00:55:00Z</time></trkpt><trkpt lat="-39.3632234260" lon="-72.6010317262"><ele>136.99</ele><time>2024-09-14T00:55:17Z</time></trkpt><trkpt lat="-39.3638127577" lon="-72.6035027951"><ele>133.84</ele><time>2024-09-14T00:55:27Z</time></trkpt><trkpt lat="-39.3639570102" lon="-72.6050537825"><ele>131.13</ele><time>2024-09-14T00:55:35Z</time></trkpt><trkpt lat="-39.3639948964" lon="-72.6062916219"><ele>128.89</ele><time>2024-09-14T00:55:45Z</time></trkpt><trkpt lat="-39.3639373966" lon="-72.6085259859"><ele>125.95</ele><time>2024-09-14T00:56:04Z</time></trkpt><trkpt lat="-39.3638999294" lon="-72.6099396776"><ele>122.91</ele><time>2024-09-14T00:56:16Z</time></trkpt><trkpt lat="-39.3638798129" lon="-72.6108815521"><ele>119.88</ele><time>2024-09-14T00:56:24Z</time></trkpt><trkpt lat="-39.3638538290" lon="-72.6118450519"><ele>116.56</ele><time>2024-09-14T00:56:32Z</time></trkpt><trkpt lat="-39.3637927249" lon="-72.6132572349"><ele>113.47</ele><time>2024-09-14T00:56:44Z</time></trkpt><trkpt lat="-39.3634202331" lon="-72.6154387090"><ele>112.40</ele><time>2024-09-14T00:57:04Z</time></trkpt><trkpt lat="-39.3626088649" lon="-72.6176639367"><ele>112.78</ele><time>2024-09-14T00:57:26Z</time></trkpt><trkpt lat="-39.3620646279" lon="-72.6186582819"><ele>116.16</ele><time>2024-09-14T00:57:37Z</time></trkpt><trkpt lat="-39.3615405913" lon="-72.6194086298"><ele>119.26</ele><time>2024-09-14T00:57:46Z</time></trkpt><trkpt lat="-39.3608184066" lon="-72.6202509273"><ele>122.65</ele><time>2024-09-14T00:57:57Z</time></trkpt><trkpt lat="-39.3603761774" lon="-72.6206416916"><ele>123.18</ele><time>2024-09-14T00:58:03Z</time></trkpt><trkpt lat="-39.3602899276" lon="-72.6206773147"><ele>123.22</ele><time>2024-09-14T00:58:04Z</time></trkpt><trkpt lat="-39.3602022529" lon="-72.6207035501"><ele>123.28</ele><time>2024-09-14T00:58:05Z</time></trkpt><trkpt lat="-39.3596209679" lon="-72.6208453719"><ele>119.86</ele><time>2024-09-14T00:58:13Z</time></trkpt><trkpt lat="-39.3595256656" lon="-72.6208923943"><ele>119.19</ele><time>2024-09-14T00:58:15Z</time></trkpt><trkpt lat="-39.3594082352" lon="-72.6209709328"><ele>120.84</ele><time>2024-09-14T00:58:24Z</time></trkpt><trkpt lat="-39.3594087381" lon="-72.6209671609"><ele>120.74</ele><time>2024-09-14T00:58:25Z</time></trkpt><trkpt lat="-39.3593734503" lon="-72.6209928934"><ele>120.74</ele><time>2024-09-14T00:58:41Z</time></trkpt><trkpt lat="-39.3593291938" lon="-72.6209970005"><ele>120.76</ele><time>2024-09-14T00:58:47Z</time></trkpt><trkpt lat="-39.3592942413" lon="-72.6210213080"><ele>120.52</ele><time>2024-09-14T00:58:49Z</time></trkpt><trkpt lat="-39.3592763040" lon="-72.6210415922"><ele>120.22</ele><time>2024-09-14T00:58:50Z</time></trkpt><trkpt lat="-39.3592480570" lon="-72.6210784726"><ele>116.77</ele><time>2024-09-14T00:58:53Z</time></trkpt><trkpt lat="-39.3592146132" lon="-72.6211514790"><ele>115.94</ele><time>2024-09-14T00:58:55Z</time></trkpt><trkpt lat="-39.3592091650" lon="-72.6212545764"><ele>115.63</ele><time>2024-09-14T00:58:57Z</time></trkpt><trkpt lat="-39.3592266832" lon="-72.6213158481"><ele>115.55</ele><time>2024-09-14T00:58:58Z</time></trkpt><trkpt lat="-39.3592577800" lon="-72.6213907823"><ele>115.50</ele><time>2024-09-14T00:58:59Z</time></trkpt><trkpt lat="-39.3595055491" lon="-72.6218637731"><ele>113.43</ele><time>2024-09-14T00:59:04Z</time></trkpt><trkpt lat="-39.3595581874" lon="-72.6219618414"><ele>113.19</ele><time>2024-09-14T00:59:05Z</time></trkpt><trkpt lat="-39.3599098921" lon="-72.6225847006"><ele>111.46</ele><time>2024-09-14T00:59:12Z</time></trkpt><trkpt lat="-39.3599751033" lon="-72.6226574555"><ele>111.30</ele><time>2024-09-14T00:59:13Z</time></trkpt><trkpt lat="-39.3600481097" lon="-72.6227235049"><ele>110.97</ele><time>2024-09-14T00:59:14Z</time></trkpt><trkpt lat="-39.3601315934" lon="-72.6227772329"><ele>110.74</ele><time>2024-09-14T00:59:15Z</time></trkpt><trkpt lat="-39.3602227885" lon="-72.6228158735"><ele>110.44</ele><time>2024-09-14T00:59:16Z</time></trkpt><trkpt lat="-39.3603134807" lon="-72.6228433661"><ele>110.15</ele><time>2024-09-14T00:59:17Z</time></trkpt><trkpt lat="-39.3604071904" lon="-72.6228614710"><ele>110.07</ele><time>2024-09-14T00:59:18Z</time></trkpt><trkpt lat="-39.3609532714" lon="-72.6229312923"><ele>111.38</ele><time>2024-09-14T00:59:24Z</time></trkpt><trkpt lat="-39.3618215527" lon="-72.6234772056"><ele>111.85</ele><time>2024-09-14T00:59:35Z</time></trkpt><trkpt lat="-39.3623778597" lon="-72.6240454149"><ele>110.33</ele><time>2024-09-14T00:59:43Z</time></trkpt><trkpt lat="-39.3624631036" lon="-72.6240869053"><ele>110.27</ele><time>2024-09-14T00:59:44Z</time></trkpt><trkpt lat="-39.3625525385" lon="-72.6241162419"><ele>110.37</ele><time>2024-09-14T00:59:45Z</time></trkpt><trkpt lat="-39.3626428954" lon="-72.6241331734"><ele>110.47</ele><time>2024-09-14T00:59:46Z</time></trkpt><trkpt lat="-39.3627321627" lon="-72.6241408009"><ele>110.55</ele><time>2024-09-14T00:59:47Z</time></trkpt><trkpt lat="-39.3628192507" lon="-72.6241437346"><ele>110.56</ele><time>2024-09-14T00:59:48Z</time></trkpt><trkpt lat="-39.3635656592" lon="-72.6243088581"><ele>111.38</ele><time>2024-09-14T00:59:57Z</time></trkpt><trkpt lat="-39.3636232428" lon="-72.6243534498"><ele>111.44</ele><time>2024-09-14T00:59:58Z</time></trkpt><trkpt lat="-39.3636728637" lon="-72.6244047470"><ele>111.41</ele><time>2024-09-14T00:59:59Z</time></trkpt><trkpt lat="-39.3637082353" lon="-72.6244530268"><ele>111.48</ele><time>2024-09-14T01:00:00Z</time></trkpt><trkpt lat="-39.3637325428" lon="-72.6244925894"><ele>111.23</ele><time>2024-09-14T01:00:01Z</time></trkpt><trkpt lat="-39.3637496419" lon="-72.6245264523"><ele>111.19</ele><time>2024-09-14T01:00:02Z</time></trkpt><trkpt lat="-39.3637729436" lon="-72.6245947648"><ele>111.13</ele><time>2024-09-14T01:00:12Z</time></trkpt><trkpt lat="-39.3638073094" lon="-72.6246097684"><ele>111.21</ele><time>2024-09-14T01:00:26Z</time></trkpt><trkpt lat="-39.3638398312" lon="-72.6245914958"><ele>111.44</ele><time>2024-09-14T01:00:28Z</time></trkpt><trkpt lat="-39.3638530746" lon="-72.6245594770"><ele>111.39</ele><time>2024-09-14T01:00:29Z</time></trkpt><trkpt lat="-39.3638638034" lon="-72.6245158073"><ele>111.41</ele><time>2024-09-14T01:00:30Z</time></trkpt><trkpt lat="-39.3638646416" lon="-72.6244599000"><ele>111.22</ele><time>2024-09-14T01:00:31Z</time></trkpt><trkpt lat="-39.3638650607" lon="-72.6243987959"><ele>110.97</ele><time>2024-09-14T01:00:32Z</time></trkpt><trkpt lat="-39.3638580199" lon="-72.6239701454"><ele>109.30</ele><time>2024-09-14T01:00:39Z</time></trkpt><trkpt lat="-39.3638379872" lon="-72.6239223685"><ele>109.39</ele><time>2024-09-14T01:00:40Z</time></trkpt><trkpt lat="-39.3638093211" lon="-72.6238805428"><ele>109.45</ele><time>2024-09-14T01:00:41Z</time></trkpt><trkpt lat="-39.3637744524" lon="-72.6238429919"><ele>109.43</ele><time>2024-09-14T01:00:42Z</time></trkpt><trkpt lat="-39.3637342192" lon="-72.6238072012"><ele>109.52</ele><time>2024-09-14T01:00:43Z</time></trkpt><trkpt lat="-39.3636907171" lon="-72.6237699017"><ele>109.47</ele><time>2024-09-14T01:00:44Z</time></trkpt><trkpt lat="-39.3632531818" lon="-72.6233613677"><ele>109.60</ele><time>2024-09-14T01:00:55Z</time></trkpt><trkpt lat="-39.3632273655" lon="-72.6233102381"><ele>109.69</ele><time>2024-09-14T01:00:56Z</time></trkpt><trkpt lat="-39.3632157985" lon="-72.6232450269"><ele>109.67</ele><time>2024-09-14T01:00:57Z</time></trkpt><trkpt lat="-39.3631970230" lon="-72.6230099984"><ele>109.78</ele><time>2024-09-14T01:01:00Z</time></trkpt><trkpt lat="-39.3631882221" lon="-72.6229262631"><ele>109.93</ele><time>2024-09-14T01:01:01Z</time></trkpt><trkpt lat="-39.3632025551" lon="-72.6222916692"><ele>109.86</ele><time>2024-09-14T01:01:11Z</time></trkpt><trkpt lat="-39.3632205762" lon="-72.6222685352"><ele>109.97</ele><time>2024-09-14T01:01:12Z</time></trkpt><trkpt lat="-39.3632414471" lon="-72.6222579740"><ele>109.92</ele><time>2024-09-14T01:01:13Z</time></trkpt><trkpt lat="-39.3632587977" lon="-72.6222536154"><ele>109.93</ele><time>2024-09-14T01:01:14Z</time></trkpt><trkpt lat="-39.3632765673" lon="-72.6222549565"><ele>109.88</ele><time>2024-09-14T01:01:15Z</time></trkpt><trkpt lat="-39.3632981088" lon="-72.6222633384"><ele>109.93</ele><time>2024-09-14T01:01:16Z</time></trkpt><trkpt lat="-39.3633221649" lon="-72.6222775038"><ele>110.11</ele><time>2024-09-14T01:01:17Z</time></trkpt><trkpt lat="-39.3633478135" lon="-72.6222974528"><ele>109.99</ele><time>2024-09-14T01:01:18Z</time></trkpt><trkpt lat="-39.3633737974" lon="-72.6223194972"><ele>110.17</ele><time>2024-09-14T01:01:19Z</time></trkpt><trkpt lat="-39.3635461293" lon="-72.6224034838"><ele>110.05</ele><time>2024-09-14T01:01:31Z</time></trkpt><trkpt lat="-39.3635515776" lon="-72.6223745663"><ele>110.08</ele><time>2024-09-14T01:01:33Z</time></trkpt><trkpt lat="-39.3635483924" lon="-72.6223536953"><ele>110.13</ele><time>2024-09-14T01:01:34Z</time></trkpt><trkpt lat="-39.3635447044" lon="-72.6223266218"><ele>110.11</ele><time>2024-09-14T01:01:35Z</time></trkpt><trkpt lat="-39.3635464646" lon="-72.6220459957"><ele>110.35</ele><time>2024-09-14T01:01:42Z</time></trkpt><trkpt lat="-39.3635489792" lon="-72.6220003981"><ele>110.38</ele><time>2024-09-14T01:01:43Z</time></trkpt><trkpt lat="-39.3635499012" lon="-72.6219609194"><ele>110.35</ele><time>2024-09-14T01:01:44Z</time></trkpt><trkpt lat="-39.3635663297" lon="-72.6214528922"><ele>110.61</ele><time>2024-09-14T01:01:57Z</time></trkpt><trkpt lat="-39.3635623064" lon="-72.6214268245"><ele>110.64</ele><time>2024-09-14T01:01:58Z</time></trkpt><trkpt lat="-39.3635523319" lon="-72.6214004215"><ele>110.58</ele><time>2024-09-14T01:01:59Z</time></trkpt><trkpt lat="-39.3635338917" lon="-72.6213760301"><ele>110.66</ele><time>2024-09-14T01:02:00Z</time></trkpt><trkpt lat="-39.3635069858" lon="-72.6213511359"><ele>110.71</ele><time>2024-09-14T01:02:01Z</time></trkpt><trkpt lat="-39.3634759728" lon="-72.6213243976"><ele>110.70</ele><time>2024-09-14T01:02:02Z</time></trkpt><trkpt lat="-39.3634435348" lon="-72.6212974079"><ele>110.58</ele><time>2024-09-14T01:02:03Z</time></trkpt><trkpt lat="-39.3632650841" lon="-72.6211893652"><ele>110.33</ele><time>2024-09-14T01:02:12Z</time></trkpt><trkpt lat="-39.3632489908" lon="-72.6212022733"><ele>110.26</ele><time>2024-09-14T01:02:13Z</time></trkpt><trkpt lat="-39.3632328976" lon="-72.6212256588"><ele>110.35</ele><time>2024-09-14T01:02:14Z</time></trkpt><trkpt lat="-39.3632220849" lon="-72.6212662272"><ele>110.26</ele><time>2024-09-14T01:02:15Z</time></trkpt><trkpt lat="-39.3632178940" lon="-72.6213017665"><ele>110.39</ele><time>2024-09-14T01:02:16Z</time></trkpt><trkpt lat="-39.3632201571" lon="-72.6213440951"><ele>110.29</ele><time>2024-09-14T01:02:17Z</time></trkpt><trkpt lat="-39.3632217497" lon="-72.6213906147"><ele>110.29</ele><time>2024-09-14T01:02:18Z</time></trkpt><trkpt lat="-39.3632215820" lon="-72.6214418281"><ele>110.27</ele><time>2024-09-14T01:02:19Z</time></trkpt><trkpt lat="-39.3631829415" lon="-72.6217051037"><ele>110.30</ele><time>2024-09-14T01:02:25Z</time></trkpt><trkpt lat="-39.3631632440" lon="-72.6217201911"><ele>110.31</ele><time>2024-09-14T01:02:26Z</time></trkpt><trkpt lat="-39.3631380145" lon="-72.6217271481"><ele>110.29</ele><time>2024-09-14T01:02:27Z</time></trkpt><trkpt lat="-39.3631043192" lon="-72.6217300817"><ele>110.25</ele><time>2024-09-14T01:02:28Z</time></trkpt><trkpt lat="-39.3630646728" lon="-72.6217299979"><ele>110.39</ele><time>2024-09-14T01:02:29Z</time></trkpt><trkpt lat="-39.3630235177" lon="-72.6217279024"><ele>110.39</ele><time>2024-09-14T01:02:30Z</time></trkpt><trkpt lat="-39.3625931907" lon="-72.6217330154"><ele>110.46</ele><time>2024-09-14T01:02:42Z</time></trkpt><trkpt lat="-39.3625675421" lon="-72.6217681356"><ele>110.58</ele><time>2024-09-14T01:02:44Z</time></trkpt><trkpt lat="-39.3625618424" lon="-72.6218031719"><ele>110.56</ele><time>2024-09-14T01:02:45Z</time></trkpt><trkpt lat="-39.3624627683" lon="-72.6219720673"><ele>110.81</ele><time>2024-09-14T01:02:50Z</time></trkpt><trkpt lat="-39.3624216970" lon="-72.6219812874"><ele>110.77</ele><time>2024-09-14T01:02:51Z</time></trkpt><trkpt lat="-39.3620390631" lon="-72.6220540423"><ele>110.83</ele><time>2024-09-14T01:02:59Z</time></trkpt><trkpt lat="-39.3620093074" lon="-72.6220352668"><ele>110.71</ele><time>2024-09-14T01:03:00Z</time></trkpt><trkpt lat="-39.3619912863" lon="-72.6220162399"><ele>110.73</ele><time>2024-09-14T01:03:01Z</time></trkpt><trkpt lat="-39.3619522266" lon="-72.6219558064"><ele>110.34</ele><time>2024-09-14T01:03:15Z</time></trkpt><trkpt lat="-39.3617968261" lon="-72.6217267290"><ele>110.37</ele><time>2024-09-14T01:03:23Z</time></trkpt><trkpt lat="-39.3618003465" lon="-72.6216944586"><ele>110.51</ele><time>2024-09-14T01:03:24Z</time></trkpt><trkpt lat="-39.3618133385" lon="-72.6216620207"><ele>110.24</ele><time>2024-09-14T01:03:25Z</time></trkpt><trkpt lat="-39.3618371431" lon="-72.6216368750"><ele>110.36</ele><time>2024-09-14T01:03:26Z</time></trkpt><trkpt lat="-39.3618678208" lon="-72.6216189377"><ele>110.23</ele><time>2024-09-14T01:03:27Z</time></trkpt><trkpt lat="-39.3619019352" lon="-72.6216056943"><ele>110.26</ele><time>2024-09-14T01:03:28Z</time></trkpt><trkpt lat="-39.3619401567" lon="-72.6215951331"><ele>110.30</ele><time>2024-09-14T01:03:29Z</time></trkpt><trkpt lat="-39.3624255527" lon="-72.6214929577"><ele>110.53</ele><time>2024-09-14T01:03:41Z</time></trkpt><trkpt lat="-39.3625609204" lon="-72.6212928817"><ele>110.67</ele><time>2024-09-14T01:03:50Z</time></trkpt><trkpt lat="-39.3625616748" lon="-72.6212269161"><ele>110.58</ele><time>2024-09-14T01:03:51Z</time></trkpt><trkpt lat="-39.3625636026" lon="-72.6206229161"><ele>110.61</ele><time>2024-09-14T01:03:59Z</time></trkpt><trkpt lat="-39.3625777680" lon="-72.6205711160"><ele>110.55</ele><time>2024-09-14T01:04:00Z</time></trkpt><trkpt lat="-39.3626018241" lon="-72.6205333974"><ele>110.43</ele><time>2024-09-14T01:04:01Z</time></trkpt><trkpt lat="-39.3626348488" lon="-72.6205154601"><ele>110.40</ele><time>2024-09-14T01:04:02Z</time></trkpt><trkpt lat="-39.3626765069" lon="-72.6205093414"><ele>110.39</ele><time>2024-09-14T01:04:03Z</time></trkpt><trkpt lat="-39.3627267145" lon="-72.6205090061"><ele>110.35</ele><time>2024-09-14T01:04:04Z</time></trkpt><trkpt lat="-39.3627837114" lon="-72.6205105148"><ele>110.38</ele><time>2024-09-14T01:04:05Z</time></trkpt><trkpt lat="-39.3636674993" lon="-72.6205699425"><ele>110.89</ele><time>2024-09-14T01:04:20Z</time></trkpt><trkpt lat="-39.3639577646" lon="-72.6205820125"><ele>110.76</ele><time>2024-09-14T01:04:28Z</time></trkpt><trkpt lat="-39.3639750313" lon="-72.6205674279"><ele>110.80</ele><time>2024-09-14T01:04:29Z</time></trkpt><trkpt lat="-39.3639921304" lon="-72.6205348223"><ele>110.78</ele><time>2024-09-14T01:04:30Z</time></trkpt><trkpt lat="-39.3640052900" lon="-72.6204849500"><ele>110.98</ele><time>2024-09-14T01:04:31Z</time></trkpt><trkpt lat="-39.3640131690" lon="-72.6204167213"><ele>111.05</ele><time>2024-09-14T01:04:32Z</time></trkpt><trkpt lat="-39.3640195392" lon="-72.6203456428"><ele>111.15</ele><time>2024-09-14T01:04:33Z</time></trkpt><trkpt lat="-39.3639989197" lon="-72.6201369334"><ele>111.21</ele><time>2024-09-14T01:04:37Z</time></trkpt><trkpt lat="-39.3639751151" lon="-72.6201143023"><ele>111.06</ele><time>2024-09-14T01:04:38Z</time></trkpt><trkpt lat="-39.3639420066" lon="-72.6201005559"><ele>111.22</ele><time>2024-09-14T01:04:39Z</time></trkpt><trkpt lat="-39.3638998456" lon="-72.6200957783"><ele>111.23</ele><time>2024-09-14T01:04:40Z</time></trkpt><trkpt lat="-39.3638507277" lon="-72.6200937666"><ele>111.24</ele><time>2024-09-14T01:04:41Z</time></trkpt><trkpt lat="-39.3632778246" lon="-72.6200947724"><ele>111.62</ele><time>2024-09-14T01:04:53Z</time></trkpt><trkpt lat="-39.3626908399" lon="-72.6200905815"><ele>110.46</ele><time>2024-09-14T01:05:06Z</time></trkpt><trkpt lat="-39.3626392912" lon="-72.6200227719"><ele>110.14</ele><time>2024-09-14T01:05:09Z</time></trkpt><trkpt lat="-39.3626335077" lon="-72.6199716423"><ele>110.12</ele><time>2024-09-14T01:05:10Z</time></trkpt><trkpt lat="-39.3626314122" lon="-72.6199105382"><ele>110.22</ele><time>2024-09-14T01:05:11Z</time></trkpt><trkpt lat="-39.3626508582" lon="-72.6197092887"><ele>110.21</ele><time>2024-09-14T01:05:14Z</time></trkpt><trkpt lat="-39.3626774289" lon="-72.6196645293"><ele>110.23</ele><time>2024-09-14T01:05:15Z</time></trkpt><trkpt lat="-39.3627117109" lon="-72.6196367852"><ele>110.26</ele><time>2024-09-14T01:05:16Z</time></trkpt><trkpt lat="-39.3627563026" lon="-72.6196285710"><ele>110.38</ele><time>2024-09-14T01:05:17Z</time></trkpt><trkpt lat="-39.3628119584" lon="-72.6196265593"><ele>110.35</ele><time>2024-09-14T01:05:18Z</time></trkpt><trkpt lat="-39.3634640705" lon="-72.6196288224"><ele>111.11</ele><time>2024-09-14T01:05:28Z</time></trkpt><trkpt lat="-39.3639712594" lon="-72.6196589135"><ele>111.25</ele><time>2024-09-14T01:05:37Z</time></trkpt><trkpt lat="-39.3639962375" lon="-72.6196548063"><ele>111.03</ele><time>2024-09-14T01:05:39Z</time></trkpt><trkpt lat="-39.3640168570" lon="-72.6196377072"><ele>111.02</ele><time>2024-09-14T01:05:40Z</time></trkpt><trkpt lat="-39.3640326988" lon="-72.6196044311"><ele>111.09</ele><time>2024-09-14T01:05:41Z</time></trkpt><trkpt lat="-39.3640402425" lon="-72.6195525471"><ele>111.16</ele><time>2024-09-14T01:05:42Z</time></trkpt><trkpt lat="-39.3640441820" lon="-72.6194844861"><ele>111.30</ele><time>2024-09-14T01:05:43Z</time></trkpt><trkpt lat="-39.3640440982" lon="-72.6194112282"><ele>111.35</ele><time>2024-09-14T01:05:44Z</time></trkpt><trkpt lat="-39.3640340399" lon="-72.6192372199"><ele>111.55</ele><time>2024-09-14T01:05:47Z</time></trkpt><trkpt lat="-39.3640169408" lon="-72.6192090567"><ele>111.64</ele><time>2024-09-14T01:05:48Z</time></trkpt><trkpt lat="-39.3639898673" lon="-72.6191910356"><ele>111.52</ele><time>2024-09-14T01:05:49Z</time></trkpt><trkpt lat="-39.3639544956" lon="-72.6191833243"><ele>111.63</ele><time>2024-09-14T01:05:50Z</time></trkpt><trkpt lat="-39.3639096525" lon="-72.6191789657"><ele>111.67</ele><time>2024-09-14T01:05:51Z</time></trkpt><trkpt lat="-39.3638583552" lon="-72.6191779599"><ele>111.72</ele><time>2024-09-14T01:05:52Z</time></trkpt><trkpt lat="-39.3629701249" lon="-72.6191719249"><ele>110.97</ele><time>2024-09-14T01:06:07Z</time></trkpt><trkpt lat="-39.3627399579" lon="-72.6191154309"><ele>110.61</ele><time>2024-09-14T01:06:15Z</time></trkpt><trkpt lat="-39.3627356831" lon="-72.6190738566"><ele>110.65</ele><time>2024-09-14T01:06:16Z</time></trkpt><trkpt lat="-39.3627428077" lon="-72.6190236490"><ele>110.64</ele><time>2024-09-14T01:06:17Z</time></trkpt><trkpt lat="-39.3627566379" lon="-72.6189715974"><ele>110.72</ele><time>2024-09-14T01:06:18Z</time></trkpt><trkpt lat="-39.3627736531" lon="-72.6189228985"><ele>110.82</ele><time>2024-09-14T01:06:19Z</time></trkpt><trkpt lat="-39.3627925962" lon="-72.6188745350"><ele>110.77</ele><time>2024-09-14T01:06:20Z</time></trkpt><trkpt lat="-39.3628156465" lon="-72.6188315358"><ele>110.82</ele><time>2024-09-14T01:06:21Z</time></trkpt><trkpt lat="-39.3628379423" lon="-72.6187940687"><ele>110.89</ele><time>2024-09-14T01:06:22Z</time></trkpt><trkpt lat="-39.3629404530" lon="-72.6187124290"><ele>110.98</ele><time>2024-09-14T01:06:26Z</time></trkpt><trkpt lat="-39.3629735615" lon="-72.6187146083"><ele>110.93</ele><time>2024-09-14T01:06:27Z</time></trkpt><trkpt lat="-39.3630054966" lon="-72.6187142730"><ele>111.06</ele><time>2024-09-14T01:06:28Z</time></trkpt><trkpt lat="-39.3635352328" lon="-72.6187065616"><ele>111.61</ele><time>2024-09-14T01:06:39Z</time></trkpt><trkpt lat="-39.3638883624" lon="-72.6187143568"><ele>112.10</ele><time>2024-09-14T01:06:46Z</time></trkpt><trkpt lat="-39.3640326988" lon="-72.6187226549"><ele>112.08</ele><time>2024-09-14T01:06:52Z</time></trkpt><trkpt lat="-39.3640477024" lon="-72.6186954137"><ele>111.97</ele><time>2024-09-14T01:06:53Z</time></trkpt><trkpt lat="-39.3640583474" lon="-72.6186555997"><ele>112.12</ele><time>2024-09-14T01:06:54Z</time></trkpt><trkpt lat="-39.3640642148" lon="-72.6186141092"><ele>112.16</ele><time>2024-09-14T01:06:55Z</time></trkpt><trkpt lat="-39.3640685733" lon="-72.6185723674"><ele>112.17</ele><time>2024-09-14T01:06:56Z</time></trkpt><trkpt lat="-39.3640701659" lon="-72.6185276918"><ele>112.02</ele><time>2024-09-14T01:06:57Z</time></trkpt><trkpt lat="-39.3640720099" lon="-72.6184778195"><ele>112.11</ele><time>2024-09-14T01:06:58Z</time></trkpt><trkpt lat="-39.3640738539" lon="-72.6184338145"><ele>112.07</ele><time>2024-09-14T01:06:59Z</time></trkpt><trkpt lat="-39.3640657235" lon="-72.6183543541"><ele>112.00</ele><time>2024-09-14T01:07:04Z</time></trkpt><trkpt lat="-39.3640259933" lon="-72.6183004584"><ele>112.33</ele><time>2024-09-14T01:07:07Z</time></trkpt><trkpt lat="-39.3639966566" lon="-72.6182926632"><ele>112.19</ele><time>2024-09-14T01:07:08Z</time></trkpt><trkpt lat="-39.3639584351" lon="-72.6182900649"><ele>112.13</ele><time>2024-09-14T01:07:09Z</time></trkpt><trkpt lat="-39.3635029625" lon="-72.6182867121"><ele>111.87</ele><time>2024-09-14T01:07:18Z</time></trkpt><trkpt lat="-39.3634514138" lon="-72.6182897296"><ele>111.70</ele><time>2024-09-14T01:07:23Z</time></trkpt><trkpt lat="-39.3634323869" lon="-72.6182877179"><ele>111.69</ele><time>2024-09-14T01:07:24Z</time></trkpt><trkpt lat="-39.3634051457" lon="-72.6182856224"><ele>111.71</ele><time>2024-09-14T01:07:25Z</time></trkpt><trkpt lat="-39.3631778285" lon="-72.6182694454"><ele>111.46</ele><time>2024-09-14T01:07:33Z</time></trkpt><trkpt lat="-39.3631667644" lon="-72.6182486583"><ele>111.55</ele><time>2024-09-14T01:07:34Z</time></trkpt><trkpt lat="-39.3631572090" lon="-72.6182207465"><ele>111.43</ele><time>2024-09-14T01:07:35Z</time></trkpt><trkpt lat="-39.3631574605" lon="-72.6181867998"><ele>111.49</ele><time>2024-09-14T01:07:36Z</time></trkpt><trkpt lat="-39.3631671835" lon="-72.6181466505"><ele>111.52</ele><time>2024-09-14T01:07:37Z</time></trkpt><trkpt lat="-39.3631857075" lon="-72.6181034837"><ele>111.62</ele><time>2024-09-14T01:07:38Z</time></trkpt><trkpt lat="-39.3632082548" lon="-72.6180541981"><ele>111.62</ele><time>2024-09-14T01:07:39Z</time></trkpt><trkpt lat="-39.3634867016" lon="-72.6178231928"><ele>112.10</ele><time>2024-09-14T01:07:48Z</time></trkpt><trkpt lat="-39.3635444529" lon="-72.6178265456"><ele>112.24</ele><time>2024-09-14T01:07:49Z</time></trkpt><trkpt lat="-39.3640076369" lon="-72.6178484224"><ele>112.66</ele><time>2024-09-14T01:07:59Z</time></trkpt><trkpt lat="-39.3640356325" lon="-72.6178358495"><ele>112.48</ele><time>2024-09-14T01:08:05Z</time></trkpt><trkpt lat="-39.3640675675" lon="-72.6177368592"><ele>112.61</ele><time>2024-09-14T01:08:08Z</time></trkpt><trkpt lat="-39.3640757818" lon="-72.6176792756"><ele>112.66</ele><time>2024-09-14T01:08:09Z</time></trkpt><trkpt lat="-39.3640769552" lon="-72.6176161598"><ele>112.71</ele><time>2024-09-14T01:08:10Z</time></trkpt><trkpt lat="-39.3640470318" lon="-72.6174450852"><ele>112.76</ele><time>2024-09-14T01:08:14Z</time></trkpt><trkpt lat="-39.3640228920" lon="-72.6174264774"><ele>112.67</ele><time>2024-09-14T01:08:15Z</time></trkpt><trkpt lat="-39.3639941420" lon="-72.6174149942"><ele>112.75</ele><time>2024-09-14T01:08:16Z</time></trkpt><trkpt lat="-39.3639573455" lon="-72.6174074505"><ele>112.80</ele><time>2024-09-14T01:08:17Z</time></trkpt><trkpt lat="-39.3639130052" lon="-72.6174030919"><ele>112.87</ele><time>2024-09-14T01:08:18Z</time></trkpt><trkpt lat="-39.3638595287" lon="-72.6174031757"><ele>112.82</ele><time>2024-09-14T01:08:19Z</time></trkpt><trkpt lat="-39.3637995981" lon="-72.6174040139"><ele>112.77</ele><time>2024-09-14T01:08:20Z</time></trkpt><trkpt lat="-39.3635219056" lon="-72.6173680555"><ele>112.46</ele><time>2024-09-14T01:08:28Z</time></trkpt><trkpt lat="-39.3635126017" lon="-72.6173293311"><ele>112.39</ele><time>2024-09-14T01:08:29Z</time></trkpt><trkpt lat="-39.3635114282" lon="-72.6172854938"><ele>112.27</ele><time>2024-09-14T01:08:30Z</time></trkpt><trkpt lat="-39.3635203131" lon="-72.6172348671"><ele>112.40</ele><time>2024-09-14T01:08:31Z</time></trkpt><trkpt lat="-39.3635400105" lon="-72.6171758585"><ele>112.37</ele><time>2024-09-14T01:08:32Z</time></trkpt><trkpt lat="-39.3635610491" lon="-72.6171153411"><ele>112.75</ele><time>2024-09-14T01:08:33Z</time></trkpt><trkpt lat="-39.3635840155" lon="-72.6170596015"><ele>112.69</ele><time>2024-09-14T01:08:34Z</time></trkpt><trkpt lat="-39.3636109214" lon="-72.6170114893"><ele>112.61</ele><time>2024-09-14T01:08:35Z</time></trkpt><trkpt lat="-39.3636441138" lon="-72.6169715915"><ele>112.67</ele><time>2024-09-14T01:08:36Z</time></trkpt><trkpt lat="-39.3636789825" lon="-72.6169470325"><ele>112.63</ele><time>2024-09-14T01:08:37Z</time></trkpt><trkpt lat="-39.3637158629" lon="-72.6169328671"><ele>112.71</ele><time>2024-09-14T01:08:38Z</time></trkpt><trkpt lat="-39.3637560960" lon="-72.6169242337"><ele>112.82</ele><time>2024-09-14T01:08:39Z</time></trkpt><trkpt lat="-39.3638008554" lon="-72.6169205457"><ele>112.83</ele><time>2024-09-14T01:08:40Z</time></trkpt><trkpt lat="-39.3638467882" lon="-72.6169183664"><ele>112.82</ele><time>2024-09-14T01:08:41Z</time></trkpt><trkpt lat="-39.3639927171" lon="-72.6169428416"><ele>113.04</ele><time>2024-09-14T01:08:44Z</time></trkpt><trkpt lat="-39.3640309386" lon="-72.6169614494"><ele>113.07</ele><time>2024-09-14T01:08:45Z</time></trkpt><trkpt lat="-39.3640636280" lon="-72.6169974916"><ele>113.13</ele><time>2024-09-14T01:08:46Z</time></trkpt><trkpt lat="-39.3640873488" lon="-72.6170514710"><ele>113.03</ele><time>2024-09-14T01:08:47Z</time></trkpt><trkpt lat="-39.3640969042" lon="-72.6171217114"><ele>113.11</ele><time>2024-09-14T01:08:48Z</time></trkpt><trkpt lat="-39.3640975747" lon="-72.6172046084"><ele>113.14</ele><time>2024-09-14T01:08:49Z</time></trkpt><trkpt lat="-39.3640948087" lon="-72.6172968931"><ele>113.04</ele><time>2024-09-14T01:08:50Z</time></trkpt><trkpt lat="-39.3640437629" lon="-72.6190685760"><ele>112.55</ele><time>2024-09-14T01:09:09Z</time></trkpt><trkpt lat="-39.3640072178" lon="-72.6204975229"><ele>111.68</ele><time>2024-09-14T01:09:25Z</time></trkpt><trkpt lat="-39.3638813216" lon="-72.6206266880"><ele>111.36</ele><time>2024-09-14T01:09:32Z</time></trkpt><trkpt lat="-39.3633445445" lon="-72.6205929928"><ele>111.29</ele><time>2024-09-14T01:09:42Z</time></trkpt><trkpt lat="-39.3632879667" lon="-72.6206284482"><ele>111.23</ele><time>2024-09-14T01:09:44Z</time></trkpt><trkpt lat="-39.3632713705" lon="-72.6206656639"><ele>111.21</ele><time>2024-09-14T01:09:45Z</time></trkpt><trkpt lat="-39.3632644974" lon="-72.6207154524"><ele>111.23</ele><time>2024-09-14T01:09:46Z</time></trkpt><trkpt lat="-39.3632635754" lon="-72.6207709406"><ele>111.19</ele><time>2024-09-14T01:09:47Z</time></trkpt><trkpt lat="-39.3632625695" lon="-72.6208336372"><ele>111.27</ele><time>2024-09-14T01:09:48Z</time></trkpt><trkpt lat="-39.3632605579" lon="-72.6209009439"><ele>111.23</ele><time>2024-09-14T01:09:49Z</time></trkpt><trkpt lat="-39.3632546905" lon="-72.6210236549"><ele>111.21</ele><time>2024-09-14T01:09:51Z</time></trkpt><trkpt lat="-39.3632589653" lon="-72.6210714318"><ele>111.25</ele><time>2024-09-14T01:09:52Z</time></trkpt><trkpt lat="-39.3632691912" lon="-72.6211099885"><ele>111.07</ele><time>2024-09-14T01:09:53Z</time></trkpt><trkpt lat="-39.3632862065" lon="-72.6211407501"><ele>110.99</ele><time>2024-09-14T01:09:54Z</time></trkpt><trkpt lat="-39.3633098435" lon="-72.6211684104"><ele>110.98</ele><time>2024-09-14T01:09:55Z</time></trkpt><trkpt lat="-39.3633415271" lon="-72.6211959869"><ele>111.10</ele><time>2024-09-14T01:09:56Z</time></trkpt><trkpt lat="-39.3633773178" lon="-72.6212250721"><ele>111.20</ele><time>2024-09-14T01:09:57Z</time></trkpt><trkpt lat="-39.3638815731" lon="-72.6216499507"><ele>111.02</ele><time>2024-09-14T01:10:10Z</time></trkpt><trkpt lat="-39.3639259133" lon="-72.6221136376"><ele>110.87</ele><time>2024-09-14T01:10:20Z</time></trkpt><trkpt lat="-39.3638959061" lon="-72.6237806305"><ele>110.56</ele><time>2024-09-14T01:10:37Z</time></trkpt><trkpt lat="-39.3638612889" lon="-72.6245623268"><ele>111.95</ele><time>2024-09-14T01:10:48Z</time></trkpt><trkpt lat="-39.3638579361" lon="-72.6245617401"><ele>111.91</ele><time>2024-09-14T01:10:53Z</time></trkpt><trkpt lat="-39.3638553377" lon="-72.6246541087"><ele>112.24</ele><time>2024-09-14T01:10:56Z</time></trkpt><trkpt lat="-39.3638715148" lon="-72.6247026399"><ele>112.29</ele><time>2024-09-14T01:10:57Z</time></trkpt><trkpt lat="-39.3639021087" lon="-72.6247599721"><ele>112.23</ele><time>2024-09-14T01:10:58Z</time></trkpt><trkpt lat="-39.3639416713" lon="-72.6248220820"><ele>112.38</ele><time>2024-09-14T01:10:59Z</time></trkpt><trkpt lat="-39.3639841676" lon="-72.6248870417"><ele>112.43</ele><time>2024-09-14T01:11:00Z</time></trkpt><trkpt lat="-39.3641650490" lon="-72.6251802407"><ele>112.27</ele><time>2024-09-14T01:11:05Z</time></trkpt><trkpt lat="-39.3641946372" lon="-72.6252093259"><ele>112.30</ele><time>2024-09-14T01:11:06Z</time></trkpt><trkpt lat="-39.3642233871" lon="-72.6252167020"><ele>112.26</ele><time>2024-09-14T01:11:07Z</time></trkpt><trkpt lat="-39.3642484490" lon="-72.6252045482"><ele>112.18</ele><time>2024-09-14T01:11:08Z</time></trkpt><trkpt lat="-39.3642678950" lon="-72.6251735352"><ele>112.12</ele><time>2024-09-14T01:11:09Z</time></trkpt><trkpt lat="-39.3642802164" lon="-72.6251327991"><ele>111.95</ele><time>2024-09-14T01:11:10Z</time></trkpt><trkpt lat="-39.3642875925" lon="-72.6250799932"><ele>111.83</ele><time>2024-09-14T01:11:11Z</time></trkpt><trkpt lat="-39.3642889336" lon="-72.6250148658"><ele>111.50</ele><time>2024-09-14T01:11:12Z</time></trkpt><trkpt lat="-39.3642895203" lon="-72.6249421947"><ele>111.25</ele><time>2024-09-14T01:11:13Z</time></trkpt><trkpt lat="-39.3643212877" lon="-72.6233968232"><ele>111.83</ele><time>2024-09-14T01:11:30Z</time></trkpt><trkpt lat="-39.3643467687" lon="-72.6225081738"><ele>111.64</ele><time>2024-09-14T01:11:42Z</time></trkpt><trkpt lat="-39.3643559888" lon="-72.6224293839"><ele>111.60</ele><time>2024-09-14T01:11:43Z</time></trkpt><trkpt lat="-39.3643889297" lon="-72.6209931448"><ele>111.49</ele><time>2024-09-14T01:11:58Z</time></trkpt><trkpt lat="-39.3644137401" lon="-72.6208659913"><ele>111.61</ele><time>2024-09-14T01:11:59Z</time></trkpt><trkpt lat="-39.3644284084" lon="-72.6207253430"><ele>111.57</ele><time>2024-09-14T01:12:00Z</time></trkpt><trkpt lat="-39.3644344434" lon="-72.6205465570"><ele>111.77</ele><time>2024-09-14T01:12:02Z</time></trkpt><trkpt lat="-39.3644383829" lon="-72.6204501651"><ele>111.74</ele><time>2024-09-14T01:12:03Z</time></trkpt><trkpt lat="-39.3644291628" lon="-72.6203543600"><ele>111.63</ele><time>2024-09-14T01:12:04Z</time></trkpt><trkpt lat="-39.3644309230" lon="-72.6180553716"><ele>111.50</ele><time>2024-09-14T01:12:29Z</time></trkpt><trkpt lat="-39.3644455075" lon="-72.6162859518"><ele>113.21</ele><time>2024-09-14T01:12:47Z</time></trkpt><trkpt lat="-39.3644463457" lon="-72.6150245592"><ele>116.35</ele><time>2024-09-14T01:12:59Z</time></trkpt><trkpt lat="-39.3644652888" lon="-72.6143437810"><ele>119.71</ele><time>2024-09-14T01:13:06Z</time></trkpt><trkpt lat="-39.3644885905" lon="-72.6137565449"><ele>121.11</ele><time>2024-09-14T01:13:12Z</time></trkpt><trkpt lat="-39.3645681348" lon="-72.6134052593"><ele>122.47</ele><time>2024-09-14T01:13:16Z</time></trkpt><trkpt lat="-39.3645942863" lon="-72.6127932128"><ele>125.96</ele><time>2024-09-14T01:13:23Z</time></trkpt><trkpt lat="-39.3646125589" lon="-72.6119906455"><ele>127.36</ele><time>2024-09-14T01:13:32Z</time></trkpt><trkpt lat="-39.3647604994" lon="-72.6117433794"><ele>127.90</ele><time>2024-09-14T01:13:37Z</time></trkpt><trkpt lat="-39.3653936684" lon="-72.6113915909"><ele>131.26</ele><time>2024-09-14T01:13:48Z</time></trkpt><trkpt lat="-39.3655334786" lon="-72.6115540322"><ele>132.06</ele><time>2024-09-14T01:13:54Z</time></trkpt><trkpt lat="-39.3655308802" lon="-72.6118602231"><ele>132.23</ele><time>2024-09-14T01:14:01Z</time></trkpt><trkpt lat="-39.3655280303" lon="-72.6118209120"><ele>132.21</ele><time>2024-09-14T01:14:06Z</time></trkpt><trkpt lat="-39.3654712848" lon="-72.6118865423"><ele>132.24</ele><time>2024-09-14T01:14:10Z</time></trkpt><trkpt lat="-39.3649484217" lon="-72.6122002769"><ele>128.99</ele><time>2024-09-14T01:14:22Z</time></trkpt><trkpt lat="-39.3646238744" lon="-72.6123924740"><ele>126.86</ele><time>2024-09-14T01:14:33Z</time></trkpt><trkpt lat="-39.3645824678" lon="-72.6127704140"><ele>126.57</ele><time>2024-09-14T01:14:42Z</time></trkpt><trkpt lat="-39.3647404667" lon="-72.6127832383"><ele>127.22</ele><time>2024-09-14T01:14:51Z</time></trkpt><trkpt lat="-39.3651747331" lon="-72.6125421748"><ele>130.34</ele><time>2024-09-14T01:15:03Z</time></trkpt><trkpt lat="-39.3653268646" lon="-72.6124251634"><ele>131.65</ele><time>2024-09-14T01:15:13Z</time></trkpt><trkpt lat="-39.3653677683" lon="-72.6123928931"><ele>131.90</ele><time>2024-09-14T01:15:16Z</time></trkpt><trkpt lat="-39.3654934131" lon="-72.6125394087"><ele>131.61</ele><time>2024-09-14T01:15:25Z</time></trkpt><trkpt lat="-39.3654757272" lon="-72.6128068753"><ele>129.90</ele><time>2024-09-14T01:15:30Z</time></trkpt><trkpt lat="-39.3650782574" lon="-72.6130804606"><ele>127.40</ele><time>2024-09-14T01:15:40Z</time></trkpt><trkpt lat="-39.3646440748" lon="-72.6133361924"><ele>124.40</ele><time>2024-09-14T01:15:50Z</time></trkpt><trkpt lat="-39.3645788636" lon="-72.6133907586"><ele>123.83</ele><time>2024-09-14T01:15:53Z</time></trkpt><trkpt lat="-39.3644395564" lon="-72.6137932576"><ele>121.78</ele><time>2024-09-14T01:16:02Z</time></trkpt><trkpt lat="-39.3644424062" lon="-72.6138106920"><ele>121.75</ele><time>2024-09-14T01:16:03Z</time></trkpt><trkpt lat="-39.3646595813" lon="-72.6138104405"><ele>122.51</ele><time>2024-09-14T01:16:10Z</time></trkpt><trkpt lat="-39.3651919998" lon="-72.6135055069"><ele>126.71</ele><time>2024-09-14T01:16:18Z</time></trkpt><trkpt lat="-39.3656576984" lon="-72.6132552233"><ele>129.40</ele><time>2024-09-14T01:16:25Z</time></trkpt><trkpt lat="-39.3659137655" lon="-72.6128520537"><ele>132.23</ele><time>2024-09-14T01:16:32Z</time></trkpt><trkpt lat="-39.3659182079" lon="-72.6127733476"><ele>132.35</ele><time>2024-09-14T01:16:33Z</time></trkpt><trkpt lat="-39.3659353070" lon="-72.6118235104"><ele>130.74</ele><time>2024-09-14T01:16:47Z</time></trkpt><trkpt lat="-39.3660109118" lon="-72.6118283719"><ele>129.81</ele><time>2024-09-14T01:16:50Z</time></trkpt><trkpt lat="-39.3660484627" lon="-72.6118642464"><ele>129.52</ele><time>2024-09-14T01:16:51Z</time></trkpt><trkpt lat="-39.3664499559" lon="-72.6122550946"><ele>126.51</ele><time>2024-09-14T01:16:58Z</time></trkpt><trkpt lat="-39.3669151515" lon="-72.6125748642"><ele>123.37</ele><time>2024-09-14T01:17:05Z</time></trkpt><trkpt lat="-39.3673610687" lon="-72.6128470246"><ele>120.23</ele><time>2024-09-14T01:17:13Z</time></trkpt><trkpt lat="-39.3678721972" lon="-72.6132292394"><ele>117.09</ele><time>2024-09-14T01:17:22Z</time></trkpt><trkpt lat="-39.3679844309" lon="-72.6134143956"><ele>115.95</ele><time>2024-09-14T01:17:27Z</time></trkpt><trkpt lat="-39.3679697625" lon="-72.6134521142"><ele>116.07</ele><time>2024-09-14T01:17:28Z</time></trkpt><trkpt lat="-39.3679415993" lon="-72.6134912577"><ele>115.75</ele><time>2024-09-14T01:17:29Z</time></trkpt><trkpt lat="-39.3679033779" lon="-72.6135333348"><ele>115.65</ele><time>2024-09-14T01:17:30Z</time></trkpt><trkpt lat="-39.3678599596" lon="-72.6135748252"><ele>115.49</ele><time>2024-09-14T01:17:31Z</time></trkpt><trkpt lat="-39.3678183854" lon="-72.6136127114"><ele>115.24</ele><time>2024-09-14T01:17:32Z</time></trkpt><trkpt lat="-39.3677001167" lon="-72.6137178205"><ele>114.54</ele><time>2024-09-14T01:17:36Z</time></trkpt><trkpt lat="-39.3676929083" lon="-72.6137382723"><ele>114.32</ele><time>2024-09-14T01:17:37Z</time></trkpt><trkpt lat="-39.3676931597" lon="-72.6137587242"><ele>114.24</ele><time>2024-09-14T01:17:38Z</time></trkpt><trkpt lat="-39.3676996138" lon="-72.6137816068"><ele>114.23</ele><time>2024-09-14T01:17:39Z</time></trkpt><trkpt lat="-39.3677118514" lon="-72.6138118654"><ele>114.12</ele><time>2024-09-14T01:17:40Z</time></trkpt><trkpt lat="-39.3679086585" lon="-72.6142139453"><ele>114.61</ele><time>2024-09-14T01:17:48Z</time></trkpt><trkpt lat="-39.3679307029" lon="-72.6142560225"><ele>114.73</ele><time>2024-09-14T01:17:49Z</time></trkpt><trkpt lat="-39.3679726124" lon="-72.6143979281"><ele>114.64</ele><time>2024-09-14T01:17:54Z</time></trkpt><trkpt lat="-39.3679572735" lon="-72.6144338027"><ele>114.63</ele><time>2024-09-14T01:17:55Z</time></trkpt><trkpt lat="-39.3679278530" lon="-72.6144738682"><ele>114.69</ele><time>2024-09-14T01:17:56Z</time></trkpt><trkpt lat="-39.3678884581" lon="-72.6145156939"><ele>114.65</ele><time>2024-09-14T01:17:57Z</time></trkpt><trkpt lat="-39.3678428605" lon="-72.6145586092"><ele>114.74</ele><time>2024-09-14T01:17:58Z</time></trkpt><trkpt lat="-39.3677151203" lon="-72.6146434341"><ele>114.50</ele><time>2024-09-14T01:18:02Z</time></trkpt><trkpt lat="-39.3676941656" lon="-72.6146313641"><ele>114.40</ele><time>2024-09-14T01:18:03Z</time></trkpt><trkpt lat="-39.3676758092" lon="-72.6146052964"><ele>114.41</ele><time>2024-09-14T01:18:04Z</time></trkpt><trkpt lat="-39.3674080912" lon="-72.6141112670"><ele>114.40</ele><time>2024-09-14T01:18:14Z</time></trkpt><trkpt lat="-39.3673505913" lon="-72.6140271965"><ele>114.33</ele><time>2024-09-14T01:18:19Z</time></trkpt><trkpt lat="-39.3673334084" lon="-72.6140201557"><ele>114.39</ele><time>2024-09-14T01:18:20Z</time></trkpt><trkpt lat="-39.3673081789" lon="-72.6140205748"><ele>114.59</ele><time>2024-09-14T01:18:21Z</time></trkpt><trkpt lat="-39.3672782555" lon="-72.6140308846"><ele>114.56</ele><time>2024-09-14T01:18:22Z</time></trkpt><trkpt lat="-39.3672441412" lon="-72.6140541863"><ele>114.61</ele><time>2024-09-14T01:18:23Z</time></trkpt><trkpt lat="-39.3672065064" lon="-72.6140867081"><ele>114.64</ele><time>2024-09-14T01:18:24Z</time></trkpt><trkpt lat="-39.3671676144" lon="-72.6141255163"><ele>114.69</ele><time>2024-09-14T01:18:25Z</time></trkpt><trkpt lat="-39.3671284709" lon="-72.6141649950"><ele>114.72</ele><time>2024-09-14T01:18:26Z</time></trkpt><trkpt lat="-39.3669653591" lon="-72.6143240836"><ele>114.86</ele><time>2024-09-14T01:18:30Z</time></trkpt><trkpt lat="-39.3669176660" lon="-72.6143566892"><ele>115.06</ele><time>2024-09-14T01:18:31Z</time></trkpt><trkpt lat="-39.3666210305" lon="-72.6145668235"><ele>116.43</ele><time>2024-09-14T01:18:39Z</time></trkpt><trkpt lat="-39.3666102178" lon="-72.6145927235"><ele>116.45</ele><time>2024-09-14T01:18:40Z</time></trkpt><trkpt lat="-39.3666091282" lon="-72.6146259159"><ele>116.47</ele><time>2024-09-14T01:18:41Z</time></trkpt><trkpt lat="-39.3666219525" lon="-72.6146667358"><ele>116.61</ele><time>2024-09-14T01:18:42Z</time></trkpt><trkpt lat="-39.3666405603" lon="-72.6147106569"><ele>116.46</ele><time>2024-09-14T01:18:43Z</time></trkpt><trkpt lat="-39.3668184243" lon="-72.6150044426"><ele>115.26</ele><time>2024-09-14T01:18:51Z</time></trkpt><trkpt lat="-39.3669545464" lon="-72.6153322589"><ele>114.01</ele><time>2024-09-14T01:19:00Z</time></trkpt><trkpt lat="-39.3669388723" lon="-72.6153677143"><ele>113.95</ele><time>2024-09-14T01:19:01Z</time></trkpt><trkpt lat="-39.3669097871" lon="-72.6154052652"><ele>113.96</ele><time>2024-09-14T01:19:02Z</time></trkpt><trkpt lat="-39.3668699730" lon="-72.6154474262"><ele>114.02</ele><time>2024-09-14T01:19:03Z</time></trkpt><trkpt lat="-39.3668226153" lon="-72.6154928561"><ele>114.08</ele><time>2024-09-14T01:19:04Z</time></trkpt><trkpt lat="-39.3667000718" lon="-72.6156050898"><ele>114.15</ele><time>2024-09-14T01:19:07Z</time></trkpt><trkpt lat="-39.3666725792" lon="-72.6156057604"><ele>113.97</ele><time>2024-09-14T01:19:08Z</time></trkpt><trkpt lat="-39.3666492775" lon="-72.6155905891"><ele>114.06</ele><time>2024-09-14T01:19:09Z</time></trkpt><trkpt lat="-39.3666286580" lon="-72.6155646052"><ele>114.19</ele><time>2024-09-14T01:19:10Z</time></trkpt><trkpt lat="-39.3666116428" lon="-72.6155372802"><ele>114.30</ele><time>2024-09-14T01:19:11Z</time></trkpt><trkpt lat="-39.3663091399" lon="-72.6150150038"><ele>117.35</ele><time>2024-09-14T01:19:22Z</time></trkpt><trkpt lat="-39.3660762906" lon="-72.6146028657"><ele>120.43</ele><time>2024-09-14T01:19:30Z</time></trkpt><trkpt lat="-39.3659959920" lon="-72.6144723594"><ele>120.82</ele><time>2024-09-14T01:19:38Z</time></trkpt><trkpt lat="-39.3656860292" lon="-72.6139468141"><ele>123.93</ele><time>2024-09-14T01:19:48Z</time></trkpt><trkpt lat="-39.3655981030" lon="-72.6138140447"><ele>124.61</ele><time>2024-09-14T01:19:53Z</time></trkpt><trkpt lat="-39.3655742146" lon="-72.6138081774"><ele>124.69</ele><time>2024-09-14T01:19:54Z</time></trkpt><trkpt lat="-39.3655408546" lon="-72.6138149668"><ele>124.60</ele><time>2024-09-14T01:19:55Z</time></trkpt><trkpt lat="-39.3654994480" lon="-72.6138397772"><ele>124.66</ele><time>2024-09-14T01:19:56Z</time></trkpt><trkpt lat="-39.3654530123" lon="-72.6138771605"><ele>124.54</ele><time>2024-09-14T01:19:57Z</time></trkpt><trkpt lat="-39.3654060736" lon="-72.6139189024"><ele>124.72</ele><time>2024-09-14T01:19:58Z</time></trkpt><trkpt lat="-39.3653220031" lon="-72.6140201557"><ele>124.24</ele><time>2024-09-14T01:20:01Z</time></trkpt><trkpt lat="-39.3653188180" lon="-72.6140503306"><ele>124.08</ele><time>2024-09-14T01:20:02Z</time></trkpt><trkpt lat="-39.3653274514" lon="-72.6140843611"><ele>123.97</ele><time>2024-09-14T01:20:03Z</time></trkpt><trkpt lat="-39.3653460592" lon="-72.6141226664"><ele>124.06</ele><time>2024-09-14T01:20:04Z</time></trkpt><trkpt lat="-39.3653715402" lon="-72.6141688507"><ele>123.84</ele><time>2024-09-14T01:20:05Z</time></trkpt><trkpt lat="-39.3656853586" lon="-72.6147032809"><ele>121.11</ele><time>2024-09-14T01:20:16Z</time></trkpt><trkpt lat="-39.3659202196" lon="-72.6150688995"><ele>118.91</ele><time>2024-09-14T01:20:26Z</time></trkpt><trkpt lat="-39.3660301063" lon="-72.6152644493"><ele>117.68</ele><time>2024-09-14T01:20:29Z</time></trkpt><trkpt lat="-39.3662347924" lon="-72.6156371925"><ele>115.67</ele><time>2024-09-14T01:20:35Z</time></trkpt><trkpt lat="-39.3663484510" lon="-72.6159097720"><ele>113.55</ele><time>2024-09-14T01:20:42Z</time></trkpt><trkpt lat="-39.3663305975" lon="-72.6159500051"><ele>113.54</ele><time>2024-09-14T01:20:43Z</time></trkpt><trkpt lat="-39.3662974052" lon="-72.6159905735"><ele>113.49</ele><time>2024-09-14T01:20:44Z</time></trkpt><trkpt lat="-39.3661648035" lon="-72.6161126979"><ele>113.50</ele><time>2024-09-14T01:20:47Z</time></trkpt><trkpt lat="-39.3661336228" lon="-72.6161272824"><ele>113.46</ele><time>2024-09-14T01:20:48Z</time></trkpt><trkpt lat="-39.3661057949" lon="-72.6161253545"><ele>113.65</ele><time>2024-09-14T01:20:49Z</time></trkpt><trkpt lat="-39.3660804816" lon="-72.6161064953"><ele>113.75</ele><time>2024-09-14T01:20:50Z</time></trkpt><trkpt lat="-39.3660568446" lon="-72.6160710398"><ele>113.94</ele><time>2024-09-14T01:20:51Z</time></trkpt><trkpt lat="-39.3660322856" lon="-72.6160236821"><ele>114.18</ele><time>2024-09-14T01:20:52Z</time></trkpt><trkpt lat="-39.3658854347" lon="-72.6158332452"><ele>114.99</ele><time>2024-09-14T01:20:58Z</time></trkpt><trkpt lat="-39.3658533320" lon="-72.6158422139"><ele>115.08</ele><time>2024-09-14T01:20:59Z</time></trkpt><trkpt lat="-39.3658190500" lon="-72.6158645097"><ele>114.99</ele><time>2024-09-14T01:21:00Z</time></trkpt><trkpt lat="-39.3657798227" lon="-72.6158976182"><ele>114.81</ele><time>2024-09-14T01:21:01Z</time></trkpt><trkpt lat="-39.3657366559" lon="-72.6159347501"><ele>114.91</ele><time>2024-09-14T01:21:02Z</time></trkpt><trkpt lat="-39.3655988574" lon="-72.6160885580"><ele>114.72</ele><time>2024-09-14T01:21:07Z</time></trkpt><trkpt lat="-39.3656006176" lon="-72.6161212474"><ele>114.48</ele><time>2024-09-14T01:21:08Z</time></trkpt><trkpt lat="-39.3656140286" lon="-72.6161596365"><ele>114.37</ele><time>2024-09-14T01:21:09Z</time></trkpt><trkpt lat="-39.3656348158" lon="-72.6162012946"><ele>114.28</ele><time>2024-09-14T01:21:10Z</time></trkpt><trkpt lat="-39.3656580336" lon="-72.6162443776"><ele>114.20</ele><time>2024-09-14T01:21:11Z</time></trkpt><trkpt lat="-39.3657245021" lon="-72.6164380834"><ele>113.49</ele><time>2024-09-14T01:21:16Z</time></trkpt><trkpt lat="-39.3657086603" lon="-72.6164825913"><ele>113.40</ele><time>2024-09-14T01:21:17Z</time></trkpt><trkpt lat="-39.3656774797" lon="-72.6165270992"><ele>113.40</ele><time>2024-09-14T01:21:18Z</time></trkpt><trkpt lat="-39.3656361569" lon="-72.6165731158"><ele>113.44</ele><time>2024-09-14T01:21:19Z</time></trkpt><trkpt lat="-39.3655932415" lon="-72.6166160312"><ele>113.41</ele><time>2024-09-14T01:21:20Z</time></trkpt><trkpt lat="-39.3654936645" lon="-72.6166711003"><ele>113.19</ele><time>2024-09-14T01:21:23Z</time></trkpt><trkpt lat="-39.3654670101" lon="-72.6166518219"><ele>113.33</ele><time>2024-09-14T01:21:24Z</time></trkpt><trkpt lat="-39.3654394336" lon="-72.6166164503"><ele>113.40</ele><time>2024-09-14T01:21:25Z</time></trkpt><trkpt lat="-39.3654121086" lon="-72.6165716071"><ele>113.51</ele><time>2024-09-14T01:21:26Z</time></trkpt><trkpt lat="-39.3653858732" lon="-72.6165259257"><ele>113.61</ele><time>2024-09-14T01:21:27Z</time></trkpt><trkpt lat="-39.3650899082" lon="-72.6159782521"><ele>114.65</ele><time>2024-09-14T01:21:38Z</time></trkpt><trkpt lat="-39.3650941830" lon="-72.6159458980"><ele>114.78</ele><time>2024-09-14T01:21:39Z</time></trkpt><trkpt lat="-39.3651111983" lon="-72.6159192435"><ele>114.84</ele><time>2024-09-14T01:21:40Z</time></trkpt><trkpt lat="-39.3651396967" lon="-72.6158932596"><ele>114.76</ele><time>2024-09-14T01:21:41Z</time></trkpt><trkpt lat="-39.3651737273" lon="-72.6158617437"><ele>114.85</ele><time>2024-09-14T01:21:42Z</time></trkpt><trkpt lat="-39.3652127031" lon="-72.6158237737"><ele>115.07</ele><time>2024-09-14T01:21:43Z</time></trkpt><trkpt lat="-39.3658659048" lon="-72.6152326819"><ele>116.84</ele><time>2024-09-14T01:21:57Z</time></trkpt><trkpt lat="-39.3659345526" lon="-72.6150994096"><ele>117.75</ele><time>2024-09-14T01:22:02Z</time></trkpt><trkpt lat="-39.3659242429" lon="-72.6150566619"><ele>118.13</ele><time>2024-09-14T01:22:03Z</time></trkpt><trkpt lat="-39.3659029528" lon="-72.6150126569"><ele>118.34</ele><time>2024-09-14T01:22:04Z</time></trkpt><trkpt lat="-39.3658773042" lon="-72.6149694901"><ele>118.80</ele><time>2024-09-14T01:22:05Z</time></trkpt><trkpt lat="-39.3658509851" lon="-72.6149267424"><ele>119.08</ele><time>2024-09-14T01:22:06Z</time></trkpt><trkpt lat="-39.3657618854" lon="-72.6147938054"><ele>120.86</ele><time>2024-09-14T01:22:15Z</time></trkpt><trkpt lat="-39.3656773958" lon="-72.6148031093"><ele>121.19</ele><time>2024-09-14T01:22:18Z</time></trkpt><trkpt lat="-39.3656367436" lon="-72.6148394030"><ele>121.05</ele><time>2024-09-14T01:22:19Z</time></trkpt><trkpt lat="-39.3655942474" lon="-72.6148827374"><ele>121.10</ele><time>2024-09-14T01:22:20Z</time></trkpt><trkpt lat="-39.3654431216" lon="-72.6149901096"><ele>120.94</ele><time>2024-09-14T01:22:25Z</time></trkpt><trkpt lat="-39.3654163834" lon="-72.6149732620"><ele>120.81</ele><time>2024-09-14T01:22:26Z</time></trkpt><trkpt lat="-39.3653915729" lon="-72.6149371359"><ele>121.00</ele><time>2024-09-14T01:22:27Z</time></trkpt><trkpt lat="-39.3650997989" lon="-72.6144357305"><ele>123.17</ele><time>2024-09-14T01:22:36Z</time></trkpt><trkpt lat="-39.3649527803" lon="-72.6143524144"><ele>123.12</ele><time>2024-09-14T01:22:44Z</time></trkpt><trkpt lat="-39.3649181630" lon="-72.6143768895"><ele>123.01</ele><time>2024-09-14T01:22:45Z</time></trkpt><trkpt lat="-39.3645009119" lon="-72.6147217210"><ele>119.73</ele><time>2024-09-14T01:22:54Z</time></trkpt><trkpt lat="-39.3644109741" lon="-72.6148347929"><ele>118.78</ele><time>2024-09-14T01:22:57Z</time></trkpt><trkpt lat="-39.3643928692" lon="-72.6149018481"><ele>118.70</ele><time>2024-09-14T01:22:58Z</time></trkpt><trkpt lat="-39.3643837329" lon="-72.6149818115"><ele>118.55</ele><time>2024-09-14T01:22:59Z</time></trkpt><trkpt lat="-39.3643800449" lon="-72.6150634512"><ele>118.34</ele><time>2024-09-14T01:23:00Z</time></trkpt><trkpt lat="-39.3643800449" lon="-72.6151421573"><ele>117.93</ele><time>2024-09-14T01:23:01Z</time></trkpt><trkpt lat="-39.3644141592" lon="-72.6153295767"><ele>116.81</ele><time>2024-09-14T01:23:05Z</time></trkpt><trkpt lat="-39.3644382153" lon="-72.6153407246"><ele>116.65</ele><time>2024-09-14T01:23:06Z</time></trkpt><trkpt lat="-39.3644646183" lon="-72.6153340191"><ele>116.68</ele><time>2024-09-14T01:23:07Z</time></trkpt><trkpt lat="-39.3644939549" lon="-72.6153141540"><ele>116.87</ele><time>2024-09-14T01:23:08Z</time></trkpt><trkpt lat="-39.3645279016" lon="-72.6152838115"><ele>117.00</ele><time>2024-09-14T01:23:09Z</time></trkpt><trkpt lat="-39.3645665422" lon="-72.6152454223"><ele>117.23</ele><time>2024-09-14T01:23:10Z</time></trkpt><trkpt lat="-39.3649542052" lon="-72.6149426680"><ele>119.77</ele><time>2024-09-14T01:23:21Z</time></trkpt><trkpt lat="-39.3649775069" lon="-72.6149671432"><ele>120.01</ele><time>2024-09-14T01:23:22Z</time></trkpt><trkpt lat="-39.3649966177" lon="-72.6149942167"><ele>119.88</ele><time>2024-09-14T01:23:23Z</time></trkpt><trkpt lat="-39.3650173210" lon="-72.6150285825"><ele>119.78</ele><time>2024-09-14T01:23:24Z</time></trkpt><trkpt lat="-39.3650364317" lon="-72.6150632836"><ele>119.29</ele><time>2024-09-14T01:23:25Z</time></trkpt><trkpt lat="-39.3651266210" lon="-72.6152692270"><ele>118.32</ele><time>2024-09-14T01:23:32Z</time></trkpt><trkpt lat="-39.3651159760" lon="-72.6153037604"><ele>118.11</ele><time>2024-09-14T01:23:33Z</time></trkpt><trkpt lat="-39.3650889862" lon="-72.6153417304"><ele>117.93</ele><time>2024-09-14T01:23:34Z</time></trkpt><trkpt lat="-39.3650478311" lon="-72.6153845619"><ele>117.87</ele><time>2024-09-14T01:23:35Z</time></trkpt><trkpt lat="-39.3649988808" lon="-72.6154300757"><ele>117.66</ele><time>2024-09-14T01:23:36Z</time></trkpt><trkpt lat="-39.3645899277" lon="-72.6158394478"><ele>115.67</ele><time>2024-09-14T01:23:47Z</time></trkpt><trkpt lat="-39.3645973038" lon="-72.6158841234"><ele>115.68</ele><time>2024-09-14T01:23:48Z</time></trkpt><trkpt lat="-39.3646145705" lon="-72.6159309782"><ele>115.85</ele><time>2024-09-14T01:23:49Z</time></trkpt><trkpt lat="-39.3646431528" lon="-72.6159907412"><ele>115.66</ele><time>2024-09-14T01:23:50Z</time></trkpt><trkpt lat="-39.3646789435" lon="-72.6160599757"><ele>115.49</ele><time>2024-09-14T01:23:51Z</time></trkpt><trkpt lat="-39.3651319016" lon="-72.6168876048"><ele>113.14</ele><time>2024-09-14T01:24:04Z</time></trkpt><trkpt lat="-39.3651584722" lon="-72.6169815660"><ele>112.87</ele><time>2024-09-14T01:24:07Z</time></trkpt><trkpt lat="-39.3651457317" lon="-72.6170217153"><ele>112.90</ele><time>2024-09-14T01:24:08Z</time></trkpt><trkpt lat="-39.3651168980" lon="-72.6170606073"><ele>112.91</ele><time>2024-09-14T01:24:09Z</time></trkpt><trkpt lat="-39.3646234553" lon="-72.6175263897"><ele>112.92</ele><time>2024-09-14T01:24:18Z</time></trkpt><trkpt lat="-39.3644758500" lon="-72.6176273916"><ele>112.42</ele><time>2024-09-14T01:24:25Z</time></trkpt><trkpt lat="-39.3644626066" lon="-72.6176351868"><ele>112.37</ele><time>2024-09-14T01:24:26Z</time></trkpt><trkpt lat="-39.3644434121" lon="-72.6176506095"><ele>112.40</ele><time>2024-09-14T01:24:27Z</time></trkpt><trkpt lat="-39.3644027598" lon="-72.6177366078"><ele>112.68</ele><time>2024-09-14T01:24:29Z</time></trkpt><trkpt lat="-39.3643928692" lon="-72.6178087760"><ele>112.64</ele><time>2024-09-14T01:24:30Z</time></trkpt><trkpt lat="-39.3643876724" lon="-72.6178939361"><ele>112.83</ele><time>2024-09-14T01:24:31Z</time></trkpt><trkpt lat="-39.3643903546" lon="-72.6186974254"><ele>112.89</ele><time>2024-09-14T01:24:43Z</time></trkpt><trkpt lat="-39.3644341081" lon="-72.6187373232"><ele>112.80</ele><time>2024-09-14T01:24:45Z</time></trkpt><trkpt lat="-39.3644606788" lon="-72.6187370718"><ele>112.83</ele><time>2024-09-14T01:24:46Z</time></trkpt><trkpt lat="-39.3644900154" lon="-72.6187219843"><ele>112.84</ele><time>2024-09-14T01:24:47Z</time></trkpt><trkpt lat="-39.3645227887" lon="-72.6186969224"><ele>112.88</ele><time>2024-09-14T01:24:48Z</time></trkpt><trkpt lat="-39.3645568192" lon="-72.6186644845"><ele>112.79</ele><time>2024-09-14T01:24:49Z</time></trkpt><trkpt lat="-39.3645929452" lon="-72.6186309569"><ele>112.96</ele><time>2024-09-14T01:24:50Z</time></trkpt><trkpt lat="-39.3649231084" lon="-72.6183030568"><ele>113.38</ele><time>2024-09-14T01:24:59Z</time></trkpt><trkpt lat="-39.3653831072" lon="-72.6178678684"><ele>113.48</ele><time>2024-09-14T01:25:11Z</time></trkpt><trkpt lat="-39.3655957561" lon="-72.6176881604"><ele>113.37</ele><time>2024-09-14T01:25:19Z</time></trkpt><trkpt lat="-39.3660451099" lon="-72.6172912773"><ele>113.80</ele><time>2024-09-14T01:25:29Z</time></trkpt><trkpt lat="-39.3664507102" lon="-72.6169422548"><ele>113.84</ele><time>2024-09-14T01:25:40Z</time></trkpt><trkpt lat="-39.3667934462" lon="-72.6166187134"><ele>114.18</ele><time>2024-09-14T01:25:50Z</time></trkpt><trkpt lat="-39.3672475778" lon="-72.6162021328"><ele>114.71</ele><time>2024-09-14T01:26:02Z</time></trkpt><trkpt lat="-39.3678170443" lon="-72.6157016493"><ele>115.27</ele><time>2024-09-14T01:26:14Z</time></trkpt><trkpt lat="-39.3679281883" lon="-72.6155817043"><ele>115.08</ele><time>2024-09-14T01:26:18Z</time></trkpt><trkpt lat="-39.3679372407" lon="-72.6155366097"><ele>115.03</ele><time>2024-09-14T01:26:19Z</time></trkpt><trkpt lat="-39.3679302838" lon="-72.6154836360"><ele>115.05</ele><time>2024-09-14T01:26:20Z</time></trkpt><trkpt lat="-39.3679040484" lon="-72.6154252142"><ele>114.96</ele><time>2024-09-14T01:26:21Z</time></trkpt><trkpt lat="-39.3678682577" lon="-72.6153626014"><ele>115.03</ele><time>2024-09-14T01:26:22Z</time></trkpt><trkpt lat="-39.3678260967" lon="-72.6152945403"><ele>115.08</ele><time>2024-09-14T01:26:23Z</time></trkpt><trkpt lat="-39.3675820157" lon="-72.6147860941"><ele>114.69</ele><time>2024-09-14T01:26:33Z</time></trkpt><trkpt lat="-39.3676032219" lon="-72.6147466153"><ele>114.63</ele><time>2024-09-14T01:26:34Z</time></trkpt><trkpt lat="-39.3676395155" lon="-72.6147041190"><ele>114.72</ele><time>2024-09-14T01:26:35Z</time></trkpt><trkpt lat="-39.3682348821" lon="-72.6141529251"><ele>115.51</ele><time>2024-09-14T01:26:45Z</time></trkpt><trkpt lat="-39.3684909493" lon="-72.6139261108"><ele>115.85</ele><time>2024-09-14T01:26:53Z</time></trkpt><trkpt lat="-39.3685844075" lon="-72.6137957722"><ele>116.04</ele><time>2024-09-14T01:26:57Z</time></trkpt><trkpt lat="-39.3689154088" lon="-72.6134378649"><ele>115.81</ele><time>2024-09-14T01:27:09Z</time></trkpt><trkpt lat="-39.3690080289" lon="-72.6132470928"><ele>115.69</ele><time>2024-09-14T01:27:15Z</time></trkpt><trkpt lat="-39.3689901754" lon="-72.6132066082"><ele>115.62</ele><time>2024-09-14T01:27:16Z</time></trkpt><trkpt lat="-39.3688791990" lon="-72.6129967254"><ele>115.37</ele><time>2024-09-14T01:27:22Z</time></trkpt><trkpt lat="-39.3688573223" lon="-72.6129897684"><ele>115.42</ele><time>2024-09-14T01:27:23Z</time></trkpt><trkpt lat="-39.3688331824" lon="-72.6129975636"><ele>115.47</ele><time>2024-09-14T01:27:24Z</time></trkpt><trkpt lat="-39.3688051868" lon="-72.6130145788"><ele>115.49</ele><time>2024-09-14T01:27:25Z</time></trkpt><trkpt lat="-39.3687761854" lon="-72.6130482741"><ele>115.49</ele><time>2024-09-14T01:27:26Z</time></trkpt><trkpt lat="-39.3687468488" lon="-72.6130849868"><ele>115.73</ele><time>2024-09-14T01:27:27Z</time></trkpt><trkpt lat="-39.3683858402" lon="-72.6134757511"><ele>116.41</ele><time>2024-09-14T01:27:36Z</time></trkpt><trkpt lat="-39.3683534022" lon="-72.6135122962"><ele>116.49</ele><time>2024-09-14T01:27:37Z</time></trkpt><trkpt lat="-39.3682494666" lon="-72.6135740709"><ele>116.49</ele><time>2024-09-14T01:27:42Z</time></trkpt><trkpt lat="-39.3682169449" lon="-72.6135570556"><ele>116.60</ele><time>2024-09-14T01:27:43Z</time></trkpt><trkpt lat="-39.3681764603" lon="-72.6135283895"><ele>116.65</ele><time>2024-09-14T01:27:44Z</time></trkpt><trkpt lat="-39.3681328744" lon="-72.6134895813"><ele>116.78</ele><time>2024-09-14T01:27:45Z</time></trkpt><trkpt lat="-39.3680923060" lon="-72.6134487614"><ele>116.84</ele><time>2024-09-14T01:27:46Z</time></trkpt><trkpt lat="-39.3680483010" lon="-72.6133761741"><ele>116.90</ele><time>2024-09-14T01:27:48Z</time></trkpt><trkpt lat="-39.3680492230" lon="-72.6133392937"><ele>116.75</ele><time>2024-09-14T01:27:49Z</time></trkpt><trkpt lat="-39.3680630531" lon="-72.6133037545"><ele>116.62</ele><time>2024-09-14T01:27:50Z</time></trkpt><trkpt lat="-39.3680883665" lon="-72.6132675447"><ele>116.46</ele><time>2024-09-14T01:27:51Z</time></trkpt><trkpt lat="-39.3681202177" lon="-72.6132269762"><ele>116.38</ele><time>2024-09-14T01:27:52Z</time></trkpt><trkpt lat="-39.3685233034" lon="-72.6127647981"><ele>115.64</ele><time>2024-09-14T01:28:03Z</time></trkpt><trkpt lat="-39.3688116409" lon="-72.6123866066"><ele>115.02</ele><time>2024-09-14T01:28:14Z</time></trkpt><trkpt lat="-39.3688122276" lon="-72.6123282686"><ele>115.28</ele><time>2024-09-14T01:28:15Z</time></trkpt><trkpt lat="-39.3687885068" lon="-72.6120387577"><ele>115.17</ele><time>2024-09-14T01:28:21Z</time></trkpt><trkpt lat="-39.3687679712" lon="-72.6120287832"><ele>115.03</ele><time>2024-09-14T01:28:22Z</time></trkpt><trkpt lat="-39.3687466811" lon="-72.6120330580"><ele>115.06</ele><time>2024-09-14T01:28:23Z</time></trkpt><trkpt lat="-39.3687227089" lon="-72.6120501570"><ele>115.04</ele><time>2024-09-14T01:28:24Z</time></trkpt><trkpt lat="-39.3686929531" lon="-72.6120811701"><ele>115.10</ele><time>2024-09-14T01:28:25Z</time></trkpt><trkpt lat="-39.3686604314" lon="-72.6121185534"><ele>115.11</ele><time>2024-09-14T01:28:26Z</time></trkpt><trkpt lat="-39.3680816609" lon="-72.6127775386"><ele>115.90</ele><time>2024-09-14T01:28:39Z</time></trkpt><trkpt lat="-39.3677751347" lon="-72.6130986493"><ele>117.50</ele><time>2024-09-14T01:28:49Z</time></trkpt><trkpt lat="-39.3677490670" lon="-72.6131088752"><ele>117.70</ele><time>2024-09-14T01:28:50Z</time></trkpt><trkpt lat="-39.3677151203" lon="-72.6131042652"><ele>117.94</ele><time>2024-09-14T01:28:51Z</time></trkpt><trkpt lat="-39.3676774856" lon="-72.6130820531"><ele>118.02</ele><time>2024-09-14T01:28:52Z</time></trkpt><trkpt lat="-39.3671887368" lon="-72.6127286721"><ele>121.35</ele><time>2024-09-14T01:29:02Z</time></trkpt><trkpt lat="-39.3669468351" lon="-72.6127787959"><ele>122.17</ele><time>2024-09-14T01:29:10Z</time></trkpt><trkpt lat="-39.3667929433" lon="-72.6129864156"><ele>121.62</ele><time>2024-09-14T01:29:17Z</time></trkpt><trkpt lat="-39.3667957932" lon="-72.6130110584"><ele>121.59</ele><time>2024-09-14T01:29:18Z</time></trkpt><trkpt lat="-39.3668075278" lon="-72.6130337734"><ele>121.40</ele><time>2024-09-14T01:29:19Z</time></trkpt><trkpt lat="-39.3668318354" lon="-72.6130564883"><ele>121.34</ele><time>2024-09-14T01:29:20Z</time></trkpt><trkpt lat="-39.3668620940" lon="-72.6130801253"><ele>120.94</ele><time>2024-09-14T01:29:21Z</time></trkpt><trkpt lat="-39.3671468273" lon="-72.6132946182"><ele>117.71</ele><time>2024-09-14T01:29:31Z</time></trkpt><trkpt lat="-39.3672600668" lon="-72.6133713964"><ele>117.09</ele><time>2024-09-14T01:29:34Z</time></trkpt><trkpt lat="-39.3673082627" lon="-72.6133977994"><ele>116.71</ele><time>2024-09-14T01:29:35Z</time></trkpt><trkpt lat="-39.3674012180" lon="-72.6134482585"><ele>116.09</ele><time>2024-09-14T01:29:37Z</time></trkpt><trkpt lat="-39.3674428761" lon="-72.6134817023"><ele>115.82</ele><time>2024-09-14T01:29:38Z</time></trkpt><trkpt lat="-39.3674794212" lon="-72.6135176606"><ele>115.69</ele><time>2024-09-14T01:29:39Z</time></trkpt><trkpt lat="-39.3675107695" lon="-72.6135544572"><ele>115.58</ele><time>2024-09-14T01:29:40Z</time></trkpt><trkpt lat="-39.3675331492" lon="-72.6135880686"><ele>115.42</ele><time>2024-09-14T01:29:41Z</time></trkpt><trkpt lat="-39.3675479013" lon="-72.6136179082"><ele>115.33</ele><time>2024-09-14T01:29:42Z</time></trkpt><trkpt lat="-39.3675569538" lon="-72.6136402879"><ele>115.20</ele><time>2024-09-14T01:29:43Z</time></trkpt><trkpt lat="-39.3675607257" lon="-72.6136546209"><ele>115.10</ele><time>2024-09-14T01:29:44Z</time></trkpt><trkpt lat="-39.3675635755" lon="-72.6136761624"><ele>114.96</ele><time>2024-09-14T01:29:45Z</time></trkpt><trkpt lat="-39.3675611448" lon="-72.6136994641"><ele>114.94</ele><time>2024-09-14T01:29:46Z</time></trkpt><trkpt lat="-39.3675494101" lon="-72.6137296390"><ele>115.09</ele><time>2024-09-14T01:29:47Z</time></trkpt><trkpt lat="-39.3675239291" lon="-72.6137635857"><ele>115.03</ele><time>2024-09-14T01:29:48Z</time></trkpt><trkpt lat="-39.3674906529" lon="-72.6138049085"><ele>115.03</ele><time>2024-09-14T01:29:49Z</time></trkpt><trkpt lat="-39.3673262838" lon="-72.6139383484"><ele>115.29</ele><time>2024-09-14T01:29:54Z</time></trkpt><trkpt lat="-39.3673039880" lon="-72.6139301341"><ele>115.14</ele><time>2024-09-14T01:29:55Z</time></trkpt><trkpt lat="-39.3672809377" lon="-72.6139130350"><ele>115.16</ele><time>2024-09-14T01:29:56Z</time></trkpt><trkpt lat="-39.3671943527" lon="-72.6138313115"><ele>115.50</ele><time>2024-09-14T01:29:59Z</time></trkpt><trkpt lat="-39.3671519402" lon="-72.6137975324"><ele>115.78</ele><time>2024-09-14T01:30:00Z</time></trkpt><trkpt lat="-39.3668986391" lon="-72.6135994680"><ele>118.81</ele><time>2024-09-14T01:30:05Z</time></trkpt><trkpt lat="-39.3667077832" lon="-72.6134772599"><ele>122.23</ele><time>2024-09-14T01:30:10Z</time></trkpt><trkpt lat="-39.3666729983" lon="-72.6134268008"><ele>123.35</ele><time>2024-09-14T01:30:13Z</time></trkpt><trkpt lat="-39.3666714896" lon="-72.6134055108"><ele>123.33</ele><time>2024-09-14T01:30:14Z</time></trkpt><trkpt lat="-39.3666767702" lon="-72.6133815385"><ele>123.41</ele><time>2024-09-14T01:30:15Z</time></trkpt><trkpt lat="-39.3666856550" lon="-72.6133498549"><ele>123.37</ele><time>2024-09-14T01:30:16Z</time></trkpt><trkpt lat="-39.3666990660" lon="-72.6133117173"><ele>123.12</ele><time>2024-09-14T01:30:17Z</time></trkpt><trkpt lat="-39.3667175900" lon="-72.6132678799"><ele>122.94</ele><time>2024-09-14T01:30:18Z</time></trkpt><trkpt lat="-39.3668519519" lon="-72.6129160076"><ele>121.46</ele><time>2024-09-14T01:30:26Z</time></trkpt><trkpt lat="-39.3668833002" lon="-72.6128720026"><ele>121.73</ele><time>2024-09-14T01:30:27Z</time></trkpt><trkpt lat="-39.3671259563" lon="-72.6126936357"><ele>122.11</ele><time>2024-09-14T01:30:36Z</time></trkpt><trkpt lat="-39.3671733141" lon="-72.6127189491"><ele>121.95</ele><time>2024-09-14T01:30:37Z</time></trkpt><trkpt lat="-39.3672232702" lon="-72.6127523091"><ele>121.59</ele><time>2024-09-14T01:30:38Z</time></trkpt><trkpt lat="-39.3676904775" lon="-72.6131141558"><ele>118.53</ele><time>2024-09-14T01:30:46Z</time></trkpt><trkpt lat="-39.3686485291" lon="-72.6141376700"><ele>116.46</ele><time>2024-09-14T01:31:01Z</time></trkpt><trkpt lat="-39.3691651057" lon="-72.6150634512"><ele>115.90</ele><time>2024-09-14T01:31:13Z</time></trkpt><trkpt lat="-39.3691948615" lon="-72.6151413191"><ele>116.04</ele><time>2024-09-14T01:31:14Z</time></trkpt><trkpt lat="-39.3692169897" lon="-72.6152184326"><ele>116.15</ele><time>2024-09-14T01:31:15Z</time></trkpt><trkpt lat="-39.3692573067" lon="-72.6154455822"><ele>115.94</ele><time>2024-09-14T01:31:22Z</time></trkpt><trkpt lat="-39.3692329992" lon="-72.6154398825"><ele>115.89</ele><time>2024-09-14T01:32:03Z</time></trkpt><trkpt lat="-39.3692317419" lon="-72.6154718176"><ele>115.78</ele><time>2024-09-14T01:32:21Z</time></trkpt><trkpt lat="-39.3692537025" lon="-72.6156054251"><ele>115.97</ele><time>2024-09-14T01:32:24Z</time></trkpt><trkpt lat="-39.3692785967" lon="-72.6157822832"><ele>116.08</ele><time>2024-09-14T01:32:27Z</time></trkpt><trkpt lat="-39.3692682032" lon="-72.6158335805"><ele>116.08</ele><time>2024-09-14T01:32:28Z</time></trkpt><trkpt lat="-39.3692404591" lon="-72.6158759091"><ele>116.24</ele><time>2024-09-14T01:32:29Z</time></trkpt><trkpt lat="-39.3692019023" lon="-72.6159144659"><ele>116.36</ele><time>2024-09-14T01:32:30Z</time></trkpt><trkpt lat="-39.3691554666" lon="-72.6159545314"><ele>116.34</ele><time>2024-09-14T01:32:31Z</time></trkpt><trkpt lat="-39.3687533028" lon="-72.6162655000"><ele>115.56</ele><time>2024-09-14T01:32:40Z</time></trkpt><trkpt lat="-39.3687115610" lon="-72.6162639912"><ele>115.65</ele><time>2024-09-14T01:32:41Z</time></trkpt><trkpt lat="-39.3686700705" lon="-72.6162442099"><ele>115.57</ele><time>2024-09-14T01:32:42Z</time></trkpt><trkpt lat="-39.3686253950" lon="-72.6162115205"><ele>115.71</ele><time>2024-09-14T01:32:43Z</time></trkpt><trkpt lat="-39.3685783725" lon="-72.6161742210"><ele>115.60</ele><time>2024-09-14T01:32:44Z</time></trkpt><trkpt lat="-39.3683289271" lon="-72.6159897354"><ele>115.50</ele><time>2024-09-14T01:32:49Z</time></trkpt><trkpt lat="-39.3682736065" lon="-72.6159793418"><ele>115.51</ele><time>2024-09-14T01:32:50Z</time></trkpt><trkpt lat="-39.3682155199" lon="-72.6159844548"><ele>115.55</ele><time>2024-09-14T01:32:51Z</time></trkpt><trkpt lat="-39.3681576848" lon="-72.6160059962"><ele>115.57</ele><time>2024-09-14T01:32:52Z</time></trkpt><trkpt lat="-39.3680990115" lon="-72.6160448883"><ele>115.61</ele><time>2024-09-14T01:32:53Z</time></trkpt><trkpt lat="-39.3680379912" lon="-72.6160959341"><ele>115.63</ele><time>2024-09-14T01:32:54Z</time></trkpt><trkpt lat="-39.3679763004" lon="-72.6161532663"><ele>115.68</ele><time>2024-09-14T01:32:55Z</time></trkpt><trkpt lat="-39.3670071010" lon="-72.6170023531"><ele>115.18</ele><time>2024-09-14T01:33:11Z</time></trkpt><trkpt lat="-39.3661245704" lon="-72.6177869830"><ele>114.49</ele><time>2024-09-14T01:33:28Z</time></trkpt><trkpt lat="-39.3658187147" lon="-72.6180422958"><ele>113.96</ele><time>2024-09-14T01:33:39Z</time></trkpt><trkpt lat="-39.3658190500" lon="-72.6180557907"><ele>113.81</ele><time>2024-09-14T01:33:45Z</time></trkpt><trkpt lat="-39.3658343889" lon="-72.6181764062"><ele>114.09</ele><time>2024-09-14T01:33:48Z</time></trkpt><trkpt lat="-39.3658587802" lon="-72.6182275359"><ele>114.12</ele><time>2024-09-14T01:33:49Z</time></trkpt><trkpt lat="-39.3660325371" lon="-72.6184056513"><ele>114.05</ele><time>2024-09-14T01:33:57Z</time></trkpt><trkpt lat="-39.3663808051" lon="-72.6181155536"><ele>114.49</ele><time>2024-09-14T01:34:06Z</time></trkpt><trkpt lat="-39.3670170754" lon="-72.6175470091"><ele>114.97</ele><time>2024-09-14T01:34:21Z</time></trkpt><trkpt lat="-39.3672552891" lon="-72.6173381321"><ele>114.92</ele><time>2024-09-14T01:34:29Z</time></trkpt><trkpt lat="-39.3672769144" lon="-72.6173434965"><ele>115.00</ele><time>2024-09-14T01:34:30Z</time></trkpt><trkpt lat="-39.3672968633" lon="-72.6173621044"><ele>115.08</ele><time>2024-09-14T01:34:31Z</time></trkpt><trkpt lat="-39.3673164770" lon="-72.6173901837"><ele>114.98</ele><time>2024-09-14T01:34:32Z</time></trkpt><trkpt lat="-39.3673382699" lon="-72.6174312551"><ele>114.97</ele><time>2024-09-14T01:34:33Z</time></trkpt><trkpt lat="-39.3673636671" lon="-72.6174831390"><ele>115.15</ele><time>2024-09-14T01:34:34Z</time></trkpt><trkpt lat="-39.3675289582" lon="-72.6176171657"><ele>115.24</ele><time>2024-09-14T01:34:41Z</time></trkpt><trkpt lat="-39.3675699458" lon="-72.6175838895"><ele>115.38</ele><time>2024-09-14T01:34:42Z</time></trkpt><trkpt lat="-39.3677202333" lon="-72.6174830552"><ele>115.76</ele><time>2024-09-14T01:34:46Z</time></trkpt><trkpt lat="-39.3677483965" lon="-72.6174999867"><ele>115.66</ele><time>2024-09-14T01:34:47Z</time></trkpt><trkpt lat="-39.3677678425" lon="-72.6175340172"><ele>115.72</ele><time>2024-09-14T01:34:48Z</time></trkpt><trkpt lat="-39.3677828461" lon="-72.6175873261"><ele>115.64</ele><time>2024-09-14T01:34:49Z</time></trkpt><trkpt lat="-39.3677939940" lon="-72.6176549681"><ele>115.68</ele><time>2024-09-14T01:34:50Z</time></trkpt><trkpt lat="-39.3678873684" lon="-72.6182378456"><ele>115.07</ele><time>2024-09-14T01:34:58Z</time></trkpt><trkpt lat="-39.3680121750" lon="-72.6182399411"><ele>115.01</ele><time>2024-09-14T01:35:02Z</time></trkpt><trkpt lat="-39.3680701777" lon="-72.6181945950"><ele>115.06</ele><time>2024-09-14T01:35:03Z</time></trkpt><trkpt lat="-39.3681313656" lon="-72.6181384362"><ele>115.30</ele><time>2024-09-14T01:35:04Z</time></trkpt><trkpt lat="-39.3681903742" lon="-72.6180869713"><ele>115.23</ele><time>2024-09-14T01:35:05Z</time></trkpt><trkpt lat="-39.3682521489" lon="-72.6180445589"><ele>115.24</ele><time>2024-09-14T01:35:06Z</time></trkpt><trkpt lat="-39.3683176953" lon="-72.6180071756"><ele>115.22</ele><time>2024-09-14T01:35:07Z</time></trkpt><trkpt lat="-39.3683876842" lon="-72.6179809403"><ele>115.32</ele><time>2024-09-14T01:35:08Z</time></trkpt><trkpt lat="-39.3684594333" lon="-72.6179624163"><ele>115.29</ele><time>2024-09-14T01:35:09Z</time></trkpt><trkpt lat="-39.3685289193" lon="-72.6179376896"><ele>115.45</ele><time>2024-09-14T01:35:10Z</time></trkpt><trkpt lat="-39.3685929570" lon="-72.6178952772"><ele>115.50</ele><time>2024-09-14T01:35:11Z</time></trkpt><trkpt lat="-39.3686450087" lon="-72.6178355981"><ele>115.60</ele><time>2024-09-14T01:35:12Z</time></trkpt><trkpt lat="-39.3686833978" lon="-72.6177601609"><ele>115.56</ele><time>2024-09-14T01:35:13Z</time></trkpt><trkpt lat="-39.3687109742" lon="-72.6176755875"><ele>115.67</ele><time>2024-09-14T01:35:14Z</time></trkpt><trkpt lat="-39.3687380478" lon="-72.6175970491"><ele>115.65</ele><time>2024-09-14T01:35:15Z</time></trkpt><trkpt lat="-39.3687757663" lon="-72.6175243780"><ele>115.69</ele><time>2024-09-14T01:35:16Z</time></trkpt><trkpt lat="-39.3688275665" lon="-72.6174583286"><ele>115.72</ele><time>2024-09-14T01:35:17Z</time></trkpt><trkpt lat="-39.3688869942" lon="-72.6173953805"><ele>115.77</ele><time>2024-09-14T01:35:18Z</time></trkpt><trkpt lat="-39.3689496070" lon="-72.6173319295"><ele>115.84</ele><time>2024-09-14T01:35:19Z</time></trkpt><trkpt lat="-39.3693978712" lon="-72.6169609465"><ele>116.71</ele><time>2024-09-14T01:35:29Z</time></trkpt><trkpt lat="-39.3694417085" lon="-72.6169866789"><ele>116.43</ele><time>2024-09-14T01:35:31Z</time></trkpt><trkpt lat="-39.3694606517" lon="-72.6170280855"><ele>116.58</ele><time>2024-09-14T01:35:32Z</time></trkpt><trkpt lat="-39.3694738112" lon="-72.6170912012"><ele>116.63</ele><time>2024-09-14T01:35:33Z</time></trkpt><trkpt lat="-39.3694840372" lon="-72.6171718352"><ele>116.69</ele><time>2024-09-14T01:35:34Z</time></trkpt><trkpt lat="-39.3694945984" lon="-72.6172655448"><ele>116.86</ele><time>2024-09-14T01:35:35Z</time></trkpt><trkpt lat="-39.3695654254" lon="-72.6178293116"><ele>117.07</ele><time>2024-09-14T01:35:41Z</time></trkpt><trkpt lat="-39.3695615698" lon="-72.6179011445"><ele>117.09</ele><time>2024-09-14T01:35:42Z</time></trkpt><trkpt lat="-39.3695445545" lon="-72.6179683674"><ele>116.98</ele><time>2024-09-14T01:35:43Z</time></trkpt><trkpt lat="-39.3695150502" lon="-72.6180222631"><ele>117.06</ele><time>2024-09-14T01:35:44Z</time></trkpt><trkpt lat="-39.3694726378" lon="-72.6180747338"><ele>117.11</ele><time>2024-09-14T01:35:45Z</time></trkpt><trkpt lat="-39.3694257829" lon="-72.6181239355"><ele>117.09</ele><time>2024-09-14T01:35:46Z</time></trkpt><trkpt lat="-39.3693738990" lon="-72.6181717962"><ele>117.07</ele><time>2024-09-14T01:35:47Z</time></trkpt><trkpt lat="-39.3691704702" lon="-72.6183370035"><ele>117.13</ele><time>2024-09-14T01:35:51Z</time></trkpt><trkpt lat="-39.3691176642" lon="-72.6183496602"><ele>116.94</ele><time>2024-09-14T01:35:52Z</time></trkpt><trkpt lat="-39.3690615892" lon="-72.6183495764"><ele>116.95</ele><time>2024-09-14T01:35:53Z</time></trkpt><trkpt lat="-39.3687782809" lon="-72.6183144562"><ele>116.93</ele><time>2024-09-14T01:35:58Z</time></trkpt><trkpt lat="-39.3687207811" lon="-72.6183258556"><ele>116.91</ele><time>2024-09-14T01:35:59Z</time></trkpt><trkpt lat="-39.3686631974" lon="-72.6183546893"><ele>116.88</ele><time>2024-09-14T01:36:00Z</time></trkpt><trkpt lat="-39.3686057813" lon="-72.6183994487"><ele>116.80</ele><time>2024-09-14T01:36:01Z</time></trkpt><trkpt lat="-39.3685481139" lon="-72.6184543502"><ele>116.81</ele><time>2024-09-14T01:36:02Z</time></trkpt><trkpt lat="-39.3675925769" lon="-72.6193590928"><ele>116.55</ele><time>2024-09-14T01:36:17Z</time></trkpt><trkpt lat="-39.3669588212" lon="-72.6199477538"><ele>116.13</ele><time>2024-09-14T01:36:30Z</time></trkpt><trkpt lat="-39.3667196855" lon="-72.6201776695"><ele>115.92</ele><time>2024-09-14T01:36:38Z</time></trkpt><trkpt lat="-39.3655972648" lon="-72.6212485414"><ele>114.79</ele><time>2024-09-14T01:36:59Z</time></trkpt><trkpt lat="-39.3651418760" lon="-72.6216795389"><ele>114.27</ele><time>2024-09-14T01:37:13Z</time></trkpt><trkpt lat="-39.3646551389" lon="-72.6221532002"><ele>114.11</ele><time>2024-09-14T01:37:24Z</time></trkpt><trkpt lat="-39.3643555697" lon="-72.6224257797"><ele>113.52</ele><time>2024-09-14T01:37:34Z</time></trkpt><trkpt lat="-39.3643421587" lon="-72.6224414539"><ele>113.48</ele><time>2024-09-14T01:37:39Z</time></trkpt><trkpt lat="-39.3643001653" lon="-72.6225344930"><ele>113.60</ele><time>2024-09-14T01:37:42Z</time></trkpt><trkpt lat="-39.3642940465" lon="-72.6225923281"><ele>113.55</ele><time>2024-09-14T01:37:43Z</time></trkpt><trkpt lat="-39.3642905261" lon="-72.6226570364"><ele>113.65</ele><time>2024-09-14T01:37:44Z</time></trkpt><trkpt lat="-39.3643139116" lon="-72.6230501477"><ele>113.81</ele><time>2024-09-14T01:37:52Z</time></trkpt><trkpt lat="-39.3643340282" lon="-72.6230659895"><ele>113.82</ele><time>2024-09-14T01:37:53Z</time></trkpt><trkpt lat="-39.3643573299" lon="-72.6230673306"><ele>113.70</ele><time>2024-09-14T01:37:54Z</time></trkpt><trkpt lat="-39.3643847387" lon="-72.6230536681"><ele>113.74</ele><time>2024-09-14T01:37:55Z</time></trkpt><trkpt lat="-39.3644168414" lon="-72.6230281033"><ele>113.75</ele><time>2024-09-14T01:37:56Z</time></trkpt><trkpt lat="-39.3644480221" lon="-72.6229985990"><ele>113.75</ele><time>2024-09-14T01:37:57Z</time></trkpt><trkpt lat="-39.3648843840" lon="-72.6225597225"><ele>113.87</ele><time>2024-09-14T01:38:11Z</time></trkpt><trkpt lat="-39.3649470806" lon="-72.6224967744"><ele>114.04</ele><time>2024-09-14T01:38:13Z</time></trkpt><trkpt lat="-39.3649765011" lon="-72.6224569604"><ele>113.90</ele><time>2024-09-14T01:38:14Z</time></trkpt><trkpt lat="-39.3650017306" lon="-72.6224156376"><ele>113.96</ele><time>2024-09-14T01:38:15Z</time></trkpt><trkpt lat="-39.3650231045" lon="-72.6223733090"><ele>114.14</ele><time>2024-09-14T01:38:16Z</time></trkpt><trkpt lat="-39.3650408741" lon="-72.6223276276"><ele>114.02</ele><time>2024-09-14T01:38:17Z</time></trkpt><trkpt lat="-39.3650600687" lon="-72.6222819462"><ele>114.01</ele><time>2024-09-14T01:38:18Z</time></trkpt><trkpt lat="-39.3650831189" lon="-72.6222376060"><ele>114.08</ele><time>2024-09-14T01:38:19Z</time></trkpt><trkpt lat="-39.3651106954" lon="-72.6221968699"><ele>114.22</ele><time>2024-09-14T01:38:20Z</time></trkpt><trkpt lat="-39.3651448935" lon="-72.6221575588"><ele>114.22</ele><time>2024-09-14T01:38:21Z</time></trkpt><trkpt lat="-39.3651869707" lon="-72.6221174933"><ele>114.31</ele><time>2024-09-14T01:38:22Z</time></trkpt><trkpt lat="-39.3652321491" lon="-72.6220753323"><ele>114.46</ele><time>2024-09-14T01:38:23Z</time></trkpt><trkpt lat="-39.3656696007" lon="-72.6216432452"><ele>114.20</ele><time>2024-09-14T01:38:36Z</time></trkpt><trkpt lat="-39.3657657411" lon="-72.6214551553"><ele>114.37</ele><time>2024-09-14T01:38:42Z</time></trkpt><trkpt lat="-39.3661347125" lon="-72.6211211365"><ele>114.95</ele><time>2024-09-14T01:38:52Z</time></trkpt><trkpt lat="-39.3661653902" lon="-72.6211336255"><ele>114.97</ele><time>2024-09-14T01:38:53Z</time></trkpt><trkpt lat="-39.3661962356" lon="-72.6211713441"><ele>114.89</ele><time>2024-09-14T01:38:54Z</time></trkpt><trkpt lat="-39.3662238959" lon="-72.6212159358"><ele>114.92</ele><time>2024-09-14T01:38:55Z</time></trkpt><trkpt lat="-39.3662561662" lon="-72.6212729327"><ele>114.85</ele><time>2024-09-14T01:38:56Z</time></trkpt><trkpt lat="-39.3664367124" lon="-72.6215660479"><ele>114.46</ele><time>2024-09-14T01:39:02Z</time></trkpt><trkpt lat="-39.3664600980" lon="-72.6215712447"><ele>114.41</ele><time>2024-09-14T01:39:03Z</time></trkpt><trkpt lat="-39.3664827291" lon="-72.6215666346"><ele>114.42</ele><time>2024-09-14T01:39:04Z</time></trkpt><trkpt lat="-39.3665036839" lon="-72.6215558220"><ele>114.34</ele><time>2024-09-14T01:39:05Z</time></trkpt><trkpt lat="-39.3665295839" lon="-72.6215372980"><ele>114.35</ele><time>2024-09-14T01:39:06Z</time></trkpt><trkpt lat="-39.3665601779" lon="-72.6215118170"><ele>114.44</ele><time>2024-09-14T01:39:07Z</time></trkpt><trkpt lat="-39.3665928673" lon="-72.6214812230"><ele>114.55</ele><time>2024-09-14T01:39:08Z</time></trkpt><trkpt lat="-39.3669707235" lon="-72.6211037859"><ele>115.34</ele><time>2024-09-14T01:39:21Z</time></trkpt><trkpt lat="-39.3672837038" lon="-72.6208045520"><ele>115.73</ele><time>2024-09-14T01:39:33Z</time></trkpt><trkpt lat="-39.3672904093" lon="-72.6207715273"><ele>115.71</ele><time>2024-09-14T01:39:43Z</time></trkpt><trkpt lat="-39.3672994617" lon="-72.6206796616"><ele>115.77</ele><time>2024-09-14T01:39:46Z</time></trkpt><trkpt lat="-39.3672907446" lon="-72.6206426136"><ele>115.77</ele><time>2024-09-14T01:39:47Z</time></trkpt><trkpt lat="-39.3672760762" lon="-72.6206069067"><ele>115.82</ele><time>2024-09-14T01:39:48Z</time></trkpt><trkpt lat="-39.3672158103" lon="-72.6204493269"><ele>115.84</ele><time>2024-09-14T01:39:55Z</time></trkpt><trkpt lat="-39.3672253657" lon="-72.6204240136"><ele>115.83</ele><time>2024-09-14T01:39:56Z</time></trkpt><trkpt lat="-39.3672666885" lon="-72.6203733869"><ele>115.79</ele><time>2024-09-14T01:39:58Z</time></trkpt><trkpt lat="-39.3675803393" lon="-72.6201217622"><ele>116.17</ele><time>2024-09-14T01:40:10Z</time></trkpt><trkpt lat="-39.3675967678" lon="-72.6201336645"><ele>116.10</ele><time>2024-09-14T01:40:11Z</time></trkpt><trkpt lat="-39.3676118553" lon="-72.6201542839"><ele>116.18</ele><time>2024-09-14T01:40:12Z</time></trkpt><trkpt lat="-39.3677245080" lon="-72.6203256100"><ele>116.22</ele><time>2024-09-14T01:40:18Z</time></trkpt><trkpt lat="-39.3677494861" lon="-72.6203228440"><ele>116.22</ele><time>2024-09-14T01:40:19Z</time></trkpt><trkpt lat="-39.3677774817" lon="-72.6203093491"><ele>116.15</ele><time>2024-09-14T01:40:20Z</time></trkpt><trkpt lat="-39.3678083271" lon="-72.6202865504"><ele>116.13</ele><time>2024-09-14T01:40:21Z</time></trkpt><trkpt lat="-39.3678436149" lon="-72.6202563755"><ele>116.14</ele><time>2024-09-14T01:40:22Z</time></trkpt><trkpt lat="-39.3685076293" lon="-72.6196275651"><ele>116.92</ele><time>2024-09-14T01:40:36Z</time></trkpt><trkpt lat="-39.3688904308" lon="-72.6192515530"><ele>117.03</ele><time>2024-09-14T01:40:47Z</time></trkpt><trkpt lat="-39.3689345196" lon="-72.6192519721"><ele>117.16</ele><time>2024-09-14T01:40:50Z</time></trkpt><trkpt lat="-39.3689501099" lon="-72.6192687359"><ele>117.13</ele><time>2024-09-14T01:40:51Z</time></trkpt><trkpt lat="-39.3689605035" lon="-72.6192876790"><ele>117.27</ele><time>2024-09-14T01:40:52Z</time></trkpt><trkpt lat="-39.3689687178" lon="-72.6193107292"><ele>117.15</ele><time>2024-09-14T01:40:53Z</time></trkpt><trkpt lat="-39.3689760938" lon="-72.6193376351"><ele>117.09</ele><time>2024-09-14T01:40:54Z</time></trkpt><trkpt lat="-39.3690777663" lon="-72.6198498532"><ele>116.90</ele><time>2024-09-14T01:41:06Z</time></trkpt><trkpt lat="-39.3689626828" lon="-72.6200153958"><ele>117.03</ele><time>2024-09-14T01:41:12Z</time></trkpt><trkpt lat="-39.3682668172" lon="-72.6206753030"><ele>116.69</ele><time>2024-09-14T01:41:27Z</time></trkpt><trkpt lat="-39.3677172996" lon="-72.6211940590"><ele>116.31</ele><time>2024-09-14T01:41:40Z</time></trkpt><trkpt lat="-39.3676602188" lon="-72.6212601922"><ele>115.89</ele><time>2024-09-14T01:41:49Z</time></trkpt><trkpt lat="-39.3676410243" lon="-72.6212884393"><ele>115.83</ele><time>2024-09-14T01:41:51Z</time></trkpt><trkpt lat="-39.3676338159" lon="-72.6213194523"><ele>115.95</ele><time>2024-09-14T01:41:52Z</time></trkpt><trkpt lat="-39.3676375039" lon="-72.6213516388"><ele>115.84</ele><time>2024-09-14T01:41:53Z</time></trkpt><trkpt lat="-39.3676506635" lon="-72.6213878486"><ele>115.97</ele><time>2024-09-14T01:41:54Z</time></trkpt><trkpt lat="-39.3676737975" lon="-72.6214307640"><ele>115.85</ele><time>2024-09-14T01:41:55Z</time></trkpt><trkpt lat="-39.3677046429" lon="-72.6214849949"><ele>116.05</ele><time>2024-09-14T01:41:56Z</time></trkpt><trkpt lat="-39.3681042921" lon="-72.6221947744"><ele>116.00</ele><time>2024-09-14T01:42:05Z</time></trkpt><trkpt lat="-39.3682803120" lon="-72.6225192379"><ele>115.65</ele><time>2024-09-14T01:42:13Z</time></trkpt><trkpt lat="-39.3684256542" lon="-72.6225939207"><ele>115.78</ele><time>2024-09-14T01:42:18Z</time></trkpt><trkpt lat="-39.3684714194" lon="-72.6225764863"><ele>115.88</ele><time>2024-09-14T01:42:19Z</time></trkpt><trkpt lat="-39.3685193639" lon="-72.6225427072"><ele>116.08</ele><time>2024-09-14T01:42:20Z</time></trkpt><trkpt lat="-39.3685686495" lon="-72.6224976126"><ele>116.07</ele><time>2024-09-14T01:42:21Z</time></trkpt><trkpt lat="-39.3686195277" lon="-72.6224464830"><ele>116.19</ele><time>2024-09-14T01:42:22Z</time></trkpt><trkpt lat="-39.3696715403" lon="-72.6213896926"><ele>116.57</ele><time>2024-09-14T01:42:40Z</time></trkpt><trkpt lat="-39.3700431939" lon="-72.6210156083"><ele>116.61</ele><time>2024-09-14T01:42:50Z</time></trkpt><trkpt lat="-39.3701181281" lon="-72.6207906380"><ele>116.89</ele><time>2024-09-14T01:42:58Z</time></trkpt><trkpt lat="-39.3700796552" lon="-72.6206905581"><ele>116.72</ele><time>2024-09-14T01:43:06Z</time></trkpt><trkpt lat="-39.3700899649" lon="-72.6205363311"><ele>116.64</ele><time>2024-09-14T01:43:10Z</time></trkpt><trkpt lat="-39.3701198045" lon="-72.6204907335"><ele>116.59</ele><time>2024-09-14T01:43:11Z</time></trkpt><trkpt lat="-39.3707599305" lon="-72.6196605060"><ele>114.91</ele><time>2024-09-14T01:43:24Z</time></trkpt><trkpt lat="-39.3714332487" lon="-72.6186721120"><ele>113.90</ele><time>2024-09-14T01:43:36Z</time></trkpt><trkpt lat="-39.3725828268" lon="-72.6163832657"><ele>112.70</ele><time>2024-09-14T01:43:59Z</time></trkpt><trkpt lat="-39.3730575778" lon="-72.6156556327"><ele>113.04</ele><time>2024-09-14T01:44:07Z</time></trkpt><trkpt lat="-39.3731046841" lon="-72.6155533735"><ele>113.05</ele><time>2024-09-14T01:44:08Z</time></trkpt><trkpt lat="-39.3731473479" lon="-72.6154455822"><ele>113.03</ele><time>2024-09-14T01:44:09Z</time></trkpt><trkpt lat="-39.3735748250" lon="-72.6138514280"><ele>111.49</ele><time>2024-09-14T01:44:23Z</time></trkpt><trkpt lat="-39.3740329798" lon="-72.6114608254"><ele>112.76</ele><time>2024-09-14T01:44:44Z</time></trkpt><trkpt lat="-39.3740271125" lon="-72.6088605914"><ele>115.54</ele><time>2024-09-14T01:45:06Z</time></trkpt><trkpt lat="-39.3737661839" lon="-72.6066157501"><ele>116.18</ele><time>2024-09-14T01:45:25Z</time></trkpt><trkpt lat="-39.3732799497" lon="-72.6040876005"><ele>117.35</ele><time>2024-09-14T01:45:47Z</time></trkpt><trkpt lat="-39.3723889533" lon="-72.6025733259"><ele>117.73</ele><time>2024-09-14T01:46:03Z</time></trkpt><trkpt lat="-39.3723287713" lon="-72.6023477688"><ele>117.83</ele><time>2024-09-14T01:46:05Z</time></trkpt><trkpt lat="-39.3723101635" lon="-72.6022302546"><ele>117.72</ele><time>2024-09-14T01:46:06Z</time></trkpt><trkpt lat="-39.3723011110" lon="-72.6021102257"><ele>117.65</ele><time>2024-09-14T01:46:07Z</time></trkpt><trkpt lat="-39.3723025359" lon="-72.6019901130"><ele>117.65</ele><time>2024-09-14T01:46:08Z</time></trkpt><trkpt lat="-39.3723135162" lon="-72.6018708386"><ele>117.62</ele><time>2024-09-14T01:46:09Z</time></trkpt><trkpt lat="-39.3723327108" lon="-72.6017524861"><ele>117.47</ele><time>2024-09-14T01:46:10Z</time></trkpt><trkpt lat="-39.3723604549" lon="-72.6016345527"><ele>117.41</ele><time>2024-09-14T01:46:11Z</time></trkpt><trkpt lat="-39.3723953236" lon="-72.6015209779"><ele>117.29</ele><time>2024-09-14T01:46:12Z</time></trkpt><trkpt lat="-39.3724327907" lon="-72.6014112588"><ele>117.18</ele><time>2024-09-14T01:46:13Z</time></trkpt><trkpt lat="-39.3724726047" lon="-72.6013038028"><ele>117.19</ele><time>2024-09-14T01:46:14Z</time></trkpt><trkpt lat="-39.3734155688" lon="-72.5990104303"><ele>119.01</ele><time>2024-09-14T01:46:36Z</time></trkpt><trkpt lat="-39.3738215044" lon="-72.5976838265"><ele>119.84</ele><time>2024-09-14T01:46:48Z</time></trkpt><trkpt lat="-39.3742311280" lon="-72.5954898633"><ele>120.49</ele><time>2024-09-14T01:47:07Z</time></trkpt><trkpt lat="-39.3747850880" lon="-72.5923597254"><ele>121.41</ele><time>2024-09-14T01:47:34Z</time></trkpt><trkpt lat="-39.3753211945" lon="-72.5894137379"><ele>122.21</ele><time>2024-09-14T01:48:00Z</time></trkpt><trkpt lat="-39.3752850685" lon="-72.5891547371"><ele>122.01</ele><time>2024-09-14T01:48:08Z</time></trkpt><trkpt lat="-39.3753212783" lon="-72.5891673099"><ele>122.02</ele><time>2024-09-14T01:48:15Z</time></trkpt><trkpt lat="-39.3753224518" lon="-72.5891689863"><ele>121.93</ele><time>2024-09-14T01:48:17Z</time></trkpt><trkpt lat="-39.3753115553" lon="-72.5891948026"><ele>121.80</ele><time>2024-09-14T01:48:18Z</time></trkpt><trkpt lat="-39.3752978090" lon="-72.5892354548"><ele>122.00</ele><time>2024-09-14T01:48:19Z</time></trkpt><trkpt lat="-39.3752880022" lon="-72.5892854948"><ele>121.96</ele><time>2024-09-14T01:48:20Z</time></trkpt><trkpt lat="-39.3752775248" lon="-72.5893495325"><ele>122.07</ele><time>2024-09-14T01:48:21Z</time></trkpt><trkpt lat="-39.3751076236" lon="-72.5903746393"><ele>122.08</ele><time>2024-09-14T01:48:31Z</time></trkpt><trkpt lat="-39.3747975770" lon="-72.5921036582"><ele>121.59</ele><time>2024-09-14T01:48:46Z</time></trkpt><trkpt lat="-39.3743851036" lon="-72.5944281276"><ele>120.85</ele><time>2024-09-14T01:49:06Z</time></trkpt><trkpt lat="-39.3738379329" lon="-72.5975451898"><ele>119.66</ele><time>2024-09-14T01:49:33Z</time></trkpt><trkpt lat="-39.3733053468" lon="-72.5993167050"><ele>118.72</ele><time>2024-09-14T01:49:49Z</time></trkpt><trkpt lat="-39.3722919747" lon="-72.6022056956"><ele>117.81</ele><time>2024-09-14T01:50:16Z</time></trkpt><trkpt lat="-39.3722970877" lon="-72.6023192704"><ele>117.92</ele><time>2024-09-14T01:50:17Z</time></trkpt><trkpt lat="-39.3723125104" lon="-72.6024346892"><ele>118.05</ele><time>2024-09-14T01:50:18Z</time></trkpt><trkpt lat="-39.3723366503" lon="-72.6025506109"><ele>118.14</ele><time>2024-09-14T01:50:19Z</time></trkpt><trkpt lat="-39.3723694235" lon="-72.6026647724"><ele>118.19</ele><time>2024-09-14T01:50:20Z</time></trkpt><trkpt lat="-39.3724089861" lon="-72.6027751621"><ele>118.13</ele><time>2024-09-14T01:50:21Z</time></trkpt><trkpt lat="-39.3724540807" lon="-72.6028811932"><ele>118.21</ele><time>2024-09-14T01:50:22Z</time></trkpt><trkpt lat="-39.3725042045" lon="-72.6029833686"><ele>118.15</ele><time>2024-09-14T01:50:23Z</time></trkpt><trkpt lat="-39.3733094539" lon="-72.6042888500"><ele>117.47</ele><time>2024-09-14T01:50:37Z</time></trkpt><trkpt lat="-39.3733970448" lon="-72.6044999063"><ele>117.24</ele><time>2024-09-14T01:50:39Z</time></trkpt><trkpt lat="-39.3734310754" lon="-72.6046108827"><ele>117.31</ele><time>2024-09-14T01:50:40Z</time></trkpt><trkpt lat="-39.3734591547" lon="-72.6047251280"><ele>117.17</ele><time>2024-09-14T01:50:41Z</time></trkpt><trkpt lat="-39.3734817859" lon="-72.6048413012"><ele>117.23</ele><time>2024-09-14T01:50:42Z</time></trkpt><trkpt lat="-39.3735020701" lon="-72.6049562171"><ele>117.14</ele><time>2024-09-14T01:50:43Z</time></trkpt><trkpt lat="-39.3738189898" lon="-72.6070526987"><ele>116.64</ele><time>2024-09-14T01:51:01Z</time></trkpt><trkpt lat="-39.3740221672" lon="-72.6097603049"><ele>115.71</ele><time>2024-09-14T01:51:24Z</time></trkpt><trkpt lat="-39.3739254400" lon="-72.6122666616"><ele>113.11</ele><time>2024-09-14T01:51:45Z</time></trkpt><trkpt lat="-39.3734868150" lon="-72.6141808368"><ele>112.68</ele><time>2024-09-14T01:52:02Z</time></trkpt><trkpt lat="-39.3728727568" lon="-72.6160078403"><ele>113.98</ele><time>2024-09-14T01:52:19Z</time></trkpt><trkpt lat="-39.3721195590" lon="-72.6173626073"><ele>113.77</ele><time>2024-09-14T01:52:33Z</time></trkpt><trkpt lat="-39.3712512776" lon="-72.6190178655"><ele>114.62</ele><time>2024-09-14T01:52:50Z</time></trkpt><trkpt lat="-39.3701086566" lon="-72.6205495745"><ele>117.26</ele><time>2024-09-14T01:53:08Z</time></trkpt><trkpt lat="-39.3700597063" lon="-72.6206451282"><ele>117.46</ele><time>2024-09-14T01:53:09Z</time></trkpt><trkpt lat="-39.3700182158" lon="-72.6207420230"><ele>117.73</ele><time>2024-09-14T01:53:10Z</time></trkpt><trkpt lat="-39.3699866999" lon="-72.6208335534"><ele>117.89</ele><time>2024-09-14T01:53:11Z</time></trkpt><trkpt lat="-39.3699591234" lon="-72.6209184621"><ele>117.69</ele><time>2024-09-14T01:53:12Z</time></trkpt><trkpt lat="-39.3699292000" lon="-72.6209970843"><ele>117.45</ele><time>2024-09-14T01:53:13Z</time></trkpt><trkpt lat="-39.3698903918" lon="-72.6210712641"><ele>117.45</ele><time>2024-09-14T01:53:14Z</time></trkpt><trkpt lat="-39.3698408548" lon="-72.6211396605"><ele>117.36</ele><time>2024-09-14T01:53:15Z</time></trkpt><trkpt lat="-39.3697846122" lon="-72.6212020218"><ele>117.28</ele><time>2024-09-14T01:53:16Z</time></trkpt><trkpt lat="-39.3697240949" lon="-72.6212654728"><ele>117.38</ele><time>2024-09-14T01:53:17Z</time></trkpt><trkpt lat="-39.3684033584" lon="-72.6225579623"><ele>116.81</ele><time>2024-09-14T01:53:36Z</time></trkpt><trkpt lat="-39.3676525075" lon="-72.6232680771"><ele>116.11</ele><time>2024-09-14T01:53:49Z</time></trkpt><trkpt lat="-39.3668074440" lon="-72.6240817085"><ele>115.96</ele><time>2024-09-14T01:54:02Z</time></trkpt><trkpt lat="-39.3657844327" lon="-72.6250650734"><ele>115.30</ele><time>2024-09-14T01:54:18Z</time></trkpt><trkpt lat="-39.3656993564" lon="-72.6251964178"><ele>114.82</ele><time>2024-09-14T01:54:26Z</time></trkpt><trkpt lat="-39.3656993564" lon="-72.6252255868"><ele>114.82</ele><time>2024-09-14T01:54:27Z</time></trkpt><trkpt lat="-39.3657069840" lon="-72.6252627186"><ele>114.83</ele><time>2024-09-14T01:54:28Z</time></trkpt><trkpt lat="-39.3657239154" lon="-72.6253088191"><ele>114.84</ele><time>2024-09-14T01:54:29Z</time></trkpt><trkpt lat="-39.3657527491" lon="-72.6253619604"><ele>114.80</ele><time>2024-09-14T01:54:30Z</time></trkpt><trkpt lat="-39.3657902163" lon="-72.6254218072"><ele>114.79</ele><time>2024-09-14T01:54:31Z</time></trkpt><trkpt lat="-39.3663022667" lon="-72.6262761746"><ele>114.19</ele><time>2024-09-14T01:54:43Z</time></trkpt><trkpt lat="-39.3663410749" lon="-72.6263030805"><ele>114.21</ele><time>2024-09-14T01:54:44Z</time></trkpt><trkpt lat="-39.3663861696" lon="-72.6263071038"><ele>114.13</ele><time>2024-09-14T01:54:45Z</time></trkpt><trkpt lat="-39.3664347008" lon="-72.6262935251"><ele>114.12</ele><time>2024-09-14T01:54:46Z</time></trkpt><trkpt lat="-39.3664888479" lon="-72.6262612548"><ele>114.07</ele><time>2024-09-14T01:54:47Z</time></trkpt><trkpt lat="-39.3665447552" lon="-72.6262138970"><ele>114.17</ele><time>2024-09-14T01:54:48Z</time></trkpt><trkpt lat="-39.3666048534" lon="-72.6261569001"><ele>114.27</ele><time>2024-09-14T01:54:49Z</time></trkpt><trkpt lat="-39.3675482366" lon="-72.6252272632"><ele>115.37</ele><time>2024-09-14T01:55:05Z</time></trkpt><trkpt lat="-39.3681012746" lon="-72.6246846188"><ele>115.71</ele><time>2024-09-14T01:55:17Z</time></trkpt><trkpt lat="-39.3684469443" lon="-72.6243511029"><ele>116.13</ele><time>2024-09-14T01:55:25Z</time></trkpt><trkpt lat="-39.3689927738" lon="-72.6238301676"><ele>116.31</ele><time>2024-09-14T01:55:37Z</time></trkpt><trkpt lat="-39.3693883158" lon="-72.6234374754"><ele>116.86</ele><time>2024-09-14T01:55:46Z</time></trkpt><trkpt lat="-39.3701562658" lon="-72.6226824336"><ele>117.50</ele><time>2024-09-14T01:56:01Z</time></trkpt><trkpt lat="-39.3707728386" lon="-72.6221237797"><ele>117.78</ele><time>2024-09-14T01:56:14Z</time></trkpt><trkpt lat="-39.3708011694" lon="-72.6221267134"><ele>117.72</ele><time>2024-09-14T01:56:15Z</time></trkpt><trkpt lat="-39.3708312605" lon="-72.6221475005"><ele>117.84</ele><time>2024-09-14T01:56:16Z</time></trkpt><trkpt lat="-39.3708599266" lon="-72.6221796032"><ele>117.80</ele><time>2024-09-14T01:56:17Z</time></trkpt><trkpt lat="-39.3708857428" lon="-72.6222211774"><ele>117.58</ele><time>2024-09-14T01:56:18Z</time></trkpt><trkpt lat="-39.3709144928" lon="-72.6222744025"><ele>117.49</ele><time>2024-09-14T01:56:19Z</time></trkpt><trkpt lat="-39.3713459093" lon="-72.6230936497"><ele>115.11</ele><time>2024-09-14T01:56:32Z</time></trkpt><trkpt lat="-39.3713594042" lon="-72.6231472939"><ele>115.04</ele><time>2024-09-14T01:56:33Z</time></trkpt><trkpt lat="-39.3713604938" lon="-72.6232037880"><ele>114.85</ele><time>2024-09-14T01:56:34Z</time></trkpt><trkpt lat="-39.3713446520" lon="-72.6232676581"><ele>114.93</ele><time>2024-09-14T01:56:35Z</time></trkpt><trkpt lat="-39.3713136390" lon="-72.6233286783"><ele>114.98</ele><time>2024-09-14T01:56:36Z</time></trkpt><trkpt lat="-39.3712690473" lon="-72.6233876869"><ele>114.84</ele><time>2024-09-14T01:56:37Z</time></trkpt><trkpt lat="-39.3712140620" lon="-72.6234450191"><ele>114.88</ele><time>2024-09-14T01:56:38Z</time></trkpt><trkpt lat="-39.3711563107" lon="-72.6235005911"><ele>114.89</ele><time>2024-09-14T01:56:39Z</time></trkpt><trkpt lat="-39.3704357184" lon="-72.6241939422"><ele>116.38</ele><time>2024-09-14T01:56:53Z</time></trkpt><trkpt lat="-39.3697457202" lon="-72.6248368341"><ele>115.84</ele><time>2024-09-14T01:57:05Z</time></trkpt><trkpt lat="-39.3694067560" lon="-72.6251707692"><ele>115.89</ele><time>2024-09-14T01:57:13Z</time></trkpt><trkpt lat="-39.3688292429" lon="-72.6257269084"><ele>115.84</ele><time>2024-09-14T01:57:25Z</time></trkpt><trkpt lat="-39.3683938030" lon="-72.6261506137"><ele>115.74</ele><time>2024-09-14T01:57:33Z</time></trkpt><trkpt lat="-39.3675697781" lon="-72.6269645803"><ele>113.95</ele><time>2024-09-14T01:57:49Z</time></trkpt><trkpt lat="-39.3671015650" lon="-72.6273850165"><ele>112.86</ele><time>2024-09-14T01:58:02Z</time></trkpt><trkpt lat="-39.3670411315" lon="-72.6274892874"><ele>113.01</ele><time>2024-09-14T01:58:05Z</time></trkpt><trkpt lat="-39.3670419697" lon="-72.6275487151"><ele>113.20</ele><time>2024-09-14T01:58:06Z</time></trkpt><trkpt lat="-39.3670629244" lon="-72.6276166085"><ele>113.06</ele><time>2024-09-14T01:58:07Z</time></trkpt><trkpt lat="-39.3670950271" lon="-72.6276828256"><ele>113.07</ele><time>2024-09-14T01:58:08Z</time></trkpt><trkpt lat="-39.3671343382" lon="-72.6277514733"><ele>113.15</ele><time>2024-09-14T01:58:09Z</time></trkpt><trkpt lat="-39.3671784271" lon="-72.6278240606"><ele>113.21</ele><time>2024-09-14T01:58:10Z</time></trkpt><trkpt lat="-39.3675689399" lon="-72.6284760050"><ele>113.09</ele><time>2024-09-14T01:58:19Z</time></trkpt><trkpt lat="-39.3675976060" lon="-72.6285074372"><ele>113.04</ele><time>2024-09-14T01:58:20Z</time></trkpt><trkpt lat="-39.3676188961" lon="-72.6285248715"><ele>113.03</ele><time>2024-09-14T01:58:21Z</time></trkpt><trkpt lat="-39.3676334806" lon="-72.6285330858"><ele>112.98</ele><time>2024-09-14T01:58:22Z</time></trkpt><trkpt lat="-39.3677649926" lon="-72.6285115443"><ele>112.75</ele><time>2024-09-14T01:58:28Z</time></trkpt><trkpt lat="-39.3678066507" lon="-72.6284763403"><ele>112.79</ele><time>2024-09-14T01:58:29Z</time></trkpt><trkpt lat="-39.3683780450" lon="-72.6279040240"><ele>113.57</ele><time>2024-09-14T01:58:39Z</time></trkpt><trkpt lat="-39.3692617491" lon="-72.6270481478"><ele>114.67</ele><time>2024-09-14T01:58:53Z</time></trkpt><trkpt lat="-39.3694754038" lon="-72.6268365048"><ele>114.55</ele><time>2024-09-14T01:59:00Z</time></trkpt><trkpt lat="-39.3700197246" lon="-72.6263156533"><ele>114.51</ele><time>2024-09-14T01:59:10Z</time></trkpt><trkpt lat="-39.3703425117" lon="-72.6260486897"><ele>114.26</ele><time>2024-09-14T01:59:19Z</time></trkpt><trkpt lat="-39.3703752849" lon="-72.6260723267"><ele>114.21</ele><time>2024-09-14T01:59:20Z</time></trkpt><trkpt lat="-39.3704093993" lon="-72.6261131465"><ele>114.30</ele><time>2024-09-14T01:59:21Z</time></trkpt><trkpt lat="-39.3704448547" lon="-72.6261673775"><ele>114.33</ele><time>2024-09-14T01:59:22Z</time></trkpt><trkpt lat="-39.3704806454" lon="-72.6262297388"><ele>114.38</ele><time>2024-09-14T01:59:23Z</time></trkpt><trkpt lat="-39.3711713143" lon="-72.6274914667"><ele>111.57</ele><time>2024-09-14T01:59:40Z</time></trkpt><trkpt lat="-39.3715404533" lon="-72.6281245518"><ele>108.33</ele><time>2024-09-14T01:59:49Z</time></trkpt><trkpt lat="-39.3715865538" lon="-72.6282204408"><ele>108.13</ele><time>2024-09-14T01:59:51Z</time></trkpt><trkpt lat="-39.3715911638" lon="-72.6282725763"><ele>108.07</ele><time>2024-09-14T01:59:52Z</time></trkpt><trkpt lat="-39.3715773337" lon="-72.6283250470"><ele>108.16</ele><time>2024-09-14T01:59:53Z</time></trkpt><trkpt lat="-39.3715474103" lon="-72.6283761766"><ele>108.46</ele><time>2024-09-14T01:59:54Z</time></trkpt><trkpt lat="-39.3715039920" lon="-72.6284258813"><ele>108.78</ele><time>2024-09-14T01:59:55Z</time></trkpt><trkpt lat="-39.3714510184" lon="-72.6284798607"><ele>109.04</ele><time>2024-09-14T01:59:56Z</time></trkpt><trkpt lat="-39.3709955458" lon="-72.6289046556"><ele>112.27</ele><time>2024-09-14T02:00:04Z</time></trkpt><trkpt lat="-39.3707757723" lon="-72.6291024685"><ele>113.66</ele><time>2024-09-14T02:00:12Z</time></trkpt><trkpt lat="-39.3702672422" lon="-72.6295809075"><ele>113.95</ele><time>2024-09-14T02:00:21Z</time></trkpt><trkpt lat="-39.3693373539" lon="-72.6304698084"><ele>113.06</ele><time>2024-09-14T02:00:37Z</time></trkpt><trkpt lat="-39.3690516986" lon="-72.6307457406"><ele>112.22</ele><time>2024-09-14T02:00:46Z</time></trkpt><trkpt lat="-39.3685582560" lon="-72.6312094275"><ele>112.40</ele><time>2024-09-14T02:00:57Z</time></trkpt><trkpt lat="-39.3681964092" lon="-72.6315505709"><ele>111.98</ele><time>2024-09-14T02:01:09Z</time></trkpt><trkpt lat="-39.3682057969" lon="-72.6315423567"><ele>112.01</ele><time>2024-09-14T02:01:10Z</time></trkpt><trkpt lat="-39.3684357125" lon="-72.6313221641"><ele>112.08</ele><time>2024-09-14T02:01:24Z</time></trkpt><trkpt lat="-39.3684922904" lon="-72.6312928274"><ele>112.11</ele><time>2024-09-14T02:01:37Z</time></trkpt><trkpt lat="-39.3685162626" lon="-72.6312765665"><ele>111.98</ele><time>2024-09-14T02:01:39Z</time></trkpt><trkpt lat="-39.3688671291" lon="-72.6309039071"><ele>111.98</ele><time>2024-09-14T02:01:53Z</time></trkpt><trkpt lat="-39.3688926939" lon="-72.6308789290"><ele>111.85</ele><time>2024-09-14T02:02:00Z</time></trkpt><trkpt lat="-39.3689393811" lon="-72.6308207586"><ele>111.92</ele><time>2024-09-14T02:02:03Z</time></trkpt><trkpt lat="-39.3688626029" lon="-72.6304692216"><ele>112.34</ele><time>2024-09-14T02:02:09Z</time></trkpt><trkpt lat="-39.3678060640" lon="-72.6286695432"><ele>113.04</ele><time>2024-09-14T02:02:31Z</time></trkpt><trkpt lat="-39.3665901013" lon="-72.6265624166"><ele>112.98</ele><time>2024-09-14T02:02:55Z</time></trkpt><trkpt lat="-39.3658688385" lon="-72.6253208052"><ele>113.73</ele><time>2024-09-14T02:03:11Z</time></trkpt><trkpt lat="-39.3657261785" lon="-72.6251496468"><ele>113.73</ele><time>2024-09-14T02:03:18Z</time></trkpt><trkpt lat="-39.3656804133" lon="-72.6251407620"><ele>113.90</ele><time>2024-09-14T02:03:19Z</time></trkpt><trkpt lat="-39.3656289484" lon="-72.6251467969"><ele>114.18</ele><time>2024-09-14T02:03:20Z</time></trkpt><trkpt lat="-39.3655744661" lon="-72.6251764689"><ele>114.15</ele><time>2024-09-14T02:03:21Z</time></trkpt><trkpt lat="-39.3655210733" lon="-72.6252257545"><ele>114.18</ele><time>2024-09-14T02:03:22Z</time></trkpt><trkpt lat="-39.3654669262" lon="-72.6252833381"><ele>114.14</ele><time>2024-09-14T02:03:23Z</time></trkpt><trkpt lat="-39.3648667820" lon="-72.6258954685"><ele>113.78</ele><time>2024-09-14T02:03:35Z</time></trkpt><trkpt lat="-39.3647516984" lon="-72.6260907669"><ele>113.65</ele><time>2024-09-14T02:03:42Z</time></trkpt><trkpt lat="-39.3647624273" lon="-72.6261527091"><ele>113.74</ele><time>2024-09-14T02:03:43Z</time></trkpt><trkpt lat="-39.3647872377" lon="-72.6262196805"><ele>113.72</ele><time>2024-09-14T02:03:44Z</time></trkpt><trkpt lat="-39.3648217712" lon="-72.6262897532"><ele>113.67</ele><time>2024-09-14T02:03:45Z</time></trkpt><trkpt lat="-39.3648624234" lon="-72.6263644360"><ele>113.77</ele><time>2024-09-14T02:03:46Z</time></trkpt><trkpt lat="-39.3657302856" lon="-72.6278729271"><ele>113.16</ele><time>2024-09-14T02:04:05Z</time></trkpt><trkpt lat="-39.3665926997" lon="-72.6293535903"><ele>112.62</ele><time>2024-09-14T02:04:22Z</time></trkpt><trkpt lat="-39.3675128650" lon="-72.6309608202"><ele>112.11</ele><time>2024-09-14T02:04:42Z</time></trkpt><trkpt lat="-39.3679255061" lon="-72.6317544188"><ele>111.74</ele><time>2024-09-14T02:04:55Z</time></trkpt><trkpt lat="-39.3679172918" lon="-72.6317848451"><ele>111.76</ele><time>2024-09-14T02:04:56Z</time></trkpt><trkpt lat="-39.3679020368" lon="-72.6318146847"><ele>111.80</ele><time>2024-09-14T02:04:57Z</time></trkpt><trkpt lat="-39.3678739574" lon="-72.6318480447"><ele>111.76</ele><time>2024-09-14T02:04:58Z</time></trkpt><trkpt lat="-39.3678353168" lon="-72.6318873558"><ele>111.83</ele><time>2024-09-14T02:04:59Z</time></trkpt><trkpt lat="-39.3673657626" lon="-72.6323595084"><ele>111.67</ele><time>2024-09-14T02:05:08Z</time></trkpt><trkpt lat="-39.3672703765" lon="-72.6323945448"><ele>111.42</ele><time>2024-09-14T02:05:11Z</time></trkpt><trkpt lat="-39.3672415428" lon="-72.6323772781"><ele>111.43</ele><time>2024-09-14T02:05:12Z</time></trkpt><trkpt lat="-39.3672087695" lon="-72.6323492825"><ele>111.46</ele><time>2024-09-14T02:05:13Z</time></trkpt><trkpt lat="-39.3667034246" lon="-72.6317626331"><ele>111.55</ele><time>2024-09-14T02:05:27Z</time></trkpt><trkpt lat="-39.3665364571" lon="-72.6314452942"><ele>111.58</ele><time>2024-09-14T02:05:36Z</time></trkpt><trkpt lat="-39.3665466830" lon="-72.6314079948"><ele>111.38</ele><time>2024-09-14T02:05:37Z</time></trkpt><trkpt lat="-39.3665693142" lon="-72.6313725393"><ele>111.31</ele><time>2024-09-14T02:05:38Z</time></trkpt><trkpt lat="-39.3666037638" lon="-72.6313362457"><ele>111.38</ele><time>2024-09-14T02:05:39Z</time></trkpt><trkpt lat="-39.3666476011" lon="-72.6312952582"><ele>111.49</ele><time>2024-09-14T02:05:40Z</time></trkpt><trkpt lat="-39.3672239408" lon="-72.6307157334"><ele>111.92</ele><time>2024-09-14T02:05:50Z</time></trkpt><trkpt lat="-39.3673467357" lon="-72.6306717284"><ele>111.73</ele><time>2024-09-14T02:05:55Z</time></trkpt><trkpt lat="-39.3673804309" lon="-72.6307102013"><ele>111.76</ele><time>2024-09-14T02:05:56Z</time></trkpt><trkpt lat="-39.3674173951" lon="-72.6307684556"><ele>111.82</ele><time>2024-09-14T02:05:57Z</time></trkpt><trkpt lat="-39.3679379113" lon="-72.6316718571"><ele>112.07</ele><time>2024-09-14T02:06:08Z</time></trkpt><trkpt lat="-39.3685461022" lon="-72.6327101234"><ele>111.97</ele><time>2024-09-14T02:06:23Z</time></trkpt><trkpt lat="-39.3685623631" lon="-72.6327381190"><ele>111.73</ele><time>2024-09-14T02:06:31Z</time></trkpt><trkpt lat="-39.3686442543" lon="-72.6327790227"><ele>112.00</ele><time>2024-09-14T02:06:34Z</time></trkpt><trkpt lat="-39.3686898518" lon="-72.6327704731"><ele>112.02</ele><time>2024-09-14T02:06:35Z</time></trkpt><trkpt lat="-39.3687398080" lon="-72.6327423938"><ele>112.15</ele><time>2024-09-14T02:06:36Z</time></trkpt><trkpt lat="-39.3687937874" lon="-72.6326981373"><ele>112.28</ele><time>2024-09-14T02:06:37Z</time></trkpt><trkpt lat="-39.3688553944" lon="-72.6326402184"><ele>112.22</ele><time>2024-09-14T02:06:38Z</time></trkpt><trkpt lat="-39.3694385234" lon="-72.6320803910"><ele>112.23</ele><time>2024-09-14T02:06:49Z</time></trkpt><trkpt lat="-39.3694817740" lon="-72.6320239808"><ele>112.38</ele><time>2024-09-14T02:06:58Z</time></trkpt><trkpt lat="-39.3694872223" lon="-72.6319990866"><ele>112.23</ele><time>2024-09-14T02:07:13Z</time></trkpt><trkpt lat="-39.3695206661" lon="-72.6319667324"><ele>112.17</ele><time>2024-09-14T02:07:18Z</time></trkpt><trkpt lat="-39.3695410341" lon="-72.6319528185"><ele>112.32</ele><time>2024-09-14T02:07:19Z</time></trkpt><trkpt lat="-39.3695625756" lon="-72.6319358032"><ele>112.51</ele><time>2024-09-14T02:07:20Z</time></trkpt><trkpt lat="-39.3695848715" lon="-72.6319163572"><ele>112.56</ele><time>2024-09-14T02:07:21Z</time></trkpt><trkpt lat="-39.3696150463" lon="-72.6318807341"><ele>112.55</ele><time>2024-09-14T02:07:22Z</time></trkpt><trkpt lat="-39.3696474005" lon="-72.6318418421"><ele>112.56</ele><time>2024-09-14T02:07:23Z</time></trkpt><trkpt lat="-39.3696944229" lon="-72.6318001840"><ele>112.74</ele><time>2024-09-14T02:07:24Z</time></trkpt><trkpt lat="-39.3697467260" lon="-72.6317531615"><ele>112.72</ele><time>2024-09-14T02:07:25Z</time></trkpt><trkpt lat="-39.3697975203" lon="-72.6317029539"><ele>112.77</ele><time>2024-09-14T02:07:26Z</time></trkpt><trkpt lat="-39.3705119938" lon="-72.6310047414"><ele>113.22</ele><time>2024-09-14T02:07:41Z</time></trkpt><trkpt lat="-39.3708106410" lon="-72.6307207625"><ele>112.94</ele><time>2024-09-14T02:07:49Z</time></trkpt><trkpt lat="-39.3714909162" lon="-72.6300699078"><ele>111.57</ele><time>2024-09-14T02:08:01Z</time></trkpt><trkpt lat="-39.3715469912" lon="-72.6300215442"><ele>111.12</ele><time>2024-09-14T02:08:02Z</time></trkpt><trkpt lat="-39.3716003001" lon="-72.6299642120"><ele>110.52</ele><time>2024-09-14T02:08:03Z</time></trkpt><trkpt lat="-39.3716540281" lon="-72.6299065445"><ele>110.21</ele><time>2024-09-14T02:08:04Z</time></trkpt><trkpt lat="-39.3717088457" lon="-72.6298516430"><ele>109.54</ele><time>2024-09-14T02:08:05Z</time></trkpt><trkpt lat="-39.3718677666" lon="-72.6296969131"><ele>108.30</ele><time>2024-09-14T02:08:08Z</time></trkpt><trkpt lat="-39.3721535057" lon="-72.6294288598"><ele>107.55</ele><time>2024-09-14T02:08:14Z</time></trkpt><trkpt lat="-39.3721876200" lon="-72.6294064801"><ele>107.44</ele><time>2024-09-14T02:08:15Z</time></trkpt><trkpt lat="-39.3722194713" lon="-72.6293965895"><ele>107.40</ele><time>2024-09-14T02:08:16Z</time></trkpt><trkpt lat="-39.3722569384" lon="-72.6294049714"><ele>107.46</ele><time>2024-09-14T02:08:17Z</time></trkpt><trkpt lat="-39.3722954951" lon="-72.6294381637"><ele>107.48</ele><time>2024-09-14T02:08:18Z</time></trkpt><trkpt lat="-39.3723346386" lon="-72.6294892095"><ele>107.51</ele><time>2024-09-14T02:08:19Z</time></trkpt><trkpt lat="-39.3723805714" lon="-72.6295551751"><ele>107.54</ele><time>2024-09-14T02:08:20Z</time></trkpt><trkpt lat="-39.3724285159" lon="-72.6296332944"><ele>107.48</ele><time>2024-09-14T02:08:21Z</time></trkpt><trkpt lat="-39.3728753552" lon="-72.6304477639"><ele>106.85</ele><time>2024-09-14T02:08:33Z</time></trkpt><trkpt lat="-39.3728619441" lon="-72.6305035874"><ele>106.96</ele><time>2024-09-14T02:08:34Z</time></trkpt><trkpt lat="-39.3728325237" lon="-72.6305579022"><ele>107.08</ele><time>2024-09-14T02:08:35Z</time></trkpt><trkpt lat="-39.3727862556" lon="-72.6306140609"><ele>106.92</ele><time>2024-09-14T02:08:36Z</time></trkpt><trkpt lat="-39.3727285881" lon="-72.6306734886"><ele>107.14</ele><time>2024-09-14T02:08:37Z</time></trkpt><trkpt lat="-39.3721424416" lon="-72.6312568691"><ele>108.94</ele><time>2024-09-14T02:08:47Z</time></trkpt><trkpt lat="-39.3717191555" lon="-72.6316788141"><ele>110.50</ele><time>2024-09-14T02:08:57Z</time></trkpt><trkpt lat="-39.3712303229" lon="-72.6321434230"><ele>112.34</ele><time>2024-09-14T02:09:09Z</time></trkpt><trkpt lat="-39.3707564939" lon="-72.6325960457"><ele>112.75</ele><time>2024-09-14T02:09:19Z</time></trkpt><trkpt lat="-39.3703692500" lon="-72.6329671126"><ele>112.20</ele><time>2024-09-14T02:09:30Z</time></trkpt><trkpt lat="-39.3700172100" lon="-72.6333039813"><ele>112.50</ele><time>2024-09-14T02:09:38Z</time></trkpt><trkpt lat="-39.3694677763" lon="-72.6338443626"><ele>111.41</ele><time>2024-09-14T02:09:50Z</time></trkpt><trkpt lat="-39.3693537824" lon="-72.6340020262"><ele>110.95</ele><time>2024-09-14T02:09:56Z</time></trkpt><trkpt lat="-39.3693456519" lon="-72.6340544969"><ele>111.28</ele><time>2024-09-14T02:09:57Z</time></trkpt><trkpt lat="-39.3693555426" lon="-72.6341165230"><ele>111.31</ele><time>2024-09-14T02:09:58Z</time></trkpt><trkpt lat="-39.3693803530" lon="-72.6341777109"><ele>111.25</ele><time>2024-09-14T02:09:59Z</time></trkpt><trkpt lat="-39.3694148026" lon="-72.6342451852"><ele>111.45</ele><time>2024-09-14T02:10:00Z</time></trkpt><trkpt lat="-39.3694547005" lon="-72.6343175210"><ele>111.50</ele><time>2024-09-14T02:10:01Z</time></trkpt><trkpt lat="-39.3695059977" lon="-72.6343903597"><ele>111.66</ele><time>2024-09-14T02:10:02Z</time></trkpt><trkpt lat="-39.3698938284" lon="-72.6350011490"><ele>111.64</ele><time>2024-09-14T02:10:11Z</time></trkpt><trkpt lat="-39.3699302897" lon="-72.6350275520"><ele>111.73</ele><time>2024-09-14T02:10:12Z</time></trkpt><trkpt lat="-39.3699721992" lon="-72.6350299828"><ele>111.58</ele><time>2024-09-14T02:10:13Z</time></trkpt><trkpt lat="-39.3700151984" lon="-72.6350138057"><ele>111.60</ele><time>2024-09-14T02:10:14Z</time></trkpt><trkpt lat="-39.3700611312" lon="-72.6349798590"><ele>111.42</ele><time>2024-09-14T02:10:15Z</time></trkpt><trkpt lat="-39.3701100815" lon="-72.6349340938"><ele>111.54</ele><time>2024-09-14T02:10:16Z</time></trkpt><trkpt lat="-39.3701655697" lon="-72.6348778512"><ele>111.77</ele><time>2024-09-14T02:10:17Z</time></trkpt><trkpt lat="-39.3707634509" lon="-72.6342550758"><ele>112.47</ele><time>2024-09-14T02:10:30Z</time></trkpt><trkpt lat="-39.3709888402" lon="-72.6340406667"><ele>112.60</ele><time>2024-09-14T02:10:39Z</time></trkpt><trkpt lat="-39.3715605699" lon="-72.6334803365"><ele>110.59</ele><time>2024-09-14T02:10:52Z</time></trkpt><trkpt lat="-39.3718036450" lon="-72.6332386862"><ele>109.10</ele><time>2024-09-14T02:11:00Z</time></trkpt><trkpt lat="-39.3722729478" lon="-72.6327953674"><ele>109.17</ele><time>2024-09-14T02:11:08Z</time></trkpt><trkpt lat="-39.3726777937" lon="-72.6324248035"><ele>108.37</ele><time>2024-09-14T02:11:17Z</time></trkpt><trkpt lat="-39.3732392974" lon="-72.6318910439"><ele>107.88</ele><time>2024-09-14T02:11:27Z</time></trkpt><trkpt lat="-39.3736058380" lon="-72.6315481402"><ele>107.24</ele><time>2024-09-14T02:11:36Z</time></trkpt><trkpt lat="-39.3741742149" lon="-72.6309895702"><ele>106.85</ele><time>2024-09-14T02:11:49Z</time></trkpt><trkpt lat="-39.3745024502" lon="-72.6306807809"><ele>106.92</ele><time>2024-09-14T02:11:59Z</time></trkpt><trkpt lat="-39.3749869242" lon="-72.6302429941"><ele>106.37</ele><time>2024-09-14T02:12:09Z</time></trkpt><trkpt lat="-39.3752431590" lon="-72.6300010923"><ele>105.56</ele><time>2024-09-14T02:12:14Z</time></trkpt><trkpt lat="-39.3752849847" lon="-72.6299859211"><ele>105.46</ele><time>2024-09-14T02:12:15Z</time></trkpt><trkpt lat="-39.3753285706" lon="-72.6299958117"><ele>105.51</ele><time>2024-09-14T02:12:16Z</time></trkpt><trkpt lat="-39.3753701448" lon="-72.6300305966"><ele>105.48</ele><time>2024-09-14T02:12:17Z</time></trkpt><trkpt lat="-39.3754083663" lon="-72.6300863363"><ele>105.50</ele><time>2024-09-14T02:12:18Z</time></trkpt><trkpt lat="-39.3754488509" lon="-72.6301570795"><ele>105.54</ele><time>2024-09-14T02:12:19Z</time></trkpt><trkpt lat="-39.3758765794" lon="-72.6309060864"><ele>105.80</ele><time>2024-09-14T02:12:29Z</time></trkpt><trkpt lat="-39.3759004679" lon="-72.6309625804"><ele>105.85</ele><time>2024-09-14T02:12:30Z</time></trkpt><trkpt lat="-39.3759106938" lon="-72.6310234331"><ele>105.74</ele><time>2024-09-14T02:12:31Z</time></trkpt><trkpt lat="-39.3759000488" lon="-72.6310831122"><ele>105.75</ele><time>2024-09-14T02:12:32Z</time></trkpt><trkpt lat="-39.3758695386" lon="-72.6311386842"><ele>105.80</ele><time>2024-09-14T02:12:33Z</time></trkpt><trkpt lat="-39.3758210074" lon="-72.6311931666"><ele>105.75</ele><time>2024-09-14T02:12:34Z</time></trkpt><trkpt lat="-39.3757649325" lon="-72.6312495768"><ele>105.96</ele><time>2024-09-14T02:12:35Z</time></trkpt><trkpt lat="-39.3751404807" lon="-72.6318820752"><ele>106.25</ele><time>2024-09-14T02:12:48Z</time></trkpt><trkpt lat="-39.3746699207" lon="-72.6323590893"><ele>106.88</ele><time>2024-09-14T02:12:56Z</time></trkpt><trkpt lat="-39.3743137736" lon="-72.6326952875"><ele>107.16</ele><time>2024-09-14T02:13:04Z</time></trkpt><trkpt lat="-39.3742797431" lon="-72.6327182539"><ele>107.21</ele><time>2024-09-14T02:13:10Z</time></trkpt><trkpt lat="-39.3742169626" lon="-72.6327821240"><ele>107.37</ele><time>2024-09-14T02:13:12Z</time></trkpt><trkpt lat="-39.3737236038" lon="-72.6332594734"><ele>108.18</ele><time>2024-09-14T02:13:20Z</time></trkpt><trkpt lat="-39.3733130582" lon="-72.6336573623"><ele>108.33</ele><time>2024-09-14T02:13:29Z</time></trkpt><trkpt lat="-39.3725370616" lon="-72.6343959756"><ele>108.23</ele><time>2024-09-14T02:13:42Z</time></trkpt><trkpt lat="-39.3717343267" lon="-72.6351612434"><ele>109.96</ele><time>2024-09-14T02:13:55Z</time></trkpt><trkpt lat="-39.3715346698" lon="-72.6353731379"><ele>110.74</ele><time>2024-09-14T02:14:02Z</time></trkpt><trkpt lat="-39.3708658777" lon="-72.6359991822"><ele>111.77</ele><time>2024-09-14T02:14:13Z</time></trkpt><trkpt lat="-39.3707247265" lon="-72.6361398306"><ele>111.55</ele><time>2024-09-14T02:14:19Z</time></trkpt><trkpt lat="-39.3706772011" lon="-72.6362166088"><ele>111.62</ele><time>2024-09-14T02:14:21Z</time></trkpt><trkpt lat="-39.3706658855" lon="-72.6362700015"><ele>111.64</ele><time>2024-09-14T02:14:22Z</time></trkpt><trkpt lat="-39.3706724234" lon="-72.6363326143"><ele>111.71</ele><time>2024-09-14T02:14:23Z</time></trkpt><trkpt lat="-39.3706955574" lon="-72.6364012621"><ele>111.78</ele><time>2024-09-14T02:14:24Z</time></trkpt><trkpt lat="-39.3707338627" lon="-72.6364637911"><ele>111.65</ele><time>2024-09-14T02:14:25Z</time></trkpt><trkpt lat="-39.3707792088" lon="-72.6365354564"><ele>111.70</ele><time>2024-09-14T02:14:26Z</time></trkpt><trkpt lat="-39.3712786026" lon="-72.6373618282"><ele>111.10</ele><time>2024-09-14T02:14:37Z</time></trkpt><trkpt lat="-39.3713174947" lon="-72.6373934280"><ele>110.97</ele><time>2024-09-14T02:14:38Z</time></trkpt><trkpt lat="-39.3713609967" lon="-72.6374072582"><ele>110.98</ele><time>2024-09-14T02:14:39Z</time></trkpt><trkpt lat="-39.3714042474" lon="-72.6374034025"><ele>110.94</ele><time>2024-09-14T02:14:40Z</time></trkpt><trkpt lat="-39.3714513537" lon="-72.6373817772"><ele>110.77</ele><time>2024-09-14T02:14:41Z</time></trkpt><trkpt lat="-39.3714996334" lon="-72.6373477466"><ele>110.68</ele><time>2024-09-14T02:14:42Z</time></trkpt><trkpt lat="-39.3715512659" lon="-72.6373023167"><ele>110.69</ele><time>2024-09-14T02:14:43Z</time></trkpt><trkpt lat="-39.3716064189" lon="-72.6372489240"><ele>110.57</ele><time>2024-09-14T02:14:44Z</time></trkpt><trkpt lat="-39.3725314457" lon="-72.6363367215"><ele>108.05</ele><time>2024-09-14T02:15:00Z</time></trkpt><trkpt lat="-39.3738233484" lon="-72.6350609958"><ele>107.99</ele><time>2024-09-14T02:15:20Z</time></trkpt><trkpt lat="-39.3745171186" lon="-72.6343824808"><ele>107.65</ele><time>2024-09-14T02:15:33Z</time></trkpt><trkpt lat="-39.3751030136" lon="-72.6338063087"><ele>107.10</ele><time>2024-09-14T02:15:42Z</time></trkpt><trkpt lat="-39.3768532388" lon="-72.6319965720"><ele>108.70</ele><time>2024-09-14T02:16:06Z</time></trkpt><trkpt lat="-39.3778527807" lon="-72.6310350839"><ele>109.43</ele><time>2024-09-14T02:16:21Z</time></trkpt><trkpt lat="-39.3780166470" lon="-72.6308894064"><ele>109.00</ele><time>2024-09-14T02:16:28Z</time></trkpt><trkpt lat="-39.3780637532" lon="-72.6308562141"><ele>109.17</ele><time>2024-09-14T02:16:29Z</time></trkpt><trkpt lat="-39.3781215046" lon="-72.6308244467"><ele>109.16</ele><time>2024-09-14T02:16:30Z</time></trkpt><trkpt lat="-39.3791570049" lon="-72.6303801220"><ele>108.33</ele><time>2024-09-14T02:16:44Z</time></trkpt><trkpt lat="-39.3802591413" lon="-72.6299057063"><ele>108.56</ele><time>2024-09-14T02:17:00Z</time></trkpt><trkpt lat="-39.3809625506" lon="-72.6295963302"><ele>109.16</ele><time>2024-09-14T02:17:10Z</time></trkpt><trkpt lat="-39.3818266410" lon="-72.6292097569"><ele>109.32</ele><time>2024-09-14T02:17:24Z</time></trkpt><trkpt lat="-39.3822163995" lon="-72.6290393528"><ele>109.69</ele><time>2024-09-14T02:17:32Z</time></trkpt><trkpt lat="-39.3836377189" lon="-72.6284484286"><ele>110.30</ele><time>2024-09-14T02:17:52Z</time></trkpt><trkpt lat="-39.3836804666" lon="-72.6284261327"><ele>110.46</ele><time>2024-09-14T02:17:53Z</time></trkpt><trkpt lat="-39.3837072048" lon="-72.6283984724"><ele>110.44</ele><time>2024-09-14T02:17:54Z</time></trkpt><trkpt lat="-39.3837196101" lon="-72.6283638552"><ele>110.55</ele><time>2024-09-14T02:17:55Z</time></trkpt><trkpt lat="-39.3837164249" lon="-72.6283247117"><ele>110.38</ele><time>2024-09-14T02:17:56Z</time></trkpt><trkpt lat="-39.3836969789" lon="-72.6282858197"><ele>110.43</ele><time>2024-09-14T02:17:57Z</time></trkpt><trkpt lat="-39.3836648762" lon="-72.6282514539"><ele>110.30</ele><time>2024-09-14T02:17:58Z</time></trkpt><trkpt lat="-39.3836234696" lon="-72.6282168366"><ele>110.35</ele><time>2024-09-14T02:17:59Z</time></trkpt><trkpt lat="-39.3835780397" lon="-72.6281741727"><ele>110.41</ele><time>2024-09-14T02:18:00Z</time></trkpt><trkpt lat="-39.3835336994" lon="-72.6281251386"><ele>110.45</ele><time>2024-09-14T02:18:01Z</time></trkpt><trkpt lat="-39.3830752093" lon="-72.6276141778"><ele>110.40</ele><time>2024-09-14T02:18:13Z</time></trkpt><trkpt lat="-39.3829701003" lon="-72.6276088133"><ele>110.31</ele><time>2024-09-14T02:18:16Z</time></trkpt><trkpt lat="-39.3829287775" lon="-72.6276272535"><ele>110.26</ele><time>2024-09-14T02:18:17Z</time></trkpt><trkpt lat="-39.3824775796" lon="-72.6278249826"><ele>109.71</ele><time>2024-09-14T02:18:28Z</time></trkpt><trkpt lat="-39.3821928464" lon="-72.6279516332"><ele>109.15</ele><time>2024-09-14T02:18:38Z</time></trkpt><trkpt lat="-39.3820254598" lon="-72.6280274056"><ele>109.39</ele><time>2024-09-14T02:18:51Z</time></trkpt><trkpt lat="-39.3819967937" lon="-72.6280381344"><ele>109.43</ele><time>2024-09-14T02:18:54Z</time></trkpt><trkpt lat="-39.3819697201" lon="-72.6280498691"><ele>109.40</ele><time>2024-09-14T02:18:56Z</time></trkpt><trkpt lat="-39.3816475198" lon="-72.6281870808"><ele>109.13</ele><time>2024-09-14T02:19:08Z</time></trkpt><trkpt lat="-39.3813533988" lon="-72.6283302438"><ele>108.98</ele><time>2024-09-14T02:19:20Z</time></trkpt><trkpt lat="-39.3813509680" lon="-72.6283475943"><ele>109.04</ele><time>2024-09-14T02:19:21Z</time></trkpt><trkpt lat="-39.3813527282" lon="-72.6283652801"><ele>109.01</ele><time>2024-09-14T02:19:22Z</time></trkpt><trkpt lat="-39.3813559134" lon="-72.6283997297"><ele>108.95</ele><time>2024-09-14T02:19:40Z</time></trkpt><trkpt lat="-39.3813544884" lon="-72.6284357719"><ele>108.99</ele><time>2024-09-14T02:19:52Z</time></trkpt><trkpt lat="-39.3813719228" lon="-72.6285076048"><ele>108.96</ele><time>2024-09-14T02:19:57Z</time></trkpt><trkpt lat="-39.3813765328" lon="-72.6285248715"><ele>108.85</ele><time>2024-09-14T02:19:58Z</time></trkpt><trkpt lat="-39.3814637884" lon="-72.6288427971"><ele>109.15</ele><time>2024-09-14T02:20:14Z</time></trkpt><trkpt lat="-39.3815610185" lon="-72.6292374171"><ele>108.88</ele><time>2024-09-14T02:20:25Z</time></trkpt><trkpt lat="-39.3815473560" lon="-72.6293315459"><ele>108.68</ele><time>2024-09-14T02:20:32Z</time></trkpt><trkpt lat="-39.3814819772" lon="-72.6293953322"><ele>108.75</ele><time>2024-09-14T02:20:35Z</time></trkpt><trkpt lat="-39.3814452644" lon="-72.6294121798"><ele>108.78</ele><time>2024-09-14T02:20:36Z</time></trkpt><trkpt lat="-39.3813198712" lon="-72.6294475514"><ele>108.85</ele><time>2024-09-14T02:20:39Z</time></trkpt><trkpt lat="-39.3806032185" lon="-72.6297510602"><ele>108.49</ele><time>2024-09-14T02:20:52Z</time></trkpt><trkpt lat="-39.3805343192" lon="-72.6297591906"><ele>108.38</ele><time>2024-09-14T02:20:54Z</time></trkpt><trkpt lat="-39.3805059046" lon="-72.6297399960"><ele>108.25</ele><time>2024-09-14T02:20:55Z</time></trkpt><trkpt lat="-39.3804843631" lon="-72.6297093183"><ele>108.31</ele><time>2024-09-14T02:20:56Z</time></trkpt><trkpt lat="-39.3804665096" lon="-72.6296678279"><ele>108.27</ele><time>2024-09-14T02:20:57Z</time></trkpt><trkpt lat="-39.3804519251" lon="-72.6296184584"><ele>108.26</ele><time>2024-09-14T02:20:58Z</time></trkpt><trkpt lat="-39.3804385141" lon="-72.6295660716"><ele>108.33</ele><time>2024-09-14T02:20:59Z</time></trkpt><trkpt lat="-39.3802277930" lon="-72.6288820244"><ele>108.73</ele><time>2024-09-14T02:21:12Z</time></trkpt><trkpt lat="-39.3800008111" lon="-72.6279792096"><ele>108.73</ele><time>2024-09-14T02:21:25Z</time></trkpt><trkpt lat="-39.3800062593" lon="-72.6279406529"><ele>108.29</ele><time>2024-09-14T02:21:31Z</time></trkpt><trkpt lat="-39.3800355121" lon="-72.6278912835"><ele>108.38</ele><time>2024-09-14T02:21:33Z</time></trkpt><trkpt lat="-39.3800619990" lon="-72.6278664730"><ele>108.45</ele><time>2024-09-14T02:21:34Z</time></trkpt><trkpt lat="-39.3800959457" lon="-72.6278457697"><ele>108.44</ele><time>2024-09-14T02:21:35Z</time></trkpt><trkpt lat="-39.3807208166" lon="-72.6275929715"><ele>108.87</ele><time>2024-09-14T02:21:46Z</time></trkpt><trkpt lat="-39.3810306955" lon="-72.6274381578"><ele>108.51</ele><time>2024-09-14T02:21:54Z</time></trkpt><trkpt lat="-39.3810419273" lon="-72.6274061389"><ele>108.47</ele><time>2024-09-14T02:21:55Z</time></trkpt><trkpt lat="-39.3810444418" lon="-72.6273726113"><ele>108.46</ele><time>2024-09-14T02:21:56Z</time></trkpt><trkpt lat="-39.3810385745" lon="-72.6273314562"><ele>108.48</ele><time>2024-09-14T02:21:57Z</time></trkpt><trkpt lat="-39.3810254987" lon="-72.6272846851"><ele>108.58</ele><time>2024-09-14T02:21:58Z</time></trkpt><trkpt lat="-39.3810086511" lon="-72.6272348128"><ele>108.61</ele><time>2024-09-14T02:21:59Z</time></trkpt><trkpt lat="-39.3809551746" lon="-72.6269873790"><ele>108.63</ele><time>2024-09-14T02:22:05Z</time></trkpt><trkpt lat="-39.3809706811" lon="-72.6269655023"><ele>108.61</ele><time>2024-09-14T02:22:06Z</time></trkpt><trkpt lat="-39.3809950724" lon="-72.6269514207"><ele>108.71</ele><time>2024-09-14T02:22:07Z</time></trkpt><trkpt lat="-39.3810248282" lon="-72.6269401051"><ele>108.70</ele><time>2024-09-14T02:22:08Z</time></trkpt><trkpt lat="-39.3810589425" lon="-72.6269267779"><ele>108.76</ele><time>2024-09-14T02:22:09Z</time></trkpt><trkpt lat="-39.3810961582" lon="-72.6269116905"><ele>108.68</ele><time>2024-09-14T02:22:10Z</time></trkpt><trkpt lat="-39.3815463502" lon="-72.6266922522"><ele>109.11</ele><time>2024-09-14T02:22:22Z</time></trkpt><trkpt lat="-39.3816185184" lon="-72.6266901568"><ele>109.06</ele><time>2024-09-14T02:22:26Z</time></trkpt><trkpt lat="-39.3816346955" lon="-72.6267178170"><ele>109.13</ele><time>2024-09-14T02:22:27Z</time></trkpt><trkpt lat="-39.3816503696" lon="-72.6267611515"><ele>109.08</ele><time>2024-09-14T02:22:28Z</time></trkpt><trkpt lat="-39.3817057740" lon="-72.6271232497"><ele>109.03</ele><time>2024-09-14T02:22:36Z</time></trkpt><trkpt lat="-39.3816768564" lon="-72.6271519996"><ele>109.05</ele><time>2024-09-14T02:22:37Z</time></trkpt><trkpt lat="-39.3816405628" lon="-72.6271739602"><ele>109.14</ele><time>2024-09-14T02:22:38Z</time></trkpt><trkpt lat="-39.3810926378" lon="-72.6274255849"><ele>108.49</ele><time>2024-09-14T02:22:49Z</time></trkpt><trkpt lat="-39.3810530752" lon="-72.6274495572"><ele>108.39</ele><time>2024-09-14T02:22:50Z</time></trkpt><trkpt lat="-39.3804890569" lon="-72.6276778802"><ele>108.75</ele><time>2024-09-14T02:23:00Z</time></trkpt><trkpt lat="-39.3804260250" lon="-72.6277238131"><ele>108.59</ele><time>2024-09-14T02:23:02Z</time></trkpt><trkpt lat="-39.3804126978" lon="-72.6277552452"><ele>108.52</ele><time>2024-09-14T02:23:03Z</time></trkpt><trkpt lat="-39.3804083392" lon="-72.6277861744"><ele>108.44</ele><time>2024-09-14T02:23:04Z</time></trkpt><trkpt lat="-39.3804085068" lon="-72.6278171875"><ele>108.38</ele><time>2024-09-14T02:23:05Z</time></trkpt><trkpt lat="-39.3804161344" lon="-72.6278488711"><ele>108.30</ele><time>2024-09-14T02:23:06Z</time></trkpt><trkpt lat="-39.3804299645" lon="-72.6278870925"><ele>108.25</ele><time>2024-09-14T02:23:07Z</time></trkpt><trkpt lat="-39.3804450519" lon="-72.6279381383"><ele>108.33</ele><time>2024-09-14T02:23:08Z</time></trkpt><trkpt lat="-39.3804624863" lon="-72.6279954705"><ele>108.40</ele><time>2024-09-14T02:23:09Z</time></trkpt><trkpt lat="-39.3806084152" lon="-72.6285896637"><ele>108.66</ele><time>2024-09-14T02:23:20Z</time></trkpt><trkpt lat="-39.3806573655" lon="-72.6288184058"><ele>108.49</ele><time>2024-09-14T02:23:29Z</time></trkpt><trkpt lat="-39.3806619756" lon="-72.6288256142"><ele>108.51</ele><time>2024-09-14T02:23:30Z</time></trkpt><trkpt lat="-39.3806975987" lon="-72.6289458945"><ele>108.48</ele><time>2024-09-14T02:23:33Z</time></trkpt><trkpt lat="-39.3808339722" lon="-72.6295312867"><ele>108.06</ele><time>2024-09-14T02:23:42Z</time></trkpt><trkpt lat="-39.3810197990" lon="-72.6296694204"><ele>107.90</ele><time>2024-09-14T02:23:51Z</time></trkpt><trkpt lat="-39.3810399156" lon="-72.6297110785"><ele>108.03</ele><time>2024-09-14T02:23:52Z</time></trkpt><trkpt lat="-39.3810603675" lon="-72.6297648065"><ele>108.07</ele><time>2024-09-14T02:23:53Z</time></trkpt><trkpt lat="-39.3812841643" lon="-72.6305722352"><ele>108.14</ele><time>2024-09-14T02:24:04Z</time></trkpt><trkpt lat="-39.3813351262" lon="-72.6307908352"><ele>107.74</ele><time>2024-09-14T02:24:11Z</time></trkpt><trkpt lat="-39.3814988248" lon="-72.6314122695"><ele>107.81</ele><time>2024-09-14T02:24:19Z</time></trkpt><trkpt lat="-39.3816004973" lon="-72.6319434308"><ele>106.98</ele><time>2024-09-14T02:24:28Z</time></trkpt><trkpt lat="-39.3815838173" lon="-72.6319877710"><ele>107.05</ele><time>2024-09-14T02:24:29Z</time></trkpt><trkpt lat="-39.3815507088" lon="-72.6320386492"><ele>107.07</ele><time>2024-09-14T02:24:30Z</time></trkpt><trkpt lat="-39.3813479505" lon="-72.6323162578"><ele>106.92</ele><time>2024-09-14T02:24:36Z</time></trkpt><trkpt lat="-39.3813178595" lon="-72.6323100552"><ele>106.85</ele><time>2024-09-14T02:24:37Z</time></trkpt><trkpt lat="-39.3812897801" lon="-72.6322776172"><ele>106.86</ele><time>2024-09-14T02:24:38Z</time></trkpt><trkpt lat="-39.3812661432" lon="-72.6322216261"><ele>106.99</ele><time>2024-09-14T02:24:39Z</time></trkpt><trkpt lat="-39.3812448531" lon="-72.6321471948"><ele>107.02</ele><time>2024-09-14T02:24:40Z</time></trkpt><trkpt lat="-39.3812215514" lon="-72.6320601907"><ele>107.11</ele><time>2024-09-14T02:24:41Z</time></trkpt><trkpt lat="-39.3808659073" lon="-72.6307599060"><ele>107.73</ele><time>2024-09-14T02:24:56Z</time></trkpt><trkpt lat="-39.3806326389" lon="-72.6298350468"><ele>107.60</ele><time>2024-09-14T02:25:09Z</time></trkpt><trkpt lat="-39.3804072496" lon="-72.6298166066"><ele>107.41</ele><time>2024-09-14T02:25:17Z</time></trkpt><trkpt lat="-39.3797820434" lon="-72.6300967298"><ele>107.14</ele><time>2024-09-14T02:25:31Z</time></trkpt><trkpt lat="-39.3797482643" lon="-72.6300928742"><ele>107.15</ele><time>2024-09-14T02:25:32Z</time></trkpt><trkpt lat="-39.3797192629" lon="-72.6300712489"><ele>107.00</ele><time>2024-09-14T02:25:33Z</time></trkpt><trkpt lat="-39.3796963803" lon="-72.6300310995"><ele>107.11</ele><time>2024-09-14T02:25:34Z</time></trkpt><trkpt lat="-39.3796771020" lon="-72.6299764495"><ele>107.19</ele><time>2024-09-14T02:25:35Z</time></trkpt><trkpt lat="-39.3796596676" lon="-72.6299104001"><ele>107.16</ele><time>2024-09-14T02:25:36Z</time></trkpt><trkpt lat="-39.3793234695" lon="-72.6286357641"><ele>107.51</ele><time>2024-09-14T02:25:52Z</time></trkpt><trkpt lat="-39.3792202044" lon="-72.6282106340"><ele>107.45</ele><time>2024-09-14T02:26:01Z</time></trkpt><trkpt lat="-39.3792064581" lon="-72.6281999890"><ele>107.44</ele><time>2024-09-14T02:26:02Z</time></trkpt><trkpt lat="-39.3791946396" lon="-72.6281968039"><ele>107.37</ele><time>2024-09-14T02:26:03Z</time></trkpt><trkpt lat="-39.3791818153" lon="-72.6281974744"><ele>107.30</ele><time>2024-09-14T02:26:04Z</time></trkpt><trkpt lat="-39.3791699968" lon="-72.6282027550"><ele>107.43</ele><time>2024-09-14T02:26:05Z</time></trkpt><trkpt lat="-39.3791585136" lon="-72.6282095443"><ele>107.41</ele><time>2024-09-14T02:26:06Z</time></trkpt><trkpt lat="-39.3788037077" lon="-72.6284010708"><ele>107.67</ele><time>2024-09-14T02:26:25Z</time></trkpt><trkpt lat="-39.3782034796" lon="-72.6286943536"><ele>107.77</ele><time>2024-09-14T02:26:45Z</time></trkpt><trkpt lat="-39.3780204188" lon="-72.6287711319"><ele>108.28</ele><time>2024-09-14T02:26:57Z</time></trkpt><trkpt lat="-39.3780056667" lon="-72.6287642587"><ele>108.11</ele><time>2024-09-14T02:27:01Z</time></trkpt><trkpt lat="-39.3779726420" lon="-72.6287194155"><ele>108.24</ele><time>2024-09-14T02:27:04Z</time></trkpt><trkpt lat="-39.3779661041" lon="-72.6286900789"><ele>108.29</ele><time>2024-09-14T02:27:05Z</time></trkpt><trkpt lat="-39.3779614102" lon="-72.6286539529"><ele>108.27</ele><time>2024-09-14T02:27:06Z</time></trkpt><trkpt lat="-39.3779603206" lon="-72.6286140550"><ele>108.35</ele><time>2024-09-14T02:27:07Z</time></trkpt><trkpt lat="-39.3779606558" lon="-72.6285633445"><ele>108.38</ele><time>2024-09-14T02:27:08Z</time></trkpt><trkpt lat="-39.3779448140" lon="-72.6277016848"><ele>108.85</ele><time>2024-09-14T02:27:18Z</time></trkpt><trkpt lat="-39.3779333308" lon="-72.6266039908"><ele>108.70</ele><time>2024-09-14T02:27:31Z</time></trkpt><trkpt lat="-39.3779995479" lon="-72.6259213686"><ele>109.17</ele><time>2024-09-14T02:27:38Z</time></trkpt><trkpt lat="-39.3780298904" lon="-72.6258233003"><ele>109.20</ele><time>2024-09-14T02:27:39Z</time></trkpt><trkpt lat="-39.3780666031" lon="-72.6257305965"><ele>109.32</ele><time>2024-09-14T02:27:40Z</time></trkpt><trkpt lat="-39.3781091832" lon="-72.6256424189"><ele>109.44</ele><time>2024-09-14T02:27:41Z</time></trkpt><trkpt lat="-39.3781552836" lon="-72.6255591866"><ele>109.54</ele><time>2024-09-14T02:27:42Z</time></trkpt><trkpt lat="-39.3792377226" lon="-72.6240411401"><ele>108.98</ele><time>2024-09-14T02:28:02Z</time></trkpt><trkpt lat="-39.3807471357" lon="-72.6219144836"><ele>109.31</ele><time>2024-09-14T02:28:30Z</time></trkpt><trkpt lat="-39.3814356253" lon="-72.6209533308"><ele>111.90</ele><time>2024-09-14T02:28:43Z</time></trkpt><trkpt lat="-39.3821709696" lon="-72.6199748274"><ele>110.74</ele><time>2024-09-14T02:28:56Z</time></trkpt><trkpt lat="-39.3830550928" lon="-72.6187543385"><ele>111.61</ele><time>2024-09-14T02:29:12Z</time></trkpt><trkpt lat="-39.3839898426" lon="-72.6174714882"><ele>112.13</ele><time>2024-09-14T02:29:29Z</time></trkpt><trkpt lat="-39.3845786713" lon="-72.6166706812"><ele>112.33</ele><time>2024-09-14T02:29:41Z</time></trkpt><trkpt lat="-39.3846554495" lon="-72.6165695116"><ele>112.24</ele><time>2024-09-14T02:29:43Z</time></trkpt><trkpt lat="-39.3848358281" lon="-72.6163344830"><ele>111.82</ele><time>2024-09-14T02:29:53Z</time></trkpt><trkpt lat="-39.3848265242" lon="-72.6163757220"><ele>112.02</ele><time>2024-09-14T02:29:55Z</time></trkpt><trkpt lat="-39.3848272786" lon="-72.6164017897"><ele>112.16</ele><time>2024-09-14T02:29:56Z</time></trkpt><trkpt lat="-39.3847698625" lon="-72.6164514944"><ele>112.06</ele><time>2024-09-14T02:30:04Z</time></trkpt><trkpt lat="-39.3847451359" lon="-72.6164692640"><ele>112.03</ele><time>2024-09-14T02:30:05Z</time></trkpt><trkpt lat="-39.3847173080" lon="-72.6164960023"><ele>112.19</ele><time>2024-09-14T02:30:06Z</time></trkpt><trkpt lat="-39.3846870493" lon="-72.6165286917"><ele>112.26</ele><time>2024-09-14T02:30:07Z</time></trkpt><trkpt lat="-39.3846567906" lon="-72.6165638957"><ele>112.25</ele><time>2024-09-14T02:30:08Z</time></trkpt><trkpt lat="-39.3841449916" lon="-72.6172580011"><ele>112.41</ele><time>2024-09-14T02:30:22Z</time></trkpt><trkpt lat="-39.3835395668" lon="-72.6180882286"><ele>112.22</ele><time>2024-09-14T02:30:36Z</time></trkpt><trkpt lat="-39.3828620575" lon="-72.6190401614"><ele>112.06</ele><time>2024-09-14T02:30:49Z</time></trkpt><trkpt lat="-39.3822035752" lon="-72.6199187525"><ele>111.60</ele><time>2024-09-14T02:31:01Z</time></trkpt><trkpt lat="-39.3814974837" lon="-72.6209309511"><ele>111.91</ele><time>2024-09-14T02:31:14Z</time></trkpt><trkpt lat="-39.3807058968" lon="-72.6220011525"><ele>109.77</ele><time>2024-09-14T02:31:29Z</time></trkpt><trkpt lat="-39.3799055088" lon="-72.6231332961"><ele>109.84</ele><time>2024-09-14T02:31:43Z</time></trkpt><trkpt lat="-39.3790301867" lon="-72.6243530307"><ele>109.41</ele><time>2024-09-14T02:31:58Z</time></trkpt><trkpt lat="-39.3782133702" lon="-72.6255159359"><ele>110.03</ele><time>2024-09-14T02:32:14Z</time></trkpt><trkpt lat="-39.3781267852" lon="-72.6256653015"><ele>109.98</ele><time>2024-09-14T02:32:16Z</time></trkpt><trkpt lat="-39.3780895695" lon="-72.6257445104"><ele>109.87</ele><time>2024-09-14T02:32:17Z</time></trkpt><trkpt lat="-39.3780555390" lon="-72.6258277427"><ele>109.86</ele><time>2024-09-14T02:32:18Z</time></trkpt><trkpt lat="-39.3780250289" lon="-72.6259161718"><ele>109.89</ele><time>2024-09-14T02:32:19Z</time></trkpt><trkpt lat="-39.3779992964" lon="-72.6260093786"><ele>109.72</ele><time>2024-09-14T02:32:20Z</time></trkpt><trkpt lat="-39.3779790960" lon="-72.6261071954"><ele>109.83</ele><time>2024-09-14T02:32:21Z</time></trkpt><trkpt lat="-39.3779631704" lon="-72.6262079459"><ele>109.66</ele><time>2024-09-14T02:32:22Z</time></trkpt><trkpt lat="-39.3779529445" lon="-72.6263086963"><ele>109.63</ele><time>2024-09-14T02:32:23Z</time></trkpt><trkpt lat="-39.3779435568" lon="-72.6273345575"><ele>109.18</ele><time>2024-09-14T02:32:35Z</time></trkpt><trkpt lat="-39.3779742345" lon="-72.6287854649"><ele>108.75</ele><time>2024-09-14T02:32:50Z</time></trkpt><trkpt lat="-39.3779982906" lon="-72.6301685628"><ele>108.22</ele><time>2024-09-14T02:33:07Z</time></trkpt><trkpt lat="-39.3780194130" lon="-72.6302419882"><ele>108.20</ele><time>2024-09-14T02:33:09Z</time></trkpt><trkpt lat="-39.3780401163" lon="-72.6302624401"><ele>108.23</ele><time>2024-09-14T02:33:10Z</time></trkpt><trkpt lat="-39.3780643400" lon="-72.6302720793"><ele>108.11</ele><time>2024-09-14T02:33:11Z</time></trkpt><trkpt lat="-39.3780937605" lon="-72.6302709896"><ele>108.11</ele><time>2024-09-14T02:33:12Z</time></trkpt><trkpt lat="-39.3781302217" lon="-72.6302600093"><ele>108.12</ele><time>2024-09-14T02:33:13Z</time></trkpt><trkpt lat="-39.3781702034" lon="-72.6302442513"><ele>108.01</ele><time>2024-09-14T02:33:14Z</time></trkpt><trkpt lat="-39.3782179803" lon="-72.6302220393"><ele>108.06</ele><time>2024-09-14T02:33:15Z</time></trkpt><trkpt lat="-39.3790999241" lon="-72.6298145950"><ele>107.88</ele><time>2024-09-14T02:33:30Z</time></trkpt><trkpt lat="-39.3795884214" lon="-72.6296196319"><ele>107.37</ele><time>2024-09-14T02:33:43Z</time></trkpt><trkpt lat="-39.3796086218" lon="-72.6296452805"><ele>107.36</ele><time>2024-09-14T02:33:44Z</time></trkpt><trkpt lat="-39.3796237931" lon="-72.6296819933"><ele>107.27</ele><time>2024-09-14T02:33:45Z</time></trkpt><trkpt lat="-39.3796349410" lon="-72.6297217235"><ele>107.32</ele><time>2024-09-14T02:33:46Z</time></trkpt><trkpt lat="-39.3796429038" lon="-72.6297600288"><ele>107.30</ele><time>2024-09-14T02:33:47Z</time></trkpt><trkpt lat="-39.3796681333" lon="-72.6298394054"><ele>107.22</ele><time>2024-09-14T02:33:57Z</time></trkpt><trkpt lat="-39.3796939496" lon="-72.6298724301"><ele>107.06</ele><time>2024-09-14T02:34:16Z</time></trkpt><trkpt lat="-39.3797262199" lon="-72.6299820654"><ele>107.26</ele><time>2024-09-14T02:34:19Z</time></trkpt><trkpt lat="-39.3797440734" lon="-72.6300526410"><ele>107.14</ele><time>2024-09-14T02:34:28Z</time></trkpt><trkpt lat="-39.3797754217" lon="-72.6301652938"><ele>106.22</ele><time>2024-09-14T02:34:31Z</time></trkpt><trkpt lat="-39.3798774295" lon="-72.6306470856"><ele>106.00</ele><time>2024-09-14T02:34:40Z</time></trkpt><trkpt lat="-39.3798653595" lon="-72.6306836307"><ele>105.94</ele><time>2024-09-14T02:34:41Z</time></trkpt><trkpt lat="-39.3798459973" lon="-72.6307138056"><ele>105.90</ele><time>2024-09-14T02:34:42Z</time></trkpt><trkpt lat="-39.3798173312" lon="-72.6307374425"><ele>105.92</ele><time>2024-09-14T02:34:43Z</time></trkpt><trkpt lat="-39.3797816243" lon="-72.6307582296"><ele>106.10</ele><time>2024-09-14T02:34:44Z</time></trkpt><trkpt lat="-39.3797402177" lon="-72.6307776757"><ele>106.00</ele><time>2024-09-14T02:34:45Z</time></trkpt><trkpt lat="-39.3789601140" lon="-72.6311198249"><ele>106.57</ele><time>2024-09-14T02:34:58Z</time></trkpt><trkpt lat="-39.3782012165" lon="-72.6314470544"><ele>106.58</ele><time>2024-09-14T02:35:13Z</time></trkpt><trkpt lat="-39.3781868834" lon="-72.6314579509"><ele>106.48</ele><time>2024-09-14T02:35:14Z</time></trkpt><trkpt lat="-39.3781757355" lon="-72.6314820070"><ele>106.50</ele><time>2024-09-14T02:35:15Z</time></trkpt><trkpt lat="-39.3781694490" lon="-72.6315219048"><ele>106.59</ele><time>2024-09-14T02:35:16Z</time></trkpt><trkpt lat="-39.3781748135" lon="-72.6315771416"><ele>106.56</ele><time>2024-09-14T02:35:17Z</time></trkpt><trkpt lat="-39.3781886436" lon="-72.6316478010"><ele>106.72</ele><time>2024-09-14T02:35:18Z</time></trkpt><trkpt lat="-39.3782063294" lon="-72.6317229029"><ele>106.73</ele><time>2024-09-14T02:35:19Z</time></trkpt><trkpt lat="-39.3782489095" lon="-72.6318603661"><ele>106.64</ele><time>2024-09-14T02:35:21Z</time></trkpt><trkpt lat="-39.3782747258" lon="-72.6319133397"><ele>106.61</ele><time>2024-09-14T02:35:22Z</time></trkpt><trkpt lat="-39.3783099297" lon="-72.6319430117"><ele>106.66</ele><time>2024-09-14T02:35:23Z</time></trkpt><trkpt lat="-39.3783520907" lon="-72.6319525670"><ele>106.43</ele><time>2024-09-14T02:35:24Z</time></trkpt><trkpt lat="-39.3783962633" lon="-72.6319463644"><ele>106.53</ele><time>2024-09-14T02:35:25Z</time></trkpt><trkpt lat="-39.3784455489" lon="-72.6319266669"><ele>106.53</ele><time>2024-09-14T02:35:26Z</time></trkpt><trkpt lat="-39.3785005342" lon="-72.6318995934"><ele>106.47</ele><time>2024-09-14T02:35:27Z</time></trkpt><trkpt lat="-39.3797168322" lon="-72.6313209068"><ele>105.90</ele><time>2024-09-14T02:35:46Z</time></trkpt><trkpt lat="-39.3800332490" lon="-72.6312965155"><ele>105.81</ele><time>2024-09-14T02:35:54Z</time></trkpt><trkpt lat="-39.3800514378" lon="-72.6313469745"><ele>105.91</ele><time>2024-09-14T02:35:55Z</time></trkpt><trkpt lat="-39.3800664414" lon="-72.6314085815"><ele>105.82</ele><time>2024-09-14T02:35:56Z</time></trkpt><trkpt lat="-39.3801086862" lon="-72.6315981802"><ele>105.86</ele><time>2024-09-14T02:35:59Z</time></trkpt><trkpt lat="-39.3801091053" lon="-72.6316488907"><ele>105.92</ele><time>2024-09-14T02:36:00Z</time></trkpt><trkpt lat="-39.3800983764" lon="-72.6316888724"><ele>105.77</ele><time>2024-09-14T02:36:01Z</time></trkpt><trkpt lat="-39.3800760806" lon="-72.6317237411"><ele>105.73</ele><time>2024-09-14T02:36:02Z</time></trkpt><trkpt lat="-39.3800366018" lon="-72.6317532454"><ele>105.56</ele><time>2024-09-14T02:36:03Z</time></trkpt><trkpt lat="-39.3799832091" lon="-72.6317809056"><ele>105.61</ele><time>2024-09-14T02:36:04Z</time></trkpt><trkpt lat="-39.3799225241" lon="-72.6318082307"><ele>105.61</ele><time>2024-09-14T02:36:05Z</time></trkpt><trkpt lat="-39.3787125964" lon="-72.6323610172"><ele>105.82</ele><time>2024-09-14T02:36:23Z</time></trkpt><trkpt lat="-39.3784199841" lon="-72.6323895156"><ele>105.94</ele><time>2024-09-14T02:36:30Z</time></trkpt><trkpt lat="-39.3783936650" lon="-72.6323377993"><ele>105.98</ele><time>2024-09-14T02:36:31Z</time></trkpt><trkpt lat="-39.3783679325" lon="-72.6322631165"><ele>105.94</ele><time>2024-09-14T02:36:32Z</time></trkpt><trkpt lat="-39.3780320697" lon="-72.6312081702"><ele>106.46</ele><time>2024-09-14T02:36:44Z</time></trkpt><trkpt lat="-39.3779184949" lon="-72.6309818588"><ele>106.27</ele><time>2024-09-14T02:36:50Z</time></trkpt><trkpt lat="-39.3778724782" lon="-72.6309890673"><ele>106.43</ele><time>2024-09-14T02:36:51Z</time></trkpt><trkpt lat="-39.3778197560" lon="-72.6310193259"><ele>106.52</ele><time>2024-09-14T02:36:52Z</time></trkpt><trkpt lat="-39.3777562212" lon="-72.6310734730"><ele>106.66</ele><time>2024-09-14T02:36:53Z</time></trkpt><trkpt lat="-39.3776828796" lon="-72.6311427914"><ele>106.77</ele><time>2024-09-14T02:36:54Z</time></trkpt><trkpt lat="-39.3767934758" lon="-72.6320321113"><ele>106.37</ele><time>2024-09-14T02:37:07Z</time></trkpt><trkpt lat="-39.3766503129" lon="-72.6323803794"><ele>105.05</ele><time>2024-09-14T02:37:15Z</time></trkpt><trkpt lat="-39.3769319449" lon="-72.6329030748"><ele>103.39</ele><time>2024-09-14T02:37:23Z</time></trkpt><trkpt lat="-39.3772169296" lon="-72.6334523410"><ele>103.01</ele><time>2024-09-14T02:37:30Z</time></trkpt><trkpt lat="-39.3772318494" lon="-72.6335050631"><ele>103.03</ele><time>2024-09-14T02:37:31Z</time></trkpt><trkpt lat="-39.3772242218" lon="-72.6335504092"><ele>102.98</ele><time>2024-09-14T02:37:32Z</time></trkpt><trkpt lat="-39.3771997467" lon="-72.6335956715"><ele>102.90</ele><time>2024-09-14T02:37:33Z</time></trkpt><trkpt lat="-39.3771648780" lon="-72.6336419396"><ele>102.95</ele><time>2024-09-14T02:37:34Z</time></trkpt><trkpt lat="-39.3771206215" lon="-72.6336891297"><ele>102.82</ele><time>2024-09-14T02:37:35Z</time></trkpt><trkpt lat="-39.3770690728" lon="-72.6337390020"><ele>102.81</ele><time>2024-09-14T02:37:36Z</time></trkpt><trkpt lat="-39.3764789868" lon="-72.6342987455"><ele>102.49</ele><time>2024-09-14T02:37:46Z</time></trkpt><trkpt lat="-39.3758832850" lon="-72.6348986384"><ele>102.49</ele><time>2024-09-14T02:37:56Z</time></trkpt><trkpt lat="-39.3753639422" lon="-72.6354199089"><ele>102.63</ele><time>2024-09-14T02:38:06Z</time></trkpt><trkpt lat="-39.3747936375" lon="-72.6359618828"><ele>104.95</ele><time>2024-09-14T02:38:16Z</time></trkpt><trkpt lat="-39.3745585252" lon="-72.6361835841"><ele>105.28</ele><time>2024-09-14T02:38:23Z</time></trkpt><trkpt lat="-39.3738725502" lon="-72.6368273981"><ele>105.14</ele><time>2024-09-14T02:38:35Z</time></trkpt><trkpt lat="-39.3734374456" lon="-72.6372318249"><ele>105.52</ele><time>2024-09-14T02:38:42Z</time></trkpt><trkpt lat="-39.3730105553" lon="-72.6376344077"><ele>104.81</ele><time>2024-09-14T02:38:51Z</time></trkpt><trkpt lat="-39.3727098964" lon="-72.6379289478"><ele>105.04</ele><time>2024-09-14T02:38:58Z</time></trkpt><trkpt lat="-39.3721177150" lon="-72.6384929661"><ele>106.65</ele><time>2024-09-14T02:39:09Z</time></trkpt><trkpt lat="-39.3720033858" lon="-72.6386906113"><ele>106.82</ele><time>2024-09-14T02:39:17Z</time></trkpt><trkpt lat="-39.3720128573" lon="-72.6387469377"><ele>107.02</ele><time>2024-09-14T02:39:18Z</time></trkpt><trkpt lat="-39.3720375001" lon="-72.6388069522"><ele>106.99</ele><time>2024-09-14T02:39:19Z</time></trkpt><trkpt lat="-39.3720744643" lon="-72.6388731692"><ele>106.86</ele><time>2024-09-14T02:39:20Z</time></trkpt><trkpt lat="-39.3721197266" lon="-72.6389459241"><ele>106.87</ele><time>2024-09-14T02:39:21Z</time></trkpt><trkpt lat="-39.3729884271" lon="-72.6403909642"><ele>106.23</ele><time>2024-09-14T02:39:37Z</time></trkpt><trkpt lat="-39.3732330110" lon="-72.6408036891"><ele>105.18</ele><time>2024-09-14T02:39:45Z</time></trkpt><trkpt lat="-39.3732870743" lon="-72.6408296730"><ele>105.12</ele><time>2024-09-14T02:39:47Z</time></trkpt><trkpt lat="-39.3733263854" lon="-72.6408192795"><ele>105.15</ele><time>2024-09-14T02:39:48Z</time></trkpt><trkpt lat="-39.3733717315" lon="-72.6407893561"><ele>105.23</ele><time>2024-09-14T02:39:49Z</time></trkpt><trkpt lat="-39.3734236155" lon="-72.6407425851"><ele>105.16</ele><time>2024-09-14T02:39:50Z</time></trkpt><trkpt lat="-39.3734805286" lon="-72.6406855881"><ele>105.11</ele><time>2024-09-14T02:39:51Z</time></trkpt><trkpt lat="-39.3745637219" lon="-72.6396396104"><ele>104.87</ele><time>2024-09-14T02:40:08Z</time></trkpt><trkpt lat="-39.3756745756" lon="-72.6385984104"><ele>104.59</ele><time>2024-09-14T02:40:25Z</time></trkpt><trkpt lat="-39.3760168087" lon="-72.6382482145"><ele>104.12</ele><time>2024-09-14T02:40:33Z</time></trkpt><trkpt lat="-39.3760199938" lon="-72.6382006053"><ele>104.23</ele><time>2024-09-14T02:40:34Z</time></trkpt><trkpt lat="-39.3760064151" lon="-72.6381511521"><ele>104.18</ele><time>2024-09-14T02:40:35Z</time></trkpt><trkpt lat="-39.3759771623" lon="-72.6380971726"><ele>104.16</ele><time>2024-09-14T02:40:36Z</time></trkpt><trkpt lat="-39.3759415392" lon="-72.6380400080"><ele>104.20</ele><time>2024-09-14T02:40:37Z</time></trkpt><trkpt lat="-39.3752242997" lon="-72.6368391328"><ele>104.84</ele><time>2024-09-14T02:40:54Z</time></trkpt><trkpt lat="-39.3744446989" lon="-72.6355167199"><ele>105.21</ele><time>2024-09-14T02:41:12Z</time></trkpt><trkpt lat="-39.3741060700" lon="-72.6349330880"><ele>105.26</ele><time>2024-09-14T02:41:23Z</time></trkpt><trkpt lat="-39.3738634139" lon="-72.6345288288"><ele>105.61</ele><time>2024-09-14T02:41:31Z</time></trkpt><trkpt lat="-39.3729662150" lon="-72.6330132131"><ele>106.18</ele><time>2024-09-14T02:41:50Z</time></trkpt><trkpt lat="-39.3721948285" lon="-72.6316651516"><ele>106.82</ele><time>2024-09-14T02:42:07Z</time></trkpt><trkpt lat="-39.3719856162" lon="-72.6313442923"><ele>106.87</ele><time>2024-09-14T02:42:15Z</time></trkpt><trkpt lat="-39.3719610572" lon="-72.6313452143"><ele>107.01</ele><time>2024-09-14T02:42:16Z</time></trkpt><trkpt lat="-39.3719380908" lon="-72.6313624810"><ele>107.08</ele><time>2024-09-14T02:42:17Z</time></trkpt><trkpt lat="-39.3719175551" lon="-72.6313896384"><ele>107.12</ele><time>2024-09-14T02:42:18Z</time></trkpt><trkpt lat="-39.3718960974" lon="-72.6314184722"><ele>107.11</ele><time>2024-09-14T02:42:19Z</time></trkpt><trkpt lat="-39.3714434747" lon="-72.6318982523"><ele>109.12</ele><time>2024-09-14T02:42:30Z</time></trkpt><trkpt lat="-39.3711696379" lon="-72.6321676467"><ele>110.51</ele><time>2024-09-14T02:42:39Z</time></trkpt><trkpt lat="-39.3707503751" lon="-72.6325697266"><ele>110.61</ele><time>2024-09-14T02:42:48Z</time></trkpt><trkpt lat="-39.3703467865" lon="-72.6329572219"><ele>110.11</ele><time>2024-09-14T02:42:59Z</time></trkpt><trkpt lat="-39.3699794915" lon="-72.6332973596"><ele>110.30</ele><time>2024-09-14T02:43:07Z</time></trkpt><trkpt lat="-39.3694275431" lon="-72.6338315383"><ele>108.98</ele><time>2024-09-14T02:43:19Z</time></trkpt><trkpt lat="-39.3693205900" lon="-72.6338540856"><ele>108.50</ele><time>2024-09-14T02:43:24Z</time></trkpt><trkpt lat="-39.3692851346" lon="-72.6338250842"><ele>108.57</ele><time>2024-09-14T02:43:25Z</time></trkpt><trkpt lat="-39.3692472484" lon="-72.6337789837"><ele>108.47</ele><time>2024-09-14T02:43:26Z</time></trkpt><trkpt lat="-39.3692075182" lon="-72.6337177120"><ele>108.66</ele><time>2024-09-14T02:43:27Z</time></trkpt><trkpt lat="-39.3691661116" lon="-72.6336490642"><ele>108.79</ele><time>2024-09-14T02:43:28Z</time></trkpt><trkpt lat="-39.3690039217" lon="-72.6333881356"><ele>109.13</ele><time>2024-09-14T02:43:32Z</time></trkpt><trkpt lat="-39.3687789515" lon="-72.6330691203"><ele>109.22</ele><time>2024-09-14T02:43:42Z</time></trkpt><trkpt lat="-39.3687697314" lon="-72.6330518536"><ele>109.20</ele><time>2024-09-14T02:43:51Z</time></trkpt><trkpt lat="-39.3687146623" lon="-72.6329595689"><ele>109.45</ele><time>2024-09-14T02:43:54Z</time></trkpt><trkpt lat="-39.3686911091" lon="-72.6329272985"><ele>109.56</ele><time>2024-09-14T02:43:55Z</time></trkpt><trkpt lat="-39.3686619401" lon="-72.6328998059"><ele>109.59</ele><time>2024-09-14T02:43:56Z</time></trkpt><trkpt lat="-39.3686248083" lon="-72.6328844670"><ele>109.63</ele><time>2024-09-14T02:43:57Z</time></trkpt><trkpt lat="-39.3685835693" lon="-72.6328856405"><ele>109.74</ele><time>2024-09-14T02:43:58Z</time></trkpt><trkpt lat="-39.3685429171" lon="-72.6329024881"><ele>109.84</ele><time>2024-09-14T02:43:59Z</time></trkpt><trkpt lat="-39.3685031030" lon="-72.6329325791"><ele>109.92</ele><time>2024-09-14T02:44:00Z</time></trkpt><trkpt lat="-39.3684616964" lon="-72.6329675317"><ele>109.84</ele><time>2024-09-14T02:44:01Z</time></trkpt><trkpt lat="-39.3684183620" lon="-72.6330086868"><ele>109.86</ele><time>2024-09-14T02:44:02Z</time></trkpt><trkpt lat="-39.3679266796" lon="-72.6334878802"><ele>110.09</ele><time>2024-09-14T02:44:13Z</time></trkpt><trkpt lat="-39.3677738775" lon="-72.6336405147"><ele>109.86</ele><time>2024-09-14T02:44:21Z</time></trkpt><trkpt lat="-39.3674266990" lon="-72.6340047922"><ele>109.40</ele><time>2024-09-14T02:44:30Z</time></trkpt><trkpt lat="-39.3674148805" lon="-72.6340530720"><ele>109.38</ele><time>2024-09-14T02:44:31Z</time></trkpt><trkpt lat="-39.3674141262" lon="-72.6341021899"><ele>109.14</ele><time>2024-09-14T02:44:32Z</time></trkpt><trkpt lat="-39.3674261961" lon="-72.6341518946"><ele>109.27</ele><time>2024-09-14T02:44:33Z</time></trkpt><trkpt lat="-39.3674495816" lon="-72.6342051197"><ele>109.25</ele><time>2024-09-14T02:44:34Z</time></trkpt><trkpt lat="-39.3674816005" lon="-72.6342627034"><ele>109.19</ele><time>2024-09-14T02:44:35Z</time></trkpt><trkpt lat="-39.3675185647" lon="-72.6343254838"><ele>109.26</ele><time>2024-09-14T02:44:36Z</time></trkpt><trkpt lat="-39.3676513340" lon="-72.6345670503"><ele>109.15</ele><time>2024-09-14T02:44:40Z</time></trkpt><trkpt lat="-39.3676700257" lon="-72.6346162520"><ele>109.00</ele><time>2024-09-14T02:44:41Z</time></trkpt><trkpt lat="-39.3676851131" lon="-72.6346583292"><ele>108.92</ele><time>2024-09-14T02:44:42Z</time></trkpt><trkpt lat="-39.3677105103" lon="-72.6347184274"><ele>108.85</ele><time>2024-09-14T02:44:51Z</time></trkpt><trkpt lat="-39.3677238375" lon="-72.6347011607"><ele>108.81</ele><time>2024-09-14T02:45:35Z</time></trkpt><trkpt lat="-39.3677997775" lon="-72.6347747538"><ele>108.83</ele><time>2024-09-14T02:45:38Z</time></trkpt><trkpt lat="-39.3681809027" lon="-72.6353955176"><ele>108.93</ele><time>2024-09-14T02:45:48Z</time></trkpt><trkpt lat="-39.3689232040" lon="-72.6366795413"><ele>108.79</ele><time>2024-09-14T02:46:03Z</time></trkpt><trkpt lat="-39.3693101965" lon="-72.6373638399"><ele>108.66</ele><time>2024-09-14T02:46:12Z</time></trkpt><trkpt lat="-39.3693229370" lon="-72.6374165621"><ele>108.67</ele><time>2024-09-14T02:46:13Z</time></trkpt><trkpt lat="-39.3693189137" lon="-72.6374583878"><ele>108.60</ele><time>2024-09-14T02:46:14Z</time></trkpt><trkpt lat="-39.3692972045" lon="-72.6374970283"><ele>108.57</ele><time>2024-09-14T02:46:15Z</time></trkpt><trkpt lat="-39.3692603242" lon="-72.6375377644"><ele>108.68</ele><time>2024-09-14T02:46:16Z</time></trkpt><trkpt lat="-39.3692107871" lon="-72.6375829428"><ele>108.61</ele><time>2024-09-14T02:46:17Z</time></trkpt><trkpt lat="-39.3684554938" lon="-72.6382705942"><ele>108.24</ele><time>2024-09-14T02:46:28Z</time></trkpt><trkpt lat="-39.3676613923" lon="-72.6390115544"><ele>107.60</ele><time>2024-09-14T02:46:41Z</time></trkpt><trkpt lat="-39.3676178902" lon="-72.6390280668"><ele>107.75</ele><time>2024-09-14T02:46:42Z</time></trkpt><trkpt lat="-39.3675748073" lon="-72.6390236244"><ele>107.59</ele><time>2024-09-14T02:46:43Z</time></trkpt><trkpt lat="-39.3675376754" lon="-72.6389943715"><ele>107.69</ele><time>2024-09-14T02:46:44Z</time></trkpt><trkpt lat="-39.3675008789" lon="-72.6389492769"><ele>107.73</ele><time>2024-09-14T02:46:45Z</time></trkpt><trkpt lat="-39.3674653396" lon="-72.6388872508"><ele>107.73</ele><time>2024-09-14T02:46:46Z</time></trkpt><trkpt lat="-39.3674265314" lon="-72.6388157532"><ele>107.89</ele><time>2024-09-14T02:46:47Z</time></trkpt><trkpt lat="-39.3670067657" lon="-72.6380642317"><ele>107.93</ele><time>2024-09-14T02:46:58Z</time></trkpt><trkpt lat="-39.3669158220" lon="-72.6379669178"><ele>107.85</ele><time>2024-09-14T02:47:02Z</time></trkpt><trkpt lat="-39.3668698892" lon="-72.6379767247"><ele>107.65</ele><time>2024-09-14T02:47:03Z</time></trkpt><trkpt lat="-39.3668266386" lon="-72.6379977632"><ele>107.86</ele><time>2024-09-14T02:47:04Z</time></trkpt><trkpt lat="-39.3667753413" lon="-72.6380347274"><ele>107.78</ele><time>2024-09-14T02:47:05Z</time></trkpt><trkpt lat="-39.3667195179" lon="-72.6380836777"><ele>107.81</ele><time>2024-09-14T02:47:06Z</time></trkpt><trkpt lat="-39.3666599225" lon="-72.6381386630"><ele>108.00</ele><time>2024-09-14T02:47:07Z</time></trkpt><trkpt lat="-39.3655779865" lon="-72.6390569005"><ele>107.68</ele><time>2024-09-14T02:47:24Z</time></trkpt><trkpt lat="-39.3646801170" lon="-72.6394579746"><ele>107.86</ele><time>2024-09-14T02:47:37Z</time></trkpt><trkpt lat="-39.3643124029" lon="-72.6395650115"><ele>107.37</ele><time>2024-09-14T02:47:46Z</time></trkpt><trkpt lat="-39.3642787077" lon="-72.6395971142"><ele>107.52</ele><time>2024-09-14T02:47:48Z</time></trkpt><trkpt lat="-39.3642711639" lon="-72.6396246068"><ele>107.52</ele><time>2024-09-14T02:47:49Z</time></trkpt><trkpt lat="-39.3642681465" lon="-72.6396515127"><ele>107.43</ele><time>2024-09-14T02:47:50Z</time></trkpt><trkpt lat="-39.3642686494" lon="-72.6396712102"><ele>107.40</ele><time>2024-09-14T02:47:51Z</time></trkpt><trkpt lat="-39.3642654642" lon="-72.6396461483"><ele>107.44</ele><time>2024-09-14T02:47:54Z</time></trkpt><trkpt lat="-39.3643215392" lon="-72.6395791769"><ele>107.45</ele><time>2024-09-14T02:48:03Z</time></trkpt><trkpt lat="-39.3643569946" lon="-72.6395670231"><ele>107.53</ele><time>2024-09-14T02:48:04Z</time></trkpt><trkpt lat="-39.3648774270" lon="-72.6393434778"><ele>107.83</ele><time>2024-09-14T02:48:14Z</time></trkpt><trkpt lat="-39.3656529207" lon="-72.6390107162"><ele>107.44</ele><time>2024-09-14T02:48:28Z</time></trkpt><trkpt lat="-39.3665719125" lon="-72.6382661518"><ele>108.10</ele><time>2024-09-14T02:48:42Z</time></trkpt><trkpt lat="-39.3672407046" lon="-72.6376218349"><ele>108.36</ele><time>2024-09-14T02:48:55Z</time></trkpt><trkpt lat="-39.3677721173" lon="-72.6371143945"><ele>108.60</ele><time>2024-09-14T02:49:05Z</time></trkpt><trkpt lat="-39.3677924015" lon="-72.6370680425"><ele>108.43</ele><time>2024-09-14T02:49:06Z</time></trkpt><trkpt lat="-39.3677981012" lon="-72.6370168291"><ele>108.49</ele><time>2024-09-14T02:49:07Z</time></trkpt><trkpt lat="-39.3677875400" lon="-72.6369624306"><ele>108.45</ele><time>2024-09-14T02:49:08Z</time></trkpt><trkpt lat="-39.3677605502" lon="-72.6369038410"><ele>108.43</ele><time>2024-09-14T02:49:09Z</time></trkpt><trkpt lat="-39.3677220773" lon="-72.6368381269"><ele>108.34</ele><time>2024-09-14T02:49:10Z</time></trkpt><trkpt lat="-39.3676761445" lon="-72.6367653720"><ele>108.29</ele><time>2024-09-14T02:49:11Z</time></trkpt><trkpt lat="-39.3672386091" lon="-72.6360462047"><ele>108.45</ele><time>2024-09-14T02:49:23Z</time></trkpt><trkpt lat="-39.3670006469" lon="-72.6356545184"><ele>108.85</ele><time>2024-09-14T02:49:31Z</time></trkpt><trkpt lat="-39.3665774446" lon="-72.6349189226"><ele>108.91</ele><time>2024-09-14T02:49:43Z</time></trkpt><trkpt lat="-39.3665605132" lon="-72.6348906755"><ele>109.04</ele><time>2024-09-14T02:49:46Z</time></trkpt><trkpt lat="-39.3665072881" lon="-72.6347958762"><ele>109.05</ele><time>2024-09-14T02:49:49Z</time></trkpt><trkpt lat="-39.3660850916" lon="-72.6340752002"><ele>108.65</ele><time>2024-09-14T02:50:02Z</time></trkpt><trkpt lat="-39.3657570239" lon="-72.6335204858"><ele>108.52</ele><time>2024-09-14T02:50:13Z</time></trkpt><trkpt lat="-39.3652686942" lon="-72.6326835528"><ele>108.63</ele><time>2024-09-14T02:50:27Z</time></trkpt><trkpt lat="-39.3649070151" lon="-72.6320726797"><ele>109.13</ele><time>2024-09-14T02:50:37Z</time></trkpt><trkpt lat="-39.3646066915" lon="-72.6315591205"><ele>108.97</ele><time>2024-09-14T02:50:48Z</time></trkpt><trkpt lat="-39.3646017462" lon="-72.6315533370"><ele>108.98</ele><time>2024-09-14T02:50:49Z</time></trkpt><trkpt lat="-39.3645413965" lon="-72.6314519998"><ele>108.91</ele><time>2024-09-14T02:50:52Z</time></trkpt><trkpt lat="-39.3641574215" lon="-72.6307943556"><ele>109.57</ele><time>2024-09-14T02:51:01Z</time></trkpt><trkpt lat="-39.3637388293" lon="-72.6300712489"><ele>109.65</ele><time>2024-09-14T02:51:12Z</time></trkpt><trkpt lat="-39.3633032218" lon="-72.6293194760"><ele>108.77</ele><time>2024-09-14T02:51:25Z</time></trkpt><trkpt lat="-39.3632576242" lon="-72.6293022092"><ele>108.89</ele><time>2024-09-14T02:51:27Z</time></trkpt><trkpt lat="-39.3632241804" lon="-72.6293101721"><ele>108.88</ele><time>2024-09-14T02:51:28Z</time></trkpt><trkpt lat="-39.3631828576" lon="-72.6293343119"><ele>108.80</ele><time>2024-09-14T02:51:29Z</time></trkpt><trkpt lat="-39.3631316442" lon="-72.6293765567"><ele>108.95</ele><time>2024-09-14T02:51:30Z</time></trkpt><trkpt lat="-39.3630736414" lon="-72.6294326317"><ele>109.00</ele><time>2024-09-14T02:51:31Z</time></trkpt><trkpt lat="-39.3624873273" lon="-72.6300331112"><ele>108.55</ele><time>2024-09-14T02:51:43Z</time></trkpt><trkpt lat="-39.3624613434" lon="-72.6300775353"><ele>108.49</ele><time>2024-09-14T02:51:44Z</time></trkpt><trkpt lat="-39.3624460883" lon="-72.6301282458"><ele>108.50</ele><time>2024-09-14T02:51:45Z</time></trkpt><trkpt lat="-39.3624486029" lon="-72.6301813032"><ele>108.46</ele><time>2024-09-14T02:51:46Z</time></trkpt><trkpt lat="-39.3624672946" lon="-72.6302391384"><ele>108.36</ele><time>2024-09-14T02:51:47Z</time></trkpt><trkpt lat="-39.3624974694" lon="-72.6303010806"><ele>108.51</ele><time>2024-09-14T02:51:48Z</time></trkpt><trkpt lat="-39.3625382055" lon="-72.6303670462"><ele>108.64</ele><time>2024-09-14T02:51:49Z</time></trkpt><trkpt lat="-39.3625838868" lon="-72.6304371189"><ele>108.90</ele><time>2024-09-14T02:51:50Z</time></trkpt><trkpt lat="-39.3630456459" lon="-72.6312281191"><ele>108.19</ele><time>2024-09-14T02:52:03Z</time></trkpt><trkpt lat="-39.3634492345" lon="-72.6319233142"><ele>108.71</ele><time>2024-09-14T02:52:13Z</time></trkpt><trkpt lat="-39.3636638112" lon="-72.6323004160"><ele>108.00</ele><time>2024-09-14T02:52:22Z</time></trkpt><trkpt lat="-39.3637819123" lon="-72.6325008273"><ele>108.24</ele><time>2024-09-14T02:52:30Z</time></trkpt><trkpt lat="-39.3641919550" lon="-72.6331859641"><ele>108.19</ele><time>2024-09-14T02:52:41Z</time></trkpt><trkpt lat="-39.3643733393" lon="-72.6334951725"><ele>107.77</ele><time>2024-09-14T02:52:50Z</time></trkpt><trkpt lat="-39.3647040054" lon="-72.6340559218"><ele>108.29</ele><time>2024-09-14T02:52:58Z</time></trkpt><trkpt lat="-39.3651346676" lon="-72.6347953733"><ele>107.89</ele><time>2024-09-14T02:53:09Z</time></trkpt><trkpt lat="-39.3655121885" lon="-72.6354556158"><ele>107.85</ele><time>2024-09-14T02:53:21Z</time></trkpt><trkpt lat="-39.3656040542" lon="-72.6356632356"><ele>108.03</ele><time>2024-09-14T02:53:33Z</time></trkpt><trkpt lat="-39.3655920681" lon="-72.6357064862"><ele>108.10</ele><time>2024-09-14T02:53:34Z</time></trkpt><trkpt lat="-39.3655582890" lon="-72.6357534248"><ele>108.11</ele><time>2024-09-14T02:53:35Z</time></trkpt><trkpt lat="-39.3655142002" lon="-72.6357981842"><ele>108.13</ele><time>2024-09-14T02:53:36Z</time></trkpt><trkpt lat="-39.3654570356" lon="-72.6358499005"><ele>108.04</ele><time>2024-09-14T02:53:37Z</time></trkpt><trkpt lat="-39.3648077734" lon="-72.6364579238"><ele>107.76</ele><time>2024-09-14T02:53:49Z</time></trkpt><trkpt lat="-39.3647728208" lon="-72.6364555769"><ele>107.62</ele><time>2024-09-14T02:53:50Z</time></trkpt><trkpt lat="-39.3647329230" lon="-72.6364348736"><ele>107.68</ele><time>2024-09-14T02:53:51Z</time></trkpt><trkpt lat="-39.3646942824" lon="-72.6363941375"><ele>107.55</ele><time>2024-09-14T02:53:52Z</time></trkpt><trkpt lat="-39.3646564800" lon="-72.6363394037"><ele>107.56</ele><time>2024-09-14T02:53:53Z</time></trkpt><trkpt lat="-39.3646174204" lon="-72.6362741925"><ele>107.55</ele><time>2024-09-14T02:53:54Z</time></trkpt><trkpt lat="-39.3640787993" lon="-72.6353274565"><ele>107.26</ele><time>2024-09-14T02:54:09Z</time></trkpt><trkpt lat="-39.3635551818" lon="-72.6344111469"><ele>107.53</ele><time>2024-09-14T02:54:23Z</time></trkpt><trkpt lat="-39.3634259328" lon="-72.6342673972"><ele>107.48</ele><time>2024-09-14T02:54:29Z</time></trkpt><trkpt lat="-39.3633894715" lon="-72.6342190336"><ele>107.41</ele><time>2024-09-14T02:54:30Z</time></trkpt><trkpt lat="-39.3633519206" lon="-72.6341584325"><ele>107.57</ele><time>2024-09-14T02:54:31Z</time></trkpt><trkpt lat="-39.3628657702" lon="-72.6333243493"><ele>107.03</ele><time>2024-09-14T02:54:46Z</time></trkpt><trkpt lat="-39.3627384491" lon="-72.6330592297"><ele>106.89</ele><time>2024-09-14T02:54:54Z</time></trkpt><trkpt lat="-39.3622465152" lon="-72.6321647968"><ele>107.44</ele><time>2024-09-14T02:55:07Z</time></trkpt><trkpt lat="-39.3618560024" lon="-72.6314975973"><ele>107.57</ele><time>2024-09-14T02:55:17Z</time></trkpt><trkpt lat="-39.3615690060" lon="-72.6309971977"><ele>107.37</ele><time>2024-09-14T02:55:26Z</time></trkpt><trkpt lat="-39.3614644837" lon="-72.6310096867"><ele>107.38</ele><time>2024-09-14T02:55:29Z</time></trkpt><trkpt lat="-39.3614196405" lon="-72.6310441364"><ele>107.47</ele><time>2024-09-14T02:55:30Z</time></trkpt><trkpt lat="-39.3613646552" lon="-72.6310944278"><ele>107.54</ele><time>2024-09-14T02:55:31Z</time></trkpt><trkpt lat="-39.3607304804" lon="-72.6317555085"><ele>107.57</ele><time>2024-09-14T02:55:43Z</time></trkpt><trkpt lat="-39.3607109506" lon="-72.6318073925"><ele>107.46</ele><time>2024-09-14T02:55:44Z</time></trkpt><trkpt lat="-39.3607090227" lon="-72.6318640541"><ele>107.40</ele><time>2024-09-14T02:55:45Z</time></trkpt><trkpt lat="-39.3607239425" lon="-72.6319184527"><ele>107.36</ele><time>2024-09-14T02:55:46Z</time></trkpt><trkpt lat="-39.3607487530" lon="-72.6319688279"><ele>107.32</ele><time>2024-09-14T02:55:47Z</time></trkpt><trkpt lat="-39.3607821129" lon="-72.6320228912"><ele>107.43</ele><time>2024-09-14T02:55:48Z</time></trkpt><trkpt lat="-39.3608207535" lon="-72.6320855878"><ele>107.40</ele><time>2024-09-14T02:55:49Z</time></trkpt><trkpt lat="-39.3612954207" lon="-72.6328755822"><ele>107.01</ele><time>2024-09-14T02:56:02Z</time></trkpt><trkpt lat="-39.3617213052" lon="-72.6335895527"><ele>107.05</ele><time>2024-09-14T02:56:13Z</time></trkpt><trkpt lat="-39.3620412424" lon="-72.6341236476"><ele>106.56</ele><time>2024-09-14T02:56:23Z</time></trkpt><trkpt lat="-39.3624962121" lon="-72.6349055115"><ele>106.95</ele><time>2024-09-14T02:56:33Z</time></trkpt><trkpt lat="-39.3627372757" lon="-72.6353071723"><ele>107.04</ele><time>2024-09-14T02:56:41Z</time></trkpt><trkpt lat="-39.3632168882" lon="-72.6361252461"><ele>107.17</ele><time>2024-09-14T02:56:52Z</time></trkpt><trkpt lat="-39.3635378312" lon="-72.6366635319"><ele>107.47</ele><time>2024-09-14T02:57:01Z</time></trkpt><trkpt lat="-39.3638801482" lon="-72.6372521091"><ele>107.41</ele><time>2024-09-14T02:57:12Z</time></trkpt><trkpt lat="-39.3638724368" lon="-72.6373565476"><ele>107.40</ele><time>2024-09-14T02:57:16Z</time></trkpt><trkpt lat="-39.3638445251" lon="-72.6373954397"><ele>107.45</ele><time>2024-09-14T02:57:17Z</time></trkpt><trkpt lat="-39.3638043758" lon="-72.6374395285"><ele>107.57</ele><time>2024-09-14T02:57:18Z</time></trkpt><trkpt lat="-39.3632336520" lon="-72.6379776467"><ele>107.88</ele><time>2024-09-14T02:57:27Z</time></trkpt><trkpt lat="-39.3631377630" lon="-72.6380644832"><ele>107.76</ele><time>2024-09-14T02:57:29Z</time></trkpt><trkpt lat="-39.3630992901" lon="-72.6380845997"><ele>107.64</ele><time>2024-09-14T02:57:30Z</time></trkpt><trkpt lat="-39.3630626611" lon="-72.6380851027"><ele>107.57</ele><time>2024-09-14T02:57:31Z</time></trkpt><trkpt lat="-39.3630247749" lon="-72.6380638126"><ele>107.55</ele><time>2024-09-14T02:57:32Z</time></trkpt><trkpt lat="-39.3629877269" lon="-72.6380214002"><ele>107.39</ele><time>2024-09-14T02:57:33Z</time></trkpt><trkpt lat="-39.3629507627" lon="-72.6379614696"><ele>107.35</ele><time>2024-09-14T02:57:34Z</time></trkpt><trkpt lat="-39.3629101105" lon="-72.6378920674"><ele>107.35</ele><time>2024-09-14T02:57:35Z</time></trkpt><trkpt lat="-39.3623092119" lon="-72.6368724927"><ele>107.17</ele><time>2024-09-14T02:57:48Z</time></trkpt><trkpt lat="-39.3613864481" lon="-72.6353101898"><ele>107.40</ele><time>2024-09-14T02:58:07Z</time></trkpt><trkpt lat="-39.3611485697" lon="-72.6348391268"><ele>107.11</ele><time>2024-09-14T02:58:16Z</time></trkpt><trkpt lat="-39.3611643277" lon="-72.6347964630"><ele>107.08</ele><time>2024-09-14T02:58:17Z</time></trkpt><trkpt lat="-39.3611975200" lon="-72.6347546373"><ele>107.15</ele><time>2024-09-14T02:58:18Z</time></trkpt><trkpt lat="-39.3612453807" lon="-72.6347082015"><ele>107.18</ele><time>2024-09-14T02:58:19Z</time></trkpt><trkpt lat="-39.3613015395" lon="-72.6346577425"><ele>107.20</ele><time>2024-09-14T02:58:20Z</time></trkpt><trkpt lat="-39.3625190109" lon="-72.6335152052"><ele>107.17</ele><time>2024-09-14T02:58:42Z</time></trkpt><trkpt lat="-39.3629216775" lon="-72.6331333257"><ele>107.39</ele><time>2024-09-14T02:58:52Z</time></trkpt><trkpt lat="-39.3634852767" lon="-72.6325752586"><ele>107.77</ele><time>2024-09-14T02:59:05Z</time></trkpt><trkpt lat="-39.3640440982" lon="-72.6320349611"><ele>108.65</ele><time>2024-09-14T02:59:17Z</time></trkpt><trkpt lat="-39.3648484256" lon="-72.6312706154"><ele>109.18</ele><time>2024-09-14T02:59:35Z</time></trkpt><trkpt lat="-39.3652640842" lon="-72.6309153065"><ele>109.36</ele><time>2024-09-14T02:59:46Z</time></trkpt><trkpt lat="-39.3653035630" lon="-72.6309357584"><ele>109.47</ele><time>2024-09-14T02:59:47Z</time></trkpt><trkpt lat="-39.3653450534" lon="-72.6309720520"><ele>109.46</ele><time>2024-09-14T02:59:48Z</time></trkpt><trkpt lat="-39.3653879687" lon="-72.6310177334"><ele>109.41</ele><time>2024-09-14T02:59:49Z</time></trkpt><trkpt lat="-39.3654339854" lon="-72.6310687792"><ele>109.34</ele><time>2024-09-14T02:59:50Z</time></trkpt><trkpt lat="-39.3662237283" lon="-72.6319593564"><ele>109.05</ele><time>2024-09-14T03:00:08Z</time></trkpt><trkpt lat="-39.3666048534" lon="-72.6326117199"><ele>108.86</ele><time>2024-09-14T03:00:19Z</time></trkpt><trkpt lat="-39.3671371881" lon="-72.6335182227"><ele>109.09</ele><time>2024-09-14T03:00:34Z</time></trkpt><trkpt lat="-39.3673601467" lon="-72.6339327078"><ele>108.78</ele><time>2024-09-14T03:00:45Z</time></trkpt><trkpt lat="-39.3673527706" lon="-72.6340079773"><ele>108.98</ele><time>2024-09-14T03:00:47Z</time></trkpt><trkpt lat="-39.3673300557" lon="-72.6340461150"><ele>108.98</ele><time>2024-09-14T03:00:48Z</time></trkpt><trkpt lat="-39.3672945164" lon="-72.6340878569"><ele>108.89</ele><time>2024-09-14T03:00:49Z</time></trkpt><trkpt lat="-39.3665771931" lon="-72.6347932778"><ele>109.23</ele><time>2024-09-14T03:01:02Z</time></trkpt><trkpt lat="-39.3654148746" lon="-72.6358989347"><ele>108.60</ele><time>2024-09-14T03:01:23Z</time></trkpt><trkpt lat="-39.3639860954" lon="-72.6372485049"><ele>108.05</ele><time>2024-09-14T03:01:45Z</time></trkpt><trkpt lat="-39.3624510337" lon="-72.6387051120"><ele>108.00</ele><time>2024-09-14T03:02:07Z</time></trkpt><trkpt lat="-39.3615153618" lon="-72.6395674422"><ele>107.78</ele><time>2024-09-14T03:02:22Z</time></trkpt><trkpt lat="-39.3614478037" lon="-72.6396034844"><ele>107.80</ele><time>2024-09-14T03:02:23Z</time></trkpt><trkpt lat="-39.3613754679" lon="-72.6396277919"><ele>107.76</ele><time>2024-09-14T03:02:24Z</time></trkpt><trkpt lat="-39.3612945825" lon="-72.6396372635"><ele>107.69</ele><time>2024-09-14T03:02:25Z</time></trkpt><trkpt lat="-39.3612132780" lon="-72.6396294683"><ele>107.59</ele><time>2024-09-14T03:02:26Z</time></trkpt><trkpt lat="-39.3611324765" lon="-72.6396069210"><ele>107.53</ele><time>2024-09-14T03:02:27Z</time></trkpt><trkpt lat="-39.3610554468" lon="-72.6395751536"><ele>107.50</ele><time>2024-09-14T03:02:28Z</time></trkpt><trkpt lat="-39.3609831110" lon="-72.6395361777"><ele>107.38</ele><time>2024-09-14T03:02:29Z</time></trkpt><trkpt lat="-39.3609132059" lon="-72.6394934300"><ele>107.43</ele><time>2024-09-14T03:02:30Z</time></trkpt><trkpt lat="-39.3605652731" lon="-72.6392833795"><ele>107.24</ele><time>2024-09-14T03:02:36Z</time></trkpt><trkpt lat="-39.3605061807" lon="-72.6392798591"><ele>107.12</ele><time>2024-09-14T03:02:37Z</time></trkpt><trkpt lat="-39.3604483455" lon="-72.6392955333"><ele>107.14</ele><time>2024-09-14T03:02:38Z</time></trkpt><trkpt lat="-39.3603950366" lon="-72.6393236965"><ele>107.09</ele><time>2024-09-14T03:02:39Z</time></trkpt><trkpt lat="-39.3603482656" lon="-72.6393618342"><ele>107.01</ele><time>2024-09-14T03:02:40Z</time></trkpt><trkpt lat="-39.3603079487" lon="-72.6394034084"><ele>107.06</ele><time>2024-09-14T03:02:41Z</time></trkpt><trkpt lat="-39.3602704816" lon="-72.6394429710"><ele>106.94</ele><time>2024-09-14T03:02:42Z</time></trkpt><trkpt lat="-39.3602316733" lon="-72.6394774206"><ele>106.93</ele><time>2024-09-14T03:02:43Z</time></trkpt><trkpt lat="-39.3601895124" lon="-72.6395062543"><ele>106.99</ele><time>2024-09-14T03:02:44Z</time></trkpt><trkpt lat="-39.3601419870" lon="-72.6395303104"><ele>107.15</ele><time>2024-09-14T03:02:45Z</time></trkpt><trkpt lat="-39.3600890134" lon="-72.6395459007"><ele>107.06</ele><time>2024-09-14T03:02:46Z</time></trkpt><trkpt lat="-39.3600315135" lon="-72.6395542827"><ele>107.11</ele><time>2024-09-14T03:02:47Z</time></trkpt><trkpt lat="-39.3599704932" lon="-72.6395604853"><ele>107.13</ele><time>2024-09-14T03:02:48Z</time></trkpt><trkpt lat="-39.3597262446" lon="-72.6396158896"><ele>106.95</ele><time>2024-09-14T03:02:52Z</time></trkpt><trkpt lat="-39.3596695829" lon="-72.6396494173"><ele>106.91</ele><time>2024-09-14T03:02:53Z</time></trkpt><trkpt lat="-39.3596131727" lon="-72.6396950986"><ele>106.88</ele><time>2024-09-14T03:02:54Z</time></trkpt><trkpt lat="-39.3595614564" lon="-72.6397477370"><ele>106.72</ele><time>2024-09-14T03:02:55Z</time></trkpt><trkpt lat="-39.3595148530" lon="-72.6398028899"><ele>106.86</ele><time>2024-09-14T03:02:56Z</time></trkpt><trkpt lat="-39.3594736978" lon="-72.6398635749"><ele>107.01</ele><time>2024-09-14T03:02:57Z</time></trkpt><trkpt lat="-39.3594394159" lon="-72.6399268582"><ele>107.08</ele><time>2024-09-14T03:02:58Z</time></trkpt><trkpt lat="-39.3594348896" lon="-72.6400184724"><ele>107.21</ele><time>2024-09-14T03:02:59Z</time></trkpt><trkpt lat="-39.3594380748" lon="-72.6400977653"><ele>107.44</ele><time>2024-09-14T03:03:00Z</time></trkpt><trkpt lat="-39.3594393320" lon="-72.6401741244"><ele>107.54</ele><time>2024-09-14T03:03:01Z</time></trkpt><trkpt lat="-39.3594478816" lon="-72.6402579434"><ele>107.70</ele><time>2024-09-14T03:03:02Z</time></trkpt><trkpt lat="-39.3594637234" lon="-72.6403397508"><ele>107.76</ele><time>2024-09-14T03:03:03Z</time></trkpt><trkpt lat="-39.3594897911" lon="-72.6404203847"><ele>107.80</ele><time>2024-09-14T03:03:04Z</time></trkpt><trkpt lat="-39.3595251627" lon="-72.6404974982"><ele>107.87</ele><time>2024-09-14T03:03:05Z</time></trkpt><trkpt lat="-39.3595673237" lon="-72.6405705884"><ele>107.92</ele><time>2024-09-14T03:03:06Z</time></trkpt><trkpt lat="-39.3596159387" lon="-72.6406342071"><ele>107.98</ele><time>2024-09-14T03:03:07Z</time></trkpt><trkpt lat="-39.3596693315" lon="-72.6406864263"><ele>107.96</ele><time>2024-09-14T03:03:08Z</time></trkpt><trkpt lat="-39.3597290106" lon="-72.6407291740"><ele>108.06</ele><time>2024-09-14T03:03:09Z</time></trkpt><trkpt lat="-39.3597922940" lon="-72.6407628693"><ele>108.24</ele><time>2024-09-14T03:03:10Z</time></trkpt><trkpt lat="-39.3598606065" lon="-72.6407894399"><ele>108.36</ele><time>2024-09-14T03:03:11Z</time></trkpt><trkpt lat="-39.3599317688" lon="-72.6408091374"><ele>108.34</ele><time>2024-09-14T03:03:12Z</time></trkpt><trkpt lat="-39.3600038532" lon="-72.6408295892"><ele>108.52</ele><time>2024-09-14T03:03:13Z</time></trkpt><trkpt lat="-39.3606008124" lon="-72.6409581676"><ele>109.50</ele><time>2024-09-14T03:03:24Z</time></trkpt><trkpt lat="-39.3606500980" lon="-72.6409550663"><ele>109.82</ele><time>2024-09-14T03:03:33Z</time></trkpt><trkpt lat="-39.3606573064" lon="-72.6409484446"><ele>110.43</ele><time>2024-09-14T03:04:33Z</time></trkpt><trkpt lat="-39.3606738187" lon="-72.6409606822"><ele>110.38</ele><time>2024-09-14T03:05:05Z</time></trkpt></trkseg></trk></gpx>