<?xml version="1.0" encoding="UTF-8" standalone="no" ?><gpx xmlns="http://www.topografix.com/GPX/1/1" xmlns:gpxx="http://www.garmin.com/xmlschemas/GpxExtensions/v3" xmlns:gpxtrkx="http://www.garmin.com/xmlschemas/TrackStatsExtension/v1" xmlns:wptx1="http://www.garmin.com/xmlschemas/WaypointExtension/v1" xmlns:gpxtpx="http://www.garmin.com/xmlschemas/TrackPointExtension/v1" creator="GPSMAP 64sx" version="1.1" xmlns:xsi="http://www.w3.org/2001/XMLSchema-instance" xsi:schemaLocation="http://www.topografix.com/GPX/1/1 http://www.topografix.com/GPX/1/1/gpx.xsd http://www.garmin.com/xmlschemas/GpxExtensions/v3 http://www8.garmin.com/xmlschemas/GpxExtensionsv3.xsd http://www.garmin.com/xmlschemas/TrackStatsExtension/v1 http://www8.garmin.com/xmlschemas/TrackStatsExtension.xsd http://www.garmin.com/xmlschemas/WaypointExtension/v1 http://www8.garmin.com/xmlschemas/WaypointExtensionv1.xsd http://www.garmin.com/xmlschemas/TrackPointExtension/v1 http://www.garmin.com/xmlschemas/TrackPointExtensionv1.xsd"><metadata><link href="http://www.garmin.com"><text>Garmin International</text></link><time>2024-08-24T04:00:07Z</time></metadata><trk><name>GPS LONCO 240823</name><extensions><gpxx:TrackExtension><gpxx:DisplayColor>Cyan</gpxx:DisplayColor></gpxx:TrackExtension><gpxtrkx:TrackStatsExtension><gpxtrkx:Distance>50034.000</gpxtrkx:Distance><gpxtrkx:TotalElapsedTime>8003</gpxtrkx:TotalElapsedTime><gpxtrkx:MovingTime>7807</gpxtrkx:MovingTime><gpxtrkx:StoppedTime>192</gpxtrkx:StoppedTime><gpxtrkx:MovingSpeed>6.409</gpxtrkx:MovingSpeed><gpxtrkx:MaxSpeed>24.526</gpxtrkx:MaxSpeed><gpxtrkx:MaxElevation>160.444</gpxtrkx:MaxElevation><gpxtrkx:MinElevation>106.362</gpxtrkx:MinElevation><gpxtrkx:Ascent>169.000</gpxtrkx:Ascent><gpxtrkx:Descent>210.212</gpxtrkx:Descent><gpxtrkx:AvgAscentRate>0.053</gpxtrkx:AvgAscentRate><gpxtrkx:MaxAscentRate>0.540</gpxtrkx:MaxAscentRate><gpxtrkx:AvgDescentRate>0.067</gpxtrkx:AvgDescentRate><gpxtrkx:MaxDescentRate>-0.997</gpxtrkx:MaxDescentRate></gpxtrkx:TrackStatsExtension></extensions><trkseg><trkpt lat="-39.3541292287" lon="-72.5776107609"><ele>160.44</ele><time>2024-08-24T01:46:44Z</time></trkpt><trkpt lat="-39.3541286420" lon="-72.5776108447"><ele>160.44</ele><time>2024-08-24T01:46:45Z</time></trkpt><trkpt lat="-39.3541278038" lon="-72.5776066538"><ele>155.13</ele><time>2024-08-24T01:46:49Z</time></trkpt><trkpt lat="-39.3541262951" lon="-72.5776067376"><ele>155.13</ele><time>2024-08-24T01:46:50Z</time></trkpt><trkpt lat="-39.3541708030" lon="-72.5775711983"><ele>154.45</ele><time>2024-08-24T01:47:06Z</time></trkpt><trkpt lat="-39.3542235252" lon="-72.5776643213"><ele>154.62</ele><time>2024-08-24T01:47:10Z</time></trkpt><trkpt lat="-39.3542455696" lon="-72.5776947476"><ele>154.52</ele><time>2024-08-24T01:47:11Z</time></trkpt><trkpt lat="-39.3542760797" lon="-72.5777232461"><ele>154.65</ele><time>2024-08-24T01:47:12Z</time></trkpt><trkpt lat="-39.3545932509" lon="-72.5780203845"><ele>153.39</ele><time>2024-08-24T01:47:22Z</time></trkpt><trkpt lat="-39.3546349090" lon="-72.5780615397"><ele>153.60</ele><time>2024-08-24T01:47:23Z</time></trkpt><trkpt lat="-39.3546779081" lon="-72.5780961569"><ele>153.66</ele><time>2024-08-24T01:47:24Z</time></trkpt><trkpt lat="-39.3547241762" lon="-72.5781248230"><ele>153.75</ele><time>2024-08-24T01:47:25Z</time></trkpt><trkpt lat="-39.3547732104" lon="-72.5781518128"><ele>153.87</ele><time>2024-08-24T01:47:26Z</time></trkpt><trkpt lat="-39.3549054768" lon="-72.5782575924"><ele>153.43</ele><time>2024-08-24T01:47:29Z</time></trkpt><trkpt lat="-39.3549410161" lon="-72.5783083029"><ele>153.35</ele><time>2024-08-24T01:47:30Z</time></trkpt><trkpt lat="-39.3549726158" lon="-72.5783726759"><ele>153.57</ele><time>2024-08-24T01:47:31Z</time></trkpt><trkpt lat="-39.3550032936" lon="-72.5784499571"><ele>153.42</ele><time>2024-08-24T01:47:32Z</time></trkpt><trkpt lat="-39.3550378270" lon="-72.5785405654"><ele>153.62</ele><time>2024-08-24T01:47:33Z</time></trkpt><trkpt lat="-39.3554815650" lon="-72.5797379203"><ele>154.20</ele><time>2024-08-24T01:47:42Z</time></trkpt><trkpt lat="-39.3561164942" lon="-72.5814897381"><ele>153.98</ele><time>2024-08-24T01:47:51Z</time></trkpt><trkpt lat="-39.3572157808" lon="-72.5844962429"><ele>152.20</ele><time>2024-08-24T01:48:04Z</time></trkpt><trkpt lat="-39.3583252933" lon="-72.5875096209"><ele>150.65</ele><time>2024-08-24T01:48:16Z</time></trkpt><trkpt lat="-39.3597435113" lon="-72.5913420785"><ele>148.25</ele><time>2024-08-24T01:48:31Z</time></trkpt><trkpt lat="-39.3605799414" lon="-72.5936388876"><ele>145.83</ele><time>2024-08-24T01:48:41Z</time></trkpt><trkpt lat="-39.3614695966" lon="-72.5961277261"><ele>144.15</ele><time>2024-08-24T01:48:54Z</time></trkpt><trkpt lat="-39.3626466673" lon="-72.5993925612"><ele>142.34</ele><time>2024-08-24T01:49:11Z</time></trkpt><trkpt lat="-39.3635530025" lon="-72.6021775324"><ele>139.23</ele><time>2024-08-24T01:49:25Z</time></trkpt><trkpt lat="-39.3638774659" lon="-72.6040834934"><ele>136.09</ele><time>2024-08-24T01:49:35Z</time></trkpt><trkpt lat="-39.3639798090" lon="-72.6054734644"><ele>133.78</ele><time>2024-08-24T01:49:45Z</time></trkpt><trkpt lat="-39.3639782164" lon="-72.6071081869"><ele>131.45</ele><time>2024-08-24T01:50:00Z</time></trkpt><trkpt lat="-39.3639335409" lon="-72.6087241340"><ele>129.26</ele><time>2024-08-24T01:50:16Z</time></trkpt><trkpt lat="-39.3638836686" lon="-72.6099599618"><ele>126.19</ele><time>2024-08-24T01:50:28Z</time></trkpt><trkpt lat="-39.3638550863" lon="-72.6109262276"><ele>122.81</ele><time>2024-08-24T01:50:37Z</time></trkpt><trkpt lat="-39.3638261687" lon="-72.6120143663"><ele>119.54</ele><time>2024-08-24T01:50:47Z</time></trkpt><trkpt lat="-39.3637741171" lon="-72.6131942868"><ele>116.48</ele><time>2024-08-24T01:50:58Z</time></trkpt><trkpt lat="-39.3635526672" lon="-72.6147750299"><ele>115.40</ele><time>2024-08-24T01:51:14Z</time></trkpt><trkpt lat="-39.3631531857" lon="-72.6162820961"><ele>114.99</ele><time>2024-08-24T01:51:30Z</time></trkpt><trkpt lat="-39.3625299912" lon="-72.6177645195"><ele>115.72</ele><time>2024-08-24T01:51:47Z</time></trkpt><trkpt lat="-39.3620352913" lon="-72.6186373271"><ele>118.80</ele><time>2024-08-24T01:51:58Z</time></trkpt><trkpt lat="-39.3615220673" lon="-72.6193879265"><ele>122.02</ele><time>2024-08-24T01:52:08Z</time></trkpt><trkpt lat="-39.3608141318" lon="-72.6202107780"><ele>125.14</ele><time>2024-08-24T01:52:20Z</time></trkpt><trkpt lat="-39.3602962140" lon="-72.6206626464"><ele>126.11</ele><time>2024-08-24T01:52:28Z</time></trkpt><trkpt lat="-39.3602223694" lon="-72.6206922345"><ele>126.17</ele><time>2024-08-24T01:52:29Z</time></trkpt><trkpt lat="-39.3601472676" lon="-72.6207170449"><ele>126.22</ele><time>2024-08-24T01:52:30Z</time></trkpt><trkpt lat="-39.3597703334" lon="-72.6207992714"><ele>124.31</ele><time>2024-08-24T01:52:35Z</time></trkpt><trkpt lat="-39.3595840875" lon="-72.6208618842"><ele>122.59</ele><time>2024-08-24T01:52:38Z</time></trkpt><trkpt lat="-39.3593789823" lon="-72.6209612936"><ele>124.97</ele><time>2024-08-24T01:52:46Z</time></trkpt><trkpt lat="-39.3593281880" lon="-72.6210406702"><ele>122.04</ele><time>2024-08-24T01:53:08Z</time></trkpt><trkpt lat="-39.3593033776" lon="-72.6210648101"><ele>120.42</ele><time>2024-08-24T01:53:09Z</time></trkpt><trkpt lat="-39.3592491467" lon="-72.6211285125"><ele>119.29</ele><time>2024-08-24T01:53:11Z</time></trkpt><trkpt lat="-39.3591890484" lon="-72.6212901995"><ele>118.38</ele><time>2024-08-24T01:53:16Z</time></trkpt><trkpt lat="-39.3592038844" lon="-72.6213483699"><ele>118.18</ele><time>2024-08-24T01:53:17Z</time></trkpt><trkpt lat="-39.3592291977" lon="-72.6214145031"><ele>118.38</ele><time>2024-08-24T01:53:18Z</time></trkpt><trkpt lat="-39.3592636473" lon="-72.6214837376"><ele>118.06</ele><time>2024-08-24T01:53:19Z</time></trkpt><trkpt lat="-39.3593037967" lon="-72.6215597615"><ele>117.48</ele><time>2024-08-24T01:53:20Z</time></trkpt><trkpt lat="-39.3593873642" lon="-72.6217185147"><ele>116.64</ele><time>2024-08-24T01:53:22Z</time></trkpt><trkpt lat="-39.3598879315" lon="-72.6226352435"><ele>114.28</ele><time>2024-08-24T01:53:32Z</time></trkpt><trkpt lat="-39.3599498738" lon="-72.6227104291"><ele>113.93</ele><time>2024-08-24T01:53:33Z</time></trkpt><trkpt lat="-39.3600214552" lon="-72.6227752212"><ele>113.73</ele><time>2024-08-24T01:53:34Z</time></trkpt><trkpt lat="-39.3600991555" lon="-72.6228261832"><ele>113.49</ele><time>2024-08-24T01:53:35Z</time></trkpt><trkpt lat="-39.3601819687" lon="-72.6228618063"><ele>113.22</ele><time>2024-08-24T01:53:36Z</time></trkpt><trkpt lat="-39.3602668773" lon="-72.6228882093"><ele>113.06</ele><time>2024-08-24T01:53:37Z</time></trkpt><trkpt lat="-39.3603516184" lon="-72.6229067333"><ele>113.02</ele><time>2024-08-24T01:53:38Z</time></trkpt><trkpt lat="-39.3604355212" lon="-72.6229158696"><ele>112.99</ele><time>2024-08-24T01:53:39Z</time></trkpt><trkpt lat="-39.3605189212" lon="-72.6229258440"><ele>112.80</ele><time>2024-08-24T01:53:40Z</time></trkpt><trkpt lat="-39.3614773080" lon="-72.6232517324"><ele>115.07</ele><time>2024-08-24T01:53:52Z</time></trkpt><trkpt lat="-39.3623025902" lon="-72.6240712311"><ele>113.14</ele><time>2024-08-24T01:54:04Z</time></trkpt><trkpt lat="-39.3623808771" lon="-72.6241208520"><ele>113.18</ele><time>2024-08-24T01:54:05Z</time></trkpt><trkpt lat="-39.3624662887" lon="-72.6241594087"><ele>113.17</ele><time>2024-08-24T01:54:06Z</time></trkpt><trkpt lat="-39.3625454977" lon="-72.6241906732"><ele>113.04</ele><time>2024-08-24T01:54:07Z</time></trkpt><trkpt lat="-39.3626280595" lon="-72.6242086943"><ele>113.16</ele><time>2024-08-24T01:54:08Z</time></trkpt><trkpt lat="-39.3627093639" lon="-72.6242226083"><ele>113.30</ele><time>2024-08-24T01:54:09Z</time></trkpt><trkpt lat="-39.3627890758" lon="-72.6242275536"><ele>113.50</ele><time>2024-08-24T01:54:10Z</time></trkpt><trkpt lat="-39.3628750741" lon="-72.6242266316"><ele>113.46</ele><time>2024-08-24T01:54:11Z</time></trkpt><trkpt lat="-39.3633641582" lon="-72.6242714748"><ele>113.97</ele><time>2024-08-24T01:54:17Z</time></trkpt><trkpt lat="-39.3634437025" lon="-72.6243055053"><ele>114.10</ele><time>2024-08-24T01:54:18Z</time></trkpt><trkpt lat="-39.3635179661" lon="-72.6243497618"><ele>114.00</ele><time>2024-08-24T01:54:19Z</time></trkpt><trkpt lat="-39.3635831773" lon="-72.6243999694"><ele>114.12</ele><time>2024-08-24T01:54:20Z</time></trkpt><trkpt lat="-39.3636409286" lon="-72.6244521886"><ele>114.21</ele><time>2024-08-24T01:54:21Z</time></trkpt><trkpt lat="-39.3636906333" lon="-72.6245040726"><ele>114.23</ele><time>2024-08-24T01:54:22Z</time></trkpt><trkpt lat="-39.3637317885" lon="-72.6245582197"><ele>114.10</ele><time>2024-08-24T01:54:23Z</time></trkpt><trkpt lat="-39.3637688365" lon="-72.6246069185"><ele>113.93</ele><time>2024-08-24T01:54:24Z</time></trkpt><trkpt lat="-39.3638824951" lon="-72.6246907376"><ele>114.34</ele><time>2024-08-24T01:54:28Z</time></trkpt><trkpt lat="-39.3639039528" lon="-72.6246714592"><ele>113.95</ele><time>2024-08-24T01:54:29Z</time></trkpt><trkpt lat="-39.3639174476" lon="-72.6246466488"><ele>114.16</ele><time>2024-08-24T01:54:30Z</time></trkpt><trkpt lat="-39.3639265839" lon="-72.6246173959"><ele>114.22</ele><time>2024-08-24T01:54:31Z</time></trkpt><trkpt lat="-39.3639268354" lon="-72.6245838683"><ele>113.68</ele><time>2024-08-24T01:54:32Z</time></trkpt><trkpt lat="-39.3639246561" lon="-72.6245503407"><ele>113.87</ele><time>2024-08-24T01:54:33Z</time></trkpt><trkpt lat="-39.3639175314" lon="-72.6245085150"><ele>114.21</ele><time>2024-08-24T01:54:34Z</time></trkpt><trkpt lat="-39.3639104906" lon="-72.6244607382"><ele>113.68</ele><time>2024-08-24T01:54:35Z</time></trkpt><trkpt lat="-39.3639044557" lon="-72.6243982930"><ele>113.36</ele><time>2024-08-24T01:54:36Z</time></trkpt><trkpt lat="-39.3639034498" lon="-72.6243274659"><ele>112.73</ele><time>2024-08-24T01:54:37Z</time></trkpt><trkpt lat="-39.3639012706" lon="-72.6242511068"><ele>112.22</ele><time>2024-08-24T01:54:38Z</time></trkpt><trkpt lat="-39.3639014382" lon="-72.6241719816"><ele>112.04</ele><time>2024-08-24T01:54:39Z</time></trkpt><trkpt lat="-39.3639009353" lon="-72.6240294054"><ele>111.20</ele><time>2024-08-24T01:54:41Z</time></trkpt><trkpt lat="-39.3638864346" lon="-72.6239706483"><ele>111.34</ele><time>2024-08-24T01:54:42Z</time></trkpt><trkpt lat="-39.3638590258" lon="-72.6239134837"><ele>111.50</ele><time>2024-08-24T01:54:43Z</time></trkpt><trkpt lat="-39.3638192117" lon="-72.6238670480"><ele>112.09</ele><time>2024-08-24T01:54:44Z</time></trkpt><trkpt lat="-39.3637693394" lon="-72.6238204446"><ele>112.01</ele><time>2024-08-24T01:54:45Z</time></trkpt><trkpt lat="-39.3637191318" lon="-72.6237764396"><ele>112.26</ele><time>2024-08-24T01:54:46Z</time></trkpt><trkpt lat="-39.3632507510" lon="-72.6233539917"><ele>112.82</ele><time>2024-08-24T01:54:55Z</time></trkpt><trkpt lat="-39.3632188160" lon="-72.6232996769"><ele>112.59</ele><time>2024-08-24T01:54:56Z</time></trkpt><trkpt lat="-39.3631997053" lon="-72.6232335437"><ele>112.38</ele><time>2024-08-24T01:54:57Z</time></trkpt><trkpt lat="-39.3631901499" lon="-72.6231585257"><ele>111.84</ele><time>2024-08-24T01:54:58Z</time></trkpt><trkpt lat="-39.3631865457" lon="-72.6230767183"><ele>112.00</ele><time>2024-08-24T01:54:59Z</time></trkpt><trkpt lat="-39.3631846178" lon="-72.6229909714"><ele>112.15</ele><time>2024-08-24T01:55:00Z</time></trkpt><trkpt lat="-39.3632167205" lon="-72.6222715527"><ele>112.51</ele><time>2024-08-24T01:55:11Z</time></trkpt><trkpt lat="-39.3632357474" lon="-72.6222631708"><ele>112.61</ele><time>2024-08-24T01:55:12Z</time></trkpt><trkpt lat="-39.3632588815" lon="-72.6222684514"><ele>112.40</ele><time>2024-08-24T01:55:13Z</time></trkpt><trkpt lat="-39.3632852845" lon="-72.6222842932"><ele>112.14</ele><time>2024-08-24T01:55:14Z</time></trkpt><trkpt lat="-39.3633155432" lon="-72.6223084331"><ele>111.98</ele><time>2024-08-24T01:55:15Z</time></trkpt><trkpt lat="-39.3633475620" lon="-72.6223367639"><ele>112.50</ele><time>2024-08-24T01:55:16Z</time></trkpt><trkpt lat="-39.3635015376" lon="-72.6224443037"><ele>112.21</ele><time>2024-08-24T01:55:22Z</time></trkpt><trkpt lat="-39.3635176308" lon="-72.6224378496"><ele>112.34</ele><time>2024-08-24T01:55:23Z</time></trkpt><trkpt lat="-39.3635301199" lon="-72.6224257797"><ele>112.48</ele><time>2024-08-24T01:55:24Z</time></trkpt><trkpt lat="-39.3635363225" lon="-72.6224110276"><ele>112.51</ele><time>2024-08-24T01:55:25Z</time></trkpt><trkpt lat="-39.3635406811" lon="-72.6223930903"><ele>112.46</ele><time>2024-08-24T01:55:26Z</time></trkpt><trkpt lat="-39.3635445368" lon="-72.6223743986"><ele>112.61</ele><time>2024-08-24T01:55:27Z</time></trkpt><trkpt lat="-39.3635467160" lon="-72.6223508455"><ele>112.59</ele><time>2024-08-24T01:55:28Z</time></trkpt><trkpt lat="-39.3635454588" lon="-72.6223251130"><ele>112.53</ele><time>2024-08-24T01:55:29Z</time></trkpt><trkpt lat="-39.3635439500" lon="-72.6217075344"><ele>112.69</ele><time>2024-08-24T01:55:39Z</time></trkpt><trkpt lat="-39.3634850252" lon="-72.6213404071"><ele>113.03</ele><time>2024-08-24T01:55:47Z</time></trkpt><trkpt lat="-39.3634416070" lon="-72.6212971564"><ele>112.95</ele><time>2024-08-24T01:55:48Z</time></trkpt><trkpt lat="-39.3633971829" lon="-72.6212574262"><ele>112.89</ele><time>2024-08-24T01:55:49Z</time></trkpt><trkpt lat="-39.3632439617" lon="-72.6211808156"><ele>112.58</ele><time>2024-08-24T01:55:54Z</time></trkpt><trkpt lat="-39.3632234260" lon="-72.6212058775"><ele>112.95</ele><time>2024-08-24T01:55:55Z</time></trkpt><trkpt lat="-39.3632106856" lon="-72.6212572586"><ele>113.04</ele><time>2024-08-24T01:55:56Z</time></trkpt><trkpt lat="-39.3632099312" lon="-72.6213171892"><ele>112.81</ele><time>2024-08-24T01:55:57Z</time></trkpt><trkpt lat="-39.3632111046" lon="-72.6213922072"><ele>112.55</ele><time>2024-08-24T01:55:58Z</time></trkpt><trkpt lat="-39.3631022237" lon="-72.6217356976"><ele>112.38</ele><time>2024-08-24T01:56:06Z</time></trkpt><trkpt lat="-39.3630542792" lon="-72.6217359491"><ele>112.63</ele><time>2024-08-24T01:56:07Z</time></trkpt><trkpt lat="-39.3629996292" lon="-72.6217327639"><ele>112.56</ele><time>2024-08-24T01:56:08Z</time></trkpt><trkpt lat="-39.3625470903" lon="-72.6217699796"><ele>112.69</ele><time>2024-08-24T01:56:19Z</time></trkpt><trkpt lat="-39.3624513689" lon="-72.6219677925"><ele>112.70</ele><time>2024-08-24T01:56:25Z</time></trkpt><trkpt lat="-39.3624166679" lon="-72.6219796948"><ele>112.68</ele><time>2024-08-24T01:56:26Z</time></trkpt><trkpt lat="-39.3620866723" lon="-72.6220547128"><ele>113.16</ele><time>2024-08-24T01:56:33Z</time></trkpt><trkpt lat="-39.3620463554" lon="-72.6220556349"><ele>113.13</ele><time>2024-08-24T01:56:34Z</time></trkpt><trkpt lat="-39.3620080501" lon="-72.6220483426"><ele>112.99</ele><time>2024-08-24T01:56:35Z</time></trkpt><trkpt lat="-39.3619706668" lon="-72.6220320817"><ele>112.50</ele><time>2024-08-24T01:56:36Z</time></trkpt><trkpt lat="-39.3619352113" lon="-72.6220063493"><ele>112.38</ele><time>2024-08-24T01:56:37Z</time></trkpt><trkpt lat="-39.3619035278" lon="-72.6219725702"><ele>112.49</ele><time>2024-08-24T01:56:38Z</time></trkpt><trkpt lat="-39.3618707545" lon="-72.6219383720"><ele>112.22</ele><time>2024-08-24T01:56:39Z</time></trkpt><trkpt lat="-39.3617511448" lon="-72.6217827201"><ele>112.57</ele><time>2024-08-24T01:56:44Z</time></trkpt><trkpt lat="-39.3617538270" lon="-72.6217491087"><ele>112.37</ele><time>2024-08-24T01:56:45Z</time></trkpt><trkpt lat="-39.3617679086" lon="-72.6217152458"><ele>112.56</ele><time>2024-08-24T01:56:46Z</time></trkpt><trkpt lat="-39.3617913779" lon="-72.6216845680"><ele>112.38</ele><time>2024-08-24T01:56:47Z</time></trkpt><trkpt lat="-39.3618290126" lon="-72.6216649543"><ele>112.19</ele><time>2024-08-24T01:56:48Z</time></trkpt><trkpt lat="-39.3618750293" lon="-72.6216518786"><ele>111.99</ele><time>2024-08-24T01:56:49Z</time></trkpt><trkpt lat="-39.3619285058" lon="-72.6216411497"><ele>111.78</ele><time>2024-08-24T01:56:50Z</time></trkpt><trkpt lat="-39.3619837426" lon="-72.6216322649"><ele>112.29</ele><time>2024-08-24T01:56:51Z</time></trkpt><trkpt lat="-39.3624819629" lon="-72.6215507090"><ele>112.65</ele><time>2024-08-24T01:57:02Z</time></trkpt><trkpt lat="-39.3624990620" lon="-72.6215370465"><ele>112.54</ele><time>2024-08-24T01:57:03Z</time></trkpt><trkpt lat="-39.3625200167" lon="-72.6215067878"><ele>112.85</ele><time>2024-08-24T01:57:04Z</time></trkpt><trkpt lat="-39.3625357747" lon="-72.6214673929"><ele>112.50</ele><time>2024-08-24T01:57:05Z</time></trkpt><trkpt lat="-39.3625474256" lon="-72.6214158442"><ele>112.35</ele><time>2024-08-24T01:57:06Z</time></trkpt><trkpt lat="-39.3625542987" lon="-72.6213554945"><ele>112.37</ele><time>2024-08-24T01:57:07Z</time></trkpt><trkpt lat="-39.3625587411" lon="-72.6212929655"><ele>112.53</ele><time>2024-08-24T01:57:08Z</time></trkpt><trkpt lat="-39.3625673745" lon="-72.6206433680"><ele>112.60</ele><time>2024-08-24T01:57:17Z</time></trkpt><trkpt lat="-39.3625814561" lon="-72.6205903105"><ele>112.79</ele><time>2024-08-24T01:57:18Z</time></trkpt><trkpt lat="-39.3626086134" lon="-72.6205503289"><ele>112.74</ele><time>2024-08-24T01:57:19Z</time></trkpt><trkpt lat="-39.3626475893" lon="-72.6205245126"><ele>112.31</ele><time>2024-08-24T01:57:20Z</time></trkpt><trkpt lat="-39.3627025746" lon="-72.6205230039"><ele>112.15</ele><time>2024-08-24T01:57:21Z</time></trkpt><trkpt lat="-39.3627671152" lon="-72.6205282845"><ele>112.40</ele><time>2024-08-24T01:57:22Z</time></trkpt><trkpt lat="-39.3628386129" lon="-72.6205321401"><ele>112.03</ele><time>2024-08-24T01:57:23Z</time></trkpt><trkpt lat="-39.3637190480" lon="-72.6205846108"><ele>112.63</ele><time>2024-08-24T01:57:35Z</time></trkpt><trkpt lat="-39.3638902903" lon="-72.6206291188"><ele>112.74</ele><time>2024-08-24T01:57:43Z</time></trkpt><trkpt lat="-39.3638782203" lon="-72.6206364110"><ele>116.41</ele><time>2024-08-24T01:57:53Z</time></trkpt><trkpt lat="-39.3638763763" lon="-72.6206368301"><ele>116.42</ele><time>2024-08-24T01:57:54Z</time></trkpt><trkpt lat="-39.3638769630" lon="-72.6206325553"><ele>113.39</ele><time>2024-08-24T01:57:57Z</time></trkpt><trkpt lat="-39.3638786394" lon="-72.6206291188"><ele>112.54</ele><time>2024-08-24T01:57:59Z</time></trkpt><trkpt lat="-39.3638983369" lon="-72.6206229161"><ele>115.60</ele><time>2024-08-24T01:58:21Z</time></trkpt><trkpt lat="-39.3638995104" lon="-72.6206228323"><ele>115.60</ele><time>2024-08-24T01:58:22Z</time></trkpt><trkpt lat="-39.3638980016" lon="-72.6206279453"><ele>112.23</ele><time>2024-08-24T01:58:26Z</time></trkpt><trkpt lat="-39.3639415875" lon="-72.6206421945"><ele>112.37</ele><time>2024-08-24T01:58:35Z</time></trkpt><trkpt lat="-39.3639762886" lon="-72.6206001174"><ele>113.18</ele><time>2024-08-24T01:58:37Z</time></trkpt><trkpt lat="-39.3639907055" lon="-72.6205523405"><ele>112.65</ele><time>2024-08-24T01:58:38Z</time></trkpt><trkpt lat="-39.3640019372" lon="-72.6204955112"><ele>113.03</ele><time>2024-08-24T01:58:39Z</time></trkpt><trkpt lat="-39.3640073016" lon="-72.6204280369"><ele>112.78</ele><time>2024-08-24T01:58:40Z</time></trkpt><trkpt lat="-39.3640097324" lon="-72.6203600597"><ele>112.46</ele><time>2024-08-24T01:58:41Z</time></trkpt><trkpt lat="-39.3639898673" lon="-72.6201676112"><ele>113.14</ele><time>2024-08-24T01:58:45Z</time></trkpt><trkpt lat="-39.3639643863" lon="-72.6201459020"><ele>113.24</ele><time>2024-08-24T01:58:46Z</time></trkpt><trkpt lat="-39.3639310263" lon="-72.6201331615"><ele>113.10</ele><time>2024-08-24T01:58:47Z</time></trkpt><trkpt lat="-39.3638902064" lon="-72.6201267913"><ele>112.83</ele><time>2024-08-24T01:58:48Z</time></trkpt><trkpt lat="-39.3638446927" lon="-72.6201218460"><ele>112.68</ele><time>2024-08-24T01:58:49Z</time></trkpt><trkpt lat="-39.3630822748" lon="-72.6200966164"><ele>112.86</ele><time>2024-08-24T01:59:04Z</time></trkpt><trkpt lat="-39.3626109604" lon="-72.6200533658"><ele>112.17</ele><time>2024-08-24T01:59:14Z</time></trkpt><trkpt lat="-39.3625917658" lon="-72.6200071815"><ele>112.07</ele><time>2024-08-24T01:59:15Z</time></trkpt><trkpt lat="-39.3625848927" lon="-72.6199423056"><ele>111.94</ele><time>2024-08-24T01:59:16Z</time></trkpt><trkpt lat="-39.3625937775" lon="-72.6198646054"><ele>112.00</ele><time>2024-08-24T01:59:17Z</time></trkpt><trkpt lat="-39.3626199290" lon="-72.6197234541"><ele>111.82</ele><time>2024-08-24T01:59:19Z</time></trkpt><trkpt lat="-39.3626440689" lon="-72.6196714863"><ele>112.05</ele><time>2024-08-24T01:59:20Z</time></trkpt><trkpt lat="-39.3626803625" lon="-72.6196330134"><ele>112.05</ele><time>2024-08-24T01:59:21Z</time></trkpt><trkpt lat="-39.3627252057" lon="-72.6196134835"><ele>112.11</ele><time>2024-08-24T01:59:22Z</time></trkpt><trkpt lat="-39.3627794366" lon="-72.6196051016"><ele>111.84</ele><time>2024-08-24T01:59:23Z</time></trkpt><trkpt lat="-39.3628419656" lon="-72.6196052693"><ele>112.10</ele><time>2024-08-24T01:59:24Z</time></trkpt><trkpt lat="-39.3629068416" lon="-72.6196066942"><ele>112.14</ele><time>2024-08-24T01:59:25Z</time></trkpt><trkpt lat="-39.3637912162" lon="-72.6196449157"><ele>112.79</ele><time>2024-08-24T01:59:37Z</time></trkpt><trkpt lat="-39.3639995065" lon="-72.6195951272"><ele>113.35</ele><time>2024-08-24T01:59:43Z</time></trkpt><trkpt lat="-39.3640163541" lon="-72.6195380464"><ele>112.89</ele><time>2024-08-24T01:59:44Z</time></trkpt><trkpt lat="-39.3640280887" lon="-72.6194649562"><ele>112.43</ele><time>2024-08-24T01:59:45Z</time></trkpt><trkpt lat="-39.3640361354" lon="-72.6193899382"><ele>112.52</ele><time>2024-08-24T01:59:46Z</time></trkpt><trkpt lat="-39.3640352972" lon="-72.6193229668"><ele>113.14</ele><time>2024-08-24T01:59:47Z</time></trkpt><trkpt lat="-39.3640251551" lon="-72.6192744356"><ele>113.51</ele><time>2024-08-24T01:59:48Z</time></trkpt><trkpt lat="-39.3640060443" lon="-72.6192316040"><ele>113.66</ele><time>2024-08-24T01:59:49Z</time></trkpt><trkpt lat="-39.3639762048" lon="-72.6192040276"><ele>113.76</ele><time>2024-08-24T01:59:50Z</time></trkpt><trkpt lat="-39.3639343791" lon="-72.6191839110"><ele>113.50</ele><time>2024-08-24T01:59:51Z</time></trkpt><trkpt lat="-39.3638814054" lon="-72.6191751938"><ele>113.28</ele><time>2024-08-24T01:59:52Z</time></trkpt><trkpt lat="-39.3638184574" lon="-72.6191721763"><ele>113.07</ele><time>2024-08-24T01:59:53Z</time></trkpt><trkpt lat="-39.3637516536" lon="-72.6191717573"><ele>112.81</ele><time>2024-08-24T01:59:54Z</time></trkpt><trkpt lat="-39.3630120344" lon="-72.6191678178"><ele>112.70</ele><time>2024-08-24T02:00:05Z</time></trkpt><trkpt lat="-39.3627612479" lon="-72.6191606931"><ele>111.50</ele><time>2024-08-24T02:00:10Z</time></trkpt><trkpt lat="-39.3627329171" lon="-72.6191289257"><ele>112.02</ele><time>2024-08-24T02:00:13Z</time></trkpt><trkpt lat="-39.3627221044" lon="-72.6191047858"><ele>112.15</ele><time>2024-08-24T02:00:14Z</time></trkpt><trkpt lat="-39.3627172429" lon="-72.6190725993"><ele>112.13</ele><time>2024-08-24T02:00:15Z</time></trkpt><trkpt lat="-39.3627265468" lon="-72.6190282591"><ele>111.80</ele><time>2024-08-24T02:00:16Z</time></trkpt><trkpt lat="-39.3627430592" lon="-72.6189767942"><ele>112.21</ele><time>2024-08-24T02:00:17Z</time></trkpt><trkpt lat="-39.3627633434" lon="-72.6189213060"><ele>112.19</ele><time>2024-08-24T02:00:18Z</time></trkpt><trkpt lat="-39.3628075998" lon="-72.6188117545"><ele>112.52</ele><time>2024-08-24T02:00:20Z</time></trkpt><trkpt lat="-39.3628317397" lon="-72.6187682524"><ele>112.34</ele><time>2024-08-24T02:00:21Z</time></trkpt><trkpt lat="-39.3628591485" lon="-72.6187415142"><ele>111.98</ele><time>2024-08-24T02:00:22Z</time></trkpt><trkpt lat="-39.3628915027" lon="-72.6187295280"><ele>112.59</ele><time>2024-08-24T02:00:23Z</time></trkpt><trkpt lat="-39.3629289698" lon="-72.6187234931"><ele>112.73</ele><time>2024-08-24T02:00:24Z</time></trkpt><trkpt lat="-39.3629708793" lon="-72.6187238283"><ele>112.56</ele><time>2024-08-24T02:00:25Z</time></trkpt><trkpt lat="-39.3630139623" lon="-72.6187276002"><ele>112.58</ele><time>2024-08-24T02:00:26Z</time></trkpt><trkpt lat="-39.3636139389" lon="-72.6187434420"><ele>112.85</ele><time>2024-08-24T02:00:39Z</time></trkpt><trkpt lat="-39.3639860116" lon="-72.6187498122"><ele>113.25</ele><time>2024-08-24T02:00:48Z</time></trkpt><trkpt lat="-39.3640042003" lon="-72.6187344734"><ele>113.42</ele><time>2024-08-24T02:00:49Z</time></trkpt><trkpt lat="-39.3640256580" lon="-72.6186992694"><ele>113.37</ele><time>2024-08-24T02:00:50Z</time></trkpt><trkpt lat="-39.3640446849" lon="-72.6186514925"><ele>113.25</ele><time>2024-08-24T02:00:51Z</time></trkpt><trkpt lat="-39.3640551623" lon="-72.6185929868"><ele>113.27</ele><time>2024-08-24T02:00:52Z</time></trkpt><trkpt lat="-39.3640602753" lon="-72.6185281947"><ele>112.93</ele><time>2024-08-24T02:00:53Z</time></trkpt><trkpt lat="-39.3640613649" lon="-72.6184644084"><ele>112.84</ele><time>2024-08-24T02:00:54Z</time></trkpt><trkpt lat="-39.3640555814" lon="-72.6184087526"><ele>112.79</ele><time>2024-08-24T02:00:55Z</time></trkpt><trkpt lat="-39.3640422542" lon="-72.6183657534"><ele>113.18</ele><time>2024-08-24T02:00:56Z</time></trkpt><trkpt lat="-39.3640222214" lon="-72.6183323096"><ele>113.17</ele><time>2024-08-24T02:00:57Z</time></trkpt><trkpt lat="-39.3639916275" lon="-72.6183141209"><ele>113.62</ele><time>2024-08-24T02:00:58Z</time></trkpt><trkpt lat="-39.3639498018" lon="-72.6183044817"><ele>113.66</ele><time>2024-08-24T02:00:59Z</time></trkpt><trkpt lat="-39.3638962414" lon="-72.6183069125"><ele>113.28</ele><time>2024-08-24T02:01:00Z</time></trkpt><trkpt lat="-39.3638374843" lon="-72.6183017157"><ele>112.96</ele><time>2024-08-24T02:01:01Z</time></trkpt><trkpt lat="-39.3637762964" lon="-72.6182977762"><ele>112.98</ele><time>2024-08-24T02:01:02Z</time></trkpt><trkpt lat="-39.3637142703" lon="-72.6182960998"><ele>113.10</ele><time>2024-08-24T02:01:03Z</time></trkpt><trkpt lat="-39.3631819356" lon="-72.6182730496"><ele>112.22</ele><time>2024-08-24T02:01:14Z</time></trkpt><trkpt lat="-39.3631645851" lon="-72.6182558667"><ele>112.79</ele><time>2024-08-24T02:01:15Z</time></trkpt><trkpt lat="-39.3631484918" lon="-72.6182406116"><ele>112.46</ele><time>2024-08-24T02:01:16Z</time></trkpt><trkpt lat="-39.3631360866" lon="-72.6182168070"><ele>112.02</ele><time>2024-08-24T02:01:17Z</time></trkpt><trkpt lat="-39.3631308898" lon="-72.6181849558"><ele>112.09</ele><time>2024-08-24T02:01:18Z</time></trkpt><trkpt lat="-39.3631415349" lon="-72.6181439683"><ele>112.55</ele><time>2024-08-24T02:01:19Z</time></trkpt><trkpt lat="-39.3631643336" lon="-72.6180846244"><ele>112.14</ele><time>2024-08-24T02:01:20Z</time></trkpt><trkpt lat="-39.3631908204" lon="-72.6180220116"><ele>112.42</ele><time>2024-08-24T02:01:21Z</time></trkpt><trkpt lat="-39.3632484879" lon="-72.6179125439"><ele>112.30</ele><time>2024-08-24T02:01:23Z</time></trkpt><trkpt lat="-39.3632757291" lon="-72.6178796031"><ele>112.27</ele><time>2024-08-24T02:01:24Z</time></trkpt><trkpt lat="-39.3633085862" lon="-72.6178557146"><ele>112.79</ele><time>2024-08-24T02:01:25Z</time></trkpt><trkpt lat="-39.3633549381" lon="-72.6178530324"><ele>112.77</ele><time>2024-08-24T02:01:26Z</time></trkpt><trkpt lat="-39.3634107616" lon="-72.6178535353"><ele>112.65</ele><time>2024-08-24T02:01:27Z</time></trkpt><trkpt lat="-39.3634772301" lon="-72.6178529486"><ele>112.74</ele><time>2024-08-24T02:01:28Z</time></trkpt><trkpt lat="-39.3639963213" lon="-72.6178709697"><ele>113.19</ele><time>2024-08-24T02:01:38Z</time></trkpt><trkpt lat="-39.3640129175" lon="-72.6178532001"><ele>113.27</ele><time>2024-08-24T02:01:39Z</time></trkpt><trkpt lat="-39.3640349619" lon="-72.6178133022"><ele>113.44</ele><time>2024-08-24T02:01:40Z</time></trkpt><trkpt lat="-39.3640540726" lon="-72.6177625917"><ele>113.43</ele><time>2024-08-24T02:01:41Z</time></trkpt><trkpt lat="-39.3640666455" lon="-72.6176978834"><ele>112.98</ele><time>2024-08-24T02:01:42Z</time></trkpt><trkpt lat="-39.3640692439" lon="-72.6176258828"><ele>112.91</ele><time>2024-08-24T02:01:43Z</time></trkpt><trkpt lat="-39.3640666455" lon="-72.6175616775"><ele>112.84</ele><time>2024-08-24T02:01:44Z</time></trkpt><trkpt lat="-39.3640534021" lon="-72.6175123919"><ele>113.47</ele><time>2024-08-24T02:01:45Z</time></trkpt><trkpt lat="-39.3640341237" lon="-72.6174771879"><ele>113.34</ele><time>2024-08-24T02:01:46Z</time></trkpt><trkpt lat="-39.3640059605" lon="-72.6174549758"><ele>113.55</ele><time>2024-08-24T02:01:47Z</time></trkpt><trkpt lat="-39.3639640510" lon="-72.6174405590"><ele>113.56</ele><time>2024-08-24T02:01:48Z</time></trkpt><trkpt lat="-39.3639128376" lon="-72.6174344402"><ele>113.83</ele><time>2024-08-24T02:01:49Z</time></trkpt><trkpt lat="-39.3638559245" lon="-72.6174297463"><ele>112.81</ele><time>2024-08-24T02:01:50Z</time></trkpt><trkpt lat="-39.3634723686" lon="-72.6173693128"><ele>112.29</ele><time>2024-08-24T02:01:59Z</time></trkpt><trkpt lat="-39.3634639028" lon="-72.6173375454"><ele>112.75</ele><time>2024-08-24T02:02:00Z</time></trkpt><trkpt lat="-39.3634649087" lon="-72.6172956359"><ele>112.55</ele><time>2024-08-24T02:02:01Z</time></trkpt><trkpt lat="-39.3634784874" lon="-72.6172434166"><ele>112.97</ele><time>2024-08-24T02:02:02Z</time></trkpt><trkpt lat="-39.3634981848" lon="-72.6171820611"><ele>113.04</ele><time>2024-08-24T02:02:03Z</time></trkpt><trkpt lat="-39.3635226600" lon="-72.6171195321"><ele>112.61</ele><time>2024-08-24T02:02:04Z</time></trkpt><trkpt lat="-39.3635524157" lon="-72.6170630381"><ele>112.80</ele><time>2024-08-24T02:02:05Z</time></trkpt><trkpt lat="-39.3635923136" lon="-72.6170167699"><ele>113.29</ele><time>2024-08-24T02:02:06Z</time></trkpt><trkpt lat="-39.3636434432" lon="-72.6169907022"><ele>113.07</ele><time>2024-08-24T02:02:07Z</time></trkpt><trkpt lat="-39.3636981770" lon="-72.6169813983"><ele>113.04</ele><time>2024-08-24T02:02:08Z</time></trkpt><trkpt lat="-39.3637554254" lon="-72.6169761177"><ele>113.02</ele><time>2024-08-24T02:02:09Z</time></trkpt><trkpt lat="-39.3638804834" lon="-72.6169782132"><ele>113.58</ele><time>2024-08-24T02:02:11Z</time></trkpt><trkpt lat="-39.3639386538" lon="-72.6169891097"><ele>113.89</ele><time>2024-08-24T02:02:12Z</time></trkpt><trkpt lat="-39.3639892805" lon="-72.6170174405"><ele>113.24</ele><time>2024-08-24T02:02:13Z</time></trkpt><trkpt lat="-39.3640235625" lon="-72.6170468610"><ele>112.77</ele><time>2024-08-24T02:02:14Z</time></trkpt><trkpt lat="-39.3640419189" lon="-72.6170856692"><ele>113.07</ele><time>2024-08-24T02:02:15Z</time></trkpt><trkpt lat="-39.3640481215" lon="-72.6171310991"><ele>113.46</ele><time>2024-08-24T02:02:16Z</time></trkpt><trkpt lat="-39.3640505522" lon="-72.6171934605"><ele>113.33</ele><time>2024-08-24T02:02:17Z</time></trkpt><trkpt lat="-39.3640511390" lon="-72.6172712445"><ele>113.47</ele><time>2024-08-24T02:02:18Z</time></trkpt><trkpt lat="-39.3640369736" lon="-72.6182470657"><ele>113.27</ele><time>2024-08-24T02:02:27Z</time></trkpt><trkpt lat="-39.3640060443" lon="-72.6199938543"><ele>112.63</ele><time>2024-08-24T02:02:44Z</time></trkpt><trkpt lat="-39.3639723491" lon="-72.6214440912"><ele>111.91</ele><time>2024-08-24T02:02:59Z</time></trkpt><trkpt lat="-39.3639583513" lon="-72.6215180196"><ele>111.76</ele><time>2024-08-24T02:03:00Z</time></trkpt><trkpt lat="-39.3639310263" lon="-72.6216577459"><ele>111.73</ele><time>2024-08-24T02:03:02Z</time></trkpt><trkpt lat="-39.3639239017" lon="-72.6217273995"><ele>111.96</ele><time>2024-08-24T02:03:03Z</time></trkpt><trkpt lat="-39.3638789747" lon="-72.6229596231"><ele>111.31</ele><time>2024-08-24T02:03:18Z</time></trkpt><trkpt lat="-39.3638458662" lon="-72.6243140548"><ele>111.26</ele><time>2024-08-24T02:03:33Z</time></trkpt><trkpt lat="-39.3638297729" lon="-72.6246924978"><ele>113.36</ele><time>2024-08-24T02:03:42Z</time></trkpt><trkpt lat="-39.3638411723" lon="-72.6247968525"><ele>113.64</ele><time>2024-08-24T02:03:44Z</time></trkpt><trkpt lat="-39.3638635520" lon="-72.6248545200"><ele>113.74</ele><time>2024-08-24T02:03:45Z</time></trkpt><trkpt lat="-39.3638990913" lon="-72.6249094214"><ele>113.43</ele><time>2024-08-24T02:03:46Z</time></trkpt><trkpt lat="-39.3641654681" lon="-72.6252698433"><ele>114.02</ele><time>2024-08-24T02:03:52Z</time></trkpt><trkpt lat="-39.3642036058" lon="-72.6252890378"><ele>114.01</ele><time>2024-08-24T02:03:53Z</time></trkpt><trkpt lat="-39.3642403185" lon="-72.6252833381"><ele>113.40</ele><time>2024-08-24T02:03:54Z</time></trkpt><trkpt lat="-39.3642712478" lon="-72.6252455357"><ele>113.37</ele><time>2024-08-24T02:03:55Z</time></trkpt><trkpt lat="-39.3642953876" lon="-72.6251835097"><ele>113.33</ele><time>2024-08-24T02:03:56Z</time></trkpt><trkpt lat="-39.3643064518" lon="-72.6250970084"><ele>112.89</ele><time>2024-08-24T02:03:57Z</time></trkpt><trkpt lat="-39.3643103912" lon="-72.6249996107"><ele>112.03</ele><time>2024-08-24T02:03:58Z</time></trkpt><trkpt lat="-39.3643098883" lon="-72.6248865388"><ele>111.34</ele><time>2024-08-24T02:03:59Z</time></trkpt><trkpt lat="-39.3643289153" lon="-72.6232316997"><ele>112.74</ele><time>2024-08-24T02:04:14Z</time></trkpt><trkpt lat="-39.3643358722" lon="-72.6221806929"><ele>112.73</ele><time>2024-08-24T02:04:25Z</time></trkpt><trkpt lat="-39.3643763568" lon="-72.6209565997"><ele>112.56</ele><time>2024-08-24T02:04:38Z</time></trkpt><trkpt lat="-39.3643782847" lon="-72.6190734375"><ele>112.61</ele><time>2024-08-24T02:04:57Z</time></trkpt><trkpt lat="-39.3644010834" lon="-72.6175482664"><ele>112.19</ele><time>2024-08-24T02:05:12Z</time></trkpt><trkpt lat="-39.3644105550" lon="-72.6158179063"><ele>114.91</ele><time>2024-08-24T02:05:30Z</time></trkpt><trkpt lat="-39.3644415680" lon="-72.6147230621"><ele>118.07</ele><time>2024-08-24T02:05:41Z</time></trkpt><trkpt lat="-39.3644593377" lon="-72.6140377577"><ele>121.12</ele><time>2024-08-24T02:05:49Z</time></trkpt><trkpt lat="-39.3644698989" lon="-72.6137816068"><ele>121.48</ele><time>2024-08-24T02:05:52Z</time></trkpt><trkpt lat="-39.3645632733" lon="-72.6133783534"><ele>123.10</ele><time>2024-08-24T02:05:57Z</time></trkpt><trkpt lat="-39.3645937834" lon="-72.6127192006"><ele>126.86</ele><time>2024-08-24T02:06:05Z</time></trkpt><trkpt lat="-39.3646085355" lon="-72.6119222492"><ele>128.04</ele><time>2024-08-24T02:06:15Z</time></trkpt><trkpt lat="-39.3648077734" lon="-72.6117297169"><ele>129.05</ele><time>2024-08-24T02:06:20Z</time></trkpt><trkpt lat="-39.3653012160" lon="-72.6114625856"><ele>131.32</ele><time>2024-08-24T02:06:28Z</time></trkpt><trkpt lat="-39.3655154575" lon="-72.6115727238"><ele>132.66</ele><time>2024-08-24T02:06:35Z</time></trkpt><trkpt lat="-39.3655098416" lon="-72.6118153799"><ele>132.64</ele><time>2024-08-24T02:06:39Z</time></trkpt><trkpt lat="-39.3651285488" lon="-72.6121098362"><ele>130.89</ele><time>2024-08-24T02:06:48Z</time></trkpt><trkpt lat="-39.3650667742" lon="-72.6121463813"><ele>130.61</ele><time>2024-08-24T02:06:49Z</time></trkpt><trkpt lat="-39.3646879960" lon="-72.6123540010"><ele>127.64</ele><time>2024-08-24T02:06:56Z</time></trkpt><trkpt lat="-39.3645729125" lon="-72.6124804839"><ele>127.54</ele><time>2024-08-24T02:07:02Z</time></trkpt><trkpt lat="-39.3645957112" lon="-72.6128638722"><ele>127.26</ele><time>2024-08-24T02:07:09Z</time></trkpt><trkpt lat="-39.3649136368" lon="-72.6127294265"><ele>128.83</ele><time>2024-08-24T02:07:18Z</time></trkpt><trkpt lat="-39.3653591350" lon="-72.6124700066"><ele>131.90</ele><time>2024-08-24T02:07:28Z</time></trkpt><trkpt lat="-39.3654655013" lon="-72.6124207210"><ele>132.63</ele><time>2024-08-24T02:07:32Z</time></trkpt><trkpt lat="-39.3655128591" lon="-72.6126124989"><ele>131.12</ele><time>2024-08-24T02:07:37Z</time></trkpt><trkpt lat="-39.3653365038" lon="-72.6129658800"><ele>128.97</ele><time>2024-08-24T02:07:46Z</time></trkpt><trkpt lat="-39.3648894969" lon="-72.6132212766"><ele>125.84</ele><time>2024-08-24T02:07:57Z</time></trkpt><trkpt lat="-39.3645410612" lon="-72.6134605799"><ele>123.70</ele><time>2024-08-24T02:08:06Z</time></trkpt><trkpt lat="-39.3644919433" lon="-72.6135790162"><ele>122.90</ele><time>2024-08-24T02:08:08Z</time></trkpt><trkpt lat="-39.3644562364" lon="-72.6137061696"><ele>121.79</ele><time>2024-08-24T02:08:10Z</time></trkpt><trkpt lat="-39.3646627665" lon="-72.6138562057"><ele>122.09</ele><time>2024-08-24T02:08:17Z</time></trkpt><trkpt lat="-39.3647345155" lon="-72.6138157211"><ele>122.23</ele><time>2024-08-24T02:08:18Z</time></trkpt><trkpt lat="-39.3651087675" lon="-72.6136113703"><ele>125.49</ele><time>2024-08-24T02:08:23Z</time></trkpt><trkpt lat="-39.3655167986" lon="-72.6133845560"><ele>128.48</ele><time>2024-08-24T02:08:29Z</time></trkpt><trkpt lat="-39.3656904716" lon="-72.6132871583"><ele>129.73</ele><time>2024-08-24T02:08:32Z</time></trkpt><trkpt lat="-39.3657853547" lon="-72.6132078655"><ele>130.36</ele><time>2024-08-24T02:08:34Z</time></trkpt><trkpt lat="-39.3659103289" lon="-72.6129350346"><ele>132.07</ele><time>2024-08-24T02:08:38Z</time></trkpt><trkpt lat="-39.3659168668" lon="-72.6127678156"><ele>132.00</ele><time>2024-08-24T02:08:40Z</time></trkpt><trkpt lat="-39.3659261707" lon="-72.6119002048"><ele>130.73</ele><time>2024-08-24T02:08:52Z</time></trkpt><trkpt lat="-39.3660114147" lon="-72.6118579600"><ele>129.63</ele><time>2024-08-24T02:08:56Z</time></trkpt><trkpt lat="-39.3660493847" lon="-72.6118860394"><ele>129.35</ele><time>2024-08-24T02:08:57Z</time></trkpt><trkpt lat="-39.3660905398" lon="-72.6119271107"><ele>128.93</ele><time>2024-08-24T02:08:58Z</time></trkpt><trkpt lat="-39.3661384843" lon="-72.6119786594"><ele>128.30</ele><time>2024-08-24T02:08:59Z</time></trkpt><trkpt lat="-39.3665716611" lon="-72.6123572700"><ele>125.03</ele><time>2024-08-24T02:09:06Z</time></trkpt><trkpt lat="-39.3666367047" lon="-72.6124052145"><ele>124.73</ele><time>2024-08-24T02:09:07Z</time></trkpt><trkpt lat="-39.3670983799" lon="-72.6126974076"><ele>121.56</ele><time>2024-08-24T02:09:14Z</time></trkpt><trkpt lat="-39.3675180618" lon="-72.6129704900"><ele>117.84</ele><time>2024-08-24T02:09:21Z</time></trkpt><trkpt lat="-39.3679461256" lon="-72.6133102924"><ele>115.32</ele><time>2024-08-24T02:09:29Z</time></trkpt><trkpt lat="-39.3679681700" lon="-72.6133458316"><ele>115.18</ele><time>2024-08-24T02:09:30Z</time></trkpt><trkpt lat="-39.3679782283" lon="-72.6133815385"><ele>115.37</ele><time>2024-08-24T02:09:31Z</time></trkpt><trkpt lat="-39.3679766357" lon="-72.6134188380"><ele>115.18</ele><time>2024-08-24T02:09:32Z</time></trkpt><trkpt lat="-39.3679593690" lon="-72.6134584006"><ele>114.97</ele><time>2024-08-24T02:09:33Z</time></trkpt><trkpt lat="-39.3679277692" lon="-72.6134978794"><ele>114.70</ele><time>2024-08-24T02:09:34Z</time></trkpt><trkpt lat="-39.3678829260" lon="-72.6135404594"><ele>114.45</ele><time>2024-08-24T02:09:35Z</time></trkpt><trkpt lat="-39.3678352330" lon="-72.6135834586"><ele>114.31</ele><time>2024-08-24T02:09:36Z</time></trkpt><trkpt lat="-39.3676759768" lon="-72.6137784217"><ele>113.97</ele><time>2024-08-24T02:09:44Z</time></trkpt><trkpt lat="-39.3677015416" lon="-72.6138624921"><ele>113.76</ele><time>2024-08-24T02:09:46Z</time></trkpt><trkpt lat="-39.3679728638" lon="-72.6143758837"><ele>114.21</ele><time>2024-08-24T02:09:56Z</time></trkpt><trkpt lat="-39.3679792341" lon="-72.6144274324"><ele>113.57</ele><time>2024-08-24T02:09:58Z</time></trkpt><trkpt lat="-39.3679655716" lon="-72.6144614629"><ele>113.77</ele><time>2024-08-24T02:09:59Z</time></trkpt><trkpt lat="-39.3679392524" lon="-72.6144996006"><ele>113.87</ele><time>2024-08-24T02:10:00Z</time></trkpt><trkpt lat="-39.3678953312" lon="-72.6145392470"><ele>113.94</ele><time>2024-08-24T02:10:01Z</time></trkpt><trkpt lat="-39.3678479735" lon="-72.6145788096"><ele>113.69</ele><time>2024-08-24T02:10:02Z</time></trkpt><trkpt lat="-39.3677123543" lon="-72.6146772131"><ele>113.85</ele><time>2024-08-24T02:10:06Z</time></trkpt><trkpt lat="-39.3676872924" lon="-72.6146668196"><ele>113.70</ele><time>2024-08-24T02:10:07Z</time></trkpt><trkpt lat="-39.3676630687" lon="-72.6146387402"><ele>113.95</ele><time>2024-08-24T02:10:08Z</time></trkpt><trkpt lat="-39.3676432036" lon="-72.6145979203"><ele>113.55</ele><time>2024-08-24T02:10:09Z</time></trkpt><trkpt lat="-39.3676194828" lon="-72.6145561785"><ele>113.73</ele><time>2024-08-24T02:10:10Z</time></trkpt><trkpt lat="-39.3675960135" lon="-72.6145154424"><ele>113.84</ele><time>2024-08-24T02:10:11Z</time></trkpt><trkpt lat="-39.3673440535" lon="-72.6140659209"><ele>114.12</ele><time>2024-08-24T02:10:23Z</time></trkpt><trkpt lat="-39.3673251942" lon="-72.6140536834"><ele>113.69</ele><time>2024-08-24T02:10:24Z</time></trkpt><trkpt lat="-39.3672946002" lon="-72.6140511688"><ele>113.98</ele><time>2024-08-24T02:10:25Z</time></trkpt><trkpt lat="-39.3672573008" lon="-72.6140659209"><ele>114.05</ele><time>2024-08-24T02:10:26Z</time></trkpt><trkpt lat="-39.3672128767" lon="-72.6140953414"><ele>114.39</ele><time>2024-08-24T02:10:27Z</time></trkpt><trkpt lat="-39.3671658542" lon="-72.6141365804"><ele>113.96</ele><time>2024-08-24T02:10:28Z</time></trkpt><trkpt lat="-39.3671176583" lon="-72.6141852792"><ele>113.80</ele><time>2024-08-24T02:10:29Z</time></trkpt><trkpt lat="-39.3669072725" lon="-72.6143801585"><ele>113.55</ele><time>2024-08-24T02:10:33Z</time></trkpt><trkpt lat="-39.3668491859" lon="-72.6144189667"><ele>113.96</ele><time>2024-08-24T02:10:34Z</time></trkpt><trkpt lat="-39.3666064460" lon="-72.6147073880"><ele>115.23</ele><time>2024-08-24T02:10:42Z</time></trkpt><trkpt lat="-39.3666185159" lon="-72.6147496328"><ele>115.04</ele><time>2024-08-24T02:10:43Z</time></trkpt><trkpt lat="-39.3666364532" lon="-72.6147955656"><ele>114.86</ele><time>2024-08-24T02:10:44Z</time></trkpt><trkpt lat="-39.3666610960" lon="-72.6148444321"><ele>114.77</ele><time>2024-08-24T02:10:45Z</time></trkpt><trkpt lat="-39.3666915223" lon="-72.6148961484"><ele>115.10</ele><time>2024-08-24T02:10:46Z</time></trkpt><trkpt lat="-39.3667278998" lon="-72.6149546541"><ele>114.59</ele><time>2024-08-24T02:10:47Z</time></trkpt><trkpt lat="-39.3669491820" lon="-72.6153609250"><ele>112.29</ele><time>2024-08-24T02:10:56Z</time></trkpt><trkpt lat="-39.3668993935" lon="-72.6154752541"><ele>112.54</ele><time>2024-08-24T02:10:59Z</time></trkpt><trkpt lat="-39.3668550532" lon="-72.6155130565"><ele>112.73</ele><time>2024-08-24T02:11:00Z</time></trkpt><trkpt lat="-39.3666263949" lon="-72.6156350970"><ele>113.01</ele><time>2024-08-24T02:11:06Z</time></trkpt><trkpt lat="-39.3666009139" lon="-72.6156005636"><ele>113.20</ele><time>2024-08-24T02:11:07Z</time></trkpt><trkpt lat="-39.3665746786" lon="-72.6155541278"><ele>113.65</ele><time>2024-08-24T02:11:08Z</time></trkpt><trkpt lat="-39.3662523944" lon="-72.6149727590"><ele>116.80</ele><time>2024-08-24T02:11:17Z</time></trkpt><trkpt lat="-39.3662138376" lon="-72.6149062067"><ele>117.01</ele><time>2024-08-24T02:11:18Z</time></trkpt><trkpt lat="-39.3661767896" lon="-72.6148384809"><ele>117.54</ele><time>2024-08-24T02:11:19Z</time></trkpt><trkpt lat="-39.3659888674" lon="-72.6145166997"><ele>119.13</ele><time>2024-08-24T02:11:27Z</time></trkpt><trkpt lat="-39.3657012843" lon="-72.6140232570"><ele>122.23</ele><time>2024-08-24T02:11:35Z</time></trkpt><trkpt lat="-39.3655911461" lon="-72.6138325687"><ele>123.74</ele><time>2024-08-24T02:11:40Z</time></trkpt><trkpt lat="-39.3655615579" lon="-72.6138262823"><ele>123.79</ele><time>2024-08-24T02:11:41Z</time></trkpt><trkpt lat="-39.3655168824" lon="-72.6138329878"><ele>123.67</ele><time>2024-08-24T02:11:42Z</time></trkpt><trkpt lat="-39.3654688541" lon="-72.6138577983"><ele>123.96</ele><time>2024-08-24T02:11:43Z</time></trkpt><trkpt lat="-39.3654217478" lon="-72.6138930861"><ele>123.32</ele><time>2024-08-24T02:11:44Z</time></trkpt><trkpt lat="-39.3653756473" lon="-72.6139373425"><ele>122.68</ele><time>2024-08-24T02:11:45Z</time></trkpt><trkpt lat="-39.3653394375" lon="-72.6139820181"><ele>122.36</ele><time>2024-08-24T02:11:46Z</time></trkpt><trkpt lat="-39.3653132021" lon="-72.6140240952"><ele>122.93</ele><time>2024-08-24T02:11:47Z</time></trkpt><trkpt lat="-39.3653009646" lon="-72.6140632387"><ele>123.03</ele><time>2024-08-24T02:11:48Z</time></trkpt><trkpt lat="-39.3653010484" lon="-72.6140996162"><ele>123.37</ele><time>2024-08-24T02:11:49Z</time></trkpt><trkpt lat="-39.3653142080" lon="-72.6141349878"><ele>123.12</ele><time>2024-08-24T02:11:50Z</time></trkpt><trkpt lat="-39.3653348275" lon="-72.6141727064"><ele>122.67</ele><time>2024-08-24T02:11:51Z</time></trkpt><trkpt lat="-39.3656137772" lon="-72.6146536600"><ele>120.00</ele><time>2024-08-24T02:11:59Z</time></trkpt><trkpt lat="-39.3658103328" lon="-72.6148854196"><ele>118.83</ele><time>2024-08-24T02:12:07Z</time></trkpt><trkpt lat="-39.3661175296" lon="-72.6154285669"><ele>115.45</ele><time>2024-08-24T02:12:15Z</time></trkpt><trkpt lat="-39.3663701601" lon="-72.6158914156"><ele>112.26</ele><time>2024-08-24T02:12:24Z</time></trkpt><trkpt lat="-39.3663446791" lon="-72.6159699541"><ele>112.33</ele><time>2024-08-24T02:12:26Z</time></trkpt><trkpt lat="-39.3663047813" lon="-72.6160070021"><ele>112.26</ele><time>2024-08-24T02:12:27Z</time></trkpt><trkpt lat="-39.3661129195" lon="-72.6161417831"><ele>111.80</ele><time>2024-08-24T02:12:32Z</time></trkpt><trkpt lat="-39.3660859298" lon="-72.6161271147"><ele>112.08</ele><time>2024-08-24T02:12:33Z</time></trkpt><trkpt lat="-39.3660639692" lon="-72.6160966046"><ele>112.64</ele><time>2024-08-24T02:12:34Z</time></trkpt><trkpt lat="-39.3660420086" lon="-72.6160577126"><ele>112.91</ele><time>2024-08-24T02:12:35Z</time></trkpt><trkpt lat="-39.3660176173" lon="-72.6160121989"><ele>112.91</ele><time>2024-08-24T02:12:36Z</time></trkpt><trkpt lat="-39.3659081496" lon="-72.6158651803"><ele>113.30</ele><time>2024-08-24T02:12:40Z</time></trkpt><trkpt lat="-39.3658715207" lon="-72.6158655155"><ele>113.76</ele><time>2024-08-24T02:12:41Z</time></trkpt><trkpt lat="-39.3658372387" lon="-72.6158820279"><ele>114.26</ele><time>2024-08-24T02:12:42Z</time></trkpt><trkpt lat="-39.3657131866" lon="-72.6159698702"><ele>113.09</ele><time>2024-08-24T02:12:45Z</time></trkpt><trkpt lat="-39.3655931577" lon="-72.6161181461"><ele>113.46</ele><time>2024-08-24T02:12:49Z</time></trkpt><trkpt lat="-39.3655905593" lon="-72.6161541883"><ele>113.01</ele><time>2024-08-24T02:12:50Z</time></trkpt><trkpt lat="-39.3655994441" lon="-72.6161942538"><ele>113.68</ele><time>2024-08-24T02:12:51Z</time></trkpt><trkpt lat="-39.3656179681" lon="-72.6162386779"><ele>114.19</ele><time>2024-08-24T02:12:52Z</time></trkpt><trkpt lat="-39.3656433653" lon="-72.6162856165"><ele>113.03</ele><time>2024-08-24T02:12:53Z</time></trkpt><trkpt lat="-39.3656931538" lon="-72.6163748838"><ele>112.38</ele><time>2024-08-24T02:12:55Z</time></trkpt><trkpt lat="-39.3657245860" lon="-72.6165255066"><ele>111.53</ele><time>2024-08-24T02:12:59Z</time></trkpt><trkpt lat="-39.3656924833" lon="-72.6165690925"><ele>111.74</ele><time>2024-08-24T02:13:00Z</time></trkpt><trkpt lat="-39.3656513281" lon="-72.6166136842"><ele>111.40</ele><time>2024-08-24T02:13:01Z</time></trkpt><trkpt lat="-39.3654751405" lon="-72.6167159434"><ele>111.45</ele><time>2024-08-24T02:13:06Z</time></trkpt><trkpt lat="-39.3654499948" lon="-72.6166828349"><ele>111.89</ele><time>2024-08-24T02:13:07Z</time></trkpt><trkpt lat="-39.3654239271" lon="-72.6166348904"><ele>112.03</ele><time>2024-08-24T02:13:08Z</time></trkpt><trkpt lat="-39.3651054986" lon="-72.6160462294"><ele>112.74</ele><time>2024-08-24T02:13:17Z</time></trkpt><trkpt lat="-39.3650999665" lon="-72.6160009671"><ele>113.48</ele><time>2024-08-24T02:13:18Z</time></trkpt><trkpt lat="-39.3651067559" lon="-72.6159629133"><ele>113.29</ele><time>2024-08-24T02:13:19Z</time></trkpt><trkpt lat="-39.3651272077" lon="-72.6159313973"><ele>113.36</ele><time>2024-08-24T02:13:20Z</time></trkpt><trkpt lat="-39.3651487492" lon="-72.6159034856"><ele>112.99</ele><time>2024-08-24T02:13:21Z</time></trkpt><trkpt lat="-39.3651683629" lon="-72.6158829499"><ele>113.37</ele><time>2024-08-24T02:13:22Z</time></trkpt><trkpt lat="-39.3651805166" lon="-72.6158702932"><ele>113.66</ele><time>2024-08-24T02:13:23Z</time></trkpt><trkpt lat="-39.3652399443" lon="-72.6158511825"><ele>113.42</ele><time>2024-08-24T02:13:43Z</time></trkpt><trkpt lat="-39.3652852066" lon="-72.6158426329"><ele>113.38</ele><time>2024-08-24T02:14:13Z</time></trkpt><trkpt lat="-39.3653101008" lon="-72.6158162300"><ele>113.65</ele><time>2024-08-24T02:14:15Z</time></trkpt><trkpt lat="-39.3653255235" lon="-72.6158014778"><ele>113.67</ele><time>2024-08-24T02:14:16Z</time></trkpt><trkpt lat="-39.3653474841" lon="-72.6157834567"><ele>113.61</ele><time>2024-08-24T02:14:17Z</time></trkpt><trkpt lat="-39.3653711211" lon="-72.6157585625"><ele>113.80</ele><time>2024-08-24T02:14:18Z</time></trkpt><trkpt lat="-39.3654014636" lon="-72.6157285552"><ele>113.71</ele><time>2024-08-24T02:14:19Z</time></trkpt><trkpt lat="-39.3658721913" lon="-72.6152727474"><ele>114.94</ele><time>2024-08-24T02:14:30Z</time></trkpt><trkpt lat="-39.3659488857" lon="-72.6151613519"><ele>115.96</ele><time>2024-08-24T02:14:34Z</time></trkpt><trkpt lat="-39.3659438565" lon="-72.6151269022"><ele>116.84</ele><time>2024-08-24T02:14:35Z</time></trkpt><trkpt lat="-39.3659289367" lon="-72.6150892675"><ele>117.27</ele><time>2024-08-24T02:14:36Z</time></trkpt><trkpt lat="-39.3659047130" lon="-72.6150447596"><ele>117.47</ele><time>2024-08-24T02:14:37Z</time></trkpt><trkpt lat="-39.3658773880" lon="-72.6149989106"><ele>117.27</ele><time>2024-08-24T02:14:38Z</time></trkpt><trkpt lat="-39.3657353986" lon="-72.6148234773"><ele>118.88</ele><time>2024-08-24T02:14:44Z</time></trkpt><trkpt lat="-39.3656944949" lon="-72.6148327813"><ele>119.26</ele><time>2024-08-24T02:14:45Z</time></trkpt><trkpt lat="-39.3656461313" lon="-72.6148601063"><ele>119.26</ele><time>2024-08-24T02:14:46Z</time></trkpt><trkpt lat="-39.3655981869" lon="-72.6149024349"><ele>119.42</ele><time>2024-08-24T02:14:47Z</time></trkpt><trkpt lat="-39.3655526731" lon="-72.6149506308"><ele>118.95</ele><time>2024-08-24T02:14:48Z</time></trkpt><trkpt lat="-39.3654348236" lon="-72.6150224637"><ele>118.98</ele><time>2024-08-24T02:14:52Z</time></trkpt><trkpt lat="-39.3654094264" lon="-72.6150072087"><ele>118.67</ele><time>2024-08-24T02:14:53Z</time></trkpt><trkpt lat="-39.3653868791" lon="-72.6149741840"><ele>119.36</ele><time>2024-08-24T02:14:54Z</time></trkpt><trkpt lat="-39.3650996312" lon="-72.6144652348"><ele>121.04</ele><time>2024-08-24T02:15:02Z</time></trkpt><trkpt lat="-39.3650215957" lon="-72.6143576112"><ele>121.24</ele><time>2024-08-24T02:15:06Z</time></trkpt><trkpt lat="-39.3649932649" lon="-72.6143496484"><ele>121.43</ele><time>2024-08-24T02:15:07Z</time></trkpt><trkpt lat="-39.3649525288" lon="-72.6143603772"><ele>121.40</ele><time>2024-08-24T02:15:08Z</time></trkpt><trkpt lat="-39.3649037462" lon="-72.6143938210"><ele>121.42</ele><time>2024-08-24T02:15:09Z</time></trkpt><trkpt lat="-39.3648386188" lon="-72.6144403405"><ele>120.65</ele><time>2024-08-24T02:15:10Z</time></trkpt><trkpt lat="-39.3644814659" lon="-72.6147522312"><ele>117.63</ele><time>2024-08-24T02:15:16Z</time></trkpt><trkpt lat="-39.3644476868" lon="-72.6147901174"><ele>117.50</ele><time>2024-08-24T02:15:17Z</time></trkpt><trkpt lat="-39.3644185178" lon="-72.6148370560"><ele>117.50</ele><time>2024-08-24T02:15:18Z</time></trkpt><trkpt lat="-39.3643942103" lon="-72.6148971543"><ele>116.67</ele><time>2024-08-24T02:15:19Z</time></trkpt><trkpt lat="-39.3643814698" lon="-72.6149684843"><ele>116.89</ele><time>2024-08-24T02:15:20Z</time></trkpt><trkpt lat="-39.3643775303" lon="-72.6150518842"><ele>116.27</ele><time>2024-08-24T02:15:21Z</time></trkpt><trkpt lat="-39.3643788714" lon="-72.6151388045"><ele>115.92</ele><time>2024-08-24T02:15:22Z</time></trkpt><trkpt lat="-39.3644217029" lon="-72.6153617632"><ele>115.29</ele><time>2024-08-24T02:15:26Z</time></trkpt><trkpt lat="-39.3644502014" lon="-72.6153718214"><ele>115.48</ele><time>2024-08-24T02:15:27Z</time></trkpt><trkpt lat="-39.3644821364" lon="-72.6153605897"><ele>115.41</ele><time>2024-08-24T02:15:28Z</time></trkpt><trkpt lat="-39.3645171728" lon="-72.6153379586"><ele>115.43</ele><time>2024-08-24T02:15:29Z</time></trkpt><trkpt lat="-39.3645589985" lon="-72.6153078675"><ele>115.41</ele><time>2024-08-24T02:15:30Z</time></trkpt><trkpt lat="-39.3649726454" lon="-72.6150007546"><ele>117.95</ele><time>2024-08-24T02:15:39Z</time></trkpt><trkpt lat="-39.3650034070" lon="-72.6150239725"><ele>118.06</ele><time>2024-08-24T02:15:40Z</time></trkpt><trkpt lat="-39.3650374375" lon="-72.6150597632"><ele>117.86</ele><time>2024-08-24T02:15:41Z</time></trkpt><trkpt lat="-39.3650708813" lon="-72.6151098870"><ele>117.53</ele><time>2024-08-24T02:15:42Z</time></trkpt><trkpt lat="-39.3651013076" lon="-72.6151611842"><ele>117.02</ele><time>2024-08-24T02:15:43Z</time></trkpt><trkpt lat="-39.3651206698" lon="-72.6151964720"><ele>116.68</ele><time>2024-08-24T02:15:44Z</time></trkpt><trkpt lat="-39.3651350029" lon="-72.6152227912"><ele>116.84</ele><time>2024-08-24T02:15:45Z</time></trkpt><trkpt lat="-39.3651470728" lon="-72.6152761839"><ele>116.47</ele><time>2024-08-24T02:15:47Z</time></trkpt><trkpt lat="-39.3651368469" lon="-72.6153153274"><ele>116.70</ele><time>2024-08-24T02:15:48Z</time></trkpt><trkpt lat="-39.3651114497" lon="-72.6153569855"><ele>116.49</ele><time>2024-08-24T02:15:49Z</time></trkpt><trkpt lat="-39.3650668580" lon="-72.6154058520"><ele>116.00</ele><time>2024-08-24T02:15:50Z</time></trkpt><trkpt lat="-39.3650153093" lon="-72.6154573169"><ele>115.81</ele><time>2024-08-24T02:15:51Z</time></trkpt><trkpt lat="-39.3646268081" lon="-72.6158255339"><ele>114.10</ele><time>2024-08-24T02:15:59Z</time></trkpt><trkpt lat="-39.3646114692" lon="-72.6158729754"><ele>114.35</ele><time>2024-08-24T02:16:00Z</time></trkpt><trkpt lat="-39.3646095414" lon="-72.6159237698"><ele>115.04</ele><time>2024-08-24T02:16:01Z</time></trkpt><trkpt lat="-39.3646250479" lon="-72.6159845386"><ele>114.72</ele><time>2024-08-24T02:16:02Z</time></trkpt><trkpt lat="-39.3646600842" lon="-72.6160524320"><ele>114.19</ele><time>2024-08-24T02:16:03Z</time></trkpt><trkpt lat="-39.3647007365" lon="-72.6161266118"><ele>113.62</ele><time>2024-08-24T02:16:04Z</time></trkpt><trkpt lat="-39.3647430651" lon="-72.6162048150"><ele>113.36</ele><time>2024-08-24T02:16:05Z</time></trkpt><trkpt lat="-39.3651741464" lon="-72.6170388144"><ele>111.41</ele><time>2024-08-24T02:16:18Z</time></trkpt><trkpt lat="-39.3651547004" lon="-72.6170807239"><ele>111.89</ele><time>2024-08-24T02:16:19Z</time></trkpt><trkpt lat="-39.3651185744" lon="-72.6171360444"><ele>111.80</ele><time>2024-08-24T02:16:20Z</time></trkpt><trkpt lat="-39.3650677800" lon="-72.6171877608"><ele>111.55</ele><time>2024-08-24T02:16:21Z</time></trkpt><trkpt lat="-39.3650078494" lon="-72.6172367949"><ele>111.89</ele><time>2024-08-24T02:16:22Z</time></trkpt><trkpt lat="-39.3649454881" lon="-72.6172906067"><ele>111.60</ele><time>2024-08-24T02:16:23Z</time></trkpt><trkpt lat="-39.3644702341" lon="-72.6177357696"><ele>110.94</ele><time>2024-08-24T02:16:33Z</time></trkpt><trkpt lat="-39.3644398078" lon="-72.6177845523"><ele>111.14</ele><time>2024-08-24T02:16:34Z</time></trkpt><trkpt lat="-39.3644162547" lon="-72.6178464107"><ele>111.37</ele><time>2024-08-24T02:16:35Z</time></trkpt><trkpt lat="-39.3644032627" lon="-72.6179208420"><ele>111.06</ele><time>2024-08-24T02:16:36Z</time></trkpt><trkpt lat="-39.3643947132" lon="-72.6180044934"><ele>111.26</ele><time>2024-08-24T02:16:37Z</time></trkpt><trkpt lat="-39.3643882591" lon="-72.6180914976"><ele>111.29</ele><time>2024-08-24T02:16:38Z</time></trkpt><trkpt lat="-39.3644088786" lon="-72.6187771372"><ele>111.46</ele><time>2024-08-24T02:16:48Z</time></trkpt><trkpt lat="-39.3644282408" lon="-72.6187907159"><ele>111.45</ele><time>2024-08-24T02:16:49Z</time></trkpt><trkpt lat="-39.3644508719" lon="-72.6187907998"><ele>111.66</ele><time>2024-08-24T02:16:50Z</time></trkpt><trkpt lat="-39.3644799571" lon="-72.6187794004"><ele>111.44</ele><time>2024-08-24T02:16:51Z</time></trkpt><trkpt lat="-39.3645147420" lon="-72.6187522430"><ele>111.79</ele><time>2024-08-24T02:16:52Z</time></trkpt><trkpt lat="-39.3645543884" lon="-72.6187199727"><ele>111.27</ele><time>2024-08-24T02:16:53Z</time></trkpt><trkpt lat="-39.3645958789" lon="-72.6186875347"><ele>111.48</ele><time>2024-08-24T02:16:54Z</time></trkpt><trkpt lat="-39.3652080931" lon="-72.6181231812"><ele>111.99</ele><time>2024-08-24T02:17:06Z</time></trkpt><trkpt lat="-39.3656007014" lon="-72.6177744940"><ele>111.92</ele><time>2024-08-24T02:17:15Z</time></trkpt><trkpt lat="-39.3659799825" lon="-72.6174167544"><ele>112.15</ele><time>2024-08-24T02:17:25Z</time></trkpt><trkpt lat="-39.3664797116" lon="-72.6170017663"><ele>112.65</ele><time>2024-08-24T02:17:37Z</time></trkpt><trkpt lat="-39.3667642772" lon="-72.6167236548"><ele>112.90</ele><time>2024-08-24T02:17:47Z</time></trkpt><trkpt lat="-39.3673790898" lon="-72.6161936671"><ele>113.30</ele><time>2024-08-24T02:17:59Z</time></trkpt><trkpt lat="-39.3679426052" lon="-72.6157084387"><ele>113.09</ele><time>2024-08-24T02:18:10Z</time></trkpt><trkpt lat="-39.3679956626" lon="-72.6155356877"><ele>113.20</ele><time>2024-08-24T02:18:15Z</time></trkpt><trkpt lat="-39.3679715227" lon="-72.6154908445"><ele>113.33</ele><time>2024-08-24T02:18:16Z</time></trkpt><trkpt lat="-39.3679381628" lon="-72.6154394634"><ele>113.07</ele><time>2024-08-24T02:18:17Z</time></trkpt><trkpt lat="-39.3676083349" lon="-72.6148466952"><ele>112.51</ele><time>2024-08-24T02:18:29Z</time></trkpt><trkpt lat="-39.3676147051" lon="-72.6147984993"><ele>113.00</ele><time>2024-08-24T02:18:30Z</time></trkpt><trkpt lat="-39.3676411919" lon="-72.6147418376"><ele>113.27</ele><time>2024-08-24T02:18:31Z</time></trkpt><trkpt lat="-39.3676872924" lon="-72.6146855950"><ele>113.07</ele><time>2024-08-24T02:18:32Z</time></trkpt><trkpt lat="-39.3677439541" lon="-72.6146253292"><ele>113.00</ele><time>2024-08-24T02:18:33Z</time></trkpt><trkpt lat="-39.3678055611" lon="-72.6145648956"><ele>113.24</ele><time>2024-08-24T02:18:34Z</time></trkpt><trkpt lat="-39.3684832379" lon="-72.6139669307"><ele>113.77</ele><time>2024-08-24T02:18:47Z</time></trkpt><trkpt lat="-39.3688591663" lon="-72.6135245338"><ele>113.57</ele><time>2024-08-24T02:18:59Z</time></trkpt><trkpt lat="-39.3688958790" lon="-72.6134920958"><ele>113.64</ele><time>2024-08-24T02:19:00Z</time></trkpt><trkpt lat="-39.3690366950" lon="-72.6133033354"><ele>113.22</ele><time>2024-08-24T02:19:06Z</time></trkpt><trkpt lat="-39.3690333422" lon="-72.6132640243"><ele>113.63</ele><time>2024-08-24T02:19:07Z</time></trkpt><trkpt lat="-39.3690203503" lon="-72.6132222824"><ele>113.59</ele><time>2024-08-24T02:19:08Z</time></trkpt><trkpt lat="-39.3689988926" lon="-72.6131741703"><ele>113.21</ele><time>2024-08-24T02:19:09Z</time></trkpt><trkpt lat="-39.3689755071" lon="-72.6131242979"><ele>113.20</ele><time>2024-08-24T02:19:10Z</time></trkpt><trkpt lat="-39.3689025845" lon="-72.6130134892"><ele>112.77</ele><time>2024-08-24T02:19:13Z</time></trkpt><trkpt lat="-39.3688750919" lon="-72.6130059455"><ele>113.18</ele><time>2024-08-24T02:19:14Z</time></trkpt><trkpt lat="-39.3688491918" lon="-72.6130196918"><ele>114.02</ele><time>2024-08-24T02:19:15Z</time></trkpt><trkpt lat="-39.3688234594" lon="-72.6130414009"><ele>113.33</ele><time>2024-08-24T02:19:16Z</time></trkpt><trkpt lat="-39.3687934522" lon="-72.6130663790"><ele>113.42</ele><time>2024-08-24T02:19:17Z</time></trkpt><trkpt lat="-39.3683333695" lon="-72.6135710534"><ele>113.85</ele><time>2024-08-24T02:19:28Z</time></trkpt><trkpt lat="-39.3682311941" lon="-72.6136375219"><ele>114.21</ele><time>2024-08-24T02:19:32Z</time></trkpt><trkpt lat="-39.3681979179" lon="-72.6136155613"><ele>114.52</ele><time>2024-08-24T02:19:33Z</time></trkpt><trkpt lat="-39.3680470437" lon="-72.6134351827"><ele>114.68</ele><time>2024-08-24T02:19:38Z</time></trkpt><trkpt lat="-39.3680530787" lon="-72.6134096179"><ele>114.45</ele><time>2024-08-24T02:19:39Z</time></trkpt><trkpt lat="-39.3680670764" lon="-72.6133806165"><ele>114.35</ele><time>2024-08-24T02:19:40Z</time></trkpt><trkpt lat="-39.3681794778" lon="-72.6132382918"><ele>113.75</ele><time>2024-08-24T02:19:44Z</time></trkpt><trkpt lat="-39.3685570825" lon="-72.6127886027"><ele>113.46</ele><time>2024-08-24T02:19:58Z</time></trkpt><trkpt lat="-39.3688314222" lon="-72.6124337129"><ele>113.27</ele><time>2024-08-24T02:20:07Z</time></trkpt><trkpt lat="-39.3688358646" lon="-72.6123865228"><ele>113.43</ele><time>2024-08-24T02:20:08Z</time></trkpt><trkpt lat="-39.3688320089" lon="-72.6123247482"><ele>113.14</ele><time>2024-08-24T02:20:09Z</time></trkpt><trkpt lat="-39.3687942903" lon="-72.6120652445"><ele>113.05</ele><time>2024-08-24T02:20:14Z</time></trkpt><trkpt lat="-39.3687668815" lon="-72.6120506600"><ele>112.78</ele><time>2024-08-24T02:20:15Z</time></trkpt><trkpt lat="-39.3687355332" lon="-72.6120624784"><ele>113.33</ele><time>2024-08-24T02:20:16Z</time></trkpt><trkpt lat="-39.3687049393" lon="-72.6120907255"><ele>112.90</ele><time>2024-08-24T02:20:17Z</time></trkpt><trkpt lat="-39.3686713278" lon="-72.6121267676"><ele>112.80</ele><time>2024-08-24T02:20:18Z</time></trkpt><trkpt lat="-39.3686348666" lon="-72.6121664140"><ele>112.74</ele><time>2024-08-24T02:20:19Z</time></trkpt><trkpt lat="-39.3680618796" lon="-72.6128146704"><ele>113.70</ele><time>2024-08-24T02:20:31Z</time></trkpt><trkpt lat="-39.3678507395" lon="-72.6130673010"><ele>114.26</ele><time>2024-08-24T02:20:36Z</time></trkpt><trkpt lat="-39.3677531742" lon="-72.6131744217"><ele>114.87</ele><time>2024-08-24T02:20:43Z</time></trkpt><trkpt lat="-39.3677327223" lon="-72.6131735835"><ele>115.19</ele><time>2024-08-24T02:20:44Z</time></trkpt><trkpt lat="-39.3677040562" lon="-72.6131620165"><ele>115.69</ele><time>2024-08-24T02:20:45Z</time></trkpt><trkpt lat="-39.3676670920" lon="-72.6131417323"><ele>115.62</ele><time>2024-08-24T02:20:46Z</time></trkpt><trkpt lat="-39.3676277809" lon="-72.6131114736"><ele>116.17</ele><time>2024-08-24T02:20:47Z</time></trkpt><trkpt lat="-39.3675841950" lon="-72.6130784489"><ele>115.97</ele><time>2024-08-24T02:20:48Z</time></trkpt><trkpt lat="-39.3671320751" lon="-72.6127583440"><ele>119.11</ele><time>2024-08-24T02:20:58Z</time></trkpt><trkpt lat="-39.3670162372" lon="-72.6127586793"><ele>120.26</ele><time>2024-08-24T02:21:02Z</time></trkpt><trkpt lat="-39.3669944443" lon="-72.6127805561"><ele>120.04</ele><time>2024-08-24T02:21:03Z</time></trkpt><trkpt lat="-39.3667870760" lon="-72.6130641159"><ele>119.02</ele><time>2024-08-24T02:21:12Z</time></trkpt><trkpt lat="-39.3667949550" lon="-72.6130982302"><ele>119.08</ele><time>2024-08-24T02:21:13Z</time></trkpt><trkpt lat="-39.3668112997" lon="-72.6131294947"><ele>119.09</ele><time>2024-08-24T02:21:14Z</time></trkpt><trkpt lat="-39.3668367807" lon="-72.6131578255"><ele>118.71</ele><time>2024-08-24T02:21:15Z</time></trkpt><trkpt lat="-39.3668676261" lon="-72.6131805405"><ele>118.26</ele><time>2024-08-24T02:21:16Z</time></trkpt><trkpt lat="-39.3669040035" lon="-72.6132014953"><ele>117.83</ele><time>2024-08-24T02:21:17Z</time></trkpt><trkpt lat="-39.3669402134" lon="-72.6132251322"><ele>117.17</ele><time>2024-08-24T02:21:18Z</time></trkpt><trkpt lat="-39.3669723161" lon="-72.6132497750"><ele>116.91</ele><time>2024-08-24T02:21:19Z</time></trkpt><trkpt lat="-39.3670034129" lon="-72.6132693049"><ele>116.80</ele><time>2024-08-24T02:21:20Z</time></trkpt><trkpt lat="-39.3670365214" lon="-72.6132898405"><ele>116.43</ele><time>2024-08-24T02:21:21Z</time></trkpt><trkpt lat="-39.3675066624" lon="-72.6135904994"><ele>113.31</ele><time>2024-08-24T02:21:31Z</time></trkpt><trkpt lat="-39.3675700296" lon="-72.6138232648"><ele>113.18</ele><time>2024-08-24T02:21:39Z</time></trkpt><trkpt lat="-39.3675412796" lon="-72.6138609834"><ele>113.14</ele><time>2024-08-24T02:21:40Z</time></trkpt><trkpt lat="-39.3674976099" lon="-72.6138991211"><ele>112.84</ele><time>2024-08-24T02:21:41Z</time></trkpt><trkpt lat="-39.3673497532" lon="-72.6139749773"><ele>113.24</ele><time>2024-08-24T02:21:45Z</time></trkpt><trkpt lat="-39.3673218414" lon="-72.6139649190"><ele>113.23</ele><time>2024-08-24T02:21:46Z</time></trkpt><trkpt lat="-39.3672956061" lon="-72.6139432937"><ele>113.46</ele><time>2024-08-24T02:21:47Z</time></trkpt><trkpt lat="-39.3672682811" lon="-72.6139159687"><ele>113.51</ele><time>2024-08-24T02:21:48Z</time></trkpt><trkpt lat="-39.3672363460" lon="-72.6138836145"><ele>113.90</ele><time>2024-08-24T02:21:49Z</time></trkpt><trkpt lat="-39.3671990465" lon="-72.6138505898"><ele>114.10</ele><time>2024-08-24T02:21:50Z</time></trkpt><trkpt lat="-39.3671568017" lon="-72.6138232648"><ele>114.12</ele><time>2024-08-24T02:21:51Z</time></trkpt><trkpt lat="-39.3668453302" lon="-72.6136048324"><ele>117.55</ele><time>2024-08-24T02:21:58Z</time></trkpt><trkpt lat="-39.3666792847" lon="-72.6135096978"><ele>120.77</ele><time>2024-08-24T02:22:03Z</time></trkpt><trkpt lat="-39.3666613474" lon="-72.6134593226"><ele>121.18</ele><time>2024-08-24T02:22:05Z</time></trkpt><trkpt lat="-39.3666677177" lon="-72.6134226099"><ele>121.24</ele><time>2024-08-24T02:22:06Z</time></trkpt><trkpt lat="-39.3666812964" lon="-72.6133726537"><ele>121.11</ele><time>2024-08-24T02:22:07Z</time></trkpt><trkpt lat="-39.3667018320" lon="-72.6133054309"><ele>120.69</ele><time>2024-08-24T02:22:08Z</time></trkpt><trkpt lat="-39.3667253014" lon="-72.6132400520"><ele>120.32</ele><time>2024-08-24T02:22:09Z</time></trkpt><trkpt lat="-39.3668382056" lon="-72.6129298378"><ele>119.79</ele><time>2024-08-24T02:22:14Z</time></trkpt><trkpt lat="-39.3668765109" lon="-72.6128747687"><ele>119.42</ele><time>2024-08-24T02:22:15Z</time></trkpt><trkpt lat="-39.3669150677" lon="-72.6128254831"><ele>119.74</ele><time>2024-08-24T02:22:16Z</time></trkpt><trkpt lat="-39.3671186641" lon="-72.6127107348"><ele>119.94</ele><time>2024-08-24T02:22:23Z</time></trkpt><trkpt lat="-39.3671755772" lon="-72.6127425861"><ele>119.55</ele><time>2024-08-24T02:22:24Z</time></trkpt><trkpt lat="-39.3672347534" lon="-72.6127826516"><ele>119.38</ele><time>2024-08-24T02:22:25Z</time></trkpt><trkpt lat="-39.3675982766" lon="-72.6130336057"><ele>116.91</ele><time>2024-08-24T02:22:31Z</time></trkpt><trkpt lat="-39.3683631252" lon="-72.6137982029"><ele>114.71</ele><time>2024-08-24T02:22:43Z</time></trkpt><trkpt lat="-39.3688165024" lon="-72.6145085692"><ele>112.81</ele><time>2024-08-24T02:22:54Z</time></trkpt><trkpt lat="-39.3688348588" lon="-72.6145215612"><ele>113.75</ele><time>2024-08-24T02:23:05Z</time></trkpt><trkpt lat="-39.3688331824" lon="-72.6144884527"><ele>113.47</ele><time>2024-08-24T02:23:38Z</time></trkpt><trkpt lat="-39.3688382953" lon="-72.6145217288"><ele>113.78</ele><time>2024-08-24T02:23:55Z</time></trkpt><trkpt lat="-39.3688553106" lon="-72.6145465393"><ele>113.76</ele><time>2024-08-24T02:23:56Z</time></trkpt><trkpt lat="-39.3688808754" lon="-72.6145865209"><ele>113.86</ele><time>2024-08-24T02:23:57Z</time></trkpt><trkpt lat="-39.3689110503" lon="-72.6146306098"><ele>113.74</ele><time>2024-08-24T02:23:58Z</time></trkpt><trkpt lat="-39.3689482659" lon="-72.6146830805"><ele>113.73</ele><time>2024-08-24T02:23:59Z</time></trkpt><trkpt lat="-39.3691832107" lon="-72.6151161734"><ele>113.89</ele><time>2024-08-24T02:24:05Z</time></trkpt><trkpt lat="-39.3692102842" lon="-72.6151974779"><ele>113.98</ele><time>2024-08-24T02:24:06Z</time></trkpt><trkpt lat="-39.3692313228" lon="-72.6152787823"><ele>114.08</ele><time>2024-08-24T02:24:07Z</time></trkpt><trkpt lat="-39.3693063408" lon="-72.6157759130"><ele>113.45</ele><time>2024-08-24T02:24:13Z</time></trkpt><trkpt lat="-39.3692940194" lon="-72.6158344187"><ele>113.67</ele><time>2024-08-24T02:24:14Z</time></trkpt><trkpt lat="-39.3692705501" lon="-72.6158826984"><ele>115.11</ele><time>2024-08-24T02:24:15Z</time></trkpt><trkpt lat="-39.3692285568" lon="-72.6159227639"><ele>114.88</ele><time>2024-08-24T02:24:16Z</time></trkpt><trkpt lat="-39.3691808637" lon="-72.6159625780"><ele>115.59</ele><time>2024-08-24T02:24:17Z</time></trkpt><trkpt lat="-39.3691234477" lon="-72.6160080917"><ele>114.52</ele><time>2024-08-24T02:24:18Z</time></trkpt><trkpt lat="-39.3687849026" lon="-72.6162584592"><ele>113.58</ele><time>2024-08-24T02:24:24Z</time></trkpt><trkpt lat="-39.3687343597" lon="-72.6162551064"><ele>113.57</ele><time>2024-08-24T02:24:25Z</time></trkpt><trkpt lat="-39.3686840683" lon="-72.6162401028"><ele>113.90</ele><time>2024-08-24T02:24:26Z</time></trkpt><trkpt lat="-39.3686264008" lon="-72.6162107661"><ele>113.68</ele><time>2024-08-24T02:24:27Z</time></trkpt><trkpt lat="-39.3685609382" lon="-72.6161672641"><ele>113.69</ele><time>2024-08-24T02:24:28Z</time></trkpt><trkpt lat="-39.3684950564" lon="-72.6161236782"><ele>113.73</ele><time>2024-08-24T02:24:29Z</time></trkpt><trkpt lat="-39.3683137558" lon="-72.6160137076"><ele>113.94</ele><time>2024-08-24T02:24:32Z</time></trkpt><trkpt lat="-39.3682481255" lon="-72.6160075050"><ele>113.76</ele><time>2024-08-24T02:24:33Z</time></trkpt><trkpt lat="-39.3681835849" lon="-72.6160209998"><ele>113.98</ele><time>2024-08-24T02:24:34Z</time></trkpt><trkpt lat="-39.3681221455" lon="-72.6160439663"><ele>114.07</ele><time>2024-08-24T02:24:35Z</time></trkpt><trkpt lat="-39.3680659030" lon="-72.6160787512"><ele>114.30</ele><time>2024-08-24T02:24:36Z</time></trkpt><trkpt lat="-39.3680066429" lon="-72.6161235943"><ele>113.76</ele><time>2024-08-24T02:24:37Z</time></trkpt><trkpt lat="-39.3679446168" lon="-72.6161715388"><ele>113.36</ele><time>2024-08-24T02:24:38Z</time></trkpt><trkpt lat="-39.3670031615" lon="-72.6169981621"><ele>112.99</ele><time>2024-08-24T02:24:52Z</time></trkpt><trkpt lat="-39.3661130872" lon="-72.6178013999"><ele>112.30</ele><time>2024-08-24T02:25:06Z</time></trkpt><trkpt lat="-39.3658081535" lon="-72.6181038190"><ele>112.16</ele><time>2024-08-24T02:25:15Z</time></trkpt><trkpt lat="-39.3658341374" lon="-72.6182461437"><ele>111.89</ele><time>2024-08-24T02:25:18Z</time></trkpt><trkpt lat="-39.3658610433" lon="-72.6182986144"><ele>111.71</ele><time>2024-08-24T02:25:19Z</time></trkpt><trkpt lat="-39.3658891227" lon="-72.6183443796"><ele>111.84</ele><time>2024-08-24T02:25:20Z</time></trkpt><trkpt lat="-39.3660091516" lon="-72.6184310485"><ele>112.04</ele><time>2024-08-24T02:25:26Z</time></trkpt><trkpt lat="-39.3660456128" lon="-72.6184199844"><ele>112.66</ele><time>2024-08-24T02:25:27Z</time></trkpt><trkpt lat="-39.3660902884" lon="-72.6183950901"><ele>112.29</ele><time>2024-08-24T02:25:28Z</time></trkpt><trkpt lat="-39.3661398254" lon="-72.6183577068"><ele>112.11</ele><time>2024-08-24T02:25:29Z</time></trkpt><trkpt lat="-39.3661956489" lon="-72.6183121931"><ele>112.01</ele><time>2024-08-24T02:25:30Z</time></trkpt><trkpt lat="-39.3669108767" lon="-72.6176911779"><ele>112.70</ele><time>2024-08-24T02:25:42Z</time></trkpt><trkpt lat="-39.3673070055" lon="-72.6173796225"><ele>113.31</ele><time>2024-08-24T02:25:51Z</time></trkpt><trkpt lat="-39.3673282117" lon="-72.6173853222"><ele>113.12</ele><time>2024-08-24T02:25:52Z</time></trkpt><trkpt lat="-39.3673524354" lon="-72.6174122281"><ele>112.88</ele><time>2024-08-24T02:25:53Z</time></trkpt><trkpt lat="-39.3673787545" lon="-72.6174504496"><ele>113.08</ele><time>2024-08-24T02:25:54Z</time></trkpt><trkpt lat="-39.3674071692" lon="-72.6175000705"><ele>112.86</ele><time>2024-08-24T02:25:55Z</time></trkpt><trkpt lat="-39.3674331531" lon="-72.6175540499"><ele>112.88</ele><time>2024-08-24T02:25:56Z</time></trkpt><trkpt lat="-39.3674551975" lon="-72.6175983064"><ele>113.00</ele><time>2024-08-24T02:25:57Z</time></trkpt><trkpt lat="-39.3675076682" lon="-72.6176739950"><ele>112.77</ele><time>2024-08-24T02:26:03Z</time></trkpt><trkpt lat="-39.3675843626" lon="-72.6176465023"><ele>112.98</ele><time>2024-08-24T02:26:06Z</time></trkpt><trkpt lat="-39.3676115200" lon="-72.6176189259"><ele>112.79</ele><time>2024-08-24T02:26:07Z</time></trkpt><trkpt lat="-39.3677457981" lon="-72.6175276469"><ele>113.45</ele><time>2024-08-24T02:26:14Z</time></trkpt><trkpt lat="-39.3677723687" lon="-72.6175354421"><ele>113.47</ele><time>2024-08-24T02:26:15Z</time></trkpt><trkpt lat="-39.3677959219" lon="-72.6175537985"><ele>113.47</ele><time>2024-08-24T02:26:16Z</time></trkpt><trkpt lat="-39.3678123504" lon="-72.6175870746"><ele>113.38</ele><time>2024-08-24T02:26:17Z</time></trkpt><trkpt lat="-39.3678222410" lon="-72.6176354382"><ele>113.44</ele><time>2024-08-24T02:26:18Z</time></trkpt><trkpt lat="-39.3678295333" lon="-72.6176990569"><ele>113.62</ele><time>2024-08-24T02:26:19Z</time></trkpt><trkpt lat="-39.3678390887" lon="-72.6177867316"><ele>113.53</ele><time>2024-08-24T02:26:20Z</time></trkpt><trkpt lat="-39.3678870331" lon="-72.6182094309"><ele>112.80</ele><time>2024-08-24T02:26:25Z</time></trkpt><trkpt lat="-39.3679016177" lon="-72.6182481553"><ele>112.78</ele><time>2024-08-24T02:26:26Z</time></trkpt><trkpt lat="-39.3679281883" lon="-72.6182733849"><ele>113.55</ele><time>2024-08-24T02:26:27Z</time></trkpt><trkpt lat="-39.3679633085" lon="-72.6182802580"><ele>113.70</ele><time>2024-08-24T02:26:28Z</time></trkpt><trkpt lat="-39.3680080678" lon="-72.6182658412"><ele>112.77</ele><time>2024-08-24T02:26:29Z</time></trkpt><trkpt lat="-39.3680597004" lon="-72.6182343252"><ele>112.94</ele><time>2024-08-24T02:26:30Z</time></trkpt><trkpt lat="-39.3681084830" lon="-72.6181930862"><ele>112.97</ele><time>2024-08-24T02:26:31Z</time></trkpt><trkpt lat="-39.3681526557" lon="-72.6181530207"><ele>112.86</ele><time>2024-08-24T02:26:32Z</time></trkpt><trkpt lat="-39.3682419229" lon="-72.6180884801"><ele>112.83</ele><time>2024-08-24T02:26:34Z</time></trkpt><trkpt lat="-39.3682922143" lon="-72.6180669386"><ele>113.12</ele><time>2024-08-24T02:26:35Z</time></trkpt><trkpt lat="-39.3686141632" lon="-72.6179397851"><ele>113.06</ele><time>2024-08-24T02:26:41Z</time></trkpt><trkpt lat="-39.3686637841" lon="-72.6178942714"><ele>113.70</ele><time>2024-08-24T02:26:42Z</time></trkpt><trkpt lat="-39.3687051069" lon="-72.6178355142"><ele>113.53</ele><time>2024-08-24T02:26:43Z</time></trkpt><trkpt lat="-39.3687397242" lon="-72.6177708060"><ele>113.46</ele><time>2024-08-24T02:26:44Z</time></trkpt><trkpt lat="-39.3687673006" lon="-72.6177048404"><ele>113.69</ele><time>2024-08-24T02:26:45Z</time></trkpt><trkpt lat="-39.3687909376" lon="-72.6176380366"><ele>113.57</ele><time>2024-08-24T02:26:46Z</time></trkpt><trkpt lat="-39.3688177597" lon="-72.6175773516"><ele>113.25</ele><time>2024-08-24T02:26:47Z</time></trkpt><trkpt lat="-39.3688492756" lon="-72.6175206061"><ele>113.18</ele><time>2024-08-24T02:26:48Z</time></trkpt><trkpt lat="-39.3688910175" lon="-72.6174671296"><ele>113.41</ele><time>2024-08-24T02:26:49Z</time></trkpt><trkpt lat="-39.3689417280" lon="-72.6174139045"><ele>113.51</ele><time>2024-08-24T02:26:50Z</time></trkpt><trkpt lat="-39.3689938635" lon="-72.6173599251"><ele>113.50</ele><time>2024-08-24T02:26:51Z</time></trkpt><trkpt lat="-39.3694320694" lon="-72.6169854216"><ele>114.33</ele><time>2024-08-24T02:27:01Z</time></trkpt><trkpt lat="-39.3694664352" lon="-72.6170024369"><ele>113.71</ele><time>2024-08-24T02:27:02Z</time></trkpt><trkpt lat="-39.3694904074" lon="-72.6170329470"><ele>113.87</ele><time>2024-08-24T02:27:03Z</time></trkpt><trkpt lat="-39.3695101049" lon="-72.6170777902"><ele>114.56</ele><time>2024-08-24T02:27:04Z</time></trkpt><trkpt lat="-39.3695220910" lon="-72.6171534788"><ele>114.58</ele><time>2024-08-24T02:27:05Z</time></trkpt><trkpt lat="-39.3695284612" lon="-72.6172507089"><ele>114.28</ele><time>2024-08-24T02:27:06Z</time></trkpt><trkpt lat="-39.3695351668" lon="-72.6173542254"><ele>114.33</ele><time>2024-08-24T02:27:07Z</time></trkpt><trkpt lat="-39.3695875537" lon="-72.6178982109"><ele>114.31</ele><time>2024-08-24T02:27:13Z</time></trkpt><trkpt lat="-39.3695650063" lon="-72.6179641765"><ele>114.45</ele><time>2024-08-24T02:27:14Z</time></trkpt><trkpt lat="-39.3695350830" lon="-72.6180186588"><ele>114.44</ele><time>2024-08-24T02:27:15Z</time></trkpt><trkpt lat="-39.3694919161" lon="-72.6180702914"><ele>114.49</ele><time>2024-08-24T02:27:16Z</time></trkpt><trkpt lat="-39.3694401998" lon="-72.6181241032"><ele>114.63</ele><time>2024-08-24T02:27:17Z</time></trkpt><trkpt lat="-39.3691732362" lon="-72.6183607243"><ele>114.27</ele><time>2024-08-24T02:27:22Z</time></trkpt><trkpt lat="-39.3691240344" lon="-72.6183774043"><ele>114.60</ele><time>2024-08-24T02:27:23Z</time></trkpt><trkpt lat="-39.3690697197" lon="-72.6183801703"><ele>114.38</ele><time>2024-08-24T02:27:24Z</time></trkpt><trkpt lat="-39.3687895965" lon="-72.6183607243"><ele>114.43</ele><time>2024-08-24T02:27:29Z</time></trkpt><trkpt lat="-39.3687343597" lon="-72.6183701120"><ele>114.58</ele><time>2024-08-24T02:27:30Z</time></trkpt><trkpt lat="-39.3686827272" lon="-72.6183979400"><ele>114.68</ele><time>2024-08-24T02:27:31Z</time></trkpt><trkpt lat="-39.3686309271" lon="-72.6184328087"><ele>114.55</ele><time>2024-08-24T02:27:32Z</time></trkpt><trkpt lat="-39.3685763609" lon="-72.6184760593"><ele>114.37</ele><time>2024-08-24T02:27:33Z</time></trkpt><trkpt lat="-39.3685207888" lon="-72.6185242552"><ele>114.20</ele><time>2024-08-24T02:27:34Z</time></trkpt><trkpt lat="-39.3677531742" lon="-72.6192289218"><ele>113.81</ele><time>2024-08-24T02:27:46Z</time></trkpt><trkpt lat="-39.3670433946" lon="-72.6198815368"><ele>113.87</ele><time>2024-08-24T02:27:57Z</time></trkpt><trkpt lat="-39.3669553846" lon="-72.6199669484"><ele>113.73</ele><time>2024-08-24T02:28:04Z</time></trkpt><trkpt lat="-39.3669336755" lon="-72.6199709717"><ele>113.17</ele><time>2024-08-24T02:28:08Z</time></trkpt><trkpt lat="-39.3668523710" lon="-72.6200489234"><ele>113.53</ele><time>2024-08-24T02:28:11Z</time></trkpt><trkpt lat="-39.3663787935" lon="-72.6205304638"><ele>113.55</ele><time>2024-08-24T02:28:19Z</time></trkpt><trkpt lat="-39.3655910622" lon="-72.6212808955"><ele>112.76</ele><time>2024-08-24T02:28:32Z</time></trkpt><trkpt lat="-39.3649920914" lon="-72.6218455005"><ele>112.47</ele><time>2024-08-24T02:28:45Z</time></trkpt><trkpt lat="-39.3643632811" lon="-72.6224472374"><ele>111.14</ele><time>2024-08-24T02:28:59Z</time></trkpt><trkpt lat="-39.3642978184" lon="-72.6225981116"><ele>111.64</ele><time>2024-08-24T02:29:04Z</time></trkpt><trkpt lat="-39.3642911967" lon="-72.6230670791"><ele>111.73</ele><time>2024-08-24T02:29:12Z</time></trkpt><trkpt lat="-39.3643097207" lon="-72.6230912190"><ele>112.11</ele><time>2024-08-24T02:29:13Z</time></trkpt><trkpt lat="-39.3643402308" lon="-72.6230964996"><ele>112.34</ele><time>2024-08-24T02:29:14Z</time></trkpt><trkpt lat="-39.3643748481" lon="-72.6230858546"><ele>112.36</ele><time>2024-08-24T02:29:15Z</time></trkpt><trkpt lat="-39.3644061126" lon="-72.6230634749"><ele>112.01</ele><time>2024-08-24T02:29:16Z</time></trkpt><trkpt lat="-39.3644338567" lon="-72.6230321266"><ele>111.84</ele><time>2024-08-24T02:29:17Z</time></trkpt><trkpt lat="-39.3644621037" lon="-72.6229997724"><ele>111.88</ele><time>2024-08-24T02:29:18Z</time></trkpt><trkpt lat="-39.3649131339" lon="-72.6225581300"><ele>111.88</ele><time>2024-08-24T02:29:31Z</time></trkpt><trkpt lat="-39.3650474120" lon="-72.6223895699"><ele>112.56</ele><time>2024-08-24T02:29:36Z</time></trkpt><trkpt lat="-39.3653680198" lon="-72.6219909266"><ele>112.44</ele><time>2024-08-24T02:29:49Z</time></trkpt><trkpt lat="-39.3653867114" lon="-72.6219636016"><ele>112.65</ele><time>2024-08-24T02:29:51Z</time></trkpt><trkpt lat="-39.3654644955" lon="-72.6218673773"><ele>112.42</ele><time>2024-08-24T02:29:54Z</time></trkpt><trkpt lat="-39.3656172138" lon="-72.6217356138"><ele>112.35</ele><time>2024-08-24T02:29:58Z</time></trkpt><trkpt lat="-39.3657451216" lon="-72.6215352863"><ele>112.76</ele><time>2024-08-24T02:30:05Z</time></trkpt><trkpt lat="-39.3657836784" lon="-72.6214941312"><ele>112.77</ele><time>2024-08-24T02:30:06Z</time></trkpt><trkpt lat="-39.3658798188" lon="-72.6213942189"><ele>112.92</ele><time>2024-08-24T02:30:08Z</time></trkpt><trkpt lat="-39.3661866803" lon="-72.6210801490"><ele>113.53</ele><time>2024-08-24T02:30:17Z</time></trkpt><trkpt lat="-39.3663371354" lon="-72.6209151093"><ele>113.25</ele><time>2024-08-24T02:30:24Z</time></trkpt><trkpt lat="-39.3663237244" lon="-72.6209264249"><ele>113.50</ele><time>2024-08-24T02:30:25Z</time></trkpt><trkpt lat="-39.3663060386" lon="-72.6209358126"><ele>113.32</ele><time>2024-08-24T02:30:26Z</time></trkpt><trkpt lat="-39.3661377300" lon="-72.6210954878"><ele>112.93</ele><time>2024-08-24T02:30:42Z</time></trkpt><trkpt lat="-39.3661618698" lon="-72.6211410854"><ele>113.07</ele><time>2024-08-24T02:30:49Z</time></trkpt><trkpt lat="-39.3662284222" lon="-72.6212486252"><ele>112.91</ele><time>2024-08-24T02:30:51Z</time></trkpt><trkpt lat="-39.3662676495" lon="-72.6213208772"><ele>112.98</ele><time>2024-08-24T02:30:52Z</time></trkpt><trkpt lat="-39.3664371315" lon="-72.6215837337"><ele>113.09</ele><time>2024-08-24T02:30:57Z</time></trkpt><trkpt lat="-39.3664665520" lon="-72.6215901878"><ele>113.10</ele><time>2024-08-24T02:30:58Z</time></trkpt><trkpt lat="-39.3664958887" lon="-72.6215795428"><ele>112.95</ele><time>2024-08-24T02:30:59Z</time></trkpt><trkpt lat="-39.3665223755" lon="-72.6215609349"><ele>113.14</ele><time>2024-08-24T02:31:00Z</time></trkpt><trkpt lat="-39.3665519636" lon="-72.6215326879"><ele>112.75</ele><time>2024-08-24T02:31:01Z</time></trkpt><trkpt lat="-39.3665885087" lon="-72.6214958914"><ele>112.61</ele><time>2024-08-24T02:31:02Z</time></trkpt><trkpt lat="-39.3670632597" lon="-72.6210581884"><ele>113.60</ele><time>2024-08-24T02:31:14Z</time></trkpt><trkpt lat="-39.3673334923" lon="-72.6207690127"><ele>113.99</ele><time>2024-08-24T02:31:24Z</time></trkpt><trkpt lat="-39.3673415389" lon="-72.6207100879"><ele>114.37</ele><time>2024-08-24T02:31:26Z</time></trkpt><trkpt lat="-39.3673296366" lon="-72.6206678431"><ele>114.48</ele><time>2024-08-24T02:31:27Z</time></trkpt><trkpt lat="-39.3673134595" lon="-72.6206338126"><ele>114.44</ele><time>2024-08-24T02:31:28Z</time></trkpt><trkpt lat="-39.3672951870" lon="-72.6206012908"><ele>114.24</ele><time>2024-08-24T02:31:29Z</time></trkpt><trkpt lat="-39.3672782555" lon="-72.6205711160"><ele>114.18</ele><time>2024-08-24T02:31:30Z</time></trkpt><trkpt lat="-39.3673204165" lon="-72.6203599758"><ele>114.31</ele><time>2024-08-24T02:31:39Z</time></trkpt><trkpt lat="-39.3676255178" lon="-72.6201449800"><ele>114.66</ele><time>2024-08-24T02:31:49Z</time></trkpt><trkpt lat="-39.3676497415" lon="-72.6201767474"><ele>114.60</ele><time>2024-08-24T02:31:50Z</time></trkpt><trkpt lat="-39.3676724564" lon="-72.6202193275"><ele>114.31</ele><time>2024-08-24T02:31:51Z</time></trkpt><trkpt lat="-39.3677596282" lon="-72.6203285437"><ele>114.70</ele><time>2024-08-24T02:31:55Z</time></trkpt><trkpt lat="-39.3677870370" lon="-72.6203198265"><ele>115.21</ele><time>2024-08-24T02:31:56Z</time></trkpt><trkpt lat="-39.3678187206" lon="-72.6202982012"><ele>114.99</ele><time>2024-08-24T02:31:57Z</time></trkpt><trkpt lat="-39.3683253229" lon="-72.6198241208"><ele>114.95</ele><time>2024-08-24T02:32:07Z</time></trkpt><trkpt lat="-39.3689501937" lon="-72.6192567497"><ele>115.24</ele><time>2024-08-24T02:32:20Z</time></trkpt><trkpt lat="-39.3689718191" lon="-72.6192636229"><ele>115.55</ele><time>2024-08-24T02:32:21Z</time></trkpt><trkpt lat="-39.3689875770" lon="-72.6192792971"><ele>115.07</ele><time>2024-08-24T02:32:22Z</time></trkpt><trkpt lat="-39.3689988088" lon="-72.6193010062"><ele>115.13</ele><time>2024-08-24T02:32:23Z</time></trkpt><trkpt lat="-39.3690051790" lon="-72.6193310972"><ele>115.51</ele><time>2024-08-24T02:32:24Z</time></trkpt><trkpt lat="-39.3690099567" lon="-72.6193730906"><ele>115.25</ele><time>2024-08-24T02:32:25Z</time></trkpt><trkpt lat="-39.3690989725" lon="-72.6198620070"><ele>115.07</ele><time>2024-08-24T02:32:34Z</time></trkpt><trkpt lat="-39.3690790236" lon="-72.6199266315"><ele>115.32</ele><time>2024-08-24T02:32:36Z</time></trkpt><trkpt lat="-39.3690511957" lon="-72.6199612487"><ele>115.21</ele><time>2024-08-24T02:32:37Z</time></trkpt><trkpt lat="-39.3690115493" lon="-72.6199993864"><ele>115.23</ele><time>2024-08-24T02:32:38Z</time></trkpt><trkpt lat="-39.3683207966" lon="-72.6206214912"><ele>114.85</ele><time>2024-08-24T02:32:50Z</time></trkpt><trkpt lat="-39.3677346501" lon="-72.6211648062"><ele>114.45</ele><time>2024-08-24T02:33:02Z</time></trkpt><trkpt lat="-39.3676338997" lon="-72.6213629544"><ele>114.43</ele><time>2024-08-24T02:33:10Z</time></trkpt><trkpt lat="-39.3676587101" lon="-72.6214106474"><ele>114.61</ele><time>2024-08-24T02:33:11Z</time></trkpt><trkpt lat="-39.3680835888" lon="-72.6221381966"><ele>114.29</ele><time>2024-08-24T02:33:22Z</time></trkpt><trkpt lat="-39.3682605308" lon="-72.6224415377"><ele>114.06</ele><time>2024-08-24T02:33:32Z</time></trkpt><trkpt lat="-39.3684300967" lon="-72.6225795038"><ele>114.31</ele><time>2024-08-24T02:33:39Z</time></trkpt><trkpt lat="-39.3684762809" lon="-72.6225696970"><ele>114.47</ele><time>2024-08-24T02:33:40Z</time></trkpt><trkpt lat="-39.3685227167" lon="-72.6225421205"><ele>114.99</ele><time>2024-08-24T02:33:41Z</time></trkpt><trkpt lat="-39.3691330031" lon="-72.6219427306"><ele>114.91</ele><time>2024-08-24T02:33:52Z</time></trkpt><trkpt lat="-39.3698854465" lon="-72.6212162711"><ele>114.89</ele><time>2024-08-24T02:34:05Z</time></trkpt><trkpt lat="-39.3700975087" lon="-72.6210061368"><ele>115.37</ele><time>2024-08-24T02:34:14Z</time></trkpt><trkpt lat="-39.3701154459" lon="-72.6206921507"><ele>115.55</ele><time>2024-08-24T02:34:23Z</time></trkpt><trkpt lat="-39.3701380771" lon="-72.6205443777"><ele>115.03</ele><time>2024-08-24T02:34:27Z</time></trkpt><trkpt lat="-39.3701705150" lon="-72.6204954274"><ele>114.87</ele><time>2024-08-24T02:34:28Z</time></trkpt><trkpt lat="-39.3706926238" lon="-72.6197900064"><ele>113.67</ele><time>2024-08-24T02:34:38Z</time></trkpt><trkpt lat="-39.3715646770" lon="-72.6185062341"><ele>111.93</ele><time>2024-08-24T02:34:53Z</time></trkpt><trkpt lat="-39.3722685054" lon="-72.6171300933"><ele>111.23</ele><time>2024-08-24T02:35:08Z</time></trkpt><trkpt lat="-39.3730325159" lon="-72.6157838758"><ele>111.61</ele><time>2024-08-24T02:35:23Z</time></trkpt><trkpt lat="-39.3730825558" lon="-72.6156943571"><ele>111.93</ele><time>2024-08-24T02:35:24Z</time></trkpt><trkpt lat="-39.3731263932" lon="-72.6155974623"><ele>111.71</ele><time>2024-08-24T02:35:25Z</time></trkpt><trkpt lat="-39.3731670454" lon="-72.6154952031"><ele>111.93</ele><time>2024-08-24T02:35:26Z</time></trkpt><trkpt lat="-39.3735521100" lon="-72.6139932498"><ele>109.96</ele><time>2024-08-24T02:35:40Z</time></trkpt><trkpt lat="-39.3739738036" lon="-72.6121805795"><ele>110.98</ele><time>2024-08-24T02:35:57Z</time></trkpt><trkpt lat="-39.3740587123" lon="-72.6105419174"><ele>112.88</ele><time>2024-08-24T02:36:12Z</time></trkpt><trkpt lat="-39.3740174733" lon="-72.6085136645"><ele>113.93</ele><time>2024-08-24T02:36:30Z</time></trkpt><trkpt lat="-39.3737921678" lon="-72.6067573205"><ele>114.43</ele><time>2024-08-24T02:36:46Z</time></trkpt><trkpt lat="-39.3734268006" lon="-72.6044693962"><ele>115.35</ele><time>2024-08-24T02:37:07Z</time></trkpt><trkpt lat="-39.3733918481" lon="-72.6043637004"><ele>115.42</ele><time>2024-08-24T02:37:08Z</time></trkpt><trkpt lat="-39.3732573185" lon="-72.6040743571"><ele>115.53</ele><time>2024-08-24T02:37:11Z</time></trkpt><trkpt lat="-39.3724569306" lon="-72.6027806103"><ele>115.74</ele><time>2024-08-24T02:37:26Z</time></trkpt><trkpt lat="-39.3723302800" lon="-72.6023704000"><ele>116.01</ele><time>2024-08-24T02:37:30Z</time></trkpt><trkpt lat="-39.3723152764" lon="-72.6022609323"><ele>115.79</ele><time>2024-08-24T02:37:31Z</time></trkpt><trkpt lat="-39.3723104987" lon="-72.6021488663"><ele>115.73</ele><time>2024-08-24T02:37:32Z</time></trkpt><trkpt lat="-39.3723198865" lon="-72.6019233931"><ele>115.57</ele><time>2024-08-24T02:37:34Z</time></trkpt><trkpt lat="-39.3723380752" lon="-72.6018099021"><ele>115.29</ele><time>2024-08-24T02:37:35Z</time></trkpt><trkpt lat="-39.3723632209" lon="-72.6017005183"><ele>115.16</ele><time>2024-08-24T02:37:36Z</time></trkpt><trkpt lat="-39.3729052786" lon="-72.6003017463"><ele>115.94</ele><time>2024-08-24T02:37:50Z</time></trkpt><trkpt lat="-39.3735122122" lon="-72.5988174789"><ele>117.36</ele><time>2024-08-24T02:38:05Z</time></trkpt><trkpt lat="-39.3738848716" lon="-72.5975386519"><ele>117.84</ele><time>2024-08-24T02:38:17Z</time></trkpt><trkpt lat="-39.3741260190" lon="-72.5961948652"><ele>118.02</ele><time>2024-08-24T02:38:29Z</time></trkpt><trkpt lat="-39.3744363170" lon="-72.5944649242"><ele>118.74</ele><time>2024-08-24T02:38:45Z</time></trkpt><trkpt lat="-39.3747319467" lon="-72.5928351469"><ele>119.16</ele><time>2024-08-24T02:39:00Z</time></trkpt><trkpt lat="-39.3750792090" lon="-72.5908881985"><ele>119.71</ele><time>2024-08-24T02:39:18Z</time></trkpt><trkpt lat="-39.3753425684" lon="-72.5893325172"><ele>119.69</ele><time>2024-08-24T02:39:34Z</time></trkpt><trkpt lat="-39.3753496930" lon="-72.5892728381"><ele>119.69</ele><time>2024-08-24T02:39:35Z</time></trkpt><trkpt lat="-39.3753519561" lon="-72.5892199483"><ele>118.98</ele><time>2024-08-24T02:39:36Z</time></trkpt><trkpt lat="-39.3753434066" lon="-72.5891822297"><ele>119.53</ele><time>2024-08-24T02:39:37Z</time></trkpt><trkpt lat="-39.3753344379" lon="-72.5891551562"><ele>120.16</ele><time>2024-08-24T02:39:38Z</time></trkpt><trkpt lat="-39.3753232062" lon="-72.5891385600"><ele>120.01</ele><time>2024-08-24T02:39:39Z</time></trkpt><trkpt lat="-39.3753102142" lon="-72.5891280826"><ele>119.53</ele><time>2024-08-24T02:39:40Z</time></trkpt><trkpt lat="-39.3753011618" lon="-72.5891246460"><ele>119.81</ele><time>2024-08-24T02:39:41Z</time></trkpt><trkpt lat="-39.3753173389" lon="-72.5892189424"><ele>119.56</ele><time>2024-08-24T02:39:52Z</time></trkpt><trkpt lat="-39.3753109686" lon="-72.5893099699"><ele>119.99</ele><time>2024-08-24T02:39:54Z</time></trkpt><trkpt lat="-39.3752985634" lon="-72.5893844850"><ele>119.73</ele><time>2024-08-24T02:39:55Z</time></trkpt><trkpt lat="-39.3751187716" lon="-72.5904408563"><ele>119.85</ele><time>2024-08-24T02:40:05Z</time></trkpt><trkpt lat="-39.3749039434" lon="-72.5917760935"><ele>119.53</ele><time>2024-08-24T02:40:18Z</time></trkpt><trkpt lat="-39.3745591957" lon="-72.5935793761"><ele>118.99</ele><time>2024-08-24T02:40:34Z</time></trkpt><trkpt lat="-39.3742384203" lon="-72.5953230634"><ele>118.57</ele><time>2024-08-24T02:40:50Z</time></trkpt><trkpt lat="-39.3739199918" lon="-72.5970929861"><ele>117.90</ele><time>2024-08-24T02:41:06Z</time></trkpt><trkpt lat="-39.3735059258" lon="-72.5988282915"><ele>117.35</ele><time>2024-08-24T02:41:22Z</time></trkpt><trkpt lat="-39.3729572464" lon="-72.6002409775"><ele>116.11</ele><time>2024-08-24T02:41:36Z</time></trkpt><trkpt lat="-39.3723365664" lon="-72.6018466987"><ele>115.49</ele><time>2024-08-24T02:41:52Z</time></trkpt><trkpt lat="-39.3722858559" lon="-72.6021663845"><ele>115.90</ele><time>2024-08-24T02:41:55Z</time></trkpt><trkpt lat="-39.3722841796" lon="-72.6022735890"><ele>115.93</ele><time>2024-08-24T02:41:56Z</time></trkpt><trkpt lat="-39.3722898792" lon="-72.6023823861"><ele>116.07</ele><time>2024-08-24T02:41:57Z</time></trkpt><trkpt lat="-39.3723094929" lon="-72.6024911832"><ele>116.13</ele><time>2024-08-24T02:41:58Z</time></trkpt><trkpt lat="-39.3723352253" lon="-72.6026008185"><ele>116.25</ele><time>2024-08-24T02:41:59Z</time></trkpt><trkpt lat="-39.3723695911" lon="-72.6027111243"><ele>116.26</ele><time>2024-08-24T02:42:00Z</time></trkpt><trkpt lat="-39.3724106625" lon="-72.6028180774"><ele>116.22</ele><time>2024-08-24T02:42:01Z</time></trkpt><trkpt lat="-39.3731346913" lon="-72.6039943099"><ele>115.50</ele><time>2024-08-24T02:42:14Z</time></trkpt><trkpt lat="-39.3734678719" lon="-72.6046509482"><ele>115.32</ele><time>2024-08-24T02:42:21Z</time></trkpt><trkpt lat="-39.3734956160" lon="-72.6047563087"><ele>115.02</ele><time>2024-08-24T02:42:22Z</time></trkpt><trkpt lat="-39.3737559579" lon="-72.6064243075"><ele>114.76</ele><time>2024-08-24T02:42:37Z</time></trkpt><trkpt lat="-39.3740142044" lon="-72.6084244810"><ele>113.95</ele><time>2024-08-24T02:42:55Z</time></trkpt><trkpt lat="-39.3740572874" lon="-72.6104161888"><ele>113.23</ele><time>2024-08-24T02:43:13Z</time></trkpt><trkpt lat="-39.3739734683" lon="-72.6121307909"><ele>110.56</ele><time>2024-08-24T02:43:28Z</time></trkpt><trkpt lat="-39.3735816143" lon="-72.6137493365"><ele>110.27</ele><time>2024-08-24T02:43:43Z</time></trkpt><trkpt lat="-39.3731284887" lon="-72.6155632641"><ele>111.47</ele><time>2024-08-24T02:44:00Z</time></trkpt><trkpt lat="-39.3725777976" lon="-72.6164670009"><ele>111.50</ele><time>2024-08-24T02:44:10Z</time></trkpt><trkpt lat="-39.3718273658" lon="-72.6179746538"><ele>111.63</ele><time>2024-08-24T02:44:26Z</time></trkpt><trkpt lat="-39.3709912710" lon="-72.6194210351"><ele>113.36</ele><time>2024-08-24T02:44:42Z</time></trkpt><trkpt lat="-39.3700722791" lon="-72.6206139475"><ele>115.56</ele><time>2024-08-24T02:44:57Z</time></trkpt><trkpt lat="-39.3700293638" lon="-72.6207095012"><ele>115.60</ele><time>2024-08-24T02:44:58Z</time></trkpt><trkpt lat="-39.3699947465" lon="-72.6208063960"><ele>116.00</ele><time>2024-08-24T02:44:59Z</time></trkpt><trkpt lat="-39.3699622247" lon="-72.6208982617"><ele>115.99</ele><time>2024-08-24T02:45:00Z</time></trkpt><trkpt lat="-39.3699292839" lon="-72.6209876128"><ele>114.87</ele><time>2024-08-24T02:45:01Z</time></trkpt><trkpt lat="-39.3698877934" lon="-72.6210704260"><ele>115.94</ele><time>2024-08-24T02:45:02Z</time></trkpt><trkpt lat="-39.3698400166" lon="-72.6211425941"><ele>115.82</ele><time>2024-08-24T02:45:03Z</time></trkpt><trkpt lat="-39.3697869591" lon="-72.6212082244"><ele>115.67</ele><time>2024-08-24T02:45:04Z</time></trkpt><trkpt lat="-39.3697276991" lon="-72.6212714240"><ele>115.52</ele><time>2024-08-24T02:45:05Z</time></trkpt><trkpt lat="-39.3687447533" lon="-72.6222105324"><ele>115.23</ele><time>2024-08-24T02:45:19Z</time></trkpt><trkpt lat="-39.3678420223" lon="-72.6230348926"><ele>114.68</ele><time>2024-08-24T02:45:33Z</time></trkpt><trkpt lat="-39.3671919219" lon="-72.6236503758"><ele>114.49</ele><time>2024-08-24T02:45:44Z</time></trkpt><trkpt lat="-39.3662268296" lon="-72.6245731395"><ele>114.03</ele><time>2024-08-24T02:45:59Z</time></trkpt><trkpt lat="-39.3657057267" lon="-72.6250907220"><ele>114.11</ele><time>2024-08-24T02:46:09Z</time></trkpt><trkpt lat="-39.3656831793" lon="-72.6251388341"><ele>113.86</ele><time>2024-08-24T02:46:10Z</time></trkpt><trkpt lat="-39.3656773958" lon="-72.6251982618"><ele>113.63</ele><time>2024-08-24T02:46:11Z</time></trkpt><trkpt lat="-39.3656861968" lon="-72.6252626348"><ele>113.67</ele><time>2024-08-24T02:46:12Z</time></trkpt><trkpt lat="-39.3657063972" lon="-72.6253254991"><ele>113.77</ele><time>2024-08-24T02:46:13Z</time></trkpt><trkpt lat="-39.3657377455" lon="-72.6253871061"><ele>113.70</ele><time>2024-08-24T02:46:14Z</time></trkpt><trkpt lat="-39.3657787330" lon="-72.6254483778"><ele>113.39</ele><time>2024-08-24T02:46:15Z</time></trkpt><trkpt lat="-39.3658204749" lon="-72.6255156845"><ele>113.40</ele><time>2024-08-24T02:46:16Z</time></trkpt><trkpt lat="-39.3662519753" lon="-72.6262223627"><ele>112.78</ele><time>2024-08-24T02:46:26Z</time></trkpt><trkpt lat="-39.3662943877" lon="-72.6262626797"><ele>112.92</ele><time>2024-08-24T02:46:27Z</time></trkpt><trkpt lat="-39.3663388956" lon="-72.6262873225"><ele>112.87</ele><time>2024-08-24T02:46:28Z</time></trkpt><trkpt lat="-39.3663889356" lon="-72.6262952015"><ele>113.53</ele><time>2024-08-24T02:46:29Z</time></trkpt><trkpt lat="-39.3664450105" lon="-72.6262695529"><ele>112.79</ele><time>2024-08-24T02:46:30Z</time></trkpt><trkpt lat="-39.3664994091" lon="-72.6262278948"><ele>112.88</ele><time>2024-08-24T02:46:31Z</time></trkpt><trkpt lat="-39.3665502034" lon="-72.6261799503"><ele>113.13</ele><time>2024-08-24T02:46:32Z</time></trkpt><trkpt lat="-39.3665990699" lon="-72.6261262223"><ele>113.23</ele><time>2024-08-24T02:46:33Z</time></trkpt><trkpt lat="-39.3666510377" lon="-72.6260698121"><ele>113.17</ele><time>2024-08-24T02:46:34Z</time></trkpt><trkpt lat="-39.3676148728" lon="-72.6251456235"><ele>115.16</ele><time>2024-08-24T02:46:50Z</time></trkpt><trkpt lat="-39.3681208882" lon="-72.6246495824"><ele>114.61</ele><time>2024-08-24T02:47:01Z</time></trkpt><trkpt lat="-39.3682825752" lon="-72.6245324872"><ele>113.73</ele><time>2024-08-24T02:47:05Z</time></trkpt><trkpt lat="-39.3685696553" lon="-72.6242440660"><ele>115.62</ele><time>2024-08-24T02:47:10Z</time></trkpt><trkpt lat="-39.3690143991" lon="-72.6238320954"><ele>115.40</ele><time>2024-08-24T02:47:20Z</time></trkpt><trkpt lat="-39.3693102803" lon="-72.6235337835"><ele>114.95</ele><time>2024-08-24T02:47:28Z</time></trkpt><trkpt lat="-39.3700397573" lon="-72.6228021272"><ele>116.36</ele><time>2024-08-24T02:47:42Z</time></trkpt><trkpt lat="-39.3707319349" lon="-72.6221506018"><ele>116.79</ele><time>2024-08-24T02:47:56Z</time></trkpt><trkpt lat="-39.3708079588" lon="-72.6221264619"><ele>116.94</ele><time>2024-08-24T02:47:59Z</time></trkpt><trkpt lat="-39.3708367925" lon="-72.6221464109"><ele>116.91</ele><time>2024-08-24T02:48:00Z</time></trkpt><trkpt lat="-39.3708663806" lon="-72.6221745741"><ele>116.69</ele><time>2024-08-24T02:48:01Z</time></trkpt><trkpt lat="-39.3708912749" lon="-72.6222156454"><ele>116.77</ele><time>2024-08-24T02:48:02Z</time></trkpt><trkpt lat="-39.3709190190" lon="-72.6222671103"><ele>116.49</ele><time>2024-08-24T02:48:03Z</time></trkpt><trkpt lat="-39.3709486909" lon="-72.6223238558"><ele>116.48</ele><time>2024-08-24T02:48:04Z</time></trkpt><trkpt lat="-39.3713818677" lon="-72.6231343858"><ele>114.32</ele><time>2024-08-24T02:48:16Z</time></trkpt><trkpt lat="-39.3713963684" lon="-72.6231925562"><ele>114.03</ele><time>2024-08-24T02:48:17Z</time></trkpt><trkpt lat="-39.3714017328" lon="-72.6232470386"><ele>114.09</ele><time>2024-08-24T02:48:18Z</time></trkpt><trkpt lat="-39.3713984638" lon="-72.6233009342"><ele>113.95</ele><time>2024-08-24T02:48:19Z</time></trkpt><trkpt lat="-39.3713761680" lon="-72.6233480405"><ele>114.08</ele><time>2024-08-24T02:48:20Z</time></trkpt><trkpt lat="-39.3713371921" lon="-72.6233905368"><ele>114.02</ele><time>2024-08-24T02:48:21Z</time></trkpt><trkpt lat="-39.3712895829" lon="-72.6234349608"><ele>113.93</ele><time>2024-08-24T02:48:22Z</time></trkpt><trkpt lat="-39.3712386210" lon="-72.6234831568"><ele>114.05</ele><time>2024-08-24T02:48:23Z</time></trkpt><trkpt lat="-39.3705907837" lon="-72.6241195109"><ele>115.76</ele><time>2024-08-24T02:48:36Z</time></trkpt><trkpt lat="-39.3699075747" lon="-72.6247233432"><ele>115.46</ele><time>2024-08-24T02:48:47Z</time></trkpt><trkpt lat="-39.3695223425" lon="-72.6250470523"><ele>115.52</ele><time>2024-08-24T02:48:56Z</time></trkpt><trkpt lat="-39.3688714877" lon="-72.6256692410"><ele>115.56</ele><time>2024-08-24T02:49:10Z</time></trkpt><trkpt lat="-39.3684052024" lon="-72.6261075307"><ele>115.37</ele><time>2024-08-24T02:49:20Z</time></trkpt><trkpt lat="-39.3676445447" lon="-72.6268592197"><ele>113.93</ele><time>2024-08-24T02:49:35Z</time></trkpt><trkpt lat="-39.3671008945" lon="-72.6273336355"><ele>112.74</ele><time>2024-08-24T02:49:49Z</time></trkpt><trkpt lat="-39.3670365214" lon="-72.6274461206"><ele>112.92</ele><time>2024-08-24T02:49:52Z</time></trkpt><trkpt lat="-39.3670256250" lon="-72.6274990942"><ele>112.70</ele><time>2024-08-24T02:49:53Z</time></trkpt><trkpt lat="-39.3670287263" lon="-72.6275589410"><ele>112.82</ele><time>2024-08-24T02:49:54Z</time></trkpt><trkpt lat="-39.3670503516" lon="-72.6276198775"><ele>113.34</ele><time>2024-08-24T02:49:55Z</time></trkpt><trkpt lat="-39.3670824543" lon="-72.6276833285"><ele>113.39</ele><time>2024-08-24T02:49:56Z</time></trkpt><trkpt lat="-39.3671193346" lon="-72.6277497970"><ele>113.19</ele><time>2024-08-24T02:49:57Z</time></trkpt><trkpt lat="-39.3675947562" lon="-72.6285352651"><ele>112.86</ele><time>2024-08-24T02:50:09Z</time></trkpt><trkpt lat="-39.3676321395" lon="-72.6285590697"><ele>113.04</ele><time>2024-08-24T02:50:10Z</time></trkpt><trkpt lat="-39.3676750548" lon="-72.6285670325"><ele>113.03</ele><time>2024-08-24T02:50:11Z</time></trkpt><trkpt lat="-39.3677256815" lon="-72.6285480056"><ele>113.40</ele><time>2024-08-24T02:50:12Z</time></trkpt><trkpt lat="-39.3677794095" lon="-72.6285185013"><ele>113.28</ele><time>2024-08-24T02:50:13Z</time></trkpt><trkpt lat="-39.3678323831" lon="-72.6284742448"><ele>113.44</ele><time>2024-08-24T02:50:14Z</time></trkpt><trkpt lat="-39.3678858597" lon="-72.6284199301"><ele>113.49</ele><time>2024-08-24T02:50:15Z</time></trkpt><trkpt lat="-39.3686897680" lon="-72.6275814045"><ele>114.26</ele><time>2024-08-24T02:50:29Z</time></trkpt><trkpt lat="-39.3693901598" lon="-72.6269256044"><ele>114.74</ele><time>2024-08-24T02:50:43Z</time></trkpt><trkpt lat="-39.3697191495" lon="-72.6266034879"><ele>115.06</ele><time>2024-08-24T02:50:51Z</time></trkpt><trkpt lat="-39.3702827487" lon="-72.6260305010"><ele>114.68</ele><time>2024-08-24T02:51:02Z</time></trkpt><trkpt lat="-39.3703764584" lon="-72.6260357816"><ele>114.53</ele><time>2024-08-24T02:51:05Z</time></trkpt><trkpt lat="-39.3704182841" lon="-72.6260729972"><ele>114.66</ele><time>2024-08-24T02:51:06Z</time></trkpt><trkpt lat="-39.3704591878" lon="-72.6261262223"><ele>114.67</ele><time>2024-08-24T02:51:07Z</time></trkpt><trkpt lat="-39.3705039471" lon="-72.6261966303"><ele>114.66</ele><time>2024-08-24T02:51:08Z</time></trkpt><trkpt lat="-39.3705506343" lon="-72.6262698043"><ele>114.55</ele><time>2024-08-24T02:51:09Z</time></trkpt><trkpt lat="-39.3710853159" lon="-72.6273112558"><ele>112.21</ele><time>2024-08-24T02:51:23Z</time></trkpt><trkpt lat="-39.3713177461" lon="-72.6277238131"><ele>110.19</ele><time>2024-08-24T02:51:28Z</time></trkpt><trkpt lat="-39.3716098554" lon="-72.6282203570"><ele>108.46</ele><time>2024-08-24T02:51:36Z</time></trkpt><trkpt lat="-39.3716221768" lon="-72.6282688882"><ele>108.40</ele><time>2024-08-24T02:51:37Z</time></trkpt><trkpt lat="-39.3716207519" lon="-72.6283205207"><ele>108.64</ele><time>2024-08-24T02:51:38Z</time></trkpt><trkpt lat="-39.3716030661" lon="-72.6283745002"><ele>108.81</ele><time>2024-08-24T02:51:39Z</time></trkpt><trkpt lat="-39.3715745676" lon="-72.6284244563"><ele>108.92</ele><time>2024-08-24T02:51:40Z</time></trkpt><trkpt lat="-39.3715278804" lon="-72.6284783520"><ele>109.14</ele><time>2024-08-24T02:51:41Z</time></trkpt><trkpt lat="-39.3714711349" lon="-72.6285361033"><ele>109.36</ele><time>2024-08-24T02:51:42Z</time></trkpt><trkpt lat="-39.3714060076" lon="-72.6285927650"><ele>109.84</ele><time>2024-08-24T02:51:43Z</time></trkpt><trkpt lat="-39.3713457417" lon="-72.6286562998"><ele>110.26</ele><time>2024-08-24T02:51:44Z</time></trkpt><trkpt lat="-39.3709674664" lon="-72.6289966889"><ele>113.44</ele><time>2024-08-24T02:51:51Z</time></trkpt><trkpt lat="-39.3708453421" lon="-72.6290901471"><ele>114.05</ele><time>2024-08-24T02:51:58Z</time></trkpt><trkpt lat="-39.3704812322" lon="-72.6294227410"><ele>114.07</ele><time>2024-08-24T02:52:05Z</time></trkpt><trkpt lat="-39.3696685228" lon="-72.6301961392"><ele>113.90</ele><time>2024-08-24T02:52:19Z</time></trkpt><trkpt lat="-39.3691363558" lon="-72.6306392066"><ele>112.81</ele><time>2024-08-24T02:52:30Z</time></trkpt><trkpt lat="-39.3689115532" lon="-72.6308699604"><ele>112.82</ele><time>2024-08-24T02:52:39Z</time></trkpt><trkpt lat="-39.3683507200" lon="-72.6313862856"><ele>112.70</ele><time>2024-08-24T02:52:52Z</time></trkpt><trkpt lat="-39.3681811541" lon="-72.6315387525"><ele>112.43</ele><time>2024-08-24T02:53:02Z</time></trkpt><trkpt lat="-39.3682236504" lon="-72.6314932387"><ele>112.51</ele><time>2024-08-24T02:53:05Z</time></trkpt><trkpt lat="-39.3683624547" lon="-72.6313485671"><ele>112.53</ele><time>2024-08-24T02:53:19Z</time></trkpt><trkpt lat="-39.3683663104" lon="-72.6313416939"><ele>112.56</ele><time>2024-08-24T02:53:20Z</time></trkpt><trkpt lat="-39.3684070464" lon="-72.6312828530"><ele>112.58</ele><time>2024-08-24T02:53:25Z</time></trkpt><trkpt lat="-39.3685174361" lon="-72.6311990339"><ele>112.93</ele><time>2024-08-24T02:53:36Z</time></trkpt><trkpt lat="-39.3688673805" lon="-72.6308515202"><ele>112.57</ele><time>2024-08-24T02:53:46Z</time></trkpt><trkpt lat="-39.3689291552" lon="-72.6306861453"><ele>113.16</ele><time>2024-08-24T02:53:50Z</time></trkpt><trkpt lat="-39.3689170014" lon="-72.6306249574"><ele>113.32</ele><time>2024-08-24T02:53:51Z</time></trkpt><trkpt lat="-39.3688931130" lon="-72.6305636857"><ele>113.29</ele><time>2024-08-24T02:53:52Z</time></trkpt><trkpt lat="-39.3688578252" lon="-72.6304957084"><ele>113.20</ele><time>2024-08-24T02:53:53Z</time></trkpt><trkpt lat="-39.3688201066" lon="-72.6304248814"><ele>113.18</ele><time>2024-08-24T02:53:54Z</time></trkpt><trkpt lat="-39.3684083037" lon="-72.6297116652"><ele>112.79</ele><time>2024-08-24T02:54:04Z</time></trkpt><trkpt lat="-39.3683731835" lon="-72.6296761259"><ele>112.95</ele><time>2024-08-24T02:54:05Z</time></trkpt><trkpt lat="-39.3683311064" lon="-72.6296556741"><ele>113.20</ele><time>2024-08-24T02:54:06Z</time></trkpt><trkpt lat="-39.3682869337" lon="-72.6296489686"><ele>113.22</ele><time>2024-08-24T02:54:07Z</time></trkpt><trkpt lat="-39.3682432640" lon="-72.6296612900"><ele>113.15</ele><time>2024-08-24T02:54:08Z</time></trkpt><trkpt lat="-39.3681922182" lon="-72.6296861004"><ele>112.99</ele><time>2024-08-24T02:54:09Z</time></trkpt><trkpt lat="-39.3681420106" lon="-72.6297224779"><ele>113.33</ele><time>2024-08-24T02:54:10Z</time></trkpt><trkpt lat="-39.3680930603" lon="-72.6297677401"><ele>113.31</ele><time>2024-08-24T02:54:11Z</time></trkpt><trkpt lat="-39.3680447806" lon="-72.6298172772"><ele>113.47</ele><time>2024-08-24T02:54:12Z</time></trkpt><trkpt lat="-39.3675547745" lon="-72.6303268969"><ele>112.89</ele><time>2024-08-24T02:54:25Z</time></trkpt><trkpt lat="-39.3675308861" lon="-72.6303701475"><ele>112.92</ele><time>2024-08-24T02:54:33Z</time></trkpt><trkpt lat="-39.3675862066" lon="-72.6303781942"><ele>112.93</ele><time>2024-08-24T02:54:45Z</time></trkpt><trkpt lat="-39.3676997814" lon="-72.6302502863"><ele>112.90</ele><time>2024-08-24T02:55:08Z</time></trkpt><trkpt lat="-39.3677613046" lon="-72.6302262302"><ele>113.19</ele><time>2024-08-24T02:55:12Z</time></trkpt><trkpt lat="-39.3678653240" lon="-72.6301362924"><ele>113.29</ele><time>2024-08-24T02:55:15Z</time></trkpt><trkpt lat="-39.3682276737" lon="-72.6297845878"><ele>112.90</ele><time>2024-08-24T02:55:25Z</time></trkpt><trkpt lat="-39.3682719301" lon="-72.6297132578"><ele>112.78</ele><time>2024-08-24T02:55:35Z</time></trkpt><trkpt lat="-39.3682933040" lon="-72.6296235714"><ele>113.07</ele><time>2024-08-24T02:55:37Z</time></trkpt><trkpt lat="-39.3682830781" lon="-72.6295620482"><ele>113.68</ele><time>2024-08-24T02:55:38Z</time></trkpt><trkpt lat="-39.3682608660" lon="-72.6294895448"><ele>113.78</ele><time>2024-08-24T02:55:39Z</time></trkpt><trkpt lat="-39.3682241533" lon="-72.6294132695"><ele>113.77</ele><time>2024-08-24T02:55:40Z</time></trkpt><trkpt lat="-39.3681777176" lon="-72.6293304563"><ele>113.72</ele><time>2024-08-24T02:55:41Z</time></trkpt><trkpt lat="-39.3681265879" lon="-72.6292419434"><ele>113.80</ele><time>2024-08-24T02:55:42Z</time></trkpt><trkpt lat="-39.3672796804" lon="-72.6277507190"><ele>113.73</ele><time>2024-08-24T02:55:56Z</time></trkpt><trkpt lat="-39.3663209584" lon="-72.6260463428"><ele>114.90</ele><time>2024-08-24T02:56:10Z</time></trkpt><trkpt lat="-39.3658720236" lon="-72.6252578571"><ele>114.34</ele><time>2024-08-24T02:56:19Z</time></trkpt><trkpt lat="-39.3658301979" lon="-72.6252048835"><ele>114.16</ele><time>2024-08-24T02:56:26Z</time></trkpt><trkpt lat="-39.3658017833" lon="-72.6251716074"><ele>114.31</ele><time>2024-08-24T02:56:31Z</time></trkpt><trkpt lat="-39.3657573592" lon="-72.6251449529"><ele>114.62</ele><time>2024-08-24T02:56:33Z</time></trkpt><trkpt lat="-39.3657271005" lon="-72.6251357328"><ele>114.71</ele><time>2024-08-24T02:56:34Z</time></trkpt><trkpt lat="-39.3656908907" lon="-72.6251410134"><ele>114.65</ele><time>2024-08-24T02:56:35Z</time></trkpt><trkpt lat="-39.3656486459" lon="-72.6251644827"><ele>114.75</ele><time>2024-08-24T02:56:36Z</time></trkpt><trkpt lat="-39.3656041380" lon="-72.6252002735"><ele>114.91</ele><time>2024-08-24T02:56:37Z</time></trkpt><trkpt lat="-39.3655565288" lon="-72.6252433565"><ele>115.22</ele><time>2024-08-24T02:56:38Z</time></trkpt><trkpt lat="-39.3649428897" lon="-72.6258294191"><ele>114.80</ele><time>2024-08-24T02:56:50Z</time></trkpt><trkpt lat="-39.3648719788" lon="-72.6258854941"><ele>114.47</ele><time>2024-08-24T02:56:58Z</time></trkpt><trkpt lat="-39.3648402113" lon="-72.6259219553"><ele>114.54</ele><time>2024-08-24T02:57:04Z</time></trkpt><trkpt lat="-39.3648397084" lon="-72.6262667030"><ele>114.75</ele><time>2024-08-24T02:57:15Z</time></trkpt><trkpt lat="-39.3653447181" lon="-72.6271649916"><ele>114.13</ele><time>2024-08-24T02:57:30Z</time></trkpt><trkpt lat="-39.3659240752" lon="-72.6281819679"><ele>113.86</ele><time>2024-08-24T02:57:44Z</time></trkpt><trkpt lat="-39.3666709028" lon="-72.6294250879"><ele>113.43</ele><time>2024-08-24T02:58:00Z</time></trkpt><trkpt lat="-39.3673210032" lon="-72.6305463351"><ele>112.94</ele><time>2024-08-24T02:58:15Z</time></trkpt><trkpt lat="-39.3679286912" lon="-72.6316042989"><ele>112.56</ele><time>2024-08-24T02:58:31Z</time></trkpt><trkpt lat="-39.3679700140" lon="-72.6317011099"><ele>112.53</ele><time>2024-08-24T02:58:33Z</time></trkpt><trkpt lat="-39.3679788150" lon="-72.6317456178"><ele>112.46</ele><time>2024-08-24T02:58:34Z</time></trkpt><trkpt lat="-39.3679753784" lon="-72.6317856833"><ele>112.51</ele><time>2024-08-24T02:58:35Z</time></trkpt><trkpt lat="-39.3679579441" lon="-72.6318243239"><ele>112.60</ele><time>2024-08-24T02:58:36Z</time></trkpt><trkpt lat="-39.3679208122" lon="-72.6318629645"><ele>112.52</ele><time>2024-08-24T02:58:37Z</time></trkpt><trkpt lat="-39.3678652402" lon="-72.6319099031"><ele>112.48</ele><time>2024-08-24T02:58:38Z</time></trkpt><trkpt lat="-39.3678100035" lon="-72.6319554169"><ele>112.50</ele><time>2024-08-24T02:58:39Z</time></trkpt><trkpt lat="-39.3672842905" lon="-72.6323688962"><ele>111.98</ele><time>2024-08-24T02:58:50Z</time></trkpt><trkpt lat="-39.3672572169" lon="-72.6323568262"><ele>111.84</ele><time>2024-08-24T02:58:51Z</time></trkpt><trkpt lat="-39.3672293052" lon="-72.6323348656"><ele>112.38</ele><time>2024-08-24T02:58:52Z</time></trkpt><trkpt lat="-39.3668664526" lon="-72.6319538243"><ele>112.32</ele><time>2024-08-24T02:59:04Z</time></trkpt><trkpt lat="-39.3665613513" lon="-72.6314554363"><ele>112.32</ele><time>2024-08-24T02:59:17Z</time></trkpt><trkpt lat="-39.3666473497" lon="-72.6312784106"><ele>112.52</ele><time>2024-08-24T02:59:22Z</time></trkpt><trkpt lat="-39.3671816122" lon="-72.6307569724"><ele>112.93</ele><time>2024-08-24T02:59:32Z</time></trkpt><trkpt lat="-39.3672857154" lon="-72.6306514442"><ele>112.57</ele><time>2024-08-24T02:59:39Z</time></trkpt><trkpt lat="-39.3673245236" lon="-72.6306465827"><ele>112.66</ele><time>2024-08-24T02:59:46Z</time></trkpt><trkpt lat="-39.3673427962" lon="-72.6306542940"><ele>112.71</ele><time>2024-08-24T02:59:47Z</time></trkpt><trkpt lat="-39.3673653435" lon="-72.6306724828"><ele>112.84</ele><time>2024-08-24T02:59:48Z</time></trkpt><trkpt lat="-39.3673956022" lon="-72.6307118777"><ele>112.91</ele><time>2024-08-24T02:59:49Z</time></trkpt><trkpt lat="-39.3674300518" lon="-72.6307670306"><ele>113.07</ele><time>2024-08-24T02:59:50Z</time></trkpt><trkpt lat="-39.3674733024" lon="-72.6308386959"><ele>113.19</ele><time>2024-08-24T02:59:51Z</time></trkpt><trkpt lat="-39.3679789826" lon="-72.6317140181"><ele>112.75</ele><time>2024-08-24T03:00:03Z</time></trkpt><trkpt lat="-39.3681933917" lon="-72.6320369728"><ele>112.73</ele><time>2024-08-24T03:00:13Z</time></trkpt><trkpt lat="-39.3682021927" lon="-72.6320414152"><ele>112.60</ele><time>2024-08-24T03:00:32Z</time></trkpt><trkpt lat="-39.3682114128" lon="-72.6320425887"><ele>112.49</ele><time>2024-08-24T03:00:59Z</time></trkpt><trkpt lat="-39.3682312779" lon="-72.6320976578"><ele>112.61</ele><time>2024-08-24T03:01:21Z</time></trkpt><trkpt lat="-39.3682394084" lon="-72.6321228873"><ele>112.78</ele><time>2024-08-24T03:01:22Z</time></trkpt><trkpt lat="-39.3682756182" lon="-72.6322032697"><ele>112.67</ele><time>2024-08-24T03:01:24Z</time></trkpt><trkpt lat="-39.3686119840" lon="-72.6327489316"><ele>111.93</ele><time>2024-08-24T03:01:35Z</time></trkpt><trkpt lat="-39.3686459307" lon="-72.6327771787"><ele>112.62</ele><time>2024-08-24T03:01:36Z</time></trkpt><trkpt lat="-39.3686882593" lon="-72.6327890810"><ele>112.90</ele><time>2024-08-24T03:01:37Z</time></trkpt><trkpt lat="-39.3687375449" lon="-72.6327807829"><ele>112.87</ele><time>2024-08-24T03:01:38Z</time></trkpt><trkpt lat="-39.3687914405" lon="-72.6327516977"><ele>113.66</ele><time>2024-08-24T03:01:39Z</time></trkpt><trkpt lat="-39.3688440789" lon="-72.6327067707"><ele>113.48</ele><time>2024-08-24T03:01:40Z</time></trkpt><trkpt lat="-39.3688966334" lon="-72.6326573174"><ele>113.27</ele><time>2024-08-24T03:01:41Z</time></trkpt><trkpt lat="-39.3694315664" lon="-72.6321373042"><ele>113.05</ele><time>2024-08-24T03:01:52Z</time></trkpt><trkpt lat="-39.3695111945" lon="-72.6320272498"><ele>113.11</ele><time>2024-08-24T03:02:01Z</time></trkpt><trkpt lat="-39.3695158884" lon="-72.6319851726"><ele>113.30</ele><time>2024-08-24T03:02:16Z</time></trkpt><trkpt lat="-39.3695329875" lon="-72.6319689956"><ele>113.27</ele><time>2024-08-24T03:02:17Z</time></trkpt><trkpt lat="-39.3695924152" lon="-72.6319184527"><ele>113.44</ele><time>2024-08-24T03:02:19Z</time></trkpt><trkpt lat="-39.3701514881" lon="-72.6313793287"><ele>114.06</ele><time>2024-08-24T03:02:30Z</time></trkpt><trkpt lat="-39.3710045144" lon="-72.6305703912"><ele>113.97</ele><time>2024-08-24T03:02:45Z</time></trkpt><trkpt lat="-39.3717681058" lon="-72.6298356336"><ele>113.48</ele><time>2024-08-24T03:02:58Z</time></trkpt><trkpt lat="-39.3720574491" lon="-72.6295686699"><ele>108.86</ele><time>2024-08-24T03:03:03Z</time></trkpt><trkpt lat="-39.3721056450" lon="-72.6295220666"><ele>108.67</ele><time>2024-08-24T03:03:04Z</time></trkpt><trkpt lat="-39.3722481374" lon="-72.6294069830"><ele>108.35</ele><time>2024-08-24T03:03:08Z</time></trkpt><trkpt lat="-39.3722868618" lon="-72.6294115093"><ele>108.41</ele><time>2024-08-24T03:03:09Z</time></trkpt><trkpt lat="-39.3723245803" lon="-72.6294325478"><ele>108.37</ele><time>2024-08-24T03:03:10Z</time></trkpt><trkpt lat="-39.3723625503" lon="-72.6294703502"><ele>108.33</ele><time>2024-08-24T03:03:11Z</time></trkpt><trkpt lat="-39.3724032026" lon="-72.6295243297"><ele>108.17</ele><time>2024-08-24T03:03:12Z</time></trkpt><trkpt lat="-39.3724455312" lon="-72.6295887027"><ele>108.36</ele><time>2024-08-24T03:03:13Z</time></trkpt><trkpt lat="-39.3728813902" lon="-72.6303767692"><ele>107.47</ele><time>2024-08-24T03:03:24Z</time></trkpt><trkpt lat="-39.3728967290" lon="-72.6304418128"><ele>107.61</ele><time>2024-08-24T03:03:26Z</time></trkpt><trkpt lat="-39.3728880119" lon="-72.6304838900"><ele>107.66</ele><time>2024-08-24T03:03:27Z</time></trkpt><trkpt lat="-39.3728678953" lon="-72.6305326726"><ele>107.53</ele><time>2024-08-24T03:03:28Z</time></trkpt><trkpt lat="-39.3728305120" lon="-72.6305854786"><ele>107.72</ele><time>2024-08-24T03:03:29Z</time></trkpt><trkpt lat="-39.3727781251" lon="-72.6306406315"><ele>108.34</ele><time>2024-08-24T03:03:30Z</time></trkpt><trkpt lat="-39.3727148417" lon="-72.6307021547"><ele>108.34</ele><time>2024-08-24T03:03:31Z</time></trkpt><trkpt lat="-39.3721664976" lon="-72.6312286220"><ele>109.60</ele><time>2024-08-24T03:03:40Z</time></trkpt><trkpt lat="-39.3721302040" lon="-72.6312592998"><ele>109.79</ele><time>2024-08-24T03:03:41Z</time></trkpt><trkpt lat="-39.3716130406" lon="-72.6317586098"><ele>112.04</ele><time>2024-08-24T03:03:51Z</time></trkpt><trkpt lat="-39.3711465038" lon="-72.6322134119"><ele>114.50</ele><time>2024-08-24T03:04:01Z</time></trkpt><trkpt lat="-39.3704602774" lon="-72.6328630093"><ele>113.89</ele><time>2024-08-24T03:04:13Z</time></trkpt><trkpt lat="-39.3703607842" lon="-72.6329448167"><ele>113.67</ele><time>2024-08-24T03:04:21Z</time></trkpt><trkpt lat="-39.3703373149" lon="-72.6329659391"><ele>113.71</ele><time>2024-08-24T03:04:23Z</time></trkpt><trkpt lat="-39.3702810723" lon="-72.6330189127"><ele>113.88</ele><time>2024-08-24T03:04:26Z</time></trkpt><trkpt lat="-39.3698572833" lon="-72.6334315538"><ele>113.81</ele><time>2024-08-24T03:04:36Z</time></trkpt><trkpt lat="-39.3694386911" lon="-72.6338234916"><ele>112.50</ele><time>2024-08-24T03:04:46Z</time></trkpt><trkpt lat="-39.3693368509" lon="-72.6339922193"><ele>112.68</ele><time>2024-08-24T03:04:51Z</time></trkpt><trkpt lat="-39.3693360966" lon="-72.6340503898"><ele>112.76</ele><time>2024-08-24T03:04:52Z</time></trkpt><trkpt lat="-39.3693531118" lon="-72.6341140922"><ele>112.86</ele><time>2024-08-24T03:04:53Z</time></trkpt><trkpt lat="-39.3693860527" lon="-72.6341710892"><ele>112.89</ele><time>2024-08-24T03:04:54Z</time></trkpt><trkpt lat="-39.3694286328" lon="-72.6342369709"><ele>113.02</ele><time>2024-08-24T03:04:55Z</time></trkpt><trkpt lat="-39.3694743980" lon="-72.6343096420"><ele>113.15</ele><time>2024-08-24T03:04:56Z</time></trkpt><trkpt lat="-39.3698734604" lon="-72.6349603292"><ele>112.84</ele><time>2024-08-24T03:05:05Z</time></trkpt><trkpt lat="-39.3699136097" lon="-72.6349936891"><ele>112.76</ele><time>2024-08-24T03:05:06Z</time></trkpt><trkpt lat="-39.3699505739" lon="-72.6350185834"><ele>112.75</ele><time>2024-08-24T03:05:07Z</time></trkpt><trkpt lat="-39.3699932378" lon="-72.6350173261"><ele>112.88</ele><time>2024-08-24T03:05:08Z</time></trkpt><trkpt lat="-39.3700438645" lon="-72.6349925995"><ele>112.84</ele><time>2024-08-24T03:05:09Z</time></trkpt><trkpt lat="-39.3700964190" lon="-72.6349580660"><ele>112.76</ele><time>2024-08-24T03:05:10Z</time></trkpt><trkpt lat="-39.3701521587" lon="-72.6349097863"><ele>112.93</ele><time>2024-08-24T03:05:11Z</time></trkpt><trkpt lat="-39.3702094909" lon="-72.6348516159"><ele>113.20</ele><time>2024-08-24T03:05:12Z</time></trkpt><trkpt lat="-39.3702691700" lon="-72.6347931940"><ele>113.35</ele><time>2024-08-24T03:05:13Z</time></trkpt><trkpt lat="-39.3707724195" lon="-72.6342720911"><ele>113.61</ele><time>2024-08-24T03:05:24Z</time></trkpt><trkpt lat="-39.3707966432" lon="-72.6342394855"><ele>113.80</ele><time>2024-08-24T03:05:26Z</time></trkpt><trkpt lat="-39.3710876629" lon="-72.6339828316"><ele>114.29</ele><time>2024-08-24T03:05:34Z</time></trkpt><trkpt lat="-39.3716886453" lon="-72.6333948411"><ele>111.50</ele><time>2024-08-24T03:05:46Z</time></trkpt><trkpt lat="-39.3718495779" lon="-72.6332485769"><ele>110.68</ele><time>2024-08-24T03:05:52Z</time></trkpt><trkpt lat="-39.3724420108" lon="-72.6326934434"><ele>110.27</ele><time>2024-08-24T03:06:02Z</time></trkpt><trkpt lat="-39.3727303483" lon="-72.6324092131"><ele>109.98</ele><time>2024-08-24T03:06:10Z</time></trkpt><trkpt lat="-39.3733267207" lon="-72.6318355557"><ele>108.86</ele><time>2024-08-24T03:06:20Z</time></trkpt><trkpt lat="-39.3734594062" lon="-72.6316946559"><ele>108.84</ele><time>2024-08-24T03:06:23Z</time></trkpt><trkpt lat="-39.3734915927" lon="-72.6316596195"><ele>108.71</ele><time>2024-08-24T03:06:24Z</time></trkpt><trkpt lat="-39.3739334028" lon="-72.6312038116"><ele>107.93</ele><time>2024-08-24T03:06:33Z</time></trkpt><trkpt lat="-39.3741364963" lon="-72.6310092676"><ele>107.21</ele><time>2024-08-24T03:06:37Z</time></trkpt><trkpt lat="-39.3744903803" lon="-72.6307151467"><ele>107.93</ele><time>2024-08-24T03:06:47Z</time></trkpt><trkpt lat="-39.3749686517" lon="-72.6302294154"><ele>107.51</ele><time>2024-08-24T03:06:57Z</time></trkpt><trkpt lat="-39.3752234615" lon="-72.6299793832"><ele>106.40</ele><time>2024-08-24T03:07:02Z</time></trkpt><trkpt lat="-39.3752679694" lon="-72.6299519744"><ele>106.38</ele><time>2024-08-24T03:07:03Z</time></trkpt><trkpt lat="-39.3753123935" lon="-72.6299415808"><ele>106.46</ele><time>2024-08-24T03:07:04Z</time></trkpt><trkpt lat="-39.3753579911" lon="-72.6299611107"><ele>106.68</ele><time>2024-08-24T03:07:05Z</time></trkpt><trkpt lat="-39.3753942009" lon="-72.6300125755"><ele>106.91</ele><time>2024-08-24T03:07:06Z</time></trkpt><trkpt lat="-39.3754299078" lon="-72.6300747693"><ele>106.92</ele><time>2024-08-24T03:07:07Z</time></trkpt><trkpt lat="-39.3754675426" lon="-72.6301406510"><ele>106.93</ele><time>2024-08-24T03:07:08Z</time></trkpt><trkpt lat="-39.3758844584" lon="-72.6308980398"><ele>106.86</ele><time>2024-08-24T03:07:18Z</time></trkpt><trkpt lat="-39.3759038206" lon="-72.6309576351"><ele>106.78</ele><time>2024-08-24T03:07:19Z</time></trkpt><trkpt lat="-39.3759110291" lon="-72.6310110278"><ele>106.83</ele><time>2024-08-24T03:07:20Z</time></trkpt><trkpt lat="-39.3759031501" lon="-72.6310655102"><ele>106.91</ele><time>2024-08-24T03:07:21Z</time></trkpt><trkpt lat="-39.3758712150" lon="-72.6311237644"><ele>107.13</ele><time>2024-08-24T03:07:22Z</time></trkpt><trkpt lat="-39.3758290540" lon="-72.6311790850"><ele>107.11</ele><time>2024-08-24T03:07:23Z</time></trkpt><trkpt lat="-39.3757739011" lon="-72.6312396023"><ele>107.41</ele><time>2024-08-24T03:07:24Z</time></trkpt><trkpt lat="-39.3757127970" lon="-72.6313036401"><ele>107.32</ele><time>2024-08-24T03:07:25Z</time></trkpt><trkpt lat="-39.3750587571" lon="-72.6319699176"><ele>107.61</ele><time>2024-08-24T03:07:37Z</time></trkpt><trkpt lat="-39.3743588682" lon="-72.6326434873"><ele>108.07</ele><time>2024-08-24T03:07:48Z</time></trkpt><trkpt lat="-39.3741291203" lon="-72.6328768395"><ele>108.93</ele><time>2024-08-24T03:07:55Z</time></trkpt><trkpt lat="-39.3734883238" lon="-72.6334691886"><ele>109.41</ele><time>2024-08-24T03:08:06Z</time></trkpt><trkpt lat="-39.3730227090" lon="-72.6339143515"><ele>109.91</ele><time>2024-08-24T03:08:15Z</time></trkpt><trkpt lat="-39.3721684255" lon="-72.6347193494"><ele>110.40</ele><time>2024-08-24T03:08:29Z</time></trkpt><trkpt lat="-39.3716474902" lon="-72.6352306455"><ele>111.92</ele><time>2024-08-24T03:08:39Z</time></trkpt><trkpt lat="-39.3711935263" lon="-72.6356862020"><ele>113.07</ele><time>2024-08-24T03:08:49Z</time></trkpt><trkpt lat="-39.3707252294" lon="-72.6361343823"><ele>113.29</ele><time>2024-08-24T03:09:00Z</time></trkpt><trkpt lat="-39.3706422485" lon="-72.6362673193"><ele>113.52</ele><time>2024-08-24T03:09:04Z</time></trkpt><trkpt lat="-39.3706395663" lon="-72.6363254059"><ele>113.55</ele><time>2024-08-24T03:09:05Z</time></trkpt><trkpt lat="-39.3706487026" lon="-72.6363894437"><ele>113.57</ele><time>2024-08-24T03:09:06Z</time></trkpt><trkpt lat="-39.3706741836" lon="-72.6364469435"><ele>113.60</ele><time>2024-08-24T03:09:07Z</time></trkpt><trkpt lat="-39.3707096390" lon="-72.6365027670"><ele>113.55</ele><time>2024-08-24T03:09:08Z</time></trkpt><trkpt lat="-39.3707500398" lon="-72.6365693193"><ele>113.53</ele><time>2024-08-24T03:09:09Z</time></trkpt><trkpt lat="-39.3712717295" lon="-72.6373884827"><ele>112.67</ele><time>2024-08-24T03:09:21Z</time></trkpt><trkpt lat="-39.3713148963" lon="-72.6374191605"><ele>112.63</ele><time>2024-08-24T03:09:22Z</time></trkpt><trkpt lat="-39.3713594042" lon="-72.6374319009"><ele>112.58</ele><time>2024-08-24T03:09:23Z</time></trkpt><trkpt lat="-39.3714024872" lon="-72.6374239381"><ele>112.32</ele><time>2024-08-24T03:09:24Z</time></trkpt><trkpt lat="-39.3714438938" lon="-72.6374022290"><ele>112.28</ele><time>2024-08-24T03:09:25Z</time></trkpt><trkpt lat="-39.3714872282" lon="-72.6373680308"><ele>112.17</ele><time>2024-08-24T03:09:26Z</time></trkpt><trkpt lat="-39.3715296406" lon="-72.6373261213"><ele>112.22</ele><time>2024-08-24T03:09:27Z</time></trkpt><trkpt lat="-39.3715752382" lon="-72.6372775901"><ele>112.05</ele><time>2024-08-24T03:09:28Z</time></trkpt><trkpt lat="-39.3723657355" lon="-72.6364766993"><ele>109.73</ele><time>2024-08-24T03:09:43Z</time></trkpt><trkpt lat="-39.3732481822" lon="-72.6356059872"><ele>109.04</ele><time>2024-08-24T03:09:57Z</time></trkpt><trkpt lat="-39.3740504980" lon="-72.6348324213"><ele>109.19</ele><time>2024-08-24T03:10:11Z</time></trkpt><trkpt lat="-39.3746587727" lon="-72.6342429221"><ele>108.72</ele><time>2024-08-24T03:10:23Z</time></trkpt><trkpt lat="-39.3757889885" lon="-72.6331636682"><ele>107.59</ele><time>2024-08-24T03:10:41Z</time></trkpt><trkpt lat="-39.3768315297" lon="-72.6320392359"><ele>109.60</ele><time>2024-08-24T03:10:58Z</time></trkpt><trkpt lat="-39.3777422234" lon="-72.6311443001"><ele>110.24</ele><time>2024-08-24T03:11:13Z</time></trkpt><trkpt lat="-39.3779702112" lon="-72.6309328247"><ele>109.76</ele><time>2024-08-24T03:11:21Z</time></trkpt><trkpt lat="-39.3780801818" lon="-72.6308444794"><ele>109.96</ele><time>2024-08-24T03:11:24Z</time></trkpt><trkpt lat="-39.3781310599" lon="-72.6308157295"><ele>110.00</ele><time>2024-08-24T03:11:25Z</time></trkpt><trkpt lat="-39.3781888951" lon="-72.6307919249"><ele>109.88</ele><time>2024-08-24T03:11:26Z</time></trkpt><trkpt lat="-39.3791166879" lon="-72.6304153260"><ele>108.75</ele><time>2024-08-24T03:11:39Z</time></trkpt><trkpt lat="-39.3801847938" lon="-72.6299489569"><ele>108.89</ele><time>2024-08-24T03:11:55Z</time></trkpt><trkpt lat="-39.3809194677" lon="-72.6296405029"><ele>109.68</ele><time>2024-08-24T03:12:07Z</time></trkpt><trkpt lat="-39.3817999866" lon="-72.6292138640"><ele>109.87</ele><time>2024-08-24T03:12:21Z</time></trkpt><trkpt lat="-39.3821285572" lon="-72.6290617324"><ele>109.96</ele><time>2024-08-24T03:12:30Z</time></trkpt><trkpt lat="-39.3828141131" lon="-72.6287678629"><ele>110.09</ele><time>2024-08-24T03:12:44Z</time></trkpt><trkpt lat="-39.3836451788" lon="-72.6284237858"><ele>110.95</ele><time>2024-08-24T03:12:58Z</time></trkpt><trkpt lat="-39.3837006669" lon="-72.6283444930"><ele>110.97</ele><time>2024-08-24T03:13:01Z</time></trkpt><trkpt lat="-39.3837016728" lon="-72.6283135638"><ele>110.90</ele><time>2024-08-24T03:13:02Z</time></trkpt><trkpt lat="-39.3836945482" lon="-72.6282782760"><ele>110.84</ele><time>2024-08-24T03:13:03Z</time></trkpt><trkpt lat="-39.3836780358" lon="-72.6282424014"><ele>110.93</ele><time>2024-08-24T03:13:04Z</time></trkpt><trkpt lat="-39.3836509623" lon="-72.6282127295"><ele>110.79</ele><time>2024-08-24T03:13:05Z</time></trkpt><trkpt lat="-39.3836168479" lon="-72.6281844825"><ele>110.78</ele><time>2024-08-24T03:13:06Z</time></trkpt><trkpt lat="-39.3835765310" lon="-72.6281485241"><ele>111.00</ele><time>2024-08-24T03:13:07Z</time></trkpt><trkpt lat="-39.3835349567" lon="-72.6281093806"><ele>110.96</ele><time>2024-08-24T03:13:08Z</time></trkpt><trkpt lat="-39.3832120858" lon="-72.6277317759"><ele>110.98</ele><time>2024-08-24T03:13:18Z</time></trkpt><trkpt lat="-39.3829260115" lon="-72.6276114117"><ele>110.60</ele><time>2024-08-24T03:13:26Z</time></trkpt><trkpt lat="-39.3824590556" lon="-72.6278159302"><ele>110.11</ele><time>2024-08-24T03:13:36Z</time></trkpt><trkpt lat="-39.3821477517" lon="-72.6279481966"><ele>109.45</ele><time>2024-08-24T03:13:47Z</time></trkpt><trkpt lat="-39.3819982186" lon="-72.6280336920"><ele>109.79</ele><time>2024-08-24T03:14:00Z</time></trkpt><trkpt lat="-39.3819067720" lon="-72.6280582510"><ele>109.83</ele><time>2024-08-24T03:14:10Z</time></trkpt><trkpt lat="-39.3816046882" lon="-72.6281828061"><ele>109.66</ele><time>2024-08-24T03:14:25Z</time></trkpt><trkpt lat="-39.3813362997" lon="-72.6283123065"><ele>109.68</ele><time>2024-08-24T03:14:39Z</time></trkpt><trkpt lat="-39.3813551590" lon="-72.6283893362"><ele>109.74</ele><time>2024-08-24T03:14:49Z</time></trkpt><trkpt lat="-39.3813625351" lon="-72.6284108777"><ele>109.75</ele><time>2024-08-24T03:14:50Z</time></trkpt><trkpt lat="-39.3813702464" lon="-72.6284329221"><ele>109.81</ele><time>2024-08-24T03:14:51Z</time></trkpt><trkpt lat="-39.3813784607" lon="-72.6284548827"><ele>109.73</ele><time>2024-08-24T03:14:52Z</time></trkpt><trkpt lat="-39.3813861720" lon="-72.6284824591"><ele>109.82</ele><time>2024-08-24T03:14:53Z</time></trkpt><trkpt lat="-39.3813978229" lon="-72.6285150647"><ele>109.87</ele><time>2024-08-24T03:14:54Z</time></trkpt><trkpt lat="-39.3814109825" lon="-72.6285547111"><ele>109.86</ele><time>2024-08-24T03:14:55Z</time></trkpt><trkpt lat="-39.3815203663" lon="-72.6289494149"><ele>110.17</ele><time>2024-08-24T03:15:06Z</time></trkpt><trkpt lat="-39.3815875892" lon="-72.6292481460"><ele>109.88</ele><time>2024-08-24T03:15:16Z</time></trkpt><trkpt lat="-39.3815702386" lon="-72.6292967610"><ele>109.94</ele><time>2024-08-24T03:15:21Z</time></trkpt><trkpt lat="-39.3815550674" lon="-72.6293183863"><ele>109.89</ele><time>2024-08-24T03:15:22Z</time></trkpt><trkpt lat="-39.3815260660" lon="-72.6293397602"><ele>109.94</ele><time>2024-08-24T03:15:23Z</time></trkpt><trkpt lat="-39.3814803846" lon="-72.6293587871"><ele>109.97</ele><time>2024-08-24T03:15:24Z</time></trkpt><trkpt lat="-39.3814370502" lon="-72.6293765567"><ele>109.91</ele><time>2024-08-24T03:15:25Z</time></trkpt><trkpt lat="-39.3809039611" lon="-72.6295773033"><ele>109.91</ele><time>2024-08-24T03:15:35Z</time></trkpt><trkpt lat="-39.3805031385" lon="-72.6297290158"><ele>109.47</ele><time>2024-08-24T03:15:44Z</time></trkpt><trkpt lat="-39.3804877158" lon="-72.6297217235"><ele>109.45</ele><time>2024-08-24T03:15:45Z</time></trkpt><trkpt lat="-39.3804699462" lon="-72.6297024451"><ele>109.57</ele><time>2024-08-24T03:15:46Z</time></trkpt><trkpt lat="-39.3804567866" lon="-72.6296747010"><ele>109.52</ele><time>2024-08-24T03:15:47Z</time></trkpt><trkpt lat="-39.3804459739" lon="-72.6296345517"><ele>109.59</ele><time>2024-08-24T03:15:48Z</time></trkpt><trkpt lat="-39.3804354127" lon="-72.6295791473"><ele>109.81</ele><time>2024-08-24T03:15:49Z</time></trkpt><trkpt lat="-39.3802129570" lon="-72.6287718862"><ele>110.33</ele><time>2024-08-24T03:16:00Z</time></trkpt><trkpt lat="-39.3800185807" lon="-72.6279064547"><ele>110.04</ele><time>2024-08-24T03:16:13Z</time></trkpt><trkpt lat="-39.3800361827" lon="-72.6278709155"><ele>110.11</ele><time>2024-08-24T03:16:14Z</time></trkpt><trkpt lat="-39.3800645135" lon="-72.6278362982"><ele>110.19</ele><time>2024-08-24T03:16:15Z</time></trkpt><trkpt lat="-39.3801089376" lon="-72.6278021000"><ele>110.19</ele><time>2024-08-24T03:16:16Z</time></trkpt><trkpt lat="-39.3801627494" lon="-72.6277754456"><ele>110.23</ele><time>2024-08-24T03:16:17Z</time></trkpt><trkpt lat="-39.3802231830" lon="-72.6277504675"><ele>110.27</ele><time>2024-08-24T03:16:18Z</time></trkpt><trkpt lat="-39.3810342159" lon="-72.6274230704"><ele>110.07</ele><time>2024-08-24T03:16:32Z</time></trkpt><trkpt lat="-39.3810558412" lon="-72.6273990143"><ele>110.00</ele><time>2024-08-24T03:16:33Z</time></trkpt><trkpt lat="-39.3810659833" lon="-72.6273692586"><ele>109.97</ele><time>2024-08-24T03:16:34Z</time></trkpt><trkpt lat="-39.3810657319" lon="-72.6273334678"><ele>110.04</ele><time>2024-08-24T03:16:35Z</time></trkpt><trkpt lat="-39.3810570985" lon="-72.6272914745"><ele>110.05</ele><time>2024-08-24T03:16:36Z</time></trkpt><trkpt lat="-39.3810436875" lon="-72.6272430271"><ele>110.26</ele><time>2024-08-24T03:16:37Z</time></trkpt><trkpt lat="-39.3810269237" lon="-72.6271873713"><ele>110.16</ele><time>2024-08-24T03:16:38Z</time></trkpt><trkpt lat="-39.3809984252" lon="-72.6270771492"><ele>110.24</ele><time>2024-08-24T03:16:40Z</time></trkpt><trkpt lat="-39.3809861876" lon="-72.6269538514"><ele>110.28</ele><time>2024-08-24T03:16:43Z</time></trkpt><trkpt lat="-39.3809973355" lon="-72.6269214973"><ele>110.41</ele><time>2024-08-24T03:16:44Z</time></trkpt><trkpt lat="-39.3810187094" lon="-72.6268967707"><ele>110.45</ele><time>2024-08-24T03:16:45Z</time></trkpt><trkpt lat="-39.3810477108" lon="-72.6268801745"><ele>110.44</ele><time>2024-08-24T03:16:46Z</time></trkpt><trkpt lat="-39.3810782209" lon="-72.6268658414"><ele>110.41</ele><time>2024-08-24T03:16:47Z</time></trkpt><trkpt lat="-39.3811030313" lon="-72.6268578786"><ele>110.30</ele><time>2024-08-24T03:16:48Z</time></trkpt><trkpt lat="-39.3811228964" lon="-72.6268522628"><ele>110.44</ele><time>2024-08-24T03:16:49Z</time></trkpt><trkpt lat="-39.3811774626" lon="-72.6268291287"><ele>110.49</ele><time>2024-08-24T03:16:55Z</time></trkpt><trkpt lat="-39.3811931368" lon="-72.6268191542"><ele>110.40</ele><time>2024-08-24T03:16:56Z</time></trkpt><trkpt lat="-39.3812113255" lon="-72.6268069167"><ele>110.42</ele><time>2024-08-24T03:16:57Z</time></trkpt><trkpt lat="-39.3812350463" lon="-72.6267918292"><ele>110.52</ele><time>2024-08-24T03:16:58Z</time></trkpt><trkpt lat="-39.3812642992" lon="-72.6267748978"><ele>110.59</ele><time>2024-08-24T03:16:59Z</time></trkpt><trkpt lat="-39.3816011678" lon="-72.6266617421"><ele>110.80</ele><time>2024-08-24T03:17:10Z</time></trkpt><trkpt lat="-39.3816170935" lon="-72.6266826969"><ele>110.85</ele><time>2024-08-24T03:17:11Z</time></trkpt><trkpt lat="-39.3816344440" lon="-72.6267117821"><ele>110.65</ele><time>2024-08-24T03:17:12Z</time></trkpt><trkpt lat="-39.3816455081" lon="-72.6267396938"><ele>110.79</ele><time>2024-08-24T03:17:13Z</time></trkpt><trkpt lat="-39.3816543929" lon="-72.6267724670"><ele>110.76</ele><time>2024-08-24T03:17:14Z</time></trkpt><trkpt lat="-39.3816624396" lon="-72.6268121134"><ele>110.74</ele><time>2024-08-24T03:17:15Z</time></trkpt><trkpt lat="-39.3817192689" lon="-72.6270379219"><ele>110.74</ele><time>2024-08-24T03:17:21Z</time></trkpt><trkpt lat="-39.3817151617" lon="-72.6270701084"><ele>110.61</ele><time>2024-08-24T03:17:22Z</time></trkpt><trkpt lat="-39.3817049358" lon="-72.6270982716"><ele>110.73</ele><time>2024-08-24T03:17:23Z</time></trkpt><trkpt lat="-39.3816816341" lon="-72.6271266025"><ele>110.68</ele><time>2024-08-24T03:17:24Z</time></trkpt><trkpt lat="-39.3816525489" lon="-72.6271498203"><ele>110.74</ele><time>2024-08-24T03:17:25Z</time></trkpt><trkpt lat="-39.3816102203" lon="-72.6271689311"><ele>110.92</ele><time>2024-08-24T03:17:26Z</time></trkpt><trkpt lat="-39.3815595098" lon="-72.6271874551"><ele>111.02</ele><time>2024-08-24T03:17:27Z</time></trkpt><trkpt lat="-39.3810646422" lon="-72.6274260879"><ele>110.20</ele><time>2024-08-24T03:17:38Z</time></trkpt><trkpt lat="-39.3809713516" lon="-72.6274720207"><ele>110.37</ele><time>2024-08-24T03:17:40Z</time></trkpt><trkpt lat="-39.3804430403" lon="-72.6276873518"><ele>110.44</ele><time>2024-08-24T03:17:50Z</time></trkpt><trkpt lat="-39.3804132007" lon="-72.6277145930"><ele>110.31</ele><time>2024-08-24T03:17:51Z</time></trkpt><trkpt lat="-39.3803935871" lon="-72.6277435943"><ele>110.20</ele><time>2024-08-24T03:17:52Z</time></trkpt><trkpt lat="-39.3803877197" lon="-72.6277730148"><ele>110.22</ele><time>2024-08-24T03:17:53Z</time></trkpt><trkpt lat="-39.3803892285" lon="-72.6278019324"><ele>110.21</ele><time>2024-08-24T03:17:54Z</time></trkpt><trkpt lat="-39.3803939223" lon="-72.6278325263"><ele>110.12</ele><time>2024-08-24T03:17:55Z</time></trkpt><trkpt lat="-39.3804031424" lon="-72.6278698258"><ele>110.25</ele><time>2024-08-24T03:17:56Z</time></trkpt><trkpt lat="-39.3804142065" lon="-72.6279163454"><ele>110.23</ele><time>2024-08-24T03:17:57Z</time></trkpt><trkpt lat="-39.3805862032" lon="-72.6285458263"><ele>110.74</ele><time>2024-08-24T03:18:08Z</time></trkpt><trkpt lat="-39.3808497302" lon="-72.6295172051"><ele>109.74</ele><time>2024-08-24T03:18:22Z</time></trkpt><trkpt lat="-39.3809034582" lon="-72.6296213921"><ele>109.61</ele><time>2024-08-24T03:18:26Z</time></trkpt><trkpt lat="-39.3809362315" lon="-72.6296303608"><ele>109.87</ele><time>2024-08-24T03:18:27Z</time></trkpt><trkpt lat="-39.3810502253" lon="-72.6296824962"><ele>109.94</ele><time>2024-08-24T03:18:31Z</time></trkpt><trkpt lat="-39.3810666539" lon="-72.6297260821"><ele>110.08</ele><time>2024-08-24T03:18:32Z</time></trkpt><trkpt lat="-39.3812810630" lon="-72.6304759271"><ele>110.01</ele><time>2024-08-24T03:18:42Z</time></trkpt><trkpt lat="-39.3813994154" lon="-72.6308723912"><ele>109.72</ele><time>2024-08-24T03:18:50Z</time></trkpt><trkpt lat="-39.3816460110" lon="-72.6317731943"><ele>109.08</ele><time>2024-08-24T03:19:02Z</time></trkpt><trkpt lat="-39.3816496152" lon="-72.6319068018"><ele>108.92</ele><time>2024-08-24T03:19:07Z</time></trkpt><trkpt lat="-39.3816396408" lon="-72.6319350488"><ele>108.95</ele><time>2024-08-24T03:19:08Z</time></trkpt><trkpt lat="-39.3816208653" lon="-72.6319573447"><ele>108.91</ele><time>2024-08-24T03:19:09Z</time></trkpt><trkpt lat="-39.3813715037" lon="-72.6322471909"><ele>108.75</ele><time>2024-08-24T03:19:17Z</time></trkpt><trkpt lat="-39.3813415803" lon="-72.6322464366"><ele>108.72</ele><time>2024-08-24T03:19:18Z</time></trkpt><trkpt lat="-39.3813105673" lon="-72.6322150882"><ele>108.77</ele><time>2024-08-24T03:19:19Z</time></trkpt><trkpt lat="-39.3812838290" lon="-72.6321630366"><ele>108.82</ele><time>2024-08-24T03:19:20Z</time></trkpt><trkpt lat="-39.3812592700" lon="-72.6320903655"><ele>109.08</ele><time>2024-08-24T03:19:21Z</time></trkpt><trkpt lat="-39.3812331185" lon="-72.6319980808"><ele>109.13</ele><time>2024-08-24T03:19:22Z</time></trkpt><trkpt lat="-39.3809503969" lon="-72.6309321541"><ele>109.51</ele><time>2024-08-24T03:19:34Z</time></trkpt><trkpt lat="-39.3806758057" lon="-72.6298361365"><ele>109.55</ele><time>2024-08-24T03:19:48Z</time></trkpt><trkpt lat="-39.3805587944" lon="-72.6297322009"><ele>109.56</ele><time>2024-08-24T03:19:54Z</time></trkpt><trkpt lat="-39.3805085868" lon="-72.6297389064"><ele>109.62</ele><time>2024-08-24T03:19:55Z</time></trkpt><trkpt lat="-39.3804490753" lon="-72.6297592744"><ele>109.51</ele><time>2024-08-24T03:19:56Z</time></trkpt><trkpt lat="-39.3797858153" lon="-72.6300451811"><ele>109.18</ele><time>2024-08-24T03:20:08Z</time></trkpt><trkpt lat="-39.3796892557" lon="-72.6300126594"><ele>109.18</ele><time>2024-08-24T03:20:11Z</time></trkpt><trkpt lat="-39.3796642777" lon="-72.6299660560"><ele>109.22</ele><time>2024-08-24T03:20:12Z</time></trkpt><trkpt lat="-39.3796436582" lon="-72.6299078017"><ele>109.37</ele><time>2024-08-24T03:20:13Z</time></trkpt><trkpt lat="-39.3793932069" lon="-72.6288795099"><ele>109.61</ele><time>2024-08-24T03:20:25Z</time></trkpt><trkpt lat="-39.3792509660" lon="-72.6282402221"><ele>109.46</ele><time>2024-08-24T03:20:35Z</time></trkpt><trkpt lat="-39.3792206235" lon="-72.6281699818"><ele>109.40</ele><time>2024-08-24T03:20:38Z</time></trkpt><trkpt lat="-39.3792120740" lon="-72.6281650364"><ele>109.43</ele><time>2024-08-24T03:20:39Z</time></trkpt><trkpt lat="-39.3792028539" lon="-72.6281639468"><ele>109.51</ele><time>2024-08-24T03:20:40Z</time></trkpt><trkpt lat="-39.3790078070" lon="-72.6282542199"><ele>109.43</ele><time>2024-08-24T03:20:53Z</time></trkpt><trkpt lat="-39.3788010255" lon="-72.6283786073"><ele>109.75</ele><time>2024-08-24T03:21:06Z</time></trkpt><trkpt lat="-39.3784245942" lon="-72.6285596564"><ele>109.92</ele><time>2024-08-24T03:21:20Z</time></trkpt><trkpt lat="-39.3780360930" lon="-72.6287371013"><ele>110.23</ele><time>2024-08-24T03:21:33Z</time></trkpt><trkpt lat="-39.3779660203" lon="-72.6286952756"><ele>110.67</ele><time>2024-08-24T03:21:40Z</time></trkpt><trkpt lat="-39.3779615778" lon="-72.6286597364"><ele>110.65</ele><time>2024-08-24T03:21:41Z</time></trkpt><trkpt lat="-39.3779606558" lon="-72.6286157314"><ele>110.84</ele><time>2024-08-24T03:21:42Z</time></trkpt><trkpt lat="-39.3779639248" lon="-72.6279238053"><ele>111.19</ele><time>2024-08-24T03:21:50Z</time></trkpt><trkpt lat="-39.3779645953" lon="-72.6263377815"><ele>111.83</ele><time>2024-08-24T03:22:05Z</time></trkpt><trkpt lat="-39.3780982029" lon="-72.6257202867"><ele>112.02</ele><time>2024-08-24T03:22:11Z</time></trkpt><trkpt lat="-39.3781416211" lon="-72.6256297622"><ele>112.17</ele><time>2024-08-24T03:22:12Z</time></trkpt><trkpt lat="-39.3781913258" lon="-72.6255391538"><ele>112.18</ele><time>2024-08-24T03:22:13Z</time></trkpt><trkpt lat="-39.3788616266" lon="-72.6245943457"><ele>111.95</ele><time>2024-08-24T03:22:25Z</time></trkpt><trkpt lat="-39.3798566423" lon="-72.6232393272"><ele>112.22</ele><time>2024-08-24T03:22:43Z</time></trkpt><trkpt lat="-39.3807023764" lon="-72.6220575627"><ele>112.30</ele><time>2024-08-24T03:22:58Z</time></trkpt><trkpt lat="-39.3814404029" lon="-72.6209681667"><ele>115.24</ele><time>2024-08-24T03:23:12Z</time></trkpt><trkpt lat="-39.3820603285" lon="-72.6201018132"><ele>113.90</ele><time>2024-08-24T03:23:23Z</time></trkpt><trkpt lat="-39.3828389235" lon="-72.6190337073"><ele>114.86</ele><time>2024-08-24T03:23:37Z</time></trkpt><trkpt lat="-39.3836774491" lon="-72.6178886555"><ele>115.20</ele><time>2024-08-24T03:23:52Z</time></trkpt><trkpt lat="-39.3843693752" lon="-72.6169364713"><ele>115.44</ele><time>2024-08-24T03:24:05Z</time></trkpt><trkpt lat="-39.3847599719" lon="-72.6164425258"><ele>115.09</ele><time>2024-08-24T03:24:14Z</time></trkpt><trkpt lat="-39.3848789949" lon="-72.6163691003"><ele>114.81</ele><time>2024-08-24T03:24:23Z</time></trkpt><trkpt lat="-39.3848798331" lon="-72.6163967606"><ele>114.88</ele><time>2024-08-24T03:24:24Z</time></trkpt><trkpt lat="-39.3848044798" lon="-72.6164271869"><ele>114.86</ele><time>2024-08-24T03:24:32Z</time></trkpt><trkpt lat="-39.3844519369" lon="-72.6168525685"><ele>115.59</ele><time>2024-08-24T03:24:40Z</time></trkpt><trkpt lat="-39.3835770339" lon="-72.6179843768"><ele>115.27</ele><time>2024-08-24T03:24:55Z</time></trkpt><trkpt lat="-39.3826471455" lon="-72.6192983240"><ele>114.84</ele><time>2024-08-24T03:25:11Z</time></trkpt><trkpt lat="-39.3818537984" lon="-72.6204082556"><ele>114.09</ele><time>2024-08-24T03:25:25Z</time></trkpt><trkpt lat="-39.3810477946" lon="-72.6215547323"><ele>114.18</ele><time>2024-08-24T03:25:39Z</time></trkpt><trkpt lat="-39.3801359273" lon="-72.6228262670"><ele>112.60</ele><time>2024-08-24T03:25:55Z</time></trkpt><trkpt lat="-39.3790394906" lon="-72.6243386138"><ele>112.65</ele><time>2024-08-24T03:26:14Z</time></trkpt><trkpt lat="-39.3780503422" lon="-72.6258087158"><ele>113.27</ele><time>2024-08-24T03:26:32Z</time></trkpt><trkpt lat="-39.3780167308" lon="-72.6259100530"><ele>113.17</ele><time>2024-08-24T03:26:33Z</time></trkpt><trkpt lat="-39.3779917527" lon="-72.6260143239"><ele>113.25</ele><time>2024-08-24T03:26:34Z</time></trkpt><trkpt lat="-39.3779723905" lon="-72.6261213608"><ele>113.09</ele><time>2024-08-24T03:26:35Z</time></trkpt><trkpt lat="-39.3779604044" lon="-72.6262333430"><ele>113.11</ele><time>2024-08-24T03:26:36Z</time></trkpt><trkpt lat="-39.3779515196" lon="-72.6263446547"><ele>113.08</ele><time>2024-08-24T03:26:37Z</time></trkpt><trkpt lat="-39.3779418804" lon="-72.6280841511"><ele>112.26</ele><time>2024-08-24T03:26:53Z</time></trkpt><trkpt lat="-39.3780049961" lon="-72.6299115736"><ele>111.97</ele><time>2024-08-24T03:27:10Z</time></trkpt><trkpt lat="-39.3780045770" lon="-72.6301587559"><ele>111.49</ele><time>2024-08-24T03:27:13Z</time></trkpt><trkpt lat="-39.3780100252" lon="-72.6302085444"><ele>111.36</ele><time>2024-08-24T03:27:14Z</time></trkpt><trkpt lat="-39.3780185748" lon="-72.6302436646"><ele>111.17</ele><time>2024-08-24T03:27:15Z</time></trkpt><trkpt lat="-39.3780304771" lon="-72.6302683074"><ele>111.23</ele><time>2024-08-24T03:27:16Z</time></trkpt><trkpt lat="-39.3780472409" lon="-72.6302817184"><ele>111.35</ele><time>2024-08-24T03:27:17Z</time></trkpt><trkpt lat="-39.3780736439" lon="-72.6302845683"><ele>111.43</ele><time>2024-08-24T03:27:18Z</time></trkpt><trkpt lat="-39.3781067524" lon="-72.6302761864"><ele>111.35</ele><time>2024-08-24T03:27:19Z</time></trkpt><trkpt lat="-39.3781419564" lon="-72.6302615181"><ele>111.55</ele><time>2024-08-24T03:27:20Z</time></trkpt><trkpt lat="-39.3781826086" lon="-72.6302408986"><ele>111.36</ele><time>2024-08-24T03:27:21Z</time></trkpt><trkpt lat="-39.3787396699" lon="-72.6299751084"><ele>111.37</ele><time>2024-08-24T03:27:33Z</time></trkpt><trkpt lat="-39.3793753535" lon="-72.6296725217"><ele>110.81</ele><time>2024-08-24T03:27:46Z</time></trkpt><trkpt lat="-39.3796153273" lon="-72.6296508964"><ele>110.63</ele><time>2024-08-24T03:27:54Z</time></trkpt><trkpt lat="-39.3796304986" lon="-72.6296906266"><ele>110.59</ele><time>2024-08-24T03:27:55Z</time></trkpt><trkpt lat="-39.3797739968" lon="-72.6302349474"><ele>110.38</ele><time>2024-08-24T03:28:07Z</time></trkpt><trkpt lat="-39.3798566423" lon="-72.6306808647"><ele>110.62</ele><time>2024-08-24T03:28:16Z</time></trkpt><trkpt lat="-39.3798352685" lon="-72.6307153143"><ele>110.61</ele><time>2024-08-24T03:28:17Z</time></trkpt><trkpt lat="-39.3798021600" lon="-72.6307414658"><ele>110.75</ele><time>2024-08-24T03:28:18Z</time></trkpt><trkpt lat="-39.3797602504" lon="-72.6307610795"><ele>110.72</ele><time>2024-08-24T03:28:19Z</time></trkpt><trkpt lat="-39.3797143176" lon="-72.6307792682"><ele>110.76</ele><time>2024-08-24T03:28:20Z</time></trkpt><trkpt lat="-39.3796623498" lon="-72.6307999715"><ele>110.84</ele><time>2024-08-24T03:28:21Z</time></trkpt><trkpt lat="-39.3787747063" lon="-72.6311901491"><ele>111.05</ele><time>2024-08-24T03:28:37Z</time></trkpt><trkpt lat="-39.3783494085" lon="-72.6313686837"><ele>111.06</ele><time>2024-08-24T03:28:45Z</time></trkpt><trkpt lat="-39.3781528529" lon="-72.6315051410"><ele>111.15</ele><time>2024-08-24T03:28:52Z</time></trkpt><trkpt lat="-39.3781516794" lon="-72.6315572765"><ele>111.18</ele><time>2024-08-24T03:28:53Z</time></trkpt><trkpt lat="-39.3781627435" lon="-72.6316171233"><ele>111.07</ele><time>2024-08-24T03:28:54Z</time></trkpt><trkpt lat="-39.3781803455" lon="-72.6316799875"><ele>111.17</ele><time>2024-08-24T03:28:55Z</time></trkpt><trkpt lat="-39.3781997077" lon="-72.6317400858"><ele>111.21</ele><time>2024-08-24T03:28:56Z</time></trkpt><trkpt lat="-39.3784101773" lon="-72.6319076400"><ele>110.91</ele><time>2024-08-24T03:29:03Z</time></trkpt><trkpt lat="-39.3784599658" lon="-72.6318891998"><ele>110.94</ele><time>2024-08-24T03:29:04Z</time></trkpt><trkpt lat="-39.3791743554" lon="-72.6315654069"><ele>110.33</ele><time>2024-08-24T03:29:17Z</time></trkpt><trkpt lat="-39.3799125496" lon="-72.6312616467"><ele>110.42</ele><time>2024-08-24T03:29:31Z</time></trkpt><trkpt lat="-39.3800261244" lon="-72.6312681846"><ele>110.59</ele><time>2024-08-24T03:29:35Z</time></trkpt><trkpt lat="-39.3800470792" lon="-72.6313035563"><ele>110.75</ele><time>2024-08-24T03:29:36Z</time></trkpt><trkpt lat="-39.3800652679" lon="-72.6313515007"><ele>110.74</ele><time>2024-08-24T03:29:37Z</time></trkpt><trkpt lat="-39.3800821993" lon="-72.6314089168"><ele>110.72</ele><time>2024-08-24T03:29:38Z</time></trkpt><trkpt lat="-39.3800982926" lon="-72.6314607169"><ele>110.60</ele><time>2024-08-24T03:29:39Z</time></trkpt><trkpt lat="-39.3801105302" lon="-72.6315051410"><ele>110.58</ele><time>2024-08-24T03:29:40Z</time></trkpt><trkpt lat="-39.3801198341" lon="-72.6315507386"><ele>110.65</ele><time>2024-08-24T03:29:41Z</time></trkpt><trkpt lat="-39.3801226001" lon="-72.6315980125"><ele>110.64</ele><time>2024-08-24T03:29:42Z</time></trkpt><trkpt lat="-39.3801200017" lon="-72.6316439454"><ele>110.55</ele><time>2024-08-24T03:29:43Z</time></trkpt><trkpt lat="-39.3801076803" lon="-72.6316857710"><ele>110.50</ele><time>2024-08-24T03:29:44Z</time></trkpt><trkpt lat="-39.3800848816" lon="-72.6317228191"><ele>110.51</ele><time>2024-08-24T03:29:45Z</time></trkpt><trkpt lat="-39.3800509349" lon="-72.6317527425"><ele>110.50</ele><time>2024-08-24T03:29:46Z</time></trkpt><trkpt lat="-39.3800039962" lon="-72.6317762956"><ele>110.48</ele><time>2024-08-24T03:29:47Z</time></trkpt><trkpt lat="-39.3799506873" lon="-72.6317987591"><ele>110.39</ele><time>2024-08-24T03:29:48Z</time></trkpt><trkpt lat="-39.3798929360" lon="-72.6318212226"><ele>110.56</ele><time>2024-08-24T03:29:49Z</time></trkpt><trkpt lat="-39.3791350443" lon="-72.6321466081"><ele>110.31</ele><time>2024-08-24T03:30:03Z</time></trkpt><trkpt lat="-39.3786447868" lon="-72.6323539764"><ele>110.61</ele><time>2024-08-24T03:30:13Z</time></trkpt><trkpt lat="-39.3786068168" lon="-72.6323699858"><ele>110.58</ele><time>2024-08-24T03:30:14Z</time></trkpt><trkpt lat="-39.3785121851" lon="-72.6323968917"><ele>110.67</ele><time>2024-08-24T03:30:23Z</time></trkpt><trkpt lat="-39.3784965947" lon="-72.6323921140"><ele>110.75</ele><time>2024-08-24T03:30:24Z</time></trkpt><trkpt lat="-39.3784785736" lon="-72.6323768590"><ele>110.75</ele><time>2024-08-24T03:30:25Z</time></trkpt><trkpt lat="-39.3784574512" lon="-72.6323461812"><ele>110.88</ele><time>2024-08-24T03:30:26Z</time></trkpt><trkpt lat="-39.3784368318" lon="-72.6322987396"><ele>110.79</ele><time>2024-08-24T03:30:27Z</time></trkpt><trkpt lat="-39.3784159608" lon="-72.6322344504"><ele>111.03</ele><time>2024-08-24T03:30:28Z</time></trkpt><trkpt lat="-39.3783929106" lon="-72.6321582589"><ele>111.02</ele><time>2024-08-24T03:30:29Z</time></trkpt><trkpt lat="-39.3780973647" lon="-72.6312459726"><ele>111.21</ele><time>2024-08-24T03:30:41Z</time></trkpt><trkpt lat="-39.3779252004" lon="-72.6309247781"><ele>111.33</ele><time>2024-08-24T03:30:52Z</time></trkpt><trkpt lat="-39.3778490089" lon="-72.6309640054"><ele>111.45</ele><time>2024-08-24T03:30:54Z</time></trkpt><trkpt lat="-39.3772884272" lon="-72.6314820908"><ele>111.51</ele><time>2024-08-24T03:31:03Z</time></trkpt><trkpt lat="-39.3766498938" lon="-72.6321718376"><ele>110.08</ele><time>2024-08-24T03:31:16Z</time></trkpt><trkpt lat="-39.3766426016" lon="-72.6322542317"><ele>109.96</ele><time>2024-08-24T03:31:18Z</time></trkpt><trkpt lat="-39.3766498100" lon="-72.6322965603"><ele>109.98</ele><time>2024-08-24T03:31:19Z</time></trkpt><trkpt lat="-39.3766624667" lon="-72.6323429123"><ele>109.72</ele><time>2024-08-24T03:31:20Z</time></trkpt><trkpt lat="-39.3766857684" lon="-72.6324023400"><ele>109.44</ele><time>2024-08-24T03:31:21Z</time></trkpt><trkpt lat="-39.3767141830" lon="-72.6324667968"><ele>109.08</ele><time>2024-08-24T03:31:22Z</time></trkpt><trkpt lat="-39.3771561608" lon="-72.6332753990"><ele>107.67</ele><time>2024-08-24T03:31:32Z</time></trkpt><trkpt lat="-39.3772252277" lon="-72.6333975233"><ele>107.44</ele><time>2024-08-24T03:31:34Z</time></trkpt><trkpt lat="-39.3772384711" lon="-72.6334469765"><ele>107.55</ele><time>2024-08-24T03:31:35Z</time></trkpt><trkpt lat="-39.3772382196" lon="-72.6334946696"><ele>107.47</ele><time>2024-08-24T03:31:36Z</time></trkpt><trkpt lat="-39.3772242218" lon="-72.6335421950"><ele>107.52</ele><time>2024-08-24T03:31:37Z</time></trkpt><trkpt lat="-39.3771941308" lon="-72.6335893013"><ele>107.46</ele><time>2024-08-24T03:31:38Z</time></trkpt><trkpt lat="-39.3771502934" lon="-72.6336373296"><ele>107.38</ele><time>2024-08-24T03:31:39Z</time></trkpt><trkpt lat="-39.3770988286" lon="-72.6336837653"><ele>107.44</ele><time>2024-08-24T03:31:40Z</time></trkpt><trkpt lat="-39.3770405743" lon="-72.6337301172"><ele>107.52</ele><time>2024-08-24T03:31:41Z</time></trkpt><trkpt lat="-39.3764539249" lon="-72.6342689898"><ele>106.94</ele><time>2024-08-24T03:31:52Z</time></trkpt><trkpt lat="-39.3758346699" lon="-72.6348858140"><ele>106.79</ele><time>2024-08-24T03:32:03Z</time></trkpt><trkpt lat="-39.3753526267" lon="-72.6353425439"><ele>107.29</ele><time>2024-08-24T03:32:13Z</time></trkpt><trkpt lat="-39.3750572484" lon="-72.6356375869"><ele>108.82</ele><time>2024-08-24T03:32:18Z</time></trkpt><trkpt lat="-39.3746999279" lon="-72.6359713543"><ele>109.75</ele><time>2024-08-24T03:32:27Z</time></trkpt><trkpt lat="-39.3742295355" lon="-72.6364048664"><ele>110.29</ele><time>2024-08-24T03:32:35Z</time></trkpt><trkpt lat="-39.3737919163" lon="-72.6368048508"><ele>109.61</ele><time>2024-08-24T03:32:44Z</time></trkpt><trkpt lat="-39.3731678836" lon="-72.6374203339"><ele>109.85</ele><time>2024-08-24T03:32:55Z</time></trkpt><trkpt lat="-39.3729448412" lon="-72.6376049872"><ele>109.22</ele><time>2024-08-24T03:33:02Z</time></trkpt><trkpt lat="-39.3725122511" lon="-72.6380044688"><ele>110.23</ele><time>2024-08-24T03:33:10Z</time></trkpt><trkpt lat="-39.3720228318" lon="-72.6384887751"><ele>111.15</ele><time>2024-08-24T03:33:21Z</time></trkpt><trkpt lat="-39.3719846103" lon="-72.6386404876"><ele>111.40</ele><time>2024-08-24T03:33:24Z</time></trkpt><trkpt lat="-39.3720084988" lon="-72.6387133263"><ele>111.39</ele><time>2024-08-24T03:33:25Z</time></trkpt><trkpt lat="-39.3720444571" lon="-72.6387800463"><ele>111.42</ele><time>2024-08-24T03:33:26Z</time></trkpt><trkpt lat="-39.3725223094" lon="-72.6395557076"><ele>111.05</ele><time>2024-08-24T03:33:36Z</time></trkpt><trkpt lat="-39.3731200229" lon="-72.6405447721"><ele>110.38</ele><time>2024-08-24T03:33:48Z</time></trkpt><trkpt lat="-39.3733276427" lon="-72.6407884341"><ele>109.87</ele><time>2024-08-24T03:33:56Z</time></trkpt><trkpt lat="-39.3733722344" lon="-72.6407734305"><ele>109.96</ele><time>2024-08-24T03:33:57Z</time></trkpt><trkpt lat="-39.3734188378" lon="-72.6407401543"><ele>109.89</ele><time>2024-08-24T03:33:58Z</time></trkpt><trkpt lat="-39.3734688777" lon="-72.6406933833"><ele>109.87</ele><time>2024-08-24T03:33:59Z</time></trkpt><trkpt lat="-39.3741829321" lon="-72.6400261000"><ele>108.77</ele><time>2024-08-24T03:34:11Z</time></trkpt><trkpt lat="-39.3750254810" lon="-72.6391934417"><ele>109.13</ele><time>2024-08-24T03:34:26Z</time></trkpt><trkpt lat="-39.3757091928" lon="-72.6385817304"><ele>108.90</ele><time>2024-08-24T03:34:38Z</time></trkpt><trkpt lat="-39.3760348298" lon="-72.6381871942"><ele>108.41</ele><time>2024-08-24T03:34:48Z</time></trkpt><trkpt lat="-39.3760235980" lon="-72.6381358132"><ele>108.45</ele><time>2024-08-24T03:34:49Z</time></trkpt><trkpt lat="-39.3760013022" lon="-72.6380880363"><ele>108.51</ele><time>2024-08-24T03:34:50Z</time></trkpt><trkpt lat="-39.3759729713" lon="-72.6380430255"><ele>108.52</ele><time>2024-08-24T03:34:51Z</time></trkpt><trkpt lat="-39.3759432156" lon="-72.6379956678"><ele>108.46</ele><time>2024-08-24T03:34:52Z</time></trkpt><trkpt lat="-39.3755286466" lon="-72.6372898277"><ele>108.76</ele><time>2024-08-24T03:35:04Z</time></trkpt><trkpt lat="-39.3749917857" lon="-72.6363702491"><ele>109.35</ele><time>2024-08-24T03:35:17Z</time></trkpt><trkpt lat="-39.3742724508" lon="-72.6351593155"><ele>109.59</ele><time>2024-08-24T03:35:33Z</time></trkpt><trkpt lat="-39.3740645796" lon="-72.6347876620"><ele>109.59</ele><time>2024-08-24T03:35:42Z</time></trkpt><trkpt lat="-39.3736764975" lon="-72.6341400761"><ele>110.11</ele><time>2024-08-24T03:35:52Z</time></trkpt><trkpt lat="-39.3731259741" lon="-72.6332051586"><ele>110.56</ele><time>2024-08-24T03:36:05Z</time></trkpt><trkpt lat="-39.3723783083" lon="-72.6318817399"><ele>111.02</ele><time>2024-08-24T03:36:23Z</time></trkpt><trkpt lat="-39.3721328862" lon="-72.6314309612"><ele>111.23</ele><time>2024-08-24T03:36:30Z</time></trkpt><trkpt lat="-39.3720414396" lon="-72.6313303784"><ele>111.31</ele><time>2024-08-24T03:36:33Z</time></trkpt><trkpt lat="-39.3720091693" lon="-72.6313279476"><ele>111.44</ele><time>2024-08-24T03:36:34Z</time></trkpt><trkpt lat="-39.3719779886" lon="-72.6313430350"><ele>111.71</ele><time>2024-08-24T03:36:35Z</time></trkpt><trkpt lat="-39.3719425332" lon="-72.6313741319"><ele>111.70</ele><time>2024-08-24T03:36:36Z</time></trkpt><trkpt lat="-39.3718987796" lon="-72.6314151194"><ele>111.92</ele><time>2024-08-24T03:36:37Z</time></trkpt><trkpt lat="-39.3713491783" lon="-72.6319373958"><ele>114.10</ele><time>2024-08-24T03:36:48Z</time></trkpt><trkpt lat="-39.3709495291" lon="-72.6322964765"><ele>115.09</ele><time>2024-08-24T03:36:58Z</time></trkpt><trkpt lat="-39.3703840021" lon="-72.6328777615"><ele>114.53</ele><time>2024-08-24T03:37:11Z</time></trkpt><trkpt lat="-39.3700615503" lon="-72.6331671886"><ele>114.70</ele><time>2024-08-24T03:37:19Z</time></trkpt><trkpt lat="-39.3694625795" lon="-72.6337291114"><ele>113.58</ele><time>2024-08-24T03:37:32Z</time></trkpt><trkpt lat="-39.3693707976" lon="-72.6337882038"><ele>113.31</ele><time>2024-08-24T03:37:37Z</time></trkpt><trkpt lat="-39.3693363480" lon="-72.6337794028"><ele>113.30</ele><time>2024-08-24T03:37:38Z</time></trkpt><trkpt lat="-39.3692989647" lon="-72.6337511558"><ele>113.45</ele><time>2024-08-24T03:37:39Z</time></trkpt><trkpt lat="-39.3692613300" lon="-72.6337038819"><ele>113.42</ele><time>2024-08-24T03:37:40Z</time></trkpt><trkpt lat="-39.3692265451" lon="-72.6336414367"><ele>113.43</ele><time>2024-08-24T03:37:41Z</time></trkpt><trkpt lat="-39.3691902515" lon="-72.6335760579"><ele>113.56</ele><time>2024-08-24T03:37:42Z</time></trkpt><trkpt lat="-39.3691538740" lon="-72.6335107628"><ele>113.43</ele><time>2024-08-24T03:37:43Z</time></trkpt><trkpt lat="-39.3690443225" lon="-72.6333360001"><ele>113.60</ele><time>2024-08-24T03:37:46Z</time></trkpt><trkpt lat="-39.3687245529" lon="-72.6328509394"><ele>114.33</ele><time>2024-08-24T03:37:57Z</time></trkpt><trkpt lat="-39.3686886784" lon="-72.6328243688"><ele>114.46</ele><time>2024-08-24T03:37:58Z</time></trkpt><trkpt lat="-39.3686468527" lon="-72.6328137238"><ele>114.46</ele><time>2024-08-24T03:37:59Z</time></trkpt><trkpt lat="-39.3686035182" lon="-72.6328168251"><ele>114.46</ele><time>2024-08-24T03:38:00Z</time></trkpt><trkpt lat="-39.3685590103" lon="-72.6328375284"><ele>114.42</ele><time>2024-08-24T03:38:01Z</time></trkpt><trkpt lat="-39.3685189448" lon="-72.6328739058"><ele>114.54</ele><time>2024-08-24T03:38:02Z</time></trkpt><trkpt lat="-39.3684777897" lon="-72.6329133008"><ele>114.57</ele><time>2024-08-24T03:38:03Z</time></trkpt><trkpt lat="-39.3684342038" lon="-72.6329531986"><ele>114.61</ele><time>2024-08-24T03:38:04Z</time></trkpt><trkpt lat="-39.3679192197" lon="-72.6334354095"><ele>114.57</ele><time>2024-08-24T03:38:18Z</time></trkpt><trkpt lat="-39.3676925730" lon="-72.6336260140"><ele>114.41</ele><time>2024-08-24T03:38:26Z</time></trkpt><trkpt lat="-39.3674100190" lon="-72.6339777187"><ele>113.82</ele><time>2024-08-24T03:38:35Z</time></trkpt><trkpt lat="-39.3674151320" lon="-72.6340301055"><ele>113.71</ele><time>2024-08-24T03:38:36Z</time></trkpt><trkpt lat="-39.3674313091" lon="-72.6340906229"><ele>113.72</ele><time>2024-08-24T03:38:37Z</time></trkpt><trkpt lat="-39.3674559519" lon="-72.6341491286"><ele>113.72</ele><time>2024-08-24T03:38:38Z</time></trkpt><trkpt lat="-39.3674863782" lon="-72.6342088077"><ele>113.73</ele><time>2024-08-24T03:38:39Z</time></trkpt><trkpt lat="-39.3680464569" lon="-72.6351944357"><ele>113.48</ele><time>2024-08-24T03:38:53Z</time></trkpt><trkpt lat="-39.3685507961" lon="-72.6360249147"><ele>113.44</ele><time>2024-08-24T03:39:05Z</time></trkpt><trkpt lat="-39.3692418840" lon="-72.6371884905"><ele>112.97</ele><time>2024-08-24T03:39:20Z</time></trkpt><trkpt lat="-39.3693380244" lon="-72.6373584755"><ele>113.07</ele><time>2024-08-24T03:39:23Z</time></trkpt><trkpt lat="-39.3693510164" lon="-72.6374054141"><ele>113.06</ele><time>2024-08-24T03:39:24Z</time></trkpt><trkpt lat="-39.3693516031" lon="-72.6374501735"><ele>112.94</ele><time>2024-08-24T03:39:25Z</time></trkpt><trkpt lat="-39.3693339173" lon="-72.6374844555"><ele>112.90</ele><time>2024-08-24T03:39:26Z</time></trkpt><trkpt lat="-39.3693046644" lon="-72.6375158038"><ele>112.84</ele><time>2024-08-24T03:39:27Z</time></trkpt><trkpt lat="-39.3692628387" lon="-72.6375469007"><ele>112.90</ele><time>2024-08-24T03:39:28Z</time></trkpt><trkpt lat="-39.3692158163" lon="-72.6375842001"><ele>112.91</ele><time>2024-08-24T03:39:29Z</time></trkpt><trkpt lat="-39.3685572501" lon="-72.6381681673"><ele>112.47</ele><time>2024-08-24T03:39:41Z</time></trkpt><trkpt lat="-39.3678504881" lon="-72.6388087124"><ele>111.72</ele><time>2024-08-24T03:39:53Z</time></trkpt><trkpt lat="-39.3676343188" lon="-72.6389816310"><ele>111.98</ele><time>2024-08-24T03:39:58Z</time></trkpt><trkpt lat="-39.3675955944" lon="-72.6389825530"><ele>111.99</ele><time>2024-08-24T03:39:59Z</time></trkpt><trkpt lat="-39.3675565347" lon="-72.6389652863"><ele>112.04</ele><time>2024-08-24T03:40:00Z</time></trkpt><trkpt lat="-39.3675219174" lon="-72.6389289927"><ele>112.12</ele><time>2024-08-24T03:40:01Z</time></trkpt><trkpt lat="-39.3674904853" lon="-72.6388788689"><ele>112.17</ele><time>2024-08-24T03:40:02Z</time></trkpt><trkpt lat="-39.3674619868" lon="-72.6388253085"><ele>112.11</ele><time>2024-08-24T03:40:03Z</time></trkpt><trkpt lat="-39.3674319796" lon="-72.6387725025"><ele>112.14</ele><time>2024-08-24T03:40:04Z</time></trkpt><trkpt lat="-39.3670471665" lon="-72.6380754635"><ele>112.33</ele><time>2024-08-24T03:40:16Z</time></trkpt><trkpt lat="-39.3668888323" lon="-72.6379247569"><ele>112.33</ele><time>2024-08-24T03:40:22Z</time></trkpt><trkpt lat="-39.3668482639" lon="-72.6379426941"><ele>112.27</ele><time>2024-08-24T03:40:23Z</time></trkpt><trkpt lat="-39.3668084498" lon="-72.6379741263"><ele>112.39</ele><time>2024-08-24T03:40:24Z</time></trkpt><trkpt lat="-39.3662105687" lon="-72.6385338698"><ele>112.09</ele><time>2024-08-24T03:40:35Z</time></trkpt><trkpt lat="-39.3655175529" lon="-72.6390636060"><ele>111.66</ele><time>2024-08-24T03:40:48Z</time></trkpt><trkpt lat="-39.3647482619" lon="-72.6393929310"><ele>112.25</ele><time>2024-08-24T03:41:03Z</time></trkpt><trkpt lat="-39.3643489480" lon="-72.6395020634"><ele>111.95</ele><time>2024-08-24T03:41:15Z</time></trkpt><trkpt lat="-39.3643310107" lon="-72.6395179052"><ele>111.96</ele><time>2024-08-24T03:41:16Z</time></trkpt><trkpt lat="-39.3643207010" lon="-72.6395453140"><ele>111.92</ele><time>2024-08-24T03:41:17Z</time></trkpt><trkpt lat="-39.3643177673" lon="-72.6395802666"><ele>111.98</ele><time>2024-08-24T03:41:18Z</time></trkpt><trkpt lat="-39.3643181026" lon="-72.6396071725"><ele>112.02</ele><time>2024-08-24T03:41:19Z</time></trkpt><trkpt lat="-39.3643030152" lon="-72.6395814400"><ele>111.97</ele><time>2024-08-24T03:41:24Z</time></trkpt><trkpt lat="-39.3643938750" lon="-72.6395386085"><ele>112.07</ele><time>2024-08-24T03:41:33Z</time></trkpt><trkpt lat="-39.3650526088" lon="-72.6393006463"><ele>112.15</ele><time>2024-08-24T03:41:48Z</time></trkpt><trkpt lat="-39.3658451177" lon="-72.6389016677"><ele>112.10</ele><time>2024-08-24T03:42:02Z</time></trkpt><trkpt lat="-39.3666210305" lon="-72.6382242423"><ele>112.23</ele><time>2024-08-24T03:42:17Z</time></trkpt><trkpt lat="-39.3670885731" lon="-72.6378000341"><ele>112.41</ele><time>2024-08-24T03:42:28Z</time></trkpt><trkpt lat="-39.3677419424" lon="-72.6371466648"><ele>112.75</ele><time>2024-08-24T03:42:42Z</time></trkpt><trkpt lat="-39.3678291980" lon="-72.6369444095"><ele>112.70</ele><time>2024-08-24T03:42:47Z</time></trkpt><trkpt lat="-39.3678088300" lon="-72.6368924417"><ele>112.78</ele><time>2024-08-24T03:42:48Z</time></trkpt><trkpt lat="-39.3674305547" lon="-72.6362392399"><ele>112.68</ele><time>2024-08-24T03:43:00Z</time></trkpt><trkpt lat="-39.3673757371" lon="-72.6361803152"><ele>112.52</ele><time>2024-08-24T03:43:09Z</time></trkpt><trkpt lat="-39.3673634995" lon="-72.6362083107"><ele>112.54</ele><time>2024-08-24T03:43:37Z</time></trkpt><trkpt lat="-39.3673389405" lon="-72.6361338794"><ele>112.70</ele><time>2024-08-24T03:44:03Z</time></trkpt><trkpt lat="-39.3671542034" lon="-72.6358393393"><ele>113.01</ele><time>2024-08-24T03:44:12Z</time></trkpt><trkpt lat="-39.3667041790" lon="-72.6350562181"><ele>112.96</ele><time>2024-08-24T03:44:24Z</time></trkpt><trkpt lat="-39.3665892631" lon="-72.6348516997"><ele>113.44</ele><time>2024-08-24T03:44:33Z</time></trkpt><trkpt lat="-39.3665717449" lon="-72.6348355226"><ele>113.42</ele><time>2024-08-24T03:44:36Z</time></trkpt><trkpt lat="-39.3663492892" lon="-72.6345051918"><ele>113.56</ele><time>2024-08-24T03:44:44Z</time></trkpt><trkpt lat="-39.3659746181" lon="-72.6338048000"><ele>112.98</ele><time>2024-08-24T03:44:58Z</time></trkpt><trkpt lat="-39.3656566087" lon="-72.6332560368"><ele>113.25</ele><time>2024-08-24T03:45:11Z</time></trkpt><trkpt lat="-39.3654004578" lon="-72.6328135561"><ele>113.29</ele><time>2024-08-24T03:45:19Z</time></trkpt><trkpt lat="-39.3650501780" lon="-72.6322140824"><ele>113.59</ele><time>2024-08-24T03:45:31Z</time></trkpt><trkpt lat="-39.3646683823" lon="-72.6315612160"><ele>113.86</ele><time>2024-08-24T03:45:44Z</time></trkpt><trkpt lat="-39.3645237107" lon="-72.6313432865"><ele>113.92</ele><time>2024-08-24T03:45:52Z</time></trkpt><trkpt lat="-39.3643614370" lon="-72.6310597267"><ele>114.16</ele><time>2024-08-24T03:45:57Z</time></trkpt><trkpt lat="-39.3642998300" lon="-72.6309436373"><ele>114.15</ele><time>2024-08-24T03:45:59Z</time></trkpt><trkpt lat="-39.3639248237" lon="-72.6302672178"><ele>114.32</ele><time>2024-08-24T03:46:13Z</time></trkpt><trkpt lat="-39.3635343947" lon="-72.6295900438"><ele>114.10</ele><time>2024-08-24T03:46:26Z</time></trkpt><trkpt lat="-39.3633402698" lon="-72.6292650774"><ele>113.97</ele><time>2024-08-24T03:46:37Z</time></trkpt><trkpt lat="-39.3632485718" lon="-72.6292666700"><ele>114.00</ele><time>2024-08-24T03:46:40Z</time></trkpt><trkpt lat="-39.3632127810" lon="-72.6292951684"><ele>114.04</ele><time>2024-08-24T03:46:41Z</time></trkpt><trkpt lat="-39.3627036642" lon="-72.6297852583"><ele>113.70</ele><time>2024-08-24T03:46:53Z</time></trkpt><trkpt lat="-39.3624526262" lon="-72.6300979033"><ele>113.46</ele><time>2024-08-24T03:47:02Z</time></trkpt><trkpt lat="-39.3624605890" lon="-72.6301510446"><ele>113.38</ele><time>2024-08-24T03:47:03Z</time></trkpt><trkpt lat="-39.3624791130" lon="-72.6302058622"><ele>113.60</ele><time>2024-08-24T03:47:04Z</time></trkpt><trkpt lat="-39.3625071086" lon="-72.6302623563"><ele>113.81</ele><time>2024-08-24T03:47:05Z</time></trkpt><trkpt lat="-39.3625413906" lon="-72.6303232927"><ele>113.89</ele><time>2024-08-24T03:47:06Z</time></trkpt><trkpt lat="-39.3629868887" lon="-72.6310966909"><ele>113.47</ele><time>2024-08-24T03:47:19Z</time></trkpt><trkpt lat="-39.3634051457" lon="-72.6317770500"><ele>113.99</ele><time>2024-08-24T03:47:30Z</time></trkpt><trkpt lat="-39.3637138512" lon="-72.6323088817"><ele>113.37</ele><time>2024-08-24T03:47:41Z</time></trkpt><trkpt lat="-39.3640461098" lon="-72.6328934357"><ele>113.89</ele><time>2024-08-24T03:47:49Z</time></trkpt><trkpt lat="-39.3643433321" lon="-72.6334081683"><ele>113.03</ele><time>2024-08-24T03:47:59Z</time></trkpt><trkpt lat="-39.3645046838" lon="-72.6336870342"><ele>113.54</ele><time>2024-08-24T03:48:06Z</time></trkpt><trkpt lat="-39.3649464939" lon="-72.6344544813"><ele>113.09</ele><time>2024-08-24T03:48:18Z</time></trkpt><trkpt lat="-39.3653593026" lon="-72.6351668593"><ele>113.44</ele><time>2024-08-24T03:48:29Z</time></trkpt><trkpt lat="-39.3656069040" lon="-72.6356097590"><ele>113.51</ele><time>2024-08-24T03:48:38Z</time></trkpt><trkpt lat="-39.3656069040" lon="-72.6356854476"><ele>113.53</ele><time>2024-08-24T03:48:40Z</time></trkpt><trkpt lat="-39.3655844405" lon="-72.6357259322"><ele>113.68</ele><time>2024-08-24T03:48:41Z</time></trkpt><trkpt lat="-39.3655460514" lon="-72.6357670035"><ele>113.56</ele><time>2024-08-24T03:48:42Z</time></trkpt><trkpt lat="-39.3649599049" lon="-72.6362932194"><ele>113.31</ele><time>2024-08-24T03:48:53Z</time></trkpt><trkpt lat="-39.3647698872" lon="-72.6364217978"><ele>113.08</ele><time>2024-08-24T03:48:58Z</time></trkpt><trkpt lat="-39.3647330068" lon="-72.6364045311"><ele>113.03</ele><time>2024-08-24T03:48:59Z</time></trkpt><trkpt lat="-39.3646982219" lon="-72.6363689918"><ele>112.87</ele><time>2024-08-24T03:49:00Z</time></trkpt><trkpt lat="-39.3646656163" lon="-72.6363208797"><ele>113.02</ele><time>2024-08-24T03:49:01Z</time></trkpt><trkpt lat="-39.3646328431" lon="-72.6362649724"><ele>112.96</ele><time>2024-08-24T03:49:02Z</time></trkpt><trkpt lat="-39.3645986449" lon="-72.6362019405"><ele>113.01</ele><time>2024-08-24T03:49:03Z</time></trkpt><trkpt lat="-39.3641084712" lon="-72.6353042386"><ele>112.62</ele><time>2024-08-24T03:49:16Z</time></trkpt><trkpt lat="-39.3635696825" lon="-72.6343725901"><ele>112.77</ele><time>2024-08-24T03:49:30Z</time></trkpt><trkpt lat="-39.3633404374" lon="-72.6340578496"><ele>112.92</ele><time>2024-08-24T03:49:38Z</time></trkpt><trkpt lat="-39.3629100267" lon="-72.6333053224"><ele>112.20</ele><time>2024-08-24T03:49:51Z</time></trkpt><trkpt lat="-39.3626557197" lon="-72.6328411326"><ele>112.70</ele><time>2024-08-24T03:50:00Z</time></trkpt><trkpt lat="-39.3622281589" lon="-72.6320638787"><ele>112.85</ele><time>2024-08-24T03:50:11Z</time></trkpt><trkpt lat="-39.3618191220" lon="-72.6313555241"><ele>112.95</ele><time>2024-08-24T03:50:21Z</time></trkpt><trkpt lat="-39.3615604565" lon="-72.6309300587"><ele>112.80</ele><time>2024-08-24T03:50:30Z</time></trkpt><trkpt lat="-39.3614856061" lon="-72.6309384406"><ele>112.85</ele><time>2024-08-24T03:50:32Z</time></trkpt><trkpt lat="-39.3614404276" lon="-72.6309733931"><ele>113.08</ele><time>2024-08-24T03:50:33Z</time></trkpt><trkpt lat="-39.3613861967" lon="-72.6310267858"><ele>113.01</ele><time>2024-08-24T03:50:34Z</time></trkpt><trkpt lat="-39.3607604038" lon="-72.6316851843"><ele>112.89</ele><time>2024-08-24T03:50:47Z</time></trkpt><trkpt lat="-39.3607341684" lon="-72.6317228191"><ele>112.77</ele><time>2024-08-24T03:50:48Z</time></trkpt><trkpt lat="-39.3607182428" lon="-72.6317669079"><ele>112.77</ele><time>2024-08-24T03:50:49Z</time></trkpt><trkpt lat="-39.3607144710" lon="-72.6318190433"><ele>112.56</ele><time>2024-08-24T03:50:50Z</time></trkpt><trkpt lat="-39.3607248645" lon="-72.6318759564"><ele>113.06</ele><time>2024-08-24T03:50:51Z</time></trkpt><trkpt lat="-39.3607481662" lon="-72.6319301873"><ele>113.07</ele><time>2024-08-24T03:50:52Z</time></trkpt><trkpt lat="-39.3607789278" lon="-72.6319850050"><ele>112.95</ele><time>2024-08-24T03:50:53Z</time></trkpt><trkpt lat="-39.3608131260" lon="-72.6320420858"><ele>112.88</ele><time>2024-08-24T03:50:54Z</time></trkpt><trkpt lat="-39.3612672575" lon="-72.6328013185"><ele>112.64</ele><time>2024-08-24T03:51:07Z</time></trkpt><trkpt lat="-39.3615907989" lon="-72.6333493274"><ele>112.74</ele><time>2024-08-24T03:51:15Z</time></trkpt><trkpt lat="-39.3619661406" lon="-72.6339772996"><ele>112.20</ele><time>2024-08-24T03:51:26Z</time></trkpt><trkpt lat="-39.3623052724" lon="-72.6345688105"><ele>112.71</ele><time>2024-08-24T03:51:35Z</time></trkpt><trkpt lat="-39.3625070248" lon="-72.6348964591"><ele>112.68</ele><time>2024-08-24T03:51:40Z</time></trkpt><trkpt lat="-39.3627085257" lon="-72.6352323219"><ele>112.77</ele><time>2024-08-24T03:51:48Z</time></trkpt><trkpt lat="-39.3631753977" lon="-72.6360441092"><ele>113.15</ele><time>2024-08-24T03:51:59Z</time></trkpt><trkpt lat="-39.3635232467" lon="-72.6366329379"><ele>113.32</ele><time>2024-08-24T03:52:08Z</time></trkpt><trkpt lat="-39.3638600316" lon="-72.6372186653"><ele>113.31</ele><time>2024-08-24T03:52:19Z</time></trkpt><trkpt lat="-39.3638568465" lon="-72.6373463217"><ele>113.43</ele><time>2024-08-24T03:52:23Z</time></trkpt><trkpt lat="-39.3638257496" lon="-72.6373873092"><ele>113.57</ele><time>2024-08-24T03:52:24Z</time></trkpt><trkpt lat="-39.3637775537" lon="-72.6374311466"><ele>113.53</ele><time>2024-08-24T03:52:25Z</time></trkpt><trkpt lat="-39.3631199095" lon="-72.6380182989"><ele>113.42</ele><time>2024-08-24T03:52:37Z</time></trkpt><trkpt lat="-39.3630504236" lon="-72.6380333863"><ele>113.42</ele><time>2024-08-24T03:52:39Z</time></trkpt><trkpt lat="-39.3630162254" lon="-72.6380112581"><ele>113.41</ele><time>2024-08-24T03:52:40Z</time></trkpt><trkpt lat="-39.3629851285" lon="-72.6379734557"><ele>113.27</ele><time>2024-08-24T03:52:41Z</time></trkpt><trkpt lat="-39.3629527744" lon="-72.6379246730"><ele>113.18</ele><time>2024-08-24T03:52:42Z</time></trkpt><trkpt lat="-39.3629174866" lon="-72.6378675923"><ele>113.15</ele><time>2024-08-24T03:52:43Z</time></trkpt><trkpt lat="-39.3623561505" lon="-72.6368655358"><ele>112.92</ele><time>2024-08-24T03:52:57Z</time></trkpt><trkpt lat="-39.3616492208" lon="-72.6356230024"><ele>112.99</ele><time>2024-08-24T03:53:14Z</time></trkpt><trkpt lat="-39.3612053990" lon="-72.6348194294"><ele>112.83</ele><time>2024-08-24T03:53:27Z</time></trkpt><trkpt lat="-39.3612115178" lon="-72.6347707305"><ele>112.75</ele><time>2024-08-24T03:53:28Z</time></trkpt><trkpt lat="-39.3612305447" lon="-72.6347263064"><ele>112.66</ele><time>2024-08-24T03:53:29Z</time></trkpt><trkpt lat="-39.3612630665" lon="-72.6346853189"><ele>112.67</ele><time>2024-08-24T03:53:30Z</time></trkpt><trkpt lat="-39.3613061495" lon="-72.6346456725"><ele>112.69</ele><time>2024-08-24T03:53:31Z</time></trkpt><trkpt lat="-39.3613512442" lon="-72.6346056908"><ele>112.74</ele><time>2024-08-24T03:53:32Z</time></trkpt><trkpt lat="-39.3621952180" lon="-72.6338256709"><ele>112.67</ele><time>2024-08-24T03:53:47Z</time></trkpt><trkpt lat="-39.3628526106" lon="-72.6331883948"><ele>112.97</ele><time>2024-08-24T03:54:01Z</time></trkpt><trkpt lat="-39.3634754699" lon="-72.6325828861"><ele>113.37</ele><time>2024-08-24T03:54:14Z</time></trkpt><trkpt lat="-39.3641265761" lon="-72.6319714263"><ele>114.55</ele><time>2024-08-24T03:54:27Z</time></trkpt><trkpt lat="-39.3649432249" lon="-72.6311962679"><ele>114.99</ele><time>2024-08-24T03:54:41Z</time></trkpt><trkpt lat="-39.3653061613" lon="-72.6308973692"><ele>115.30</ele><time>2024-08-24T03:54:50Z</time></trkpt><trkpt lat="-39.3653494958" lon="-72.6309215091"><ele>115.22</ele><time>2024-08-24T03:54:51Z</time></trkpt><trkpt lat="-39.3653946742" lon="-72.6309643406"><ele>115.22</ele><time>2024-08-24T03:54:52Z</time></trkpt><trkpt lat="-39.3659713492" lon="-72.6316207275"><ele>115.04</ele><time>2024-08-24T03:55:02Z</time></trkpt><trkpt lat="-39.3666599225" lon="-72.6326529589"><ele>114.74</ele><time>2024-08-24T03:55:17Z</time></trkpt><trkpt lat="-39.3672969472" lon="-72.6337975916"><ele>114.73</ele><time>2024-08-24T03:55:33Z</time></trkpt><trkpt lat="-39.3673561234" lon="-72.6340430137"><ele>114.80</ele><time>2024-08-24T03:55:41Z</time></trkpt><trkpt lat="-39.3673271220" lon="-72.6340805646"><ele>114.78</ele><time>2024-08-24T03:55:42Z</time></trkpt><trkpt lat="-39.3672864698" lon="-72.6341187023"><ele>114.87</ele><time>2024-08-24T03:55:43Z</time></trkpt><trkpt lat="-39.3666134868" lon="-72.6347218640"><ele>114.86</ele><time>2024-08-24T03:55:55Z</time></trkpt><trkpt lat="-39.3657811638" lon="-72.6354898978"><ele>114.34</ele><time>2024-08-24T03:56:10Z</time></trkpt><trkpt lat="-39.3650663551" lon="-72.6361689996"><ele>113.92</ele><time>2024-08-24T03:56:23Z</time></trkpt><trkpt lat="-39.3640913721" lon="-72.6370967086"><ele>113.56</ele><time>2024-08-24T03:56:40Z</time></trkpt><trkpt lat="-39.3630603980" lon="-72.6380721945"><ele>113.53</ele><time>2024-08-24T03:56:56Z</time></trkpt><trkpt lat="-39.3621114828" lon="-72.6389562339"><ele>113.58</ele><time>2024-08-24T03:57:11Z</time></trkpt><trkpt lat="-39.3613613024" lon="-72.6395693701"><ele>113.50</ele><time>2024-08-24T03:57:23Z</time></trkpt><trkpt lat="-39.3612863682" lon="-72.6395794284"><ele>113.35</ele><time>2024-08-24T03:57:24Z</time></trkpt><trkpt lat="-39.3612098414" lon="-72.6395723037"><ele>113.30</ele><time>2024-08-24T03:57:25Z</time></trkpt><trkpt lat="-39.3611317221" lon="-72.6395536121"><ele>113.13</ele><time>2024-08-24T03:57:26Z</time></trkpt><trkpt lat="-39.3610553630" lon="-72.6395194139"><ele>113.20</ele><time>2024-08-24T03:57:27Z</time></trkpt><trkpt lat="-39.3609817699" lon="-72.6394808572"><ele>113.17</ele><time>2024-08-24T03:57:28Z</time></trkpt><trkpt lat="-39.3606106192" lon="-72.6392382011"><ele>112.67</ele><time>2024-08-24T03:57:34Z</time></trkpt><trkpt lat="-39.3605633453" lon="-72.6392133906"><ele>112.70</ele><time>2024-08-24T03:57:35Z</time></trkpt><trkpt lat="-39.3605075218" lon="-72.6392019913"><ele>112.80</ele><time>2024-08-24T03:57:36Z</time></trkpt><trkpt lat="-39.3604520336" lon="-72.6392065175"><ele>112.72</ele><time>2024-08-24T03:57:37Z</time></trkpt><trkpt lat="-39.3603985570" lon="-72.6392280590"><ele>112.53</ele><time>2024-08-24T03:57:38Z</time></trkpt><trkpt lat="-39.3603466731" lon="-72.6392655261"><ele>112.58</ele><time>2024-08-24T03:57:39Z</time></trkpt><trkpt lat="-39.3603006564" lon="-72.6393091958"><ele>112.57</ele><time>2024-08-24T03:57:40Z</time></trkpt><trkpt lat="-39.3602604233" lon="-72.6393563859"><ele>112.73</ele><time>2024-08-24T03:57:41Z</time></trkpt><trkpt lat="-39.3601710722" lon="-72.6394407917"><ele>112.78</ele><time>2024-08-24T03:57:43Z</time></trkpt><trkpt lat="-39.3601211160" lon="-72.6394662727"><ele>112.82</ele><time>2024-08-24T03:57:44Z</time></trkpt><trkpt lat="-39.3600642029" lon="-72.6394814439"><ele>112.84</ele><time>2024-08-24T03:57:45Z</time></trkpt><trkpt lat="-39.3600041047" lon="-72.6394898258"><ele>112.70</ele><time>2024-08-24T03:57:46Z</time></trkpt><trkpt lat="-39.3599408213" lon="-72.6394950226"><ele>112.61</ele><time>2024-08-24T03:57:47Z</time></trkpt><trkpt lat="-39.3597474508" lon="-72.6395392790"><ele>112.45</ele><time>2024-08-24T03:57:50Z</time></trkpt><trkpt lat="-39.3596860114" lon="-72.6395679452"><ele>112.41</ele><time>2024-08-24T03:57:51Z</time></trkpt><trkpt lat="-39.3596278410" lon="-72.6396103576"><ele>112.27</ele><time>2024-08-24T03:57:52Z</time></trkpt><trkpt lat="-39.3595748674" lon="-72.6396611519"><ele>112.18</ele><time>2024-08-24T03:57:53Z</time></trkpt><trkpt lat="-39.3595237378" lon="-72.6397135388"><ele>112.11</ele><time>2024-08-24T03:57:54Z</time></trkpt><trkpt lat="-39.3594103307" lon="-72.6399953384"><ele>112.81</ele><time>2024-08-24T03:57:58Z</time></trkpt><trkpt lat="-39.3594125099" lon="-72.6400768105"><ele>113.08</ele><time>2024-08-24T03:57:59Z</time></trkpt><trkpt lat="-39.3594231550" lon="-72.6401623897"><ele>113.22</ele><time>2024-08-24T03:58:00Z</time></trkpt><trkpt lat="-39.3594352249" lon="-72.6402436942"><ele>113.21</ele><time>2024-08-24T03:58:01Z</time></trkpt><trkpt lat="-39.3594560958" lon="-72.6403254177"><ele>113.39</ele><time>2024-08-24T03:58:02Z</time></trkpt><trkpt lat="-39.3594846781" lon="-72.6404050458"><ele>113.62</ele><time>2024-08-24T03:58:03Z</time></trkpt><trkpt lat="-39.3595235702" lon="-72.6404846739"><ele>113.55</ele><time>2024-08-24T03:58:04Z</time></trkpt><trkpt lat="-39.3595693354" lon="-72.6405565068"><ele>113.51</ele><time>2024-08-24T03:58:05Z</time></trkpt><trkpt lat="-39.3596205488" lon="-72.6406171918"><ele>113.51</ele><time>2024-08-24T03:58:06Z</time></trkpt><trkpt lat="-39.3596765399" lon="-72.6406685729"><ele>113.57</ele><time>2024-08-24T03:58:07Z</time></trkpt><trkpt lat="-39.3597414996" lon="-72.6407118235"><ele>113.62</ele><time>2024-08-24T03:58:08Z</time></trkpt><trkpt lat="-39.3598067109" lon="-72.6407471951"><ele>113.68</ele><time>2024-08-24T03:58:09Z</time></trkpt><trkpt lat="-39.3598751072" lon="-72.6407717541"><ele>113.82</ele><time>2024-08-24T03:58:10Z</time></trkpt><trkpt lat="-39.3599414919" lon="-72.6407917030"><ele>113.91</ele><time>2024-08-24T03:58:11Z</time></trkpt><trkpt lat="-39.3600067869" lon="-72.6408070419"><ele>114.05</ele><time>2024-08-24T03:58:12Z</time></trkpt><trkpt lat="-39.3605528679" lon="-72.6409331895"><ele>114.67</ele><time>2024-08-24T03:58:24Z</time></trkpt><trkpt lat="-39.3605892453" lon="-72.6409258973"><ele>114.66</ele><time>2024-08-24T03:58:37Z</time></trkpt><trkpt lat="-39.3605843000" lon="-72.6409109775"><ele>114.39</ele><time>2024-08-24T03:59:06Z</time></trkpt><trkpt lat="-39.3606187496" lon="-72.6408557408"><ele>114.29</ele><time>2024-08-24T03:59:32Z</time></trkpt><trkpt lat="-39.3606136367" lon="-72.6408754382"><ele>114.35</ele><time>2024-08-24T04:00:07Z</time></trkpt></trkseg></trk></gpx>