<?xml version="1.0" encoding="UTF-8" standalone="no" ?><gpx xmlns="http://www.topografix.com/GPX/1/1" xmlns:gpxx="http://www.garmin.com/xmlschemas/GpxExtensions/v3" xmlns:gpxtrkx="http://www.garmin.com/xmlschemas/TrackStatsExtension/v1" xmlns:wptx1="http://www.garmin.com/xmlschemas/WaypointExtension/v1" xmlns:gpxtpx="http://www.garmin.com/xmlschemas/TrackPointExtension/v1" creator="GPSMAP 64sx" version="1.1" xmlns:xsi="http://www.w3.org/2001/XMLSchema-instance" xsi:schemaLocation="http://www.topografix.com/GPX/1/1 http://www.topografix.com/GPX/1/1/gpx.xsd http://www.garmin.com/xmlschemas/GpxExtensions/v3 http://www8.garmin.com/xmlschemas/GpxExtensionsv3.xsd http://www.garmin.com/xmlschemas/TrackStatsExtension/v1 http://www8.garmin.com/xmlschemas/TrackStatsExtension.xsd http://www.garmin.com/xmlschemas/WaypointExtension/v1 http://www8.garmin.com/xmlschemas/WaypointExtensionv1.xsd http://www.garmin.com/xmlschemas/TrackPointExtension/v1 http://www.garmin.com/xmlschemas/TrackPointExtensionv1.xsd"><metadata><link href="http://www.garmin.com"><text>Garmin International</text></link><time>2024-08-17T04:14:48Z</time></metadata><trk><name>GPS LONCO 240816</name><extensions><gpxx:TrackExtension><gpxx:DisplayColor>Cyan</gpxx:DisplayColor></gpxx:TrackExtension><gpxtrkx:TrackStatsExtension><gpxtrkx:Distance>48990.000</gpxtrkx:Distance><gpxtrkx:TotalElapsedTime>8501</gpxtrkx:TotalElapsedTime><gpxtrkx:MovingTime>8170</gpxtrkx:MovingTime><gpxtrkx:StoppedTime>327</gpxtrkx:StoppedTime><gpxtrkx:MovingSpeed>5.996</gpxtrkx:MovingSpeed><gpxtrkx:MaxSpeed>18.727</gpxtrkx:MaxSpeed><gpxtrkx:MaxElevation>162.463</gpxtrkx:MaxElevation><gpxtrkx:MinElevation>107.345</gpxtrkx:MinElevation><gpxtrkx:Ascent>188.000</gpxtrkx:Ascent><gpxtrkx:Descent>233.028</gpxtrkx:Descent><gpxtrkx:AvgAscentRate>0.047</gpxtrkx:AvgAscentRate><gpxtrkx:MaxAscentRate>0.573</gpxtrkx:MaxAscentRate><gpxtrkx:AvgDescentRate>0.062</gpxtrkx:AvgDescentRate><gpxtrkx:MaxDescentRate>-0.661</gpxtrkx:MaxDescentRate></gpxtrkx:TrackStatsExtension></extensions><trkseg><trkpt lat="-39.3542456534" lon="-72.5778191350"><ele>149.38</ele><time>2024-08-17T01:53:07Z</time></trkpt><trkpt lat="-39.3542442285" lon="-72.5778194703"><ele>149.38</ele><time>2024-08-17T01:53:08Z</time></trkpt><trkpt lat="-39.3542422168" lon="-72.5778209791"><ele>162.36</ele><time>2024-08-17T01:53:11Z</time></trkpt><trkpt lat="-39.3542421330" lon="-72.5778204761"><ele>162.36</ele><time>2024-08-17T01:53:12Z</time></trkpt><trkpt lat="-39.3542332482" lon="-72.5778115075"><ele>159.21</ele><time>2024-08-17T01:53:20Z</time></trkpt><trkpt lat="-39.3542786781" lon="-72.5777595397"><ele>158.33</ele><time>2024-08-17T01:53:36Z</time></trkpt><trkpt lat="-39.3543294724" lon="-72.5777960848"><ele>158.41</ele><time>2024-08-17T01:53:39Z</time></trkpt><trkpt lat="-39.3543548696" lon="-72.5777969230"><ele>158.29</ele><time>2024-08-17T01:53:40Z</time></trkpt><trkpt lat="-39.3543821108" lon="-72.5777951628"><ele>158.39</ele><time>2024-08-17T01:53:41Z</time></trkpt><trkpt lat="-39.3544106930" lon="-72.5777954143"><ele>158.24</ele><time>2024-08-17T01:53:42Z</time></trkpt><trkpt lat="-39.3544403650" lon="-72.5778036285"><ele>158.20</ele><time>2024-08-17T01:53:43Z</time></trkpt><trkpt lat="-39.3544677738" lon="-72.5778183807"><ele>158.27</ele><time>2024-08-17T01:53:44Z</time></trkpt><trkpt lat="-39.3544919137" lon="-72.5778400060"><ele>158.15</ele><time>2024-08-17T01:53:45Z</time></trkpt><trkpt lat="-39.3545127008" lon="-72.5778670795"><ele>158.11</ele><time>2024-08-17T01:53:46Z</time></trkpt><trkpt lat="-39.3545311410" lon="-72.5778984278"><ele>157.92</ele><time>2024-08-17T01:53:47Z</time></trkpt><trkpt lat="-39.3545496650" lon="-72.5779311173"><ele>157.95</ele><time>2024-08-17T01:53:48Z</time></trkpt><trkpt lat="-39.3548369966" lon="-72.5781267509"><ele>157.37</ele><time>2024-08-17T01:53:57Z</time></trkpt><trkpt lat="-39.3548742961" lon="-72.5781529024"><ele>157.23</ele><time>2024-08-17T01:53:58Z</time></trkpt><trkpt lat="-39.3549106736" lon="-72.5781898666"><ele>157.11</ele><time>2024-08-17T01:53:59Z</time></trkpt><trkpt lat="-39.3549424410" lon="-72.5782367215"><ele>157.37</ele><time>2024-08-17T01:54:00Z</time></trkpt><trkpt lat="-39.3549683411" lon="-72.5782930478"><ele>157.36</ele><time>2024-08-17T01:54:01Z</time></trkpt><trkpt lat="-39.3549934868" lon="-72.5783555768"><ele>157.48</ele><time>2024-08-17T01:54:02Z</time></trkpt><trkpt lat="-39.3553264998" lon="-72.5792828668"><ele>157.78</ele><time>2024-08-17T01:54:11Z</time></trkpt><trkpt lat="-39.3560093734" lon="-72.5811621733"><ele>157.53</ele><time>2024-08-17T01:54:23Z</time></trkpt><trkpt lat="-39.3569276109" lon="-72.5836969446"><ele>155.79</ele><time>2024-08-17T01:54:38Z</time></trkpt><trkpt lat="-39.3572348077" lon="-72.5845473725"><ele>156.37</ele><time>2024-08-17T01:54:43Z</time></trkpt><trkpt lat="-39.3582266383" lon="-72.5872560684"><ele>153.69</ele><time>2024-08-17T01:54:58Z</time></trkpt><trkpt lat="-39.3600569945" lon="-72.5922281295"><ele>150.69</ele><time>2024-08-17T01:55:25Z</time></trkpt><trkpt lat="-39.3617902882" lon="-72.5969626475"><ele>147.64</ele><time>2024-08-17T01:55:50Z</time></trkpt><trkpt lat="-39.3631901499" lon="-72.6008619089"><ele>144.49</ele><time>2024-08-17T01:56:10Z</time></trkpt><trkpt lat="-39.3637964968" lon="-72.6032981928"><ele>141.44</ele><time>2024-08-17T01:56:22Z</time></trkpt><trkpt lat="-39.3640389014" lon="-72.6062148437"><ele>138.16</ele><time>2024-08-17T01:56:36Z</time></trkpt><trkpt lat="-39.3639663141" lon="-72.6088029239"><ele>134.81</ele><time>2024-08-17T01:56:48Z</time></trkpt><trkpt lat="-39.3639339600" lon="-72.6098582055"><ele>131.70</ele><time>2024-08-17T01:56:53Z</time></trkpt><trkpt lat="-39.3639057130" lon="-72.6107046101"><ele>128.49</ele><time>2024-08-17T01:56:57Z</time></trkpt><trkpt lat="-39.3638693355" lon="-72.6119756419"><ele>125.07</ele><time>2024-08-17T01:57:03Z</time></trkpt><trkpt lat="-39.3638134282" lon="-72.6132509485"><ele>122.01</ele><time>2024-08-17T01:57:09Z</time></trkpt><trkpt lat="-39.3633692712" lon="-72.6157380268"><ele>120.02</ele><time>2024-08-17T01:57:21Z</time></trkpt><trkpt lat="-39.3625594117" lon="-72.6178297307"><ele>120.42</ele><time>2024-08-17T01:57:32Z</time></trkpt><trkpt lat="-39.3619915377" lon="-72.6188223157"><ele>123.45</ele><time>2024-08-17T01:57:38Z</time></trkpt><trkpt lat="-39.3615857698" lon="-72.6193985716"><ele>126.74</ele><time>2024-08-17T01:57:42Z</time></trkpt><trkpt lat="-39.3612756394" lon="-72.6197734103"><ele>128.66</ele><time>2024-08-17T01:57:45Z</time></trkpt><trkpt lat="-39.3605088629" lon="-72.6205651648"><ele>129.88</ele><time>2024-08-17T01:57:53Z</time></trkpt><trkpt lat="-39.3604195118" lon="-72.6206300408"><ele>130.08</ele><time>2024-08-17T01:57:54Z</time></trkpt><trkpt lat="-39.3603287358" lon="-72.6206792425"><ele>129.99</ele><time>2024-08-17T01:57:55Z</time></trkpt><trkpt lat="-39.3596067186" lon="-72.6208689250"><ele>126.88</ele><time>2024-08-17T01:58:04Z</time></trkpt><trkpt lat="-39.3593708519" lon="-72.6210368145"><ele>128.24</ele><time>2024-08-17T01:58:12Z</time></trkpt><trkpt lat="-39.3593394198" lon="-72.6210340485"><ele>128.08</ele><time>2024-08-17T01:58:21Z</time></trkpt><trkpt lat="-39.3592932355" lon="-72.6210757904"><ele>124.15</ele><time>2024-08-17T01:58:24Z</time></trkpt><trkpt lat="-39.3591688480" lon="-72.6212067157"><ele>122.17</ele><time>2024-08-17T01:58:31Z</time></trkpt><trkpt lat="-39.3591665011" lon="-72.6212467812"><ele>121.97</ele><time>2024-08-17T01:58:32Z</time></trkpt><trkpt lat="-39.3591749668" lon="-72.6212922111"><ele>121.85</ele><time>2024-08-17T01:58:33Z</time></trkpt><trkpt lat="-39.3591918144" lon="-72.6213430893"><ele>121.87</ele><time>2024-08-17T01:58:34Z</time></trkpt><trkpt lat="-39.3592197262" lon="-72.6214065403"><ele>121.68</ele><time>2024-08-17T01:58:35Z</time></trkpt><trkpt lat="-39.3592548463" lon="-72.6214761939"><ele>121.56</ele><time>2024-08-17T01:58:36Z</time></trkpt><trkpt lat="-39.3597370572" lon="-72.6223813556"><ele>118.54</ele><time>2024-08-17T01:58:46Z</time></trkpt><trkpt lat="-39.3598597683" lon="-72.6225690264"><ele>118.17</ele><time>2024-08-17T01:58:48Z</time></trkpt><trkpt lat="-39.3599294219" lon="-72.6226473134"><ele>118.01</ele><time>2024-08-17T01:58:49Z</time></trkpt><trkpt lat="-39.3600052781" lon="-72.6227156259"><ele>117.71</ele><time>2024-08-17T01:58:50Z</time></trkpt><trkpt lat="-39.3600862473" lon="-72.6227779035"><ele>117.42</ele><time>2024-08-17T01:58:51Z</time></trkpt><trkpt lat="-39.3601723295" lon="-72.6228276920"><ele>117.05</ele><time>2024-08-17T01:58:52Z</time></trkpt><trkpt lat="-39.3602626026" lon="-72.6228648238"><ele>116.79</ele><time>2024-08-17T01:58:53Z</time></trkpt><trkpt lat="-39.3603543006" lon="-72.6228856947"><ele>116.56</ele><time>2024-08-17T01:58:54Z</time></trkpt><trkpt lat="-39.3604480103" lon="-72.6228909753"><ele>116.43</ele><time>2024-08-17T01:58:55Z</time></trkpt><trkpt lat="-39.3605417199" lon="-72.6228952501"><ele>116.46</ele><time>2024-08-17T01:58:56Z</time></trkpt><trkpt lat="-39.3609779142" lon="-72.6229576953"><ele>117.89</ele><time>2024-08-17T01:59:01Z</time></trkpt><trkpt lat="-39.3610626552" lon="-72.6229925640"><ele>118.15</ele><time>2024-08-17T01:59:02Z</time></trkpt><trkpt lat="-39.3616374023" lon="-72.6233252417"><ele>118.43</ele><time>2024-08-17T01:59:09Z</time></trkpt><trkpt lat="-39.3622563221" lon="-72.6240156591"><ele>116.98</ele><time>2024-08-17T01:59:19Z</time></trkpt><trkpt lat="-39.3623299152" lon="-72.6240649447"><ele>116.93</ele><time>2024-08-17T01:59:20Z</time></trkpt><trkpt lat="-39.3624071125" lon="-72.6241071895"><ele>116.84</ele><time>2024-08-17T01:59:21Z</time></trkpt><trkpt lat="-39.3624846451" lon="-72.6241396274"><ele>116.92</ele><time>2024-08-17T01:59:22Z</time></trkpt><trkpt lat="-39.3625646923" lon="-72.6241586544"><ele>117.00</ele><time>2024-08-17T01:59:23Z</time></trkpt><trkpt lat="-39.3626480922" lon="-72.6241699699"><ele>116.89</ele><time>2024-08-17T01:59:24Z</time></trkpt><trkpt lat="-39.3627332523" lon="-72.6241770945"><ele>117.13</ele><time>2024-08-17T01:59:25Z</time></trkpt><trkpt lat="-39.3633069098" lon="-72.6242472511"><ele>117.62</ele><time>2024-08-17T01:59:32Z</time></trkpt><trkpt lat="-39.3633821793" lon="-72.6242828742"><ele>117.83</ele><time>2024-08-17T01:59:33Z</time></trkpt><trkpt lat="-39.3634520005" lon="-72.6243226044"><ele>117.85</ele><time>2024-08-17T01:59:34Z</time></trkpt><trkpt lat="-39.3635154516" lon="-72.6243640948"><ele>117.96</ele><time>2024-08-17T01:59:35Z</time></trkpt><trkpt lat="-39.3635714427" lon="-72.6244167332"><ele>118.06</ele><time>2024-08-17T01:59:36Z</time></trkpt><trkpt lat="-39.3636213150" lon="-72.6244732272"><ele>117.91</ele><time>2024-08-17T01:59:37Z</time></trkpt><trkpt lat="-39.3636638112" lon="-72.6245267875"><ele>117.87</ele><time>2024-08-17T01:59:38Z</time></trkpt><trkpt lat="-39.3636971712" lon="-72.6245741453"><ele>117.85</ele><time>2024-08-17T01:59:39Z</time></trkpt><trkpt lat="-39.3637202214" lon="-72.6246156357"><ele>117.65</ele><time>2024-08-17T01:59:40Z</time></trkpt><trkpt lat="-39.3637710158" lon="-72.6247275341"><ele>117.49</ele><time>2024-08-17T01:59:49Z</time></trkpt><trkpt lat="-39.3637836725" lon="-72.6247349102"><ele>117.49</ele><time>2024-08-17T01:59:50Z</time></trkpt><trkpt lat="-39.3638216425" lon="-72.6247226726"><ele>117.63</ele><time>2024-08-17T01:59:52Z</time></trkpt><trkpt lat="-39.3638357241" lon="-72.6247025561"><ele>117.62</ele><time>2024-08-17T01:59:53Z</time></trkpt><trkpt lat="-39.3638443574" lon="-72.6246747281"><ele>117.54</ele><time>2024-08-17T01:59:54Z</time></trkpt><trkpt lat="-39.3638496380" lon="-72.6246386021"><ele>117.56</ele><time>2024-08-17T01:59:55Z</time></trkpt><trkpt lat="-39.3638560921" lon="-72.6245939266"><ele>117.62</ele><time>2024-08-17T01:59:56Z</time></trkpt><trkpt lat="-39.3638908770" lon="-72.6241682097"><ele>115.89</ele><time>2024-08-17T02:00:03Z</time></trkpt><trkpt lat="-39.3638187926" lon="-72.6238812134"><ele>115.34</ele><time>2024-08-17T02:00:09Z</time></trkpt><trkpt lat="-39.3637854327" lon="-72.6238452550"><ele>115.54</ele><time>2024-08-17T02:00:10Z</time></trkpt><trkpt lat="-39.3632597197" lon="-72.6233447716"><ele>116.01</ele><time>2024-08-17T02:00:24Z</time></trkpt><trkpt lat="-39.3632367533" lon="-72.6232922170"><ele>116.02</ele><time>2024-08-17T02:00:25Z</time></trkpt><trkpt lat="-39.3632266112" lon="-72.6232340466"><ele>115.98</ele><time>2024-08-17T02:00:26Z</time></trkpt><trkpt lat="-39.3632254377" lon="-72.6223888155"><ele>116.09</ele><time>2024-08-17T02:00:40Z</time></trkpt><trkpt lat="-39.3632762320" lon="-72.6222915854"><ele>116.22</ele><time>2024-08-17T02:00:45Z</time></trkpt><trkpt lat="-39.3632953428" lon="-72.6222958602"><ele>116.29</ele><time>2024-08-17T02:00:46Z</time></trkpt><trkpt lat="-39.3633159623" lon="-72.6223086007"><ele>116.34</ele><time>2024-08-17T02:00:47Z</time></trkpt><trkpt lat="-39.3635168765" lon="-72.6224770769"><ele>116.22</ele><time>2024-08-17T02:00:57Z</time></trkpt><trkpt lat="-39.3635345623" lon="-72.6224703714"><ele>116.23</ele><time>2024-08-17T02:00:58Z</time></trkpt><trkpt lat="-39.3635489792" lon="-72.6224564575"><ele>116.19</ele><time>2024-08-17T02:00:59Z</time></trkpt><trkpt lat="-39.3635587860" lon="-72.6224382687"><ele>116.21</ele><time>2024-08-17T02:01:00Z</time></trkpt><trkpt lat="-39.3635620549" lon="-72.6224125363"><ele>116.33</ele><time>2024-08-17T02:01:01Z</time></trkpt><trkpt lat="-39.3635631446" lon="-72.6223813556"><ele>116.28</ele><time>2024-08-17T02:01:02Z</time></trkpt><trkpt lat="-39.3635790702" lon="-72.6216611825"><ele>116.60</ele><time>2024-08-17T02:01:16Z</time></trkpt><trkpt lat="-39.3635736220" lon="-72.6214545686"><ele>116.61</ele><time>2024-08-17T02:01:22Z</time></trkpt><trkpt lat="-39.3635605462" lon="-72.6214263216"><ele>116.74</ele><time>2024-08-17T02:01:23Z</time></trkpt><trkpt lat="-39.3635408487" lon="-72.6213986613"><ele>116.86</ele><time>2024-08-17T02:01:24Z</time></trkpt><trkpt lat="-39.3633054011" lon="-72.6212055422"><ele>116.47</ele><time>2024-08-17T02:01:34Z</time></trkpt><trkpt lat="-39.3632873800" lon="-72.6212104037"><ele>116.40</ele><time>2024-08-17T02:01:35Z</time></trkpt><trkpt lat="-39.3632664252" lon="-72.6212213002"><ele>116.28</ele><time>2024-08-17T02:01:36Z</time></trkpt><trkpt lat="-39.3632469792" lon="-72.6212426741"><ele>116.26</ele><time>2024-08-17T02:01:37Z</time></trkpt><trkpt lat="-39.3632337358" lon="-72.6212736033"><ele>116.29</ele><time>2024-08-17T02:01:38Z</time></trkpt><trkpt lat="-39.3632271141" lon="-72.6212964859"><ele>116.33</ele><time>2024-08-17T02:01:39Z</time></trkpt><trkpt lat="-39.3632225879" lon="-72.6213171892"><ele>116.24</ele><time>2024-08-17T02:01:40Z</time></trkpt><trkpt lat="-39.3632193189" lon="-72.6213321928"><ele>116.30</ele><time>2024-08-17T02:01:41Z</time></trkpt><trkpt lat="-39.3632296287" lon="-72.6214001700"><ele>116.26</ele><time>2024-08-17T02:01:47Z</time></trkpt><trkpt lat="-39.3632325623" lon="-72.6214782894"><ele>116.27</ele><time>2024-08-17T02:01:49Z</time></trkpt><trkpt lat="-39.3631854560" lon="-72.6217035949"><ele>116.31</ele><time>2024-08-17T02:01:56Z</time></trkpt><trkpt lat="-39.3631637469" lon="-72.6217082050"><ele>116.27</ele><time>2024-08-17T02:01:57Z</time></trkpt><trkpt lat="-39.3631352484" lon="-72.6217089593"><ele>116.36</ele><time>2024-08-17T02:01:58Z</time></trkpt><trkpt lat="-39.3626387045" lon="-72.6216990687"><ele>116.84</ele><time>2024-08-17T02:02:11Z</time></trkpt><trkpt lat="-39.3625315838" lon="-72.6219274756"><ele>116.89</ele><time>2024-08-17T02:02:20Z</time></trkpt><trkpt lat="-39.3625146523" lon="-72.6219448261"><ele>116.94</ele><time>2024-08-17T02:02:21Z</time></trkpt><trkpt lat="-39.3624930270" lon="-72.6219555549"><ele>116.89</ele><time>2024-08-17T02:02:22Z</time></trkpt><trkpt lat="-39.3624623492" lon="-72.6219639368"><ele>117.01</ele><time>2024-08-17T02:02:23Z</time></trkpt><trkpt lat="-39.3624216970" lon="-72.6219739951"><ele>117.05</ele><time>2024-08-17T02:02:24Z</time></trkpt><trkpt lat="-39.3619922921" lon="-72.6219988894"><ele>116.92</ele><time>2024-08-17T02:02:34Z</time></trkpt><trkpt lat="-39.3618041184" lon="-72.6217167545"><ele>116.99</ele><time>2024-08-17T02:02:43Z</time></trkpt><trkpt lat="-39.3618136737" lon="-72.6216828078"><ele>116.88</ele><time>2024-08-17T02:02:44Z</time></trkpt><trkpt lat="-39.3618394900" lon="-72.6216533035"><ele>116.94</ele><time>2024-08-17T02:02:45Z</time></trkpt><trkpt lat="-39.3618765380" lon="-72.6216343604"><ele>116.84</ele><time>2024-08-17T02:02:46Z</time></trkpt><trkpt lat="-39.3619190343" lon="-72.6216226257"><ele>116.76</ele><time>2024-08-17T02:02:47Z</time></trkpt><trkpt lat="-39.3619663082" lon="-72.6216136571"><ele>116.64</ele><time>2024-08-17T02:02:48Z</time></trkpt><trkpt lat="-39.3625142332" lon="-72.6215471048"><ele>116.97</ele><time>2024-08-17T02:02:59Z</time></trkpt><trkpt lat="-39.3626029138" lon="-72.6214243937"><ele>116.89</ele><time>2024-08-17T02:03:04Z</time></trkpt><trkpt lat="-39.3626103736" lon="-72.6213601884"><ele>116.96</ele><time>2024-08-17T02:03:05Z</time></trkpt><trkpt lat="-39.3626250420" lon="-72.6206857804"><ele>116.87</ele><time>2024-08-17T02:03:14Z</time></trkpt><trkpt lat="-39.3626361899" lon="-72.6206349861"><ele>116.81</ele><time>2024-08-17T02:03:15Z</time></trkpt><trkpt lat="-39.3626581505" lon="-72.6206008717"><ele>116.75</ele><time>2024-08-17T02:03:16Z</time></trkpt><trkpt lat="-39.3626947794" lon="-72.6205819286"><ele>116.68</ele><time>2024-08-17T02:03:17Z</time></trkpt><trkpt lat="-39.3627413828" lon="-72.6205740497"><ele>116.77</ele><time>2024-08-17T02:03:18Z</time></trkpt><trkpt lat="-39.3627964519" lon="-72.6205744687"><ele>116.71</ele><time>2024-08-17T02:03:19Z</time></trkpt><trkpt lat="-39.3628568854" lon="-72.6205775701"><ele>116.89</ele><time>2024-08-17T02:03:20Z</time></trkpt><trkpt lat="-39.3638456985" lon="-72.6206213236"><ele>117.09</ele><time>2024-08-17T02:03:37Z</time></trkpt><trkpt lat="-39.3640151806" lon="-72.6205939148"><ele>116.88</ele><time>2024-08-17T02:03:44Z</time></trkpt><trkpt lat="-39.3640335370" lon="-72.6205663383"><ele>116.92</ele><time>2024-08-17T02:03:45Z</time></trkpt><trkpt lat="-39.3640493788" lon="-72.6205292065"><ele>117.04</ele><time>2024-08-17T02:03:46Z</time></trkpt><trkpt lat="-39.3640586827" lon="-72.6204769034"><ele>117.09</ele><time>2024-08-17T02:03:47Z</time></trkpt><trkpt lat="-39.3640626222" lon="-72.6204160508"><ele>116.99</ele><time>2024-08-17T02:03:48Z</time></trkpt><trkpt lat="-39.3639492150" lon="-72.6201428846"><ele>117.13</ele><time>2024-08-17T02:03:57Z</time></trkpt><trkpt lat="-39.3633445445" lon="-72.6201186609"><ele>117.68</ele><time>2024-08-17T02:04:11Z</time></trkpt><trkpt lat="-39.3626876548" lon="-72.6200756617"><ele>116.49</ele><time>2024-08-17T02:04:25Z</time></trkpt><trkpt lat="-39.3626480084" lon="-72.6200253703"><ele>116.39</ele><time>2024-08-17T02:04:27Z</time></trkpt><trkpt lat="-39.3626431469" lon="-72.6199775096"><ele>116.43</ele><time>2024-08-17T02:04:28Z</time></trkpt><trkpt lat="-39.3626435660" lon="-72.6199170761"><ele>116.39</ele><time>2024-08-17T02:04:29Z</time></trkpt><trkpt lat="-39.3627260439" lon="-72.6196440775"><ele>116.40</ele><time>2024-08-17T02:04:35Z</time></trkpt><trkpt lat="-39.3627657741" lon="-72.6196382102"><ele>116.44</ele><time>2024-08-17T02:04:36Z</time></trkpt><trkpt lat="-39.3628158979" lon="-72.6196391322"><ele>116.41</ele><time>2024-08-17T02:04:37Z</time></trkpt><trkpt lat="-39.3637118395" lon="-72.6196832210"><ele>117.25</ele><time>2024-08-17T02:04:52Z</time></trkpt><trkpt lat="-39.3640362192" lon="-72.6196802035"><ele>117.08</ele><time>2024-08-17T02:05:02Z</time></trkpt><trkpt lat="-39.3640539050" lon="-72.6196416467"><ele>117.07</ele><time>2024-08-17T02:05:03Z</time></trkpt><trkpt lat="-39.3640650529" lon="-72.6195860747"><ele>117.07</ele><time>2024-08-17T02:05:04Z</time></trkpt><trkpt lat="-39.3640710041" lon="-72.6195198577"><ele>117.23</ele><time>2024-08-17T02:05:05Z</time></trkpt><trkpt lat="-39.3640741892" lon="-72.6194525510"><ele>117.23</ele><time>2024-08-17T02:05:06Z</time></trkpt><trkpt lat="-39.3639421742" lon="-72.6192114875"><ele>117.51</ele><time>2024-08-17T02:05:14Z</time></trkpt><trkpt lat="-39.3638198823" lon="-72.6192032732"><ele>117.47</ele><time>2024-08-17T02:05:24Z</time></trkpt><trkpt lat="-39.3634508271" lon="-72.6191808935"><ele>117.31</ele><time>2024-08-17T02:05:34Z</time></trkpt><trkpt lat="-39.3628120422" lon="-72.6191559155"><ele>116.87</ele><time>2024-08-17T02:05:47Z</time></trkpt><trkpt lat="-39.3627586495" lon="-72.6191019360"><ele>116.74</ele><time>2024-08-17T02:05:50Z</time></trkpt><trkpt lat="-39.3627578113" lon="-72.6190655585"><ele>116.77</ele><time>2024-08-17T02:05:51Z</time></trkpt><trkpt lat="-39.3627667800" lon="-72.6190156024"><ele>116.85</ele><time>2024-08-17T02:05:52Z</time></trkpt><trkpt lat="-39.3627835438" lon="-72.6189569291"><ele>116.91</ele><time>2024-08-17T02:05:53Z</time></trkpt><trkpt lat="-39.3628051691" lon="-72.6188970823"><ele>117.00</ele><time>2024-08-17T02:05:54Z</time></trkpt><trkpt lat="-39.3628299795" lon="-72.6188430190"><ele>117.09</ele><time>2024-08-17T02:05:55Z</time></trkpt><trkpt lat="-39.3628554605" lon="-72.6187968347"><ele>117.11</ele><time>2024-08-17T02:05:56Z</time></trkpt><trkpt lat="-39.3628826179" lon="-72.6187616307"><ele>117.01</ele><time>2024-08-17T02:05:57Z</time></trkpt><trkpt lat="-39.3629126251" lon="-72.6187404245"><ele>117.09</ele><time>2024-08-17T02:05:58Z</time></trkpt><trkpt lat="-39.3629448116" lon="-72.6187284384"><ele>117.00</ele><time>2024-08-17T02:05:59Z</time></trkpt><trkpt lat="-39.3629811890" lon="-72.6187250018"><ele>116.93</ele><time>2024-08-17T02:06:00Z</time></trkpt><trkpt lat="-39.3630203325" lon="-72.6187264267"><ele>117.03</ele><time>2024-08-17T02:06:01Z</time></trkpt><trkpt lat="-39.3637531623" lon="-72.6187679172"><ele>117.86</ele><time>2024-08-17T02:06:14Z</time></trkpt><trkpt lat="-39.3640125822" lon="-72.6187881175"><ele>117.76</ele><time>2024-08-17T02:06:23Z</time></trkpt><trkpt lat="-39.3640210479" lon="-72.6187866088"><ele>117.70</ele><time>2024-08-17T02:06:29Z</time></trkpt><trkpt lat="-39.3640388176" lon="-72.6187655702"><ele>117.68</ele><time>2024-08-17T02:06:30Z</time></trkpt><trkpt lat="-39.3640530668" lon="-72.6187302824"><ele>117.69</ele><time>2024-08-17T02:06:31Z</time></trkpt><trkpt lat="-39.3640623707" lon="-72.6186840143"><ele>117.80</ele><time>2024-08-17T02:06:32Z</time></trkpt><trkpt lat="-39.3640676513" lon="-72.6186279394"><ele>117.81</ele><time>2024-08-17T02:06:33Z</time></trkpt><trkpt lat="-39.3640710879" lon="-72.6185680926"><ele>117.84</ele><time>2024-08-17T02:06:34Z</time></trkpt><trkpt lat="-39.3640710879" lon="-72.6185139455"><ele>117.92</ele><time>2024-08-17T02:06:35Z</time></trkpt><trkpt lat="-39.3640649691" lon="-72.6184687670"><ele>117.87</ele><time>2024-08-17T02:06:36Z</time></trkpt><trkpt lat="-39.3640562519" lon="-72.6184342336"><ele>117.90</ele><time>2024-08-17T02:06:37Z</time></trkpt><trkpt lat="-39.3640454393" lon="-72.6184053998"><ele>117.80</ele><time>2024-08-17T02:06:38Z</time></trkpt><trkpt lat="-39.3640316091" lon="-72.6183804218"><ele>117.80</ele><time>2024-08-17T02:06:39Z</time></trkpt><trkpt lat="-39.3640116602" lon="-72.6183603890"><ele>117.77</ele><time>2024-08-17T02:06:40Z</time></trkpt><trkpt lat="-39.3639845867" lon="-72.6183470618"><ele>117.80</ele><time>2024-08-17T02:06:41Z</time></trkpt><trkpt lat="-39.3639518972" lon="-72.6183377579"><ele>117.89</ele><time>2024-08-17T02:06:42Z</time></trkpt><trkpt lat="-39.3639130890" lon="-72.6183335669"><ele>117.87</ele><time>2024-08-17T02:06:43Z</time></trkpt><trkpt lat="-39.3633230031" lon="-72.6183094271"><ele>117.57</ele><time>2024-08-17T02:06:55Z</time></trkpt><trkpt lat="-39.3631785829" lon="-72.6182897296"><ele>117.20</ele><time>2024-08-17T02:06:59Z</time></trkpt><trkpt lat="-39.3631645013" lon="-72.6182713732"><ele>117.22</ele><time>2024-08-17T02:07:00Z</time></trkpt><trkpt lat="-39.3631571252" lon="-72.6182482392"><ele>117.17</ele><time>2024-08-17T02:07:01Z</time></trkpt><trkpt lat="-39.3631603103" lon="-72.6182124484"><ele>117.23</ele><time>2024-08-17T02:07:02Z</time></trkpt><trkpt lat="-39.3631738052" lon="-72.6181626599"><ele>117.32</ele><time>2024-08-17T02:07:03Z</time></trkpt><trkpt lat="-39.3631940056" lon="-72.6181055792"><ele>117.34</ele><time>2024-08-17T02:07:04Z</time></trkpt><trkpt lat="-39.3633171357" lon="-72.6178785972"><ele>117.56</ele><time>2024-08-17T02:07:09Z</time></trkpt><trkpt lat="-39.3633531779" lon="-72.6178686228"><ele>117.50</ele><time>2024-08-17T02:07:10Z</time></trkpt><trkpt lat="-39.3633906450" lon="-72.6178661920"><ele>117.53</ele><time>2024-08-17T02:07:11Z</time></trkpt><trkpt lat="-39.3639823236" lon="-72.6178976241"><ele>118.05</ele><time>2024-08-17T02:07:23Z</time></trkpt><trkpt lat="-39.3640270829" lon="-72.6178896613"><ele>117.92</ele><time>2024-08-17T02:07:26Z</time></trkpt><trkpt lat="-39.3640427571" lon="-72.6178735681"><ele>117.79</ele><time>2024-08-17T02:07:27Z</time></trkpt><trkpt lat="-39.3640549108" lon="-72.6178440638"><ele>117.87</ele><time>2024-08-17T02:07:28Z</time></trkpt><trkpt lat="-39.3640652206" lon="-72.6177982148"><ele>117.90</ele><time>2024-08-17T02:07:29Z</time></trkpt><trkpt lat="-39.3640730157" lon="-72.6177373622"><ele>118.01</ele><time>2024-08-17T02:07:30Z</time></trkpt><trkpt lat="-39.3640772067" lon="-72.6176689658"><ele>118.08</ele><time>2024-08-17T02:07:31Z</time></trkpt><trkpt lat="-39.3640797213" lon="-72.6176056825"><ele>118.11</ele><time>2024-08-17T02:07:32Z</time></trkpt><trkpt lat="-39.3639364745" lon="-72.6174384635"><ele>118.08</ele><time>2024-08-17T02:07:40Z</time></trkpt><trkpt lat="-39.3635399267" lon="-72.6174025051"><ele>117.89</ele><time>2024-08-17T02:07:49Z</time></trkpt><trkpt lat="-39.3635155354" lon="-72.6173527166"><ele>117.69</ele><time>2024-08-17T02:07:51Z</time></trkpt><trkpt lat="-39.3635130208" lon="-72.6173105557"><ele>117.82</ele><time>2024-08-17T02:07:52Z</time></trkpt><trkpt lat="-39.3635184690" lon="-72.6172579173"><ele>117.81</ele><time>2024-08-17T02:07:53Z</time></trkpt><trkpt lat="-39.3635340594" lon="-72.6171992440"><ele>117.92</ele><time>2024-08-17T02:07:54Z</time></trkpt><trkpt lat="-39.3635513261" lon="-72.6171424985"><ele>118.09</ele><time>2024-08-17T02:07:55Z</time></trkpt><trkpt lat="-39.3635704368" lon="-72.6170907822"><ele>118.02</ele><time>2024-08-17T02:07:56Z</time></trkpt><trkpt lat="-39.3635923974" lon="-72.6170445140"><ele>117.98</ele><time>2024-08-17T02:07:57Z</time></trkpt><trkpt lat="-39.3636231590" lon="-72.6170059573"><ele>117.93</ele><time>2024-08-17T02:07:58Z</time></trkpt><trkpt lat="-39.3636587821" lon="-72.6169800572"><ele>118.07</ele><time>2024-08-17T02:07:59Z</time></trkpt><trkpt lat="-39.3636950757" lon="-72.6169659756"><ele>117.98</ele><time>2024-08-17T02:08:00Z</time></trkpt><trkpt lat="-39.3637338839" lon="-72.6169592701"><ele>118.03</ele><time>2024-08-17T02:08:01Z</time></trkpt><trkpt lat="-39.3637745362" lon="-72.6169596054"><ele>118.11</ele><time>2024-08-17T02:08:02Z</time></trkpt><trkpt lat="-39.3638175353" lon="-72.6169648860"><ele>118.11</ele><time>2024-08-17T02:08:03Z</time></trkpt><trkpt lat="-39.3638602830" lon="-72.6169720944"><ele>118.17</ele><time>2024-08-17T02:08:04Z</time></trkpt><trkpt lat="-39.3640466966" lon="-72.6170269959"><ele>118.31</ele><time>2024-08-17T02:08:09Z</time></trkpt><trkpt lat="-39.3640651368" lon="-72.6170689892"><ele>118.44</ele><time>2024-08-17T02:08:10Z</time></trkpt><trkpt lat="-39.3640725967" lon="-72.6171266567"><ele>118.55</ele><time>2024-08-17T02:08:11Z</time></trkpt><trkpt lat="-39.3640735187" lon="-72.6171968970"><ele>118.51</ele><time>2024-08-17T02:08:12Z</time></trkpt><trkpt lat="-39.3640723452" lon="-72.6172751840"><ele>118.41</ele><time>2024-08-17T02:08:13Z</time></trkpt><trkpt lat="-39.3640347943" lon="-72.6185346488"><ele>118.29</ele><time>2024-08-17T02:08:26Z</time></trkpt><trkpt lat="-39.3640066311" lon="-72.6200628374"><ele>117.48</ele><time>2024-08-17T02:08:41Z</time></trkpt><trkpt lat="-39.3639647216" lon="-72.6213659719"><ele>116.71</ele><time>2024-08-17T02:08:55Z</time></trkpt><trkpt lat="-39.3639539089" lon="-72.6214420795"><ele>116.67</ele><time>2024-08-17T02:08:56Z</time></trkpt><trkpt lat="-39.3639393244" lon="-72.6215146668"><ele>116.74</ele><time>2024-08-17T02:08:57Z</time></trkpt><trkpt lat="-39.3639101554" lon="-72.6216524653"><ele>116.60</ele><time>2024-08-17T02:08:59Z</time></trkpt><trkpt lat="-39.3639033660" lon="-72.6217252202"><ele>116.48</ele><time>2024-08-17T02:09:00Z</time></trkpt><trkpt lat="-39.3638730235" lon="-72.6228641532"><ele>116.45</ele><time>2024-08-17T02:09:13Z</time></trkpt><trkpt lat="-39.3638539128" lon="-72.6237562392"><ele>116.14</ele><time>2024-08-17T02:09:22Z</time></trkpt><trkpt lat="-39.3638369814" lon="-72.6245276257"><ele>117.14</ele><time>2024-08-17T02:09:32Z</time></trkpt><trkpt lat="-39.3638315331" lon="-72.6247136202"><ele>117.80</ele><time>2024-08-17T02:09:38Z</time></trkpt><trkpt lat="-39.3638517335" lon="-72.6247636601"><ele>117.71</ele><time>2024-08-17T02:09:39Z</time></trkpt><trkpt lat="-39.3638809025" lon="-72.6248153765"><ele>117.90</ele><time>2024-08-17T02:09:40Z</time></trkpt><trkpt lat="-39.3641863391" lon="-72.6252534147"><ele>117.72</ele><time>2024-08-17T02:09:49Z</time></trkpt><trkpt lat="-39.3642194476" lon="-72.6252547558"><ele>117.71</ele><time>2024-08-17T02:09:50Z</time></trkpt><trkpt lat="-39.3642502092" lon="-72.6252332143"><ele>117.54</ele><time>2024-08-17T02:09:51Z</time></trkpt><trkpt lat="-39.3642751873" lon="-72.6251922268"><ele>117.50</ele><time>2024-08-17T02:09:52Z</time></trkpt><trkpt lat="-39.3642902747" lon="-72.6251334697"><ele>117.18</ele><time>2024-08-17T02:09:53Z</time></trkpt><trkpt lat="-39.3642966449" lon="-72.6250653248"><ele>117.14</ele><time>2024-08-17T02:09:54Z</time></trkpt><trkpt lat="-39.3642993271" lon="-72.6249828469"><ele>117.00</ele><time>2024-08-17T02:09:55Z</time></trkpt><trkpt lat="-39.3643072899" lon="-72.6248006243"><ele>116.66</ele><time>2024-08-17T02:09:57Z</time></trkpt><trkpt lat="-39.3643163424" lon="-72.6245025638"><ele>116.69</ele><time>2024-08-17T02:10:00Z</time></trkpt><trkpt lat="-39.3643183541" lon="-72.6244018972"><ele>116.82</ele><time>2024-08-17T02:10:01Z</time></trkpt><trkpt lat="-39.3643210363" lon="-72.6243007276"><ele>116.92</ele><time>2024-08-17T02:10:02Z</time></trkpt><trkpt lat="-39.3643391412" lon="-72.6235218812"><ele>117.49</ele><time>2024-08-17T02:10:10Z</time></trkpt><trkpt lat="-39.3643548992" lon="-72.6228390075"><ele>117.32</ele><time>2024-08-17T02:10:18Z</time></trkpt><trkpt lat="-39.3643779494" lon="-72.6219633501"><ele>117.38</ele><time>2024-08-17T02:10:29Z</time></trkpt><trkpt lat="-39.3644052744" lon="-72.6205069106"><ele>117.36</ele><time>2024-08-17T02:10:45Z</time></trkpt><trkpt lat="-39.3644287437" lon="-72.6184845250"><ele>117.36</ele><time>2024-08-17T02:11:06Z</time></trkpt><trkpt lat="-39.3644451723" lon="-72.6160945930"><ele>119.41</ele><time>2024-08-17T02:11:31Z</time></trkpt><trkpt lat="-39.3644618522" lon="-72.6148579270"><ele>122.65</ele><time>2024-08-17T02:11:44Z</time></trkpt><trkpt lat="-39.3644826394" lon="-72.6142468024"><ele>125.53</ele><time>2024-08-17T02:11:51Z</time></trkpt><trkpt lat="-39.3644904345" lon="-72.6138389390"><ele>126.11</ele><time>2024-08-17T02:11:56Z</time></trkpt><trkpt lat="-39.3645725772" lon="-72.6135190856"><ele>127.47</ele><time>2024-08-17T02:12:00Z</time></trkpt><trkpt lat="-39.3645991478" lon="-72.6128699072"><ele>130.97</ele><time>2024-08-17T02:12:08Z</time></trkpt><trkpt lat="-39.3646221142" lon="-72.6122915559"><ele>132.21</ele><time>2024-08-17T02:12:17Z</time></trkpt><trkpt lat="-39.3646082003" lon="-72.6120706927"><ele>132.46</ele><time>2024-08-17T02:12:21Z</time></trkpt><trkpt lat="-39.3647556379" lon="-72.6118398551"><ele>133.26</ele><time>2024-08-17T02:12:27Z</time></trkpt><trkpt lat="-39.3654131982" lon="-72.6114870608"><ele>136.54</ele><time>2024-08-17T02:12:40Z</time></trkpt><trkpt lat="-39.3654500786" lon="-72.6114768349"><ele>136.83</ele><time>2024-08-17T02:12:41Z</time></trkpt><trkpt lat="-39.3655399326" lon="-72.6115881465"><ele>137.61</ele><time>2024-08-17T02:12:45Z</time></trkpt><trkpt lat="-39.3655240070" lon="-72.6118701138"><ele>137.61</ele><time>2024-08-17T02:12:50Z</time></trkpt><trkpt lat="-39.3650739826" lon="-72.6121555176"><ele>135.24</ele><time>2024-08-17T02:13:02Z</time></trkpt><trkpt lat="-39.3646672089" lon="-72.6123782247"><ele>132.12</ele><time>2024-08-17T02:13:12Z</time></trkpt><trkpt lat="-39.3645705655" lon="-72.6126203779"><ele>131.52</ele><time>2024-08-17T02:13:21Z</time></trkpt><trkpt lat="-39.3645776901" lon="-72.6128017623"><ele>131.18</ele><time>2024-08-17T02:13:25Z</time></trkpt><trkpt lat="-39.3647370301" lon="-72.6128365472"><ele>131.71</ele><time>2024-08-17T02:13:31Z</time></trkpt><trkpt lat="-39.3651828635" lon="-72.6125953998"><ele>135.12</ele><time>2024-08-17T02:13:41Z</time></trkpt><trkpt lat="-39.3654696923" lon="-72.6124346349"><ele>137.20</ele><time>2024-08-17T02:13:48Z</time></trkpt><trkpt lat="-39.3654971011" lon="-72.6124390773"><ele>136.95</ele><time>2024-08-17T02:13:56Z</time></trkpt><trkpt lat="-39.3655158766" lon="-72.6124719344"><ele>136.92</ele><time>2024-08-17T02:13:59Z</time></trkpt><trkpt lat="-39.3654996157" lon="-72.6128459349"><ele>134.88</ele><time>2024-08-17T02:14:10Z</time></trkpt><trkpt lat="-39.3654862884" lon="-72.6128746849"><ele>134.69</ele><time>2024-08-17T02:14:11Z</time></trkpt><trkpt lat="-39.3650721386" lon="-72.6131166704"><ele>131.98</ele><time>2024-08-17T02:14:24Z</time></trkpt><trkpt lat="-39.3646478467" lon="-72.6133434847"><ele>129.07</ele><time>2024-08-17T02:14:34Z</time></trkpt><trkpt lat="-39.3645873293" lon="-72.6133912615"><ele>128.36</ele><time>2024-08-17T02:14:37Z</time></trkpt><trkpt lat="-39.3644538894" lon="-72.6137935929"><ele>126.40</ele><time>2024-08-17T02:14:44Z</time></trkpt><trkpt lat="-39.3646403868" lon="-72.6138856262"><ele>126.43</ele><time>2024-08-17T02:14:50Z</time></trkpt><trkpt lat="-39.3650882319" lon="-72.6136207581"><ele>130.31</ele><time>2024-08-17T02:14:57Z</time></trkpt><trkpt lat="-39.3654685188" lon="-72.6134070195"><ele>133.39</ele><time>2024-08-17T02:15:03Z</time></trkpt><trkpt lat="-39.3656479754" lon="-72.6133305766"><ele>133.97</ele><time>2024-08-17T02:15:06Z</time></trkpt><trkpt lat="-39.3658374902" lon="-72.6131683867"><ele>135.26</ele><time>2024-08-17T02:15:10Z</time></trkpt><trkpt lat="-39.3659346364" lon="-72.6129065361"><ele>136.64</ele><time>2024-08-17T02:15:14Z</time></trkpt><trkpt lat="-39.3659655657" lon="-72.6119133644"><ele>135.50</ele><time>2024-08-17T02:15:28Z</time></trkpt><trkpt lat="-39.3659760430" lon="-72.6118948404"><ele>135.33</ele><time>2024-08-17T02:15:29Z</time></trkpt><trkpt lat="-39.3660106603" lon="-72.6118765678"><ele>134.78</ele><time>2024-08-17T02:15:31Z</time></trkpt><trkpt lat="-39.3660399131" lon="-72.6118826028"><ele>134.58</ele><time>2024-08-17T02:15:32Z</time></trkpt><trkpt lat="-39.3660722673" lon="-72.6119069941"><ele>134.28</ele><time>2024-08-17T02:15:33Z</time></trkpt><trkpt lat="-39.3661119975" lon="-72.6119489037"><ele>134.03</ele><time>2024-08-17T02:15:34Z</time></trkpt><trkpt lat="-39.3661559187" lon="-72.6120012067"><ele>133.69</ele><time>2024-08-17T02:15:35Z</time></trkpt><trkpt lat="-39.3665525503" lon="-72.6123674959"><ele>130.40</ele><time>2024-08-17T02:15:42Z</time></trkpt><trkpt lat="-39.3666786980" lon="-72.6124585234"><ele>129.53</ele><time>2024-08-17T02:15:44Z</time></trkpt><trkpt lat="-39.3671165686" lon="-72.6127447654"><ele>126.35</ele><time>2024-08-17T02:15:52Z</time></trkpt><trkpt lat="-39.3674850371" lon="-72.6129775308"><ele>123.33</ele><time>2024-08-17T02:15:59Z</time></trkpt><trkpt lat="-39.3679115921" lon="-72.6133356895"><ele>121.07</ele><time>2024-08-17T02:16:09Z</time></trkpt><trkpt lat="-39.3679592013" lon="-72.6133918483"><ele>120.74</ele><time>2024-08-17T02:16:11Z</time></trkpt><trkpt lat="-39.3679673318" lon="-72.6134187542"><ele>120.40</ele><time>2024-08-17T02:16:12Z</time></trkpt><trkpt lat="-39.3679689243" lon="-72.6134480070"><ele>120.36</ele><time>2024-08-17T02:16:13Z</time></trkpt><trkpt lat="-39.3679588661" lon="-72.6134849712"><ele>120.21</ele><time>2024-08-17T02:16:14Z</time></trkpt><trkpt lat="-39.3679334689" lon="-72.6135196723"><ele>120.21</ele><time>2024-08-17T02:16:15Z</time></trkpt><trkpt lat="-39.3678961694" lon="-72.6135540381"><ele>120.18</ele><time>2024-08-17T02:16:16Z</time></trkpt><trkpt lat="-39.3678523321" lon="-72.6135884039"><ele>120.09</ele><time>2024-08-17T02:16:17Z</time></trkpt><trkpt lat="-39.3676608056" lon="-72.6137559582"><ele>119.03</ele><time>2024-08-17T02:16:23Z</time></trkpt><trkpt lat="-39.3676565308" lon="-72.6137726381"><ele>118.86</ele><time>2024-08-17T02:16:24Z</time></trkpt><trkpt lat="-39.3676557764" lon="-72.6137902401"><ele>118.87</ele><time>2024-08-17T02:16:25Z</time></trkpt><trkpt lat="-39.3676597998" lon="-72.6138128713"><ele>118.68</ele><time>2024-08-17T02:16:26Z</time></trkpt><trkpt lat="-39.3676701933" lon="-72.6138410345"><ele>118.57</ele><time>2024-08-17T02:16:27Z</time></trkpt><trkpt lat="-39.3676877115" lon="-72.6138744783"><ele>118.63</ele><time>2024-08-17T02:16:28Z</time></trkpt><trkpt lat="-39.3677083310" lon="-72.6139106043"><ele>118.73</ele><time>2024-08-17T02:16:29Z</time></trkpt><trkpt lat="-39.3679722771" lon="-72.6143862773"><ele>119.26</ele><time>2024-08-17T02:16:43Z</time></trkpt><trkpt lat="-39.3679640628" lon="-72.6144436095"><ele>119.34</ele><time>2024-08-17T02:16:45Z</time></trkpt><trkpt lat="-39.3679417670" lon="-72.6144756284"><ele>119.33</ele><time>2024-08-17T02:16:46Z</time></trkpt><trkpt lat="-39.3679077365" lon="-72.6145094912"><ele>119.23</ele><time>2024-08-17T02:16:47Z</time></trkpt><trkpt lat="-39.3677116837" lon="-72.6146478765"><ele>119.01</ele><time>2024-08-17T02:16:53Z</time></trkpt><trkpt lat="-39.3676924054" lon="-72.6146322861"><ele>118.98</ele><time>2024-08-17T02:16:54Z</time></trkpt><trkpt lat="-39.3676723726" lon="-72.6146046259"><ele>119.05</ele><time>2024-08-17T02:16:55Z</time></trkpt><trkpt lat="-39.3676516693" lon="-72.6145690866"><ele>119.08</ele><time>2024-08-17T02:16:56Z</time></trkpt><trkpt lat="-39.3676312175" lon="-72.6145298593"><ele>119.10</ele><time>2024-08-17T02:16:57Z</time></trkpt><trkpt lat="-39.3673770782" lon="-72.6140592992"><ele>118.86</ele><time>2024-08-17T02:17:10Z</time></trkpt><trkpt lat="-39.3673050776" lon="-72.6140315551"><ele>119.05</ele><time>2024-08-17T02:17:14Z</time></trkpt><trkpt lat="-39.3672741484" lon="-72.6140463073"><ele>119.18</ele><time>2024-08-17T02:17:15Z</time></trkpt><trkpt lat="-39.3672393635" lon="-72.6140751410"><ele>119.19</ele><time>2024-08-17T02:17:16Z</time></trkpt><trkpt lat="-39.3669590726" lon="-72.6143452059"><ele>119.41</ele><time>2024-08-17T02:17:25Z</time></trkpt><trkpt lat="-39.3666288257" lon="-72.6146096550"><ele>120.64</ele><time>2024-08-17T02:17:34Z</time></trkpt><trkpt lat="-39.3666276522" lon="-72.6146379858"><ele>120.64</ele><time>2024-08-17T02:17:35Z</time></trkpt><trkpt lat="-39.3666366208" lon="-72.6146762073"><ele>120.68</ele><time>2024-08-17T02:17:36Z</time></trkpt><trkpt lat="-39.3666559830" lon="-72.6147214696"><ele>120.64</ele><time>2024-08-17T02:17:37Z</time></trkpt><trkpt lat="-39.3666825537" lon="-72.6147732697"><ele>120.49</ele><time>2024-08-17T02:17:38Z</time></trkpt><trkpt lat="-39.3669596594" lon="-72.6152952109"><ele>118.76</ele><time>2024-08-17T02:17:50Z</time></trkpt><trkpt lat="-39.3669570610" lon="-72.6153222006"><ele>118.81</ele><time>2024-08-17T02:17:51Z</time></trkpt><trkpt lat="-39.3669457454" lon="-72.6153570693"><ele>118.57</ele><time>2024-08-17T02:17:52Z</time></trkpt><trkpt lat="-39.3669231981" lon="-72.6153930277"><ele>118.56</ele><time>2024-08-17T02:17:53Z</time></trkpt><trkpt lat="-39.3668895867" lon="-72.6154261362"><ele>118.62</ele><time>2024-08-17T02:17:54Z</time></trkpt><trkpt lat="-39.3668434862" lon="-72.6154655311"><ele>118.45</ele><time>2024-08-17T02:17:55Z</time></trkpt><trkpt lat="-39.3666480202" lon="-72.6156145614"><ele>118.61</ele><time>2024-08-17T02:18:00Z</time></trkpt><trkpt lat="-39.3666230422" lon="-72.6155961212"><ele>118.66</ele><time>2024-08-17T02:18:01Z</time></trkpt><trkpt lat="-39.3666007463" lon="-72.6155656110"><ele>118.85</ele><time>2024-08-17T02:18:02Z</time></trkpt><trkpt lat="-39.3665764388" lon="-72.6155241206"><ele>119.11</ele><time>2024-08-17T02:18:03Z</time></trkpt><trkpt lat="-39.3665491976" lon="-72.6154717337"><ele>119.37</ele><time>2024-08-17T02:18:04Z</time></trkpt><trkpt lat="-39.3662592676" lon="-72.6149175223"><ele>122.55</ele><time>2024-08-17T02:18:16Z</time></trkpt><trkpt lat="-39.3662204593" lon="-72.6148476172"><ele>123.06</ele><time>2024-08-17T02:18:25Z</time></trkpt><trkpt lat="-39.3661772925" lon="-72.6147855911"><ele>123.52</ele><time>2024-08-17T02:18:28Z</time></trkpt><trkpt lat="-39.3661601935" lon="-72.6147561707"><ele>123.73</ele><time>2024-08-17T02:18:29Z</time></trkpt><trkpt lat="-39.3660434335" lon="-72.6145512331"><ele>125.08</ele><time>2024-08-17T02:18:38Z</time></trkpt><trkpt lat="-39.3659835868" lon="-72.6144787297"><ele>125.23</ele><time>2024-08-17T02:18:41Z</time></trkpt><trkpt lat="-39.3656576145" lon="-72.6139158010"><ele>128.46</ele><time>2024-08-17T02:18:52Z</time></trkpt><trkpt lat="-39.3656024616" lon="-72.6138272043"><ele>128.68</ele><time>2024-08-17T02:18:56Z</time></trkpt><trkpt lat="-39.3655774835" lon="-72.6138174813"><ele>128.68</ele><time>2024-08-17T02:18:57Z</time></trkpt><trkpt lat="-39.3655431177" lon="-72.6138215046"><ele>128.77</ele><time>2024-08-17T02:18:58Z</time></trkpt><trkpt lat="-39.3655069079" lon="-72.6138406154"><ele>128.83</ele><time>2024-08-17T02:18:59Z</time></trkpt><trkpt lat="-39.3654681835" lon="-72.6138691138"><ele>128.80</ele><time>2024-08-17T02:19:00Z</time></trkpt><trkpt lat="-39.3654278666" lon="-72.6139044017"><ele>128.80</ele><time>2024-08-17T02:19:01Z</time></trkpt><trkpt lat="-39.3653900642" lon="-72.6139419526"><ele>128.76</ele><time>2024-08-17T02:19:02Z</time></trkpt><trkpt lat="-39.3653568719" lon="-72.6139789168"><ele>128.66</ele><time>2024-08-17T02:19:03Z</time></trkpt><trkpt lat="-39.3653340731" lon="-72.6140174735"><ele>128.39</ele><time>2024-08-17T02:19:04Z</time></trkpt><trkpt lat="-39.3653255235" lon="-72.6140577905"><ele>128.50</ele><time>2024-08-17T02:19:05Z</time></trkpt><trkpt lat="-39.3653263617" lon="-72.6140878815"><ele>128.31</ele><time>2024-08-17T02:19:06Z</time></trkpt><trkpt lat="-39.3653354142" lon="-72.6141155418"><ele>128.19</ele><time>2024-08-17T02:19:07Z</time></trkpt><trkpt lat="-39.3653508369" lon="-72.6141496561"><ele>128.22</ele><time>2024-08-17T02:19:08Z</time></trkpt><trkpt lat="-39.3653749768" lon="-72.6141913142"><ele>128.24</ele><time>2024-08-17T02:19:09Z</time></trkpt><trkpt lat="-39.3654038943" lon="-72.6142419409"><ele>128.13</ele><time>2024-08-17T02:19:10Z</time></trkpt><trkpt lat="-39.3654353265" lon="-72.6142983511"><ele>127.95</ele><time>2024-08-17T02:19:11Z</time></trkpt><trkpt lat="-39.3657178804" lon="-72.6147614513"><ele>125.13</ele><time>2024-08-17T02:19:22Z</time></trkpt><trkpt lat="-39.3660316989" lon="-72.6152767707"><ele>122.32</ele><time>2024-08-17T02:19:32Z</time></trkpt><trkpt lat="-39.3663385604" lon="-72.6158050820"><ele>119.19</ele><time>2024-08-17T02:19:41Z</time></trkpt><trkpt lat="-39.3663630355" lon="-72.6159299724"><ele>118.25</ele><time>2024-08-17T02:19:45Z</time></trkpt><trkpt lat="-39.3663427513" lon="-72.6159661822"><ele>118.25</ele><time>2024-08-17T02:19:46Z</time></trkpt><trkpt lat="-39.3663083017" lon="-72.6160011347"><ele>118.11</ele><time>2024-08-17T02:19:47Z</time></trkpt><trkpt lat="-39.3660994247" lon="-72.6161271986"><ele>118.06</ele><time>2024-08-17T02:19:53Z</time></trkpt><trkpt lat="-39.3660788052" lon="-72.6161018852"><ele>118.34</ele><time>2024-08-17T02:19:54Z</time></trkpt><trkpt lat="-39.3660589401" lon="-72.6160659268"><ele>118.50</ele><time>2024-08-17T02:19:55Z</time></trkpt><trkpt lat="-39.3660112470" lon="-72.6159737259"><ele>119.06</ele><time>2024-08-17T02:19:57Z</time></trkpt><trkpt lat="-39.3659124244" lon="-72.6158414595"><ele>119.40</ele><time>2024-08-17T02:20:01Z</time></trkpt><trkpt lat="-39.3658791482" lon="-72.6158369333"><ele>119.38</ele><time>2024-08-17T02:20:02Z</time></trkpt><trkpt lat="-39.3658416811" lon="-72.6158539485"><ele>119.44</ele><time>2024-08-17T02:20:03Z</time></trkpt><trkpt lat="-39.3657990173" lon="-72.6158877276"><ele>119.44</ele><time>2024-08-17T02:20:04Z</time></trkpt><trkpt lat="-39.3657533359" lon="-72.6159236021"><ele>119.56</ele><time>2024-08-17T02:20:05Z</time></trkpt><trkpt lat="-39.3656007852" lon="-72.6160898991"><ele>119.06</ele><time>2024-08-17T02:20:10Z</time></trkpt><trkpt lat="-39.3656033836" lon="-72.6161274500"><ele>118.84</ele><time>2024-08-17T02:20:11Z</time></trkpt><trkpt lat="-39.3656189740" lon="-72.6161696948"><ele>118.79</ele><time>2024-08-17T02:20:12Z</time></trkpt><trkpt lat="-39.3656433653" lon="-72.6162131969"><ele>118.82</ele><time>2024-08-17T02:20:13Z</time></trkpt><trkpt lat="-39.3656698521" lon="-72.6162597165"><ele>118.90</ele><time>2024-08-17T02:20:14Z</time></trkpt><trkpt lat="-39.3657492287" lon="-72.6164538413"><ele>118.04</ele><time>2024-08-17T02:20:19Z</time></trkpt><trkpt lat="-39.3657368235" lon="-72.6164934039"><ele>117.85</ele><time>2024-08-17T02:20:20Z</time></trkpt><trkpt lat="-39.3657050561" lon="-72.6165340561"><ele>117.88</ele><time>2024-08-17T02:20:21Z</time></trkpt><trkpt lat="-39.3655022979" lon="-72.6166856010"><ele>117.71</ele><time>2024-08-17T02:20:26Z</time></trkpt><trkpt lat="-39.3654739670" lon="-72.6166710164"><ele>117.83</ele><time>2024-08-17T02:20:27Z</time></trkpt><trkpt lat="-39.3654482346" lon="-72.6166408416"><ele>117.87</ele><time>2024-08-17T02:20:28Z</time></trkpt><trkpt lat="-39.3654224183" lon="-72.6165993512"><ele>117.93</ele><time>2024-08-17T02:20:29Z</time></trkpt><trkpt lat="-39.3653970212" lon="-72.6165537536"><ele>118.02</ele><time>2024-08-17T02:20:30Z</time></trkpt><trkpt lat="-39.3650966976" lon="-72.6159744803"><ele>119.20</ele><time>2024-08-17T02:20:42Z</time></trkpt><trkpt lat="-39.3651049957" lon="-72.6159431320"><ele>119.37</ele><time>2024-08-17T02:20:43Z</time></trkpt><trkpt lat="-39.3651274592" lon="-72.6159155555"><ele>119.32</ele><time>2024-08-17T02:20:44Z</time></trkpt><trkpt lat="-39.3651566282" lon="-72.6158916671"><ele>119.39</ele><time>2024-08-17T02:20:45Z</time></trkpt><trkpt lat="-39.3651882280" lon="-72.6158702094"><ele>119.30</ele><time>2024-08-17T02:20:46Z</time></trkpt><trkpt lat="-39.3656766415" lon="-72.6154475100"><ele>120.51</ele><time>2024-08-17T02:20:57Z</time></trkpt><trkpt lat="-39.3659446947" lon="-72.6152165048"><ele>121.61</ele><time>2024-08-17T02:21:06Z</time></trkpt><trkpt lat="-39.3659510650" lon="-72.6152096316"><ele>121.56</ele><time>2024-08-17T02:21:07Z</time></trkpt><trkpt lat="-39.3659623805" lon="-72.6151862461"><ele>121.82</ele><time>2024-08-17T02:21:08Z</time></trkpt><trkpt lat="-39.3659643922" lon="-72.6151504554"><ele>122.04</ele><time>2024-08-17T02:21:09Z</time></trkpt><trkpt lat="-39.3659539148" lon="-72.6151133236"><ele>122.28</ele><time>2024-08-17T02:21:10Z</time></trkpt><trkpt lat="-39.3659333792" lon="-72.6150755212"><ele>122.67</ele><time>2024-08-17T02:21:11Z</time></trkpt><trkpt lat="-39.3659089040" lon="-72.6150321029"><ele>123.16</ele><time>2024-08-17T02:21:12Z</time></trkpt><trkpt lat="-39.3658190500" lon="-72.6148733497"><ele>124.94</ele><time>2024-08-17T02:21:16Z</time></trkpt><trkpt lat="-39.3657002784" lon="-72.6148518082"><ele>125.25</ele><time>2024-08-17T02:21:21Z</time></trkpt><trkpt lat="-39.3656514958" lon="-72.6148809772"><ele>125.32</ele><time>2024-08-17T02:21:22Z</time></trkpt><trkpt lat="-39.3656035513" lon="-72.6149227191"><ele>125.39</ele><time>2024-08-17T02:21:23Z</time></trkpt><trkpt lat="-39.3655599654" lon="-72.6149684843"><ele>125.33</ele><time>2024-08-17T02:21:24Z</time></trkpt><trkpt lat="-39.3655242585" lon="-72.6150077116"><ele>125.48</ele><time>2024-08-17T02:21:25Z</time></trkpt><trkpt lat="-39.3654718716" lon="-72.6150437538"><ele>125.37</ele><time>2024-08-17T02:21:27Z</time></trkpt><trkpt lat="-39.3654472288" lon="-72.6150365453"><ele>125.22</ele><time>2024-08-17T02:21:28Z</time></trkpt><trkpt lat="-39.3654235918" lon="-72.6150113996"><ele>125.26</ele><time>2024-08-17T02:21:29Z</time></trkpt><trkpt lat="-39.3653973565" lon="-72.6149722561"><ele>125.35</ele><time>2024-08-17T02:21:30Z</time></trkpt><trkpt lat="-39.3653681036" lon="-72.6149233896"><ele>125.55</ele><time>2024-08-17T02:21:31Z</time></trkpt><trkpt lat="-39.3650417961" lon="-72.6143528335"><ele>127.47</ele><time>2024-08-17T02:21:42Z</time></trkpt><trkpt lat="-39.3650156446" lon="-72.6143405959"><ele>127.39</ele><time>2024-08-17T02:21:43Z</time></trkpt><trkpt lat="-39.3649801053" lon="-72.6143440325"><ele>127.35</ele><time>2024-08-17T02:21:44Z</time></trkpt><trkpt lat="-39.3649374414" lon="-72.6143686753"><ele>127.15</ele><time>2024-08-17T02:21:45Z</time></trkpt><trkpt lat="-39.3644714076" lon="-72.6147361379"><ele>123.79</ele><time>2024-08-17T02:21:54Z</time></trkpt><trkpt lat="-39.3644197751" lon="-72.6148183644"><ele>123.15</ele><time>2024-08-17T02:21:56Z</time></trkpt><trkpt lat="-39.3644015864" lon="-72.6148776244"><ele>122.88</ele><time>2024-08-17T02:21:57Z</time></trkpt><trkpt lat="-39.3643925339" lon="-72.6149511337"><ele>122.85</ele><time>2024-08-17T02:21:58Z</time></trkpt><trkpt lat="-39.3644000776" lon="-72.6153175905"><ele>121.31</ele><time>2024-08-17T02:22:04Z</time></trkpt><trkpt lat="-39.3644201942" lon="-72.6153441612"><ele>121.04</ele><time>2024-08-17T02:22:05Z</time></trkpt><trkpt lat="-39.3644486088" lon="-72.6153589133"><ele>120.98</ele><time>2024-08-17T02:22:06Z</time></trkpt><trkpt lat="-39.3644828070" lon="-72.6153557282"><ele>120.78</ele><time>2024-08-17T02:22:07Z</time></trkpt><trkpt lat="-39.3645196036" lon="-72.6153367013"><ele>120.86</ele><time>2024-08-17T02:22:08Z</time></trkpt><trkpt lat="-39.3645606749" lon="-72.6153036766"><ele>121.22</ele><time>2024-08-17T02:22:09Z</time></trkpt><trkpt lat="-39.3646076135" lon="-72.6152625214"><ele>121.58</ele><time>2024-08-17T02:22:10Z</time></trkpt><trkpt lat="-39.3649520259" lon="-72.6149725914"><ele>124.12</ele><time>2024-08-17T02:22:19Z</time></trkpt><trkpt lat="-39.3649802729" lon="-72.6149807218"><ele>124.49</ele><time>2024-08-17T02:22:20Z</time></trkpt><trkpt lat="-39.3650051672" lon="-72.6150032692"><ele>124.38</ele><time>2024-08-17T02:22:21Z</time></trkpt><trkpt lat="-39.3650297262" lon="-72.6150408201"><ele>124.15</ele><time>2024-08-17T02:22:22Z</time></trkpt><trkpt lat="-39.3650556263" lon="-72.6150888484"><ele>124.02</ele><time>2024-08-17T02:22:23Z</time></trkpt><trkpt lat="-39.3651432171" lon="-72.6153494418"><ele>122.68</ele><time>2024-08-17T02:22:30Z</time></trkpt><trkpt lat="-39.3651142158" lon="-72.6153818797"><ele>122.55</ele><time>2024-08-17T02:22:31Z</time></trkpt><trkpt lat="-39.3646162469" lon="-72.6158749033"><ele>120.31</ele><time>2024-08-17T02:22:44Z</time></trkpt><trkpt lat="-39.3646200188" lon="-72.6159273740"><ele>120.37</ele><time>2024-08-17T02:22:45Z</time></trkpt><trkpt lat="-39.3646382913" lon="-72.6159787551"><ele>120.25</ele><time>2024-08-17T02:22:46Z</time></trkpt><trkpt lat="-39.3650016468" lon="-72.6166574378"><ele>118.35</ele><time>2024-08-17T02:22:55Z</time></trkpt><trkpt lat="-39.3651549518" lon="-72.6170476153"><ele>117.37</ele><time>2024-08-17T02:23:03Z</time></trkpt><trkpt lat="-39.3651264533" lon="-72.6170884352"><ele>117.31</ele><time>2024-08-17T02:23:04Z</time></trkpt><trkpt lat="-39.3650859687" lon="-72.6171291713"><ele>117.38</ele><time>2024-08-17T02:23:05Z</time></trkpt><trkpt lat="-39.3645267282" lon="-72.6176455803"><ele>117.00</ele><time>2024-08-17T02:23:17Z</time></trkpt><trkpt lat="-39.3644186016" lon="-72.6177601609"><ele>116.79</ele><time>2024-08-17T02:23:22Z</time></trkpt><trkpt lat="-39.3644011673" lon="-72.6178182475"><ele>116.86</ele><time>2024-08-17T02:23:23Z</time></trkpt><trkpt lat="-39.3643896841" lon="-72.6178975403"><ele>116.97</ele><time>2024-08-17T02:23:24Z</time></trkpt><trkpt lat="-39.3643845711" lon="-72.6179878972"><ele>117.14</ele><time>2024-08-17T02:23:25Z</time></trkpt><trkpt lat="-39.3643813860" lon="-72.6180821937"><ele>117.20</ele><time>2024-08-17T02:23:26Z</time></trkpt><trkpt lat="-39.3643998262" lon="-72.6187533326"><ele>117.03</ele><time>2024-08-17T02:23:36Z</time></trkpt><trkpt lat="-39.3644208647" lon="-72.6187671628"><ele>116.97</ele><time>2024-08-17T02:23:37Z</time></trkpt><trkpt lat="-39.3644424900" lon="-72.6187700126"><ele>116.96</ele><time>2024-08-17T02:23:38Z</time></trkpt><trkpt lat="-39.3644636963" lon="-72.6187645644"><ele>116.91</ele><time>2024-08-17T02:23:39Z</time></trkpt><trkpt lat="-39.3644859921" lon="-72.6187518239"><ele>117.01</ele><time>2024-08-17T02:23:40Z</time></trkpt><trkpt lat="-39.3645131495" lon="-72.6187307853"><ele>117.03</ele><time>2024-08-17T02:23:41Z</time></trkpt><trkpt lat="-39.3645444978" lon="-72.6187028736"><ele>117.09</ele><time>2024-08-17T02:23:42Z</time></trkpt><trkpt lat="-39.3651893176" lon="-72.6181225106"><ele>117.91</ele><time>2024-08-17T02:23:56Z</time></trkpt><trkpt lat="-39.3655824289" lon="-72.6177921798"><ele>117.62</ele><time>2024-08-17T02:24:07Z</time></trkpt><trkpt lat="-39.3656069878" lon="-72.6177645195"><ele>117.40</ele><time>2024-08-17T02:24:18Z</time></trkpt><trkpt lat="-39.3656218238" lon="-72.6177521143"><ele>117.31</ele><time>2024-08-17T02:24:19Z</time></trkpt><trkpt lat="-39.3656406831" lon="-72.6177350152"><ele>117.33</ele><time>2024-08-17T02:24:20Z</time></trkpt><trkpt lat="-39.3656619731" lon="-72.6177161559"><ele>117.37</ele><time>2024-08-17T02:24:21Z</time></trkpt><trkpt lat="-39.3656913098" lon="-72.6176905911"><ele>117.33</ele><time>2024-08-17T02:24:22Z</time></trkpt><trkpt lat="-39.3662751094" lon="-72.6171908621"><ele>118.18</ele><time>2024-08-17T02:24:36Z</time></trkpt><trkpt lat="-39.3665576633" lon="-72.6169447694"><ele>118.03</ele><time>2024-08-17T02:24:47Z</time></trkpt><trkpt lat="-39.3671129644" lon="-72.6164436992"><ele>118.88</ele><time>2024-08-17T02:25:02Z</time></trkpt><trkpt lat="-39.3677739613" lon="-72.6158555411"><ele>119.39</ele><time>2024-08-17T02:25:17Z</time></trkpt><trkpt lat="-39.3679837603" lon="-72.6156285591"><ele>119.09</ele><time>2024-08-17T02:25:24Z</time></trkpt><trkpt lat="-39.3679869454" lon="-72.6155962050"><ele>119.07</ele><time>2024-08-17T02:25:25Z</time></trkpt><trkpt lat="-39.3679803237" lon="-72.6155609172"><ele>118.99</ele><time>2024-08-17T02:25:26Z</time></trkpt><trkpt lat="-39.3679601233" lon="-72.6155192591"><ele>119.14</ele><time>2024-08-17T02:25:27Z</time></trkpt><trkpt lat="-39.3679345585" lon="-72.6154770982"><ele>119.10</ele><time>2024-08-17T02:25:28Z</time></trkpt><trkpt lat="-39.3679079879" lon="-72.6154346019"><ele>119.07</ele><time>2024-08-17T02:25:29Z</time></trkpt><trkpt lat="-39.3676508311" lon="-72.6149570011"><ele>118.78</ele><time>2024-08-17T02:25:40Z</time></trkpt><trkpt lat="-39.3676185608" lon="-72.6148841623"><ele>118.40</ele><time>2024-08-17T02:25:45Z</time></trkpt><trkpt lat="-39.3676239252" lon="-72.6148542389"><ele>118.64</ele><time>2024-08-17T02:25:46Z</time></trkpt><trkpt lat="-39.3676402699" lon="-72.6148150116"><ele>118.76</ele><time>2024-08-17T02:25:47Z</time></trkpt><trkpt lat="-39.3676724564" lon="-72.6147722639"><ele>118.72</ele><time>2024-08-17T02:25:48Z</time></trkpt><trkpt lat="-39.3677179702" lon="-72.6147279236"><ele>118.93</ele><time>2024-08-17T02:25:49Z</time></trkpt><trkpt lat="-39.3677729554" lon="-72.6146792248"><ele>119.01</ele><time>2024-08-17T02:25:50Z</time></trkpt><trkpt lat="-39.3683800567" lon="-72.6141543500"><ele>119.69</ele><time>2024-08-17T02:26:01Z</time></trkpt><trkpt lat="-39.3685511313" lon="-72.6139554475"><ele>120.09</ele><time>2024-08-17T02:26:09Z</time></trkpt><trkpt lat="-39.3689719029" lon="-72.6134810317"><ele>119.57</ele><time>2024-08-17T02:26:25Z</time></trkpt><trkpt lat="-39.3690467533" lon="-72.6133393776"><ele>119.26</ele><time>2024-08-17T02:26:30Z</time></trkpt><trkpt lat="-39.3690401316" lon="-72.6133015752"><ele>119.26</ele><time>2024-08-17T02:26:31Z</time></trkpt><trkpt lat="-39.3690266367" lon="-72.6132643595"><ele>119.32</ele><time>2024-08-17T02:26:32Z</time></trkpt><trkpt lat="-39.3690063525" lon="-72.6132215280"><ele>119.31</ele><time>2024-08-17T02:26:33Z</time></trkpt><trkpt lat="-39.3689838890" lon="-72.6131772716"><ele>119.35</ele><time>2024-08-17T02:26:34Z</time></trkpt><trkpt lat="-39.3688820489" lon="-72.6130250562"><ele>119.00</ele><time>2024-08-17T02:26:39Z</time></trkpt><trkpt lat="-39.3688577414" lon="-72.6130275708"><ele>118.95</ele><time>2024-08-17T02:26:40Z</time></trkpt><trkpt lat="-39.3688331824" lon="-72.6130418200"><ele>119.10</ele><time>2024-08-17T02:26:41Z</time></trkpt><trkpt lat="-39.3688100483" lon="-72.6130629424"><ele>119.12</ele><time>2024-08-17T02:26:42Z</time></trkpt><trkpt lat="-39.3687867466" lon="-72.6130891778"><ele>119.13</ele><time>2024-08-17T02:26:43Z</time></trkpt><trkpt lat="-39.3684098963" lon="-72.6134808641"><ele>120.02</ele><time>2024-08-17T02:26:54Z</time></trkpt><trkpt lat="-39.3682797253" lon="-72.6136052515"><ele>120.15</ele><time>2024-08-17T02:27:00Z</time></trkpt><trkpt lat="-39.3682531547" lon="-72.6136030722"><ele>120.38</ele><time>2024-08-17T02:27:01Z</time></trkpt><trkpt lat="-39.3682215549" lon="-72.6135878172"><ele>120.36</ele><time>2024-08-17T02:27:02Z</time></trkpt><trkpt lat="-39.3681836687" lon="-72.6135572232"><ele>120.50</ele><time>2024-08-17T02:27:03Z</time></trkpt><trkpt lat="-39.3681447767" lon="-72.6135185827"><ele>120.68</ele><time>2024-08-17T02:27:04Z</time></trkpt><trkpt lat="-39.3680603709" lon="-72.6133825444"><ele>120.76</ele><time>2024-08-17T02:27:08Z</time></trkpt><trkpt lat="-39.3680631369" lon="-72.6133607514"><ele>120.61</ele><time>2024-08-17T02:27:09Z</time></trkpt><trkpt lat="-39.3680864386" lon="-72.6133060176"><ele>120.40</ele><time>2024-08-17T02:27:25Z</time></trkpt><trkpt lat="-39.3681060523" lon="-72.6132930256"><ele>120.34</ele><time>2024-08-17T02:28:02Z</time></trkpt><trkpt lat="-39.3681227323" lon="-72.6132778544"><ele>120.39</ele><time>2024-08-17T02:28:07Z</time></trkpt><trkpt lat="-39.3681628816" lon="-72.6132216118"><ele>120.24</ele><time>2024-08-17T02:28:14Z</time></trkpt><trkpt lat="-39.3681731913" lon="-72.6132084522"><ele>120.19</ele><time>2024-08-17T02:28:15Z</time></trkpt><trkpt lat="-39.3682287633" lon="-72.6131841447"><ele>120.02</ele><time>2024-08-17T02:28:31Z</time></trkpt><trkpt lat="-39.3682330381" lon="-72.6131923590"><ele>120.33</ele><time>2024-08-17T02:29:13Z</time></trkpt><trkpt lat="-39.3682585191" lon="-72.6131703984"><ele>120.50</ele><time>2024-08-17T02:29:53Z</time></trkpt><trkpt lat="-39.3682831619" lon="-72.6131333504"><ele>120.45</ele><time>2024-08-17T02:30:21Z</time></trkpt><trkpt lat="-39.3682913762" lon="-72.6131230406"><ele>120.43</ele><time>2024-08-17T02:30:22Z</time></trkpt><trkpt lat="-39.3683580123" lon="-72.6130231284"><ele>120.26</ele><time>2024-08-17T02:30:33Z</time></trkpt><trkpt lat="-39.3686669692" lon="-72.6126995869"><ele>120.35</ele><time>2024-08-17T02:30:49Z</time></trkpt><trkpt lat="-39.3688383792" lon="-72.6123616286"><ele>120.07</ele><time>2024-08-17T02:31:01Z</time></trkpt><trkpt lat="-39.3688170053" lon="-72.6121012866"><ele>119.76</ele><time>2024-08-17T02:31:08Z</time></trkpt><trkpt lat="-39.3688030913" lon="-72.6120894682"><ele>119.69</ele><time>2024-08-17T02:31:09Z</time></trkpt><trkpt lat="-39.3687849026" lon="-72.6120880432"><ele>119.79</ele><time>2024-08-17T02:31:10Z</time></trkpt><trkpt lat="-39.3687649537" lon="-72.6120965090"><ele>119.68</ele><time>2024-08-17T02:31:11Z</time></trkpt><trkpt lat="-39.3687447533" lon="-72.6121121831"><ele>119.80</ele><time>2024-08-17T02:31:12Z</time></trkpt><trkpt lat="-39.3687232118" lon="-72.6121326350"><ele>119.66</ele><time>2024-08-17T02:31:13Z</time></trkpt><trkpt lat="-39.3686989881" lon="-72.6121555176"><ele>119.70</ele><time>2024-08-17T02:31:14Z</time></trkpt><trkpt lat="-39.3686729204" lon="-72.6121791545"><ele>119.70</ele><time>2024-08-17T02:31:15Z</time></trkpt><trkpt lat="-39.3681989238" lon="-72.6126674842"><ele>120.44</ele><time>2024-08-17T02:31:28Z</time></trkpt><trkpt lat="-39.3677666690" lon="-72.6131382957"><ele>122.30</ele><time>2024-08-17T02:31:42Z</time></trkpt><trkpt lat="-39.3677119352" lon="-72.6131335180"><ele>122.75</ele><time>2024-08-17T02:31:44Z</time></trkpt><trkpt lat="-39.3676763959" lon="-72.6131062768"><ele>122.83</ele><time>2024-08-17T02:31:45Z</time></trkpt><trkpt lat="-39.3672158103" lon="-72.6127964817"><ele>126.00</ele><time>2024-08-17T02:31:55Z</time></trkpt><trkpt lat="-39.3670480885" lon="-72.6127013471"><ele>127.28</ele><time>2024-08-17T02:32:03Z</time></trkpt><trkpt lat="-39.3670210987" lon="-72.6127645466"><ele>126.99</ele><time>2024-08-17T02:32:12Z</time></trkpt><trkpt lat="-39.3669941090" lon="-72.6127912011"><ele>126.94</ele><time>2024-08-17T02:32:13Z</time></trkpt><trkpt lat="-39.3668667879" lon="-72.6129191089"><ele>126.49</ele><time>2024-08-17T02:32:17Z</time></trkpt><trkpt lat="-39.3668406364" lon="-72.6129605155"><ele>126.42</ele><time>2024-08-17T02:32:18Z</time></trkpt><trkpt lat="-39.3668071926" lon="-72.6130640320"><ele>126.09</ele><time>2024-08-17T02:32:21Z</time></trkpt><trkpt lat="-39.3668185920" lon="-72.6130942907"><ele>126.10</ele><time>2024-08-17T02:32:22Z</time></trkpt><trkpt lat="-39.3668411393" lon="-72.6131230406"><ele>125.98</ele><time>2024-08-17T02:32:23Z</time></trkpt><trkpt lat="-39.3668718170" lon="-72.6131491922"><ele>125.79</ele><time>2024-08-17T02:32:24Z</time></trkpt><trkpt lat="-39.3669086136" lon="-72.6131738350"><ele>125.49</ele><time>2024-08-17T02:32:25Z</time></trkpt><trkpt lat="-39.3672553729" lon="-72.6134234481"><ele>122.19</ele><time>2024-08-17T02:32:32Z</time></trkpt><trkpt lat="-39.3676086701" lon="-72.6137277950"><ele>119.77</ele><time>2024-08-17T02:32:43Z</time></trkpt><trkpt lat="-39.3676090054" lon="-72.6137489174"><ele>119.70</ele><time>2024-08-17T02:32:44Z</time></trkpt><trkpt lat="-39.3676033895" lon="-72.6137748174"><ele>119.62</ele><time>2024-08-17T02:32:45Z</time></trkpt><trkpt lat="-39.3675885536" lon="-72.6138033997"><ele>119.79</ele><time>2024-08-17T02:32:46Z</time></trkpt><trkpt lat="-39.3675609771" lon="-72.6138365082"><ele>119.73</ele><time>2024-08-17T02:32:47Z</time></trkpt><trkpt lat="-39.3675219174" lon="-72.6138699520"><ele>119.80</ele><time>2024-08-17T02:32:48Z</time></trkpt><trkpt lat="-39.3674790859" lon="-72.6139058266"><ele>119.91</ele><time>2024-08-17T02:32:49Z</time></trkpt><trkpt lat="-39.3673491664" lon="-72.6139900647"><ele>120.00</ele><time>2024-08-17T02:32:53Z</time></trkpt><trkpt lat="-39.3673237693" lon="-72.6139745582"><ele>120.04</ele><time>2024-08-17T02:32:54Z</time></trkpt><trkpt lat="-39.3673001323" lon="-72.6139466465"><ele>120.13</ele><time>2024-08-17T02:32:55Z</time></trkpt><trkpt lat="-39.3672749866" lon="-72.6139139570"><ele>120.26</ele><time>2024-08-17T02:32:56Z</time></trkpt><trkpt lat="-39.3672447279" lon="-72.6138838660"><ele>120.53</ele><time>2024-08-17T02:32:57Z</time></trkpt><trkpt lat="-39.3672062550" lon="-72.6138525177"><ele>120.63</ele><time>2024-08-17T02:32:58Z</time></trkpt><trkpt lat="-39.3671648484" lon="-72.6138246898"><ele>120.91</ele><time>2024-08-17T02:32:59Z</time></trkpt><trkpt lat="-39.3668698054" lon="-72.6136223506"><ele>124.14</ele><time>2024-08-17T02:33:06Z</time></trkpt><trkpt lat="-39.3667113036" lon="-72.6135180797"><ele>127.03</ele><time>2024-08-17T02:33:11Z</time></trkpt><trkpt lat="-39.3666980602" lon="-72.6135031600"><ele>127.22</ele><time>2024-08-17T02:33:12Z</time></trkpt><trkpt lat="-39.3666908517" lon="-72.6134801097"><ele>127.50</ele><time>2024-08-17T02:33:13Z</time></trkpt><trkpt lat="-39.3666888401" lon="-72.6134516113"><ele>127.75</ele><time>2024-08-17T02:33:14Z</time></trkpt><trkpt lat="-39.3666935340" lon="-72.6134198438"><ele>127.90</ele><time>2024-08-17T02:33:15Z</time></trkpt><trkpt lat="-39.3667035922" lon="-72.6133833826"><ele>127.67</ele><time>2024-08-17T02:33:16Z</time></trkpt><trkpt lat="-39.3669709750" lon="-72.6128395647"><ele>126.56</ele><time>2024-08-17T02:33:29Z</time></trkpt><trkpt lat="-39.3671206757" lon="-72.6127497107"><ele>126.69</ele><time>2024-08-17T02:33:36Z</time></trkpt><trkpt lat="-39.3671609927" lon="-72.6127601881"><ele>126.81</ele><time>2024-08-17T02:33:37Z</time></trkpt><trkpt lat="-39.3672073446" lon="-72.6127835736"><ele>126.60</ele><time>2024-08-17T02:33:38Z</time></trkpt><trkpt lat="-39.3672576360" lon="-72.6128210407"><ele>126.38</ele><time>2024-08-17T02:33:39Z</time></trkpt><trkpt lat="-39.3676550221" lon="-72.6131144073"><ele>123.15</ele><time>2024-08-17T02:33:47Z</time></trkpt><trkpt lat="-39.3684377242" lon="-72.6138864644"><ele>121.30</ele><time>2024-08-17T02:34:01Z</time></trkpt><trkpt lat="-39.3690486811" lon="-72.6148358826"><ele>120.96</ele><time>2024-08-17T02:34:14Z</time></trkpt><trkpt lat="-39.3691804446" lon="-72.6150994096"><ele>121.14</ele><time>2024-08-17T02:34:17Z</time></trkpt><trkpt lat="-39.3692133855" lon="-72.6151932869"><ele>121.12</ele><time>2024-08-17T02:34:18Z</time></trkpt><trkpt lat="-39.3692397047" lon="-72.6152880862"><ele>121.09</ele><time>2024-08-17T02:34:19Z</time></trkpt><trkpt lat="-39.3692597374" lon="-72.6153803710"><ele>121.18</ele><time>2024-08-17T02:34:20Z</time></trkpt><trkpt lat="-39.3692755792" lon="-72.6154676266"><ele>121.15</ele><time>2024-08-17T02:34:21Z</time></trkpt><trkpt lat="-39.3693206739" lon="-72.6157692075"><ele>121.04</ele><time>2024-08-17T02:34:25Z</time></trkpt><trkpt lat="-39.3693122920" lon="-72.6158259530"><ele>121.03</ele><time>2024-08-17T02:34:26Z</time></trkpt><trkpt lat="-39.3692898285" lon="-72.6158754062"><ele>121.18</ele><time>2024-08-17T02:34:27Z</time></trkpt><trkpt lat="-39.3692546245" lon="-72.6159223448"><ele>121.24</ele><time>2024-08-17T02:34:28Z</time></trkpt><trkpt lat="-39.3692114577" lon="-72.6159613207"><ele>121.18</ele><time>2024-08-17T02:34:29Z</time></trkpt><trkpt lat="-39.3691624235" lon="-72.6160044037"><ele>121.33</ele><time>2024-08-17T02:34:30Z</time></trkpt><trkpt lat="-39.3688218668" lon="-72.6162648294"><ele>120.65</ele><time>2024-08-17T02:34:37Z</time></trkpt><trkpt lat="-39.3687739223" lon="-72.6162733790"><ele>120.62</ele><time>2024-08-17T02:34:38Z</time></trkpt><trkpt lat="-39.3687250558" lon="-72.6162583753"><ele>120.49</ele><time>2024-08-17T02:34:39Z</time></trkpt><trkpt lat="-39.3686740100" lon="-72.6162269432"><ele>120.58</ele><time>2024-08-17T02:34:40Z</time></trkpt><trkpt lat="-39.3686196953" lon="-72.6161919907"><ele>120.41</ele><time>2024-08-17T02:34:41Z</time></trkpt><trkpt lat="-39.3683486246" lon="-72.6160205808"><ele>120.27</ele><time>2024-08-17T02:34:46Z</time></trkpt><trkpt lat="-39.3682943936" lon="-72.6160168089"><ele>120.19</ele><time>2024-08-17T02:34:47Z</time></trkpt><trkpt lat="-39.3682380673" lon="-72.6160246041"><ele>120.26</ele><time>2024-08-17T02:34:48Z</time></trkpt><trkpt lat="-39.3681821600" lon="-72.6160517614"><ele>120.23</ele><time>2024-08-17T02:34:49Z</time></trkpt><trkpt lat="-39.3681286834" lon="-72.6160893962"><ele>120.39</ele><time>2024-08-17T02:34:50Z</time></trkpt><trkpt lat="-39.3680767156" lon="-72.6161375083"><ele>120.34</ele><time>2024-08-17T02:34:51Z</time></trkpt><trkpt lat="-39.3680221494" lon="-72.6161878835"><ele>120.32</ele><time>2024-08-17T02:34:52Z</time></trkpt><trkpt lat="-39.3672370166" lon="-72.6168821566"><ele>120.16</ele><time>2024-08-17T02:35:06Z</time></trkpt><trkpt lat="-39.3663285859" lon="-72.6176382881"><ele>119.41</ele><time>2024-08-17T02:35:21Z</time></trkpt><trkpt lat="-39.3658297788" lon="-72.6180390269"><ele>118.41</ele><time>2024-08-17T02:35:32Z</time></trkpt><trkpt lat="-39.3658094946" lon="-72.6180982031"><ele>118.40</ele><time>2024-08-17T02:35:34Z</time></trkpt><trkpt lat="-39.3658136856" lon="-72.6181418728"><ele>118.36</ele><time>2024-08-17T02:35:35Z</time></trkpt><trkpt lat="-39.3658331316" lon="-72.6181990374"><ele>118.46</ele><time>2024-08-17T02:35:36Z</time></trkpt><trkpt lat="-39.3658550084" lon="-72.6182443835"><ele>118.63</ele><time>2024-08-17T02:35:37Z</time></trkpt><trkpt lat="-39.3658843450" lon="-72.6182973571"><ele>118.50</ele><time>2024-08-17T02:35:38Z</time></trkpt><trkpt lat="-39.3659147713" lon="-72.6183463074"><ele>118.61</ele><time>2024-08-17T02:35:39Z</time></trkpt><trkpt lat="-39.3659840897" lon="-72.6184080821"><ele>118.65</ele><time>2024-08-17T02:35:41Z</time></trkpt><trkpt lat="-39.3660213891" lon="-72.6184139494"><ele>118.47</ele><time>2024-08-17T02:35:42Z</time></trkpt><trkpt lat="-39.3660609517" lon="-72.6184033882"><ele>118.53</ele><time>2024-08-17T02:35:43Z</time></trkpt><trkpt lat="-39.3661039509" lon="-72.6183762308"><ele>118.68</ele><time>2024-08-17T02:35:44Z</time></trkpt><trkpt lat="-39.3661489617" lon="-72.6183404401"><ele>118.85</ele><time>2024-08-17T02:35:45Z</time></trkpt><trkpt lat="-39.3668432347" lon="-72.6177519467"><ele>119.72</ele><time>2024-08-17T02:35:58Z</time></trkpt><trkpt lat="-39.3673133757" lon="-72.6173968054"><ele>119.58</ele><time>2024-08-17T02:36:10Z</time></trkpt><trkpt lat="-39.3673363421" lon="-72.6174219511"><ele>119.71</ele><time>2024-08-17T02:36:11Z</time></trkpt><trkpt lat="-39.3673643377" lon="-72.6174661238"><ele>119.80</ele><time>2024-08-17T02:36:12Z</time></trkpt><trkpt lat="-39.3673943449" lon="-72.6175204385"><ele>119.78</ele><time>2024-08-17T02:36:13Z</time></trkpt><trkpt lat="-39.3674217537" lon="-72.6175734960"><ele>119.99</ele><time>2024-08-17T02:36:14Z</time></trkpt><trkpt lat="-39.3675225042" lon="-72.6176760066"><ele>119.65</ele><time>2024-08-17T02:36:19Z</time></trkpt><trkpt lat="-39.3675535172" lon="-72.6176656131"><ele>119.65</ele><time>2024-08-17T02:36:20Z</time></trkpt><trkpt lat="-39.3675874639" lon="-72.6176435687"><ele>119.81</ele><time>2024-08-17T02:36:21Z</time></trkpt><trkpt lat="-39.3676236738" lon="-72.6176123880"><ele>119.95</ele><time>2024-08-17T02:36:22Z</time></trkpt><trkpt lat="-39.3676589616" lon="-72.6175791118"><ele>120.07</ele><time>2024-08-17T02:36:23Z</time></trkpt><trkpt lat="-39.3677255139" lon="-72.6175350230"><ele>120.34</ele><time>2024-08-17T02:36:25Z</time></trkpt><trkpt lat="-39.3677574489" lon="-72.6175362803"><ele>120.35</ele><time>2024-08-17T02:36:26Z</time></trkpt><trkpt lat="-39.3677844387" lon="-72.6175551396"><ele>120.31</ele><time>2024-08-17T02:36:27Z</time></trkpt><trkpt lat="-39.3678043876" lon="-72.6175937802"><ele>120.34</ele><time>2024-08-17T02:36:28Z</time></trkpt><trkpt lat="-39.3678168766" lon="-72.6176434848"><ele>120.17</ele><time>2024-08-17T02:36:29Z</time></trkpt><trkpt lat="-39.3678273540" lon="-72.6177045051"><ele>120.16</ele><time>2024-08-17T02:36:30Z</time></trkpt><trkpt lat="-39.3678369094" lon="-72.6177749131"><ele>120.27</ele><time>2024-08-17T02:36:31Z</time></trkpt><trkpt lat="-39.3679209799" lon="-72.6182723790"><ele>119.38</ele><time>2024-08-17T02:36:40Z</time></trkpt><trkpt lat="-39.3679478019" lon="-72.6182871312"><ele>119.38</ele><time>2024-08-17T02:36:41Z</time></trkpt><trkpt lat="-39.3679830059" lon="-72.6182886399"><ele>119.38</ele><time>2024-08-17T02:36:42Z</time></trkpt><trkpt lat="-39.3680241611" lon="-72.6182769891"><ele>119.48</ele><time>2024-08-17T02:36:43Z</time></trkpt><trkpt lat="-39.3680661544" lon="-72.6182519272"><ele>119.57</ele><time>2024-08-17T02:36:44Z</time></trkpt><trkpt lat="-39.3681095727" lon="-72.6182214171"><ele>119.58</ele><time>2024-08-17T02:36:45Z</time></trkpt><trkpt lat="-39.3681505602" lon="-72.6181880571"><ele>119.64</ele><time>2024-08-17T02:36:46Z</time></trkpt><trkpt lat="-39.3683135044" lon="-72.6180596463"><ele>119.68</ele><time>2024-08-17T02:36:50Z</time></trkpt><trkpt lat="-39.3683650531" lon="-72.6180400327"><ele>119.96</ele><time>2024-08-17T02:36:51Z</time></trkpt><trkpt lat="-39.3684176914" lon="-72.6180270407"><ele>119.89</ele><time>2024-08-17T02:36:52Z</time></trkpt><trkpt lat="-39.3685191963" lon="-72.6180096902"><ele>119.83</ele><time>2024-08-17T02:36:54Z</time></trkpt><trkpt lat="-39.3685732596" lon="-72.6179892384"><ele>120.04</ele><time>2024-08-17T02:36:55Z</time></trkpt><trkpt lat="-39.3686264846" lon="-72.6179602370"><ele>119.93</ele><time>2024-08-17T02:36:56Z</time></trkpt><trkpt lat="-39.3686750159" lon="-72.6179168187"><ele>120.02</ele><time>2024-08-17T02:36:57Z</time></trkpt><trkpt lat="-39.3687154166" lon="-72.6178581454"><ele>119.93</ele><time>2024-08-17T02:36:58Z</time></trkpt><trkpt lat="-39.3687471002" lon="-72.6177872345"><ele>120.03</ele><time>2024-08-17T02:36:59Z</time></trkpt><trkpt lat="-39.3687722459" lon="-72.6177118812"><ele>120.20</ele><time>2024-08-17T02:37:00Z</time></trkpt><trkpt lat="-39.3687952124" lon="-72.6176389586"><ele>120.25</ele><time>2024-08-17T02:37:01Z</time></trkpt><trkpt lat="-39.3688258901" lon="-72.6175708976"><ele>120.24</ele><time>2024-08-17T02:37:02Z</time></trkpt><trkpt lat="-39.3688677996" lon="-72.6175110508"><ele>120.30</ele><time>2024-08-17T02:37:03Z</time></trkpt><trkpt lat="-39.3689156603" lon="-72.6174559817"><ele>120.33</ele><time>2024-08-17T02:37:04Z</time></trkpt><trkpt lat="-39.3693557102" lon="-72.6170502976"><ele>120.98</ele><time>2024-08-17T02:37:13Z</time></trkpt><trkpt lat="-39.3693892378" lon="-72.6170341205"><ele>120.87</ele><time>2024-08-17T02:37:14Z</time></trkpt><trkpt lat="-39.3694151379" lon="-72.6170261577"><ele>120.98</ele><time>2024-08-17T02:37:15Z</time></trkpt><trkpt lat="-39.3694265373" lon="-72.6170232240"><ele>120.67</ele><time>2024-08-17T02:37:27Z</time></trkpt><trkpt lat="-39.3694359250" lon="-72.6170226373"><ele>120.69</ele><time>2024-08-17T02:37:29Z</time></trkpt><trkpt lat="-39.3694580533" lon="-72.6170307677"><ele>120.75</ele><time>2024-08-17T02:37:30Z</time></trkpt><trkpt lat="-39.3694780022" lon="-72.6170496270"><ele>120.86</ele><time>2024-08-17T02:37:31Z</time></trkpt><trkpt lat="-39.3694948498" lon="-72.6170829032"><ele>120.86</ele><time>2024-08-17T02:37:32Z</time></trkpt><trkpt lat="-39.3695048243" lon="-72.6171381399"><ele>120.96</ele><time>2024-08-17T02:37:33Z</time></trkpt><trkpt lat="-39.3695114460" lon="-72.6172108948"><ele>120.95</ele><time>2024-08-17T02:37:34Z</time></trkpt><trkpt lat="-39.3695870508" lon="-72.6178831235"><ele>121.20</ele><time>2024-08-17T02:37:42Z</time></trkpt><trkpt lat="-39.3695745617" lon="-72.6179464068"><ele>121.27</ele><time>2024-08-17T02:37:43Z</time></trkpt><trkpt lat="-39.3695469853" lon="-72.6180080976"><ele>121.23</ele><time>2024-08-17T02:37:44Z</time></trkpt><trkpt lat="-39.3695085123" lon="-72.6180564612"><ele>121.26</ele><time>2024-08-17T02:37:45Z</time></trkpt><trkpt lat="-39.3694591429" lon="-72.6181077585"><ele>121.28</ele><time>2024-08-17T02:37:46Z</time></trkpt><trkpt lat="-39.3694038223" lon="-72.6181603968"><ele>121.33</ele><time>2024-08-17T02:37:47Z</time></trkpt><trkpt lat="-39.3691965379" lon="-72.6183530968"><ele>121.33</ele><time>2024-08-17T02:37:51Z</time></trkpt><trkpt lat="-39.3691460788" lon="-72.6183789130"><ele>121.26</ele><time>2024-08-17T02:37:52Z</time></trkpt><trkpt lat="-39.3690894172" lon="-72.6183888037"><ele>121.25</ele><time>2024-08-17T02:37:53Z</time></trkpt><trkpt lat="-39.3690254632" lon="-72.6183846127"><ele>121.16</ele><time>2024-08-17T02:37:54Z</time></trkpt><trkpt lat="-39.3689579889" lon="-72.6183721237"><ele>121.13</ele><time>2024-08-17T02:37:55Z</time></trkpt><trkpt lat="-39.3687497824" lon="-72.6183567848"><ele>121.07</ele><time>2024-08-17T02:37:58Z</time></trkpt><trkpt lat="-39.3686848227" lon="-72.6183789968"><ele>120.94</ele><time>2024-08-17T02:37:59Z</time></trkpt><trkpt lat="-39.3686245568" lon="-72.6184221637"><ele>120.97</ele><time>2024-08-17T02:38:00Z</time></trkpt><trkpt lat="-39.3678114284" lon="-72.6192132477"><ele>121.09</ele><time>2024-08-17T02:38:12Z</time></trkpt><trkpt lat="-39.3670186680" lon="-72.6199062634"><ele>120.47</ele><time>2024-08-17T02:38:25Z</time></trkpt><trkpt lat="-39.3668736611" lon="-72.6200542040"><ele>120.09</ele><time>2024-08-17T02:38:32Z</time></trkpt><trkpt lat="-39.3664290849" lon="-72.6204864588"><ele>120.32</ele><time>2024-08-17T02:38:39Z</time></trkpt><trkpt lat="-39.3653465621" lon="-72.6215287484"><ele>119.19</ele><time>2024-08-17T02:38:56Z</time></trkpt><trkpt lat="-39.3650662713" lon="-72.6217949577"><ele>118.58</ele><time>2024-08-17T02:39:06Z</time></trkpt><trkpt lat="-39.3648275547" lon="-72.6220219396"><ele>118.48</ele><time>2024-08-17T02:39:17Z</time></trkpt><trkpt lat="-39.3643833976" lon="-72.6224191580"><ele>117.89</ele><time>2024-08-17T02:39:28Z</time></trkpt><trkpt lat="-39.3643014226" lon="-72.6225960162"><ele>117.79</ele><time>2024-08-17T02:39:34Z</time></trkpt><trkpt lat="-39.3642987404" lon="-72.6226645801"><ele>117.93</ele><time>2024-08-17T02:39:35Z</time></trkpt><trkpt lat="-39.3643197790" lon="-72.6230457891"><ele>118.02</ele><time>2024-08-17T02:39:43Z</time></trkpt><trkpt lat="-39.3643364590" lon="-72.6230602898"><ele>117.87</ele><time>2024-08-17T02:39:44Z</time></trkpt><trkpt lat="-39.3643586710" lon="-72.6230672467"><ele>117.88</ele><time>2024-08-17T02:39:45Z</time></trkpt><trkpt lat="-39.3643856607" lon="-72.6230653189"><ele>117.82</ele><time>2024-08-17T02:39:46Z</time></trkpt><trkpt lat="-39.3644140754" lon="-72.6230494771"><ele>117.95</ele><time>2024-08-17T02:39:47Z</time></trkpt><trkpt lat="-39.3644441664" lon="-72.6230266783"><ele>117.95</ele><time>2024-08-17T02:39:48Z</time></trkpt><trkpt lat="-39.3649752438" lon="-72.6225311402"><ele>118.23</ele><time>2024-08-17T02:40:02Z</time></trkpt><trkpt lat="-39.3651401158" lon="-72.6222398691"><ele>118.65</ele><time>2024-08-17T02:40:10Z</time></trkpt><trkpt lat="-39.3651851267" lon="-72.6221932657"><ele>118.71</ele><time>2024-08-17T02:40:11Z</time></trkpt><trkpt lat="-39.3657116778" lon="-72.6216696482"><ele>118.30</ele><time>2024-08-17T02:40:24Z</time></trkpt><trkpt lat="-39.3657718599" lon="-72.6215500385"><ele>118.57</ele><time>2024-08-17T02:40:27Z</time></trkpt><trkpt lat="-39.3658120092" lon="-72.6215058658"><ele>118.85</ele><time>2024-08-17T02:40:28Z</time></trkpt><trkpt lat="-39.3661845848" lon="-72.6211880241"><ele>119.23</ele><time>2024-08-17T02:40:37Z</time></trkpt><trkpt lat="-39.3662192859" lon="-72.6212126669"><ele>119.15</ele><time>2024-08-17T02:40:38Z</time></trkpt><trkpt lat="-39.3662504666" lon="-72.6212500501"><ele>119.22</ele><time>2024-08-17T02:40:39Z</time></trkpt><trkpt lat="-39.3662832398" lon="-72.6213055383"><ele>119.17</ele><time>2024-08-17T02:40:40Z</time></trkpt><trkpt lat="-39.3663173541" lon="-72.6213704143"><ele>119.01</ele><time>2024-08-17T02:40:41Z</time></trkpt><trkpt lat="-39.3665057793" lon="-72.6216197759"><ele>118.38</ele><time>2024-08-17T02:40:47Z</time></trkpt><trkpt lat="-39.3665310089" lon="-72.6216082927"><ele>118.45</ele><time>2024-08-17T02:40:48Z</time></trkpt><trkpt lat="-39.3665569928" lon="-72.6215865836"><ele>118.64</ele><time>2024-08-17T02:40:49Z</time></trkpt><trkpt lat="-39.3668822106" lon="-72.6212687418"><ele>119.38</ele><time>2024-08-17T02:40:58Z</time></trkpt><trkpt lat="-39.3673293013" lon="-72.6208549272"><ele>120.06</ele><time>2024-08-17T02:41:10Z</time></trkpt><trkpt lat="-39.3673478253" lon="-72.6208144426"><ele>119.88</ele><time>2024-08-17T02:41:12Z</time></trkpt><trkpt lat="-39.3673497532" lon="-72.6207773946"><ele>119.99</ele><time>2024-08-17T02:41:13Z</time></trkpt><trkpt lat="-39.3673386052" lon="-72.6207341440"><ele>120.05</ele><time>2024-08-17T02:41:14Z</time></trkpt><trkpt lat="-39.3673168961" lon="-72.6206912287"><ele>120.19</ele><time>2024-08-17T02:41:15Z</time></trkpt><trkpt lat="-39.3672905769" lon="-72.6206422783"><ele>120.26</ele><time>2024-08-17T02:41:16Z</time></trkpt><trkpt lat="-39.3672572169" lon="-72.6205534302"><ele>120.37</ele><time>2024-08-17T02:41:18Z</time></trkpt><trkpt lat="-39.3672617432" lon="-72.6205179747"><ele>120.15</ele><time>2024-08-17T02:41:19Z</time></trkpt><trkpt lat="-39.3673470709" lon="-72.6204114407"><ele>120.28</ele><time>2024-08-17T02:41:22Z</time></trkpt><trkpt lat="-39.3676196504" lon="-72.6201869734"><ele>120.40</ele><time>2024-08-17T02:41:29Z</time></trkpt><trkpt lat="-39.3676433712" lon="-72.6201987918"><ele>120.48</ele><time>2024-08-17T02:41:30Z</time></trkpt><trkpt lat="-39.3676654156" lon="-72.6202280447"><ele>120.43</ele><time>2024-08-17T02:41:31Z</time></trkpt><trkpt lat="-39.3676855322" lon="-72.6202646736"><ele>120.34</ele><time>2024-08-17T02:41:32Z</time></trkpt><trkpt lat="-39.3677043915" lon="-72.6203017216"><ele>120.31</ele><time>2024-08-17T02:41:33Z</time></trkpt><trkpt lat="-39.3677708600" lon="-72.6203718781"><ele>120.18</ele><time>2024-08-17T02:41:36Z</time></trkpt><trkpt lat="-39.3677979335" lon="-72.6203684416"><ele>120.29</ele><time>2024-08-17T02:41:37Z</time></trkpt><trkpt lat="-39.3678240851" lon="-72.6203533541"><ele>120.21</ele><time>2024-08-17T02:41:38Z</time></trkpt><trkpt lat="-39.3678529188" lon="-72.6203306392"><ele>120.22</ele><time>2024-08-17T02:41:39Z</time></trkpt><trkpt lat="-39.3678877875" lon="-72.6202970278"><ele>120.37</ele><time>2024-08-17T02:41:40Z</time></trkpt><trkpt lat="-39.3684373051" lon="-72.6197855640"><ele>120.66</ele><time>2024-08-17T02:41:51Z</time></trkpt><trkpt lat="-39.3689673766" lon="-72.6193074603"><ele>120.93</ele><time>2024-08-17T02:42:03Z</time></trkpt><trkpt lat="-39.3689841405" lon="-72.6193098072"><ele>120.89</ele><time>2024-08-17T02:42:04Z</time></trkpt><trkpt lat="-39.3689988088" lon="-72.6193191111"><ele>120.82</ele><time>2024-08-17T02:42:05Z</time></trkpt><trkpt lat="-39.3690080289" lon="-72.6193362940"><ele>120.87</ele><time>2024-08-17T02:42:06Z</time></trkpt><trkpt lat="-39.3690114655" lon="-72.6193538122"><ele>120.84</ele><time>2024-08-17T02:42:07Z</time></trkpt><trkpt lat="-39.3690149020" lon="-72.6193758566"><ele>120.76</ele><time>2024-08-17T02:42:08Z</time></trkpt><trkpt lat="-39.3690962065" lon="-72.6197999809"><ele>120.86</ele><time>2024-08-17T02:42:15Z</time></trkpt><trkpt lat="-39.3690978829" lon="-72.6198899187"><ele>120.76</ele><time>2024-08-17T02:42:17Z</time></trkpt><trkpt lat="-39.3690841366" lon="-72.6199273020"><ele>120.64</ele><time>2024-08-17T02:42:18Z</time></trkpt><trkpt lat="-39.3690629303" lon="-72.6199583150"><ele>120.71</ele><time>2024-08-17T02:42:19Z</time></trkpt><trkpt lat="-39.3690329231" lon="-72.6199905016"><ele>120.55</ele><time>2024-08-17T02:42:20Z</time></trkpt><trkpt lat="-39.3689922709" lon="-72.6200345904"><ele>120.64</ele><time>2024-08-17T02:42:21Z</time></trkpt><trkpt lat="-39.3683808111" lon="-72.6206059009"><ele>120.89</ele><time>2024-08-17T02:42:32Z</time></trkpt><trkpt lat="-39.3677546829" lon="-72.6211789716"><ele>120.19</ele><time>2024-08-17T02:42:44Z</time></trkpt><trkpt lat="-39.3676630687" lon="-72.6212968212"><ele>119.71</ele><time>2024-08-17T02:42:50Z</time></trkpt><trkpt lat="-39.3676575366" lon="-72.6213268284"><ele>119.68</ele><time>2024-08-17T02:42:51Z</time></trkpt><trkpt lat="-39.3676637392" lon="-72.6213623676"><ele>119.63</ele><time>2024-08-17T02:42:52Z</time></trkpt><trkpt lat="-39.3676833529" lon="-72.6214081328"><ele>119.77</ele><time>2024-08-17T02:42:53Z</time></trkpt><trkpt lat="-39.3677132763" lon="-72.6214663032"><ele>119.71</ele><time>2024-08-17T02:42:54Z</time></trkpt><trkpt lat="-39.3681437708" lon="-72.6222318225"><ele>119.99</ele><time>2024-08-17T02:43:04Z</time></trkpt><trkpt lat="-39.3683207128" lon="-72.6225411985"><ele>119.25</ele><time>2024-08-17T02:43:12Z</time></trkpt><trkpt lat="-39.3684196193" lon="-72.6226111036"><ele>119.42</ele><time>2024-08-17T02:43:15Z</time></trkpt><trkpt lat="-39.3684627023" lon="-72.6226181444"><ele>119.58</ele><time>2024-08-17T02:43:16Z</time></trkpt><trkpt lat="-39.3685022648" lon="-72.6226111874"><ele>119.69</ele><time>2024-08-17T02:43:17Z</time></trkpt><trkpt lat="-39.3685368821" lon="-72.6225938369"><ele>119.57</ele><time>2024-08-17T02:43:18Z</time></trkpt><trkpt lat="-39.3685641233" lon="-72.6225734688"><ele>119.66</ele><time>2024-08-17T02:43:19Z</time></trkpt><trkpt lat="-39.3685836531" lon="-72.6225555316"><ele>119.59</ele><time>2024-08-17T02:43:20Z</time></trkpt><trkpt lat="-39.3685985729" lon="-72.6225447189"><ele>119.54</ele><time>2024-08-17T02:43:32Z</time></trkpt><trkpt lat="-39.3686163425" lon="-72.6225131191"><ele>119.45</ele><time>2024-08-17T02:44:04Z</time></trkpt><trkpt lat="-39.3686379679" lon="-72.6224890631"><ele>119.48</ele><time>2024-08-17T02:44:05Z</time></trkpt><trkpt lat="-39.3686735071" lon="-72.6224536914"><ele>119.59</ele><time>2024-08-17T02:44:06Z</time></trkpt><trkpt lat="-39.3687180150" lon="-72.6224102732"><ele>119.66</ele><time>2024-08-17T02:44:07Z</time></trkpt><trkpt lat="-39.3687705696" lon="-72.6223572996"><ele>119.73</ele><time>2024-08-17T02:44:08Z</time></trkpt><trkpt lat="-39.3696518429" lon="-72.6214699075"><ele>120.46</ele><time>2024-08-17T02:44:22Z</time></trkpt><trkpt lat="-39.3700300343" lon="-72.6211180352"><ele>120.06</ele><time>2024-08-17T02:44:31Z</time></trkpt><trkpt lat="-39.3701773044" lon="-72.6208723616"><ele>120.28</ele><time>2024-08-17T02:44:40Z</time></trkpt><trkpt lat="-39.3701605406" lon="-72.6205811743"><ele>120.13</ele><time>2024-08-17T02:44:49Z</time></trkpt><trkpt lat="-39.3701912183" lon="-72.6205322240"><ele>120.14</ele><time>2024-08-17T02:44:50Z</time></trkpt><trkpt lat="-39.3707419094" lon="-72.6197998133"><ele>118.87</ele><time>2024-08-17T02:45:01Z</time></trkpt><trkpt lat="-39.3716576323" lon="-72.6184272766"><ele>117.01</ele><time>2024-08-17T02:45:17Z</time></trkpt><trkpt lat="-39.3727534823" lon="-72.6162753906"><ele>116.54</ele><time>2024-08-17T02:45:40Z</time></trkpt><trkpt lat="-39.3731080368" lon="-72.6157617476"><ele>116.74</ele><time>2024-08-17T02:45:46Z</time></trkpt><trkpt lat="-39.3731553946" lon="-72.6156619191"><ele>116.77</ele><time>2024-08-17T02:45:47Z</time></trkpt><trkpt lat="-39.3731973879" lon="-72.6155565586"><ele>116.88</ele><time>2024-08-17T02:45:48Z</time></trkpt><trkpt lat="-39.3732356932" lon="-72.6154485997"><ele>116.82</ele><time>2024-08-17T02:45:49Z</time></trkpt><trkpt lat="-39.3732709810" lon="-72.6153361984"><ele>116.75</ele><time>2024-08-17T02:45:50Z</time></trkpt><trkpt lat="-39.3736331630" lon="-72.6138785016"><ele>115.21</ele><time>2024-08-17T02:46:03Z</time></trkpt><trkpt lat="-39.3739986978" lon="-72.6123338006"><ele>116.07</ele><time>2024-08-17T02:46:17Z</time></trkpt><trkpt lat="-39.3740928266" lon="-72.6107626967"><ele>117.93</ele><time>2024-08-17T02:46:31Z</time></trkpt><trkpt lat="-39.3740624841" lon="-72.6087912731"><ele>119.14</ele><time>2024-08-17T02:46:50Z</time></trkpt><trkpt lat="-39.3738259468" lon="-72.6067843102"><ele>119.74</ele><time>2024-08-17T02:47:09Z</time></trkpt><trkpt lat="-39.3735694606" lon="-72.6049915049"><ele>120.33</ele><time>2024-08-17T02:47:26Z</time></trkpt><trkpt lat="-39.3732105475" lon="-72.6039467845"><ele>120.88</ele><time>2024-08-17T02:47:37Z</time></trkpt><trkpt lat="-39.3723932281" lon="-72.6025014091"><ele>121.12</ele><time>2024-08-17T02:47:54Z</time></trkpt><trkpt lat="-39.3723432720" lon="-72.6021937933"><ele>121.02</ele><time>2024-08-17T02:47:57Z</time></trkpt><trkpt lat="-39.3723425176" lon="-72.6020869240"><ele>120.88</ele><time>2024-08-17T02:47:58Z</time></trkpt><trkpt lat="-39.3723488040" lon="-72.6019787136"><ele>120.82</ele><time>2024-08-17T02:47:59Z</time></trkpt><trkpt lat="-39.3723625503" lon="-72.6018715091"><ele>120.72</ele><time>2024-08-17T02:48:00Z</time></trkpt><trkpt lat="-39.3723831698" lon="-72.6017664000"><ele>120.72</ele><time>2024-08-17T02:48:01Z</time></trkpt><trkpt lat="-39.3724089023" lon="-72.6016626321"><ele>120.57</ele><time>2024-08-17T02:48:02Z</time></trkpt><trkpt lat="-39.3724394962" lon="-72.6015630551"><ele>120.37</ele><time>2024-08-17T02:48:03Z</time></trkpt><trkpt lat="-39.3730009161" lon="-72.6001632772"><ele>121.16</ele><time>2024-08-17T02:48:18Z</time></trkpt><trkpt lat="-39.3737212569" lon="-72.5983844697"><ele>122.87</ele><time>2024-08-17T02:48:37Z</time></trkpt><trkpt lat="-39.3739808444" lon="-72.5971335545"><ele>123.08</ele><time>2024-08-17T02:48:49Z</time></trkpt><trkpt lat="-39.3743340578" lon="-72.5951722730"><ele>123.83</ele><time>2024-08-17T02:49:08Z</time></trkpt><trkpt lat="-39.3746701721" lon="-72.5933083892"><ele>124.55</ele><time>2024-08-17T02:49:26Z</time></trkpt><trkpt lat="-39.3749968987" lon="-72.5914423261"><ele>125.41</ele><time>2024-08-17T02:49:44Z</time></trkpt><trkpt lat="-39.3752695620" lon="-72.5898634270"><ele>125.73</ele><time>2024-08-17T02:50:00Z</time></trkpt><trkpt lat="-39.3753391318" lon="-72.5892152544"><ele>125.63</ele><time>2024-08-17T02:50:12Z</time></trkpt><trkpt lat="-39.3753363658" lon="-72.5891973171"><ele>125.56</ele><time>2024-08-17T02:50:20Z</time></trkpt><trkpt lat="-39.3753482681" lon="-72.5891988259"><ele>125.57</ele><time>2024-08-17T02:50:21Z</time></trkpt><trkpt lat="-39.3753440771" lon="-72.5892145000"><ele>125.40</ele><time>2024-08-17T02:50:25Z</time></trkpt><trkpt lat="-39.3752391357" lon="-72.5896759238"><ele>125.61</ele><time>2024-08-17T02:50:33Z</time></trkpt><trkpt lat="-39.3750063702" lon="-72.5909280963"><ele>125.53</ele><time>2024-08-17T02:50:46Z</time></trkpt><trkpt lat="-39.3746640533" lon="-72.5928469654"><ele>125.19</ele><time>2024-08-17T02:51:01Z</time></trkpt><trkpt lat="-39.3742249254" lon="-72.5954139233"><ele>124.38</ele><time>2024-08-17T02:51:19Z</time></trkpt><trkpt lat="-39.3738089316" lon="-72.5977395661"><ele>123.32</ele><time>2024-08-17T02:51:36Z</time></trkpt><trkpt lat="-39.3732438236" lon="-72.5994727761"><ele>122.65</ele><time>2024-08-17T02:51:49Z</time></trkpt><trkpt lat="-39.3725144304" lon="-72.6012097578"><ele>120.89</ele><time>2024-08-17T02:52:03Z</time></trkpt><trkpt lat="-39.3723141868" lon="-72.6017952338"><ele>120.74</ele><time>2024-08-17T02:52:09Z</time></trkpt><trkpt lat="-39.3722702656" lon="-72.6022082940"><ele>121.07</ele><time>2024-08-17T02:52:13Z</time></trkpt><trkpt lat="-39.3722764682" lon="-72.6023133192"><ele>121.47</ele><time>2024-08-17T02:52:14Z</time></trkpt><trkpt lat="-39.3722892925" lon="-72.6024205238"><ele>121.41</ele><time>2024-08-17T02:52:15Z</time></trkpt><trkpt lat="-39.3723110016" lon="-72.6025272254"><ele>121.54</ele><time>2024-08-17T02:52:16Z</time></trkpt><trkpt lat="-39.3723414280" lon="-72.6026325859"><ele>121.45</ele><time>2024-08-17T02:52:17Z</time></trkpt><trkpt lat="-39.3723780569" lon="-72.6027367730"><ele>121.52</ele><time>2024-08-17T02:52:18Z</time></trkpt><trkpt lat="-39.3724183738" lon="-72.6028372720"><ele>121.56</ele><time>2024-08-17T02:52:19Z</time></trkpt><trkpt lat="-39.3724643905" lon="-72.6029368490"><ele>121.54</ele><time>2024-08-17T02:52:20Z</time></trkpt><trkpt lat="-39.3732294068" lon="-72.6041404903"><ele>120.74</ele><time>2024-08-17T02:52:34Z</time></trkpt><trkpt lat="-39.3735245336" lon="-72.6051110309"><ele>120.39</ele><time>2024-08-17T02:52:44Z</time></trkpt><trkpt lat="-39.3738045730" lon="-72.6071143895"><ele>119.42</ele><time>2024-08-17T02:53:03Z</time></trkpt><trkpt lat="-39.3739885557" lon="-72.6090268884"><ele>118.57</ele><time>2024-08-17T02:53:21Z</time></trkpt><trkpt lat="-39.3740011286" lon="-72.6114086062"><ele>116.83</ele><time>2024-08-17T02:53:43Z</time></trkpt><trkpt lat="-39.3737537786" lon="-72.6131051034"><ele>115.27</ele><time>2024-08-17T02:53:59Z</time></trkpt><trkpt lat="-39.3731840607" lon="-72.6153123099"><ele>116.26</ele><time>2024-08-17T02:54:21Z</time></trkpt><trkpt lat="-39.3726579286" lon="-72.6162877120"><ele>116.54</ele><time>2024-08-17T02:54:32Z</time></trkpt><trkpt lat="-39.3720125221" lon="-72.6175505295"><ele>116.32</ele><time>2024-08-17T02:54:46Z</time></trkpt><trkpt lat="-39.3711939454" lon="-72.6190498844"><ele>117.26</ele><time>2024-08-17T02:55:03Z</time></trkpt><trkpt lat="-39.3704036158" lon="-72.6200990472"><ele>118.67</ele><time>2024-08-17T02:55:17Z</time></trkpt><trkpt lat="-39.3700131029" lon="-72.6206507441"><ele>120.30</ele><time>2024-08-17T02:55:26Z</time></trkpt><trkpt lat="-39.3698852789" lon="-72.6210048795"><ele>120.16</ele><time>2024-08-17T02:55:31Z</time></trkpt><trkpt lat="-39.3698447105" lon="-72.6210705098"><ele>120.12</ele><time>2024-08-17T02:55:32Z</time></trkpt><trkpt lat="-39.3697940838" lon="-72.6211312786"><ele>120.12</ele><time>2024-08-17T02:55:33Z</time></trkpt><trkpt lat="-39.3697383441" lon="-72.6211889461"><ele>120.02</ele><time>2024-08-17T02:55:34Z</time></trkpt><trkpt lat="-39.3696792517" lon="-72.6212473679"><ele>120.00</ele><time>2024-08-17T02:55:35Z</time></trkpt><trkpt lat="-39.3687937036" lon="-72.6220754161"><ele>119.63</ele><time>2024-08-17T02:55:49Z</time></trkpt><trkpt lat="-39.3678067345" lon="-72.6230136864"><ele>119.12</ele><time>2024-08-17T02:56:05Z</time></trkpt><trkpt lat="-39.3671860546" lon="-72.6236409880"><ele>118.72</ele><time>2024-08-17T02:56:17Z</time></trkpt><trkpt lat="-39.3661941402" lon="-72.6246338245"><ele>118.68</ele><time>2024-08-17T02:56:32Z</time></trkpt><trkpt lat="-39.3657665793" lon="-72.6250524167"><ele>118.16</ele><time>2024-08-17T02:56:40Z</time></trkpt><trkpt lat="-39.3657271005" lon="-72.6251069829"><ele>118.11</ele><time>2024-08-17T02:56:41Z</time></trkpt><trkpt lat="-39.3657067325" lon="-72.6251689252"><ele>118.17</ele><time>2024-08-17T02:56:42Z</time></trkpt><trkpt lat="-39.3657041341" lon="-72.6252369024"><ele>118.06</ele><time>2024-08-17T02:56:43Z</time></trkpt><trkpt lat="-39.3657224067" lon="-72.6253030356"><ele>117.96</ele><time>2024-08-17T02:56:44Z</time></trkpt><trkpt lat="-39.3657557666" lon="-72.6253666542"><ele>117.94</ele><time>2024-08-17T02:56:45Z</time></trkpt><trkpt lat="-39.3657935690" lon="-72.6254293509"><ele>117.84</ele><time>2024-08-17T02:56:46Z</time></trkpt><trkpt lat="-39.3662858382" lon="-72.6262500230"><ele>117.37</ele><time>2024-08-17T02:56:58Z</time></trkpt><trkpt lat="-39.3663267419" lon="-72.6262850594"><ele>117.28</ele><time>2024-08-17T02:56:59Z</time></trkpt><trkpt lat="-39.3663740158" lon="-72.6263028290"><ele>117.23</ele><time>2024-08-17T02:57:00Z</time></trkpt><trkpt lat="-39.3664257322" lon="-72.6262967940"><ele>117.21</ele><time>2024-08-17T02:57:01Z</time></trkpt><trkpt lat="-39.3664764427" lon="-72.6262712292"><ele>117.24</ele><time>2024-08-17T02:57:02Z</time></trkpt><trkpt lat="-39.3665266503" lon="-72.6262320019"><ele>117.17</ele><time>2024-08-17T02:57:03Z</time></trkpt><trkpt lat="-39.3665781990" lon="-72.6261876617"><ele>117.29</ele><time>2024-08-17T02:57:04Z</time></trkpt><trkpt lat="-39.3673986197" lon="-72.6254171971"><ele>118.54</ele><time>2024-08-17T02:57:18Z</time></trkpt><trkpt lat="-39.3676845264" lon="-72.6251310389"><ele>118.62</ele><time>2024-08-17T02:57:25Z</time></trkpt><trkpt lat="-39.3681823276" lon="-72.6246625744"><ele>118.80</ele><time>2024-08-17T02:57:36Z</time></trkpt><trkpt lat="-39.3687508721" lon="-72.6241085306"><ele>119.76</ele><time>2024-08-17T02:57:48Z</time></trkpt><trkpt lat="-39.3691097852" lon="-72.6237735059"><ele>119.78</ele><time>2024-08-17T02:57:57Z</time></trkpt><trkpt lat="-39.3697430380" lon="-72.6231857669"><ele>120.47</ele><time>2024-08-17T02:58:08Z</time></trkpt><trkpt lat="-39.3703240715" lon="-72.6225923281"><ele>121.06</ele><time>2024-08-17T02:58:19Z</time></trkpt><trkpt lat="-39.3707927875" lon="-72.6221549604"><ele>121.39</ele><time>2024-08-17T02:58:30Z</time></trkpt><trkpt lat="-39.3708165083" lon="-72.6221551280"><ele>121.42</ele><time>2024-08-17T02:58:31Z</time></trkpt><trkpt lat="-39.3708406482" lon="-72.6221662760"><ele>121.31</ele><time>2024-08-17T02:58:32Z</time></trkpt><trkpt lat="-39.3708651233" lon="-72.6221895777"><ele>121.37</ele><time>2024-08-17T02:58:33Z</time></trkpt><trkpt lat="-39.3708877545" lon="-72.6222211774"><ele>121.17</ele><time>2024-08-17T02:58:34Z</time></trkpt><trkpt lat="-39.3709116429" lon="-72.6222617459"><ele>121.19</ele><time>2024-08-17T02:58:35Z</time></trkpt><trkpt lat="-39.3713165727" lon="-72.6230058074"><ele>118.87</ele><time>2024-08-17T02:58:49Z</time></trkpt><trkpt lat="-39.3713734858" lon="-72.6233339589"><ele>118.55</ele><time>2024-08-17T02:58:56Z</time></trkpt><trkpt lat="-39.3713458255" lon="-72.6233751979"><ele>118.56</ele><time>2024-08-17T02:58:57Z</time></trkpt><trkpt lat="-39.3713121302" lon="-72.6234060433"><ele>118.53</ele><time>2024-08-17T02:58:58Z</time></trkpt><trkpt lat="-39.3712755013" lon="-72.6234326139"><ele>118.35</ele><time>2024-08-17T02:58:59Z</time></trkpt><trkpt lat="-39.3712344300" lon="-72.6234637946"><ele>118.45</ele><time>2024-08-17T02:59:00Z</time></trkpt><trkpt lat="-39.3706906959" lon="-72.6239803713"><ele>119.71</ele><time>2024-08-17T02:59:12Z</time></trkpt><trkpt lat="-39.3705759477" lon="-72.6240598317"><ele>119.96</ele><time>2024-08-17T02:59:15Z</time></trkpt><trkpt lat="-39.3705228064" lon="-72.6240906771"><ele>120.04</ele><time>2024-08-17T02:59:16Z</time></trkpt><trkpt lat="-39.3698628992" lon="-72.6247157156"><ele>119.84</ele><time>2024-08-17T02:59:27Z</time></trkpt><trkpt lat="-39.3697405234" lon="-72.6248340681"><ele>119.61</ele><time>2024-08-17T02:59:30Z</time></trkpt><trkpt lat="-39.3692200072" lon="-72.6253034547"><ele>120.04</ele><time>2024-08-17T02:59:40Z</time></trkpt><trkpt lat="-39.3689078651" lon="-72.6255822368"><ele>119.90</ele><time>2024-08-17T02:59:46Z</time></trkpt><trkpt lat="-39.3685548194" lon="-72.6258992404"><ele>120.03</ele><time>2024-08-17T02:59:54Z</time></trkpt><trkpt lat="-39.3677595444" lon="-72.6266643405"><ele>118.58</ele><time>2024-08-17T03:00:08Z</time></trkpt><trkpt lat="-39.3671010621" lon="-72.6272806618"><ele>117.02</ele><time>2024-08-17T03:00:22Z</time></trkpt><trkpt lat="-39.3670393713" lon="-72.6274754573"><ele>116.98</ele><time>2024-08-17T03:00:27Z</time></trkpt><trkpt lat="-39.3670491781" lon="-72.6275373157"><ele>117.08</ele><time>2024-08-17T03:00:28Z</time></trkpt><trkpt lat="-39.3670764193" lon="-72.6276019402"><ele>117.13</ele><time>2024-08-17T03:00:29Z</time></trkpt><trkpt lat="-39.3671123777" lon="-72.6276658941"><ele>117.27</ele><time>2024-08-17T03:00:30Z</time></trkpt><trkpt lat="-39.3671525270" lon="-72.6277326979"><ele>117.15</ele><time>2024-08-17T03:00:31Z</time></trkpt><trkpt lat="-39.3676092569" lon="-72.6284882426"><ele>117.35</ele><time>2024-08-17T03:00:42Z</time></trkpt><trkpt lat="-39.3676468916" lon="-72.6285247877"><ele>117.27</ele><time>2024-08-17T03:00:43Z</time></trkpt><trkpt lat="-39.3676847778" lon="-72.6285446528"><ele>117.37</ele><time>2024-08-17T03:00:44Z</time></trkpt><trkpt lat="-39.3677231669" lon="-72.6285471674"><ele>117.43</ele><time>2024-08-17T03:00:45Z</time></trkpt><trkpt lat="-39.3677635677" lon="-72.6285334211"><ele>117.33</ele><time>2024-08-17T03:00:46Z</time></trkpt><trkpt lat="-39.3678010348" lon="-72.6285068505"><ele>117.24</ele><time>2024-08-17T03:00:47Z</time></trkpt><trkpt lat="-39.3678416032" lon="-72.6284715626"><ele>117.31</ele><time>2024-08-17T03:00:48Z</time></trkpt><trkpt lat="-39.3678819202" lon="-72.6284301560"><ele>117.46</ele><time>2024-08-17T03:00:49Z</time></trkpt><trkpt lat="-39.3685660511" lon="-72.6277688239"><ele>118.14</ele><time>2024-08-17T03:01:03Z</time></trkpt><trkpt lat="-39.3692547083" lon="-72.6271050610"><ele>119.04</ele><time>2024-08-17T03:01:16Z</time></trkpt><trkpt lat="-39.3694802653" lon="-72.6268692780"><ele>119.12</ele><time>2024-08-17T03:01:25Z</time></trkpt><trkpt lat="-39.3699856941" lon="-72.6263767574"><ele>119.07</ele><time>2024-08-17T03:01:36Z</time></trkpt><trkpt lat="-39.3703261670" lon="-72.6260811277"><ele>118.84</ele><time>2024-08-17T03:01:45Z</time></trkpt><trkpt lat="-39.3703555875" lon="-72.6260892581"><ele>118.75</ele><time>2024-08-17T03:01:46Z</time></trkpt><trkpt lat="-39.3703856785" lon="-72.6261203550"><ele>118.75</ele><time>2024-08-17T03:01:47Z</time></trkpt><trkpt lat="-39.3707982358" lon="-72.6267958526"><ele>118.18</ele><time>2024-08-17T03:01:58Z</time></trkpt><trkpt lat="-39.3712639343" lon="-72.6276393235"><ele>115.08</ele><time>2024-08-17T03:02:09Z</time></trkpt><trkpt lat="-39.3716170639" lon="-72.6282425690"><ele>112.49</ele><time>2024-08-17T03:02:19Z</time></trkpt><trkpt lat="-39.3716256972" lon="-72.6282867417"><ele>112.67</ele><time>2024-08-17T03:02:20Z</time></trkpt><trkpt lat="-39.3716196623" lon="-72.6283315849"><ele>112.75</ele><time>2024-08-17T03:02:21Z</time></trkpt><trkpt lat="-39.3715934269" lon="-72.6283778530"><ele>112.69</ele><time>2024-08-17T03:02:22Z</time></trkpt><trkpt lat="-39.3715536967" lon="-72.6284205168"><ele>112.81</ele><time>2024-08-17T03:02:23Z</time></trkpt><trkpt lat="-39.3715049140" lon="-72.6284669526"><ele>113.04</ele><time>2024-08-17T03:02:24Z</time></trkpt><trkpt lat="-39.3710396346" lon="-72.6289003808"><ele>116.35</ele><time>2024-08-17T03:02:33Z</time></trkpt><trkpt lat="-39.3708149157" lon="-72.6291415282"><ele>118.09</ele><time>2024-08-17T03:02:42Z</time></trkpt><trkpt lat="-39.3703514803" lon="-72.6294863597"><ele>118.14</ele><time>2024-08-17T03:02:50Z</time></trkpt><trkpt lat="-39.3694840372" lon="-72.6302528009"><ele>117.58</ele><time>2024-08-17T03:03:05Z</time></trkpt><trkpt lat="-39.3691089470" lon="-72.6306807809"><ele>116.86</ele><time>2024-08-17T03:03:16Z</time></trkpt><trkpt lat="-39.3688947894" lon="-72.6308700442"><ele>116.88</ele><time>2024-08-17T03:03:24Z</time></trkpt><trkpt lat="-39.3683492951" lon="-72.6314064022"><ele>116.68</ele><time>2024-08-17T03:03:37Z</time></trkpt><trkpt lat="-39.3683552463" lon="-72.6313754730"><ele>116.60</ele><time>2024-08-17T03:03:45Z</time></trkpt><trkpt lat="-39.3683694117" lon="-72.6313799992"><ele>116.67</ele><time>2024-08-17T03:03:51Z</time></trkpt><trkpt lat="-39.3684650492" lon="-72.6313520875"><ele>116.65</ele><time>2024-08-17T03:03:55Z</time></trkpt><trkpt lat="-39.3688867427" lon="-72.6309127081"><ele>116.89</ele><time>2024-08-17T03:04:05Z</time></trkpt><trkpt lat="-39.3689244613" lon="-72.6308530290"><ele>116.65</ele><time>2024-08-17T03:04:10Z</time></trkpt><trkpt lat="-39.3689779378" lon="-72.6307591517"><ele>116.88</ele><time>2024-08-17T03:04:13Z</time></trkpt><trkpt lat="-39.3689855654" lon="-72.6307067648"><ele>117.04</ele><time>2024-08-17T03:04:14Z</time></trkpt><trkpt lat="-39.3689783569" lon="-72.6306371111"><ele>117.07</ele><time>2024-08-17T03:04:15Z</time></trkpt><trkpt lat="-39.3689584918" lon="-72.6305608358"><ele>117.11</ele><time>2024-08-17T03:04:16Z</time></trkpt><trkpt lat="-39.3689307477" lon="-72.6304882485"><ele>117.14</ele><time>2024-08-17T03:04:17Z</time></trkpt><trkpt lat="-39.3688962143" lon="-72.6304100454"><ele>117.20</ele><time>2024-08-17T03:04:18Z</time></trkpt><trkpt lat="-39.3688555621" lon="-72.6303335186"><ele>117.23</ele><time>2024-08-17T03:04:19Z</time></trkpt><trkpt lat="-39.3688132335" lon="-72.6302585844"><ele>117.30</ele><time>2024-08-17T03:04:20Z</time></trkpt><trkpt lat="-39.3683737703" lon="-72.6296206377"><ele>117.30</ele><time>2024-08-17T03:04:33Z</time></trkpt><trkpt lat="-39.3682969082" lon="-72.6296550035"><ele>117.19</ele><time>2024-08-17T03:04:35Z</time></trkpt><trkpt lat="-39.3682582676" lon="-72.6296853460"><ele>117.25</ele><time>2024-08-17T03:04:36Z</time></trkpt><trkpt lat="-39.3676981889" lon="-72.6302228775"><ele>117.50</ele><time>2024-08-17T03:04:49Z</time></trkpt><trkpt lat="-39.3674562871" lon="-72.6304210257"><ele>116.93</ele><time>2024-08-17T03:05:01Z</time></trkpt><trkpt lat="-39.3673717976" lon="-72.6306165755"><ele>117.04</ele><time>2024-08-17T03:05:10Z</time></trkpt><trkpt lat="-39.3674123660" lon="-72.6307100337"><ele>117.17</ele><time>2024-08-17T03:05:12Z</time></trkpt><trkpt lat="-39.3678613007" lon="-72.6315037999"><ele>117.06</ele><time>2024-08-17T03:05:27Z</time></trkpt><trkpt lat="-39.3678711914" lon="-72.6318353042"><ele>117.20</ele><time>2024-08-17T03:05:35Z</time></trkpt><trkpt lat="-39.3678303715" lon="-72.6318726875"><ele>117.20</ele><time>2024-08-17T03:05:36Z</time></trkpt><trkpt lat="-39.3673095200" lon="-72.6323580835"><ele>116.78</ele><time>2024-08-17T03:05:49Z</time></trkpt><trkpt lat="-39.3672866374" lon="-72.6323592570"><ele>116.65</ele><time>2024-08-17T03:05:50Z</time></trkpt><trkpt lat="-39.3672611564" lon="-72.6323486120"><ele>116.68</ele><time>2024-08-17T03:05:51Z</time></trkpt><trkpt lat="-39.3672357593" lon="-72.6323282439"><ele>116.77</ele><time>2024-08-17T03:05:52Z</time></trkpt><trkpt lat="-39.3668026663" lon="-72.6318411715"><ele>116.82</ele><time>2024-08-17T03:06:06Z</time></trkpt><trkpt lat="-39.3665756006" lon="-72.6314399298"><ele>116.80</ele><time>2024-08-17T03:06:18Z</time></trkpt><trkpt lat="-39.3665846530" lon="-72.6314080786"><ele>116.80</ele><time>2024-08-17T03:06:19Z</time></trkpt><trkpt lat="-39.3666077033" lon="-72.6313727908"><ele>116.85</ele><time>2024-08-17T03:06:20Z</time></trkpt><trkpt lat="-39.3666449189" lon="-72.6313330606"><ele>116.83</ele><time>2024-08-17T03:06:21Z</time></trkpt><trkpt lat="-39.3666916061" lon="-72.6312916540"><ele>116.87</ele><time>2024-08-17T03:06:22Z</time></trkpt><trkpt lat="-39.3667465914" lon="-72.6312432904"><ele>117.02</ele><time>2024-08-17T03:06:23Z</time></trkpt><trkpt lat="-39.3672935944" lon="-72.6307164878"><ele>117.11</ele><time>2024-08-17T03:06:34Z</time></trkpt><trkpt lat="-39.3674199935" lon="-72.6307002269"><ele>117.00</ele><time>2024-08-17T03:06:41Z</time></trkpt><trkpt lat="-39.3674439657" lon="-72.6307379454"><ele>117.11</ele><time>2024-08-17T03:06:42Z</time></trkpt><trkpt lat="-39.3678696826" lon="-72.6314972620"><ele>117.26</ele><time>2024-08-17T03:06:54Z</time></trkpt><trkpt lat="-39.3685213756" lon="-72.6326003205"><ele>117.14</ele><time>2024-08-17T03:07:12Z</time></trkpt><trkpt lat="-39.3685525563" lon="-72.6326361112"><ele>117.14</ele><time>2024-08-17T03:07:22Z</time></trkpt><trkpt lat="-39.3686406501" lon="-72.6327581517"><ele>117.31</ele><time>2024-08-17T03:07:37Z</time></trkpt><trkpt lat="-39.3686797097" lon="-72.6327669527"><ele>117.49</ele><time>2024-08-17T03:07:38Z</time></trkpt><trkpt lat="-39.3687239662" lon="-72.6327573974"><ele>117.58</ele><time>2024-08-17T03:07:39Z</time></trkpt><trkpt lat="-39.3687681388" lon="-72.6327314973"><ele>117.63</ele><time>2024-08-17T03:07:40Z</time></trkpt><trkpt lat="-39.3688118085" lon="-72.6326969638"><ele>117.63</ele><time>2024-08-17T03:07:41Z</time></trkpt><trkpt lat="-39.3688575737" lon="-72.6326543838"><ele>117.68</ele><time>2024-08-17T03:07:42Z</time></trkpt><trkpt lat="-39.3694613222" lon="-72.6321118232"><ele>117.69</ele><time>2024-08-17T03:07:55Z</time></trkpt><trkpt lat="-39.3695081770" lon="-72.6320650522"><ele>117.47</ele><time>2024-08-17T03:08:04Z</time></trkpt><trkpt lat="-39.3695151340" lon="-72.6320403256"><ele>117.59</ele><time>2024-08-17T03:08:17Z</time></trkpt><trkpt lat="-39.3695780821" lon="-72.6319777127"><ele>117.64</ele><time>2024-08-17T03:08:20Z</time></trkpt><trkpt lat="-39.3700471334" lon="-72.6315345615"><ele>118.42</ele><time>2024-08-17T03:08:32Z</time></trkpt><trkpt lat="-39.3704774603" lon="-72.6311367564"><ele>118.69</ele><time>2024-08-17T03:08:45Z</time></trkpt><trkpt lat="-39.3705036119" lon="-72.6311109401"><ele>118.51</ele><time>2024-08-17T03:08:53Z</time></trkpt><trkpt lat="-39.3705241475" lon="-72.6310872193"><ele>118.70</ele><time>2024-08-17T03:08:54Z</time></trkpt><trkpt lat="-39.3705492094" lon="-72.6310625765"><ele>118.87</ele><time>2024-08-17T03:08:55Z</time></trkpt><trkpt lat="-39.3705742713" lon="-72.6310411189"><ele>118.93</ele><time>2024-08-17T03:08:56Z</time></trkpt><trkpt lat="-39.3705941364" lon="-72.6310233492"><ele>119.01</ele><time>2024-08-17T03:08:57Z</time></trkpt><trkpt lat="-39.3706096429" lon="-72.6310093515"><ele>118.92</ele><time>2024-08-17T03:08:58Z</time></trkpt><trkpt lat="-39.3706279155" lon="-72.6309928391"><ele>122.23</ele><time>2024-08-17T03:09:01Z</time></trkpt><trkpt lat="-39.3706290051" lon="-72.6309939288"><ele>122.87</ele><time>2024-08-17T03:09:03Z</time></trkpt><trkpt lat="-39.3706268258" lon="-72.6310021430"><ele>119.50</ele><time>2024-08-17T03:09:05Z</time></trkpt><trkpt lat="-39.3706306815" lon="-72.6310073398"><ele>118.65</ele><time>2024-08-17T03:09:07Z</time></trkpt><trkpt lat="-39.3706595153" lon="-72.6309924200"><ele>118.79</ele><time>2024-08-17T03:09:14Z</time></trkpt><trkpt lat="-39.3706726748" lon="-72.6309804339"><ele>118.69</ele><time>2024-08-17T03:09:15Z</time></trkpt><trkpt lat="-39.3706851639" lon="-72.6309686154"><ele>118.73</ele><time>2024-08-17T03:09:16Z</time></trkpt><trkpt lat="-39.3706948869" lon="-72.6309588086"><ele>118.72</ele><time>2024-08-17T03:09:17Z</time></trkpt><trkpt lat="-39.3706891872" lon="-72.6309513487"><ele>115.09</ele><time>2024-08-17T03:09:28Z</time></trkpt><trkpt lat="-39.3706909474" lon="-72.6309512649"><ele>127.56</ele><time>2024-08-17T03:09:29Z</time></trkpt><trkpt lat="-39.3706911150" lon="-72.6309515163"><ele>125.46</ele><time>2024-08-17T03:09:30Z</time></trkpt><trkpt lat="-39.3706906959" lon="-72.6309520192"><ele>121.01</ele><time>2024-08-17T03:09:32Z</time></trkpt><trkpt lat="-39.3707097229" lon="-72.6309356745"><ele>118.51</ele><time>2024-08-17T03:09:34Z</time></trkpt><trkpt lat="-39.3707826454" lon="-72.6308600698"><ele>118.50</ele><time>2024-08-17T03:09:37Z</time></trkpt><trkpt lat="-39.3712476734" lon="-72.6303913537"><ele>118.27</ele><time>2024-08-17T03:09:53Z</time></trkpt><trkpt lat="-39.3713758327" lon="-72.6301265694"><ele>118.06</ele><time>2024-08-17T03:10:04Z</time></trkpt><trkpt lat="-39.3711631838" lon="-72.6296828315"><ele>118.90</ele><time>2024-08-17T03:10:15Z</time></trkpt><trkpt lat="-39.3707755208" lon="-72.6289953478"><ele>119.75</ele><time>2024-08-17T03:10:27Z</time></trkpt><trkpt lat="-39.3703998439" lon="-72.6283786073"><ele>120.28</ele><time>2024-08-17T03:10:37Z</time></trkpt><trkpt lat="-39.3701606244" lon="-72.6279673073"><ele>120.38</ele><time>2024-08-17T03:10:44Z</time></trkpt><trkpt lat="-39.3701543380" lon="-72.6279217098"><ele>120.43</ele><time>2024-08-17T03:10:45Z</time></trkpt><trkpt lat="-39.3701619655" lon="-72.6278782077"><ele>120.44</ele><time>2024-08-17T03:10:46Z</time></trkpt><trkpt lat="-39.3701831717" lon="-72.6278441772"><ele>120.39</ele><time>2024-08-17T03:10:47Z</time></trkpt><trkpt lat="-39.3702201359" lon="-72.6278026868"><ele>120.44</ele><time>2024-08-17T03:10:48Z</time></trkpt><trkpt lat="-39.3702670746" lon="-72.6277554128"><ele>120.37</ele><time>2024-08-17T03:10:49Z</time></trkpt><trkpt lat="-39.3709053565" lon="-72.6271955017"><ele>118.50</ele><time>2024-08-17T03:11:01Z</time></trkpt><trkpt lat="-39.3710004073" lon="-72.6271686796"><ele>118.07</ele><time>2024-08-17T03:11:04Z</time></trkpt><trkpt lat="-39.3710297439" lon="-72.6271954179"><ele>118.00</ele><time>2024-08-17T03:11:05Z</time></trkpt><trkpt lat="-39.3710620981" lon="-72.6272401772"><ele>117.88</ele><time>2024-08-17T03:11:06Z</time></trkpt><trkpt lat="-39.3710947037" lon="-72.6272979286"><ele>117.55</ele><time>2024-08-17T03:11:07Z</time></trkpt><trkpt lat="-39.3711320031" lon="-72.6273659058"><ele>117.34</ele><time>2024-08-17T03:11:08Z</time></trkpt><trkpt lat="-39.3715313170" lon="-72.6281081233"><ele>114.28</ele><time>2024-08-17T03:11:19Z</time></trkpt><trkpt lat="-39.3719724566" lon="-72.6288584713"><ele>113.82</ele><time>2024-08-17T03:11:31Z</time></trkpt><trkpt lat="-39.3723717704" lon="-72.6295322087"><ele>113.13</ele><time>2024-08-17T03:11:44Z</time></trkpt><trkpt lat="-39.3728510477" lon="-72.6303034276"><ele>112.71</ele><time>2024-08-17T03:11:56Z</time></trkpt><trkpt lat="-39.3729324359" lon="-72.6305051800"><ele>110.27</ele><time>2024-08-17T03:12:01Z</time></trkpt><trkpt lat="-39.3729198631" lon="-72.6305465866"><ele>113.48</ele><time>2024-08-17T03:12:02Z</time></trkpt><trkpt lat="-39.3728964776" lon="-72.6305856463"><ele>113.52</ele><time>2024-08-17T03:12:03Z</time></trkpt><trkpt lat="-39.3728657160" lon="-72.6306253765"><ele>113.53</ele><time>2024-08-17T03:12:04Z</time></trkpt><trkpt lat="-39.3728269916" lon="-72.6306705549"><ele>113.22</ele><time>2024-08-17T03:12:05Z</time></trkpt><trkpt lat="-39.3727820646" lon="-72.6307158172"><ele>113.28</ele><time>2024-08-17T03:12:06Z</time></trkpt><trkpt lat="-39.3727348745" lon="-72.6307625882"><ele>113.17</ele><time>2024-08-17T03:12:07Z</time></trkpt><trkpt lat="-39.3721847702" lon="-72.6313015446"><ele>114.87</ele><time>2024-08-17T03:12:20Z</time></trkpt><trkpt lat="-39.3719341513" lon="-72.6315084100"><ele>115.60</ele><time>2024-08-17T03:12:29Z</time></trkpt><trkpt lat="-39.3715863023" lon="-72.6318583544"><ele>117.64</ele><time>2024-08-17T03:12:37Z</time></trkpt><trkpt lat="-39.3715541158" lon="-72.6318854280"><ele>112.03</ele><time>2024-08-17T03:12:38Z</time></trkpt><trkpt lat="-39.3715350050" lon="-72.6319026109"><ele>116.56</ele><time>2024-08-17T03:12:39Z</time></trkpt><trkpt lat="-39.3715028185" lon="-72.6319396589"><ele>120.28</ele><time>2024-08-17T03:12:42Z</time></trkpt><trkpt lat="-39.3714903295" lon="-72.6319537405"><ele>116.14</ele><time>2024-08-17T03:12:43Z</time></trkpt><trkpt lat="-39.3714552093" lon="-72.6319867652"><ele>120.42</ele><time>2024-08-17T03:12:45Z</time></trkpt><trkpt lat="-39.3714319076" lon="-72.6320052054"><ele>119.77</ele><time>2024-08-17T03:12:46Z</time></trkpt><trkpt lat="-39.3711707275" lon="-72.6322491188"><ele>118.98</ele><time>2024-08-17T03:12:56Z</time></trkpt><trkpt lat="-39.3705483712" lon="-72.6328467485"><ele>118.71</ele><time>2024-08-17T03:13:08Z</time></trkpt><trkpt lat="-39.3703671545" lon="-72.6330203377"><ele>118.77</ele><time>2024-08-17T03:13:17Z</time></trkpt><trkpt lat="-39.3699182197" lon="-72.6334432047"><ele>118.09</ele><time>2024-08-17T03:13:28Z</time></trkpt><trkpt lat="-39.3694827799" lon="-72.6338481344"><ele>117.31</ele><time>2024-08-17T03:13:39Z</time></trkpt><trkpt lat="-39.3693780061" lon="-72.6340130065"><ele>117.16</ele><time>2024-08-17T03:13:45Z</time></trkpt><trkpt lat="-39.3693785928" lon="-72.6340627111"><ele>117.25</ele><time>2024-08-17T03:13:46Z</time></trkpt><trkpt lat="-39.3693894893" lon="-72.6341112424"><ele>117.02</ele><time>2024-08-17T03:13:47Z</time></trkpt><trkpt lat="-39.3694108631" lon="-72.6341624558"><ele>116.84</ele><time>2024-08-17T03:13:48Z</time></trkpt><trkpt lat="-39.3694398645" lon="-72.6342185307"><ele>117.29</ele><time>2024-08-17T03:13:49Z</time></trkpt><trkpt lat="-39.3694748171" lon="-72.6342827361"><ele>117.57</ele><time>2024-08-17T03:13:50Z</time></trkpt><trkpt lat="-39.3699323852" lon="-72.6350288093"><ele>117.69</ele><time>2024-08-17T03:14:03Z</time></trkpt><trkpt lat="-39.3699651584" lon="-72.6350420527"><ele>117.57</ele><time>2024-08-17T03:14:04Z</time></trkpt><trkpt lat="-39.3700007815" lon="-72.6350409631"><ele>117.49</ele><time>2024-08-17T03:14:05Z</time></trkpt><trkpt lat="-39.3700388353" lon="-72.6350236963"><ele>117.20</ele><time>2024-08-17T03:14:06Z</time></trkpt><trkpt lat="-39.3700799905" lon="-72.6349937730"><ele>117.40</ele><time>2024-08-17T03:14:07Z</time></trkpt><trkpt lat="-39.3701190501" lon="-72.6349604968"><ele>117.49</ele><time>2024-08-17T03:14:08Z</time></trkpt><trkpt lat="-39.3707580026" lon="-72.6343107317"><ele>118.75</ele><time>2024-08-17T03:14:22Z</time></trkpt><trkpt lat="-39.3709331844" lon="-72.6341051236"><ele>119.11</ele><time>2024-08-17T03:14:32Z</time></trkpt><trkpt lat="-39.3714547064" lon="-72.6336247567"><ele>117.04</ele><time>2024-08-17T03:14:49Z</time></trkpt><trkpt lat="-39.3718030583" lon="-72.6332961861"><ele>113.99</ele><time>2024-08-17T03:15:00Z</time></trkpt><trkpt lat="-39.3721554335" lon="-72.6329696272"><ele>115.11</ele><time>2024-08-17T03:15:09Z</time></trkpt><trkpt lat="-39.3726606108" lon="-72.6324840635"><ele>114.64</ele><time>2024-08-17T03:15:22Z</time></trkpt><trkpt lat="-39.3730733357" lon="-72.6321046147"><ele>114.16</ele><time>2024-08-17T03:15:32Z</time></trkpt><trkpt lat="-39.3735867273" lon="-72.6315833442"><ele>112.69</ele><time>2024-08-17T03:15:45Z</time></trkpt><trkpt lat="-39.3737355899" lon="-72.6314369962"><ele>114.28</ele><time>2024-08-17T03:15:48Z</time></trkpt><trkpt lat="-39.3740826007" lon="-72.6311005466"><ele>111.26</ele><time>2024-08-17T03:15:54Z</time></trkpt><trkpt lat="-39.3741271924" lon="-72.6310722157"><ele>113.59</ele><time>2024-08-17T03:15:55Z</time></trkpt><trkpt lat="-39.3741722032" lon="-72.6310416218"><ele>114.37</ele><time>2024-08-17T03:15:56Z</time></trkpt><trkpt lat="-39.3745245785" lon="-72.6307215169"><ele>112.46</ele><time>2024-08-17T03:16:06Z</time></trkpt><trkpt lat="-39.3750431668" lon="-72.6302207820"><ele>112.39</ele><time>2024-08-17T03:16:19Z</time></trkpt><trkpt lat="-39.3752808776" lon="-72.6299787965"><ele>109.23</ele><time>2024-08-17T03:16:25Z</time></trkpt><trkpt lat="-39.3753624335" lon="-72.6299608592"><ele>111.75</ele><time>2024-08-17T03:16:28Z</time></trkpt><trkpt lat="-39.3753853999" lon="-72.6299870946"><ele>112.63</ele><time>2024-08-17T03:16:29Z</time></trkpt><trkpt lat="-39.3754111324" lon="-72.6300281659"><ele>113.11</ele><time>2024-08-17T03:16:30Z</time></trkpt><trkpt lat="-39.3758596480" lon="-72.6307824533"><ele>111.99</ele><time>2024-08-17T03:16:43Z</time></trkpt><trkpt lat="-39.3759299722" lon="-72.6309352554"><ele>110.57</ele><time>2024-08-17T03:16:46Z</time></trkpt><trkpt lat="-39.3759386893" lon="-72.6309865527"><ele>111.41</ele><time>2024-08-17T03:16:47Z</time></trkpt><trkpt lat="-39.3759317324" lon="-72.6310391072"><ele>110.04</ele><time>2024-08-17T03:16:48Z</time></trkpt><trkpt lat="-39.3759137113" lon="-72.6310815196"><ele>110.64</ele><time>2024-08-17T03:16:49Z</time></trkpt><trkpt lat="-39.3758852966" lon="-72.6311225910"><ele>112.38</ele><time>2024-08-17T03:16:50Z</time></trkpt><trkpt lat="-39.3758475780" lon="-72.6311666798"><ele>113.10</ele><time>2024-08-17T03:16:51Z</time></trkpt><trkpt lat="-39.3758014776" lon="-72.6312135346"><ele>112.37</ele><time>2024-08-17T03:16:52Z</time></trkpt><trkpt lat="-39.3757547904" lon="-72.6312639937"><ele>112.08</ele><time>2024-08-17T03:16:53Z</time></trkpt><trkpt lat="-39.3751511257" lon="-72.6318854280"><ele>112.17</ele><time>2024-08-17T03:17:07Z</time></trkpt><trkpt lat="-39.3747069687" lon="-72.6323529705"><ele>113.28</ele><time>2024-08-17T03:17:17Z</time></trkpt><trkpt lat="-39.3743042182" lon="-72.6327326708"><ele>113.29</ele><time>2024-08-17T03:17:28Z</time></trkpt><trkpt lat="-39.3739122804" lon="-72.6331136283"><ele>113.42</ele><time>2024-08-17T03:17:39Z</time></trkpt><trkpt lat="-39.3734077737" lon="-72.6335837692"><ele>114.41</ele><time>2024-08-17T03:17:54Z</time></trkpt><trkpt lat="-39.3728015106" lon="-72.6341773756"><ele>114.28</ele><time>2024-08-17T03:18:08Z</time></trkpt><trkpt lat="-39.3722092453" lon="-72.6347461715"><ele>114.47</ele><time>2024-08-17T03:18:22Z</time></trkpt><trkpt lat="-39.3717060797" lon="-72.6352269575"><ele>115.83</ele><time>2024-08-17T03:18:34Z</time></trkpt><trkpt lat="-39.3712538760" lon="-72.6356560271"><ele>117.98</ele><time>2024-08-17T03:18:45Z</time></trkpt><trkpt lat="-39.3707887642" lon="-72.6361402497"><ele>117.80</ele><time>2024-08-17T03:18:57Z</time></trkpt><trkpt lat="-39.3707148358" lon="-72.6362131722"><ele>118.39</ele><time>2024-08-17T03:19:01Z</time></trkpt><trkpt lat="-39.3706775364" lon="-72.6363387331"><ele>118.39</ele><time>2024-08-17T03:19:04Z</time></trkpt><trkpt lat="-39.3706927914" lon="-72.6363880187"><ele>118.00</ele><time>2024-08-17T03:19:05Z</time></trkpt><trkpt lat="-39.3707170151" lon="-72.6364404894"><ele>117.68</ele><time>2024-08-17T03:19:06Z</time></trkpt><trkpt lat="-39.3707497045" lon="-72.6364969835"><ele>117.48</ele><time>2024-08-17T03:19:07Z</time></trkpt><trkpt lat="-39.3707859982" lon="-72.6365590096"><ele>118.04</ele><time>2024-08-17T03:19:08Z</time></trkpt><trkpt lat="-39.3712590728" lon="-72.6373351738"><ele>117.24</ele><time>2024-08-17T03:19:21Z</time></trkpt><trkpt lat="-39.3714861386" lon="-72.6373600680"><ele>116.69</ele><time>2024-08-17T03:19:28Z</time></trkpt><trkpt lat="-39.3720221613" lon="-72.6368497778"><ele>115.59</ele><time>2024-08-17T03:19:40Z</time></trkpt><trkpt lat="-39.3723688368" lon="-72.6365046110"><ele>109.22</ele><time>2024-08-17T03:19:47Z</time></trkpt><trkpt lat="-39.3724209722" lon="-72.6364502963"><ele>113.66</ele><time>2024-08-17T03:19:48Z</time></trkpt><trkpt lat="-39.3733617570" lon="-72.6355430391"><ele>114.42</ele><time>2024-08-17T03:20:05Z</time></trkpt><trkpt lat="-39.3741877936" lon="-72.6347359456"><ele>114.04</ele><time>2024-08-17T03:20:21Z</time></trkpt><trkpt lat="-39.3742896337" lon="-72.6346388832"><ele>114.73</ele><time>2024-08-17T03:20:23Z</time></trkpt><trkpt lat="-39.3744630553" lon="-72.6344734244"><ele>112.94</ele><time>2024-08-17T03:20:27Z</time></trkpt><trkpt lat="-39.3751045223" lon="-72.6338480506"><ele>111.37</ele><time>2024-08-17T03:20:41Z</time></trkpt><trkpt lat="-39.3753247987" lon="-72.6336252596"><ele>114.58</ele><time>2024-08-17T03:20:45Z</time></trkpt><trkpt lat="-39.3754866533" lon="-72.6334592979"><ele>110.18</ele><time>2024-08-17T03:20:48Z</time></trkpt><trkpt lat="-39.3755977135" lon="-72.6333481539"><ele>114.03</ele><time>2024-08-17T03:20:50Z</time></trkpt><trkpt lat="-39.3758232705" lon="-72.6331208367"><ele>113.73</ele><time>2024-08-17T03:20:54Z</time></trkpt><trkpt lat="-39.3759320676" lon="-72.6330128778"><ele>111.99</ele><time>2024-08-17T03:20:56Z</time></trkpt><trkpt lat="-39.3766487204" lon="-72.6322523039"><ele>115.79</ele><time>2024-08-17T03:21:09Z</time></trkpt><trkpt lat="-39.3766970839" lon="-72.6321953908"><ele>111.92</ele><time>2024-08-17T03:21:10Z</time></trkpt><trkpt lat="-39.3769060448" lon="-72.6319637988"><ele>115.46</ele><time>2024-08-17T03:21:14Z</time></trkpt><trkpt lat="-39.3777816184" lon="-72.6311525144"><ele>114.83</ele><time>2024-08-17T03:21:29Z</time></trkpt><trkpt lat="-39.3778228574" lon="-72.6311245188"><ele>114.79</ele><time>2024-08-17T03:21:30Z</time></trkpt><trkpt lat="-39.3778538704" lon="-72.6311039831"><ele>114.88</ele><time>2024-08-17T03:21:31Z</time></trkpt><trkpt lat="-39.3778799381" lon="-72.6310822740"><ele>114.57</ele><time>2024-08-17T03:21:32Z</time></trkpt><trkpt lat="-39.3779023178" lon="-72.6310572121"><ele>114.06</ele><time>2024-08-17T03:21:33Z</time></trkpt><trkpt lat="-39.3779220153" lon="-72.6310298871"><ele>114.87</ele><time>2024-08-17T03:21:34Z</time></trkpt><trkpt lat="-39.3781241868" lon="-72.6308579743"><ele>112.99</ele><time>2024-08-17T03:21:42Z</time></trkpt><trkpt lat="-39.3781955168" lon="-72.6308219321"><ele>114.83</ele><time>2024-08-17T03:21:44Z</time></trkpt><trkpt lat="-39.3782576267" lon="-72.6307893265"><ele>114.24</ele><time>2024-08-17T03:21:53Z</time></trkpt><trkpt lat="-39.3782827724" lon="-72.6308169868"><ele>114.81</ele><time>2024-08-17T03:22:14Z</time></trkpt><trkpt lat="-39.3783941679" lon="-72.6307645161"><ele>113.88</ele><time>2024-08-17T03:22:17Z</time></trkpt><trkpt lat="-39.3786620535" lon="-72.6306375302"><ele>114.05</ele><time>2024-08-17T03:22:21Z</time></trkpt><trkpt lat="-39.3795191869" lon="-72.6302512083"><ele>116.73</ele><time>2024-08-17T03:22:34Z</time></trkpt><trkpt lat="-39.3795800395" lon="-72.6302277390"><ele>111.18</ele><time>2024-08-17T03:22:35Z</time></trkpt><trkpt lat="-39.3796403892" lon="-72.6302034315"><ele>113.71</ele><time>2024-08-17T03:22:36Z</time></trkpt><trkpt lat="-39.3800244480" lon="-72.6300274115"><ele>114.81</ele><time>2024-08-17T03:22:42Z</time></trkpt><trkpt lat="-39.3807063159" lon="-72.6297319494"><ele>114.39</ele><time>2024-08-17T03:22:53Z</time></trkpt><trkpt lat="-39.3818552233" lon="-72.6292222459"><ele>118.07</ele><time>2024-08-17T03:23:09Z</time></trkpt><trkpt lat="-39.3819350190" lon="-72.6291898079"><ele>114.98</ele><time>2024-08-17T03:23:11Z</time></trkpt><trkpt lat="-39.3824271206" lon="-72.6289645024"><ele>114.73</ele><time>2024-08-17T03:23:20Z</time></trkpt><trkpt lat="-39.3831997644" lon="-72.6286383625"><ele>115.20</ele><time>2024-08-17T03:23:33Z</time></trkpt><trkpt lat="-39.3837057799" lon="-72.6283895876"><ele>115.36</ele><time>2024-08-17T03:23:43Z</time></trkpt><trkpt lat="-39.3837157544" lon="-72.6283528749"><ele>115.34</ele><time>2024-08-17T03:23:44Z</time></trkpt><trkpt lat="-39.3837176822" lon="-72.6283130608"><ele>115.35</ele><time>2024-08-17T03:23:45Z</time></trkpt><trkpt lat="-39.3837123178" lon="-72.6282745879"><ele>115.66</ele><time>2024-08-17T03:23:46Z</time></trkpt><trkpt lat="-39.3836926203" lon="-72.6282427367"><ele>115.48</ele><time>2024-08-17T03:23:47Z</time></trkpt><trkpt lat="-39.3836628646" lon="-72.6282187644"><ele>115.38</ele><time>2024-08-17T03:23:48Z</time></trkpt><trkpt lat="-39.3836296722" lon="-72.6281923614"><ele>115.10</ele><time>2024-08-17T03:23:49Z</time></trkpt><trkpt lat="-39.3832743634" lon="-72.6277924608"><ele>115.58</ele><time>2024-08-17T03:24:00Z</time></trkpt><trkpt lat="-39.3829110917" lon="-72.6276471186"><ele>114.85</ele><time>2024-08-17T03:24:11Z</time></trkpt><trkpt lat="-39.3828151189" lon="-72.6276939735"><ele>115.44</ele><time>2024-08-17T03:24:13Z</time></trkpt><trkpt lat="-39.3827665038" lon="-72.6277148444"><ele>115.37</ele><time>2024-08-17T03:24:14Z</time></trkpt><trkpt lat="-39.3823257834" lon="-72.6279114000"><ele>114.53</ele><time>2024-08-17T03:24:26Z</time></trkpt><trkpt lat="-39.3822442275" lon="-72.6279618591"><ele>114.28</ele><time>2024-08-17T03:24:38Z</time></trkpt><trkpt lat="-39.3821862247" lon="-72.6279945485"><ele>114.42</ele><time>2024-08-17T03:24:41Z</time></trkpt><trkpt lat="-39.3820498511" lon="-72.6280650403"><ele>114.69</ele><time>2024-08-17T03:24:54Z</time></trkpt><trkpt lat="-39.3820151500" lon="-72.6280677225"><ele>118.11</ele><time>2024-08-17T03:25:00Z</time></trkpt><trkpt lat="-39.3819442391" lon="-72.6280291658"><ele>118.67</ele><time>2024-08-17T03:25:22Z</time></trkpt><trkpt lat="-39.3819446582" lon="-72.6280455105"><ele>118.76</ele><time>2024-08-17T03:25:47Z</time></trkpt><trkpt lat="-39.3818986416" lon="-72.6280974783"><ele>118.64</ele><time>2024-08-17T03:25:59Z</time></trkpt><trkpt lat="-39.3818042614" lon="-72.6281327661"><ele>118.62</ele><time>2024-08-17T03:26:07Z</time></trkpt><trkpt lat="-39.3817873299" lon="-72.6281423215"><ele>118.73</ele><time>2024-08-17T03:26:08Z</time></trkpt><trkpt lat="-39.3817716558" lon="-72.6281556487"><ele>118.51</ele><time>2024-08-17T03:26:09Z</time></trkpt><trkpt lat="-39.3817530479" lon="-72.6281672157"><ele>118.41</ele><time>2024-08-17T03:26:10Z</time></trkpt><trkpt lat="-39.3817352783" lon="-72.6281773578"><ele>118.51</ele><time>2024-08-17T03:26:11Z</time></trkpt><trkpt lat="-39.3816302530" lon="-72.6282106340"><ele>115.26</ele><time>2024-08-17T03:26:16Z</time></trkpt><trkpt lat="-39.3813685700" lon="-72.6283238735"><ele>113.79</ele><time>2024-08-17T03:26:28Z</time></trkpt><trkpt lat="-39.3813604396" lon="-72.6284139790"><ele>114.03</ele><time>2024-08-17T03:26:42Z</time></trkpt><trkpt lat="-39.3813725933" lon="-72.6284548827"><ele>113.89</ele><time>2024-08-17T03:26:44Z</time></trkpt><trkpt lat="-39.3815126549" lon="-72.6289394405"><ele>114.66</ele><time>2024-08-17T03:26:57Z</time></trkpt><trkpt lat="-39.3815632816" lon="-72.6292432006"><ele>113.99</ele><time>2024-08-17T03:27:06Z</time></trkpt><trkpt lat="-39.3815534748" lon="-72.6292733755"><ele>113.97</ele><time>2024-08-17T03:27:07Z</time></trkpt><trkpt lat="-39.3815348670" lon="-72.6292995270"><ele>114.01</ele><time>2024-08-17T03:27:08Z</time></trkpt><trkpt lat="-39.3815155886" lon="-72.6293191407"><ele>114.00</ele><time>2024-08-17T03:27:09Z</time></trkpt><trkpt lat="-39.3814917840" lon="-72.6293385029"><ele>114.00</ele><time>2024-08-17T03:27:10Z</time></trkpt><trkpt lat="-39.3814612739" lon="-72.6293565240"><ele>114.10</ele><time>2024-08-17T03:27:11Z</time></trkpt><trkpt lat="-39.3809270952" lon="-72.6295950729"><ele>114.19</ele><time>2024-08-17T03:27:20Z</time></trkpt><trkpt lat="-39.3805338163" lon="-72.6297403313"><ele>113.47</ele><time>2024-08-17T03:27:29Z</time></trkpt><trkpt lat="-39.3805122748" lon="-72.6297114976"><ele>113.68</ele><time>2024-08-17T03:27:30Z</time></trkpt><trkpt lat="-39.3804955110" lon="-72.6296704262"><ele>113.79</ele><time>2024-08-17T03:27:31Z</time></trkpt><trkpt lat="-39.3804815970" lon="-72.6296187099"><ele>113.90</ele><time>2024-08-17T03:27:32Z</time></trkpt><trkpt lat="-39.3804680184" lon="-72.6295622997"><ele>113.97</ele><time>2024-08-17T03:27:33Z</time></trkpt><trkpt lat="-39.3802510109" lon="-72.6288396958"><ele>114.36</ele><time>2024-08-17T03:27:46Z</time></trkpt><trkpt lat="-39.3800633401" lon="-72.6280839834"><ele>114.44</ele><time>2024-08-17T03:27:58Z</time></trkpt><trkpt lat="-39.3800382782" lon="-72.6279277448"><ele>114.10</ele><time>2024-08-17T03:28:02Z</time></trkpt><trkpt lat="-39.3800479174" lon="-72.6278968994"><ele>113.88</ele><time>2024-08-17T03:28:03Z</time></trkpt><trkpt lat="-39.3800676148" lon="-72.6278689038"><ele>114.06</ele><time>2024-08-17T03:28:04Z</time></trkpt><trkpt lat="-39.3800998852" lon="-72.6278415788"><ele>114.30</ele><time>2024-08-17T03:28:05Z</time></trkpt><trkpt lat="-39.3801422138" lon="-72.6278153434"><ele>114.29</ele><time>2024-08-17T03:28:06Z</time></trkpt><trkpt lat="-39.3801889848" lon="-72.6277967356"><ele>114.48</ele><time>2024-08-17T03:28:07Z</time></trkpt><trkpt lat="-39.3802373484" lon="-72.6277793013"><ele>114.54</ele><time>2024-08-17T03:28:08Z</time></trkpt><trkpt lat="-39.3809626345" lon="-72.6274747867"><ele>114.38</ele><time>2024-08-17T03:28:22Z</time></trkpt><trkpt lat="-39.3810704257" lon="-72.6273824181"><ele>114.13</ele><time>2024-08-17T03:28:27Z</time></trkpt><trkpt lat="-39.3810728565" lon="-72.6273518242"><ele>114.20</ele><time>2024-08-17T03:28:28Z</time></trkpt><trkpt lat="-39.3810670730" lon="-72.6273164526"><ele>114.22</ele><time>2024-08-17T03:28:29Z</time></trkpt><trkpt lat="-39.3810541648" lon="-72.6272748783"><ele>114.29</ele><time>2024-08-17T03:28:30Z</time></trkpt><trkpt lat="-39.3810386583" lon="-72.6272328850"><ele>114.44</ele><time>2024-08-17T03:28:31Z</time></trkpt><trkpt lat="-39.3810231518" lon="-72.6271903049"><ele>114.51</ele><time>2024-08-17T03:28:32Z</time></trkpt><trkpt lat="-39.3810077291" lon="-72.6271492336"><ele>114.43</ele><time>2024-08-17T03:28:33Z</time></trkpt><trkpt lat="-39.3809942342" lon="-72.6271090843"><ele>114.52</ele><time>2024-08-17T03:28:34Z</time></trkpt><trkpt lat="-39.3809833378" lon="-72.6270694379"><ele>114.51</ele><time>2024-08-17T03:28:35Z</time></trkpt><trkpt lat="-39.3809746206" lon="-72.6270322222"><ele>114.54</ele><time>2024-08-17T03:28:36Z</time></trkpt><trkpt lat="-39.3809829187" lon="-72.6269462239"><ele>114.53</ele><time>2024-08-17T03:28:39Z</time></trkpt><trkpt lat="-39.3810044602" lon="-72.6269246824"><ele>114.58</ele><time>2024-08-17T03:28:40Z</time></trkpt><trkpt lat="-39.3810316175" lon="-72.6269091759"><ele>114.62</ele><time>2024-08-17T03:28:41Z</time></trkpt><trkpt lat="-39.3814902753" lon="-72.6266905759"><ele>115.26</ele><time>2024-08-17T03:28:53Z</time></trkpt><trkpt lat="-39.3816413172" lon="-72.6266725548"><ele>114.96</ele><time>2024-08-17T03:28:59Z</time></trkpt><trkpt lat="-39.3816584162" lon="-72.6266873907"><ele>115.06</ele><time>2024-08-17T03:29:00Z</time></trkpt><trkpt lat="-39.3816727493" lon="-72.6267176494"><ele>115.13</ele><time>2024-08-17T03:29:01Z</time></trkpt><trkpt lat="-39.3816848192" lon="-72.6267614029"><ele>115.13</ele><time>2024-08-17T03:29:02Z</time></trkpt><trkpt lat="-39.3816986494" lon="-72.6268115267"><ele>115.04</ele><time>2024-08-17T03:29:03Z</time></trkpt><trkpt lat="-39.3817549758" lon="-72.6270473097"><ele>114.98</ele><time>2024-08-17T03:29:09Z</time></trkpt><trkpt lat="-39.3817543052" lon="-72.6270644926"><ele>114.80</ele><time>2024-08-17T03:29:10Z</time></trkpt><trkpt lat="-39.3817488570" lon="-72.6270827651"><ele>114.90</ele><time>2024-08-17T03:29:11Z</time></trkpt><trkpt lat="-39.3817380443" lon="-72.6271017920"><ele>114.80</ele><time>2024-08-17T03:29:12Z</time></trkpt><trkpt lat="-39.3817181792" lon="-72.6271249261"><ele>115.07</ele><time>2024-08-17T03:29:13Z</time></trkpt><trkpt lat="-39.3816955481" lon="-72.6271421090"><ele>115.17</ele><time>2024-08-17T03:29:14Z</time></trkpt><trkpt lat="-39.3816666305" lon="-72.6271609683"><ele>115.09</ele><time>2024-08-17T03:29:15Z</time></trkpt><trkpt lat="-39.3816355336" lon="-72.6271789055"><ele>115.14</ele><time>2024-08-17T03:29:16Z</time></trkpt><trkpt lat="-39.3811339606" lon="-72.6274243277"><ele>114.31</ele><time>2024-08-17T03:29:30Z</time></trkpt><trkpt lat="-39.3809884507" lon="-72.6275144331"><ele>114.68</ele><time>2024-08-17T03:29:34Z</time></trkpt><trkpt lat="-39.3804624025" lon="-72.6277476177"><ele>114.71</ele><time>2024-08-17T03:29:46Z</time></trkpt><trkpt lat="-39.3804303836" lon="-72.6277896948"><ele>114.55</ele><time>2024-08-17T03:29:48Z</time></trkpt><trkpt lat="-39.3804277014" lon="-72.6278122421"><ele>114.50</ele><time>2024-08-17T03:29:49Z</time></trkpt><trkpt lat="-39.3805468082" lon="-72.6282867417"><ele>114.81</ele><time>2024-08-17T03:30:01Z</time></trkpt><trkpt lat="-39.3807317968" lon="-72.6290013827"><ele>114.89</ele><time>2024-08-17T03:30:16Z</time></trkpt><trkpt lat="-39.3808783125" lon="-72.6295115892"><ele>114.15</ele><time>2024-08-17T03:30:29Z</time></trkpt><trkpt lat="-39.3809007760" lon="-72.6295444462"><ele>114.15</ele><time>2024-08-17T03:30:37Z</time></trkpt><trkpt lat="-39.3809111696" lon="-72.6295598689"><ele>114.22</ele><time>2024-08-17T03:30:38Z</time></trkpt><trkpt lat="-39.3809328787" lon="-72.6295757107"><ele>114.26</ele><time>2024-08-17T03:30:39Z</time></trkpt><trkpt lat="-39.3809617963" lon="-72.6295815781"><ele>114.23</ele><time>2024-08-17T03:30:40Z</time></trkpt><trkpt lat="-39.3809938151" lon="-72.6295871940"><ele>114.29</ele><time>2024-08-17T03:30:41Z</time></trkpt><trkpt lat="-39.3810228165" lon="-72.6295963302"><ele>114.16</ele><time>2024-08-17T03:30:42Z</time></trkpt><trkpt lat="-39.3810453638" lon="-72.6296140999"><ele>114.14</ele><time>2024-08-17T03:30:43Z</time></trkpt><trkpt lat="-39.3810648937" lon="-72.6296376530"><ele>114.55</ele><time>2024-08-17T03:30:44Z</time></trkpt><trkpt lat="-39.3810794782" lon="-72.6296729408"><ele>114.46</ele><time>2024-08-17T03:30:45Z</time></trkpt><trkpt lat="-39.3810925540" lon="-72.6297181193"><ele>114.58</ele><time>2024-08-17T03:30:46Z</time></trkpt><trkpt lat="-39.3811069708" lon="-72.6297695003"><ele>114.66</ele><time>2024-08-17T03:30:47Z</time></trkpt><trkpt lat="-39.3812887743" lon="-72.6305129752"><ele>114.20</ele><time>2024-08-17T03:30:59Z</time></trkpt><trkpt lat="-39.3813702464" lon="-72.6307887398"><ele>113.99</ele><time>2024-08-17T03:31:08Z</time></trkpt><trkpt lat="-39.3815030158" lon="-72.6313277800"><ele>113.85</ele><time>2024-08-17T03:31:20Z</time></trkpt><trkpt lat="-39.3815511279" lon="-72.6315322146"><ele>113.59</ele><time>2024-08-17T03:31:32Z</time></trkpt><trkpt lat="-39.3815678079" lon="-72.6315903850"><ele>113.59</ele><time>2024-08-17T03:31:35Z</time></trkpt><trkpt lat="-39.3816022575" lon="-72.6319375634"><ele>113.39</ele><time>2024-08-17T03:31:50Z</time></trkpt><trkpt lat="-39.3815167621" lon="-72.6320603583"><ele>113.55</ele><time>2024-08-17T03:31:53Z</time></trkpt><trkpt lat="-39.3814538978" lon="-72.6321499608"><ele>113.47</ele><time>2024-08-17T03:31:55Z</time></trkpt><trkpt lat="-39.3814250641" lon="-72.6321922056"><ele>113.47</ele><time>2024-08-17T03:31:56Z</time></trkpt><trkpt lat="-39.3813463580" lon="-72.6322663017"><ele>112.97</ele><time>2024-08-17T03:31:59Z</time></trkpt><trkpt lat="-39.3813203741" lon="-72.6322579198"><ele>113.32</ele><time>2024-08-17T03:32:00Z</time></trkpt><trkpt lat="-39.3812979106" lon="-72.6322299242"><ele>113.37</ele><time>2024-08-17T03:32:01Z</time></trkpt><trkpt lat="-39.3812800571" lon="-72.6321859192"><ele>113.45</ele><time>2024-08-17T03:32:02Z</time></trkpt><trkpt lat="-39.3812648859" lon="-72.6321271621"><ele>113.48</ele><time>2024-08-17T03:32:03Z</time></trkpt><trkpt lat="-39.3812487088" lon="-72.6320588496"><ele>113.38</ele><time>2024-08-17T03:32:04Z</time></trkpt><trkpt lat="-39.3809908815" lon="-72.6310928352"><ele>113.75</ele><time>2024-08-17T03:32:18Z</time></trkpt><trkpt lat="-39.3807664141" lon="-72.6302776951"><ele>114.13</ele><time>2024-08-17T03:32:30Z</time></trkpt><trkpt lat="-39.3806497380" lon="-72.6298108231"><ele>113.96</ele><time>2024-08-17T03:32:40Z</time></trkpt><trkpt lat="-39.3806278612" lon="-72.6297891140"><ele>113.83</ele><time>2024-08-17T03:32:47Z</time></trkpt><trkpt lat="-39.3806071579" lon="-72.6297750324"><ele>113.84</ele><time>2024-08-17T03:32:48Z</time></trkpt><trkpt lat="-39.3805744685" lon="-72.6297681592"><ele>114.02</ele><time>2024-08-17T03:32:49Z</time></trkpt><trkpt lat="-39.3805354089" lon="-72.6297699194"><ele>114.00</ele><time>2024-08-17T03:32:50Z</time></trkpt><trkpt lat="-39.3804855365" lon="-72.6297803130"><ele>114.03</ele><time>2024-08-17T03:32:51Z</time></trkpt><trkpt lat="-39.3804300483" lon="-72.6297973283"><ele>113.99</ele><time>2024-08-17T03:32:52Z</time></trkpt><trkpt lat="-39.3803735543" lon="-72.6298202947"><ele>114.07</ele><time>2024-08-17T03:32:53Z</time></trkpt><trkpt lat="-39.3803209160" lon="-72.6298430935"><ele>114.06</ele><time>2024-08-17T03:32:54Z</time></trkpt><trkpt lat="-39.3797414750" lon="-72.6301079616"><ele>113.67</ele><time>2024-08-17T03:33:05Z</time></trkpt><trkpt lat="-39.3797490187" lon="-72.6301104762"><ele>113.30</ele><time>2024-08-17T03:33:09Z</time></trkpt><trkpt lat="-39.3796834722" lon="-72.6299938001"><ele>113.62</ele><time>2024-08-17T03:33:16Z</time></trkpt><trkpt lat="-39.3796686362" lon="-72.6299322769"><ele>113.66</ele><time>2024-08-17T03:33:17Z</time></trkpt><trkpt lat="-39.3794935383" lon="-72.6292380039"><ele>114.14</ele><time>2024-08-17T03:33:27Z</time></trkpt><trkpt lat="-39.3792667240" lon="-72.6283443253"><ele>114.01</ele><time>2024-08-17T03:33:40Z</time></trkpt><trkpt lat="-39.3792188633" lon="-72.6282000728"><ele>113.98</ele><time>2024-08-17T03:33:47Z</time></trkpt><trkpt lat="-39.3792063743" lon="-72.6281984802"><ele>114.00</ele><time>2024-08-17T03:33:48Z</time></trkpt><trkpt lat="-39.3791938853" lon="-72.6281988155"><ele>113.97</ele><time>2024-08-17T03:33:49Z</time></trkpt><trkpt lat="-39.3791816477" lon="-72.6282045990"><ele>114.04</ele><time>2024-08-17T03:33:50Z</time></trkpt><trkpt lat="-39.3791660573" lon="-72.6282126456"><ele>114.09</ele><time>2024-08-17T03:33:51Z</time></trkpt><trkpt lat="-39.3791509699" lon="-72.6282211952"><ele>114.15</ele><time>2024-08-17T03:33:52Z</time></trkpt><trkpt lat="-39.3788790610" lon="-72.6283702254"><ele>114.28</ele><time>2024-08-17T03:34:09Z</time></trkpt><trkpt lat="-39.3785209022" lon="-72.6285493467"><ele>114.53</ele><time>2024-08-17T03:34:25Z</time></trkpt><trkpt lat="-39.3782504182" lon="-72.6286728121"><ele>114.53</ele><time>2024-08-17T03:34:37Z</time></trkpt><trkpt lat="-39.3780441396" lon="-72.6287477463"><ele>114.82</ele><time>2024-08-17T03:34:51Z</time></trkpt><trkpt lat="-39.3780156411" lon="-72.6287422981"><ele>114.88</ele><time>2024-08-17T03:34:55Z</time></trkpt><trkpt lat="-39.3779889029" lon="-72.6286956109"><ele>114.97</ele><time>2024-08-17T03:34:58Z</time></trkpt><trkpt lat="-39.3779849634" lon="-72.6286574733"><ele>114.91</ele><time>2024-08-17T03:34:59Z</time></trkpt><trkpt lat="-39.3779844604" lon="-72.6286159828"><ele>115.08</ele><time>2024-08-17T03:35:00Z</time></trkpt><trkpt lat="-39.3779860530" lon="-72.6285630092"><ele>115.17</ele><time>2024-08-17T03:35:01Z</time></trkpt><trkpt lat="-39.3779892381" lon="-72.6284353528"><ele>115.23</ele><time>2024-08-17T03:35:03Z</time></trkpt><trkpt lat="-39.3779896572" lon="-72.6283666212"><ele>115.30</ele><time>2024-08-17T03:35:04Z</time></trkpt><trkpt lat="-39.3779743183" lon="-72.6271712780"><ele>115.64</ele><time>2024-08-17T03:35:20Z</time></trkpt><trkpt lat="-39.3779863883" lon="-72.6262901723"><ele>115.95</ele><time>2024-08-17T03:35:30Z</time></trkpt><trkpt lat="-39.3780579697" lon="-72.6258881763"><ele>115.87</ele><time>2024-08-17T03:35:34Z</time></trkpt><trkpt lat="-39.3780902401" lon="-72.6257971488"><ele>115.84</ele><time>2024-08-17T03:35:35Z</time></trkpt><trkpt lat="-39.3786857743" lon="-72.6248385105"><ele>116.06</ele><time>2024-08-17T03:35:47Z</time></trkpt><trkpt lat="-39.3794816360" lon="-72.6237210352"><ele>115.63</ele><time>2024-08-17T03:36:02Z</time></trkpt><trkpt lat="-39.3803370092" lon="-72.6225330681"><ele>115.83</ele><time>2024-08-17T03:36:18Z</time></trkpt><trkpt lat="-39.3810957391" lon="-72.6214061212"><ele>117.26</ele><time>2024-08-17T03:36:33Z</time></trkpt><trkpt lat="-39.3818605877" lon="-72.6203477383"><ele>117.65</ele><time>2024-08-17T03:36:47Z</time></trkpt><trkpt lat="-39.3828059826" lon="-72.6191362180"><ele>118.56</ele><time>2024-08-17T03:37:04Z</time></trkpt><trkpt lat="-39.3835326936" lon="-72.6181185711"><ele>118.85</ele><time>2024-08-17T03:37:17Z</time></trkpt><trkpt lat="-39.3840865698" lon="-72.6173137408"><ele>118.64</ele><time>2024-08-17T03:37:29Z</time></trkpt><trkpt lat="-39.3845035695" lon="-72.6167496387"><ele>118.84</ele><time>2024-08-17T03:37:43Z</time></trkpt><trkpt lat="-39.3845021445" lon="-72.6167120039"><ele>118.57</ele><time>2024-08-17T03:37:46Z</time></trkpt><trkpt lat="-39.3845272902" lon="-72.6167522371"><ele>118.59</ele><time>2024-08-17T03:38:00Z</time></trkpt><trkpt lat="-39.3844894040" lon="-72.6167917997"><ele>118.61</ele><time>2024-08-17T03:38:02Z</time></trkpt><trkpt lat="-39.3844483327" lon="-72.6168446057"><ele>118.70</ele><time>2024-08-17T03:38:04Z</time></trkpt><trkpt lat="-39.3840346858" lon="-72.6174090430"><ele>118.63</ele><time>2024-08-17T03:38:16Z</time></trkpt><trkpt lat="-39.3835130800" lon="-72.6181082614"><ele>118.41</ele><time>2024-08-17T03:38:29Z</time></trkpt><trkpt lat="-39.3829364050" lon="-72.6189465355"><ele>118.33</ele><time>2024-08-17T03:38:43Z</time></trkpt><trkpt lat="-39.3822873104" lon="-72.6198598277"><ele>117.92</ele><time>2024-08-17T03:38:56Z</time></trkpt><trkpt lat="-39.3816634454" lon="-72.6207065675"><ele>117.58</ele><time>2024-08-17T03:39:08Z</time></trkpt><trkpt lat="-39.3809942342" lon="-72.6216099691"><ele>116.88</ele><time>2024-08-17T03:39:23Z</time></trkpt><trkpt lat="-39.3803530186" lon="-72.6224614028"><ele>115.86</ele><time>2024-08-17T03:39:36Z</time></trkpt><trkpt lat="-39.3796219490" lon="-72.6234508026"><ele>115.88</ele><time>2024-08-17T03:39:51Z</time></trkpt><trkpt lat="-39.3789217249" lon="-72.6244842913"><ele>114.15</ele><time>2024-08-17T03:40:07Z</time></trkpt><trkpt lat="-39.3782889750" lon="-72.6254146826"><ele>116.15</ele><time>2024-08-17T03:40:24Z</time></trkpt><trkpt lat="-39.3779679481" lon="-72.6261812076"><ele>116.16</ele><time>2024-08-17T03:40:35Z</time></trkpt><trkpt lat="-39.3779549561" lon="-72.6269943360"><ele>117.07</ele><time>2024-08-17T03:40:47Z</time></trkpt><trkpt lat="-39.3779557943" lon="-72.6270508301"><ele>116.44</ele><time>2024-08-17T03:40:48Z</time></trkpt><trkpt lat="-39.3779682834" lon="-72.6281025913"><ele>115.36</ele><time>2024-08-17T03:41:02Z</time></trkpt><trkpt lat="-39.3779914174" lon="-72.6293519139"><ele>114.68</ele><time>2024-08-17T03:41:17Z</time></trkpt><trkpt lat="-39.3780049961" lon="-72.6302536391"><ele>113.67</ele><time>2024-08-17T03:41:31Z</time></trkpt><trkpt lat="-39.3780241907" lon="-72.6302668825"><ele>113.08</ele><time>2024-08-17T03:41:32Z</time></trkpt><trkpt lat="-39.3780502584" lon="-72.6302706543"><ele>113.62</ele><time>2024-08-17T03:41:33Z</time></trkpt><trkpt lat="-39.3780707102" lon="-72.6302693971"><ele>113.02</ele><time>2024-08-17T03:41:34Z</time></trkpt><trkpt lat="-39.3780937605" lon="-72.6302620210"><ele>113.53</ele><time>2024-08-17T03:41:35Z</time></trkpt><trkpt lat="-39.3781231809" lon="-72.6302518789"><ele>112.98</ele><time>2024-08-17T03:41:36Z</time></trkpt><trkpt lat="-39.3785998598" lon="-72.6300197002"><ele>113.30</ele><time>2024-08-17T03:41:49Z</time></trkpt><trkpt lat="-39.3791663926" lon="-72.6297624595"><ele>113.56</ele><time>2024-08-17T03:42:04Z</time></trkpt><trkpt lat="-39.3795729149" lon="-72.6295785606"><ele>112.32</ele><time>2024-08-17T03:42:19Z</time></trkpt><trkpt lat="-39.3796385452" lon="-72.6297088154"><ele>114.42</ele><time>2024-08-17T03:42:23Z</time></trkpt><trkpt lat="-39.3797437381" lon="-72.6300860010"><ele>113.07</ele><time>2024-08-17T03:42:35Z</time></trkpt><trkpt lat="-39.3798520323" lon="-72.6305665355"><ele>112.75</ele><time>2024-08-17T03:42:47Z</time></trkpt><trkpt lat="-39.3798528705" lon="-72.6306651905"><ele>111.05</ele><time>2024-08-17T03:42:51Z</time></trkpt><trkpt lat="-39.3798376992" lon="-72.6306917612"><ele>112.21</ele><time>2024-08-17T03:42:52Z</time></trkpt><trkpt lat="-39.3798135594" lon="-72.6307149790"><ele>112.71</ele><time>2024-08-17T03:42:53Z</time></trkpt><trkpt lat="-39.3797858153" lon="-72.6307314914"><ele>112.78</ele><time>2024-08-17T03:42:54Z</time></trkpt><trkpt lat="-39.3797540478" lon="-72.6307432260"><ele>114.07</ele><time>2024-08-17T03:42:55Z</time></trkpt><trkpt lat="-39.3797219452" lon="-72.6307547931"><ele>114.47</ele><time>2024-08-17T03:42:56Z</time></trkpt><trkpt lat="-39.3796899263" lon="-72.6307677850"><ele>113.82</ele><time>2024-08-17T03:42:57Z</time></trkpt><trkpt lat="-39.3791897781" lon="-72.6309984550"><ele>113.18</ele><time>2024-08-17T03:43:12Z</time></trkpt><trkpt lat="-39.3787076510" lon="-72.6312292088"><ele>113.87</ele><time>2024-08-17T03:43:26Z</time></trkpt><trkpt lat="-39.3782457244" lon="-72.6314103417"><ele>113.30</ele><time>2024-08-17T03:43:42Z</time></trkpt><trkpt lat="-39.3782178126" lon="-72.6314550173"><ele>113.95</ele><time>2024-08-17T03:43:44Z</time></trkpt><trkpt lat="-39.3782106042" lon="-72.6314891316"><ele>113.86</ele><time>2024-08-17T03:43:45Z</time></trkpt><trkpt lat="-39.3782075867" lon="-72.6315316278"><ele>113.58</ele><time>2024-08-17T03:43:46Z</time></trkpt><trkpt lat="-39.3782119453" lon="-72.6315788180"><ele>113.94</ele><time>2024-08-17T03:43:47Z</time></trkpt><trkpt lat="-39.3782226741" lon="-72.6316343900"><ele>113.71</ele><time>2024-08-17T03:43:48Z</time></trkpt><trkpt lat="-39.3782902323" lon="-72.6318568457"><ele>113.93</ele><time>2024-08-17T03:43:52Z</time></trkpt><trkpt lat="-39.3783111032" lon="-72.6318928041"><ele>113.70</ele><time>2024-08-17T03:43:53Z</time></trkpt><trkpt lat="-39.3783355784" lon="-72.6319185365"><ele>113.70</ele><time>2024-08-17T03:43:54Z</time></trkpt><trkpt lat="-39.3783655856" lon="-72.6319313608"><ele>113.48</ele><time>2024-08-17T03:43:55Z</time></trkpt><trkpt lat="-39.3783971015" lon="-72.6319322828"><ele>113.43</ele><time>2024-08-17T03:43:56Z</time></trkpt><trkpt lat="-39.3784292880" lon="-72.6319206320"><ele>113.42</ele><time>2024-08-17T03:43:57Z</time></trkpt><trkpt lat="-39.3784628995" lon="-72.6319042034"><ele>113.06</ele><time>2024-08-17T03:43:58Z</time></trkpt><trkpt lat="-39.3785019591" lon="-72.6318847574"><ele>113.29</ele><time>2024-08-17T03:43:59Z</time></trkpt><trkpt lat="-39.3791130837" lon="-72.6315896306"><ele>112.70</ele><time>2024-08-17T03:44:12Z</time></trkpt><trkpt lat="-39.3796604220" lon="-72.6313404366"><ele>112.38</ele><time>2024-08-17T03:44:26Z</time></trkpt><trkpt lat="-39.3799995538" lon="-72.6312522590"><ele>112.46</ele><time>2024-08-17T03:44:39Z</time></trkpt><trkpt lat="-39.3800158985" lon="-72.6312708668"><ele>112.31</ele><time>2024-08-17T03:44:40Z</time></trkpt><trkpt lat="-39.3800324947" lon="-72.6312996168"><ele>113.07</ele><time>2024-08-17T03:44:41Z</time></trkpt><trkpt lat="-39.3800445646" lon="-72.6313370001"><ele>112.94</ele><time>2024-08-17T03:44:42Z</time></trkpt><trkpt lat="-39.3800539523" lon="-72.6313779876"><ele>113.20</ele><time>2024-08-17T03:44:43Z</time></trkpt><trkpt lat="-39.3800979573" lon="-72.6317379903"><ele>110.83</ele><time>2024-08-17T03:44:52Z</time></trkpt><trkpt lat="-39.3800764158" lon="-72.6317621302"><ele>111.30</ele><time>2024-08-17T03:44:53Z</time></trkpt><trkpt lat="-39.3800480850" lon="-72.6317771338"><ele>113.33</ele><time>2024-08-17T03:44:54Z</time></trkpt><trkpt lat="-39.3800167367" lon="-72.6317895390"><ele>113.62</ele><time>2024-08-17T03:44:55Z</time></trkpt><trkpt lat="-39.3799849693" lon="-72.6317997649"><ele>113.18</ele><time>2024-08-17T03:44:56Z</time></trkpt><trkpt lat="-39.3799535371" lon="-72.6318101585"><ele>112.98</ele><time>2024-08-17T03:44:57Z</time></trkpt><trkpt lat="-39.3794042710" lon="-72.6320422534"><ele>112.21</ele><time>2024-08-17T03:45:14Z</time></trkpt><trkpt lat="-39.3789002672" lon="-72.6322678104"><ele>113.52</ele><time>2024-08-17T03:45:30Z</time></trkpt><trkpt lat="-39.3785561901" lon="-72.6324108057"><ele>112.81</ele><time>2024-08-17T03:45:44Z</time></trkpt><trkpt lat="-39.3785022944" lon="-72.6324248873"><ele>112.16</ele><time>2024-08-17T03:45:52Z</time></trkpt><trkpt lat="-39.3784864526" lon="-72.6324180979"><ele>112.71</ele><time>2024-08-17T03:45:53Z</time></trkpt><trkpt lat="-39.3784662522" lon="-72.6323964726"><ele>113.35</ele><time>2024-08-17T03:45:54Z</time></trkpt><trkpt lat="-39.3784500752" lon="-72.6323672198"><ele>114.00</ele><time>2024-08-17T03:45:55Z</time></trkpt><trkpt lat="-39.3784388434" lon="-72.6323333569"><ele>113.41</ele><time>2024-08-17T03:45:56Z</time></trkpt><trkpt lat="-39.3784267735" lon="-72.6322968118"><ele>113.96</ele><time>2024-08-17T03:45:57Z</time></trkpt><trkpt lat="-39.3782453891" lon="-72.6317625493"><ele>113.60</ele><time>2024-08-17T03:46:08Z</time></trkpt><trkpt lat="-39.3782213330" lon="-72.6317023672"><ele>113.55</ele><time>2024-08-17T03:46:09Z</time></trkpt><trkpt lat="-39.3780243583" lon="-72.6310821064"><ele>113.31</ele><time>2024-08-17T03:46:22Z</time></trkpt><trkpt lat="-39.3779930938" lon="-72.6310146321"><ele>113.60</ele><time>2024-08-17T03:46:26Z</time></trkpt><trkpt lat="-39.3779683672" lon="-72.6310032327"><ele>114.41</ele><time>2024-08-17T03:46:27Z</time></trkpt><trkpt lat="-39.3779383600" lon="-72.6309994608"><ele>113.68</ele><time>2024-08-17T03:46:28Z</time></trkpt><trkpt lat="-39.3779076822" lon="-72.6310098544"><ele>113.37</ele><time>2024-08-17T03:46:29Z</time></trkpt><trkpt lat="-39.3778760824" lon="-72.6310270373"><ele>113.48</ele><time>2024-08-17T03:46:30Z</time></trkpt><trkpt lat="-39.3778407108" lon="-72.6310545299"><ele>113.73</ele><time>2024-08-17T03:46:31Z</time></trkpt><trkpt lat="-39.3778036628" lon="-72.6310872193"><ele>113.78</ele><time>2024-08-17T03:46:32Z</time></trkpt><trkpt lat="-39.3777638488" lon="-72.6311224233"><ele>112.99</ele><time>2024-08-17T03:46:33Z</time></trkpt><trkpt lat="-39.3772188574" lon="-72.6316377427"><ele>113.77</ele><time>2024-08-17T03:46:46Z</time></trkpt><trkpt lat="-39.3766980059" lon="-72.6321818121"><ele>110.58</ele><time>2024-08-17T03:46:59Z</time></trkpt><trkpt lat="-39.3766778056" lon="-72.6322128251"><ele>114.02</ele><time>2024-08-17T03:47:00Z</time></trkpt><trkpt lat="-39.3766718544" lon="-72.6323551498"><ele>111.42</ele><time>2024-08-17T03:47:06Z</time></trkpt><trkpt lat="-39.3768507242" lon="-72.6327209361"><ele>110.12</ele><time>2024-08-17T03:47:17Z</time></trkpt><trkpt lat="-39.3771773670" lon="-72.6333128661"><ele>110.23</ele><time>2024-08-17T03:47:31Z</time></trkpt><trkpt lat="-39.3772360403" lon="-72.6334138680"><ele>108.62</ele><time>2024-08-17T03:47:34Z</time></trkpt><trkpt lat="-39.3772383034" lon="-72.6335200667"><ele>108.41</ele><time>2024-08-17T03:47:37Z</time></trkpt><trkpt lat="-39.3772174325" lon="-72.6335539296"><ele>110.15</ele><time>2024-08-17T03:47:38Z</time></trkpt><trkpt lat="-39.3771937955" lon="-72.6335838530"><ele>110.48</ele><time>2024-08-17T03:47:39Z</time></trkpt><trkpt lat="-39.3771655485" lon="-72.6336133573"><ele>110.48</ele><time>2024-08-17T03:47:40Z</time></trkpt><trkpt lat="-39.3771347869" lon="-72.6336416882"><ele>110.29</ele><time>2024-08-17T03:47:41Z</time></trkpt><trkpt lat="-39.3770298455" lon="-72.6337405946"><ele>110.14</ele><time>2024-08-17T03:47:44Z</time></trkpt><trkpt lat="-39.3765327148" lon="-72.6341917086"><ele>109.40</ele><time>2024-08-17T03:47:59Z</time></trkpt><trkpt lat="-39.3760561198" lon="-72.6346950419"><ele>109.45</ele><time>2024-08-17T03:48:13Z</time></trkpt><trkpt lat="-39.3756288942" lon="-72.6351338346"><ele>108.74</ele><time>2024-08-17T03:48:26Z</time></trkpt><trkpt lat="-39.3750844058" lon="-72.6356709469"><ele>111.23</ele><time>2024-08-17T03:48:38Z</time></trkpt><trkpt lat="-39.3747839984" lon="-72.6359547582"><ele>111.40</ele><time>2024-08-17T03:48:48Z</time></trkpt><trkpt lat="-39.3744709343" lon="-72.6362395752"><ele>112.79</ele><time>2024-08-17T03:48:58Z</time></trkpt><trkpt lat="-39.3739258591" lon="-72.6367312577"><ele>111.72</ele><time>2024-08-17T03:49:11Z</time></trkpt><trkpt lat="-39.3735827878" lon="-72.6370625943"><ele>112.60</ele><time>2024-08-17T03:49:20Z</time></trkpt><trkpt lat="-39.3730637804" lon="-72.6375647541"><ele>112.00</ele><time>2024-08-17T03:49:31Z</time></trkpt><trkpt lat="-39.3727699108" lon="-72.6378568634"><ele>112.98</ele><time>2024-08-17T03:49:41Z</time></trkpt><trkpt lat="-39.3721574452" lon="-72.6384432614"><ele>113.91</ele><time>2024-08-17T03:49:53Z</time></trkpt><trkpt lat="-39.3719985243" lon="-72.6386528090"><ele>115.52</ele><time>2024-08-17T03:50:01Z</time></trkpt><trkpt lat="-39.3720079120" lon="-72.6387089677"><ele>114.81</ele><time>2024-08-17T03:50:02Z</time></trkpt><trkpt lat="-39.3720333930" lon="-72.6387631986"><ele>113.50</ele><time>2024-08-17T03:50:03Z</time></trkpt><trkpt lat="-39.3720722012" lon="-72.6388248056"><ele>112.94</ele><time>2024-08-17T03:50:04Z</time></trkpt><trkpt lat="-39.3721174635" lon="-72.6388977282"><ele>114.00</ele><time>2024-08-17T03:50:05Z</time></trkpt><trkpt lat="-39.3725771271" lon="-72.6396440528"><ele>113.43</ele><time>2024-08-17T03:50:15Z</time></trkpt><trkpt lat="-39.3731607590" lon="-72.6406204607"><ele>113.11</ele><time>2024-08-17T03:50:29Z</time></trkpt><trkpt lat="-39.3733035028" lon="-72.6407939661"><ele>113.04</ele><time>2024-08-17T03:50:37Z</time></trkpt><trkpt lat="-39.3733717315" lon="-72.6407748554"><ele>112.46</ele><time>2024-08-17T03:50:39Z</time></trkpt><trkpt lat="-39.3734148145" lon="-72.6407434233"><ele>112.05</ele><time>2024-08-17T03:50:40Z</time></trkpt><trkpt lat="-39.3739644997" lon="-72.6402042992"><ele>111.42</ele><time>2024-08-17T03:50:50Z</time></trkpt><trkpt lat="-39.3743500672" lon="-72.6398225874"><ele>111.63</ele><time>2024-08-17T03:50:57Z</time></trkpt><trkpt lat="-39.3747856747" lon="-72.6394032408"><ele>111.71</ele><time>2024-08-17T03:51:05Z</time></trkpt><trkpt lat="-39.3756225239" lon="-72.6386002544"><ele>111.56</ele><time>2024-08-17T03:51:21Z</time></trkpt><trkpt lat="-39.3760287110" lon="-72.6381322928"><ele>111.49</ele><time>2024-08-17T03:51:33Z</time></trkpt><trkpt lat="-39.3760111090" lon="-72.6380887069"><ele>111.12</ele><time>2024-08-17T03:51:34Z</time></trkpt><trkpt lat="-39.3755699694" lon="-72.6373664383"><ele>111.55</ele><time>2024-08-17T03:51:47Z</time></trkpt><trkpt lat="-39.3750813883" lon="-72.6365390606"><ele>112.27</ele><time>2024-08-17T03:51:59Z</time></trkpt><trkpt lat="-39.3744487222" lon="-72.6354341581"><ele>112.70</ele><time>2024-08-17T03:52:13Z</time></trkpt><trkpt lat="-39.3741173018" lon="-72.6348664518"><ele>111.90</ele><time>2024-08-17T03:52:24Z</time></trkpt><trkpt lat="-39.3738195766" lon="-72.6343611907"><ele>112.86</ele><time>2024-08-17T03:52:33Z</time></trkpt><trkpt lat="-39.3730270676" lon="-72.6330117881"><ele>113.34</ele><time>2024-08-17T03:52:50Z</time></trkpt><trkpt lat="-39.3722660746" lon="-72.6317261718"><ele>113.97</ele><time>2024-08-17T03:53:06Z</time></trkpt><trkpt lat="-39.3719921540" lon="-72.6313334797"><ele>114.35</ele><time>2024-08-17T03:53:15Z</time></trkpt><trkpt lat="-39.3719606381" lon="-72.6313445438"><ele>114.22</ele><time>2024-08-17T03:53:16Z</time></trkpt><trkpt lat="-39.3719243445" lon="-72.6313709468"><ele>113.19</ele><time>2024-08-17T03:53:17Z</time></trkpt><trkpt lat="-39.3718850333" lon="-72.6314106770"><ele>115.28</ele><time>2024-08-17T03:53:18Z</time></trkpt><trkpt lat="-39.3718415312" lon="-72.6314570289"><ele>115.17</ele><time>2024-08-17T03:53:19Z</time></trkpt><trkpt lat="-39.3714206759" lon="-72.6318762917"><ele>116.22</ele><time>2024-08-17T03:53:27Z</time></trkpt><trkpt lat="-39.3711922690" lon="-72.6320984121"><ele>117.43</ele><time>2024-08-17T03:53:35Z</time></trkpt><trkpt lat="-39.3711309973" lon="-72.6321732625"><ele>117.15</ele><time>2024-08-17T03:53:37Z</time></trkpt><trkpt lat="-39.3706017639" lon="-72.6326844748"><ele>117.58</ele><time>2024-08-17T03:53:46Z</time></trkpt><trkpt lat="-39.3703470379" lon="-72.6329190843"><ele>116.10</ele><time>2024-08-17T03:53:54Z</time></trkpt><trkpt lat="-39.3702897895" lon="-72.6329672802"><ele>117.36</ele><time>2024-08-17T03:53:56Z</time></trkpt><trkpt lat="-39.3698183913" lon="-72.6334002893"><ele>117.26</ele><time>2024-08-17T03:54:05Z</time></trkpt><trkpt lat="-39.3694094382" lon="-72.6338059735"><ele>114.95</ele><time>2024-08-17T03:54:16Z</time></trkpt><trkpt lat="-39.3693140522" lon="-72.6338070631"><ele>114.71</ele><time>2024-08-17T03:54:19Z</time></trkpt><trkpt lat="-39.3692759145" lon="-72.6337667461"><ele>115.91</ele><time>2024-08-17T03:54:20Z</time></trkpt><trkpt lat="-39.3692372739" lon="-72.6337100845"><ele>116.80</ele><time>2024-08-17T03:54:21Z</time></trkpt><trkpt lat="-39.3692013156" lon="-72.6336482260"><ele>116.95</ele><time>2024-08-17T03:54:22Z</time></trkpt><trkpt lat="-39.3691685423" lon="-72.6335863676"><ele>116.54</ele><time>2024-08-17T03:54:23Z</time></trkpt><trkpt lat="-39.3688232079" lon="-72.6330527756"><ele>116.70</ele><time>2024-08-17T03:54:33Z</time></trkpt><trkpt lat="-39.3688018341" lon="-72.6330031548"><ele>116.58</ele><time>2024-08-17T03:54:43Z</time></trkpt><trkpt lat="-39.3687753472" lon="-72.6329528634"><ele>116.56</ele><time>2024-08-17T03:54:52Z</time></trkpt><trkpt lat="-39.3687407300" lon="-72.6328931842"><ele>117.00</ele><time>2024-08-17T03:54:54Z</time></trkpt><trkpt lat="-39.3687148299" lon="-72.6328611653"><ele>117.84</ele><time>2024-08-17T03:54:55Z</time></trkpt><trkpt lat="-39.3686775304" lon="-72.6328367740"><ele>117.58</ele><time>2024-08-17T03:54:56Z</time></trkpt><trkpt lat="-39.3686409015" lon="-72.6328271348"><ele>117.49</ele><time>2024-08-17T03:54:57Z</time></trkpt><trkpt lat="-39.3686025124" lon="-72.6328347623"><ele>117.42</ele><time>2024-08-17T03:54:58Z</time></trkpt><trkpt lat="-39.3685628660" lon="-72.6328591537"><ele>117.24</ele><time>2024-08-17T03:54:59Z</time></trkpt><trkpt lat="-39.3685110658" lon="-72.6328986324"><ele>117.06</ele><time>2024-08-17T03:55:00Z</time></trkpt><trkpt lat="-39.3684582599" lon="-72.6329433918"><ele>117.12</ele><time>2024-08-17T03:55:01Z</time></trkpt><trkpt lat="-39.3679302838" lon="-72.6334401034"><ele>117.87</ele><time>2024-08-17T03:55:13Z</time></trkpt><trkpt lat="-39.3677613884" lon="-72.6336107589"><ele>117.22</ele><time>2024-08-17T03:55:21Z</time></trkpt><trkpt lat="-39.3674323987" lon="-72.6339234877"><ele>117.49</ele><time>2024-08-17T03:55:28Z</time></trkpt><trkpt lat="-39.3674130365" lon="-72.6339700911"><ele>117.13</ele><time>2024-08-17T03:55:29Z</time></trkpt><trkpt lat="-39.3674066663" lon="-72.6340176165"><ele>116.92</ele><time>2024-08-17T03:55:30Z</time></trkpt><trkpt lat="-39.3674149644" lon="-72.6340678241"><ele>116.72</ele><time>2024-08-17T03:55:31Z</time></trkpt><trkpt lat="-39.3674353324" lon="-72.6341213845"><ele>116.51</ele><time>2024-08-17T03:55:32Z</time></trkpt><trkpt lat="-39.3674658425" lon="-72.6341806445"><ele>116.43</ele><time>2024-08-17T03:55:33Z</time></trkpt><trkpt lat="-39.3675021362" lon="-72.6342479512"><ele>116.50</ele><time>2024-08-17T03:55:34Z</time></trkpt><trkpt lat="-39.3680119235" lon="-72.6351045817"><ele>116.50</ele><time>2024-08-17T03:55:46Z</time></trkpt><trkpt lat="-39.3684725091" lon="-72.6358755492"><ele>116.39</ele><time>2024-08-17T03:55:57Z</time></trkpt><trkpt lat="-39.3692566361" lon="-72.6372116245"><ele>115.95</ele><time>2024-08-17T03:56:13Z</time></trkpt><trkpt lat="-39.3693567999" lon="-72.6374449767"><ele>113.60</ele><time>2024-08-17T03:56:18Z</time></trkpt><trkpt lat="-39.3693435565" lon="-72.6374811027"><ele>115.57</ele><time>2024-08-17T03:56:19Z</time></trkpt><trkpt lat="-39.3693202548" lon="-72.6375147980"><ele>116.21</ele><time>2024-08-17T03:56:20Z</time></trkpt><trkpt lat="-39.3692851346" lon="-72.6375443861"><ele>117.12</ele><time>2024-08-17T03:56:21Z</time></trkpt><trkpt lat="-39.3692422193" lon="-72.6375767402"><ele>116.71</ele><time>2024-08-17T03:56:22Z</time></trkpt><trkpt lat="-39.3690900877" lon="-72.6376993675"><ele>115.45</ele><time>2024-08-17T03:56:25Z</time></trkpt><trkpt lat="-39.3683739379" lon="-72.6383407507"><ele>115.07</ele><time>2024-08-17T03:56:37Z</time></trkpt><trkpt lat="-39.3676154595" lon="-72.6389810443"><ele>113.32</ele><time>2024-08-17T03:56:52Z</time></trkpt><trkpt lat="-39.3675777409" lon="-72.6389740035"><ele>114.02</ele><time>2024-08-17T03:56:53Z</time></trkpt><trkpt lat="-39.3675445486" lon="-72.6389497798"><ele>114.92</ele><time>2024-08-17T03:56:54Z</time></trkpt><trkpt lat="-39.3675156310" lon="-72.6389114745"><ele>115.88</ele><time>2024-08-17T03:56:55Z</time></trkpt><trkpt lat="-39.3674893957" lon="-72.6388675533"><ele>115.86</ele><time>2024-08-17T03:56:56Z</time></trkpt><trkpt lat="-39.3674616516" lon="-72.6388238836"><ele>115.22</ele><time>2024-08-17T03:56:57Z</time></trkpt><trkpt lat="-39.3670666963" lon="-72.6381221507"><ele>115.28</ele><time>2024-08-17T03:57:09Z</time></trkpt><trkpt lat="-39.3669517804" lon="-72.6379365753"><ele>115.51</ele><time>2024-08-17T03:57:15Z</time></trkpt><trkpt lat="-39.3669205997" lon="-72.6379276067"><ele>115.39</ele><time>2024-08-17T03:57:16Z</time></trkpt><trkpt lat="-39.3668781873" lon="-72.6379360724"><ele>115.25</ele><time>2024-08-17T03:57:17Z</time></trkpt><trkpt lat="-39.3668327574" lon="-72.6379558537"><ele>115.33</ele><time>2024-08-17T03:57:18Z</time></trkpt><trkpt lat="-39.3667780235" lon="-72.6379943267"><ele>115.16</ele><time>2024-08-17T03:57:19Z</time></trkpt><trkpt lat="-39.3667178415" lon="-72.6380483061"><ele>114.82</ele><time>2024-08-17T03:57:20Z</time></trkpt><trkpt lat="-39.3666545581" lon="-72.6381099969"><ele>115.03</ele><time>2024-08-17T03:57:21Z</time></trkpt><trkpt lat="-39.3656924833" lon="-72.6389551442"><ele>114.96</ele><time>2024-08-17T03:57:36Z</time></trkpt><trkpt lat="-39.3647718988" lon="-72.6393910870"><ele>115.14</ele><time>2024-08-17T03:57:49Z</time></trkpt><trkpt lat="-39.3643659633" lon="-72.6395167317"><ele>114.36</ele><time>2024-08-17T03:57:59Z</time></trkpt><trkpt lat="-39.3643020093" lon="-72.6395505108"><ele>115.09</ele><time>2024-08-17T03:58:03Z</time></trkpt><trkpt lat="-39.3642920349" lon="-72.6395752374"><ele>114.90</ele><time>2024-08-17T03:58:04Z</time></trkpt><trkpt lat="-39.3642888498" lon="-72.6396029815"><ele>114.82</ele><time>2024-08-17T03:58:05Z</time></trkpt><trkpt lat="-39.3642911967" lon="-72.6396277081"><ele>114.76</ele><time>2024-08-17T03:58:06Z</time></trkpt><trkpt lat="-39.3642952200" lon="-72.6396439690"><ele>114.84</ele><time>2024-08-17T03:58:07Z</time></trkpt><trkpt lat="-39.3642818090" lon="-72.6396023948"><ele>114.62</ele><time>2024-08-17T03:58:12Z</time></trkpt><trkpt lat="-39.3642756063" lon="-72.6395892352"><ele>114.10</ele><time>2024-08-17T03:58:13Z</time></trkpt><trkpt lat="-39.3643114809" lon="-72.6395693701"><ele>115.47</ele><time>2024-08-17T03:58:18Z</time></trkpt><trkpt lat="-39.3644216191" lon="-72.6395262871"><ele>115.11</ele><time>2024-08-17T03:58:21Z</time></trkpt><trkpt lat="-39.3650610745" lon="-72.6392619219"><ele>115.56</ele><time>2024-08-17T03:58:32Z</time></trkpt><trkpt lat="-39.3658747058" lon="-72.6388817187"><ele>115.28</ele><time>2024-08-17T03:58:45Z</time></trkpt><trkpt lat="-39.3666636106" lon="-72.6381785609"><ele>115.69</ele><time>2024-08-17T03:58:58Z</time></trkpt><trkpt lat="-39.3667592481" lon="-72.6380868629"><ele>115.53</ele><time>2024-08-17T03:59:00Z</time></trkpt><trkpt lat="-39.3671431392" lon="-72.6377373375"><ele>115.69</ele><time>2024-08-17T03:59:08Z</time></trkpt><trkpt lat="-39.3677926529" lon="-72.6371153165"><ele>115.81</ele><time>2024-08-17T03:59:20Z</time></trkpt><trkpt lat="-39.3678462133" lon="-72.6370133925"><ele>115.71</ele><time>2024-08-17T03:59:23Z</time></trkpt><trkpt lat="-39.3678375799" lon="-72.6369654480"><ele>115.74</ele><time>2024-08-17T03:59:24Z</time></trkpt><trkpt lat="-39.3678120151" lon="-72.6369086187"><ele>115.77</ele><time>2024-08-17T03:59:25Z</time></trkpt><trkpt lat="-39.3677753862" lon="-72.6368454192"><ele>115.61</ele><time>2024-08-17T03:59:26Z</time></trkpt><trkpt lat="-39.3677332252" lon="-72.6367785316"><ele>115.54</ele><time>2024-08-17T03:59:27Z</time></trkpt><trkpt lat="-39.3672918342" lon="-72.6360456180"><ele>115.99</ele><time>2024-08-17T03:59:39Z</time></trkpt><trkpt lat="-39.3670630082" lon="-72.6356921531"><ele>116.11</ele><time>2024-08-17T03:59:47Z</time></trkpt><trkpt lat="-39.3666174263" lon="-72.6349328365"><ele>116.17</ele><time>2024-08-17T03:59:57Z</time></trkpt><trkpt lat="-39.3664838187" lon="-72.6347217802"><ele>116.20</ele><time>2024-08-17T04:00:04Z</time></trkpt><trkpt lat="-39.3659616262" lon="-72.6338302810"><ele>116.02</ele><time>2024-08-17T04:00:16Z</time></trkpt><trkpt lat="-39.3656946626" lon="-72.6333679352"><ele>116.15</ele><time>2024-08-17T04:00:24Z</time></trkpt><trkpt lat="-39.3652672693" lon="-72.6326404698"><ele>115.81</ele><time>2024-08-17T04:00:34Z</time></trkpt><trkpt lat="-39.3649054226" lon="-72.6320342906"><ele>116.84</ele><time>2024-08-17T04:00:42Z</time></trkpt><trkpt lat="-39.3646252993" lon="-72.6315360703"><ele>116.29</ele><time>2024-08-17T04:00:51Z</time></trkpt><trkpt lat="-39.3644371256" lon="-72.6312469784"><ele>116.85</ele><time>2024-08-17T04:00:58Z</time></trkpt><trkpt lat="-39.3639643025" lon="-72.6304169185"><ele>116.62</ele><time>2024-08-17T04:01:09Z</time></trkpt><trkpt lat="-39.3636168726" lon="-72.6298385672"><ele>116.85</ele><time>2024-08-17T04:01:18Z</time></trkpt><trkpt lat="-39.3632631563" lon="-72.6292830147"><ele>116.32</ele><time>2024-08-17T04:01:29Z</time></trkpt><trkpt lat="-39.3632186484" lon="-72.6292966772"><ele>116.52</ele><time>2024-08-17T04:01:30Z</time></trkpt><trkpt lat="-39.3631811813" lon="-72.6293188054"><ele>116.37</ele><time>2024-08-17T04:01:31Z</time></trkpt><trkpt lat="-39.3631326500" lon="-72.6293565240"><ele>116.36</ele><time>2024-08-17T04:01:32Z</time></trkpt><trkpt lat="-39.3630812690" lon="-72.6294049714"><ele>116.49</ele><time>2024-08-17T04:01:33Z</time></trkpt><trkpt lat="-39.3630271219" lon="-72.6294571068"><ele>116.52</ele><time>2024-08-17T04:01:34Z</time></trkpt><trkpt lat="-39.3625582382" lon="-72.6299393177"><ele>116.36</ele><time>2024-08-17T04:01:44Z</time></trkpt><trkpt lat="-39.3624283187" lon="-72.6301618572"><ele>116.06</ele><time>2024-08-17T04:01:49Z</time></trkpt><trkpt lat="-39.3624487706" lon="-72.6302269008"><ele>116.14</ele><time>2024-08-17T04:01:50Z</time></trkpt><trkpt lat="-39.3624864053" lon="-72.6303008292"><ele>116.00</ele><time>2024-08-17T04:01:51Z</time></trkpt><trkpt lat="-39.3625335116" lon="-72.6303771883"><ele>116.17</ele><time>2024-08-17T04:01:52Z</time></trkpt><trkpt lat="-39.3625822943" lon="-72.6304537989"><ele>116.43</ele><time>2024-08-17T04:01:53Z</time></trkpt><trkpt lat="-39.3630274571" lon="-72.6311617345"><ele>115.76</ele><time>2024-08-17T04:02:04Z</time></trkpt><trkpt lat="-39.3633561954" lon="-72.6317026187"><ele>116.20</ele><time>2024-08-17T04:02:12Z</time></trkpt><trkpt lat="-39.3636896275" lon="-72.6322746836"><ele>115.45</ele><time>2024-08-17T04:02:22Z</time></trkpt><trkpt lat="-39.3639700022" lon="-72.6327591576"><ele>116.44</ele><time>2024-08-17T04:02:30Z</time></trkpt><trkpt lat="-39.3643567432" lon="-72.6334190648"><ele>115.38</ele><time>2024-08-17T04:02:41Z</time></trkpt><trkpt lat="-39.3646110501" lon="-72.6338374894"><ele>116.18</ele><time>2024-08-17T04:02:49Z</time></trkpt><trkpt lat="-39.3649896607" lon="-72.6344777830"><ele>115.54</ele><time>2024-08-17T04:02:58Z</time></trkpt><trkpt lat="-39.3654532637" lon="-72.6352635864"><ele>115.89</ele><time>2024-08-17T04:03:09Z</time></trkpt><trkpt lat="-39.3656462152" lon="-72.6356192306"><ele>115.71</ele><time>2024-08-17T04:03:17Z</time></trkpt><trkpt lat="-39.3656556867" lon="-72.6356439572"><ele>115.57</ele><time>2024-08-17T04:03:23Z</time></trkpt><trkpt lat="-39.3655410223" lon="-72.6357530057"><ele>116.56</ele><time>2024-08-17T04:03:32Z</time></trkpt><trkpt lat="-39.3654844444" lon="-72.6358103380"><ele>116.06</ele><time>2024-08-17T04:03:33Z</time></trkpt><trkpt lat="-39.3648407143" lon="-72.6364197861"><ele>114.16</ele><time>2024-08-17T04:03:45Z</time></trkpt><trkpt lat="-39.3648019899" lon="-72.6364188641"><ele>113.47</ele><time>2024-08-17T04:03:46Z</time></trkpt><trkpt lat="-39.3647620920" lon="-72.6363982446"><ele>114.26</ele><time>2024-08-17T04:03:47Z</time></trkpt><trkpt lat="-39.3647226971" lon="-72.6363601070"><ele>116.56</ele><time>2024-08-17T04:03:48Z</time></trkpt><trkpt lat="-39.3646848109" lon="-72.6363068819"><ele>117.57</ele><time>2024-08-17T04:03:49Z</time></trkpt><trkpt lat="-39.3646421470" lon="-72.6362389885"><ele>116.45</ele><time>2024-08-17T04:03:50Z</time></trkpt><trkpt lat="-39.3645952083" lon="-72.6361617073"><ele>115.96</ele><time>2024-08-17T04:03:51Z</time></trkpt><trkpt lat="-39.3641157635" lon="-72.6353267860"><ele>114.38</ele><time>2024-08-17T04:04:03Z</time></trkpt><trkpt lat="-39.3635779805" lon="-72.6344001666"><ele>115.67</ele><time>2024-08-17T04:04:15Z</time></trkpt><trkpt lat="-39.3633896392" lon="-72.6341803931"><ele>115.43</ele><time>2024-08-17T04:04:21Z</time></trkpt><trkpt lat="-39.3629757408" lon="-72.6335035544"><ele>115.24</ele><time>2024-08-17T04:04:30Z</time></trkpt><trkpt lat="-39.3628179934" lon="-72.6332259458"><ele>114.49</ele><time>2024-08-17T04:04:37Z</time></trkpt><trkpt lat="-39.3625327572" lon="-72.6326694712"><ele>115.31</ele><time>2024-08-17T04:04:45Z</time></trkpt><trkpt lat="-39.3621602654" lon="-72.6319899503"><ele>115.09</ele><time>2024-08-17T04:04:56Z</time></trkpt><trkpt lat="-39.3617078941" lon="-72.6311963517"><ele>115.53</ele><time>2024-08-17T04:05:06Z</time></trkpt><trkpt lat="-39.3615623005" lon="-72.6309715491"><ele>115.10</ele><time>2024-08-17T04:05:12Z</time></trkpt><trkpt lat="-39.3615275994" lon="-72.6309667714"><ele>115.09</ele><time>2024-08-17T04:05:13Z</time></trkpt><trkpt lat="-39.3614807446" lon="-72.6309759915"><ele>115.04</ele><time>2024-08-17T04:05:14Z</time></trkpt><trkpt lat="-39.3614360690" lon="-72.6310031489"><ele>115.15</ele><time>2024-08-17T04:05:15Z</time></trkpt><trkpt lat="-39.3613830116" lon="-72.6310521830"><ele>115.15</ele><time>2024-08-17T04:05:16Z</time></trkpt><trkpt lat="-39.3613239191" lon="-72.6311075874"><ele>115.23</ele><time>2024-08-17T04:05:17Z</time></trkpt><trkpt lat="-39.3609657604" lon="-72.6314569451"><ele>115.03</ele><time>2024-08-17T04:05:26Z</time></trkpt><trkpt lat="-39.3606949411" lon="-72.6317907125"><ele>114.83</ele><time>2024-08-17T04:05:35Z</time></trkpt><trkpt lat="-39.3606976233" lon="-72.6318271738"><ele>114.75</ele><time>2024-08-17T04:05:36Z</time></trkpt><trkpt lat="-39.3607088551" lon="-72.6318656467"><ele>114.92</ele><time>2024-08-17T04:05:37Z</time></trkpt><trkpt lat="-39.3607257865" lon="-72.6319068857"><ele>114.73</ele><time>2024-08-17T04:05:38Z</time></trkpt><trkpt lat="-39.3607443944" lon="-72.6319511421"><ele>114.80</ele><time>2024-08-17T04:05:39Z</time></trkpt><trkpt lat="-39.3611470610" lon="-72.6326237060"><ele>114.75</ele><time>2024-08-17T04:05:51Z</time></trkpt><trkpt lat="-39.3614721112" lon="-72.6331754029"><ele>114.57</ele><time>2024-08-17T04:06:00Z</time></trkpt><trkpt lat="-39.3619451858" lon="-72.6339723542"><ele>113.73</ele><time>2024-08-17T04:06:12Z</time></trkpt><trkpt lat="-39.3621892668" lon="-72.6343804691"><ele>114.26</ele><time>2024-08-17T04:06:19Z</time></trkpt><trkpt lat="-39.3626178335" lon="-72.6350925118"><ele>113.88</ele><time>2024-08-17T04:06:30Z</time></trkpt><trkpt lat="-39.3628980406" lon="-72.6355791651"><ele>114.48</ele><time>2024-08-17T04:06:37Z</time></trkpt><trkpt lat="-39.3633323070" lon="-72.6363103185"><ele>114.18</ele><time>2024-08-17T04:06:47Z</time></trkpt><trkpt lat="-39.3633753899" lon="-72.6363837440"><ele>114.40</ele><time>2024-08-17T04:06:48Z</time></trkpt><trkpt lat="-39.3638496380" lon="-72.6371894963"><ele>114.61</ele><time>2024-08-17T04:06:58Z</time></trkpt><trkpt lat="-39.3638768792" lon="-72.6372476667"><ele>114.27</ele><time>2024-08-17T04:07:05Z</time></trkpt><trkpt lat="-39.3638576847" lon="-72.6372858882"><ele>113.58</ele><time>2024-08-17T04:07:24Z</time></trkpt><trkpt lat="-39.3638596963" lon="-72.6373124588"><ele>113.05</ele><time>2024-08-17T04:07:25Z</time></trkpt><trkpt lat="-39.3638546672" lon="-72.6373389456"><ele>113.13</ele><time>2024-08-17T04:07:26Z</time></trkpt><trkpt lat="-39.3638342991" lon="-72.6373726409"><ele>113.58</ele><time>2024-08-17T04:07:27Z</time></trkpt><trkpt lat="-39.3637983408" lon="-72.6374070905"><ele>114.61</ele><time>2024-08-17T04:07:28Z</time></trkpt><trkpt lat="-39.3637504801" lon="-72.6374511793"><ele>115.68</ele><time>2024-08-17T04:07:29Z</time></trkpt><trkpt lat="-39.3631619029" lon="-72.6380036306"><ele>114.21</ele><time>2024-08-17T04:07:38Z</time></trkpt><trkpt lat="-39.3631081749" lon="-72.6380427741"><ele>113.43</ele><time>2024-08-17T04:07:39Z</time></trkpt><trkpt lat="-39.3630587216" lon="-72.6380688418"><ele>112.86</ele><time>2024-08-17T04:07:40Z</time></trkpt><trkpt lat="-39.3630116992" lon="-72.6380749606"><ele>112.00</ele><time>2024-08-17T04:07:41Z</time></trkpt><trkpt lat="-39.3629732262" lon="-72.6380492281"><ele>113.99</ele><time>2024-08-17T04:07:42Z</time></trkpt><trkpt lat="-39.3629324064" lon="-72.6380021218"><ele>115.74</ele><time>2024-08-17T04:07:43Z</time></trkpt><trkpt lat="-39.3628896587" lon="-72.6379347313"><ele>115.13</ele><time>2024-08-17T04:07:44Z</time></trkpt><trkpt lat="-39.3628455698" lon="-72.6378576178"><ele>114.32</ele><time>2024-08-17T04:07:45Z</time></trkpt><trkpt lat="-39.3627997208" lon="-72.6377722062"><ele>114.02</ele><time>2024-08-17T04:07:46Z</time></trkpt><trkpt lat="-39.3621663842" lon="-72.6366775297"><ele>113.57</ele><time>2024-08-17T04:07:59Z</time></trkpt><trkpt lat="-39.3614524137" lon="-72.6354496647"><ele>113.69</ele><time>2024-08-17T04:08:14Z</time></trkpt><trkpt lat="-39.3611251004" lon="-72.6348470058"><ele>111.44</ele><time>2024-08-17T04:08:24Z</time></trkpt><trkpt lat="-39.3611357454" lon="-72.6348048449"><ele>110.97</ele><time>2024-08-17T04:08:25Z</time></trkpt><trkpt lat="-39.3611632381" lon="-72.6347649470"><ele>114.73</ele><time>2024-08-17T04:08:26Z</time></trkpt><trkpt lat="-39.3612070754" lon="-72.6347216964"><ele>114.71</ele><time>2024-08-17T04:08:27Z</time></trkpt><trkpt lat="-39.3617524020" lon="-72.6342200395"><ele>113.16</ele><time>2024-08-17T04:08:36Z</time></trkpt><trkpt lat="-39.3625388760" lon="-72.6334834378"><ele>113.20</ele><time>2024-08-17T04:08:49Z</time></trkpt><trkpt lat="-39.3630588893" lon="-72.6329871453"><ele>113.72</ele><time>2024-08-17T04:09:00Z</time></trkpt><trkpt lat="-39.3634651601" lon="-72.6326053496"><ele>113.24</ele><time>2024-08-17T04:09:11Z</time></trkpt><trkpt lat="-39.3640010152" lon="-72.6320882700"><ele>114.97</ele><time>2024-08-17T04:09:21Z</time></trkpt><trkpt lat="-39.3648274709" lon="-72.6312744711"><ele>115.35</ele><time>2024-08-17T04:09:35Z</time></trkpt><trkpt lat="-39.3652465660" lon="-72.6309099421"><ele>114.13</ele><time>2024-08-17T04:09:45Z</time></trkpt><trkpt lat="-39.3652865477" lon="-72.6309321541"><ele>115.74</ele><time>2024-08-17T04:09:46Z</time></trkpt><trkpt lat="-39.3653292116" lon="-72.6309686154"><ele>115.75</ele><time>2024-08-17T04:09:47Z</time></trkpt><trkpt lat="-39.3653757311" lon="-72.6310173143"><ele>115.95</ele><time>2024-08-17T04:09:48Z</time></trkpt><trkpt lat="-39.3654251844" lon="-72.6310715452"><ele>115.80</ele><time>2024-08-17T04:09:49Z</time></trkpt><trkpt lat="-39.3661631271" lon="-72.6318817399"><ele>115.20</ele><time>2024-08-17T04:10:01Z</time></trkpt><trkpt lat="-39.3662198726" lon="-72.6319698337"><ele>115.80</ele><time>2024-08-17T04:10:02Z</time></trkpt><trkpt lat="-39.3664333597" lon="-72.6323093846"><ele>110.38</ele><time>2024-08-17T04:10:06Z</time></trkpt><trkpt lat="-39.3664816394" lon="-72.6323932875"><ele>114.04</ele><time>2024-08-17T04:10:07Z</time></trkpt><trkpt lat="-39.3665801268" lon="-72.6325670443"><ele>115.88</ele><time>2024-08-17T04:10:09Z</time></trkpt><trkpt lat="-39.3667342700" lon="-72.6328432281"><ele>114.61</ele><time>2024-08-17T04:10:12Z</time></trkpt><trkpt lat="-39.3673200812" lon="-72.6338754594"><ele>115.14</ele><time>2024-08-17T04:10:25Z</time></trkpt><trkpt lat="-39.3673324026" lon="-72.6339009404"><ele>111.07</ele><time>2024-08-17T04:10:26Z</time></trkpt><trkpt lat="-39.3673396949" lon="-72.6340050437"><ele>112.31</ele><time>2024-08-17T04:10:30Z</time></trkpt><trkpt lat="-39.3673174828" lon="-72.6340480428"><ele>113.23</ele><time>2024-08-17T04:10:31Z</time></trkpt><trkpt lat="-39.3672729749" lon="-72.6340985019"><ele>116.53</ele><time>2024-08-17T04:10:32Z</time></trkpt><trkpt lat="-39.3672134634" lon="-72.6341574267"><ele>116.27</ele><time>2024-08-17T04:10:33Z</time></trkpt><trkpt lat="-39.3671424687" lon="-72.6342243981"><ele>117.00</ele><time>2024-08-17T04:10:34Z</time></trkpt><trkpt lat="-39.3662557472" lon="-72.6350822859"><ele>114.93</ele><time>2024-08-17T04:10:46Z</time></trkpt><trkpt lat="-39.3656214885" lon="-72.6356755570"><ele>113.80</ele><time>2024-08-17T04:10:57Z</time></trkpt><trkpt lat="-39.3647629302" lon="-72.6364890207"><ele>113.98</ele><time>2024-08-17T04:11:10Z</time></trkpt><trkpt lat="-39.3637637235" lon="-72.6374535263"><ele>113.61</ele><time>2024-08-17T04:11:23Z</time></trkpt><trkpt lat="-39.3623957131" lon="-72.6387533080"><ele>113.88</ele><time>2024-08-17T04:11:38Z</time></trkpt><trkpt lat="-39.3614649866" lon="-72.6395790931"><ele>112.37</ele><time>2024-08-17T04:11:50Z</time></trkpt><trkpt lat="-39.3613768090" lon="-72.6396096870"><ele>112.16</ele><time>2024-08-17T04:11:51Z</time></trkpt><trkpt lat="-39.3612846080" lon="-72.6396214217"><ele>112.00</ele><time>2024-08-17T04:11:52Z</time></trkpt><trkpt lat="-39.3611927424" lon="-72.6396132912"><ele>112.65</ele><time>2024-08-17T04:11:53Z</time></trkpt><trkpt lat="-39.3610941712" lon="-72.6395862177"><ele>113.26</ele><time>2024-08-17T04:11:54Z</time></trkpt><trkpt lat="-39.3609981146" lon="-72.6395423803"><ele>114.72</ele><time>2024-08-17T04:11:55Z</time></trkpt><trkpt lat="-39.3609020580" lon="-72.6394862216"><ele>114.10</ele><time>2024-08-17T04:11:56Z</time></trkpt><trkpt lat="-39.3608089350" lon="-72.6394252013"><ele>113.45</ele><time>2024-08-17T04:11:57Z</time></trkpt><trkpt lat="-39.3605708051" lon="-72.6392909233"><ele>116.30</ele><time>2024-08-17T04:12:00Z</time></trkpt><trkpt lat="-39.3604963738" lon="-72.6392809488"><ele>115.49</ele><time>2024-08-17T04:12:01Z</time></trkpt><trkpt lat="-39.3604265526" lon="-72.6392903365"><ele>112.58</ele><time>2024-08-17T04:12:02Z</time></trkpt><trkpt lat="-39.3603653647" lon="-72.6393164881"><ele>112.74</ele><time>2024-08-17T04:12:03Z</time></trkpt><trkpt lat="-39.3603155762" lon="-72.6393581461"><ele>112.06</ele><time>2024-08-17T04:12:04Z</time></trkpt><trkpt lat="-39.3602760136" lon="-72.6394026540"><ele>109.72</ele><time>2024-08-17T04:12:05Z</time></trkpt><trkpt lat="-39.3602444138" lon="-72.6394372713"><ele>112.47</ele><time>2024-08-17T04:12:06Z</time></trkpt><trkpt lat="-39.3602224533" lon="-72.6394578069"><ele>112.97</ele><time>2024-08-17T04:12:07Z</time></trkpt><trkpt lat="-39.3602091260" lon="-72.6394659374"><ele>112.48</ele><time>2024-08-17T04:12:08Z</time></trkpt><trkpt lat="-39.3601916078" lon="-72.6394755766"><ele>110.20</ele><time>2024-08-17T04:12:10Z</time></trkpt><trkpt lat="-39.3600862473" lon="-72.6395102777"><ele>111.32</ele><time>2024-08-17T04:12:13Z</time></trkpt><trkpt lat="-39.3600243051" lon="-72.6395179052"><ele>113.01</ele><time>2024-08-17T04:12:14Z</time></trkpt><trkpt lat="-39.3598681502" lon="-72.6395372674"><ele>114.23</ele><time>2024-08-17T04:12:16Z</time></trkpt><trkpt lat="-39.3597855046" lon="-72.6395582221"><ele>114.87</ele><time>2024-08-17T04:12:17Z</time></trkpt><trkpt lat="-39.3597011827" lon="-72.6395987906"><ele>113.65</ele><time>2024-08-17T04:12:18Z</time></trkpt><trkpt lat="-39.3596224766" lon="-72.6396550331"><ele>113.78</ele><time>2024-08-17T04:12:19Z</time></trkpt><trkpt lat="-39.3595462851" lon="-72.6397259440"><ele>113.12</ele><time>2024-08-17T04:12:20Z</time></trkpt><trkpt lat="-39.3594702613" lon="-72.6397981122"><ele>114.70</ele><time>2024-08-17T04:12:21Z</time></trkpt><trkpt lat="-39.3593952432" lon="-72.6399978530"><ele>112.89</ele><time>2024-08-17T04:12:23Z</time></trkpt><trkpt lat="-39.3593910523" lon="-72.6401141100"><ele>113.03</ele><time>2024-08-17T04:12:24Z</time></trkpt><trkpt lat="-39.3594042957" lon="-72.6402266789"><ele>114.10</ele><time>2024-08-17T04:12:25Z</time></trkpt><trkpt lat="-39.3594275974" lon="-72.6403377391"><ele>114.16</ele><time>2024-08-17T04:12:26Z</time></trkpt><trkpt lat="-39.3594689202" lon="-72.6404432673"><ele>113.86</ele><time>2024-08-17T04:12:27Z</time></trkpt><trkpt lat="-39.3595279288" lon="-72.6405385695"><ele>113.44</ele><time>2024-08-17T04:12:28Z</time></trkpt><trkpt lat="-39.3595933076" lon="-72.6406166051"><ele>113.08</ele><time>2024-08-17T04:12:29Z</time></trkpt><trkpt lat="-39.3596706726" lon="-72.6406827383"><ele>113.34</ele><time>2024-08-17T04:12:30Z</time></trkpt><trkpt lat="-39.3597638793" lon="-72.6407228038"><ele>112.87</ele><time>2024-08-17T04:12:31Z</time></trkpt><trkpt lat="-39.3598554935" lon="-72.6407525595"><ele>112.70</ele><time>2024-08-17T04:12:32Z</time></trkpt><trkpt lat="-39.3599515501" lon="-72.6407722570"><ele>112.11</ele><time>2024-08-17T04:12:33Z</time></trkpt><trkpt lat="-39.3600487802" lon="-72.6407913677"><ele>112.80</ele><time>2024-08-17T04:12:34Z</time></trkpt><trkpt lat="-39.3604402989" lon="-72.6408765279"><ele>118.57</ele><time>2024-08-17T04:12:39Z</time></trkpt><trkpt lat="-39.3604900874" lon="-72.6408886816"><ele>114.81</ele><time>2024-08-17T04:12:40Z</time></trkpt><trkpt lat="-39.3605843000" lon="-72.6408994105"><ele>114.54</ele><time>2024-08-17T04:12:47Z</time></trkpt><trkpt lat="-39.3605975434" lon="-72.6408378873"><ele>114.62</ele><time>2024-08-17T04:13:16Z</time></trkpt><trkpt lat="-39.3606034946" lon="-72.6408001687"><ele>114.22</ele><time>2024-08-17T04:13:36Z</time></trkpt><trkpt lat="-39.3606000580" lon="-72.6407958101"><ele>120.01</ele><time>2024-08-17T04:13:45Z</time></trkpt><trkpt lat="-39.3606009800" lon="-72.6407963969"><ele>116.73</ele><time>2024-08-17T04:13:46Z</time></trkpt><trkpt lat="-39.3606039137" lon="-72.6407938823"><ele>115.21</ele><time>2024-08-17T04:13:49Z</time></trkpt><trkpt lat="-39.3606207613" lon="-72.6408131607"><ele>114.67</ele><time>2024-08-17T04:13:56Z</time></trkpt><trkpt lat="-39.3606116250" lon="-72.6408430003"><ele>114.99</ele><time>2024-08-17T04:14:26Z</time></trkpt></trkseg></trk></gpx>