<?xml version="1.0" encoding="UTF-8" standalone="no" ?><gpx xmlns="http://www.topografix.com/GPX/1/1" xmlns:gpxx="http://www.garmin.com/xmlschemas/GpxExtensions/v3" xmlns:gpxtrkx="http://www.garmin.com/xmlschemas/TrackStatsExtension/v1" xmlns:wptx1="http://www.garmin.com/xmlschemas/WaypointExtension/v1" xmlns:gpxtpx="http://www.garmin.com/xmlschemas/TrackPointExtension/v1" creator="GPSMAP 64sx" version="1.1" xmlns:xsi="http://www.w3.org/2001/XMLSchema-instance" xsi:schemaLocation="http://www.topografix.com/GPX/1/1 http://www.topografix.com/GPX/1/1/gpx.xsd http://www.garmin.com/xmlschemas/GpxExtensions/v3 http://www8.garmin.com/xmlschemas/GpxExtensionsv3.xsd http://www.garmin.com/xmlschemas/TrackStatsExtension/v1 http://www8.garmin.com/xmlschemas/TrackStatsExtension.xsd http://www.garmin.com/xmlschemas/WaypointExtension/v1 http://www8.garmin.com/xmlschemas/WaypointExtensionv1.xsd http://www.garmin.com/xmlschemas/TrackPointExtension/v1 http://www.garmin.com/xmlschemas/TrackPointExtensionv1.xsd"><metadata><link href="http://www.garmin.com"><text>Garmin International</text></link><time>2024-08-28T03:49:27Z</time></metadata><trk><name>GPS LONCO 240827</name><extensions><gpxx:TrackExtension><gpxx:DisplayColor>Cyan</gpxx:DisplayColor></gpxx:TrackExtension><gpxtrkx:TrackStatsExtension><gpxtrkx:Distance>49787.000</gpxtrkx:Distance><gpxtrkx:TotalElapsedTime>7189</gpxtrkx:TotalElapsedTime><gpxtrkx:MovingTime>6987</gpxtrkx:MovingTime><gpxtrkx:StoppedTime>198</gpxtrkx:StoppedTime><gpxtrkx:MovingSpeed>7.126</gpxtrkx:MovingSpeed><gpxtrkx:MaxSpeed>23.748</gpxtrkx:MaxSpeed><gpxtrkx:MaxElevation>161.052</gpxtrkx:MaxElevation><gpxtrkx:MinElevation>107.799</gpxtrkx:MinElevation><gpxtrkx:Ascent>168.000</gpxtrkx:Ascent><gpxtrkx:Descent>210.852</gpxtrkx:Descent><gpxtrkx:AvgAscentRate>0.057</gpxtrkx:AvgAscentRate><gpxtrkx:MaxAscentRate>0.521</gpxtrkx:MaxAscentRate><gpxtrkx:AvgDescentRate>0.069</gpxtrkx:AvgDescentRate><gpxtrkx:MaxDescentRate>-0.893</gpxtrkx:MaxDescentRate></gpxtrkx:TrackStatsExtension></extensions><trkseg><trkpt lat="-39.3541989662" lon="-72.5778824184"><ele>161.05</ele><time>2024-08-28T01:49:38Z</time></trkpt><trkpt lat="-39.3541986309" lon="-72.5778819155"><ele>161.05</ele><time>2024-08-28T01:49:39Z</time></trkpt><trkpt lat="-39.3542007264" lon="-72.5778817479"><ele>153.91</ele><time>2024-08-28T01:49:43Z</time></trkpt><trkpt lat="-39.3542003911" lon="-72.5778814126"><ele>153.91</ele><time>2024-08-28T01:49:44Z</time></trkpt><trkpt lat="-39.3542013969" lon="-72.5778591167"><ele>154.99</ele><time>2024-08-28T01:50:08Z</time></trkpt><trkpt lat="-39.3541956134" lon="-72.5778469630"><ele>155.13</ele><time>2024-08-28T01:50:37Z</time></trkpt><trkpt lat="-39.3542082701" lon="-72.5778608769"><ele>155.01</ele><time>2024-08-28T01:51:05Z</time></trkpt><trkpt lat="-39.3542335834" lon="-72.5778275169"><ele>155.05</ele><time>2024-08-28T01:51:09Z</time></trkpt><trkpt lat="-39.3542355951" lon="-72.5778074842"><ele>155.12</ele><time>2024-08-28T01:51:10Z</time></trkpt><trkpt lat="-39.3542384449" lon="-72.5777923129"><ele>155.08</ele><time>2024-08-28T01:51:11Z</time></trkpt><trkpt lat="-39.3542609084" lon="-72.5778033771"><ele>155.09</ele><time>2024-08-28T01:51:14Z</time></trkpt><trkpt lat="-39.3543103617" lon="-72.5778277684"><ele>155.09</ele><time>2024-08-28T01:51:16Z</time></trkpt><trkpt lat="-39.3543420453" lon="-72.5778318755"><ele>155.05</ele><time>2024-08-28T01:51:17Z</time></trkpt><trkpt lat="-39.3543754052" lon="-72.5778321270"><ele>154.92</ele><time>2024-08-28T01:51:18Z</time></trkpt><trkpt lat="-39.3544096872" lon="-72.5778347254"><ele>154.82</ele><time>2024-08-28T01:51:19Z</time></trkpt><trkpt lat="-39.3544413708" lon="-72.5778424367"><ele>154.71</ele><time>2024-08-28T01:51:20Z</time></trkpt><trkpt lat="-39.3544753175" lon="-72.5778594520"><ele>154.57</ele><time>2024-08-28T01:51:21Z</time></trkpt><trkpt lat="-39.3545097671" lon="-72.5778892916"><ele>154.62</ele><time>2024-08-28T01:51:22Z</time></trkpt><trkpt lat="-39.3545429595" lon="-72.5779308658"><ele>154.62</ele><time>2024-08-28T01:51:23Z</time></trkpt><trkpt lat="-39.3545758165" lon="-72.5779756252"><ele>154.47</ele><time>2024-08-28T01:51:24Z</time></trkpt><trkpt lat="-39.3546447996" lon="-72.5780550018"><ele>154.24</ele><time>2024-08-28T01:51:26Z</time></trkpt><trkpt lat="-39.3546838593" lon="-72.5780840032"><ele>154.25</ele><time>2024-08-28T01:51:27Z</time></trkpt><trkpt lat="-39.3547264393" lon="-72.5781059638"><ele>154.15</ele><time>2024-08-28T01:51:28Z</time></trkpt><trkpt lat="-39.3549077399" lon="-72.5782242324"><ele>154.28</ele><time>2024-08-28T01:51:32Z</time></trkpt><trkpt lat="-39.3549442012" lon="-72.5782819837"><ele>154.31</ele><time>2024-08-28T01:51:33Z</time></trkpt><trkpt lat="-39.3549735378" lon="-72.5783544872"><ele>154.25</ele><time>2024-08-28T01:51:34Z</time></trkpt><trkpt lat="-39.3553244043" lon="-72.5793272071"><ele>155.11</ele><time>2024-08-28T01:51:42Z</time></trkpt><trkpt lat="-39.3559810426" lon="-72.5811804458"><ele>154.80</ele><time>2024-08-28T01:51:52Z</time></trkpt><trkpt lat="-39.3571509887" lon="-72.5843765493"><ele>151.61</ele><time>2024-08-28T01:52:07Z</time></trkpt><trkpt lat="-39.3572345562" lon="-72.5846052077"><ele>151.51</ele><time>2024-08-28T01:52:08Z</time></trkpt><trkpt lat="-39.3573982548" lon="-72.5850607641"><ele>154.01</ele><time>2024-08-28T01:52:10Z</time></trkpt><trkpt lat="-39.3578279950" lon="-72.5862262677"><ele>150.83</ele><time>2024-08-28T01:52:15Z</time></trkpt><trkpt lat="-39.3590613920" lon="-72.5896161608"><ele>149.93</ele><time>2024-08-28T01:52:29Z</time></trkpt><trkpt lat="-39.3604019098" lon="-72.5932683237"><ele>147.49</ele><time>2024-08-28T01:52:44Z</time></trkpt><trkpt lat="-39.3619407434" lon="-72.5974789727"><ele>144.35</ele><time>2024-08-28T01:53:01Z</time></trkpt><trkpt lat="-39.3632582948" lon="-72.6011732966"><ele>141.33</ele><time>2024-08-28T01:53:16Z</time></trkpt><trkpt lat="-39.3638103269" lon="-72.6035436988"><ele>138.09</ele><time>2024-08-28T01:53:26Z</time></trkpt><trkpt lat="-39.3639493827" lon="-72.6046807878"><ele>135.59</ele><time>2024-08-28T01:53:33Z</time></trkpt><trkpt lat="-39.3640009314" lon="-72.6059878618"><ele>133.83</ele><time>2024-08-28T01:53:45Z</time></trkpt><trkpt lat="-39.3639776297" lon="-72.6074508391"><ele>131.79</ele><time>2024-08-28T01:53:59Z</time></trkpt><trkpt lat="-39.3639285956" lon="-72.6091220230"><ele>129.42</ele><time>2024-08-28T01:54:15Z</time></trkpt><trkpt lat="-39.3638921343" lon="-72.6102813240"><ele>126.23</ele><time>2024-08-28T01:54:26Z</time></trkpt><trkpt lat="-39.3638413399" lon="-72.6113153156"><ele>122.93</ele><time>2024-08-28T01:54:36Z</time></trkpt><trkpt lat="-39.3638167810" lon="-72.6121403463"><ele>119.88</ele><time>2024-08-28T01:54:44Z</time></trkpt><trkpt lat="-39.3637363985" lon="-72.6135640126"><ele>117.17</ele><time>2024-08-28T01:54:58Z</time></trkpt><trkpt lat="-39.3634631485" lon="-72.6151186042"><ele>116.60</ele><time>2024-08-28T01:55:13Z</time></trkpt><trkpt lat="-39.3628179096" lon="-72.6171314344"><ele>116.22</ele><time>2024-08-28T01:55:33Z</time></trkpt><trkpt lat="-39.3621510454" lon="-72.6184815913"><ele>119.46</ele><time>2024-08-28T01:55:48Z</time></trkpt><trkpt lat="-39.3616562616" lon="-72.6192285027"><ele>122.79</ele><time>2024-08-28T01:55:57Z</time></trkpt><trkpt lat="-39.3609706219" lon="-72.6200537011"><ele>125.87</ele><time>2024-08-28T01:56:08Z</time></trkpt><trkpt lat="-39.3604116328" lon="-72.6205801684"><ele>127.15</ele><time>2024-08-28T01:56:16Z</time></trkpt><trkpt lat="-39.3603386264" lon="-72.6206254307"><ele>127.19</ele><time>2024-08-28T01:56:17Z</time></trkpt><trkpt lat="-39.3602652848" lon="-72.6206626464"><ele>127.16</ele><time>2024-08-28T01:56:18Z</time></trkpt><trkpt lat="-39.3601932842" lon="-72.6206897199"><ele>127.02</ele><time>2024-08-28T01:56:19Z</time></trkpt><trkpt lat="-39.3601206969" lon="-72.6207097527"><ele>127.00</ele><time>2024-08-28T01:56:20Z</time></trkpt><trkpt lat="-39.3600476906" lon="-72.6207245886"><ele>126.74</ele><time>2024-08-28T01:56:21Z</time></trkpt><trkpt lat="-39.3595234863" lon="-72.6208659075"><ele>123.32</ele><time>2024-08-28T01:56:29Z</time></trkpt><trkpt lat="-39.3593432754" lon="-72.6209998503"><ele>126.10</ele><time>2024-08-28T01:56:39Z</time></trkpt><trkpt lat="-39.3593068980" lon="-72.6210149378"><ele>126.19</ele><time>2024-08-28T01:56:47Z</time></trkpt><trkpt lat="-39.3592581991" lon="-72.6210663188"><ele>126.07</ele><time>2024-08-28T01:56:50Z</time></trkpt><trkpt lat="-39.3592389207" lon="-72.6210840046"><ele>125.97</ele><time>2024-08-28T01:56:51Z</time></trkpt><trkpt lat="-39.3591745477" lon="-72.6211506408"><ele>120.97</ele><time>2024-08-28T01:56:56Z</time></trkpt><trkpt lat="-39.3591552693" lon="-72.6211899519"><ele>120.16</ele><time>2024-08-28T01:56:57Z</time></trkpt><trkpt lat="-39.3591476418" lon="-72.6212284248"><ele>119.75</ele><time>2024-08-28T01:56:58Z</time></trkpt><trkpt lat="-39.3591535930" lon="-72.6212825719"><ele>119.72</ele><time>2024-08-28T01:56:59Z</time></trkpt><trkpt lat="-39.3591747154" lon="-72.6213438436"><ele>119.57</ele><time>2024-08-28T01:57:00Z</time></trkpt><trkpt lat="-39.3592085782" lon="-72.6214164309"><ele>119.23</ele><time>2024-08-28T01:57:01Z</time></trkpt><trkpt lat="-39.3592528347" lon="-72.6214988250"><ele>119.28</ele><time>2024-08-28T01:57:02Z</time></trkpt><trkpt lat="-39.3593020365" lon="-72.6215878408"><ele>118.88</ele><time>2024-08-28T01:57:03Z</time></trkpt><trkpt lat="-39.3597949762" lon="-72.6225219201"><ele>115.88</ele><time>2024-08-28T01:57:12Z</time></trkpt><trkpt lat="-39.3598557450" lon="-72.6225988660"><ele>115.70</ele><time>2024-08-28T01:57:13Z</time></trkpt><trkpt lat="-39.3599213753" lon="-72.6226696931"><ele>115.68</ele><time>2024-08-28T01:57:14Z</time></trkpt><trkpt lat="-39.3599928729" lon="-72.6227325574"><ele>115.20</ele><time>2024-08-28T01:57:15Z</time></trkpt><trkpt lat="-39.3600693997" lon="-72.6227862015"><ele>115.01</ele><time>2024-08-28T01:57:16Z</time></trkpt><trkpt lat="-39.3601558171" lon="-72.6228277758"><ele>114.93</ele><time>2024-08-28T01:57:17Z</time></trkpt><trkpt lat="-39.3602451682" lon="-72.6228566933"><ele>114.66</ele><time>2024-08-28T01:57:18Z</time></trkpt><trkpt lat="-39.3603351060" lon="-72.6228754688"><ele>114.48</ele><time>2024-08-28T01:57:19Z</time></trkpt><trkpt lat="-39.3604231160" lon="-72.6228815876"><ele>114.47</ele><time>2024-08-28T01:57:20Z</time></trkpt><trkpt lat="-39.3605100363" lon="-72.6228887960"><ele>114.43</ele><time>2024-08-28T01:57:21Z</time></trkpt><trkpt lat="-39.3614774756" lon="-72.6232058834"><ele>116.52</ele><time>2024-08-28T01:57:33Z</time></trkpt><trkpt lat="-39.3622088805" lon="-72.6239414793"><ele>115.33</ele><time>2024-08-28T01:57:44Z</time></trkpt><trkpt lat="-39.3626063503" lon="-72.6241412200"><ele>115.12</ele><time>2024-08-28T01:57:49Z</time></trkpt><trkpt lat="-39.3626850564" lon="-72.6241516136"><ele>115.12</ele><time>2024-08-28T01:57:50Z</time></trkpt><trkpt lat="-39.3635058124" lon="-72.6243007276"><ele>115.86</ele><time>2024-08-28T01:58:01Z</time></trkpt><trkpt lat="-39.3636222370" lon="-72.6243832894"><ele>115.81</ele><time>2024-08-28T01:58:03Z</time></trkpt><trkpt lat="-39.3636700977" lon="-72.6244344190"><ele>115.81</ele><time>2024-08-28T01:58:04Z</time></trkpt><trkpt lat="-39.3637115043" lon="-72.6244865544"><ele>115.78</ele><time>2024-08-28T01:58:05Z</time></trkpt><trkpt lat="-39.3637850136" lon="-72.6245809346"><ele>115.67</ele><time>2024-08-28T01:58:07Z</time></trkpt><trkpt lat="-39.3638153560" lon="-72.6246096008"><ele>115.65</ele><time>2024-08-28T01:58:08Z</time></trkpt><trkpt lat="-39.3638423458" lon="-72.6246191561"><ele>115.67</ele><time>2024-08-28T01:58:09Z</time></trkpt><trkpt lat="-39.3638708442" lon="-72.6246078406"><ele>115.68</ele><time>2024-08-28T01:58:10Z</time></trkpt><trkpt lat="-39.3638939783" lon="-72.6245786715"><ele>115.77</ele><time>2024-08-28T01:58:11Z</time></trkpt><trkpt lat="-39.3639073893" lon="-72.6245422103"><ele>115.58</ele><time>2024-08-28T01:58:12Z</time></trkpt><trkpt lat="-39.3639163580" lon="-72.6244908292"><ele>115.43</ele><time>2024-08-28T01:58:13Z</time></trkpt><trkpt lat="-39.3639208004" lon="-72.6244297251"><ele>115.24</ele><time>2024-08-28T01:58:14Z</time></trkpt><trkpt lat="-39.3639249075" lon="-72.6243623346"><ele>114.91</ele><time>2024-08-28T01:58:15Z</time></trkpt><trkpt lat="-39.3639225606" lon="-72.6240055170"><ele>113.43</ele><time>2024-08-28T01:58:20Z</time></trkpt><trkpt lat="-39.3639097363" lon="-72.6239496097"><ele>113.38</ele><time>2024-08-28T01:58:21Z</time></trkpt><trkpt lat="-39.3638877757" lon="-72.6239025034"><ele>113.29</ele><time>2024-08-28T01:58:22Z</time></trkpt><trkpt lat="-39.3638601992" lon="-72.6238620188"><ele>113.09</ele><time>2024-08-28T01:58:23Z</time></trkpt><trkpt lat="-39.3638243247" lon="-72.6238287427"><ele>113.22</ele><time>2024-08-28T01:58:24Z</time></trkpt><trkpt lat="-39.3637841754" lon="-72.6237973105"><ele>113.29</ele><time>2024-08-28T01:58:25Z</time></trkpt><trkpt lat="-39.3632531818" lon="-72.6233135071"><ele>113.65</ele><time>2024-08-28T01:58:37Z</time></trkpt><trkpt lat="-39.3632305507" lon="-72.6232575998"><ele>113.79</ele><time>2024-08-28T01:58:38Z</time></trkpt><trkpt lat="-39.3632144574" lon="-72.6231945679"><ele>113.82</ele><time>2024-08-28T01:58:39Z</time></trkpt><trkpt lat="-39.3632061593" lon="-72.6231272612"><ele>113.82</ele><time>2024-08-28T01:58:40Z</time></trkpt><trkpt lat="-39.3632043153" lon="-72.6230567694"><ele>113.92</ele><time>2024-08-28T01:58:41Z</time></trkpt><trkpt lat="-39.3632037286" lon="-72.6229830086"><ele>113.90</ele><time>2024-08-28T01:58:42Z</time></trkpt><trkpt lat="-39.3632285390" lon="-72.6222683676"><ele>113.78</ele><time>2024-08-28T01:58:53Z</time></trkpt><trkpt lat="-39.3632412795" lon="-72.6222505141"><ele>113.84</ele><time>2024-08-28T01:58:54Z</time></trkpt><trkpt lat="-39.3632586300" lon="-72.6222422160"><ele>113.76</ele><time>2024-08-28T01:58:55Z</time></trkpt><trkpt lat="-39.3632806744" lon="-72.6222428028"><ele>113.86</ele><time>2024-08-28T01:58:56Z</time></trkpt><trkpt lat="-39.3633065745" lon="-72.6222533640"><ele>113.91</ele><time>2024-08-28T01:58:57Z</time></trkpt><trkpt lat="-39.3633349892" lon="-72.6222687028"><ele>113.98</ele><time>2024-08-28T01:58:58Z</time></trkpt><trkpt lat="-39.3635139428" lon="-72.6224150509"><ele>113.74</ele><time>2024-08-28T01:59:06Z</time></trkpt><trkpt lat="-39.3635277729" lon="-72.6224162243"><ele>113.71</ele><time>2024-08-28T01:59:07Z</time></trkpt><trkpt lat="-39.3635435309" lon="-72.6224103570"><ele>113.76</ele><time>2024-08-28T01:59:08Z</time></trkpt><trkpt lat="-39.3635595404" lon="-72.6223914139"><ele>113.80</ele><time>2024-08-28T01:59:09Z</time></trkpt><trkpt lat="-39.3635701854" lon="-72.6223633345"><ele>113.92</ele><time>2024-08-28T01:59:10Z</time></trkpt><trkpt lat="-39.3635741249" lon="-72.6223294716"><ele>113.97</ele><time>2024-08-28T01:59:11Z</time></trkpt><trkpt lat="-39.3635760527" lon="-72.6222910825"><ele>114.03</ele><time>2024-08-28T01:59:12Z</time></trkpt><trkpt lat="-39.3635919783" lon="-72.6216500346"><ele>114.60</ele><time>2024-08-28T01:59:21Z</time></trkpt><trkpt lat="-39.3635431118" lon="-72.6213610265"><ele>114.46</ele><time>2024-08-28T01:59:29Z</time></trkpt><trkpt lat="-39.3632920738" lon="-72.6211705059"><ele>114.21</ele><time>2024-08-28T01:59:38Z</time></trkpt><trkpt lat="-39.3632641621" lon="-72.6211845875"><ele>114.04</ele><time>2024-08-28T01:59:39Z</time></trkpt><trkpt lat="-39.3632415310" lon="-72.6212201267"><ele>114.03</ele><time>2024-08-28T01:59:40Z</time></trkpt><trkpt lat="-39.3632316403" lon="-72.6212753635"><ele>114.16</ele><time>2024-08-28T01:59:41Z</time></trkpt><trkpt lat="-39.3632298801" lon="-72.6213294268"><ele>114.01</ele><time>2024-08-28T01:59:42Z</time></trkpt><trkpt lat="-39.3632290419" lon="-72.6213904470"><ele>113.93</ele><time>2024-08-28T01:59:43Z</time></trkpt><trkpt lat="-39.3632101826" lon="-72.6217079535"><ele>113.83</ele><time>2024-08-28T01:59:49Z</time></trkpt><trkpt lat="-39.3631880544" lon="-72.6217287406"><ele>114.01</ele><time>2024-08-28T01:59:50Z</time></trkpt><trkpt lat="-39.3631630763" lon="-72.6217411458"><ele>113.97</ele><time>2024-08-28T01:59:51Z</time></trkpt><trkpt lat="-39.3631328177" lon="-72.6217460074"><ele>114.03</ele><time>2024-08-28T01:59:52Z</time></trkpt><trkpt lat="-39.3630943447" lon="-72.6217501145"><ele>114.07</ele><time>2024-08-28T01:59:53Z</time></trkpt><trkpt lat="-39.3627568893" lon="-72.6217447501"><ele>114.29</ele><time>2024-08-28T01:59:59Z</time></trkpt><trkpt lat="-39.3625924364" lon="-72.6217348594"><ele>114.02</ele><time>2024-08-28T02:00:04Z</time></trkpt><trkpt lat="-39.3625749182" lon="-72.6217581611"><ele>114.16</ele><time>2024-08-28T02:00:05Z</time></trkpt><trkpt lat="-39.3625615072" lon="-72.6217936166"><ele>114.18</ele><time>2024-08-28T02:00:06Z</time></trkpt><trkpt lat="-39.3625545502" lon="-72.6218348555"><ele>114.20</ele><time>2024-08-28T02:00:07Z</time></trkpt><trkpt lat="-39.3625486828" lon="-72.6218765974"><ele>114.29</ele><time>2024-08-28T02:00:08Z</time></trkpt><trkpt lat="-39.3625216093" lon="-72.6219446585"><ele>114.34</ele><time>2024-08-28T02:00:10Z</time></trkpt><trkpt lat="-39.3624957930" lon="-72.6219676249"><ele>114.64</ele><time>2024-08-28T02:00:11Z</time></trkpt><trkpt lat="-39.3624624331" lon="-72.6219834667"><ele>114.40</ele><time>2024-08-28T02:00:12Z</time></trkpt><trkpt lat="-39.3624206074" lon="-72.6219908427"><ele>114.50</ele><time>2024-08-28T02:00:13Z</time></trkpt><trkpt lat="-39.3623775244" lon="-72.6219999790"><ele>114.52</ele><time>2024-08-28T02:00:14Z</time></trkpt><trkpt lat="-39.3620280828" lon="-72.6220570598"><ele>114.12</ele><time>2024-08-28T02:00:23Z</time></trkpt><trkpt lat="-39.3619970698" lon="-72.6220335905"><ele>114.19</ele><time>2024-08-28T02:00:24Z</time></trkpt><trkpt lat="-39.3617772125" lon="-72.6217430737"><ele>113.99</ele><time>2024-08-28T02:00:33Z</time></trkpt><trkpt lat="-39.3617798947" lon="-72.6217071153"><ele>113.99</ele><time>2024-08-28T02:00:34Z</time></trkpt><trkpt lat="-39.3617917970" lon="-72.6216735039"><ele>113.95</ele><time>2024-08-28T02:00:35Z</time></trkpt><trkpt lat="-39.3618214689" lon="-72.6216492802"><ele>114.01</ele><time>2024-08-28T02:00:36Z</time></trkpt><trkpt lat="-39.3618611991" lon="-72.6216322649"><ele>113.95</ele><time>2024-08-28T02:00:37Z</time></trkpt><trkpt lat="-39.3619106524" lon="-72.6216184348"><ele>114.03</ele><time>2024-08-28T02:00:38Z</time></trkpt><trkpt lat="-39.3619657215" lon="-72.6216059458"><ele>114.05</ele><time>2024-08-28T02:00:39Z</time></trkpt><trkpt lat="-39.3624627683" lon="-72.6215243060"><ele>114.14</ele><time>2024-08-28T02:00:49Z</time></trkpt><trkpt lat="-39.3625371996" lon="-72.6214746851"><ele>114.20</ele><time>2024-08-28T02:00:52Z</time></trkpt><trkpt lat="-39.3625587411" lon="-72.6214293391"><ele>114.25</ele><time>2024-08-28T02:00:53Z</time></trkpt><trkpt lat="-39.3625717331" lon="-72.6213645469"><ele>114.39</ele><time>2024-08-28T02:00:54Z</time></trkpt><trkpt lat="-39.3625825457" lon="-72.6212912053"><ele>114.44</ele><time>2024-08-28T02:00:55Z</time></trkpt><trkpt lat="-39.3625876587" lon="-72.6212049555"><ele>114.47</ele><time>2024-08-28T02:00:56Z</time></trkpt><trkpt lat="-39.3625862338" lon="-72.6211121678"><ele>114.57</ele><time>2024-08-28T02:00:57Z</time></trkpt><trkpt lat="-39.3625869043" lon="-72.6210195478"><ele>114.57</ele><time>2024-08-28T02:00:58Z</time></trkpt><trkpt lat="-39.3625832163" lon="-72.6209244970"><ele>114.60</ele><time>2024-08-28T02:00:59Z</time></trkpt><trkpt lat="-39.3625821266" lon="-72.6208312064"><ele>114.49</ele><time>2024-08-28T02:01:00Z</time></trkpt><trkpt lat="-39.3625980522" lon="-72.6206146181"><ele>114.07</ele><time>2024-08-28T02:01:03Z</time></trkpt><trkpt lat="-39.3626166601" lon="-72.6205662545"><ele>114.12</ele><time>2024-08-28T02:01:04Z</time></trkpt><trkpt lat="-39.3626473378" lon="-72.6205367502"><ele>114.09</ele><time>2024-08-28T02:01:05Z</time></trkpt><trkpt lat="-39.3627012335" lon="-72.6205259375"><ele>114.18</ele><time>2024-08-28T02:01:06Z</time></trkpt><trkpt lat="-39.3627747428" lon="-72.6205322240"><ele>114.30</ele><time>2024-08-28T02:01:07Z</time></trkpt><trkpt lat="-39.3628512695" lon="-72.6205369178"><ele>114.39</ele><time>2024-08-28T02:01:08Z</time></trkpt><trkpt lat="-39.3637550063" lon="-72.6205572020"><ele>114.51</ele><time>2024-08-28T02:01:20Z</time></trkpt><trkpt lat="-39.3639399111" lon="-72.6205529273"><ele>114.34</ele><time>2024-08-28T02:01:26Z</time></trkpt><trkpt lat="-39.3639597762" lon="-72.6205277815"><ele>114.38</ele><time>2024-08-28T02:01:27Z</time></trkpt><trkpt lat="-39.3639785517" lon="-72.6204872131"><ele>114.35</ele><time>2024-08-28T02:01:28Z</time></trkpt><trkpt lat="-39.3639934715" lon="-72.6204302162"><ele>114.47</ele><time>2024-08-28T02:01:29Z</time></trkpt><trkpt lat="-39.3640030269" lon="-72.6203598920"><ele>114.47</ele><time>2024-08-28T02:01:30Z</time></trkpt><trkpt lat="-39.3640090618" lon="-72.6202889811"><ele>114.57</ele><time>2024-08-28T02:01:31Z</time></trkpt><trkpt lat="-39.3640103191" lon="-72.6202218421"><ele>114.61</ele><time>2024-08-28T02:01:32Z</time></trkpt><trkpt lat="-39.3639987521" lon="-72.6201679464"><ele>114.52</ele><time>2024-08-28T02:01:33Z</time></trkpt><trkpt lat="-39.3639800604" lon="-72.6201339997"><ele>114.52</ele><time>2024-08-28T02:01:34Z</time></trkpt><trkpt lat="-39.3639552500" lon="-72.6201124582"><ele>114.58</ele><time>2024-08-28T02:01:35Z</time></trkpt><trkpt lat="-39.3639236502" lon="-72.6201009750"><ele>114.61</ele><time>2024-08-28T02:01:36Z</time></trkpt><trkpt lat="-39.3638814893" lon="-72.6200950239"><ele>114.73</ele><time>2024-08-28T02:01:37Z</time></trkpt><trkpt lat="-39.3638314493" lon="-72.6200929284"><ele>114.92</ele><time>2024-08-28T02:01:38Z</time></trkpt><trkpt lat="-39.3630827777" lon="-72.6200799365"><ele>114.96</ele><time>2024-08-28T02:01:50Z</time></trkpt><trkpt lat="-39.3627014849" lon="-72.6200602390"><ele>114.18</ele><time>2024-08-28T02:01:57Z</time></trkpt><trkpt lat="-39.3626395427" lon="-72.6200412121"><ele>114.04</ele><time>2024-08-28T02:01:59Z</time></trkpt><trkpt lat="-39.3626204319" lon="-72.6200099476"><ele>113.93</ele><time>2024-08-28T02:02:00Z</time></trkpt><trkpt lat="-39.3626110442" lon="-72.6199637633"><ele>114.05</ele><time>2024-08-28T02:02:01Z</time></trkpt><trkpt lat="-39.3626105413" lon="-72.6197711471"><ele>113.95</ele><time>2024-08-28T02:02:04Z</time></trkpt><trkpt lat="-39.3626224436" lon="-72.6197107136"><ele>113.82</ele><time>2024-08-28T02:02:05Z</time></trkpt><trkpt lat="-39.3626464158" lon="-72.6196629368"><ele>113.80</ele><time>2024-08-28T02:02:06Z</time></trkpt><trkpt lat="-39.3626756687" lon="-72.6196293253"><ele>113.78</ele><time>2024-08-28T02:02:07Z</time></trkpt><trkpt lat="-39.3627243675" lon="-72.6196157467"><ele>113.81</ele><time>2024-08-28T02:02:08Z</time></trkpt><trkpt lat="-39.3627893273" lon="-72.6196291577"><ele>113.93</ele><time>2024-08-28T02:02:09Z</time></trkpt><trkpt lat="-39.3628568016" lon="-72.6196359470"><ele>114.01</ele><time>2024-08-28T02:02:10Z</time></trkpt><trkpt lat="-39.3638480455" lon="-72.6196668763"><ele>114.70</ele><time>2024-08-28T02:02:24Z</time></trkpt><trkpt lat="-39.3640290108" lon="-72.6195460930"><ele>114.68</ele><time>2024-08-28T02:02:31Z</time></trkpt><trkpt lat="-39.3640383147" lon="-72.6194786187"><ele>114.80</ele><time>2024-08-28T02:02:32Z</time></trkpt><trkpt lat="-39.3640305195" lon="-72.6192197856"><ele>114.86</ele><time>2024-08-28T02:02:37Z</time></trkpt><trkpt lat="-39.3640022725" lon="-72.6192012616"><ele>114.86</ele><time>2024-08-28T02:02:38Z</time></trkpt><trkpt lat="-39.3639706727" lon="-72.6191876829"><ele>115.00</ele><time>2024-08-28T02:02:39Z</time></trkpt><trkpt lat="-39.3639334571" lon="-72.6191795524"><ele>115.09</ele><time>2024-08-28T02:02:40Z</time></trkpt><trkpt lat="-39.3638896197" lon="-72.6191744395"><ele>115.21</ele><time>2024-08-28T02:02:41Z</time></trkpt><trkpt lat="-39.3632219173" lon="-72.6191742718"><ele>114.71</ele><time>2024-08-28T02:02:51Z</time></trkpt><trkpt lat="-39.3627460767" lon="-72.6191209629"><ele>113.72</ele><time>2024-08-28T02:03:01Z</time></trkpt><trkpt lat="-39.3627348449" lon="-72.6190997567"><ele>113.83</ele><time>2024-08-28T02:03:02Z</time></trkpt><trkpt lat="-39.3627323303" lon="-72.6190667320"><ele>113.84</ele><time>2024-08-28T02:03:03Z</time></trkpt><trkpt lat="-39.3627366051" lon="-72.6190192066"><ele>113.84</ele><time>2024-08-28T02:03:04Z</time></trkpt><trkpt lat="-39.3627508543" lon="-72.6189664844"><ele>114.02</ele><time>2024-08-28T02:03:05Z</time></trkpt><trkpt lat="-39.3627784308" lon="-72.6189040393"><ele>114.05</ele><time>2024-08-28T02:03:06Z</time></trkpt><trkpt lat="-39.3628064264" lon="-72.6188458689"><ele>114.08</ele><time>2024-08-28T02:03:07Z</time></trkpt><trkpt lat="-39.3628328294" lon="-72.6187958289"><ele>114.14</ele><time>2024-08-28T02:03:08Z</time></trkpt><trkpt lat="-39.3628603220" lon="-72.6187573560"><ele>114.14</ele><time>2024-08-28T02:03:09Z</time></trkpt><trkpt lat="-39.3628900778" lon="-72.6187331323"><ele>114.00</ele><time>2024-08-28T02:03:10Z</time></trkpt><trkpt lat="-39.3629329093" lon="-72.6187268458"><ele>114.04</ele><time>2024-08-28T02:03:11Z</time></trkpt><trkpt lat="-39.3629832007" lon="-72.6187251695"><ele>114.16</ele><time>2024-08-28T02:03:12Z</time></trkpt><trkpt lat="-39.3630413711" lon="-72.6187262591"><ele>114.23</ele><time>2024-08-28T02:03:13Z</time></trkpt><trkpt lat="-39.3638420105" lon="-72.6187404245"><ele>115.02</ele><time>2024-08-28T02:03:25Z</time></trkpt><trkpt lat="-39.3640348781" lon="-72.6186330523"><ele>114.88</ele><time>2024-08-28T02:03:33Z</time></trkpt><trkpt lat="-39.3640463613" lon="-72.6184105128"><ele>115.25</ele><time>2024-08-28T02:03:37Z</time></trkpt><trkpt lat="-39.3640350457" lon="-72.6183641609"><ele>115.15</ele><time>2024-08-28T02:03:38Z</time></trkpt><trkpt lat="-39.3640124146" lon="-72.6183235087"><ele>115.16</ele><time>2024-08-28T02:03:39Z</time></trkpt><trkpt lat="-39.3639807310" lon="-72.6182987820"><ele>115.13</ele><time>2024-08-28T02:03:40Z</time></trkpt><trkpt lat="-39.3639440183" lon="-72.6182839461"><ele>115.29</ele><time>2024-08-28T02:03:41Z</time></trkpt><trkpt lat="-39.3638960738" lon="-72.6182761509"><ele>115.37</ele><time>2024-08-28T02:03:42Z</time></trkpt><trkpt lat="-39.3638442736" lon="-72.6182711218"><ele>115.36</ele><time>2024-08-28T02:03:43Z</time></trkpt><trkpt lat="-39.3637895398" lon="-72.6182717085"><ele>115.37</ele><time>2024-08-28T02:03:44Z</time></trkpt><trkpt lat="-39.3637342192" lon="-72.6182733849"><ele>115.26</ele><time>2024-08-28T02:03:45Z</time></trkpt><trkpt lat="-39.3631919939" lon="-72.6182230935"><ele>114.33</ele><time>2024-08-28T02:03:56Z</time></trkpt><trkpt lat="-39.3631612323" lon="-72.6181985345"><ele>114.22</ele><time>2024-08-28T02:03:58Z</time></trkpt><trkpt lat="-39.3631503358" lon="-72.6181738917"><ele>114.33</ele><time>2024-08-28T02:03:59Z</time></trkpt><trkpt lat="-39.3631472345" lon="-72.6181361731"><ele>114.29</ele><time>2024-08-28T02:04:00Z</time></trkpt><trkpt lat="-39.3631524313" lon="-72.6180946827"><ele>114.29</ele><time>2024-08-28T02:04:01Z</time></trkpt><trkpt lat="-39.3631695304" lon="-72.6180479955"><ele>114.41</ele><time>2024-08-28T02:04:02Z</time></trkpt><trkpt lat="-39.3631892279" lon="-72.6179926749"><ele>114.45</ele><time>2024-08-28T02:04:03Z</time></trkpt><trkpt lat="-39.3632376753" lon="-72.6178868115"><ele>114.48</ele><time>2024-08-28T02:04:05Z</time></trkpt><trkpt lat="-39.3632638268" lon="-72.6178523619"><ele>114.47</ele><time>2024-08-28T02:04:06Z</time></trkpt><trkpt lat="-39.3632914871" lon="-72.6178302336"><ele>114.45</ele><time>2024-08-28T02:04:07Z</time></trkpt><trkpt lat="-39.3633333128" lon="-72.6178176608"><ele>114.38</ele><time>2024-08-28T02:04:08Z</time></trkpt><trkpt lat="-39.3633854482" lon="-72.6178118773"><ele>114.59</ele><time>2024-08-28T02:04:09Z</time></trkpt><trkpt lat="-39.3634487316" lon="-72.6178190857"><ele>114.65</ele><time>2024-08-28T02:04:10Z</time></trkpt><trkpt lat="-39.3635162897" lon="-72.6178260427"><ele>114.80</ele><time>2024-08-28T02:04:11Z</time></trkpt><trkpt lat="-39.3640119117" lon="-72.6178522781"><ele>115.07</ele><time>2024-08-28T02:04:21Z</time></trkpt><trkpt lat="-39.3640383147" lon="-72.6178302336"><ele>114.97</ele><time>2024-08-28T02:04:22Z</time></trkpt><trkpt lat="-39.3640591856" lon="-72.6177962031"><ele>115.16</ele><time>2024-08-28T02:04:23Z</time></trkpt><trkpt lat="-39.3640677352" lon="-72.6177433133"><ele>115.20</ele><time>2024-08-28T02:04:24Z</time></trkpt><trkpt lat="-39.3640713394" lon="-72.6176805329"><ele>115.33</ele><time>2024-08-28T02:04:25Z</time></trkpt><trkpt lat="-39.3640727643" lon="-72.6176156569"><ele>115.34</ele><time>2024-08-28T02:04:26Z</time></trkpt><trkpt lat="-39.3640704174" lon="-72.6175539661"><ele>115.38</ele><time>2024-08-28T02:04:27Z</time></trkpt><trkpt lat="-39.3640614487" lon="-72.6175025851"><ele>115.46</ele><time>2024-08-28T02:04:28Z</time></trkpt><trkpt lat="-39.3640461098" lon="-72.6174639445"><ele>115.33</ele><time>2024-08-28T02:04:29Z</time></trkpt><trkpt lat="-39.3640283402" lon="-72.6174372062"><ele>115.34</ele><time>2024-08-28T02:04:30Z</time></trkpt><trkpt lat="-39.3640010152" lon="-72.6174222026"><ele>115.44</ele><time>2024-08-28T02:04:31Z</time></trkpt><trkpt lat="-39.3639604468" lon="-72.6174152456"><ele>115.52</ele><time>2024-08-28T02:04:32Z</time></trkpt><trkpt lat="-39.3639075570" lon="-72.6174092945"><ele>115.43</ele><time>2024-08-28T02:04:33Z</time></trkpt><trkpt lat="-39.3638461176" lon="-72.6174041815"><ele>115.55</ele><time>2024-08-28T02:04:34Z</time></trkpt><trkpt lat="-39.3637167010" lon="-72.6173970569"><ele>115.55</ele><time>2024-08-28T02:04:36Z</time></trkpt><trkpt lat="-39.3636037130" lon="-72.6173916087"><ele>115.12</ele><time>2024-08-28T02:04:38Z</time></trkpt><trkpt lat="-39.3635653239" lon="-72.6173917763"><ele>115.05</ele><time>2024-08-28T02:04:39Z</time></trkpt><trkpt lat="-39.3635392562" lon="-72.6173872501"><ele>114.86</ele><time>2024-08-28T02:04:40Z</time></trkpt><trkpt lat="-39.3635211512" lon="-72.6173766889"><ele>114.86</ele><time>2024-08-28T02:04:41Z</time></trkpt><trkpt lat="-39.3635063991" lon="-72.6173565723"><ele>114.88</ele><time>2024-08-28T02:04:42Z</time></trkpt><trkpt lat="-39.3634929880" lon="-72.6173294988"><ele>114.85</ele><time>2024-08-28T02:04:43Z</time></trkpt><trkpt lat="-39.3634856958" lon="-72.6172888465"><ele>114.85</ele><time>2024-08-28T02:04:44Z</time></trkpt><trkpt lat="-39.3634903897" lon="-72.6172364596"><ele>115.00</ele><time>2024-08-28T02:04:45Z</time></trkpt><trkpt lat="-39.3635001127" lon="-72.6171750203"><ele>115.07</ele><time>2024-08-28T02:04:46Z</time></trkpt><trkpt lat="-39.3635223247" lon="-72.6171102282"><ele>115.03</ele><time>2024-08-28T02:04:47Z</time></trkpt><trkpt lat="-39.3635481410" lon="-72.6170492917"><ele>115.20</ele><time>2024-08-28T02:04:48Z</time></trkpt><trkpt lat="-39.3635800760" lon="-72.6169948094"><ele>115.22</ele><time>2024-08-28T02:04:49Z</time></trkpt><trkpt lat="-39.3636270985" lon="-72.6169597730"><ele>115.24</ele><time>2024-08-28T02:04:50Z</time></trkpt><trkpt lat="-39.3636827543" lon="-72.6169453561"><ele>115.31</ele><time>2024-08-28T02:04:51Z</time></trkpt><trkpt lat="-39.3637467921" lon="-72.6169461105"><ele>115.42</ele><time>2024-08-28T02:04:52Z</time></trkpt><trkpt lat="-39.3638122547" lon="-72.6169439312"><ele>115.42</ele><time>2024-08-28T02:04:53Z</time></trkpt><trkpt lat="-39.3639832456" lon="-72.6169549953"><ele>115.40</ele><time>2024-08-28T02:04:56Z</time></trkpt><trkpt lat="-39.3640223052" lon="-72.6169784646"><ele>115.37</ele><time>2024-08-28T02:04:57Z</time></trkpt><trkpt lat="-39.3640440982" lon="-72.6170267444"><ele>115.58</ele><time>2024-08-28T02:04:58Z</time></trkpt><trkpt lat="-39.3640571740" lon="-72.6170853339"><ele>115.68</ele><time>2024-08-28T02:04:59Z</time></trkpt><trkpt lat="-39.3640631251" lon="-72.6171573345"><ele>115.84</ele><time>2024-08-28T02:05:00Z</time></trkpt><trkpt lat="-39.3640631251" lon="-72.6172388904"><ele>115.77</ele><time>2024-08-28T02:05:01Z</time></trkpt><trkpt lat="-39.3640609458" lon="-72.6173327677"><ele>115.87</ele><time>2024-08-28T02:05:02Z</time></trkpt><trkpt lat="-39.3640583474" lon="-72.6174364518"><ele>115.89</ele><time>2024-08-28T02:05:03Z</time></trkpt><trkpt lat="-39.3640305195" lon="-72.6188764628"><ele>115.53</ele><time>2024-08-28T02:05:16Z</time></trkpt><trkpt lat="-39.3640073016" lon="-72.6200603228"><ele>114.96</ele><time>2024-08-28T02:05:28Z</time></trkpt><trkpt lat="-39.3639740255" lon="-72.6213635411"><ele>114.28</ele><time>2024-08-28T02:05:41Z</time></trkpt><trkpt lat="-39.3639294337" lon="-72.6216498669"><ele>113.84</ele><time>2024-08-28T02:05:45Z</time></trkpt><trkpt lat="-39.3639231473" lon="-72.6216983981"><ele>113.75</ele><time>2024-08-28T02:05:46Z</time></trkpt><trkpt lat="-39.3639215548" lon="-72.6217372902"><ele>113.66</ele><time>2024-08-28T02:05:47Z</time></trkpt><trkpt lat="-39.3639218900" lon="-72.6217755955"><ele>113.60</ele><time>2024-08-28T02:05:48Z</time></trkpt><trkpt lat="-39.3639208842" lon="-72.6218151581"><ele>113.60</ele><time>2024-08-28T02:05:49Z</time></trkpt><trkpt lat="-39.3639183696" lon="-72.6218539663"><ele>113.53</ele><time>2024-08-28T02:05:50Z</time></trkpt><trkpt lat="-39.3639145140" lon="-72.6218980551"><ele>113.61</ele><time>2024-08-28T02:05:51Z</time></trkpt><trkpt lat="-39.3639159389" lon="-72.6222144719"><ele>113.49</ele><time>2024-08-28T02:06:00Z</time></trkpt><trkpt lat="-39.3639276735" lon="-72.6224037353"><ele>113.64</ele><time>2024-08-28T02:06:03Z</time></trkpt><trkpt lat="-39.3639262486" lon="-72.6224793401"><ele>113.78</ele><time>2024-08-28T02:06:04Z</time></trkpt><trkpt lat="-39.3639200460" lon="-72.6225639973"><ele>113.75</ele><time>2024-08-28T02:06:05Z</time></trkpt><trkpt lat="-39.3639149331" lon="-72.6226546895"><ele>113.78</ele><time>2024-08-28T02:06:06Z</time></trkpt><trkpt lat="-39.3639117479" lon="-72.6227557752"><ele>113.79</ele><time>2024-08-28T02:06:07Z</time></trkpt><trkpt lat="-39.3638949003" lon="-72.6240464207"><ele>113.34</ele><time>2024-08-28T02:06:19Z</time></trkpt><trkpt lat="-39.3638943136" lon="-72.6244910806"><ele>114.35</ele><time>2024-08-28T02:06:24Z</time></trkpt><trkpt lat="-39.3638919666" lon="-72.6245410368"><ele>114.56</ele><time>2024-08-28T02:06:25Z</time></trkpt><trkpt lat="-39.3638852611" lon="-72.6245712116"><ele>114.72</ele><time>2024-08-28T02:06:26Z</time></trkpt><trkpt lat="-39.3638800643" lon="-72.6246006321"><ele>114.89</ele><time>2024-08-28T02:06:27Z</time></trkpt><trkpt lat="-39.3638793938" lon="-72.6246393565"><ele>114.93</ele><time>2024-08-28T02:06:28Z</time></trkpt><trkpt lat="-39.3638883624" lon="-72.6246894803"><ele>114.93</ele><time>2024-08-28T02:06:29Z</time></trkpt><trkpt lat="-39.3639154360" lon="-72.6247547753"><ele>115.07</ele><time>2024-08-28T02:06:30Z</time></trkpt><trkpt lat="-39.3639497180" lon="-72.6248187292"><ele>115.07</ele><time>2024-08-28T02:06:31Z</time></trkpt><trkpt lat="-39.3639943935" lon="-72.6248858683"><ele>115.10</ele><time>2024-08-28T02:06:32Z</time></trkpt><trkpt lat="-39.3640430085" lon="-72.6249551866"><ele>115.24</ele><time>2024-08-28T02:06:33Z</time></trkpt><trkpt lat="-39.3642673083" lon="-72.6252680831"><ele>114.86</ele><time>2024-08-28T02:06:39Z</time></trkpt><trkpt lat="-39.3643042725" lon="-72.6252476312"><ele>114.88</ele><time>2024-08-28T02:06:40Z</time></trkpt><trkpt lat="-39.3643429969" lon="-72.6252090745"><ele>114.77</ele><time>2024-08-28T02:06:41Z</time></trkpt><trkpt lat="-39.3643652089" lon="-72.6251558494"><ele>114.59</ele><time>2024-08-28T02:06:42Z</time></trkpt><trkpt lat="-39.3643836491" lon="-72.6250784844"><ele>114.31</ele><time>2024-08-28T02:06:43Z</time></trkpt><trkpt lat="-39.3643938750" lon="-72.6249860320"><ele>114.29</ele><time>2024-08-28T02:06:44Z</time></trkpt><trkpt lat="-39.3643938750" lon="-72.6248791628"><ele>114.04</ele><time>2024-08-28T02:06:45Z</time></trkpt><trkpt lat="-39.3643946294" lon="-72.6247666776"><ele>113.92</ele><time>2024-08-28T02:06:46Z</time></trkpt><trkpt lat="-39.3643494509" lon="-72.6234332006"><ele>114.85</ele><time>2024-08-28T02:06:59Z</time></trkpt><trkpt lat="-39.3643481098" lon="-72.6225060783"><ele>114.45</ele><time>2024-08-28T02:07:10Z</time></trkpt><trkpt lat="-39.3643911090" lon="-72.6211417560"><ele>114.46</ele><time>2024-08-28T02:07:22Z</time></trkpt><trkpt lat="-39.3644125666" lon="-72.6192953903"><ele>114.54</ele><time>2024-08-28T02:07:39Z</time></trkpt><trkpt lat="-39.3644426577" lon="-72.6176632661"><ele>114.22</ele><time>2024-08-28T02:07:54Z</time></trkpt><trkpt lat="-39.3644445855" lon="-72.6159222610"><ele>117.04</ele><time>2024-08-28T02:08:11Z</time></trkpt><trkpt lat="-39.3644509558" lon="-72.6146442723"><ele>120.27</ele><time>2024-08-28T02:08:23Z</time></trkpt><trkpt lat="-39.3644668814" lon="-72.6138404477"><ele>123.39</ele><time>2024-08-28T02:08:32Z</time></trkpt><trkpt lat="-39.3644731678" lon="-72.6137490850"><ele>123.51</ele><time>2024-08-28T02:08:33Z</time></trkpt><trkpt lat="-39.3645522930" lon="-72.6134173293"><ele>124.89</ele><time>2024-08-28T02:08:37Z</time></trkpt><trkpt lat="-39.3645841442" lon="-72.6127772033"><ele>128.66</ele><time>2024-08-28T02:08:45Z</time></trkpt><trkpt lat="-39.3646030035" lon="-72.6120258495"><ele>130.18</ele><time>2024-08-28T02:08:55Z</time></trkpt><trkpt lat="-39.3647055980" lon="-72.6117785834"><ele>130.44</ele><time>2024-08-28T02:09:00Z</time></trkpt><trkpt lat="-39.3653838616" lon="-72.6114282198"><ele>133.77</ele><time>2024-08-28T02:09:11Z</time></trkpt><trkpt lat="-39.3655100930" lon="-72.6114313211"><ele>134.46</ele><time>2024-08-28T02:09:14Z</time></trkpt><trkpt lat="-39.3655261863" lon="-72.6114680339"><ele>134.78</ele><time>2024-08-28T02:09:15Z</time></trkpt><trkpt lat="-39.3655287009" lon="-72.6115358435"><ele>134.79</ele><time>2024-08-28T02:09:16Z</time></trkpt><trkpt lat="-39.3655266892" lon="-72.6116097718"><ele>134.78</ele><time>2024-08-28T02:09:17Z</time></trkpt><trkpt lat="-39.3655240070" lon="-72.6116801798"><ele>134.93</ele><time>2024-08-28T02:09:18Z</time></trkpt><trkpt lat="-39.3655158766" lon="-72.6117453072"><ele>134.91</ele><time>2024-08-28T02:09:19Z</time></trkpt><trkpt lat="-39.3655006215" lon="-72.6118012145"><ele>134.71</ele><time>2024-08-28T02:09:20Z</time></trkpt><trkpt lat="-39.3653786648" lon="-72.6119096763"><ele>134.75</ele><time>2024-08-28T02:09:24Z</time></trkpt><trkpt lat="-39.3648635130" lon="-72.6122104190"><ele>130.96</ele><time>2024-08-28T02:09:33Z</time></trkpt><trkpt lat="-39.3646137323" lon="-72.6123832539"><ele>129.08</ele><time>2024-08-28T02:09:41Z</time></trkpt><trkpt lat="-39.3645823840" lon="-72.6125190407"><ele>128.99</ele><time>2024-08-28T02:09:44Z</time></trkpt><trkpt lat="-39.3645801209" lon="-72.6128010079"><ele>128.63</ele><time>2024-08-28T02:09:49Z</time></trkpt><trkpt lat="-39.3648495153" lon="-72.6127690729"><ele>129.75</ele><time>2024-08-28T02:09:56Z</time></trkpt><trkpt lat="-39.3652869668" lon="-72.6125314459"><ele>133.31</ele><time>2024-08-28T02:10:03Z</time></trkpt><trkpt lat="-39.3653423712" lon="-72.6124999300"><ele>133.55</ele><time>2024-08-28T02:10:04Z</time></trkpt><trkpt lat="-39.3654403556" lon="-72.6124386583"><ele>134.23</ele><time>2024-08-28T02:10:07Z</time></trkpt><trkpt lat="-39.3655045610" lon="-72.6128055342"><ele>132.01</ele><time>2024-08-28T02:10:17Z</time></trkpt><trkpt lat="-39.3653934170" lon="-72.6129021775"><ele>131.37</ele><time>2024-08-28T02:10:21Z</time></trkpt><trkpt lat="-39.3649397045" lon="-72.6131455880"><ele>128.09</ele><time>2024-08-28T02:10:31Z</time></trkpt><trkpt lat="-39.3645918556" lon="-72.6133453287"><ele>125.35</ele><time>2024-08-28T02:10:41Z</time></trkpt><trkpt lat="-39.3644778617" lon="-72.6136759948"><ele>124.04</ele><time>2024-08-28T02:10:46Z</time></trkpt><trkpt lat="-39.3646619283" lon="-72.6138433814"><ele>124.26</ele><time>2024-08-28T02:10:53Z</time></trkpt><trkpt lat="-39.3650842085" lon="-72.6136242785"><ele>127.85</ele><time>2024-08-28T02:11:00Z</time></trkpt><trkpt lat="-39.3654889707" lon="-72.6134255435"><ele>130.94</ele><time>2024-08-28T02:11:06Z</time></trkpt><trkpt lat="-39.3657416012" lon="-72.6132793631"><ele>131.61</ele><time>2024-08-28T02:11:10Z</time></trkpt><trkpt lat="-39.3659535795" lon="-72.6127868425"><ele>134.25</ele><time>2024-08-28T02:11:17Z</time></trkpt><trkpt lat="-39.3659617938" lon="-72.6119314693"><ele>132.94</ele><time>2024-08-28T02:11:27Z</time></trkpt><trkpt lat="-39.3659756240" lon="-72.6118865423"><ele>132.75</ele><time>2024-08-28T02:11:28Z</time></trkpt><trkpt lat="-39.3660240714" lon="-72.6118548587"><ele>132.01</ele><time>2024-08-28T02:11:30Z</time></trkpt><trkpt lat="-39.3660712615" lon="-72.6118768193"><ele>131.84</ele><time>2024-08-28T02:11:31Z</time></trkpt><trkpt lat="-39.3661180325" lon="-72.6119173039"><ele>131.56</ele><time>2024-08-28T02:11:32Z</time></trkpt><trkpt lat="-39.3661698326" lon="-72.6119717024"><ele>131.20</ele><time>2024-08-28T02:11:33Z</time></trkpt><trkpt lat="-39.3662259076" lon="-72.6120312978"><ele>130.87</ele><time>2024-08-28T02:11:34Z</time></trkpt><trkpt lat="-39.3666120619" lon="-72.6123794820"><ele>127.75</ele><time>2024-08-28T02:11:40Z</time></trkpt><trkpt lat="-39.3670218531" lon="-72.6126578450"><ele>124.57</ele><time>2024-08-28T02:11:46Z</time></trkpt><trkpt lat="-39.3670883216" lon="-72.6126988325"><ele>124.29</ele><time>2024-08-28T02:11:47Z</time></trkpt><trkpt lat="-39.3674780801" lon="-72.6129515469"><ele>121.07</ele><time>2024-08-28T02:11:53Z</time></trkpt><trkpt lat="-39.3679576926" lon="-72.6133133098"><ele>118.50</ele><time>2024-08-28T02:12:01Z</time></trkpt><trkpt lat="-39.3679823354" lon="-72.6133520342"><ele>118.29</ele><time>2024-08-28T02:12:02Z</time></trkpt><trkpt lat="-39.3679929804" lon="-72.6133921836"><ele>118.17</ele><time>2024-08-28T02:12:03Z</time></trkpt><trkpt lat="-39.3679844309" lon="-72.6134343445"><ele>117.95</ele><time>2024-08-28T02:12:04Z</time></trkpt><trkpt lat="-39.3679588661" lon="-72.6134749968"><ele>117.81</ele><time>2024-08-28T02:12:05Z</time></trkpt><trkpt lat="-39.3679228239" lon="-72.6135149784"><ele>117.70</ele><time>2024-08-28T02:12:06Z</time></trkpt><trkpt lat="-39.3678816687" lon="-72.6135553792"><ele>117.51</ele><time>2024-08-28T02:12:07Z</time></trkpt><trkpt lat="-39.3678364903" lon="-72.6135959476"><ele>117.34</ele><time>2024-08-28T02:12:08Z</time></trkpt><trkpt lat="-39.3676924892" lon="-72.6137225144"><ele>116.33</ele><time>2024-08-28T02:12:12Z</time></trkpt><trkpt lat="-39.3676809222" lon="-72.6137531921"><ele>116.23</ele><time>2024-08-28T02:12:13Z</time></trkpt><trkpt lat="-39.3676739652" lon="-72.6137873903"><ele>116.04</ele><time>2024-08-28T02:12:14Z</time></trkpt><trkpt lat="-39.3676762283" lon="-72.6138258632"><ele>116.00</ele><time>2024-08-28T02:12:15Z</time></trkpt><trkpt lat="-39.3676895555" lon="-72.6138658449"><ele>116.09</ele><time>2024-08-28T02:12:16Z</time></trkpt><trkpt lat="-39.3677140307" lon="-72.6139106043"><ele>115.96</ele><time>2024-08-28T02:12:17Z</time></trkpt><trkpt lat="-39.3677422777" lon="-72.6139589678"><ele>116.02</ele><time>2024-08-28T02:12:18Z</time></trkpt><trkpt lat="-39.3679750431" lon="-72.6144348923"><ele>116.35</ele><time>2024-08-28T02:12:28Z</time></trkpt><trkpt lat="-39.3679638114" lon="-72.6144771371"><ele>116.43</ele><time>2024-08-28T02:12:29Z</time></trkpt><trkpt lat="-39.3679299485" lon="-72.6145187113"><ele>116.51</ele><time>2024-08-28T02:12:30Z</time></trkpt><trkpt lat="-39.3678854406" lon="-72.6145614590"><ele>116.55</ele><time>2024-08-28T02:12:31Z</time></trkpt><trkpt lat="-39.3678382505" lon="-72.6146016922"><ele>116.55</ele><time>2024-08-28T02:12:32Z</time></trkpt><trkpt lat="-39.3677925691" lon="-72.6146384049"><ele>116.53</ele><time>2024-08-28T02:12:33Z</time></trkpt><trkpt lat="-39.3677001167" lon="-72.6146723516"><ele>116.09</ele><time>2024-08-28T02:12:36Z</time></trkpt><trkpt lat="-39.3676805031" lon="-72.6146530733"><ele>116.34</ele><time>2024-08-28T02:12:37Z</time></trkpt><trkpt lat="-39.3676620629" lon="-72.6146182884"><ele>116.28</ele><time>2024-08-28T02:12:38Z</time></trkpt><trkpt lat="-39.3676451314" lon="-72.6145831682"><ele>116.25</ele><time>2024-08-28T02:12:39Z</time></trkpt><trkpt lat="-39.3676288705" lon="-72.6145422645"><ele>116.10</ele><time>2024-08-28T02:12:40Z</time></trkpt><trkpt lat="-39.3676107656" lon="-72.6145036239"><ele>116.22</ele><time>2024-08-28T02:12:41Z</time></trkpt><trkpt lat="-39.3675879668" lon="-72.6144625526"><ele>116.08</ele><time>2024-08-28T02:12:42Z</time></trkpt><trkpt lat="-39.3675609771" lon="-72.6144191343"><ele>116.01</ele><time>2024-08-28T02:12:43Z</time></trkpt><trkpt lat="-39.3673007190" lon="-72.6140432060"><ele>116.30</ele><time>2024-08-28T02:12:54Z</time></trkpt><trkpt lat="-39.3672307301" lon="-72.6140789129"><ele>116.41</ele><time>2024-08-28T02:12:56Z</time></trkpt><trkpt lat="-39.3671811093" lon="-72.6141209900"><ele>116.40</ele><time>2024-08-28T02:12:57Z</time></trkpt><trkpt lat="-39.3670787662" lon="-72.6142231654"><ele>116.66</ele><time>2024-08-28T02:12:59Z</time></trkpt><trkpt lat="-39.3670253735" lon="-72.6142738760"><ele>116.67</ele><time>2024-08-28T02:13:00Z</time></trkpt><trkpt lat="-39.3669116311" lon="-72.6143625565"><ele>117.08</ele><time>2024-08-28T02:13:02Z</time></trkpt><trkpt lat="-39.3666146602" lon="-72.6146261673"><ele>118.03</ele><time>2024-08-28T02:13:10Z</time></trkpt><trkpt lat="-39.3666145764" lon="-72.6146632992"><ele>118.12</ele><time>2024-08-28T02:13:11Z</time></trkpt><trkpt lat="-39.3666215334" lon="-72.6147048734"><ele>118.06</ele><time>2024-08-28T02:13:12Z</time></trkpt><trkpt lat="-39.3666382134" lon="-72.6147502195"><ele>118.13</ele><time>2024-08-28T02:13:13Z</time></trkpt><trkpt lat="-39.3666565698" lon="-72.6147918776"><ele>118.05</ele><time>2024-08-28T02:13:14Z</time></trkpt><trkpt lat="-39.3666801229" lon="-72.6148335356"><ele>117.79</ele><time>2024-08-28T02:13:15Z</time></trkpt><trkpt lat="-39.3668883294" lon="-72.6151922811"><ele>116.84</ele><time>2024-08-28T02:13:21Z</time></trkpt><trkpt lat="-39.3669385370" lon="-72.6153170876"><ele>115.77</ele><time>2024-08-28T02:13:26Z</time></trkpt><trkpt lat="-39.3669372797" lon="-72.6153465081"><ele>115.51</ele><time>2024-08-28T02:13:27Z</time></trkpt><trkpt lat="-39.3669271376" lon="-72.6153802034"><ele>115.64</ele><time>2024-08-28T02:13:28Z</time></trkpt><trkpt lat="-39.3668992259" lon="-72.6154165808"><ele>115.59</ele><time>2024-08-28T02:13:29Z</time></trkpt><trkpt lat="-39.3668546341" lon="-72.6154529583"><ele>115.74</ele><time>2024-08-28T02:13:30Z</time></trkpt><trkpt lat="-39.3668057676" lon="-72.6154956222"><ele>115.69</ele><time>2024-08-28T02:13:31Z</time></trkpt><trkpt lat="-39.3667573202" lon="-72.6155391242"><ele>115.77</ele><time>2024-08-28T02:13:32Z</time></trkpt><trkpt lat="-39.3665996566" lon="-72.6155923493"><ele>115.89</ele><time>2024-08-28T02:13:37Z</time></trkpt><trkpt lat="-39.3665741757" lon="-72.6155524515"><ele>116.11</ele><time>2024-08-28T02:13:38Z</time></trkpt><trkpt lat="-39.3662896939" lon="-72.6150323544"><ele>119.33</ele><time>2024-08-28T02:13:46Z</time></trkpt><trkpt lat="-39.3660138454" lon="-72.6145201363"><ele>122.17</ele><time>2024-08-28T02:13:57Z</time></trkpt><trkpt lat="-39.3658230733" lon="-72.6142171305"><ele>123.90</ele><time>2024-08-28T02:14:03Z</time></trkpt><trkpt lat="-39.3655551039" lon="-72.6138178166"><ele>126.03</ele><time>2024-08-28T02:14:12Z</time></trkpt><trkpt lat="-39.3655183073" lon="-72.6138403639"><ele>126.06</ele><time>2024-08-28T02:14:13Z</time></trkpt><trkpt lat="-39.3654730450" lon="-72.6138744783"><ele>126.16</ele><time>2024-08-28T02:14:14Z</time></trkpt><trkpt lat="-39.3653807603" lon="-72.6139530167"><ele>126.14</ele><time>2024-08-28T02:14:16Z</time></trkpt><trkpt lat="-39.3653465621" lon="-72.6139870472"><ele>125.93</ele><time>2024-08-28T02:14:17Z</time></trkpt><trkpt lat="-39.3653268646" lon="-72.6140235085"><ele>125.80</ele><time>2024-08-28T02:14:18Z</time></trkpt><trkpt lat="-39.3653207459" lon="-72.6140590478"><ele>125.72</ele><time>2024-08-28T02:14:19Z</time></trkpt><trkpt lat="-39.3653238472" lon="-72.6140954252"><ele>125.49</ele><time>2024-08-28T02:14:20Z</time></trkpt><trkpt lat="-39.3653385993" lon="-72.6141321380"><ele>125.56</ele><time>2024-08-28T02:14:21Z</time></trkpt><trkpt lat="-39.3653589673" lon="-72.6141697727"><ele>125.44</ele><time>2024-08-28T02:14:22Z</time></trkpt><trkpt lat="-39.3653848674" lon="-72.6142183039"><ele>125.19</ele><time>2024-08-28T02:14:23Z</time></trkpt><trkpt lat="-39.3656547647" lon="-72.6147075556"><ele>122.28</ele><time>2024-08-28T02:14:33Z</time></trkpt><trkpt lat="-39.3657697644" lon="-72.6148576755"><ele>122.16</ele><time>2024-08-28T02:14:38Z</time></trkpt><trkpt lat="-39.3660551682" lon="-72.6153389644"><ele>119.38</ele><time>2024-08-28T02:14:45Z</time></trkpt><trkpt lat="-39.3663177732" lon="-72.6158149727"><ele>116.26</ele><time>2024-08-28T02:14:52Z</time></trkpt><trkpt lat="-39.3663546536" lon="-72.6159555372"><ele>115.38</ele><time>2024-08-28T02:14:56Z</time></trkpt><trkpt lat="-39.3663362134" lon="-72.6159989554"><ele>115.36</ele><time>2024-08-28T02:14:57Z</time></trkpt><trkpt lat="-39.3662962317" lon="-72.6160369255"><ele>115.27</ele><time>2024-08-28T02:14:58Z</time></trkpt><trkpt lat="-39.3661589362" lon="-72.6161390170"><ele>115.22</ele><time>2024-08-28T02:15:01Z</time></trkpt><trkpt lat="-39.3661230616" lon="-72.6161548588"><ele>115.13</ele><time>2024-08-28T02:15:02Z</time></trkpt><trkpt lat="-39.3660926353" lon="-72.6161544397"><ele>115.06</ele><time>2024-08-28T02:15:03Z</time></trkpt><trkpt lat="-39.3660641368" lon="-72.6161372568"><ele>115.34</ele><time>2024-08-28T02:15:04Z</time></trkpt><trkpt lat="-39.3660388235" lon="-72.6161091775"><ele>115.53</ele><time>2024-08-28T02:15:05Z</time></trkpt><trkpt lat="-39.3660160247" lon="-72.6160748955"><ele>115.70</ele><time>2024-08-28T02:15:06Z</time></trkpt><trkpt lat="-39.3659947347" lon="-72.6160321478"><ele>115.81</ele><time>2024-08-28T02:15:07Z</time></trkpt><trkpt lat="-39.3659718521" lon="-72.6159841195"><ele>116.01</ele><time>2024-08-28T02:15:08Z</time></trkpt><trkpt lat="-39.3659481313" lon="-72.6159396954"><ele>116.16</ele><time>2024-08-28T02:15:09Z</time></trkpt><trkpt lat="-39.3659194652" lon="-72.6159066707"><ele>116.19</ele><time>2024-08-28T02:15:10Z</time></trkpt><trkpt lat="-39.3658879492" lon="-72.6158881467"><ele>116.26</ele><time>2024-08-28T02:15:11Z</time></trkpt><trkpt lat="-39.3658529129" lon="-72.6158881467"><ele>116.33</ele><time>2024-08-28T02:15:12Z</time></trkpt><trkpt lat="-39.3658157811" lon="-72.6158998813"><ele>116.43</ele><time>2024-08-28T02:15:13Z</time></trkpt><trkpt lat="-39.3657739554" lon="-72.6159256138"><ele>116.56</ele><time>2024-08-28T02:15:14Z</time></trkpt><trkpt lat="-39.3657292798" lon="-72.6159634162"><ele>116.53</ele><time>2024-08-28T02:15:15Z</time></trkpt><trkpt lat="-39.3656861968" lon="-72.6159988716"><ele>116.46</ele><time>2024-08-28T02:15:16Z</time></trkpt><trkpt lat="-39.3656122684" lon="-72.6161401905"><ele>115.87</ele><time>2024-08-28T02:15:20Z</time></trkpt><trkpt lat="-39.3656268530" lon="-72.6161836088"><ele>115.88</ele><time>2024-08-28T02:15:21Z</time></trkpt><trkpt lat="-39.3656483945" lon="-72.6162277814"><ele>115.70</ele><time>2024-08-28T02:15:22Z</time></trkpt><trkpt lat="-39.3657381646" lon="-72.6164737903"><ele>115.08</ele><time>2024-08-28T02:15:28Z</time></trkpt><trkpt lat="-39.3657157850" lon="-72.6165114250"><ele>115.00</ele><time>2024-08-28T02:15:29Z</time></trkpt><trkpt lat="-39.3656769767" lon="-72.6165532507"><ele>115.07</ele><time>2024-08-28T02:15:30Z</time></trkpt><trkpt lat="-39.3655485660" lon="-72.6166723575"><ele>114.75</ele><time>2024-08-28T02:15:33Z</time></trkpt><trkpt lat="-39.3655166309" lon="-72.6166799851"><ele>114.77</ele><time>2024-08-28T02:15:34Z</time></trkpt><trkpt lat="-39.3654859532" lon="-72.6166731119"><ele>114.83</ele><time>2024-08-28T02:15:35Z</time></trkpt><trkpt lat="-39.3654605560" lon="-72.6166494749"><ele>114.98</ele><time>2024-08-28T02:15:36Z</time></trkpt><trkpt lat="-39.3654350750" lon="-72.6166043803"><ele>115.02</ele><time>2024-08-28T02:15:37Z</time></trkpt><trkpt lat="-39.3654069956" lon="-72.6165582798"><ele>115.14</ele><time>2024-08-28T02:15:38Z</time></trkpt><trkpt lat="-39.3653774075" lon="-72.6165046357"><ele>115.07</ele><time>2024-08-28T02:15:39Z</time></trkpt><trkpt lat="-39.3651370984" lon="-72.6160677709"><ele>115.97</ele><time>2024-08-28T02:15:46Z</time></trkpt><trkpt lat="-39.3651146349" lon="-72.6160121150"><ele>116.19</ele><time>2024-08-28T02:15:47Z</time></trkpt><trkpt lat="-39.3651025649" lon="-72.6159554534"><ele>116.18</ele><time>2024-08-28T02:15:48Z</time></trkpt><trkpt lat="-39.3651066720" lon="-72.6158977859"><ele>116.30</ele><time>2024-08-28T02:15:49Z</time></trkpt><trkpt lat="-39.3651267048" lon="-72.6158444770"><ele>116.34</ele><time>2024-08-28T02:15:50Z</time></trkpt><trkpt lat="-39.3651525211" lon="-72.6157945208"><ele>116.40</ele><time>2024-08-28T02:15:51Z</time></trkpt><trkpt lat="-39.3651849590" lon="-72.6157474145"><ele>116.48</ele><time>2024-08-28T02:15:52Z</time></trkpt><trkpt lat="-39.3652183190" lon="-72.6157045830"><ele>116.63</ele><time>2024-08-28T02:15:53Z</time></trkpt><trkpt lat="-39.3652551156" lon="-72.6156735700"><ele>116.69</ele><time>2024-08-28T02:15:54Z</time></trkpt><trkpt lat="-39.3652970251" lon="-72.6156410482"><ele>116.72</ele><time>2024-08-28T02:15:55Z</time></trkpt><trkpt lat="-39.3653435446" lon="-72.6156041678"><ele>116.76</ele><time>2024-08-28T02:15:56Z</time></trkpt><trkpt lat="-39.3657903839" lon="-72.6152972225"><ele>117.62</ele><time>2024-08-28T02:16:07Z</time></trkpt><trkpt lat="-39.3658074830" lon="-72.6152960490"><ele>117.67</ele><time>2024-08-28T02:16:08Z</time></trkpt><trkpt lat="-39.3658193853" lon="-72.6152890082"><ele>117.88</ele><time>2024-08-28T02:16:09Z</time></trkpt><trkpt lat="-39.3658374902" lon="-72.6152782794"><ele>118.01</ele><time>2024-08-28T02:16:13Z</time></trkpt><trkpt lat="-39.3658483867" lon="-72.6152641978"><ele>117.98</ele><time>2024-08-28T02:16:14Z</time></trkpt><trkpt lat="-39.3658856861" lon="-72.6152179297"><ele>118.51</ele><time>2024-08-28T02:16:16Z</time></trkpt><trkpt lat="-39.3659048807" lon="-72.6152004115"><ele>118.84</ele><time>2024-08-28T02:16:17Z</time></trkpt><trkpt lat="-39.3659204710" lon="-72.6151827257"><ele>119.00</ele><time>2024-08-28T02:16:18Z</time></trkpt><trkpt lat="-39.3659337983" lon="-72.6151543949"><ele>119.21</ele><time>2024-08-28T02:16:19Z</time></trkpt><trkpt lat="-39.3659409229" lon="-72.6151186880"><ele>119.45</ele><time>2024-08-28T02:16:20Z</time></trkpt><trkpt lat="-39.3659382407" lon="-72.6150768623"><ele>119.71</ele><time>2024-08-28T02:16:21Z</time></trkpt><trkpt lat="-39.3659253325" lon="-72.6150355395"><ele>119.87</ele><time>2024-08-28T02:16:22Z</time></trkpt><trkpt lat="-39.3659058865" lon="-72.6149961445"><ele>120.24</ele><time>2024-08-28T02:16:23Z</time></trkpt><trkpt lat="-39.3658775557" lon="-72.6149446797"><ele>120.73</ele><time>2024-08-28T02:16:24Z</time></trkpt><trkpt lat="-39.3658509851" lon="-72.6148947235"><ele>121.22</ele><time>2024-08-28T02:16:25Z</time></trkpt><trkpt lat="-39.3657629751" lon="-72.6147658098"><ele>122.39</ele><time>2024-08-28T02:16:30Z</time></trkpt><trkpt lat="-39.3657325488" lon="-72.6147637144"><ele>122.41</ele><time>2024-08-28T02:16:31Z</time></trkpt><trkpt lat="-39.3656926509" lon="-72.6147713419"><ele>122.38</ele><time>2024-08-28T02:16:32Z</time></trkpt><trkpt lat="-39.3656489812" lon="-72.6147967391"><ele>122.29</ele><time>2024-08-28T02:16:33Z</time></trkpt><trkpt lat="-39.3656009529" lon="-72.6148403250"><ele>122.37</ele><time>2024-08-28T02:16:34Z</time></trkpt><trkpt lat="-39.3655552715" lon="-72.6148833241"><ele>122.34</ele><time>2024-08-28T02:16:35Z</time></trkpt><trkpt lat="-39.3655141164" lon="-72.6149228029"><ele>122.29</ele><time>2024-08-28T02:16:36Z</time></trkpt><trkpt lat="-39.3654500786" lon="-72.6149645448"><ele>122.33</ele><time>2024-08-28T02:16:38Z</time></trkpt><trkpt lat="-39.3654241785" lon="-72.6149457693"><ele>122.37</ele><time>2024-08-28T02:16:39Z</time></trkpt><trkpt lat="-39.3653969374" lon="-72.6149150915"><ele>122.37</ele><time>2024-08-28T02:16:40Z</time></trkpt><trkpt lat="-39.3653668463" lon="-72.6148694940"><ele>122.66</ele><time>2024-08-28T02:16:41Z</time></trkpt><trkpt lat="-39.3653321452" lon="-72.6148141734"><ele>122.87</ele><time>2024-08-28T02:16:42Z</time></trkpt><trkpt lat="-39.3650536146" lon="-72.6143003628"><ele>124.54</ele><time>2024-08-28T02:16:52Z</time></trkpt><trkpt lat="-39.3650319055" lon="-72.6142903883"><ele>124.51</ele><time>2024-08-28T02:16:53Z</time></trkpt><trkpt lat="-39.3650009762" lon="-72.6142914779"><ele>124.65</ele><time>2024-08-28T02:16:54Z</time></trkpt><trkpt lat="-39.3649594858" lon="-72.6143050566"><ele>124.42</ele><time>2024-08-28T02:16:55Z</time></trkpt><trkpt lat="-39.3649129663" lon="-72.6143297832"><ele>124.31</ele><time>2024-08-28T02:16:56Z</time></trkpt><trkpt lat="-39.3648552988" lon="-72.6143660769"><ele>124.03</ele><time>2024-08-28T02:16:57Z</time></trkpt><trkpt lat="-39.3647343479" lon="-72.6144650672"><ele>122.93</ele><time>2024-08-28T02:16:59Z</time></trkpt><trkpt lat="-39.3644392211" lon="-72.6147589367"><ele>120.34</ele><time>2024-08-28T02:17:07Z</time></trkpt><trkpt lat="-39.3644235469" lon="-72.6148276683"><ele>120.29</ele><time>2024-08-28T02:17:08Z</time></trkpt><trkpt lat="-39.3644147459" lon="-72.6149007585"><ele>120.12</ele><time>2024-08-28T02:17:09Z</time></trkpt><trkpt lat="-39.3644115608" lon="-72.6149839908"><ele>119.87</ele><time>2024-08-28T02:17:10Z</time></trkpt><trkpt lat="-39.3644092977" lon="-72.6150677260"><ele>119.61</ele><time>2024-08-28T02:17:11Z</time></trkpt><trkpt lat="-39.3644229602" lon="-72.6152670477"><ele>118.51</ele><time>2024-08-28T02:17:14Z</time></trkpt><trkpt lat="-39.3644388020" lon="-72.6153068617"><ele>118.21</ele><time>2024-08-28T02:17:15Z</time></trkpt><trkpt lat="-39.3644569069" lon="-72.6153353602"><ele>118.10</ele><time>2024-08-28T02:17:16Z</time></trkpt><trkpt lat="-39.3644800410" lon="-72.6153481845"><ele>118.20</ele><time>2024-08-28T02:17:17Z</time></trkpt><trkpt lat="-39.3645098805" lon="-72.6153419819"><ele>118.27</ele><time>2024-08-28T02:17:18Z</time></trkpt><trkpt lat="-39.3645449169" lon="-72.6153260563"><ele>118.50</ele><time>2024-08-28T02:17:19Z</time></trkpt><trkpt lat="-39.3645911012" lon="-72.6152854878"><ele>118.89</ele><time>2024-08-28T02:17:20Z</time></trkpt><trkpt lat="-39.3646361958" lon="-72.6152481046"><ele>119.22</ele><time>2024-08-28T02:17:21Z</time></trkpt><trkpt lat="-39.3650461547" lon="-72.6151093841"><ele>121.11</ele><time>2024-08-28T02:17:31Z</time></trkpt><trkpt lat="-39.3650770839" lon="-72.6151595917"><ele>120.83</ele><time>2024-08-28T02:17:32Z</time></trkpt><trkpt lat="-39.3651086837" lon="-72.6152051054"><ele>120.66</ele><time>2024-08-28T02:17:33Z</time></trkpt><trkpt lat="-39.3651285488" lon="-72.6152412314"><ele>120.36</ele><time>2024-08-28T02:17:34Z</time></trkpt><trkpt lat="-39.3651410379" lon="-72.6152645331"><ele>120.29</ele><time>2024-08-28T02:17:35Z</time></trkpt><trkpt lat="-39.3651482463" lon="-72.6153143216"><ele>119.96</ele><time>2024-08-28T02:17:37Z</time></trkpt><trkpt lat="-39.3651374336" lon="-72.6153517049"><ele>119.85</ele><time>2024-08-28T02:17:38Z</time></trkpt><trkpt lat="-39.3650997151" lon="-72.6153877471"><ele>119.66</ele><time>2024-08-28T02:17:39Z</time></trkpt><trkpt lat="-39.3646817934" lon="-72.6157761645"><ele>117.73</ele><time>2024-08-28T02:17:47Z</time></trkpt><trkpt lat="-39.3646549713" lon="-72.6158226840"><ele>117.44</ele><time>2024-08-28T02:17:48Z</time></trkpt><trkpt lat="-39.3646400515" lon="-72.6158728078"><ele>117.24</ele><time>2024-08-28T02:17:49Z</time></trkpt><trkpt lat="-39.3646428175" lon="-72.6159297209"><ele>117.40</ele><time>2024-08-28T02:17:50Z</time></trkpt><trkpt lat="-39.3646566477" lon="-72.6159913279"><ele>117.44</ele><time>2024-08-28T02:17:51Z</time></trkpt><trkpt lat="-39.3646832183" lon="-72.6160509232"><ele>117.32</ele><time>2024-08-28T02:17:52Z</time></trkpt><trkpt lat="-39.3647145666" lon="-72.6161123626"><ele>117.18</ele><time>2024-08-28T02:17:53Z</time></trkpt><trkpt lat="-39.3647627626" lon="-72.6162471436"><ele>116.15</ele><time>2024-08-28T02:18:00Z</time></trkpt><trkpt lat="-39.3647739105" lon="-72.6162543520"><ele>116.06</ele><time>2024-08-28T02:18:01Z</time></trkpt><trkpt lat="-39.3647896685" lon="-72.6162789110"><ele>115.99</ele><time>2024-08-28T02:18:02Z</time></trkpt><trkpt lat="-39.3648115452" lon="-72.6163070742"><ele>115.96</ele><time>2024-08-28T02:18:03Z</time></trkpt><trkpt lat="-39.3648432288" lon="-72.6163493190"><ele>115.84</ele><time>2024-08-28T02:18:04Z</time></trkpt><trkpt lat="-39.3648809474" lon="-72.6164055616"><ele>115.77</ele><time>2024-08-28T02:18:05Z</time></trkpt><trkpt lat="-39.3649248686" lon="-72.6164706051"><ele>115.62</ele><time>2024-08-28T02:18:06Z</time></trkpt><trkpt lat="-39.3651620764" lon="-72.6169994194"><ele>114.58</ele><time>2024-08-28T02:18:15Z</time></trkpt><trkpt lat="-39.3651397806" lon="-72.6170437597"><ele>114.64</ele><time>2024-08-28T02:18:16Z</time></trkpt><trkpt lat="-39.3651050795" lon="-72.6170868427"><ele>114.77</ele><time>2024-08-28T02:18:17Z</time></trkpt><trkpt lat="-39.3650606554" lon="-72.6171333622"><ele>114.82</ele><time>2024-08-28T02:18:18Z</time></trkpt><trkpt lat="-39.3650120404" lon="-72.6171828154"><ele>114.82</ele><time>2024-08-28T02:18:19Z</time></trkpt><trkpt lat="-39.3645048514" lon="-72.6176468376"><ele>114.20</ele><time>2024-08-28T02:18:29Z</time></trkpt><trkpt lat="-39.3644115608" lon="-72.6177902520"><ele>114.23</ele><time>2024-08-28T02:18:34Z</time></trkpt><trkpt lat="-39.3644031789" lon="-72.6178617496"><ele>114.30</ele><time>2024-08-28T02:18:35Z</time></trkpt><trkpt lat="-39.3643992394" lon="-72.6179510169"><ele>114.37</ele><time>2024-08-28T02:18:36Z</time></trkpt><trkpt lat="-39.3643991556" lon="-72.6180476602"><ele>114.46</ele><time>2024-08-28T02:18:37Z</time></trkpt><trkpt lat="-39.3643989880" lon="-72.6181526016"><ele>114.64</ele><time>2024-08-28T02:18:38Z</time></trkpt><trkpt lat="-39.3644339405" lon="-72.6187552605"><ele>114.43</ele><time>2024-08-28T02:18:46Z</time></trkpt><trkpt lat="-39.3644590862" lon="-72.6187679172"><ele>114.44</ele><time>2024-08-28T02:18:47Z</time></trkpt><trkpt lat="-39.3644838966" lon="-72.6187648997"><ele>114.59</ele><time>2024-08-28T02:18:48Z</time></trkpt><trkpt lat="-39.3645171728" lon="-72.6187545061"><ele>114.56</ele><time>2024-08-28T02:18:49Z</time></trkpt><trkpt lat="-39.3645532988" lon="-72.6187314559"><ele>114.66</ele><time>2024-08-28T02:18:50Z</time></trkpt><trkpt lat="-39.3645953760" lon="-72.6186988503"><ele>114.77</ele><time>2024-08-28T02:18:51Z</time></trkpt><trkpt lat="-39.3646435719" lon="-72.6186627243"><ele>114.72</ele><time>2024-08-28T02:18:52Z</time></trkpt><trkpt lat="-39.3653392699" lon="-72.6180619095"><ele>115.48</ele><time>2024-08-28T02:19:04Z</time></trkpt><trkpt lat="-39.3656611349" lon="-72.6177436486"><ele>114.97</ele><time>2024-08-28T02:19:13Z</time></trkpt><trkpt lat="-39.3660926353" lon="-72.6173788682"><ele>115.83</ele><time>2024-08-28T02:19:21Z</time></trkpt><trkpt lat="-39.3664826453" lon="-72.6170200389"><ele>115.56</ele><time>2024-08-28T02:19:31Z</time></trkpt><trkpt lat="-39.3667817116" lon="-72.6167534944"><ele>116.10</ele><time>2024-08-28T02:19:41Z</time></trkpt><trkpt lat="-39.3668216094" lon="-72.6167249121"><ele>116.14</ele><time>2024-08-28T02:19:42Z</time></trkpt><trkpt lat="-39.3673244398" lon="-72.6162463892"><ele>116.78</ele><time>2024-08-28T02:19:53Z</time></trkpt><trkpt lat="-39.3678305391" lon="-72.6157662738"><ele>117.13</ele><time>2024-08-28T02:20:03Z</time></trkpt><trkpt lat="-39.3678673357" lon="-72.6157277171"><ele>116.97</ele><time>2024-08-28T02:20:04Z</time></trkpt><trkpt lat="-39.3679654039" lon="-72.6155749150"><ele>116.77</ele><time>2024-08-28T02:20:09Z</time></trkpt><trkpt lat="-39.3679630570" lon="-72.6155327540"><ele>116.77</ele><time>2024-08-28T02:20:10Z</time></trkpt><trkpt lat="-39.3679509033" lon="-72.6154882461"><ele>116.84</ele><time>2024-08-28T02:20:11Z</time></trkpt><trkpt lat="-39.3679270148" lon="-72.6154344343"><ele>116.65</ele><time>2024-08-28T02:20:12Z</time></trkpt><trkpt lat="-39.3678928167" lon="-72.6153734978"><ele>116.92</ele><time>2024-08-28T02:20:13Z</time></trkpt><trkpt lat="-39.3678533379" lon="-72.6153108850"><ele>116.96</ele><time>2024-08-28T02:20:14Z</time></trkpt><trkpt lat="-39.3676142860" lon="-72.6148300990"><ele>116.37</ele><time>2024-08-28T02:20:22Z</time></trkpt><trkpt lat="-39.3676162139" lon="-72.6147896983"><ele>116.50</ele><time>2024-08-28T02:20:23Z</time></trkpt><trkpt lat="-39.3676307146" lon="-72.6147456933"><ele>116.54</ele><time>2024-08-28T02:20:24Z</time></trkpt><trkpt lat="-39.3676618952" lon="-72.6146994252"><ele>116.51</ele><time>2024-08-28T02:20:25Z</time></trkpt><trkpt lat="-39.3677145336" lon="-72.6146435179"><ele>116.73</ele><time>2024-08-28T02:20:26Z</time></trkpt><trkpt lat="-39.3677726202" lon="-72.6145844255"><ele>116.89</ele><time>2024-08-28T02:20:27Z</time></trkpt><trkpt lat="-39.3684661388" lon="-72.6140029728"><ele>117.65</ele><time>2024-08-28T02:20:39Z</time></trkpt><trkpt lat="-39.3686387222" lon="-72.6137709618"><ele>118.01</ele><time>2024-08-28T02:20:46Z</time></trkpt><trkpt lat="-39.3689376209" lon="-72.6134664472"><ele>117.58</ele><time>2024-08-28T02:20:58Z</time></trkpt><trkpt lat="-39.3689499423" lon="-72.6131009962"><ele>117.29</ele><time>2024-08-28T02:21:08Z</time></trkpt><trkpt lat="-39.3688299134" lon="-72.6129961386"><ele>117.11</ele><time>2024-08-28T02:21:13Z</time></trkpt><trkpt lat="-39.3685065396" lon="-72.6133067720"><ele>118.01</ele><time>2024-08-28T02:21:22Z</time></trkpt><trkpt lat="-39.3682051264" lon="-72.6135684550"><ele>118.69</ele><time>2024-08-28T02:21:32Z</time></trkpt><trkpt lat="-39.3680537492" lon="-72.6133984700"><ele>118.82</ele><time>2024-08-28T02:21:37Z</time></trkpt><trkpt lat="-39.3680511508" lon="-72.6133617572"><ele>118.93</ele><time>2024-08-28T02:21:38Z</time></trkpt><trkpt lat="-39.3680594489" lon="-72.6133278105"><ele>118.89</ele><time>2024-08-28T02:21:39Z</time></trkpt><trkpt lat="-39.3680813257" lon="-72.6132910140"><ele>118.80</ele><time>2024-08-28T02:21:40Z</time></trkpt><trkpt lat="-39.3681127578" lon="-72.6132524572"><ele>118.67</ele><time>2024-08-28T02:21:41Z</time></trkpt><trkpt lat="-39.3681455310" lon="-72.6132159960"><ele>118.51</ele><time>2024-08-28T02:21:42Z</time></trkpt><trkpt lat="-39.3684979063" lon="-72.6128632855"><ele>117.65</ele><time>2024-08-28T02:21:54Z</time></trkpt><trkpt lat="-39.3688160833" lon="-72.6124439389"><ele>117.35</ele><time>2024-08-28T02:22:05Z</time></trkpt><trkpt lat="-39.3688164186" lon="-72.6123809069"><ele>117.26</ele><time>2024-08-28T02:22:06Z</time></trkpt><trkpt lat="-39.3688156642" lon="-72.6123199705"><ele>117.41</ele><time>2024-08-28T02:22:07Z</time></trkpt><trkpt lat="-39.3687856570" lon="-72.6120493189"><ele>117.07</ele><time>2024-08-28T02:22:13Z</time></trkpt><trkpt lat="-39.3687659595" lon="-72.6120435353"><ele>117.03</ele><time>2024-08-28T02:22:14Z</time></trkpt><trkpt lat="-39.3687443342" lon="-72.6120539289"><ele>117.06</ele><time>2024-08-28T02:22:15Z</time></trkpt><trkpt lat="-39.3687186018" lon="-72.6120758057"><ele>116.98</ele><time>2024-08-28T02:22:16Z</time></trkpt><trkpt lat="-39.3686875049" lon="-72.6121073216"><ele>117.10</ele><time>2024-08-28T02:22:17Z</time></trkpt><trkpt lat="-39.3686501216" lon="-72.6121453755"><ele>117.17</ele><time>2024-08-28T02:22:18Z</time></trkpt><trkpt lat="-39.3679440301" lon="-72.6128977351"><ele>118.54</ele><time>2024-08-28T02:22:33Z</time></trkpt><trkpt lat="-39.3677082472" lon="-72.6131334342"><ele>120.03</ele><time>2024-08-28T02:22:41Z</time></trkpt><trkpt lat="-39.3676287867" lon="-72.6130960509"><ele>120.55</ele><time>2024-08-28T02:22:43Z</time></trkpt><trkpt lat="-39.3675781600" lon="-72.6130549796"><ele>120.86</ele><time>2024-08-28T02:22:44Z</time></trkpt><trkpt lat="-39.3671195023" lon="-72.6127289236"><ele>123.90</ele><time>2024-08-28T02:22:53Z</time></trkpt><trkpt lat="-39.3670837115" lon="-72.6127125788"><ele>124.08</ele><time>2024-08-28T02:22:54Z</time></trkpt><trkpt lat="-39.3670510221" lon="-72.6127078850"><ele>124.19</ele><time>2024-08-28T02:22:55Z</time></trkpt><trkpt lat="-39.3670215178" lon="-72.6127174404"><ele>124.36</ele><time>2024-08-28T02:22:56Z</time></trkpt><trkpt lat="-39.3669919297" lon="-72.6127339527"><ele>124.43</ele><time>2024-08-28T02:22:57Z</time></trkpt><trkpt lat="-39.3669613358" lon="-72.6127620321"><ele>124.45</ele><time>2024-08-28T02:22:58Z</time></trkpt><trkpt lat="-39.3669293169" lon="-72.6127947215"><ele>124.27</ele><time>2024-08-28T02:22:59Z</time></trkpt><trkpt lat="-39.3668957055" lon="-72.6128310151"><ele>124.21</ele><time>2024-08-28T02:23:00Z</time></trkpt><trkpt lat="-39.3667765986" lon="-72.6130713243"><ele>123.42</ele><time>2024-08-28T02:23:07Z</time></trkpt><trkpt lat="-39.3667973857" lon="-72.6130965538"><ele>123.29</ele><time>2024-08-28T02:23:08Z</time></trkpt><trkpt lat="-39.3668269739" lon="-72.6131180115"><ele>122.90</ele><time>2024-08-28T02:23:09Z</time></trkpt><trkpt lat="-39.3668623455" lon="-72.6131394692"><ele>122.63</ele><time>2024-08-28T02:23:10Z</time></trkpt><trkpt lat="-39.3669042550" lon="-72.6131654531"><ele>122.25</ele><time>2024-08-28T02:23:11Z</time></trkpt><trkpt lat="-39.3672235217" lon="-72.6133667864"><ele>119.35</ele><time>2024-08-28T02:23:21Z</time></trkpt><trkpt lat="-39.3675453868" lon="-72.6136482507"><ele>117.50</ele><time>2024-08-28T02:23:32Z</time></trkpt><trkpt lat="-39.3675479013" lon="-72.6137606520"><ele>117.41</ele><time>2024-08-28T02:23:37Z</time></trkpt><trkpt lat="-39.3675377592" lon="-72.6137864683"><ele>117.51</ele><time>2024-08-28T02:23:38Z</time></trkpt><trkpt lat="-39.3675178103" lon="-72.6138137095"><ele>117.37</ele><time>2024-08-28T02:23:39Z</time></trkpt><trkpt lat="-39.3674893118" lon="-72.6138432138"><ele>117.57</ele><time>2024-08-28T02:23:40Z</time></trkpt><trkpt lat="-39.3674558681" lon="-72.6138751488"><ele>117.63</ele><time>2024-08-28T02:23:41Z</time></trkpt><trkpt lat="-39.3671906646" lon="-72.6138629951"><ele>118.14</ele><time>2024-08-28T02:23:50Z</time></trkpt><trkpt lat="-39.3671486713" lon="-72.6138287969"><ele>118.56</ele><time>2024-08-28T02:23:51Z</time></trkpt><trkpt lat="-39.3671008106" lon="-72.6137974486"><ele>118.70</ele><time>2024-08-28T02:23:52Z</time></trkpt><trkpt lat="-39.3670511898" lon="-72.6137618255"><ele>119.14</ele><time>2024-08-28T02:23:53Z</time></trkpt><trkpt lat="-39.3668287341" lon="-72.6135832909"><ele>122.22</ele><time>2024-08-28T02:23:59Z</time></trkpt><trkpt lat="-39.3666606769" lon="-72.6134217717"><ele>125.39</ele><time>2024-08-28T02:24:08Z</time></trkpt><trkpt lat="-39.3666643649" lon="-72.6133853942"><ele>125.37</ele><time>2024-08-28T02:24:09Z</time></trkpt><trkpt lat="-39.3666792009" lon="-72.6133433171"><ele>125.25</ele><time>2024-08-28T02:24:10Z</time></trkpt><trkpt lat="-39.3668517843" lon="-72.6129207015"><ele>123.83</ele><time>2024-08-28T02:24:19Z</time></trkpt><trkpt lat="-39.3668797798" lon="-72.6128788758"><ele>123.94</ele><time>2024-08-28T02:24:20Z</time></trkpt><trkpt lat="-39.3669174146" lon="-72.6128403191"><ele>123.88</ele><time>2024-08-28T02:24:21Z</time></trkpt><trkpt lat="-39.3671990465" lon="-72.6127788797"><ele>123.91</ele><time>2024-08-28T02:24:30Z</time></trkpt><trkpt lat="-39.3676934950" lon="-72.6131472643"><ele>120.67</ele><time>2024-08-28T02:24:39Z</time></trkpt><trkpt lat="-39.3685078807" lon="-72.6139959320"><ele>119.10</ele><time>2024-08-28T02:24:54Z</time></trkpt><trkpt lat="-39.3691866472" lon="-72.6151455939"><ele>118.55</ele><time>2024-08-28T02:25:10Z</time></trkpt><trkpt lat="-39.3692083564" lon="-72.6152217016"><ele>118.64</ele><time>2024-08-28T02:25:11Z</time></trkpt><trkpt lat="-39.3692272156" lon="-72.6152957138"><ele>118.72</ele><time>2024-08-28T02:25:12Z</time></trkpt><trkpt lat="-39.3692657724" lon="-72.6154534612"><ele>118.30</ele><time>2024-08-28T02:25:16Z</time></trkpt><trkpt lat="-39.3692641798" lon="-72.6154491864"><ele>122.08</ele><time>2024-08-28T02:25:20Z</time></trkpt><trkpt lat="-39.3692575581" lon="-72.6154475100"><ele>122.74</ele><time>2024-08-28T02:25:22Z</time></trkpt><trkpt lat="-39.3692531157" lon="-72.6154438220"><ele>118.81</ele><time>2024-08-28T02:25:24Z</time></trkpt><trkpt lat="-39.3692531157" lon="-72.6154433191"><ele>118.53</ele><time>2024-08-28T02:25:25Z</time></trkpt><trkpt lat="-39.3692230247" lon="-72.6154296566"><ele>122.33</ele><time>2024-08-28T02:25:42Z</time></trkpt><trkpt lat="-39.3692174088" lon="-72.6154325902"><ele>118.62</ele><time>2024-08-28T02:25:45Z</time></trkpt><trkpt lat="-39.3692148943" lon="-72.6154324226"><ele>118.38</ele><time>2024-08-28T02:25:46Z</time></trkpt><trkpt lat="-39.3692162354" lon="-72.6154508628"><ele>118.20</ele><time>2024-08-28T02:26:11Z</time></trkpt><trkpt lat="-39.3692294788" lon="-72.6155486796"><ele>118.23</ele><time>2024-08-28T02:26:14Z</time></trkpt><trkpt lat="-39.3692366872" lon="-72.6155959535"><ele>118.30</ele><time>2024-08-28T02:26:15Z</time></trkpt><trkpt lat="-39.3692603242" lon="-72.6157593168"><ele>118.30</ele><time>2024-08-28T02:26:18Z</time></trkpt><trkpt lat="-39.3692568876" lon="-72.6158095244"><ele>118.40</ele><time>2024-08-28T02:26:19Z</time></trkpt><trkpt lat="-39.3692431413" lon="-72.6158519369"><ele>118.36</ele><time>2024-08-28T02:26:20Z</time></trkpt><trkpt lat="-39.3692200910" lon="-72.6158885658"><ele>118.65</ele><time>2024-08-28T02:26:21Z</time></trkpt><trkpt lat="-39.3691839650" lon="-72.6159257814"><ele>118.81</ele><time>2024-08-28T02:26:22Z</time></trkpt><trkpt lat="-39.3691361882" lon="-72.6159655955"><ele>118.86</ele><time>2024-08-28T02:26:23Z</time></trkpt><trkpt lat="-39.3690838013" lon="-72.6160058286"><ele>118.96</ele><time>2024-08-28T02:26:24Z</time></trkpt><trkpt lat="-39.3687802926" lon="-72.6162342355"><ele>118.12</ele><time>2024-08-28T02:26:30Z</time></trkpt><trkpt lat="-39.3687345274" lon="-72.6162458863"><ele>118.06</ele><time>2024-08-28T02:26:31Z</time></trkpt><trkpt lat="-39.3686871696" lon="-72.6162351575"><ele>118.02</ele><time>2024-08-28T02:26:32Z</time></trkpt><trkpt lat="-39.3686411530" lon="-72.6162112691"><ele>118.11</ele><time>2024-08-28T02:26:33Z</time></trkpt><trkpt lat="-39.3685896043" lon="-72.6161707006"><ele>118.08</ele><time>2024-08-28T02:26:34Z</time></trkpt><trkpt lat="-39.3685372174" lon="-72.6161308866"><ele>118.06</ele><time>2024-08-28T02:26:35Z</time></trkpt><trkpt lat="-39.3683855049" lon="-72.6160229277"><ele>117.94</ele><time>2024-08-28T02:26:38Z</time></trkpt><trkpt lat="-39.3683336210" lon="-72.6159997098"><ele>117.92</ele><time>2024-08-28T02:26:39Z</time></trkpt><trkpt lat="-39.3682788871" lon="-72.6159898192"><ele>117.75</ele><time>2024-08-28T02:26:40Z</time></trkpt><trkpt lat="-39.3682212196" lon="-72.6159950159"><ele>117.76</ele><time>2024-08-28T02:26:41Z</time></trkpt><trkpt lat="-39.3681629654" lon="-72.6160126179"><ele>117.88</ele><time>2024-08-28T02:26:42Z</time></trkpt><trkpt lat="-39.3681034539" lon="-72.6160483249"><ele>117.88</ele><time>2024-08-28T02:26:43Z</time></trkpt><trkpt lat="-39.3680464569" lon="-72.6160906535"><ele>117.86</ele><time>2024-08-28T02:26:44Z</time></trkpt><trkpt lat="-39.3679879513" lon="-72.6161431242"><ele>117.97</ele><time>2024-08-28T02:26:45Z</time></trkpt><trkpt lat="-39.3679287750" lon="-72.6161964331"><ele>117.94</ele><time>2024-08-28T02:26:46Z</time></trkpt><trkpt lat="-39.3668871559" lon="-72.6170789637"><ele>117.56</ele><time>2024-08-28T02:27:03Z</time></trkpt><trkpt lat="-39.3660860136" lon="-72.6178084407"><ele>117.12</ele><time>2024-08-28T02:27:17Z</time></trkpt><trkpt lat="-39.3657964189" lon="-72.6180978678"><ele>116.47</ele><time>2024-08-28T02:27:26Z</time></trkpt><trkpt lat="-39.3658015318" lon="-72.6181407832"><ele>116.51</ele><time>2024-08-28T02:27:27Z</time></trkpt><trkpt lat="-39.3658193853" lon="-72.6181935053"><ele>116.53</ele><time>2024-08-28T02:27:28Z</time></trkpt><trkpt lat="-39.3658458721" lon="-72.6182597224"><ele>116.69</ele><time>2024-08-28T02:27:29Z</time></trkpt><trkpt lat="-39.3658803217" lon="-72.6183155458"><ele>116.73</ele><time>2024-08-28T02:27:30Z</time></trkpt><trkpt lat="-39.3659174535" lon="-72.6183622330"><ele>116.76</ele><time>2024-08-28T02:27:31Z</time></trkpt><trkpt lat="-39.3659543339" lon="-72.6183992811"><ele>116.64</ele><time>2024-08-28T02:27:32Z</time></trkpt><trkpt lat="-39.3659899570" lon="-72.6184129436"><ele>116.53</ele><time>2024-08-28T02:27:33Z</time></trkpt><trkpt lat="-39.3660305254" lon="-72.6184112672"><ele>116.78</ele><time>2024-08-28T02:27:34Z</time></trkpt><trkpt lat="-39.3660731055" lon="-72.6183955092"><ele>116.76</ele><time>2024-08-28T02:27:35Z</time></trkpt><trkpt lat="-39.3661225587" lon="-72.6183639094"><ele>116.88</ele><time>2024-08-28T02:27:36Z</time></trkpt><trkpt lat="-39.3661767896" lon="-72.6183225866"><ele>116.95</ele><time>2024-08-28T02:27:37Z</time></trkpt><trkpt lat="-39.3662300147" lon="-72.6182804257"><ele>117.10</ele><time>2024-08-28T02:27:38Z</time></trkpt><trkpt lat="-39.3670749106" lon="-72.6175372023"><ele>117.58</ele><time>2024-08-28T02:27:53Z</time></trkpt><trkpt lat="-39.3672790937" lon="-72.6173341926"><ele>117.54</ele><time>2024-08-28T02:28:02Z</time></trkpt><trkpt lat="-39.3673443887" lon="-72.6173731685"><ele>117.75</ele><time>2024-08-28T02:28:05Z</time></trkpt><trkpt lat="-39.3673715461" lon="-72.6174212806"><ele>117.92</ele><time>2024-08-28T02:28:06Z</time></trkpt><trkpt lat="-39.3673971109" lon="-72.6174771041"><ele>117.98</ele><time>2024-08-28T02:28:07Z</time></trkpt><trkpt lat="-39.3675709516" lon="-72.6176227815"><ele>117.92</ele><time>2024-08-28T02:28:15Z</time></trkpt><trkpt lat="-39.3677446246" lon="-72.6174947061"><ele>118.36</ele><time>2024-08-28T02:28:21Z</time></trkpt><trkpt lat="-39.3677693512" lon="-72.6174998190"><ele>118.37</ele><time>2024-08-28T02:28:22Z</time></trkpt><trkpt lat="-39.3677903060" lon="-72.6175222825"><ele>118.38</ele><time>2024-08-28T02:28:23Z</time></trkpt><trkpt lat="-39.3678066507" lon="-72.6175617613"><ele>118.36</ele><time>2024-08-28T02:28:24Z</time></trkpt><trkpt lat="-39.3678155355" lon="-72.6176095381"><ele>118.35</ele><time>2024-08-28T02:28:25Z</time></trkpt><trkpt lat="-39.3678253423" lon="-72.6176646072"><ele>118.27</ele><time>2024-08-28T02:28:26Z</time></trkpt><trkpt lat="-39.3679250032" lon="-72.6182806771"><ele>117.60</ele><time>2024-08-28T02:28:36Z</time></trkpt><trkpt lat="-39.3679565191" lon="-72.6182924118"><ele>117.57</ele><time>2024-08-28T02:28:37Z</time></trkpt><trkpt lat="-39.3679969199" lon="-72.6182869636"><ele>117.59</ele><time>2024-08-28T02:28:38Z</time></trkpt><trkpt lat="-39.3680459540" lon="-72.6182634942"><ele>117.68</ele><time>2024-08-28T02:28:39Z</time></trkpt><trkpt lat="-39.3681040406" lon="-72.6182211656"><ele>117.90</ele><time>2024-08-28T02:28:40Z</time></trkpt><trkpt lat="-39.3681647256" lon="-72.6181733049"><ele>118.09</ele><time>2024-08-28T02:28:41Z</time></trkpt><trkpt lat="-39.3682232313" lon="-72.6181276236"><ele>118.11</ele><time>2024-08-28T02:28:42Z</time></trkpt><trkpt lat="-39.3683414161" lon="-72.6180482469"><ele>118.23</ele><time>2024-08-28T02:28:44Z</time></trkpt><trkpt lat="-39.3684041128" lon="-72.6180253644"><ele>118.21</ele><time>2024-08-28T02:28:45Z</time></trkpt><trkpt lat="-39.3684671447" lon="-72.6180059183"><ele>118.21</ele><time>2024-08-28T02:28:46Z</time></trkpt><trkpt lat="-39.3685311824" lon="-72.6179744024"><ele>118.18</ele><time>2024-08-28T02:28:47Z</time></trkpt><trkpt lat="-39.3685927056" lon="-72.6179438084"><ele>118.22</ele><time>2024-08-28T02:28:48Z</time></trkpt><trkpt lat="-39.3686483614" lon="-72.6178999711"><ele>118.20</ele><time>2024-08-28T02:28:49Z</time></trkpt><trkpt lat="-39.3687035982" lon="-72.6178457402"><ele>118.30</ele><time>2024-08-28T02:28:50Z</time></trkpt><trkpt lat="-39.3687408138" lon="-72.6177814510"><ele>118.05</ele><time>2024-08-28T02:28:51Z</time></trkpt><trkpt lat="-39.3687666301" lon="-72.6177021582"><ele>118.41</ele><time>2024-08-28T02:28:52Z</time></trkpt><trkpt lat="-39.3687928654" lon="-72.6176256314"><ele>118.40</ele><time>2024-08-28T02:28:53Z</time></trkpt><trkpt lat="-39.3688272312" lon="-72.6175547205"><ele>118.45</ele><time>2024-08-28T02:28:54Z</time></trkpt><trkpt lat="-39.3688708171" lon="-72.6174861565"><ele>118.56</ele><time>2024-08-28T02:28:55Z</time></trkpt><trkpt lat="-39.3689227011" lon="-72.6174241304"><ele>118.65</ele><time>2024-08-28T02:28:56Z</time></trkpt><trkpt lat="-39.3689801171" lon="-72.6173643675"><ele>118.60</ele><time>2024-08-28T02:28:57Z</time></trkpt><trkpt lat="-39.3690391257" lon="-72.6173038501"><ele>118.72</ele><time>2024-08-28T02:28:58Z</time></trkpt><trkpt lat="-39.3694939278" lon="-72.6170106512"><ele>119.24</ele><time>2024-08-28T02:29:08Z</time></trkpt><trkpt lat="-39.3695052434" lon="-72.6170749404"><ele>119.34</ele><time>2024-08-28T02:29:09Z</time></trkpt><trkpt lat="-39.3695214204" lon="-72.6171486173"><ele>119.43</ele><time>2024-08-28T02:29:10Z</time></trkpt><trkpt lat="-39.3696211651" lon="-72.6178894099"><ele>119.39</ele><time>2024-08-28T02:29:18Z</time></trkpt><trkpt lat="-39.3696111906" lon="-72.6179542020"><ele>119.49</ele><time>2024-08-28T02:29:19Z</time></trkpt><trkpt lat="-39.3695909902" lon="-72.6180117019"><ele>119.68</ele><time>2024-08-28T02:29:20Z</time></trkpt><trkpt lat="-39.3695531040" lon="-72.6180713810"><ele>119.59</ele><time>2024-08-28T02:29:21Z</time></trkpt><trkpt lat="-39.3694969453" lon="-72.6181300543"><ele>119.66</ele><time>2024-08-28T02:29:22Z</time></trkpt><trkpt lat="-39.3694378529" lon="-72.6181890629"><ele>119.62</ele><time>2024-08-28T02:29:23Z</time></trkpt><trkpt lat="-39.3692677002" lon="-72.6183364168"><ele>119.45</ele><time>2024-08-28T02:29:26Z</time></trkpt><trkpt lat="-39.3692134693" lon="-72.6183579583"><ele>119.52</ele><time>2024-08-28T02:29:27Z</time></trkpt><trkpt lat="-39.3691511918" lon="-72.6183640771"><ele>119.62</ele><time>2024-08-28T02:29:28Z</time></trkpt><trkpt lat="-39.3690875731" lon="-72.6183610596"><ele>119.47</ele><time>2024-08-28T02:29:29Z</time></trkpt><trkpt lat="-39.3690220267" lon="-72.6183519233"><ele>119.52</ele><time>2024-08-28T02:29:30Z</time></trkpt><trkpt lat="-39.3689524569" lon="-72.6183424518"><ele>119.40</ele><time>2024-08-28T02:29:31Z</time></trkpt><trkpt lat="-39.3688248005" lon="-72.6183385961"><ele>119.29</ele><time>2024-08-28T02:29:33Z</time></trkpt><trkpt lat="-39.3687616009" lon="-72.6183469780"><ele>119.26</ele><time>2024-08-28T02:29:34Z</time></trkpt><trkpt lat="-39.3686942942" lon="-72.6183591317"><ele>119.21</ele><time>2024-08-28T02:29:35Z</time></trkpt><trkpt lat="-39.3686361238" lon="-72.6183972694"><ele>119.15</ele><time>2024-08-28T02:29:36Z</time></trkpt><trkpt lat="-39.3685792107" lon="-72.6184458006"><ele>119.20</ele><time>2024-08-28T02:29:37Z</time></trkpt><trkpt lat="-39.3685210403" lon="-72.6184961759"><ele>119.25</ele><time>2024-08-28T02:29:38Z</time></trkpt><trkpt lat="-39.3676888850" lon="-72.6192630362"><ele>119.15</ele><time>2024-08-28T02:29:52Z</time></trkpt><trkpt lat="-39.3670042511" lon="-72.6199106220"><ele>118.72</ele><time>2024-08-28T02:30:05Z</time></trkpt><trkpt lat="-39.3669624254" lon="-72.6199607458"><ele>118.33</ele><time>2024-08-28T02:30:13Z</time></trkpt><trkpt lat="-39.3669321667" lon="-72.6199811138"><ele>118.32</ele><time>2024-08-28T02:30:20Z</time></trkpt><trkpt lat="-39.3668758404" lon="-72.6200331654"><ele>118.53</ele><time>2024-08-28T02:30:22Z</time></trkpt><trkpt lat="-39.3663963117" lon="-72.6204772387"><ele>118.67</ele><time>2024-08-28T02:30:31Z</time></trkpt><trkpt lat="-39.3656176329" lon="-72.6212336216"><ele>117.21</ele><time>2024-08-28T02:30:45Z</time></trkpt><trkpt lat="-39.3650490046" lon="-72.6217978075"><ele>116.93</ele><time>2024-08-28T02:30:58Z</time></trkpt><trkpt lat="-39.3644640315" lon="-72.6223528571"><ele>116.39</ele><time>2024-08-28T02:31:11Z</time></trkpt><trkpt lat="-39.3642983213" lon="-72.6225385163"><ele>116.11</ele><time>2024-08-28T02:31:19Z</time></trkpt><trkpt lat="-39.3642901909" lon="-72.6225896459"><ele>116.20</ele><time>2024-08-28T02:31:20Z</time></trkpt><trkpt lat="-39.3642874248" lon="-72.6226556953"><ele>116.36</ele><time>2024-08-28T02:31:21Z</time></trkpt><trkpt lat="-39.3643093854" lon="-72.6230408438"><ele>116.37</ele><time>2024-08-28T02:31:28Z</time></trkpt><trkpt lat="-39.3643321842" lon="-72.6230643131"><ele>116.27</ele><time>2024-08-28T02:31:29Z</time></trkpt><trkpt lat="-39.3643631134" lon="-72.6230681688"><ele>116.29</ele><time>2024-08-28T02:31:30Z</time></trkpt><trkpt lat="-39.3643979821" lon="-72.6230592001"><ele>116.40</ele><time>2024-08-28T02:31:31Z</time></trkpt><trkpt lat="-39.3644312583" lon="-72.6230408438"><ele>116.38</ele><time>2024-08-28T02:31:32Z</time></trkpt><trkpt lat="-39.3644658756" lon="-72.6230121776"><ele>116.50</ele><time>2024-08-28T02:31:33Z</time></trkpt><trkpt lat="-39.3644994032" lon="-72.6229815837"><ele>116.54</ele><time>2024-08-28T02:31:34Z</time></trkpt><trkpt lat="-39.3645322602" lon="-72.6229502354"><ele>116.59</ele><time>2024-08-28T02:31:35Z</time></trkpt><trkpt lat="-39.3648911733" lon="-72.6225830242"><ele>116.47</ele><time>2024-08-28T02:31:49Z</time></trkpt><trkpt lat="-39.3650015630" lon="-72.6224487461"><ele>116.44</ele><time>2024-08-28T02:31:59Z</time></trkpt><trkpt lat="-39.3652054109" lon="-72.6221155655"><ele>116.85</ele><time>2024-08-28T02:32:09Z</time></trkpt><trkpt lat="-39.3654535990" lon="-72.6218517032"><ele>116.90</ele><time>2024-08-28T02:32:20Z</time></trkpt><trkpt lat="-39.3657146115" lon="-72.6215666346"><ele>116.77</ele><time>2024-08-28T02:32:30Z</time></trkpt><trkpt lat="-39.3657902163" lon="-72.6214483660"><ele>116.97</ele><time>2024-08-28T02:32:33Z</time></trkpt><trkpt lat="-39.3660612870" lon="-72.6211710926"><ele>117.39</ele><time>2024-08-28T02:32:39Z</time></trkpt><trkpt lat="-39.3660937250" lon="-72.6211410854"><ele>117.42</ele><time>2024-08-28T02:32:40Z</time></trkpt><trkpt lat="-39.3661236484" lon="-72.6211254951"><ele>117.36</ele><time>2024-08-28T02:32:41Z</time></trkpt><trkpt lat="-39.3661532365" lon="-72.6211238187"><ele>117.25</ele><time>2024-08-28T02:32:42Z</time></trkpt><trkpt lat="-39.3661857583" lon="-72.6211345475"><ele>117.27</ele><time>2024-08-28T02:32:43Z</time></trkpt><trkpt lat="-39.3662161846" lon="-72.6211677399"><ele>117.21</ele><time>2024-08-28T02:32:44Z</time></trkpt><trkpt lat="-39.3662427552" lon="-72.6212209649"><ele>117.29</ele><time>2024-08-28T02:32:45Z</time></trkpt><trkpt lat="-39.3662770372" lon="-72.6212855894"><ele>117.16</ele><time>2024-08-28T02:32:46Z</time></trkpt><trkpt lat="-39.3664751016" lon="-72.6215782017"><ele>116.53</ele><time>2024-08-28T02:32:52Z</time></trkpt><trkpt lat="-39.3665026780" lon="-72.6215768605"><ele>116.63</ele><time>2024-08-28T02:32:53Z</time></trkpt><trkpt lat="-39.3665325176" lon="-72.6215635333"><ele>116.60</ele><time>2024-08-28T02:32:54Z</time></trkpt><trkpt lat="-39.3665600941" lon="-72.6215442549"><ele>116.85</ele><time>2024-08-28T02:32:55Z</time></trkpt><trkpt lat="-39.3665954657" lon="-72.6215119008"><ele>116.92</ele><time>2024-08-28T02:32:56Z</time></trkpt><trkpt lat="-39.3666369561" lon="-72.6214717515"><ele>116.93</ele><time>2024-08-28T02:32:57Z</time></trkpt><trkpt lat="-39.3670460768" lon="-72.6210891176"><ele>117.93</ele><time>2024-08-28T02:33:08Z</time></trkpt><trkpt lat="-39.3673532736" lon="-72.6207479741"><ele>118.23</ele><time>2024-08-28T02:33:19Z</time></trkpt><trkpt lat="-39.3673539441" lon="-72.6207052264"><ele>118.31</ele><time>2024-08-28T02:33:20Z</time></trkpt><trkpt lat="-39.3673430476" lon="-72.6206555218"><ele>118.29</ele><time>2024-08-28T02:33:21Z</time></trkpt><trkpt lat="-39.3673270382" lon="-72.6206152886"><ele>118.34</ele><time>2024-08-28T02:33:22Z</time></trkpt><trkpt lat="-39.3673049100" lon="-72.6205738820"><ele>118.38</ele><time>2024-08-28T02:33:23Z</time></trkpt><trkpt lat="-39.3672828656" lon="-72.6205339003"><ele>118.39</ele><time>2024-08-28T02:33:24Z</time></trkpt><trkpt lat="-39.3672723044" lon="-72.6205051504"><ele>118.47</ele><time>2024-08-28T02:33:25Z</time></trkpt><trkpt lat="-39.3672722206" lon="-72.6204818487"><ele>118.36</ele><time>2024-08-28T02:33:26Z</time></trkpt><trkpt lat="-39.3672772497" lon="-72.6204581279"><ele>118.34</ele><time>2024-08-28T02:33:27Z</time></trkpt><trkpt lat="-39.3672898225" lon="-72.6204319764"><ele>118.46</ele><time>2024-08-28T02:33:28Z</time></trkpt><trkpt lat="-39.3673401140" lon="-72.6203694474"><ele>118.57</ele><time>2024-08-28T02:33:30Z</time></trkpt><trkpt lat="-39.3675613124" lon="-72.6201325748"><ele>118.69</ele><time>2024-08-28T02:33:37Z</time></trkpt><trkpt lat="-39.3676826824" lon="-72.6202131249"><ele>118.74</ele><time>2024-08-28T02:33:42Z</time></trkpt><trkpt lat="-39.3677034695" lon="-72.6202489156"><ele>118.65</ele><time>2024-08-28T02:33:43Z</time></trkpt><trkpt lat="-39.3677399307" lon="-72.6203044876"><ele>118.71</ele><time>2024-08-28T02:33:45Z</time></trkpt><trkpt lat="-39.3677649926" lon="-72.6203113608"><ele>118.69</ele><time>2024-08-28T02:33:46Z</time></trkpt><trkpt lat="-39.3677904736" lon="-72.6203069184"><ele>118.59</ele><time>2024-08-28T02:33:47Z</time></trkpt><trkpt lat="-39.3678195588" lon="-72.6202873047"><ele>118.62</ele><time>2024-08-28T02:33:48Z</time></trkpt><trkpt lat="-39.3678524997" lon="-72.6202595606"><ele>118.65</ele><time>2024-08-28T02:33:49Z</time></trkpt><trkpt lat="-39.3678908888" lon="-72.6202234346"><ele>118.77</ele><time>2024-08-28T02:33:50Z</time></trkpt><trkpt lat="-39.3684861716" lon="-72.6196657028"><ele>119.29</ele><time>2024-08-28T02:34:01Z</time></trkpt><trkpt lat="-39.3689399678" lon="-72.6192379743"><ele>119.35</ele><time>2024-08-28T02:34:12Z</time></trkpt><trkpt lat="-39.3689538818" lon="-72.6192388125"><ele>119.36</ele><time>2024-08-28T02:34:13Z</time></trkpt><trkpt lat="-39.3689672928" lon="-72.6192422491"><ele>119.44</ele><time>2024-08-28T02:34:14Z</time></trkpt><trkpt lat="-39.3689801171" lon="-72.6192543190"><ele>119.47</ele><time>2024-08-28T02:34:15Z</time></trkpt><trkpt lat="-39.3689890020" lon="-72.6192756090"><ele>119.57</ele><time>2024-08-28T02:34:16Z</time></trkpt><trkpt lat="-39.3689941987" lon="-72.6192998327"><ele>119.46</ele><time>2024-08-28T02:34:17Z</time></trkpt><trkpt lat="-39.3689964619" lon="-72.6193268225"><ele>119.38</ele><time>2024-08-28T02:34:18Z</time></trkpt><trkpt lat="-39.3690009881" lon="-72.6193615235"><ele>119.44</ele><time>2024-08-28T02:34:19Z</time></trkpt><trkpt lat="-39.3690763414" lon="-72.6198744960"><ele>119.25</ele><time>2024-08-28T02:34:29Z</time></trkpt><trkpt lat="-39.3688196037" lon="-72.6201659348"><ele>119.49</ele><time>2024-08-28T02:34:37Z</time></trkpt><trkpt lat="-39.3680196349" lon="-72.6209234912"><ele>118.93</ele><time>2024-08-28T02:34:53Z</time></trkpt><trkpt lat="-39.3676743843" lon="-72.6212385669"><ele>118.19</ele><time>2024-08-28T02:35:04Z</time></trkpt><trkpt lat="-39.3676722050" lon="-72.6214392297"><ele>118.33</ele><time>2024-08-28T02:35:10Z</time></trkpt><trkpt lat="-39.3677043077" lon="-72.6215076260"><ele>118.39</ele><time>2024-08-28T02:35:11Z</time></trkpt><trkpt lat="-39.3677484803" lon="-72.6215818059"><ele>118.53</ele><time>2024-08-28T02:35:12Z</time></trkpt><trkpt lat="-39.3682496343" lon="-72.6224624924"><ele>117.89</ele><time>2024-08-28T02:35:24Z</time></trkpt><trkpt lat="-39.3684050348" lon="-72.6226147078"><ele>118.02</ele><time>2024-08-28T02:35:31Z</time></trkpt><trkpt lat="-39.3684472796" lon="-72.6226085052"><ele>118.09</ele><time>2024-08-28T02:35:32Z</time></trkpt><trkpt lat="-39.3684929609" lon="-72.6225875504"><ele>118.13</ele><time>2024-08-28T02:35:33Z</time></trkpt><trkpt lat="-39.3685421627" lon="-72.6225497480"><ele>118.27</ele><time>2024-08-28T02:35:34Z</time></trkpt><trkpt lat="-39.3685932923" lon="-72.6225022227"><ele>118.37</ele><time>2024-08-28T02:35:35Z</time></trkpt><trkpt lat="-39.3686471879" lon="-72.6224458124"><ele>118.45</ele><time>2024-08-28T02:35:36Z</time></trkpt><trkpt lat="-39.3694715481" lon="-72.6216251403"><ele>118.90</ele><time>2024-08-28T02:35:49Z</time></trkpt><trkpt lat="-39.3700576108" lon="-72.6210530754"><ele>118.65</ele><time>2024-08-28T02:36:01Z</time></trkpt><trkpt lat="-39.3701563496" lon="-72.6208047196"><ele>118.79</ele><time>2024-08-28T02:36:09Z</time></trkpt><trkpt lat="-39.3701423518" lon="-72.6205311343"><ele>118.67</ele><time>2024-08-28T02:36:16Z</time></trkpt><trkpt lat="-39.3701693416" lon="-72.6204769034"><ele>118.65</ele><time>2024-08-28T02:36:17Z</time></trkpt><trkpt lat="-39.3702090718" lon="-72.6204171404"><ele>118.59</ele><time>2024-08-28T02:36:18Z</time></trkpt><trkpt lat="-39.3708138261" lon="-72.6196271461"><ele>116.92</ele><time>2024-08-28T02:36:29Z</time></trkpt><trkpt lat="-39.3717248552" lon="-72.6182615664"><ele>115.13</ele><time>2024-08-28T02:36:46Z</time></trkpt><trkpt lat="-39.3725189567" lon="-72.6166897081"><ele>114.89</ele><time>2024-08-28T02:37:04Z</time></trkpt><trkpt lat="-39.3732050154" lon="-72.6155117154"><ele>115.35</ele><time>2024-08-28T02:37:18Z</time></trkpt><trkpt lat="-39.3735329155" lon="-72.6141673420"><ele>113.45</ele><time>2024-08-28T02:37:31Z</time></trkpt><trkpt lat="-39.3739724625" lon="-72.6122390851"><ele>114.49</ele><time>2024-08-28T02:37:50Z</time></trkpt><trkpt lat="-39.3740786612" lon="-72.6108932029"><ele>116.05</ele><time>2024-08-28T02:38:03Z</time></trkpt><trkpt lat="-39.3740560301" lon="-72.6091811992"><ele>117.03</ele><time>2024-08-28T02:38:19Z</time></trkpt><trkpt lat="-39.3738884758" lon="-72.6072857156"><ele>117.69</ele><time>2024-08-28T02:38:37Z</time></trkpt><trkpt lat="-39.3735995516" lon="-72.6051054150"><ele>118.33</ele><time>2024-08-28T02:38:58Z</time></trkpt><trkpt lat="-39.3733040057" lon="-72.6040254068"><ele>118.95</ele><time>2024-08-28T02:39:09Z</time></trkpt><trkpt lat="-39.3726116605" lon="-72.6029575523"><ele>119.46</ele><time>2024-08-28T02:39:22Z</time></trkpt><trkpt lat="-39.3723337166" lon="-72.6021887641"><ele>119.46</ele><time>2024-08-28T02:39:30Z</time></trkpt><trkpt lat="-39.3723286036" lon="-72.6020806376"><ele>119.36</ele><time>2024-08-28T02:39:31Z</time></trkpt><trkpt lat="-39.3723325431" lon="-72.6019728463"><ele>119.34</ele><time>2024-08-28T02:39:32Z</time></trkpt><trkpt lat="-39.3726171087" lon="-72.6009905711"><ele>118.62</ele><time>2024-08-28T02:39:42Z</time></trkpt><trkpt lat="-39.3733590748" lon="-72.5992152840"><ele>120.51</ele><time>2024-08-28T02:40:01Z</time></trkpt><trkpt lat="-39.3738545291" lon="-72.5976280030"><ele>121.84</ele><time>2024-08-28T02:40:17Z</time></trkpt><trkpt lat="-39.3741976004" lon="-72.5957883429"><ele>122.26</ele><time>2024-08-28T02:40:35Z</time></trkpt><trkpt lat="-39.3745752890" lon="-72.5936413184"><ele>122.88</ele><time>2024-08-28T02:40:56Z</time></trkpt><trkpt lat="-39.3749089725" lon="-72.5917882472"><ele>123.41</ele><time>2024-08-28T02:41:14Z</time></trkpt><trkpt lat="-39.3752502836" lon="-72.5898267981"><ele>124.26</ele><time>2024-08-28T02:41:33Z</time></trkpt><trkpt lat="-39.3753444124" lon="-72.5891972333"><ele>124.12</ele><time>2024-08-28T02:41:42Z</time></trkpt><trkpt lat="-39.3753315043" lon="-72.5891725905"><ele>124.14</ele><time>2024-08-28T02:41:43Z</time></trkpt><trkpt lat="-39.3753175903" lon="-72.5891556591"><ele>124.18</ele><time>2024-08-28T02:41:44Z</time></trkpt><trkpt lat="-39.3753043469" lon="-72.5891472772"><ele>124.14</ele><time>2024-08-28T02:41:45Z</time></trkpt><trkpt lat="-39.3752933666" lon="-72.5891437568"><ele>124.10</ele><time>2024-08-28T02:41:46Z</time></trkpt><trkpt lat="-39.3753101304" lon="-72.5891696569"><ele>123.98</ele><time>2024-08-28T02:41:50Z</time></trkpt><trkpt lat="-39.3753263913" lon="-72.5891744345"><ele>124.01</ele><time>2024-08-28T02:41:51Z</time></trkpt><trkpt lat="-39.3753514532" lon="-72.5891768653"><ele>124.26</ele><time>2024-08-28T02:41:53Z</time></trkpt><trkpt lat="-39.3753439095" lon="-72.5892138295"><ele>124.30</ele><time>2024-08-28T02:41:56Z</time></trkpt><trkpt lat="-39.3753046822" lon="-72.5893609319"><ele>124.20</ele><time>2024-08-28T02:41:59Z</time></trkpt><trkpt lat="-39.3751353677" lon="-72.5902962685"><ele>124.40</ele><time>2024-08-28T02:42:09Z</time></trkpt><trkpt lat="-39.3747672345" lon="-72.5924908184"><ele>123.76</ele><time>2024-08-28T02:42:29Z</time></trkpt><trkpt lat="-39.3744327128" lon="-72.5943831168"><ele>123.25</ele><time>2024-08-28T02:42:46Z</time></trkpt><trkpt lat="-39.3740876298" lon="-72.5963203423"><ele>122.67</ele><time>2024-08-28T02:43:03Z</time></trkpt><trkpt lat="-39.3736824486" lon="-72.5983819552"><ele>121.95</ele><time>2024-08-28T02:43:17Z</time></trkpt><trkpt lat="-39.3729259819" lon="-72.6003640238"><ele>120.73</ele><time>2024-08-28T02:43:31Z</time></trkpt><trkpt lat="-39.3722865265" lon="-72.6021025144"><ele>119.98</ele><time>2024-08-28T02:43:43Z</time></trkpt><trkpt lat="-39.3722670805" lon="-72.6022429112"><ele>120.02</ele><time>2024-08-28T02:43:44Z</time></trkpt><trkpt lat="-39.3722711876" lon="-72.6023863256"><ele>120.42</ele><time>2024-08-28T02:43:45Z</time></trkpt><trkpt lat="-39.3722892925" lon="-72.6025271416"><ele>120.40</ele><time>2024-08-28T02:43:46Z</time></trkpt><trkpt lat="-39.3723144382" lon="-72.6026687119"><ele>120.50</ele><time>2024-08-28T02:43:47Z</time></trkpt><trkpt lat="-39.3723581918" lon="-72.6028050855"><ele>120.48</ele><time>2024-08-28T02:43:48Z</time></trkpt><trkpt lat="-39.3724109977" lon="-72.6029349212"><ele>120.49</ele><time>2024-08-28T02:43:49Z</time></trkpt><trkpt lat="-39.3724812381" lon="-72.6030623261"><ele>120.51</ele><time>2024-08-28T02:43:50Z</time></trkpt><trkpt lat="-39.3725565914" lon="-72.6031881385"><ele>120.53</ele><time>2024-08-28T02:43:51Z</time></trkpt><trkpt lat="-39.3726325314" lon="-72.6033092570"><ele>120.42</ele><time>2024-08-28T02:43:52Z</time></trkpt><trkpt lat="-39.3733729050" lon="-72.6044854056"><ele>119.58</ele><time>2024-08-28T02:44:02Z</time></trkpt><trkpt lat="-39.3734275550" lon="-72.6046156604"><ele>119.58</ele><time>2024-08-28T02:44:03Z</time></trkpt><trkpt lat="-39.3734708894" lon="-72.6047559734"><ele>119.50</ele><time>2024-08-28T02:44:04Z</time></trkpt><trkpt lat="-39.3735060096" lon="-72.6049037464"><ele>119.57</ele><time>2024-08-28T02:44:05Z</time></trkpt><trkpt lat="-39.3735368550" lon="-72.6050535310"><ele>119.55</ele><time>2024-08-28T02:44:06Z</time></trkpt><trkpt lat="-39.3739039823" lon="-72.6076961774"><ele>118.80</ele><time>2024-08-28T02:44:23Z</time></trkpt><trkpt lat="-39.3740407750" lon="-72.6098946668"><ele>117.97</ele><time>2024-08-28T02:44:37Z</time></trkpt><trkpt lat="-39.3739582133" lon="-72.6121936552"><ele>115.30</ele><time>2024-08-28T02:44:51Z</time></trkpt><trkpt lat="-39.3734582327" lon="-72.6142914779"><ele>114.84</ele><time>2024-08-28T02:45:05Z</time></trkpt><trkpt lat="-39.3730523810" lon="-72.6157293934"><ele>115.77</ele><time>2024-08-28T02:45:16Z</time></trkpt><trkpt lat="-39.3729978148" lon="-72.6158329938"><ele>115.81</ele><time>2024-08-28T02:45:17Z</time></trkpt><trkpt lat="-39.3729391415" lon="-72.6159276254"><ele>115.87</ele><time>2024-08-28T02:45:18Z</time></trkpt><trkpt lat="-39.3728769477" lon="-72.6160162222"><ele>115.83</ele><time>2024-08-28T02:45:19Z</time></trkpt><trkpt lat="-39.3728124071" lon="-72.6160991192"><ele>115.77</ele><time>2024-08-28T02:45:20Z</time></trkpt><trkpt lat="-39.3721644860" lon="-72.6172342803"><ele>115.41</ele><time>2024-08-28T02:45:33Z</time></trkpt><trkpt lat="-39.3714794330" lon="-72.6185991056"><ele>115.80</ele><time>2024-08-28T02:45:48Z</time></trkpt><trkpt lat="-39.3705298472" lon="-72.6199545432"><ele>117.86</ele><time>2024-08-28T02:46:05Z</time></trkpt><trkpt lat="-39.3700486422" lon="-72.6205323916"><ele>119.43</ele><time>2024-08-28T02:46:13Z</time></trkpt><trkpt lat="-39.3700034637" lon="-72.6206209045"><ele>119.62</ele><time>2024-08-28T02:46:14Z</time></trkpt><trkpt lat="-39.3699673377" lon="-72.6207183860"><ele>119.95</ele><time>2024-08-28T02:46:15Z</time></trkpt><trkpt lat="-39.3698587921" lon="-72.6210189611"><ele>119.93</ele><time>2024-08-28T02:46:18Z</time></trkpt><trkpt lat="-39.3698064052" lon="-72.6211066358"><ele>119.84</ele><time>2024-08-28T02:46:19Z</time></trkpt><trkpt lat="-39.3697468936" lon="-72.6211846713"><ele>119.83</ele><time>2024-08-28T02:46:20Z</time></trkpt><trkpt lat="-39.3696837779" lon="-72.6212563366"><ele>119.81</ele><time>2024-08-28T02:46:21Z</time></trkpt><trkpt lat="-39.3696177285" lon="-72.6213236433"><ele>119.66</ele><time>2024-08-28T02:46:22Z</time></trkpt><trkpt lat="-39.3683637958" lon="-72.6225598902"><ele>119.06</ele><time>2024-08-28T02:46:41Z</time></trkpt><trkpt lat="-39.3674809299" lon="-72.6233763713"><ele>118.28</ele><time>2024-08-28T02:46:55Z</time></trkpt><trkpt lat="-39.3662227225" lon="-72.6245925855"><ele>117.74</ele><time>2024-08-28T02:47:13Z</time></trkpt><trkpt lat="-39.3657355662" lon="-72.6250959188"><ele>117.15</ele><time>2024-08-28T02:47:21Z</time></trkpt><trkpt lat="-39.3657102529" lon="-72.6251569390"><ele>117.08</ele><time>2024-08-28T02:47:22Z</time></trkpt><trkpt lat="-39.3657013681" lon="-72.6252250839"><ele>117.02</ele><time>2024-08-28T02:47:23Z</time></trkpt><trkpt lat="-39.3657072354" lon="-72.6252975035"><ele>116.90</ele><time>2024-08-28T02:47:24Z</time></trkpt><trkpt lat="-39.3657389190" lon="-72.6253673248"><ele>116.83</ele><time>2024-08-28T02:47:25Z</time></trkpt><trkpt lat="-39.3657857738" lon="-72.6254407503"><ele>116.86</ele><time>2024-08-28T02:47:26Z</time></trkpt><trkpt lat="-39.3658362329" lon="-72.6255226415"><ele>116.96</ele><time>2024-08-28T02:47:27Z</time></trkpt><trkpt lat="-39.3662704155" lon="-72.6262624282"><ele>116.27</ele><time>2024-08-28T02:47:36Z</time></trkpt><trkpt lat="-39.3663119897" lon="-72.6262994763"><ele>116.14</ele><time>2024-08-28T02:47:37Z</time></trkpt><trkpt lat="-39.3663595989" lon="-72.6263171621"><ele>116.21</ele><time>2024-08-28T02:47:38Z</time></trkpt><trkpt lat="-39.3664132431" lon="-72.6263117138"><ele>116.21</ele><time>2024-08-28T02:47:39Z</time></trkpt><trkpt lat="-39.3664818071" lon="-72.6262721512"><ele>116.28</ele><time>2024-08-28T02:47:40Z</time></trkpt><trkpt lat="-39.3665445037" lon="-72.6262278110"><ele>116.24</ele><time>2024-08-28T02:47:41Z</time></trkpt><trkpt lat="-39.3666095473" lon="-72.6261693053"><ele>116.42</ele><time>2024-08-28T02:47:42Z</time></trkpt><trkpt lat="-39.3666771892" lon="-72.6261036750"><ele>116.65</ele><time>2024-08-28T02:47:43Z</time></trkpt><trkpt lat="-39.3676212430" lon="-72.6251753792"><ele>118.00</ele><time>2024-08-28T02:47:57Z</time></trkpt><trkpt lat="-39.3681375682" lon="-72.6246660110"><ele>117.80</ele><time>2024-08-28T02:48:07Z</time></trkpt><trkpt lat="-39.3685190286" lon="-72.6242879033"><ele>118.81</ele><time>2024-08-28T02:48:14Z</time></trkpt><trkpt lat="-39.3690394610" lon="-72.6237918623"><ele>118.99</ele><time>2024-08-28T02:48:24Z</time></trkpt><trkpt lat="-39.3694809359" lon="-72.6233584341"><ele>119.94</ele><time>2024-08-28T02:48:31Z</time></trkpt><trkpt lat="-39.3701812439" lon="-72.6226885524"><ele>120.20</ele><time>2024-08-28T02:48:42Z</time></trkpt><trkpt lat="-39.3707883451" lon="-72.6221156493"><ele>120.42</ele><time>2024-08-28T02:48:53Z</time></trkpt><trkpt lat="-39.3708632793" lon="-72.6221167389"><ele>120.63</ele><time>2024-08-28T02:48:56Z</time></trkpt><trkpt lat="-39.3708947115" lon="-72.6221495122"><ele>120.71</ele><time>2024-08-28T02:48:57Z</time></trkpt><trkpt lat="-39.3709288258" lon="-72.6222027373"><ele>120.57</ele><time>2024-08-28T02:48:58Z</time></trkpt><trkpt lat="-39.3709675502" lon="-72.6222701278"><ele>120.50</ele><time>2024-08-28T02:48:59Z</time></trkpt><trkpt lat="-39.3710092083" lon="-72.6223464031"><ele>120.37</ele><time>2024-08-28T02:49:00Z</time></trkpt><trkpt lat="-39.3714151438" lon="-72.6232150197"><ele>117.79</ele><time>2024-08-28T02:49:11Z</time></trkpt><trkpt lat="-39.3714101985" lon="-72.6232721005"><ele>117.86</ele><time>2024-08-28T02:49:12Z</time></trkpt><trkpt lat="-39.3713808618" lon="-72.6233248226"><ele>117.81</ele><time>2024-08-28T02:49:13Z</time></trkpt><trkpt lat="-39.3713309895" lon="-72.6233746111"><ele>117.87</ele><time>2024-08-28T02:49:14Z</time></trkpt><trkpt lat="-39.3712740764" lon="-72.6234214660"><ele>117.86</ele><time>2024-08-28T02:49:15Z</time></trkpt><trkpt lat="-39.3712159898" lon="-72.6234730147"><ele>117.77</ele><time>2024-08-28T02:49:16Z</time></trkpt><trkpt lat="-39.3711578194" lon="-72.6235263236"><ele>117.88</ele><time>2024-08-28T02:49:17Z</time></trkpt><trkpt lat="-39.3704440165" lon="-72.6242033299"><ele>119.90</ele><time>2024-08-28T02:49:29Z</time></trkpt><trkpt lat="-39.3697077502" lon="-72.6248861197"><ele>118.52</ele><time>2024-08-28T02:49:41Z</time></trkpt><trkpt lat="-39.3691759184" lon="-72.6253881957"><ele>119.31</ele><time>2024-08-28T02:49:49Z</time></trkpt><trkpt lat="-39.3687006645" lon="-72.6258400641"><ele>119.14</ele><time>2024-08-28T02:49:58Z</time></trkpt><trkpt lat="-39.3679586146" lon="-72.6265500952"><ele>117.85</ele><time>2024-08-28T02:50:09Z</time></trkpt><trkpt lat="-39.3671339191" lon="-72.6273355633"><ele>116.19</ele><time>2024-08-28T02:50:23Z</time></trkpt><trkpt lat="-39.3670242000" lon="-72.6274745353"><ele>116.18</ele><time>2024-08-28T02:50:28Z</time></trkpt><trkpt lat="-39.3670132197" lon="-72.6275332086"><ele>116.21</ele><time>2024-08-28T02:50:29Z</time></trkpt><trkpt lat="-39.3670184165" lon="-72.6275974140"><ele>116.16</ele><time>2024-08-28T02:50:30Z</time></trkpt><trkpt lat="-39.3670402095" lon="-72.6276617032"><ele>116.19</ele><time>2024-08-28T02:50:31Z</time></trkpt><trkpt lat="-39.3670811132" lon="-72.6277321950"><ele>116.19</ele><time>2024-08-28T02:50:32Z</time></trkpt><trkpt lat="-39.3671293091" lon="-72.6278103981"><ele>116.38</ele><time>2024-08-28T02:50:33Z</time></trkpt><trkpt lat="-39.3675836921" lon="-72.6285202615"><ele>116.40</ele><time>2024-08-28T02:50:42Z</time></trkpt><trkpt lat="-39.3676300440" lon="-72.6285526995"><ele>116.40</ele><time>2024-08-28T02:50:43Z</time></trkpt><trkpt lat="-39.3676847778" lon="-72.6285605785"><ele>116.34</ele><time>2024-08-28T02:50:44Z</time></trkpt><trkpt lat="-39.3677417748" lon="-72.6285493467"><ele>116.41</ele><time>2024-08-28T02:50:45Z</time></trkpt><trkpt lat="-39.3678014539" lon="-72.6285217702"><ele>116.42</ele><time>2024-08-28T02:50:46Z</time></trkpt><trkpt lat="-39.3678610492" lon="-72.6284764241"><ele>116.36</ele><time>2024-08-28T02:50:47Z</time></trkpt><trkpt lat="-39.3679194711" lon="-72.6284222770"><ele>116.61</ele><time>2024-08-28T02:50:48Z</time></trkpt><trkpt lat="-39.3679790664" lon="-72.6283615083"><ele>116.72</ele><time>2024-08-28T02:50:49Z</time></trkpt><trkpt lat="-39.3691203464" lon="-72.6272142772"><ele>118.20</ele><time>2024-08-28T02:51:06Z</time></trkpt><trkpt lat="-39.3694364280" lon="-72.6268993691"><ele>117.93</ele><time>2024-08-28T02:51:14Z</time></trkpt><trkpt lat="-39.3698951695" lon="-72.6264565531"><ele>118.29</ele><time>2024-08-28T02:51:22Z</time></trkpt><trkpt lat="-39.3703716807" lon="-72.6260612626"><ele>117.62</ele><time>2024-08-28T02:51:32Z</time></trkpt><trkpt lat="-39.3704110757" lon="-72.6260878332"><ele>117.74</ele><time>2024-08-28T02:51:33Z</time></trkpt><trkpt lat="-39.3704508897" lon="-72.6261268090"><ele>117.71</ele><time>2024-08-28T02:51:34Z</time></trkpt><trkpt lat="-39.3704918772" lon="-72.6261787768"><ele>117.66</ele><time>2024-08-28T02:51:35Z</time></trkpt><trkpt lat="-39.3705303501" lon="-72.6262463350"><ele>117.67</ele><time>2024-08-28T02:51:36Z</time></trkpt><trkpt lat="-39.3705695774" lon="-72.6263141446"><ele>117.69</ele><time>2024-08-28T02:51:37Z</time></trkpt><trkpt lat="-39.3706088047" lon="-72.6263830438"><ele>117.55</ele><time>2024-08-28T02:51:38Z</time></trkpt><trkpt lat="-39.3711465038" lon="-72.6273796521"><ele>115.18</ele><time>2024-08-28T02:51:50Z</time></trkpt><trkpt lat="-39.3714161497" lon="-72.6278838236"><ele>112.62</ele><time>2024-08-28T02:51:56Z</time></trkpt><trkpt lat="-39.3716206681" lon="-72.6282432396"><ele>111.17</ele><time>2024-08-28T02:52:02Z</time></trkpt><trkpt lat="-39.3716288824" lon="-72.6282944530"><ele>111.15</ele><time>2024-08-28T02:52:03Z</time></trkpt><trkpt lat="-39.3716161419" lon="-72.6283501089"><ele>111.12</ele><time>2024-08-28T02:52:04Z</time></trkpt><trkpt lat="-39.3715889007" lon="-72.6284032501"><ele>111.38</ele><time>2024-08-28T02:52:05Z</time></trkpt><trkpt lat="-39.3715386931" lon="-72.6284592412"><ele>112.00</ele><time>2024-08-28T02:52:06Z</time></trkpt><trkpt lat="-39.3714811094" lon="-72.6285161544"><ele>112.24</ele><time>2024-08-28T02:52:07Z</time></trkpt><trkpt lat="-39.3714140542" lon="-72.6285795216"><ele>112.47</ele><time>2024-08-28T02:52:08Z</time></trkpt><trkpt lat="-39.3710168358" lon="-72.6289330702"><ele>115.60</ele><time>2024-08-28T02:52:14Z</time></trkpt><trkpt lat="-39.3707980681" lon="-72.6291235909"><ele>116.82</ele><time>2024-08-28T02:52:21Z</time></trkpt><trkpt lat="-39.3703041226" lon="-72.6295752078"><ele>117.30</ele><time>2024-08-28T02:52:29Z</time></trkpt><trkpt lat="-39.3693977036" lon="-72.6304265577"><ele>116.46</ele><time>2024-08-28T02:52:43Z</time></trkpt><trkpt lat="-39.3690164946" lon="-72.6307824533"><ele>115.52</ele><time>2024-08-28T02:52:52Z</time></trkpt><trkpt lat="-39.3685421627" lon="-72.6312095951"><ele>115.96</ele><time>2024-08-28T02:53:01Z</time></trkpt><trkpt lat="-39.3681998458" lon="-72.6315239165"><ele>115.32</ele><time>2024-08-28T02:53:10Z</time></trkpt><trkpt lat="-39.3682220578" lon="-72.6315137744"><ele>115.22</ele><time>2024-08-28T02:53:12Z</time></trkpt><trkpt lat="-39.3682477903" lon="-72.6314824261"><ele>115.30</ele><time>2024-08-28T02:53:14Z</time></trkpt><trkpt lat="-39.3683079723" lon="-72.6314019598"><ele>115.25</ele><time>2024-08-28T02:53:22Z</time></trkpt><trkpt lat="-39.3684305996" lon="-72.6313711982"><ele>115.36</ele><time>2024-08-28T02:53:27Z</time></trkpt><trkpt lat="-39.3688831385" lon="-72.6309276279"><ele>115.35</ele><time>2024-08-28T02:53:37Z</time></trkpt><trkpt lat="-39.3689747527" lon="-72.6307982113"><ele>115.59</ele><time>2024-08-28T02:53:41Z</time></trkpt><trkpt lat="-39.3689872418" lon="-72.6307338383"><ele>115.73</ele><time>2024-08-28T02:53:42Z</time></trkpt><trkpt lat="-39.3689853139" lon="-72.6306625921"><ele>115.66</ele><time>2024-08-28T02:53:43Z</time></trkpt><trkpt lat="-39.3689630181" lon="-72.6305817068"><ele>115.80</ele><time>2024-08-28T02:53:44Z</time></trkpt><trkpt lat="-39.3689286523" lon="-72.6305035874"><ele>115.82</ele><time>2024-08-28T02:53:45Z</time></trkpt><trkpt lat="-39.3688863236" lon="-72.6304212771"><ele>115.87</ele><time>2024-08-28T02:53:46Z</time></trkpt><trkpt lat="-39.3688394688" lon="-72.6303367037"><ele>115.96</ele><time>2024-08-28T02:53:47Z</time></trkpt><trkpt lat="-39.3682039529" lon="-72.6292626467"><ele>116.34</ele><time>2024-08-28T02:54:00Z</time></trkpt><trkpt lat="-39.3674790021" lon="-72.6279948838"><ele>116.32</ele><time>2024-08-28T02:54:15Z</time></trkpt><trkpt lat="-39.3667677976" lon="-72.6267722156"><ele>116.26</ele><time>2024-08-28T02:54:30Z</time></trkpt><trkpt lat="-39.3661554996" lon="-72.6256891061"><ele>116.70</ele><time>2024-08-28T02:54:44Z</time></trkpt><trkpt lat="-39.3658677489" lon="-72.6251681708"><ele>116.57</ele><time>2024-08-28T02:54:55Z</time></trkpt><trkpt lat="-39.3657623045" lon="-72.6250772271"><ele>116.94</ele><time>2024-08-28T02:54:59Z</time></trkpt><trkpt lat="-39.3657146953" lon="-72.6250780653"><ele>116.97</ele><time>2024-08-28T02:55:00Z</time></trkpt><trkpt lat="-39.3656634819" lon="-72.6250980981"><ele>117.13</ele><time>2024-08-28T02:55:01Z</time></trkpt><trkpt lat="-39.3656090833" lon="-72.6251395885"><ele>117.13</ele><time>2024-08-28T02:55:02Z</time></trkpt><trkpt lat="-39.3655471411" lon="-72.6251974236"><ele>117.20</ele><time>2024-08-28T02:55:03Z</time></trkpt><trkpt lat="-39.3654832710" lon="-72.6252610423"><ele>117.29</ele><time>2024-08-28T02:55:04Z</time></trkpt><trkpt lat="-39.3648848869" lon="-72.6258694846"><ele>116.68</ele><time>2024-08-28T02:55:16Z</time></trkpt><trkpt lat="-39.3647814542" lon="-72.6261211932"><ele>116.77</ele><time>2024-08-28T02:55:23Z</time></trkpt><trkpt lat="-39.3647930212" lon="-72.6261801179"><ele>116.66</ele><time>2024-08-28T02:55:24Z</time></trkpt><trkpt lat="-39.3648146465" lon="-72.6262358576"><ele>116.71</ele><time>2024-08-28T02:55:25Z</time></trkpt><trkpt lat="-39.3648444861" lon="-72.6262973808"><ele>116.67</ele><time>2024-08-28T02:55:26Z</time></trkpt><trkpt lat="-39.3648790196" lon="-72.6263620891"><ele>116.66</ele><time>2024-08-28T02:55:27Z</time></trkpt><trkpt lat="-39.3654451333" lon="-72.6273499802"><ele>116.43</ele><time>2024-08-28T02:55:40Z</time></trkpt><trkpt lat="-39.3661582656" lon="-72.6285988837"><ele>116.25</ele><time>2024-08-28T02:55:55Z</time></trkpt><trkpt lat="-39.3668998964" lon="-72.6298710052"><ele>115.96</ele><time>2024-08-28T02:56:10Z</time></trkpt><trkpt lat="-39.3677465525" lon="-72.6313840225"><ele>115.47</ele><time>2024-08-28T02:56:28Z</time></trkpt><trkpt lat="-39.3679426052" lon="-72.6318182889"><ele>115.28</ele><time>2024-08-28T02:56:36Z</time></trkpt><trkpt lat="-39.3679214828" lon="-72.6318601985"><ele>115.45</ele><time>2024-08-28T02:56:37Z</time></trkpt><trkpt lat="-39.3678870331" lon="-72.6319023594"><ele>115.45</ele><time>2024-08-28T02:56:38Z</time></trkpt><trkpt lat="-39.3678453751" lon="-72.6319447719"><ele>115.64</ele><time>2024-08-28T02:56:39Z</time></trkpt><trkpt lat="-39.3677971791" lon="-72.6319850050"><ele>115.61</ele><time>2024-08-28T02:56:40Z</time></trkpt><trkpt lat="-39.3673029821" lon="-72.6324080396"><ele>115.27</ele><time>2024-08-28T02:56:50Z</time></trkpt><trkpt lat="-39.3672412075" lon="-72.6323913597"><ele>115.33</ele><time>2024-08-28T02:56:52Z</time></trkpt><trkpt lat="-39.3672099430" lon="-72.6323634479"><ele>115.29</ele><time>2024-08-28T02:56:53Z</time></trkpt><trkpt lat="-39.3669112958" lon="-72.6320449356"><ele>115.14</ele><time>2024-08-28T02:57:02Z</time></trkpt><trkpt lat="-39.3668749183" lon="-72.6320057083"><ele>115.32</ele><time>2024-08-28T02:57:03Z</time></trkpt><trkpt lat="-39.3668398820" lon="-72.6319622900"><ele>115.22</ele><time>2024-08-28T02:57:04Z</time></trkpt><trkpt lat="-39.3666263111" lon="-72.6316213980"><ele>115.52</ele><time>2024-08-28T02:57:11Z</time></trkpt><trkpt lat="-39.3666014168" lon="-72.6315792371"><ele>115.46</ele><time>2024-08-28T02:57:12Z</time></trkpt><trkpt lat="-39.3665806297" lon="-72.6315442845"><ele>115.40</ele><time>2024-08-28T02:57:13Z</time></trkpt><trkpt lat="-39.3665652908" lon="-72.6315102540"><ele>115.47</ele><time>2024-08-28T02:57:14Z</time></trkpt><trkpt lat="-39.3665530533" lon="-72.6314784028"><ele>115.49</ele><time>2024-08-28T02:57:15Z</time></trkpt><trkpt lat="-39.3665478565" lon="-72.6314428635"><ele>115.24</ele><time>2024-08-28T02:57:16Z</time></trkpt><trkpt lat="-39.3665449228" lon="-72.6314029656"><ele>115.38</ele><time>2024-08-28T02:57:17Z</time></trkpt><trkpt lat="-39.3665569089" lon="-72.6313595474"><ele>115.34</ele><time>2024-08-28T02:57:18Z</time></trkpt><trkpt lat="-39.3665859941" lon="-72.6313173864"><ele>115.28</ele><time>2024-08-28T02:57:19Z</time></trkpt><trkpt lat="-39.3666301668" lon="-72.6312701963"><ele>115.50</ele><time>2024-08-28T02:57:20Z</time></trkpt><trkpt lat="-39.3666840624" lon="-72.6312225871"><ele>115.63</ele><time>2024-08-28T02:57:21Z</time></trkpt><trkpt lat="-39.3672461528" lon="-72.6306854747"><ele>115.49</ele><time>2024-08-28T02:57:30Z</time></trkpt><trkpt lat="-39.3673034851" lon="-72.6306469180"><ele>115.32</ele><time>2024-08-28T02:57:32Z</time></trkpt><trkpt lat="-39.3673304748" lon="-72.6306362730"><ele>115.33</ele><time>2024-08-28T02:57:33Z</time></trkpt><trkpt lat="-39.3673600629" lon="-72.6306419726"><ele>115.52</ele><time>2024-08-28T02:57:34Z</time></trkpt><trkpt lat="-39.3674005475" lon="-72.6306780986"><ele>115.61</ele><time>2024-08-28T02:57:35Z</time></trkpt><trkpt lat="-39.3674510904" lon="-72.6307351794"><ele>115.82</ele><time>2024-08-28T02:57:36Z</time></trkpt><trkpt lat="-39.3675023876" lon="-72.6308065094"><ele>115.76</ele><time>2024-08-28T02:57:37Z</time></trkpt><trkpt lat="-39.3675497454" lon="-72.6308895741"><ele>115.82</ele><time>2024-08-28T02:57:38Z</time></trkpt><trkpt lat="-39.3676016293" lon="-72.6309764106"><ele>115.81</ele><time>2024-08-28T02:57:39Z</time></trkpt><trkpt lat="-39.3683238979" lon="-72.6322590094"><ele>115.60</ele><time>2024-08-28T02:57:54Z</time></trkpt><trkpt lat="-39.3685890175" lon="-72.6327337604"><ele>115.47</ele><time>2024-08-28T02:58:04Z</time></trkpt><trkpt lat="-39.3685887661" lon="-72.6327500213"><ele>115.73</ele><time>2024-08-28T02:58:32Z</time></trkpt><trkpt lat="-39.3686070386" lon="-72.6327675395"><ele>115.73</ele><time>2024-08-28T02:58:33Z</time></trkpt><trkpt lat="-39.3686684780" lon="-72.6327899192"><ele>115.93</ele><time>2024-08-28T02:58:35Z</time></trkpt><trkpt lat="-39.3687085435" lon="-72.6327832136"><ele>116.05</ele><time>2024-08-28T02:58:36Z</time></trkpt><trkpt lat="-39.3687571585" lon="-72.6327613369"><ele>116.12</ele><time>2024-08-28T02:58:37Z</time></trkpt><trkpt lat="-39.3688017502" lon="-72.6327294018"><ele>116.09</ele><time>2024-08-28T02:58:38Z</time></trkpt><trkpt lat="-39.3688488565" lon="-72.6326875761"><ele>116.10</ele><time>2024-08-28T02:58:39Z</time></trkpt><trkpt lat="-39.3694210891" lon="-72.6321179420"><ele>116.07</ele><time>2024-08-28T02:58:52Z</time></trkpt><trkpt lat="-39.3694819417" lon="-72.6320318598"><ele>116.01</ele><time>2024-08-28T02:59:01Z</time></trkpt><trkpt lat="-39.3696399406" lon="-72.6318811532"><ele>116.35</ele><time>2024-08-28T02:59:22Z</time></trkpt><trkpt lat="-39.3702495564" lon="-72.6312893070"><ele>116.94</ele><time>2024-08-28T02:59:33Z</time></trkpt><trkpt lat="-39.3711290695" lon="-72.6304163318"><ele>116.59</ele><time>2024-08-28T02:59:47Z</time></trkpt><trkpt lat="-39.3718204089" lon="-72.6297489647"><ele>112.70</ele><time>2024-08-28T02:59:59Z</time></trkpt><trkpt lat="-39.3721930683" lon="-72.6293877047"><ele>111.27</ele><time>2024-08-28T03:00:06Z</time></trkpt><trkpt lat="-39.3722258415" lon="-72.6293680072"><ele>111.23</ele><time>2024-08-28T03:00:07Z</time></trkpt><trkpt lat="-39.3722615484" lon="-72.6293552667"><ele>111.14</ele><time>2024-08-28T03:00:08Z</time></trkpt><trkpt lat="-39.3723005243" lon="-72.6293603797"><ele>111.21</ele><time>2024-08-28T03:00:09Z</time></trkpt><trkpt lat="-39.3723396678" lon="-72.6293883752"><ele>111.31</ele><time>2024-08-28T03:00:10Z</time></trkpt><trkpt lat="-39.3723839242" lon="-72.6294384990"><ele>111.41</ele><time>2024-08-28T03:00:11Z</time></trkpt><trkpt lat="-39.3724298570" lon="-72.6295047160"><ele>111.45</ele><time>2024-08-28T03:00:12Z</time></trkpt><trkpt lat="-39.3724810705" lon="-72.6295879483"><ele>111.67</ele><time>2024-08-28T03:00:13Z</time></trkpt><trkpt lat="-39.3725362234" lon="-72.6296861842"><ele>111.64</ele><time>2024-08-28T03:00:14Z</time></trkpt><trkpt lat="-39.3729151692" lon="-72.6304399688"><ele>110.64</ele><time>2024-08-28T03:00:24Z</time></trkpt><trkpt lat="-39.3729083799" lon="-72.6304937806"><ele>110.89</ele><time>2024-08-28T03:00:25Z</time></trkpt><trkpt lat="-39.3728839047" lon="-72.6305525377"><ele>111.08</ele><time>2024-08-28T03:00:26Z</time></trkpt><trkpt lat="-39.3728395645" lon="-72.6306116302"><ele>111.10</ele><time>2024-08-28T03:00:27Z</time></trkpt><trkpt lat="-39.3727798015" lon="-72.6306749135"><ele>111.28</ele><time>2024-08-28T03:00:28Z</time></trkpt><trkpt lat="-39.3727124110" lon="-72.6307426393"><ele>111.37</ele><time>2024-08-28T03:00:29Z</time></trkpt><trkpt lat="-39.3721403461" lon="-72.6312756445"><ele>112.93</ele><time>2024-08-28T03:00:39Z</time></trkpt><trkpt lat="-39.3716562074" lon="-72.6317113359"><ele>115.24</ele><time>2024-08-28T03:00:47Z</time></trkpt><trkpt lat="-39.3711772654" lon="-72.6321533974"><ele>116.95</ele><time>2024-08-28T03:00:56Z</time></trkpt><trkpt lat="-39.3706659693" lon="-72.6326391287"><ele>117.14</ele><time>2024-08-28T03:01:04Z</time></trkpt><trkpt lat="-39.3703465350" lon="-72.6329340879"><ele>116.39</ele><time>2024-08-28T03:01:12Z</time></trkpt><trkpt lat="-39.3699553516" lon="-72.6333119441"><ele>116.73</ele><time>2024-08-28T03:01:20Z</time></trkpt><trkpt lat="-39.3694243580" lon="-72.6338308677"><ele>115.42</ele><time>2024-08-28T03:01:30Z</time></trkpt><trkpt lat="-39.3693196680" lon="-72.6339909621"><ele>115.21</ele><time>2024-08-28T03:01:36Z</time></trkpt><trkpt lat="-39.3693185784" lon="-72.6340518985"><ele>115.30</ele><time>2024-08-28T03:01:37Z</time></trkpt><trkpt lat="-39.3693300616" lon="-72.6341232285"><ele>115.46</ele><time>2024-08-28T03:01:38Z</time></trkpt><trkpt lat="-39.3693542015" lon="-72.6341936365"><ele>115.50</ele><time>2024-08-28T03:01:39Z</time></trkpt><trkpt lat="-39.3693885673" lon="-72.6342793833"><ele>115.63</ele><time>2024-08-28T03:01:40Z</time></trkpt><trkpt lat="-39.3694331590" lon="-72.6343695726"><ele>115.80</ele><time>2024-08-28T03:01:41Z</time></trkpt><trkpt lat="-39.3698747177" lon="-72.6350798551"><ele>115.66</ele><time>2024-08-28T03:01:51Z</time></trkpt><trkpt lat="-39.3699114304" lon="-72.6351014804"><ele>115.74</ele><time>2024-08-28T03:01:52Z</time></trkpt><trkpt lat="-39.3699549325" lon="-72.6350983791"><ele>115.73</ele><time>2024-08-28T03:01:53Z</time></trkpt><trkpt lat="-39.3700048048" lon="-72.6350769214"><ele>115.65</ele><time>2024-08-28T03:01:54Z</time></trkpt><trkpt lat="-39.3700547609" lon="-72.6350405440"><ele>115.88</ele><time>2024-08-28T03:01:55Z</time></trkpt><trkpt lat="-39.3701094948" lon="-72.6349921804"><ele>116.10</ele><time>2024-08-28T03:01:56Z</time></trkpt><trkpt lat="-39.3701687548" lon="-72.6349313278"><ele>116.27</ele><time>2024-08-28T03:01:57Z</time></trkpt><trkpt lat="-39.3702303618" lon="-72.6348633505"><ele>116.40</ele><time>2024-08-28T03:01:58Z</time></trkpt><trkpt lat="-39.3707997445" lon="-72.6342585124"><ele>116.44</ele><time>2024-08-28T03:02:09Z</time></trkpt><trkpt lat="-39.3709269818" lon="-72.6341226418"><ele>116.77</ele><time>2024-08-28T03:02:14Z</time></trkpt><trkpt lat="-39.3713938538" lon="-72.6336509082"><ele>115.64</ele><time>2024-08-28T03:02:22Z</time></trkpt><trkpt lat="-39.3717583828" lon="-72.6332966890"><ele>113.32</ele><time>2024-08-28T03:02:30Z</time></trkpt><trkpt lat="-39.3720481452" lon="-72.6330187451"><ele>113.39</ele><time>2024-08-28T03:02:37Z</time></trkpt><trkpt lat="-39.3726741057" lon="-72.6324115600"><ele>112.67</ele><time>2024-08-28T03:02:50Z</time></trkpt><trkpt lat="-39.3731382117" lon="-72.6319675706"><ele>112.28</ele><time>2024-08-28T03:02:58Z</time></trkpt><trkpt lat="-39.3736173213" lon="-72.6315066498"><ele>111.48</ele><time>2024-08-28T03:03:08Z</time></trkpt><trkpt lat="-39.3740994483" lon="-72.6310311444"><ele>111.37</ele><time>2024-08-28T03:03:16Z</time></trkpt><trkpt lat="-39.3745612074" lon="-72.6306439005"><ele>111.08</ele><time>2024-08-28T03:03:26Z</time></trkpt><trkpt lat="-39.3752047699" lon="-72.6300290041"><ele>109.85</ele><time>2024-08-28T03:03:36Z</time></trkpt><trkpt lat="-39.3753057718" lon="-72.6299490407"><ele>109.31</ele><time>2024-08-28T03:03:38Z</time></trkpt><trkpt lat="-39.3753507826" lon="-72.6299372222"><ele>109.17</ele><time>2024-08-28T03:03:39Z</time></trkpt><trkpt lat="-39.3753953744" lon="-72.6299570873"><ele>109.38</ele><time>2024-08-28T03:03:40Z</time></trkpt><trkpt lat="-39.3754344340" lon="-72.6299960632"><ele>109.52</ele><time>2024-08-28T03:03:41Z</time></trkpt><trkpt lat="-39.3754729070" lon="-72.6300622802"><ele>109.67</ele><time>2024-08-28T03:03:42Z</time></trkpt><trkpt lat="-39.3755143974" lon="-72.6301411539"><ele>109.70</ele><time>2024-08-28T03:03:43Z</time></trkpt><trkpt lat="-39.3755569775" lon="-72.6302227937"><ele>109.74</ele><time>2024-08-28T03:03:44Z</time></trkpt><trkpt lat="-39.3759620748" lon="-72.6310187392"><ele>109.54</ele><time>2024-08-28T03:03:54Z</time></trkpt><trkpt lat="-39.3759614043" lon="-72.6310646720"><ele>109.67</ele><time>2024-08-28T03:03:55Z</time></trkpt><trkpt lat="-39.3759360909" lon="-72.6311135385"><ele>109.86</ele><time>2024-08-28T03:03:56Z</time></trkpt><trkpt lat="-39.3758929241" lon="-72.6311634108"><ele>109.85</ele><time>2024-08-28T03:03:57Z</time></trkpt><trkpt lat="-39.3758409563" lon="-72.6312142052"><ele>109.93</ele><time>2024-08-28T03:03:58Z</time></trkpt><trkpt lat="-39.3757829536" lon="-72.6312665921"><ele>109.94</ele><time>2024-08-28T03:03:59Z</time></trkpt><trkpt lat="-39.3751469348" lon="-72.6318859309"><ele>110.36</ele><time>2024-08-28T03:04:11Z</time></trkpt><trkpt lat="-39.3746264186" lon="-72.6323736738"><ele>110.92</ele><time>2024-08-28T03:04:21Z</time></trkpt><trkpt lat="-39.3742197286" lon="-72.6327592414"><ele>112.02</ele><time>2024-08-28T03:04:31Z</time></trkpt><trkpt lat="-39.3736830354" lon="-72.6332739741"><ele>112.57</ele><time>2024-08-28T03:04:42Z</time></trkpt><trkpt lat="-39.3733177520" lon="-72.6336256787"><ele>112.81</ele><time>2024-08-28T03:04:52Z</time></trkpt><trkpt lat="-39.3727827352" lon="-72.6341456082"><ele>113.17</ele><time>2024-08-28T03:05:00Z</time></trkpt><trkpt lat="-39.3719054013" lon="-72.6349664479"><ele>113.81</ele><time>2024-08-28T03:05:13Z</time></trkpt><trkpt lat="-39.3716400303" lon="-72.6352236047"><ele>114.81</ele><time>2024-08-28T03:05:20Z</time></trkpt><trkpt lat="-39.3712339271" lon="-72.6356201526"><ele>116.08</ele><time>2024-08-28T03:05:28Z</time></trkpt><trkpt lat="-39.3707287498" lon="-72.6360961609"><ele>116.31</ele><time>2024-08-28T03:05:38Z</time></trkpt><trkpt lat="-39.3706524745" lon="-72.6361839194"><ele>116.25</ele><time>2024-08-28T03:05:41Z</time></trkpt><trkpt lat="-39.3706301786" lon="-72.6362358034"><ele>116.42</ele><time>2024-08-28T03:05:42Z</time></trkpt><trkpt lat="-39.3706230540" lon="-72.6363027748"><ele>116.35</ele><time>2024-08-28T03:05:43Z</time></trkpt><trkpt lat="-39.3706336152" lon="-72.6363845821"><ele>116.48</ele><time>2024-08-28T03:05:44Z</time></trkpt><trkpt lat="-39.3706637062" lon="-72.6364691556"><ele>116.38</ele><time>2024-08-28T03:05:45Z</time></trkpt><trkpt lat="-39.3707117345" lon="-72.6365506276"><ele>116.49</ele><time>2024-08-28T03:05:46Z</time></trkpt><trkpt lat="-39.3707707431" lon="-72.6366404817"><ele>116.60</ele><time>2024-08-28T03:05:47Z</time></trkpt><trkpt lat="-39.3712846376" lon="-72.6374184061"><ele>115.63</ele><time>2024-08-28T03:05:57Z</time></trkpt><trkpt lat="-39.3713261280" lon="-72.6374340802"><ele>115.48</ele><time>2024-08-28T03:05:58Z</time></trkpt><trkpt lat="-39.3713709712" lon="-72.6374258660"><ele>115.34</ele><time>2024-08-28T03:05:59Z</time></trkpt><trkpt lat="-39.3714243639" lon="-72.6373955235"><ele>115.14</ele><time>2024-08-28T03:06:00Z</time></trkpt><trkpt lat="-39.3714741524" lon="-72.6373540331"><ele>115.22</ele><time>2024-08-28T03:06:01Z</time></trkpt><trkpt lat="-39.3715261202" lon="-72.6373072620"><ele>115.03</ele><time>2024-08-28T03:06:02Z</time></trkpt><trkpt lat="-39.3723736983" lon="-72.6364976540"><ele>112.80</ele><time>2024-08-28T03:06:16Z</time></trkpt><trkpt lat="-39.3733823765" lon="-72.6355239283"><ele>112.44</ele><time>2024-08-28T03:06:30Z</time></trkpt><trkpt lat="-39.3744053878" lon="-72.6345362887"><ele>112.46</ele><time>2024-08-28T03:06:45Z</time></trkpt><trkpt lat="-39.3749111518" lon="-72.6340421755"><ele>111.90</ele><time>2024-08-28T03:06:54Z</time></trkpt><trkpt lat="-39.3762078322" lon="-72.6327552181"><ele>111.05</ele><time>2024-08-28T03:07:12Z</time></trkpt><trkpt lat="-39.3771714997" lon="-72.6317260880"><ele>113.64</ele><time>2024-08-28T03:07:26Z</time></trkpt><trkpt lat="-39.3779244460" lon="-72.6310065016"><ele>113.16</ele><time>2024-08-28T03:07:38Z</time></trkpt><trkpt lat="-39.3780744821" lon="-72.6308769174"><ele>112.95</ele><time>2024-08-28T03:07:44Z</time></trkpt><trkpt lat="-39.3781346641" lon="-72.6308431383"><ele>112.98</ele><time>2024-08-28T03:07:45Z</time></trkpt><trkpt lat="-39.3782038148" lon="-72.6308135502"><ele>113.09</ele><time>2024-08-28T03:07:46Z</time></trkpt><trkpt lat="-39.3791542388" lon="-72.6304077823"><ele>112.26</ele><time>2024-08-28T03:07:58Z</time></trkpt><trkpt lat="-39.3802624103" lon="-72.6299286727"><ele>112.21</ele><time>2024-08-28T03:08:14Z</time></trkpt><trkpt lat="-39.3811424263" lon="-72.6295530796"><ele>112.60</ele><time>2024-08-28T03:08:28Z</time></trkpt><trkpt lat="-39.3819427304" lon="-72.6291802526"><ele>112.85</ele><time>2024-08-28T03:08:41Z</time></trkpt><trkpt lat="-39.3825264461" lon="-72.6289172284"><ele>112.93</ele><time>2024-08-28T03:08:52Z</time></trkpt><trkpt lat="-39.3835832365" lon="-72.6284979656"><ele>113.97</ele><time>2024-08-28T03:09:07Z</time></trkpt><trkpt lat="-39.3837176822" lon="-72.6284210198"><ele>113.69</ele><time>2024-08-28T03:09:10Z</time></trkpt><trkpt lat="-39.3837318476" lon="-72.6283832174"><ele>113.79</ele><time>2024-08-28T03:09:11Z</time></trkpt><trkpt lat="-39.3837295007" lon="-72.6283333451"><ele>113.74</ele><time>2024-08-28T03:09:12Z</time></trkpt><trkpt lat="-39.3837148324" lon="-72.6282817125"><ele>113.78</ele><time>2024-08-28T03:09:13Z</time></trkpt><trkpt lat="-39.3836874235" lon="-72.6282362826"><ele>113.61</ele><time>2024-08-28T03:09:14Z</time></trkpt><trkpt lat="-39.3836488668" lon="-72.6281929482"><ele>113.59</ele><time>2024-08-28T03:09:15Z</time></trkpt><trkpt lat="-39.3836049456" lon="-72.6281448361"><ele>113.72</ele><time>2024-08-28T03:09:16Z</time></trkpt><trkpt lat="-39.3831515685" lon="-72.6276102383"><ele>113.91</ele><time>2024-08-28T03:09:26Z</time></trkpt><trkpt lat="-39.3831158616" lon="-72.6275840867"><ele>113.77</ele><time>2024-08-28T03:09:27Z</time></trkpt><trkpt lat="-39.3830786459" lon="-72.6275716815"><ele>113.61</ele><time>2024-08-28T03:09:28Z</time></trkpt><trkpt lat="-39.3830358982" lon="-72.6275692508"><ele>113.68</ele><time>2024-08-28T03:09:29Z</time></trkpt><trkpt lat="-39.3829855230" lon="-72.6275824942"><ele>113.70</ele><time>2024-08-28T03:09:30Z</time></trkpt><trkpt lat="-39.3829308730" lon="-72.6276065502"><ele>113.72</ele><time>2024-08-28T03:09:31Z</time></trkpt><trkpt lat="-39.3828718644" lon="-72.6276349649"><ele>113.82</ele><time>2024-08-28T03:09:32Z</time></trkpt><trkpt lat="-39.3825942557" lon="-72.6277692430"><ele>113.27</ele><time>2024-08-28T03:09:39Z</time></trkpt><trkpt lat="-39.3822507653" lon="-72.6279114000"><ele>112.62</ele><time>2024-08-28T03:09:48Z</time></trkpt><trkpt lat="-39.3820931017" lon="-72.6279925369"><ele>112.76</ele><time>2024-08-28T03:09:56Z</time></trkpt><trkpt lat="-39.3820750806" lon="-72.6279989909"><ele>112.95</ele><time>2024-08-28T03:09:57Z</time></trkpt><trkpt lat="-39.3819041736" lon="-72.6281029265"><ele>112.82</ele><time>2024-08-28T03:10:11Z</time></trkpt><trkpt lat="-39.3818439078" lon="-72.6281335205"><ele>112.91</ele><time>2024-08-28T03:10:13Z</time></trkpt><trkpt lat="-39.3813705817" lon="-72.6283015776"><ele>112.54</ele><time>2024-08-28T03:10:28Z</time></trkpt><trkpt lat="-39.3813524768" lon="-72.6283209398"><ele>112.52</ele><time>2024-08-28T03:10:30Z</time></trkpt><trkpt lat="-39.3813441787" lon="-72.6283337642"><ele>112.36</ele><time>2024-08-28T03:10:31Z</time></trkpt><trkpt lat="-39.3813424185" lon="-72.6283584069"><ele>112.50</ele><time>2024-08-28T03:10:32Z</time></trkpt><trkpt lat="-39.3813464418" lon="-72.6283888333"><ele>112.62</ele><time>2024-08-28T03:10:33Z</time></trkpt><trkpt lat="-39.3813522253" lon="-72.6284200978"><ele>112.73</ele><time>2024-08-28T03:10:34Z</time></trkpt><trkpt lat="-39.3815098889" lon="-72.6289360039"><ele>113.02</ele><time>2024-08-28T03:10:45Z</time></trkpt><trkpt lat="-39.3815696519" lon="-72.6292951684"><ele>112.49</ele><time>2024-08-28T03:10:54Z</time></trkpt><trkpt lat="-39.3815518823" lon="-72.6293269359"><ele>112.62</ele><time>2024-08-28T03:10:55Z</time></trkpt><trkpt lat="-39.3815258984" lon="-72.6293519139"><ele>112.56</ele><time>2024-08-28T03:10:56Z</time></trkpt><trkpt lat="-39.3814849108" lon="-72.6293685101"><ele>112.80</ele><time>2024-08-28T03:10:57Z</time></trkpt><trkpt lat="-39.3814400677" lon="-72.6293829270"><ele>112.77</ele><time>2024-08-28T03:10:58Z</time></trkpt><trkpt lat="-39.3807603791" lon="-72.6296774670"><ele>112.73</ele><time>2024-08-28T03:11:07Z</time></trkpt><trkpt lat="-39.3806270231" lon="-72.6297469530"><ele>112.37</ele><time>2024-08-28T03:11:09Z</time></trkpt><trkpt lat="-39.3805815931" lon="-72.6297545806"><ele>112.11</ele><time>2024-08-28T03:11:10Z</time></trkpt><trkpt lat="-39.3805434555" lon="-72.6297457796"><ele>112.03</ele><time>2024-08-28T03:11:11Z</time></trkpt><trkpt lat="-39.3805101793" lon="-72.6297228131"><ele>112.05</ele><time>2024-08-28T03:11:12Z</time></trkpt><trkpt lat="-39.3804839440" lon="-72.6296750363"><ele>112.22</ele><time>2024-08-28T03:11:13Z</time></trkpt><trkpt lat="-39.3804637436" lon="-72.6296099089"><ele>112.33</ele><time>2024-08-28T03:11:14Z</time></trkpt><trkpt lat="-39.3804453872" lon="-72.6295382436"><ele>112.26</ele><time>2024-08-28T03:11:15Z</time></trkpt><trkpt lat="-39.3804246839" lon="-72.6294640638"><ele>112.42</ele><time>2024-08-28T03:11:16Z</time></trkpt><trkpt lat="-39.3801552895" lon="-72.6284750830"><ele>112.92</ele><time>2024-08-28T03:11:27Z</time></trkpt><trkpt lat="-39.3800143059" lon="-72.6278945524"><ele>112.44</ele><time>2024-08-28T03:11:37Z</time></trkpt><trkpt lat="-39.3800660223" lon="-72.6278215460"><ele>112.79</ele><time>2024-08-28T03:11:39Z</time></trkpt><trkpt lat="-39.3801148050" lon="-72.6277954783"><ele>112.91</ele><time>2024-08-28T03:11:40Z</time></trkpt><trkpt lat="-39.3808233272" lon="-72.6275103260"><ele>112.77</ele><time>2024-08-28T03:11:51Z</time></trkpt><trkpt lat="-39.3809815776" lon="-72.6274426002"><ele>112.77</ele><time>2024-08-28T03:11:54Z</time></trkpt><trkpt lat="-39.3810419273" lon="-72.6274130121"><ele>112.38</ele><time>2024-08-28T03:11:56Z</time></trkpt><trkpt lat="-39.3810569309" lon="-72.6273871120"><ele>112.40</ele><time>2024-08-28T03:11:57Z</time></trkpt><trkpt lat="-39.3810648099" lon="-72.6273567695"><ele>112.36</ele><time>2024-08-28T03:11:58Z</time></trkpt><trkpt lat="-39.3810621276" lon="-72.6273204759"><ele>112.37</ele><time>2024-08-28T03:11:59Z</time></trkpt><trkpt lat="-39.3810481299" lon="-72.6272763032"><ele>112.49</ele><time>2024-08-28T03:12:00Z</time></trkpt><trkpt lat="-39.3810314499" lon="-72.6272259280"><ele>112.56</ele><time>2024-08-28T03:12:01Z</time></trkpt><trkpt lat="-39.3809974194" lon="-72.6269408595"><ele>112.82</ele><time>2024-08-28T03:12:08Z</time></trkpt><trkpt lat="-39.3810268398" lon="-72.6269240119"><ele>113.00</ele><time>2024-08-28T03:12:09Z</time></trkpt><trkpt lat="-39.3810677435" lon="-72.6269070804"><ele>113.09</ele><time>2024-08-28T03:12:10Z</time></trkpt><trkpt lat="-39.3811192084" lon="-72.6268885564"><ele>113.07</ele><time>2024-08-28T03:12:11Z</time></trkpt><trkpt lat="-39.3811804801" lon="-72.6268601418"><ele>113.25</ele><time>2024-08-28T03:12:12Z</time></trkpt><trkpt lat="-39.3812475353" lon="-72.6268292964"><ele>113.37</ele><time>2024-08-28T03:12:13Z</time></trkpt><trkpt lat="-39.3816496152" lon="-72.6266763266"><ele>113.15</ele><time>2024-08-28T03:12:22Z</time></trkpt><trkpt lat="-39.3816733360" lon="-72.6267037354"><ele>113.19</ele><time>2024-08-28T03:12:23Z</time></trkpt><trkpt lat="-39.3816921115" lon="-72.6267518476"><ele>113.27</ele><time>2024-08-28T03:12:24Z</time></trkpt><trkpt lat="-39.3817098811" lon="-72.6268111914"><ele>113.24</ele><time>2024-08-28T03:12:25Z</time></trkpt><trkpt lat="-39.3817261420" lon="-72.6268733852"><ele>113.31</ele><time>2024-08-28T03:12:26Z</time></trkpt><trkpt lat="-39.3817610107" lon="-72.6270716172"><ele>112.96</ele><time>2024-08-28T03:12:31Z</time></trkpt><trkpt lat="-39.3817495275" lon="-72.6271060668"><ele>113.05</ele><time>2024-08-28T03:12:32Z</time></trkpt><trkpt lat="-39.3817127310" lon="-72.6271314640"><ele>113.23</ele><time>2024-08-28T03:12:33Z</time></trkpt><trkpt lat="-39.3816650379" lon="-72.6271592919"><ele>113.31</ele><time>2024-08-28T03:12:34Z</time></trkpt><trkpt lat="-39.3816078734" lon="-72.6271864492"><ele>113.41</ele><time>2024-08-28T03:12:35Z</time></trkpt><trkpt lat="-39.3811271712" lon="-72.6274081506"><ele>112.39</ele><time>2024-08-28T03:12:43Z</time></trkpt><trkpt lat="-39.3810772151" lon="-72.6274371520"><ele>112.52</ele><time>2024-08-28T03:12:44Z</time></trkpt><trkpt lat="-39.3810212240" lon="-72.6274642255"><ele>112.58</ele><time>2024-08-28T03:12:45Z</time></trkpt><trkpt lat="-39.3809598684" lon="-72.6274907123"><ele>112.64</ele><time>2024-08-28T03:12:46Z</time></trkpt><trkpt lat="-39.3808970042" lon="-72.6275144331"><ele>112.75</ele><time>2024-08-28T03:12:47Z</time></trkpt><trkpt lat="-39.3804852013" lon="-72.6276842505"><ele>112.69</ele><time>2024-08-28T03:12:54Z</time></trkpt><trkpt lat="-39.3804527633" lon="-72.6277076360"><ele>112.59</ele><time>2024-08-28T03:12:55Z</time></trkpt><trkpt lat="-39.3804338202" lon="-72.6277378108"><ele>112.49</ele><time>2024-08-28T03:12:56Z</time></trkpt><trkpt lat="-39.3804286234" lon="-72.6277763676"><ele>112.56</ele><time>2024-08-28T03:12:57Z</time></trkpt><trkpt lat="-39.3804318085" lon="-72.6278203726"><ele>112.57</ele><time>2024-08-28T03:12:58Z</time></trkpt><trkpt lat="-39.3804444652" lon="-72.6278679818"><ele>112.69</ele><time>2024-08-28T03:12:59Z</time></trkpt><trkpt lat="-39.3804611452" lon="-72.6279251464"><ele>112.70</ele><time>2024-08-28T03:13:00Z</time></trkpt><trkpt lat="-39.3807152845" lon="-72.6288445573"><ele>113.25</ele><time>2024-08-28T03:13:12Z</time></trkpt><trkpt lat="-39.3808909692" lon="-72.6295652334"><ele>112.12</ele><time>2024-08-28T03:13:24Z</time></trkpt><trkpt lat="-39.3810441904" lon="-72.6296405029"><ele>112.24</ele><time>2024-08-28T03:13:30Z</time></trkpt><trkpt lat="-39.3810768798" lon="-72.6296696719"><ele>112.55</ele><time>2024-08-28T03:13:31Z</time></trkpt><trkpt lat="-39.3811019417" lon="-72.6297182031"><ele>112.54</ele><time>2024-08-28T03:13:32Z</time></trkpt><trkpt lat="-39.3811271712" lon="-72.6297821570"><ele>112.61</ele><time>2024-08-28T03:13:33Z</time></trkpt><trkpt lat="-39.3811494671" lon="-72.6298584323"><ele>112.85</ele><time>2024-08-28T03:13:34Z</time></trkpt><trkpt lat="-39.3811716791" lon="-72.6299385633"><ele>112.96</ele><time>2024-08-28T03:13:35Z</time></trkpt><trkpt lat="-39.3813854177" lon="-72.6306834631"><ele>112.11</ele><time>2024-08-28T03:13:47Z</time></trkpt><trkpt lat="-39.3815620244" lon="-72.6312631555"><ele>112.36</ele><time>2024-08-28T03:13:56Z</time></trkpt><trkpt lat="-39.3816610146" lon="-72.6319381502"><ele>111.54</ele><time>2024-08-28T03:14:06Z</time></trkpt><trkpt lat="-39.3816317618" lon="-72.6319846697"><ele>111.60</ele><time>2024-08-28T03:14:07Z</time></trkpt><trkpt lat="-39.3815933727" lon="-72.6320377272"><ele>111.59</ele><time>2024-08-28T03:14:08Z</time></trkpt><trkpt lat="-39.3814237230" lon="-72.6322480291"><ele>111.21</ele><time>2024-08-28T03:14:12Z</time></trkpt><trkpt lat="-39.3813847471" lon="-72.6322772820"><ele>111.17</ele><time>2024-08-28T03:14:13Z</time></trkpt><trkpt lat="-39.3813503813" lon="-72.6322806347"><ele>111.30</ele><time>2024-08-28T03:14:14Z</time></trkpt><trkpt lat="-39.3813140877" lon="-72.6322569139"><ele>111.41</ele><time>2024-08-28T03:14:15Z</time></trkpt><trkpt lat="-39.3812821526" lon="-72.6322165970"><ele>111.48</ele><time>2024-08-28T03:14:16Z</time></trkpt><trkpt lat="-39.3812555820" lon="-72.6321538165"><ele>111.52</ele><time>2024-08-28T03:14:17Z</time></trkpt><trkpt lat="-39.3812347949" lon="-72.6320628729"><ele>111.72</ele><time>2024-08-28T03:14:18Z</time></trkpt><trkpt lat="-39.3812075537" lon="-72.6319586858"><ele>111.88</ele><time>2024-08-28T03:14:19Z</time></trkpt><trkpt lat="-39.3808200583" lon="-72.6303337701"><ele>112.61</ele><time>2024-08-28T03:14:34Z</time></trkpt><trkpt lat="-39.3806763925" lon="-72.6297701709"><ele>112.17</ele><time>2024-08-28T03:14:43Z</time></trkpt><trkpt lat="-39.3805616442" lon="-72.6297047921"><ele>112.07</ele><time>2024-08-28T03:14:47Z</time></trkpt><trkpt lat="-39.3805146217" lon="-72.6297149342"><ele>112.20</ele><time>2024-08-28T03:14:48Z</time></trkpt><trkpt lat="-39.3804539368" lon="-72.6297399122"><ele>112.32</ele><time>2024-08-28T03:14:49Z</time></trkpt><trkpt lat="-39.3803887255" lon="-72.6297715958"><ele>112.28</ele><time>2024-08-28T03:14:50Z</time></trkpt><trkpt lat="-39.3803254422" lon="-72.6298025250"><ele>112.34</ele><time>2024-08-28T03:14:51Z</time></trkpt><trkpt lat="-39.3798046745" lon="-72.6300497074"><ele>111.82</ele><time>2024-08-28T03:15:01Z</time></trkpt><trkpt lat="-39.3797635194" lon="-72.6300483663"><ele>111.91</ele><time>2024-08-28T03:15:02Z</time></trkpt><trkpt lat="-39.3797239568" lon="-72.6300260704"><ele>112.09</ele><time>2024-08-28T03:15:03Z</time></trkpt><trkpt lat="-39.3796918541" lon="-72.6299756113"><ele>112.25</ele><time>2024-08-28T03:15:04Z</time></trkpt><trkpt lat="-39.3796657026" lon="-72.6299031917"><ele>112.47</ele><time>2024-08-28T03:15:05Z</time></trkpt><trkpt lat="-39.3796410598" lon="-72.6298153494"><ele>112.50</ele><time>2024-08-28T03:15:06Z</time></trkpt><trkpt lat="-39.3796152435" lon="-72.6297184546"><ele>112.54</ele><time>2024-08-28T03:15:07Z</time></trkpt><trkpt lat="-39.3792981561" lon="-72.6284096204"><ele>112.60</ele><time>2024-08-28T03:15:20Z</time></trkpt><trkpt lat="-39.3792732619" lon="-72.6282746717"><ele>112.53</ele><time>2024-08-28T03:15:22Z</time></trkpt><trkpt lat="-39.3792241439" lon="-72.6281577442"><ele>112.49</ele><time>2024-08-28T03:15:26Z</time></trkpt><trkpt lat="-39.3792141695" lon="-72.6281603426"><ele>112.49</ele><time>2024-08-28T03:15:27Z</time></trkpt><trkpt lat="-39.3792000879" lon="-72.6281729992"><ele>112.48</ele><time>2024-08-28T03:15:28Z</time></trkpt><trkpt lat="-39.3791855872" lon="-72.6281819679"><ele>112.55</ele><time>2024-08-28T03:15:29Z</time></trkpt><trkpt lat="-39.3791675661" lon="-72.6281922776"><ele>112.57</ele><time>2024-08-28T03:15:30Z</time></trkpt><trkpt lat="-39.3787669949" lon="-72.6284096204"><ele>112.80</ele><time>2024-08-28T03:15:45Z</time></trkpt><trkpt lat="-39.3783152103" lon="-72.6286509354"><ele>113.05</ele><time>2024-08-28T03:16:01Z</time></trkpt><trkpt lat="-39.3780443911" lon="-72.6287688687"><ele>113.35</ele><time>2024-08-28T03:16:13Z</time></trkpt><trkpt lat="-39.3779824488" lon="-72.6286856364"><ele>113.61</ele><time>2024-08-28T03:16:18Z</time></trkpt><trkpt lat="-39.3779795989" lon="-72.6286350098"><ele>113.53</ele><time>2024-08-28T03:16:19Z</time></trkpt><trkpt lat="-39.3779810239" lon="-72.6285796054"><ele>113.60</ele><time>2024-08-28T03:16:20Z</time></trkpt><trkpt lat="-39.3779852148" lon="-72.6285062637"><ele>113.70</ele><time>2024-08-28T03:16:21Z</time></trkpt><trkpt lat="-39.3779699598" lon="-72.6275303587"><ele>114.08</ele><time>2024-08-28T03:16:31Z</time></trkpt><trkpt lat="-39.3780143838" lon="-72.6259880047"><ele>114.70</ele><time>2024-08-28T03:16:45Z</time></trkpt><trkpt lat="-39.3780786730" lon="-72.6257747691"><ele>114.69</ele><time>2024-08-28T03:16:47Z</time></trkpt><trkpt lat="-39.3781192414" lon="-72.6256777067"><ele>114.87</ele><time>2024-08-28T03:16:48Z</time></trkpt><trkpt lat="-39.3788141012" lon="-72.6246761531"><ele>114.69</ele><time>2024-08-28T03:17:00Z</time></trkpt><trkpt lat="-39.3798630964" lon="-72.6232315321"><ele>114.53</ele><time>2024-08-28T03:17:18Z</time></trkpt><trkpt lat="-39.3807826750" lon="-72.6219524536"><ele>114.58</ele><time>2024-08-28T03:17:34Z</time></trkpt><trkpt lat="-39.3818080332" lon="-72.6205203217"><ele>116.56</ele><time>2024-08-28T03:17:52Z</time></trkpt><trkpt lat="-39.3826647475" lon="-72.6193368807"><ele>117.01</ele><time>2024-08-28T03:18:07Z</time></trkpt><trkpt lat="-39.3834891077" lon="-72.6182144601"><ele>117.48</ele><time>2024-08-28T03:18:21Z</time></trkpt><trkpt lat="-39.3843566347" lon="-72.6169845834"><ele>117.71</ele><time>2024-08-28T03:18:36Z</time></trkpt><trkpt lat="-39.3848406896" lon="-72.6163802482"><ele>117.05</ele><time>2024-08-28T03:18:46Z</time></trkpt><trkpt lat="-39.3848550227" lon="-72.6163723692"><ele>116.83</ele><time>2024-08-28T03:18:54Z</time></trkpt><trkpt lat="-39.3847644981" lon="-72.6164369937"><ele>117.03</ele><time>2024-08-28T03:19:03Z</time></trkpt><trkpt lat="-39.3847331498" lon="-72.6164681744"><ele>117.10</ele><time>2024-08-28T03:19:04Z</time></trkpt><trkpt lat="-39.3842935190" lon="-72.6170204580"><ele>117.60</ele><time>2024-08-28T03:19:13Z</time></trkpt><trkpt lat="-39.3834194541" lon="-72.6182099339"><ele>117.31</ele><time>2024-08-28T03:19:27Z</time></trkpt><trkpt lat="-39.3824404478" lon="-72.6195742562"><ele>116.81</ele><time>2024-08-28T03:19:41Z</time></trkpt><trkpt lat="-39.3813593499" lon="-72.6210576016"><ele>116.88</ele><time>2024-08-28T03:19:56Z</time></trkpt><trkpt lat="-39.3804195710" lon="-72.6223108638"><ele>114.33</ele><time>2024-08-28T03:20:08Z</time></trkpt><trkpt lat="-39.3793044426" lon="-72.6238939539"><ele>113.82</ele><time>2024-08-28T03:20:23Z</time></trkpt><trkpt lat="-39.3781740591" lon="-72.6255401596"><ele>114.30</ele><time>2024-08-28T03:20:40Z</time></trkpt><trkpt lat="-39.3780632503" lon="-72.6257288363"><ele>114.25</ele><time>2024-08-28T03:20:42Z</time></trkpt><trkpt lat="-39.3780173175" lon="-72.6258322690"><ele>114.30</ele><time>2024-08-28T03:20:43Z</time></trkpt><trkpt lat="-39.3779792637" lon="-72.6259399764"><ele>114.26</ele><time>2024-08-28T03:20:44Z</time></trkpt><trkpt lat="-39.3779485021" lon="-72.6260503661"><ele>114.18</ele><time>2024-08-28T03:20:45Z</time></trkpt><trkpt lat="-39.3779265415" lon="-72.6261652820"><ele>114.14</ele><time>2024-08-28T03:20:46Z</time></trkpt><trkpt lat="-39.3779129628" lon="-72.6262814552"><ele>114.08</ele><time>2024-08-28T03:20:47Z</time></trkpt><trkpt lat="-39.3779046647" lon="-72.6263968740"><ele>114.13</ele><time>2024-08-28T03:20:48Z</time></trkpt><trkpt lat="-39.3779127114" lon="-72.6274876948"><ele>113.80</ele><time>2024-08-28T03:20:59Z</time></trkpt><trkpt lat="-39.3779439759" lon="-72.6289985329"><ele>113.15</ele><time>2024-08-28T03:21:12Z</time></trkpt><trkpt lat="-39.3779726420" lon="-72.6300698239"><ele>112.49</ele><time>2024-08-28T03:21:24Z</time></trkpt><trkpt lat="-39.3779738154" lon="-72.6301776152"><ele>111.91</ele><time>2024-08-28T03:21:31Z</time></trkpt><trkpt lat="-39.3779795989" lon="-72.6301378850"><ele>111.87</ele><time>2024-08-28T03:22:01Z</time></trkpt><trkpt lat="-39.3779852986" lon="-72.6301733404"><ele>112.05</ele><time>2024-08-28T03:22:16Z</time></trkpt><trkpt lat="-39.3779934291" lon="-72.6301996596"><ele>112.10</ele><time>2024-08-28T03:22:17Z</time></trkpt><trkpt lat="-39.3780100252" lon="-72.6302256435"><ele>112.00</ele><time>2024-08-28T03:22:18Z</time></trkpt><trkpt lat="-39.3780341651" lon="-72.6302413177"><ele>112.02</ele><time>2024-08-28T03:22:19Z</time></trkpt><trkpt lat="-39.3780604843" lon="-72.6302487776"><ele>112.11</ele><time>2024-08-28T03:22:20Z</time></trkpt><trkpt lat="-39.3780992087" lon="-72.6302440837"><ele>112.15</ele><time>2024-08-28T03:22:21Z</time></trkpt><trkpt lat="-39.3781520985" lon="-72.6302227098"><ele>112.20</ele><time>2024-08-28T03:22:22Z</time></trkpt><trkpt lat="-39.3782132026" lon="-72.6301916968"><ele>112.28</ele><time>2024-08-28T03:22:23Z</time></trkpt><trkpt lat="-39.3782784976" lon="-72.6301591750"><ele>112.41</ele><time>2024-08-28T03:22:24Z</time></trkpt><trkpt lat="-39.3792050332" lon="-72.6297442708"><ele>112.07</ele><time>2024-08-28T03:22:36Z</time></trkpt><trkpt lat="-39.3796068616" lon="-72.6295994315"><ele>111.30</ele><time>2024-08-28T03:22:44Z</time></trkpt><trkpt lat="-39.3796391319" lon="-72.6296402514"><ele>111.45</ele><time>2024-08-28T03:22:45Z</time></trkpt><trkpt lat="-39.3796646968" lon="-72.6297009364"><ele>111.56</ele><time>2024-08-28T03:22:46Z</time></trkpt><trkpt lat="-39.3796851486" lon="-72.6297772117"><ele>111.55</ele><time>2024-08-28T03:22:47Z</time></trkpt><trkpt lat="-39.3797078636" lon="-72.6298529003"><ele>111.41</ele><time>2024-08-28T03:22:48Z</time></trkpt><trkpt lat="-39.3797753379" lon="-72.6301125716"><ele>111.01</ele><time>2024-08-28T03:22:54Z</time></trkpt><trkpt lat="-39.3798895832" lon="-72.6306086965"><ele>111.23</ele><time>2024-08-28T03:23:01Z</time></trkpt><trkpt lat="-39.3798694666" lon="-72.6306896657"><ele>111.22</ele><time>2024-08-28T03:23:03Z</time></trkpt><trkpt lat="-39.3798371125" lon="-72.6307216007"><ele>111.29</ele><time>2024-08-28T03:23:04Z</time></trkpt><trkpt lat="-39.3797903415" lon="-72.6307493448"><ele>111.56</ele><time>2024-08-28T03:23:05Z</time></trkpt><trkpt lat="-39.3797328416" lon="-72.6307737362"><ele>111.61</ele><time>2024-08-28T03:23:06Z</time></trkpt><trkpt lat="-39.3796610925" lon="-72.6308039110"><ele>111.70</ele><time>2024-08-28T03:23:07Z</time></trkpt><trkpt lat="-39.3795852363" lon="-72.6308367681"><ele>111.78</ele><time>2024-08-28T03:23:08Z</time></trkpt><trkpt lat="-39.3783634063" lon="-72.6313729584"><ele>112.24</ele><time>2024-08-28T03:23:23Z</time></trkpt><trkpt lat="-39.3781665154" lon="-72.6315237489"><ele>112.18</ele><time>2024-08-28T03:23:29Z</time></trkpt><trkpt lat="-39.3781676050" lon="-72.6315828413"><ele>112.23</ele><time>2024-08-28T03:23:30Z</time></trkpt><trkpt lat="-39.3781783339" lon="-72.6316576917"><ele>112.47</ele><time>2024-08-28T03:23:31Z</time></trkpt><trkpt lat="-39.3781998754" lon="-72.6317390800"><ele>112.73</ele><time>2024-08-28T03:23:32Z</time></trkpt><trkpt lat="-39.3782250211" lon="-72.6318120025"><ele>112.45</ele><time>2024-08-28T03:23:33Z</time></trkpt><trkpt lat="-39.3782548606" lon="-72.6318696700"><ele>112.30</ele><time>2024-08-28T03:23:34Z</time></trkpt><trkpt lat="-39.3782919087" lon="-72.6319112442"><ele>112.20</ele><time>2024-08-28T03:23:35Z</time></trkpt><trkpt lat="-39.3783327285" lon="-72.6319376472"><ele>112.07</ele><time>2024-08-28T03:23:36Z</time></trkpt><trkpt lat="-39.3783871271" lon="-72.6319396589"><ele>112.00</ele><time>2024-08-28T03:23:37Z</time></trkpt><trkpt lat="-39.3784500752" lon="-72.6319234818"><ele>112.11</ele><time>2024-08-28T03:23:38Z</time></trkpt><trkpt lat="-39.3785182200" lon="-72.6319000963"><ele>112.11</ele><time>2024-08-28T03:23:39Z</time></trkpt><trkpt lat="-39.3785902206" lon="-72.6318684965"><ele>112.23</ele><time>2024-08-28T03:23:40Z</time></trkpt><trkpt lat="-39.3786676694" lon="-72.6318322867"><ele>112.20</ele><time>2024-08-28T03:23:41Z</time></trkpt><trkpt lat="-39.3798315804" lon="-72.6312898938"><ele>111.60</ele><time>2024-08-28T03:23:55Z</time></trkpt><trkpt lat="-39.3800168205" lon="-72.6312644128"><ele>111.40</ele><time>2024-08-28T03:23:59Z</time></trkpt><trkpt lat="-39.3800521083" lon="-72.6312919054"><ele>111.66</ele><time>2024-08-28T03:24:00Z</time></trkpt><trkpt lat="-39.3800795171" lon="-72.6313453820"><ele>111.87</ele><time>2024-08-28T03:24:01Z</time></trkpt><trkpt lat="-39.3801019806" lon="-72.6314161252"><ele>112.06</ele><time>2024-08-28T03:24:02Z</time></trkpt><trkpt lat="-39.3801216781" lon="-72.6314929873"><ele>111.92</ele><time>2024-08-28T03:24:03Z</time></trkpt><trkpt lat="-39.3801428005" lon="-72.6316251699"><ele>111.54</ele><time>2024-08-28T03:24:05Z</time></trkpt><trkpt lat="-39.3801396154" lon="-72.6316748746"><ele>111.50</ele><time>2024-08-28T03:24:06Z</time></trkpt><trkpt lat="-39.3801229354" lon="-72.6317172870"><ele>111.40</ele><time>2024-08-28T03:24:07Z</time></trkpt><trkpt lat="-39.3800909165" lon="-72.6317520719"><ele>111.51</ele><time>2024-08-28T03:24:08Z</time></trkpt><trkpt lat="-39.3800417148" lon="-72.6317803189"><ele>111.41</ele><time>2024-08-28T03:24:09Z</time></trkpt><trkpt lat="-39.3799811974" lon="-72.6318067219"><ele>111.48</ele><time>2024-08-28T03:24:10Z</time></trkpt><trkpt lat="-39.3799145613" lon="-72.6318308618"><ele>111.41</ele><time>2024-08-28T03:24:11Z</time></trkpt><trkpt lat="-39.3790099863" lon="-72.6322342828"><ele>111.56</ele><time>2024-08-28T03:24:23Z</time></trkpt><trkpt lat="-39.3785063177" lon="-72.6324218698"><ele>111.52</ele><time>2024-08-28T03:24:31Z</time></trkpt><trkpt lat="-39.3784713652" lon="-72.6324095484"><ele>111.73</ele><time>2024-08-28T03:24:32Z</time></trkpt><trkpt lat="-39.3784339819" lon="-72.6323812176"><ele>111.82</ele><time>2024-08-28T03:24:33Z</time></trkpt><trkpt lat="-39.3784045614" lon="-72.6323181018"><ele>112.00</ele><time>2024-08-28T03:24:34Z</time></trkpt><trkpt lat="-39.3783683516" lon="-72.6322406530"><ele>112.33</ele><time>2024-08-28T03:24:35Z</time></trkpt><trkpt lat="-39.3783334829" lon="-72.6321420819"><ele>112.51</ele><time>2024-08-28T03:24:36Z</time></trkpt><trkpt lat="-39.3780367635" lon="-72.6311411988"><ele>112.50</ele><time>2024-08-28T03:24:47Z</time></trkpt><trkpt lat="-39.3779797666" lon="-72.6309961919"><ele>112.45</ele><time>2024-08-28T03:24:50Z</time></trkpt><trkpt lat="-39.3779473286" lon="-72.6309612393"><ele>112.34</ele><time>2024-08-28T03:24:51Z</time></trkpt><trkpt lat="-39.3779073469" lon="-72.6309536118"><ele>112.40</ele><time>2024-08-28T03:24:52Z</time></trkpt><trkpt lat="-39.3778620008" lon="-72.6309686992"><ele>112.54</ele><time>2024-08-28T03:24:53Z</time></trkpt><trkpt lat="-39.3778027408" lon="-72.6310145482"><ele>112.62</ele><time>2024-08-28T03:24:54Z</time></trkpt><trkpt lat="-39.3777293153" lon="-72.6310829446"><ele>112.58</ele><time>2024-08-28T03:24:55Z</time></trkpt><trkpt lat="-39.3776545487" lon="-72.6311508380"><ele>112.89</ele><time>2024-08-28T03:24:56Z</time></trkpt><trkpt lat="-39.3766709324" lon="-72.6321133319"><ele>111.74</ele><time>2024-08-28T03:25:10Z</time></trkpt><trkpt lat="-39.3766412605" lon="-72.6321656350"><ele>111.53</ele><time>2024-08-28T03:25:11Z</time></trkpt><trkpt lat="-39.3766213953" lon="-72.6322172675"><ele>111.46</ele><time>2024-08-28T03:25:12Z</time></trkpt><trkpt lat="-39.3766149413" lon="-72.6322667208"><ele>111.19</ele><time>2024-08-28T03:25:13Z</time></trkpt><trkpt lat="-39.3766202219" lon="-72.6323181018"><ele>111.08</ele><time>2024-08-28T03:25:14Z</time></trkpt><trkpt lat="-39.3766400870" lon="-72.6323878393"><ele>111.09</ele><time>2024-08-28T03:25:15Z</time></trkpt><trkpt lat="-39.3766681664" lon="-72.6324592531"><ele>110.95</ele><time>2024-08-28T03:25:16Z</time></trkpt><trkpt lat="-39.3767102435" lon="-72.6325441618"><ele>110.52</ele><time>2024-08-28T03:25:17Z</time></trkpt><trkpt lat="-39.3767617084" lon="-72.6326391287"><ele>109.95</ele><time>2024-08-28T03:25:18Z</time></trkpt><trkpt lat="-39.3768715952" lon="-72.6328362711"><ele>109.29</ele><time>2024-08-28T03:25:20Z</time></trkpt><trkpt lat="-39.3771971483" lon="-72.6334282011"><ele>108.68</ele><time>2024-08-28T03:25:27Z</time></trkpt><trkpt lat="-39.3772136606" lon="-72.6334908977"><ele>108.71</ele><time>2024-08-28T03:25:28Z</time></trkpt><trkpt lat="-39.3772094697" lon="-72.6335467212"><ele>108.71</ele><time>2024-08-28T03:25:29Z</time></trkpt><trkpt lat="-39.3771869224" lon="-72.6336022932"><ele>108.64</ele><time>2024-08-28T03:25:30Z</time></trkpt><trkpt lat="-39.3771458510" lon="-72.6336588711"><ele>108.69</ele><time>2024-08-28T03:25:31Z</time></trkpt><trkpt lat="-39.3770957272" lon="-72.6337184664"><ele>108.66</ele><time>2024-08-28T03:25:32Z</time></trkpt><trkpt lat="-39.3770327792" lon="-72.6337809116"><ele>108.66</ele><time>2024-08-28T03:25:33Z</time></trkpt><trkpt lat="-39.3769644666" lon="-72.6338463742"><ele>108.62</ele><time>2024-08-28T03:25:34Z</time></trkpt><trkpt lat="-39.3761344068" lon="-72.6346300822"><ele>108.43</ele><time>2024-08-28T03:25:46Z</time></trkpt><trkpt lat="-39.3755078595" lon="-72.6352280471"><ele>108.03</ele><time>2024-08-28T03:25:57Z</time></trkpt><trkpt lat="-39.3749901094" lon="-72.6357151195"><ele>110.16</ele><time>2024-08-28T03:26:05Z</time></trkpt><trkpt lat="-39.3747412506" lon="-72.6359431911"><ele>110.74</ele><time>2024-08-28T03:26:12Z</time></trkpt><trkpt lat="-39.3742686789" lon="-72.6363971550"><ele>111.60</ele><time>2024-08-28T03:26:20Z</time></trkpt><trkpt lat="-39.3737855460" lon="-72.6368601713"><ele>111.00</ele><time>2024-08-28T03:26:29Z</time></trkpt><trkpt lat="-39.3731073663" lon="-72.6374998782"><ele>111.11</ele><time>2024-08-28T03:26:39Z</time></trkpt><trkpt lat="-39.3729336094" lon="-72.6376504172"><ele>110.57</ele><time>2024-08-28T03:26:45Z</time></trkpt><trkpt lat="-39.3724998459" lon="-72.6381156966"><ele>111.89</ele><time>2024-08-28T03:26:52Z</time></trkpt><trkpt lat="-39.3720264360" lon="-72.6385377254"><ele>112.46</ele><time>2024-08-28T03:27:01Z</time></trkpt><trkpt lat="-39.3719966803" lon="-72.6385786291"><ele>112.62</ele><time>2024-08-28T03:27:02Z</time></trkpt><trkpt lat="-39.3719783239" lon="-72.6386344526"><ele>112.64</ele><time>2024-08-28T03:27:03Z</time></trkpt><trkpt lat="-39.3719828501" lon="-72.6387034357"><ele>112.64</ele><time>2024-08-28T03:27:04Z</time></trkpt><trkpt lat="-39.3720076606" lon="-72.6387833152"><ele>112.82</ele><time>2024-08-28T03:27:05Z</time></trkpt><trkpt lat="-39.3720534258" lon="-72.6388677210"><ele>112.80</ele><time>2024-08-28T03:27:06Z</time></trkpt><trkpt lat="-39.3721101712" lon="-72.6389613468"><ele>112.82</ele><time>2024-08-28T03:27:07Z</time></trkpt><trkpt lat="-39.3727306835" lon="-72.6399721205"><ele>112.53</ele><time>2024-08-28T03:27:17Z</time></trkpt><trkpt lat="-39.3732136488" lon="-72.6407799684"><ele>111.56</ele><time>2024-08-28T03:27:28Z</time></trkpt><trkpt lat="-39.3732997309" lon="-72.6408435032"><ele>111.46</ele><time>2024-08-28T03:27:32Z</time></trkpt><trkpt lat="-39.3733455800" lon="-72.6408315171"><ele>111.48</ele><time>2024-08-28T03:27:33Z</time></trkpt><trkpt lat="-39.3733925186" lon="-72.6408036891"><ele>111.56</ele><time>2024-08-28T03:27:34Z</time></trkpt><trkpt lat="-39.3734433129" lon="-72.6407615282"><ele>111.56</ele><time>2024-08-28T03:27:35Z</time></trkpt><trkpt lat="-39.3734982144" lon="-72.6407057047"><ele>111.33</ele><time>2024-08-28T03:27:36Z</time></trkpt><trkpt lat="-39.3735569715" lon="-72.6406436786"><ele>111.19</ele><time>2024-08-28T03:27:37Z</time></trkpt><trkpt lat="-39.3745388277" lon="-72.6396791730"><ele>110.77</ele><time>2024-08-28T03:27:52Z</time></trkpt><trkpt lat="-39.3756661937" lon="-72.6386250649"><ele>110.36</ele><time>2024-08-28T03:28:07Z</time></trkpt><trkpt lat="-39.3759799283" lon="-72.6383290160"><ele>109.78</ele><time>2024-08-28T03:28:12Z</time></trkpt><trkpt lat="-39.3760184851" lon="-72.6382782217"><ele>109.71</ele><time>2024-08-28T03:28:13Z</time></trkpt><trkpt lat="-39.3760392722" lon="-72.6382244937"><ele>109.52</ele><time>2024-08-28T03:28:14Z</time></trkpt><trkpt lat="-39.3760428764" lon="-72.6381637249"><ele>109.52</ele><time>2024-08-28T03:28:15Z</time></trkpt><trkpt lat="-39.3760262802" lon="-72.6380982623"><ele>109.58</ele><time>2024-08-28T03:28:16Z</time></trkpt><trkpt lat="-39.3759933393" lon="-72.6380312908"><ele>109.61</ele><time>2024-08-28T03:28:17Z</time></trkpt><trkpt lat="-39.3759519327" lon="-72.6379592065"><ele>109.67</ele><time>2024-08-28T03:28:18Z</time></trkpt><trkpt lat="-39.3753112201" lon="-72.6368700620"><ele>110.27</ele><time>2024-08-28T03:28:30Z</time></trkpt><trkpt lat="-39.3745363131" lon="-72.6355186477"><ele>110.80</ele><time>2024-08-28T03:28:44Z</time></trkpt><trkpt lat="-39.3741622288" lon="-72.6348599978"><ele>110.13</ele><time>2024-08-28T03:28:54Z</time></trkpt><trkpt lat="-39.3741090037" lon="-72.6347869076"><ele>110.37</ele><time>2024-08-28T03:28:56Z</time></trkpt><trkpt lat="-39.3736271281" lon="-72.6340247411"><ele>111.24</ele><time>2024-08-28T03:29:06Z</time></trkpt><trkpt lat="-39.3727586791" lon="-72.6325640269"><ele>111.56</ele><time>2024-08-28T03:29:22Z</time></trkpt><trkpt lat="-39.3720885459" lon="-72.6313805021"><ele>111.85</ele><time>2024-08-28T03:29:36Z</time></trkpt><trkpt lat="-39.3720514141" lon="-72.6313344017"><ele>111.80</ele><time>2024-08-28T03:29:37Z</time></trkpt><trkpt lat="-39.3720137794" lon="-72.6313048135"><ele>111.81</ele><time>2024-08-28T03:29:38Z</time></trkpt><trkpt lat="-39.3719639070" lon="-72.6313120220"><ele>111.95</ele><time>2024-08-28T03:29:39Z</time></trkpt><trkpt lat="-39.3719169684" lon="-72.6313353237"><ele>112.10</ele><time>2024-08-28T03:29:40Z</time></trkpt><trkpt lat="-39.3718702812" lon="-72.6313742995"><ele>112.15</ele><time>2024-08-28T03:29:41Z</time></trkpt><trkpt lat="-39.3718209118" lon="-72.6314259320"><ele>112.50</ele><time>2024-08-28T03:29:42Z</time></trkpt><trkpt lat="-39.3712615874" lon="-72.6319828257"><ele>114.94</ele><time>2024-08-28T03:29:51Z</time></trkpt><trkpt lat="-39.3708912749" lon="-72.6323731709"><ele>115.98</ele><time>2024-08-28T03:29:58Z</time></trkpt><trkpt lat="-39.3703322858" lon="-72.6328889094"><ele>114.87</ele><time>2024-08-28T03:30:08Z</time></trkpt><trkpt lat="-39.3700393382" lon="-72.6331767440"><ele>115.19</ele><time>2024-08-28T03:30:15Z</time></trkpt><trkpt lat="-39.3693759944" lon="-72.6337680873"><ele>113.34</ele><time>2024-08-28T03:30:27Z</time></trkpt><trkpt lat="-39.3692845479" lon="-72.6337959990"><ele>113.25</ele><time>2024-08-28T03:30:30Z</time></trkpt><trkpt lat="-39.3692386150" lon="-72.6337796543"><ele>113.48</ele><time>2024-08-28T03:30:31Z</time></trkpt><trkpt lat="-39.3691895809" lon="-72.6337405946"><ele>113.68</ele><time>2024-08-28T03:30:32Z</time></trkpt><trkpt lat="-39.3691424746" lon="-72.6336756349"><ele>113.71</ele><time>2024-08-28T03:30:33Z</time></trkpt><trkpt lat="-39.3690973800" lon="-72.6335954200"><ele>113.81</ele><time>2024-08-28T03:30:34Z</time></trkpt><trkpt lat="-39.3690499384" lon="-72.6335131936"><ele>113.92</ele><time>2024-08-28T03:30:35Z</time></trkpt><trkpt lat="-39.3689517863" lon="-72.6333621517"><ele>114.08</ele><time>2024-08-28T03:30:37Z</time></trkpt><trkpt lat="-39.3687975593" lon="-72.6331189089"><ele>114.22</ele><time>2024-08-28T03:30:41Z</time></trkpt><trkpt lat="-39.3687755149" lon="-72.6330122072"><ele>113.88</ele><time>2024-08-28T03:30:48Z</time></trkpt><trkpt lat="-39.3687597569" lon="-72.6329908334"><ele>114.17</ele><time>2024-08-28T03:30:52Z</time></trkpt><trkpt lat="-39.3686884269" lon="-72.6328796893"><ele>114.23</ele><time>2024-08-28T03:30:55Z</time></trkpt><trkpt lat="-39.3686531391" lon="-72.6328492630"><ele>114.40</ele><time>2024-08-28T03:30:56Z</time></trkpt><trkpt lat="-39.3686168455" lon="-72.6328361873"><ele>114.61</ele><time>2024-08-28T03:30:57Z</time></trkpt><trkpt lat="-39.3685746007" lon="-72.6328458264"><ele>114.85</ele><time>2024-08-28T03:30:58Z</time></trkpt><trkpt lat="-39.3685211241" lon="-72.6328837965"><ele>114.78</ele><time>2024-08-28T03:30:59Z</time></trkpt><trkpt lat="-39.3684644625" lon="-72.6329329144"><ele>114.84</ele><time>2024-08-28T03:31:00Z</time></trkpt><trkpt lat="-39.3683996703" lon="-72.6329966169"><ele>114.96</ele><time>2024-08-28T03:31:01Z</time></trkpt><trkpt lat="-39.3683332857" lon="-72.6330619119"><ele>115.06</ele><time>2024-08-28T03:31:02Z</time></trkpt><trkpt lat="-39.3678796571" lon="-72.6334998664"><ele>114.86</ele><time>2024-08-28T03:31:12Z</time></trkpt><trkpt lat="-39.3675112724" lon="-72.6338426024"><ele>114.56</ele><time>2024-08-28T03:31:19Z</time></trkpt><trkpt lat="-39.3674274534" lon="-72.6339348033"><ele>114.24</ele><time>2024-08-28T03:31:21Z</time></trkpt><trkpt lat="-39.3674028106" lon="-72.6339907944"><ele>114.10</ele><time>2024-08-28T03:31:22Z</time></trkpt><trkpt lat="-39.3673955183" lon="-72.6340536587"><ele>113.96</ele><time>2024-08-28T03:31:23Z</time></trkpt><trkpt lat="-39.3674148805" lon="-72.6341215521"><ele>113.91</ele><time>2024-08-28T03:31:24Z</time></trkpt><trkpt lat="-39.3674535211" lon="-72.6342000905"><ele>113.99</ele><time>2024-08-28T03:31:25Z</time></trkpt><trkpt lat="-39.3675043155" lon="-72.6342859212"><ele>114.09</ele><time>2024-08-28T03:31:26Z</time></trkpt><trkpt lat="-39.3675597198" lon="-72.6343783736"><ele>114.15</ele><time>2024-08-28T03:31:27Z</time></trkpt><trkpt lat="-39.3682430126" lon="-72.6355164684"><ele>113.89</ele><time>2024-08-28T03:31:41Z</time></trkpt><trkpt lat="-39.3689265568" lon="-72.6366771106"><ele>113.33</ele><time>2024-08-28T03:31:54Z</time></trkpt><trkpt lat="-39.3693325762" lon="-72.6373840403"><ele>112.97</ele><time>2024-08-28T03:32:03Z</time></trkpt><trkpt lat="-39.3693474960" lon="-72.6374381036"><ele>113.01</ele><time>2024-08-28T03:32:04Z</time></trkpt><trkpt lat="-39.3693429697" lon="-72.6374876406"><ele>113.08</ele><time>2024-08-28T03:32:05Z</time></trkpt><trkpt lat="-39.3693127949" lon="-72.6375365071"><ele>113.24</ele><time>2024-08-28T03:32:06Z</time></trkpt><trkpt lat="-39.3692691252" lon="-72.6375836972"><ele>113.26</ele><time>2024-08-28T03:32:07Z</time></trkpt><trkpt lat="-39.3692160677" lon="-72.6376358327"><ele>113.33</ele><time>2024-08-28T03:32:08Z</time></trkpt><trkpt lat="-39.3684051186" lon="-72.6383247413"><ele>112.68</ele><time>2024-08-28T03:32:19Z</time></trkpt><trkpt lat="-39.3676919024" lon="-72.6389656216"><ele>111.96</ele><time>2024-08-28T03:32:30Z</time></trkpt><trkpt lat="-39.3676414434" lon="-72.6389889233"><ele>111.91</ele><time>2024-08-28T03:32:31Z</time></trkpt><trkpt lat="-39.3675946724" lon="-72.6389873307"><ele>111.99</ele><time>2024-08-28T03:32:32Z</time></trkpt><trkpt lat="-39.3675494939" lon="-72.6389688905"><ele>112.16</ele><time>2024-08-28T03:32:33Z</time></trkpt><trkpt lat="-39.3675025553" lon="-72.6389265619"><ele>112.24</ele><time>2024-08-28T03:32:34Z</time></trkpt><trkpt lat="-39.3674607296" lon="-72.6388647035"><ele>112.15</ele><time>2024-08-28T03:32:35Z</time></trkpt><trkpt lat="-39.3674218375" lon="-72.6387923677"><ele>112.18</ele><time>2024-08-28T03:32:36Z</time></trkpt><trkpt lat="-39.3673816882" lon="-72.6387192775"><ele>112.21</ele><time>2024-08-28T03:32:37Z</time></trkpt><trkpt lat="-39.3669720646" lon="-72.6379263494"><ele>112.10</ele><time>2024-08-28T03:32:49Z</time></trkpt><trkpt lat="-39.3669372797" lon="-72.6379112620"><ele>112.21</ele><time>2024-08-28T03:32:50Z</time></trkpt><trkpt lat="-39.3668965437" lon="-72.6379072387"><ele>112.25</ele><time>2024-08-28T03:32:51Z</time></trkpt><trkpt lat="-39.3668463361" lon="-72.6379291154"><ele>112.35</ele><time>2024-08-28T03:32:52Z</time></trkpt><trkpt lat="-39.3667970505" lon="-72.6379679237"><ele>112.30</ele><time>2024-08-28T03:32:53Z</time></trkpt><trkpt lat="-39.3667273130" lon="-72.6380343921"><ele>112.46</ele><time>2024-08-28T03:32:54Z</time></trkpt><trkpt lat="-39.3666568212" lon="-72.6380980946"><ele>112.49</ele><time>2024-08-28T03:32:55Z</time></trkpt><trkpt lat="-39.3656553514" lon="-72.6389533002"><ele>112.14</ele><time>2024-08-28T03:33:09Z</time></trkpt><trkpt lat="-39.3646216113" lon="-72.6394474134"><ele>112.26</ele><time>2024-08-28T03:33:23Z</time></trkpt><trkpt lat="-39.3643162586" lon="-72.6395215932"><ele>111.80</ele><time>2024-08-28T03:33:31Z</time></trkpt><trkpt lat="-39.3642765284" lon="-72.6395521872"><ele>111.87</ele><time>2024-08-28T03:33:33Z</time></trkpt><trkpt lat="-39.3642667215" lon="-72.6395782549"><ele>111.87</ele><time>2024-08-28T03:33:34Z</time></trkpt><trkpt lat="-39.3642653804" lon="-72.6396130398"><ele>111.87</ele><time>2024-08-28T03:33:35Z</time></trkpt><trkpt lat="-39.3642638717" lon="-72.6396423765"><ele>111.82</ele><time>2024-08-28T03:33:36Z</time></trkpt><trkpt lat="-39.3642648775" lon="-72.6396393590"><ele>111.80</ele><time>2024-08-28T03:33:38Z</time></trkpt><trkpt lat="-39.3642630335" lon="-72.6396181528"><ele>111.67</ele><time>2024-08-28T03:33:39Z</time></trkpt><trkpt lat="-39.3642569147" lon="-72.6395987906"><ele>111.69</ele><time>2024-08-28T03:33:40Z</time></trkpt><trkpt lat="-39.3642916996" lon="-72.6395785064"><ele>111.76</ele><time>2024-08-28T03:33:44Z</time></trkpt><trkpt lat="-39.3643204495" lon="-72.6395743992"><ele>111.83</ele><time>2024-08-28T03:33:45Z</time></trkpt><trkpt lat="-39.3643548992" lon="-72.6395617425"><ele>111.81</ele><time>2024-08-28T03:33:46Z</time></trkpt><trkpt lat="-39.3649104517" lon="-72.6393437292"><ele>112.23</ele><time>2024-08-28T03:33:55Z</time></trkpt><trkpt lat="-39.3659209739" lon="-72.6388667990"><ele>112.16</ele><time>2024-08-28T03:34:08Z</time></trkpt><trkpt lat="-39.3667792808" lon="-72.6380945742"><ele>112.33</ele><time>2024-08-28T03:34:21Z</time></trkpt><trkpt lat="-39.3675211631" lon="-72.6373656839"><ele>112.81</ele><time>2024-08-28T03:34:34Z</time></trkpt><trkpt lat="-39.3678724486" lon="-72.6369808707"><ele>112.84</ele><time>2024-08-28T03:34:43Z</time></trkpt><trkpt lat="-39.3678637315" lon="-72.6369258855"><ele>112.92</ele><time>2024-08-28T03:34:44Z</time></trkpt><trkpt lat="-39.3678386696" lon="-72.6368662901"><ele>112.86</ele><time>2024-08-28T03:34:45Z</time></trkpt><trkpt lat="-39.3678035494" lon="-72.6368026715"><ele>112.71</ele><time>2024-08-28T03:34:46Z</time></trkpt><trkpt lat="-39.3677644897" lon="-72.6367338561"><ele>112.71</ele><time>2024-08-28T03:34:47Z</time></trkpt><trkpt lat="-39.3673142977" lon="-72.6359737851"><ele>113.00</ele><time>2024-08-28T03:35:00Z</time></trkpt><trkpt lat="-39.3670495134" lon="-72.6355550252"><ele>113.38</ele><time>2024-08-28T03:35:08Z</time></trkpt><trkpt lat="-39.3666280713" lon="-72.6348628476"><ele>113.79</ele><time>2024-08-28T03:35:19Z</time></trkpt><trkpt lat="-39.3664030172" lon="-72.6345262304"><ele>114.37</ele><time>2024-08-28T03:35:27Z</time></trkpt><trkpt lat="-39.3658907153" lon="-72.6336376648"><ele>113.54</ele><time>2024-08-28T03:35:39Z</time></trkpt><trkpt lat="-39.3654323090" lon="-72.6328565553"><ele>113.95</ele><time>2024-08-28T03:35:49Z</time></trkpt><trkpt lat="-39.3650732283" lon="-72.6322543994"><ele>114.45</ele><time>2024-08-28T03:35:58Z</time></trkpt><trkpt lat="-39.3646448292" lon="-72.6315110084"><ele>114.16</ele><time>2024-08-28T03:36:09Z</time></trkpt><trkpt lat="-39.3643575814" lon="-72.6310456451"><ele>115.14</ele><time>2024-08-28T03:36:16Z</time></trkpt><trkpt lat="-39.3638728559" lon="-72.6302039344"><ele>114.69</ele><time>2024-08-28T03:36:27Z</time></trkpt><trkpt lat="-39.3633818440" lon="-72.6293085795"><ele>113.53</ele><time>2024-08-28T03:36:39Z</time></trkpt><trkpt lat="-39.3632900622" lon="-72.6292319689"><ele>113.49</ele><time>2024-08-28T03:36:44Z</time></trkpt><trkpt lat="-39.3632480688" lon="-72.6292470563"><ele>113.55</ele><time>2024-08-28T03:36:45Z</time></trkpt><trkpt lat="-39.3631999567" lon="-72.6292820927"><ele>113.55</ele><time>2024-08-28T03:36:46Z</time></trkpt><trkpt lat="-39.3626879901" lon="-72.6297716796"><ele>113.42</ele><time>2024-08-28T03:36:55Z</time></trkpt><trkpt lat="-39.3625022471" lon="-72.6299656369"><ele>113.14</ele><time>2024-08-28T03:36:59Z</time></trkpt><trkpt lat="-39.3624771014" lon="-72.6300172694"><ele>113.00</ele><time>2024-08-28T03:37:00Z</time></trkpt><trkpt lat="-39.3624653667" lon="-72.6300779544"><ele>112.99</ele><time>2024-08-28T03:37:01Z</time></trkpt><trkpt lat="-39.3624714855" lon="-72.6301460993"><ele>113.15</ele><time>2024-08-28T03:37:02Z</time></trkpt><trkpt lat="-39.3624952901" lon="-72.6302170102"><ele>113.26</ele><time>2024-08-28T03:37:03Z</time></trkpt><trkpt lat="-39.3625348527" lon="-72.6302908547"><ele>113.47</ele><time>2024-08-28T03:37:04Z</time></trkpt><trkpt lat="-39.3625814561" lon="-72.6303736679"><ele>113.52</ele><time>2024-08-28T03:37:05Z</time></trkpt><trkpt lat="-39.3631032296" lon="-72.6312907320"><ele>113.14</ele><time>2024-08-28T03:37:17Z</time></trkpt><trkpt lat="-39.3635793217" lon="-72.6321253181"><ele>113.73</ele><time>2024-08-28T03:37:27Z</time></trkpt><trkpt lat="-39.3637918029" lon="-72.6324850693"><ele>113.41</ele><time>2024-08-28T03:37:34Z</time></trkpt><trkpt lat="-39.3642801326" lon="-72.6333237626"><ele>113.31</ele><time>2024-08-28T03:37:44Z</time></trkpt><trkpt lat="-39.3643518817" lon="-72.6334632374"><ele>112.78</ele><time>2024-08-28T03:37:48Z</time></trkpt><trkpt lat="-39.3643685617" lon="-72.6334880479"><ele>112.74</ele><time>2024-08-28T03:37:49Z</time></trkpt><trkpt lat="-39.3643926177" lon="-72.6335226651"><ele>112.79</ele><time>2024-08-28T03:37:50Z</time></trkpt><trkpt lat="-39.3647188414" lon="-72.6340326201"><ele>113.39</ele><time>2024-08-28T03:37:57Z</time></trkpt><trkpt lat="-39.3652194086" lon="-72.6348883286"><ele>113.12</ele><time>2024-08-28T03:38:08Z</time></trkpt><trkpt lat="-39.3656028807" lon="-72.6355882175"><ele>112.86</ele><time>2024-08-28T03:38:19Z</time></trkpt><trkpt lat="-39.3656157888" lon="-72.6356086694"><ele>112.96</ele><time>2024-08-28T03:38:20Z</time></trkpt><trkpt lat="-39.3656294513" lon="-72.6356437895"><ele>113.00</ele><time>2024-08-28T03:38:21Z</time></trkpt><trkpt lat="-39.3656304572" lon="-72.6356859505"><ele>112.96</ele><time>2024-08-28T03:38:22Z</time></trkpt><trkpt lat="-39.3656128552" lon="-72.6357317995"><ele>113.16</ele><time>2024-08-28T03:38:23Z</time></trkpt><trkpt lat="-39.3655697722" lon="-72.6357821748"><ele>113.27</ele><time>2024-08-28T03:38:24Z</time></trkpt><trkpt lat="-39.3655104283" lon="-72.6358394232"><ele>113.36</ele><time>2024-08-28T03:38:25Z</time></trkpt><trkpt lat="-39.3654370029" lon="-72.6359035447"><ele>113.35</ele><time>2024-08-28T03:38:26Z</time></trkpt><trkpt lat="-39.3648869824" lon="-72.6364123262"><ele>112.59</ele><time>2024-08-28T03:38:34Z</time></trkpt><trkpt lat="-39.3648423068" lon="-72.6364357956"><ele>112.50</ele><time>2024-08-28T03:38:35Z</time></trkpt><trkpt lat="-39.3647972960" lon="-72.6364346221"><ele>112.64</ele><time>2024-08-28T03:38:36Z</time></trkpt><trkpt lat="-39.3647522852" lon="-72.6364175230"><ele>112.75</ele><time>2024-08-28T03:38:37Z</time></trkpt><trkpt lat="-39.3647089507" lon="-72.6363762002"><ele>112.70</ele><time>2024-08-28T03:38:38Z</time></trkpt><trkpt lat="-39.3646666221" lon="-72.6363150124"><ele>112.61</ele><time>2024-08-28T03:38:39Z</time></trkpt><trkpt lat="-39.3646244612" lon="-72.6362409163"><ele>112.64</ele><time>2024-08-28T03:38:40Z</time></trkpt><trkpt lat="-39.3642344512" lon="-72.6354767382"><ele>112.37</ele><time>2024-08-28T03:38:48Z</time></trkpt><trkpt lat="-39.3637463730" lon="-72.6346113067"><ele>113.12</ele><time>2024-08-28T03:38:58Z</time></trkpt><trkpt lat="-39.3635353167" lon="-72.6342906151"><ele>112.45</ele><time>2024-08-28T03:39:05Z</time></trkpt><trkpt lat="-39.3634363264" lon="-72.6341740228"><ele>112.78</ele><time>2024-08-28T03:39:08Z</time></trkpt><trkpt lat="-39.3630603980" lon="-72.6335017942"><ele>112.46</ele><time>2024-08-28T03:39:16Z</time></trkpt><trkpt lat="-39.3628687039" lon="-72.6331326552"><ele>111.76</ele><time>2024-08-28T03:39:24Z</time></trkpt><trkpt lat="-39.3628204241" lon="-72.6330405381"><ele>112.04</ele><time>2024-08-28T03:39:26Z</time></trkpt><trkpt lat="-39.3624024186" lon="-72.6323130727"><ele>112.55</ele><time>2024-08-28T03:39:35Z</time></trkpt><trkpt lat="-39.3620621972" lon="-72.6317470428"><ele>112.63</ele><time>2024-08-28T03:39:44Z</time></trkpt><trkpt lat="-39.3616089039" lon="-72.6309550367"><ele>112.54</ele><time>2024-08-28T03:39:56Z</time></trkpt><trkpt lat="-39.3615334667" lon="-72.6309094392"><ele>112.37</ele><time>2024-08-28T03:39:59Z</time></trkpt><trkpt lat="-39.3614988495" lon="-72.6309159771"><ele>112.40</ele><time>2024-08-28T03:40:00Z</time></trkpt><trkpt lat="-39.3614521623" lon="-72.6309526060"><ele>112.37</ele><time>2024-08-28T03:40:01Z</time></trkpt><trkpt lat="-39.3609097693" lon="-72.6314889640"><ele>112.57</ele><time>2024-08-28T03:40:11Z</time></trkpt><trkpt lat="-39.3607474957" lon="-72.6316748746"><ele>112.22</ele><time>2024-08-28T03:40:15Z</time></trkpt><trkpt lat="-39.3607252836" lon="-72.6317236573"><ele>112.05</ele><time>2024-08-28T03:40:16Z</time></trkpt><trkpt lat="-39.3607164826" lon="-72.6317764632"><ele>112.06</ele><time>2024-08-28T03:40:17Z</time></trkpt><trkpt lat="-39.3607226014" lon="-72.6318373159"><ele>112.14</ele><time>2024-08-28T03:40:18Z</time></trkpt><trkpt lat="-39.3607426342" lon="-72.6319046225"><ele>112.07</ele><time>2024-08-28T03:40:19Z</time></trkpt><trkpt lat="-39.3607764971" lon="-72.6319717616"><ele>112.37</ele><time>2024-08-28T03:40:20Z</time></trkpt><trkpt lat="-39.3608183227" lon="-72.6320459414"><ele>112.40</ele><time>2024-08-28T03:40:21Z</time></trkpt><trkpt lat="-39.3613236677" lon="-72.6329048350"><ele>111.96</ele><time>2024-08-28T03:40:33Z</time></trkpt><trkpt lat="-39.3618180323" lon="-72.6337362360"><ele>111.88</ele><time>2024-08-28T03:40:43Z</time></trkpt><trkpt lat="-39.3620317709" lon="-72.6340918802"><ele>111.29</ele><time>2024-08-28T03:40:50Z</time></trkpt><trkpt lat="-39.3624433223" lon="-72.6347929426"><ele>111.69</ele><time>2024-08-28T03:40:58Z</time></trkpt><trkpt lat="-39.3626515288" lon="-72.6351586450"><ele>111.27</ele><time>2024-08-28T03:41:05Z</time></trkpt><trkpt lat="-39.3629567139" lon="-72.6356580388"><ele>112.03</ele><time>2024-08-28T03:41:11Z</time></trkpt><trkpt lat="-39.3635120988" lon="-72.6365949679"><ele>112.05</ele><time>2024-08-28T03:41:23Z</time></trkpt><trkpt lat="-39.3638910446" lon="-72.6372709684"><ele>112.04</ele><time>2024-08-28T03:41:34Z</time></trkpt><trkpt lat="-39.3638944812" lon="-72.6373739820"><ele>112.22</ele><time>2024-08-28T03:41:37Z</time></trkpt><trkpt lat="-39.3638631329" lon="-72.6374199986"><ele>112.32</ele><time>2024-08-28T03:41:38Z</time></trkpt><trkpt lat="-39.3638178706" lon="-72.6374695357"><ele>112.50</ele><time>2024-08-28T03:41:39Z</time></trkpt><trkpt lat="-39.3631930836" lon="-72.6380394213"><ele>112.43</ele><time>2024-08-28T03:41:49Z</time></trkpt><trkpt lat="-39.3631502520" lon="-72.6380724460"><ele>112.34</ele><time>2024-08-28T03:41:50Z</time></trkpt><trkpt lat="-39.3631126173" lon="-72.6380899642"><ele>112.38</ele><time>2024-08-28T03:41:51Z</time></trkpt><trkpt lat="-39.3630738091" lon="-72.6380909700"><ele>112.37</ele><time>2024-08-28T03:41:52Z</time></trkpt><trkpt lat="-39.3630309775" lon="-72.6380655728"><ele>112.40</ele><time>2024-08-28T03:41:53Z</time></trkpt><trkpt lat="-39.3629883137" lon="-72.6380136888"><ele>112.41</ele><time>2024-08-28T03:41:54Z</time></trkpt><trkpt lat="-39.3629462365" lon="-72.6379375812"><ele>112.29</ele><time>2024-08-28T03:41:55Z</time></trkpt><trkpt lat="-39.3629017286" lon="-72.6378530078"><ele>112.16</ele><time>2024-08-28T03:41:56Z</time></trkpt><trkpt lat="-39.3628543708" lon="-72.6377675124"><ele>112.19</ele><time>2024-08-28T03:41:57Z</time></trkpt><trkpt lat="-39.3620182760" lon="-72.6362896152"><ele>111.97</ele><time>2024-08-28T03:42:14Z</time></trkpt><trkpt lat="-39.3612743821" lon="-72.6350276358"><ele>111.64</ele><time>2024-08-28T03:42:29Z</time></trkpt><trkpt lat="-39.3612149544" lon="-72.6349162403"><ele>111.61</ele><time>2024-08-28T03:42:31Z</time></trkpt><trkpt lat="-39.3611958437" lon="-72.6348682959"><ele>111.43</ele><time>2024-08-28T03:42:32Z</time></trkpt><trkpt lat="-39.3611800019" lon="-72.6348257158"><ele>111.31</ele><time>2024-08-28T03:42:33Z</time></trkpt><trkpt lat="-39.3611827679" lon="-72.6347727422"><ele>111.50</ele><time>2024-08-28T03:42:34Z</time></trkpt><trkpt lat="-39.3612067401" lon="-72.6347275637"><ele>111.59</ele><time>2024-08-28T03:42:35Z</time></trkpt><trkpt lat="-39.3612562772" lon="-72.6346771885"><ele>111.62</ele><time>2024-08-28T03:42:36Z</time></trkpt><trkpt lat="-39.3613164593" lon="-72.6346228737"><ele>111.77</ele><time>2024-08-28T03:42:37Z</time></trkpt><trkpt lat="-39.3621733412" lon="-72.6338259224"><ele>111.52</ele><time>2024-08-28T03:42:50Z</time></trkpt><trkpt lat="-39.3626848049" lon="-72.6333267801"><ele>111.40</ele><time>2024-08-28T03:43:00Z</time></trkpt><trkpt lat="-39.3631055765" lon="-72.6329226047"><ele>112.10</ele><time>2024-08-28T03:43:08Z</time></trkpt><trkpt lat="-39.3634735420" lon="-72.6325413957"><ele>112.18</ele><time>2024-08-28T03:43:16Z</time></trkpt><trkpt lat="-39.3635068182" lon="-72.6325113885"><ele>112.26</ele><time>2024-08-28T03:43:17Z</time></trkpt><trkpt lat="-39.3639840838" lon="-72.6320666447"><ele>113.27</ele><time>2024-08-28T03:43:26Z</time></trkpt><trkpt lat="-39.3647615891" lon="-72.6313064899"><ele>113.79</ele><time>2024-08-28T03:43:39Z</time></trkpt><trkpt lat="-39.3652477395" lon="-72.6308523584"><ele>113.57</ele><time>2024-08-28T03:43:49Z</time></trkpt><trkpt lat="-39.3652924988" lon="-72.6308667753"><ele>113.83</ele><time>2024-08-28T03:43:50Z</time></trkpt><trkpt lat="-39.3653455563" lon="-72.6308979560"><ele>113.91</ele><time>2024-08-28T03:43:51Z</time></trkpt><trkpt lat="-39.3654026370" lon="-72.6309480797"><ele>113.87</ele><time>2024-08-28T03:43:52Z</time></trkpt><trkpt lat="-39.3654626515" lon="-72.6310093515"><ele>113.98</ele><time>2024-08-28T03:43:53Z</time></trkpt><trkpt lat="-39.3655240070" lon="-72.6310765743"><ele>113.95</ele><time>2024-08-28T03:43:54Z</time></trkpt><trkpt lat="-39.3663501274" lon="-72.6320704166"><ele>113.38</ele><time>2024-08-28T03:44:08Z</time></trkpt><trkpt lat="-39.3671177421" lon="-72.6334505808"><ele>113.46</ele><time>2024-08-28T03:44:24Z</time></trkpt><trkpt lat="-39.3673642538" lon="-72.6339679956"><ele>113.05</ele><time>2024-08-28T03:44:33Z</time></trkpt><trkpt lat="-39.3673718814" lon="-72.6340421755"><ele>113.17</ele><time>2024-08-28T03:44:35Z</time></trkpt><trkpt lat="-39.3673548661" lon="-72.6340798102"><ele>113.26</ele><time>2024-08-28T03:44:36Z</time></trkpt><trkpt lat="-39.3673215900" lon="-72.6341220550"><ele>113.37</ele><time>2024-08-28T03:44:37Z</time></trkpt><trkpt lat="-39.3672733940" lon="-72.6341701671"><ele>113.43</ele><time>2024-08-28T03:44:38Z</time></trkpt><trkpt lat="-39.3672186602" lon="-72.6342227217"><ele>113.32</ele><time>2024-08-28T03:44:39Z</time></trkpt><trkpt lat="-39.3662493769" lon="-72.6351133827"><ele>113.25</ele><time>2024-08-28T03:44:53Z</time></trkpt><trkpt lat="-39.3654482346" lon="-72.6358506549"><ele>112.72</ele><time>2024-08-28T03:45:06Z</time></trkpt><trkpt lat="-39.3643271551" lon="-72.6368836407"><ele>112.60</ele><time>2024-08-28T03:45:22Z</time></trkpt><trkpt lat="-39.3629649282" lon="-72.6381585281"><ele>112.57</ele><time>2024-08-28T03:45:41Z</time></trkpt><trkpt lat="-39.3618306052" lon="-72.6392388716"><ele>112.63</ele><time>2024-08-28T03:45:58Z</time></trkpt><trkpt lat="-39.3615177926" lon="-72.6394919213"><ele>112.33</ele><time>2024-08-28T03:46:03Z</time></trkpt><trkpt lat="-39.3614467978" lon="-72.6395267062"><ele>112.48</ele><time>2024-08-28T03:46:04Z</time></trkpt><trkpt lat="-39.3613727018" lon="-72.6395488344"><ele>112.31</ele><time>2024-08-28T03:46:05Z</time></trkpt><trkpt lat="-39.3612929899" lon="-72.6395575516"><ele>112.26</ele><time>2024-08-28T03:46:06Z</time></trkpt><trkpt lat="-39.3612094223" lon="-72.6395526901"><ele>112.16</ele><time>2024-08-28T03:46:07Z</time></trkpt><trkpt lat="-39.3611254357" lon="-72.6395333279"><ele>112.13</ele><time>2024-08-28T03:46:08Z</time></trkpt><trkpt lat="-39.3610432930" lon="-72.6395014767"><ele>112.05</ele><time>2024-08-28T03:46:09Z</time></trkpt><trkpt lat="-39.3609660957" lon="-72.6394641772"><ele>112.04</ele><time>2024-08-28T03:46:10Z</time></trkpt><trkpt lat="-39.3608919997" lon="-72.6394229382"><ele>112.02</ele><time>2024-08-28T03:46:11Z</time></trkpt><trkpt lat="-39.3605833780" lon="-72.6392340939"><ele>111.78</ele><time>2024-08-28T03:46:16Z</time></trkpt><trkpt lat="-39.3605234474" lon="-72.6392219402"><ele>111.72</ele><time>2024-08-28T03:46:17Z</time></trkpt><trkpt lat="-39.3604626786" lon="-72.6392257959"><ele>111.57</ele><time>2024-08-28T03:46:18Z</time></trkpt><trkpt lat="-39.3604080286" lon="-72.6392424759"><ele>111.50</ele><time>2024-08-28T03:46:19Z</time></trkpt><trkpt lat="-39.3603558093" lon="-72.6392763387"><ele>111.54</ele><time>2024-08-28T03:46:20Z</time></trkpt><trkpt lat="-39.3603095412" lon="-72.6393174101"><ele>111.59</ele><time>2024-08-28T03:46:21Z</time></trkpt><trkpt lat="-39.3602672126" lon="-72.6393620018"><ele>111.46</ele><time>2024-08-28T03:46:22Z</time></trkpt><trkpt lat="-39.3602257222" lon="-72.6394018158"><ele>111.53</ele><time>2024-08-28T03:46:23Z</time></trkpt><trkpt lat="-39.3601765204" lon="-72.6394352596"><ele>111.59</ele><time>2024-08-28T03:46:24Z</time></trkpt><trkpt lat="-39.3601215351" lon="-72.6394598186"><ele>111.63</ele><time>2024-08-28T03:46:25Z</time></trkpt><trkpt lat="-39.3600602634" lon="-72.6394728106"><ele>111.56</ele><time>2024-08-28T03:46:26Z</time></trkpt><trkpt lat="-39.3599922862" lon="-72.6394786779"><ele>111.73</ele><time>2024-08-28T03:46:27Z</time></trkpt><trkpt lat="-39.3599245604" lon="-72.6394830365"><ele>111.88</ele><time>2024-08-28T03:46:28Z</time></trkpt><trkpt lat="-39.3598540686" lon="-72.6394954417"><ele>111.75</ele><time>2024-08-28T03:46:29Z</time></trkpt><trkpt lat="-39.3597189523" lon="-72.6395353395"><ele>111.57</ele><time>2024-08-28T03:46:31Z</time></trkpt><trkpt lat="-39.3596553337" lon="-72.6395759080"><ele>111.41</ele><time>2024-08-28T03:46:32Z</time></trkpt><trkpt lat="-39.3595938943" lon="-72.6396250259"><ele>111.26</ele><time>2024-08-28T03:46:33Z</time></trkpt><trkpt lat="-39.3595353886" lon="-72.6396815199"><ele>111.23</ele><time>2024-08-28T03:46:34Z</time></trkpt><trkpt lat="-39.3594786432" lon="-72.6397401933"><ele>111.50</ele><time>2024-08-28T03:46:35Z</time></trkpt><trkpt lat="-39.3594187964" lon="-72.6398924924"><ele>111.94</ele><time>2024-08-28T03:46:37Z</time></trkpt><trkpt lat="-39.3594115041" lon="-72.6399849448"><ele>112.09</ele><time>2024-08-28T03:46:38Z</time></trkpt><trkpt lat="-39.3594156113" lon="-72.6400800794"><ele>112.29</ele><time>2024-08-28T03:46:39Z</time></trkpt><trkpt lat="-39.3594244123" lon="-72.6401698496"><ele>112.41</ele><time>2024-08-28T03:46:40Z</time></trkpt><trkpt lat="-39.3594418466" lon="-72.6402607933"><ele>112.55</ele><time>2024-08-28T03:46:41Z</time></trkpt><trkpt lat="-39.3594730273" lon="-72.6403493900"><ele>112.63</ele><time>2024-08-28T03:46:42Z</time></trkpt><trkpt lat="-39.3595127575" lon="-72.6404321194"><ele>112.68</ele><time>2024-08-28T03:46:43Z</time></trkpt><trkpt lat="-39.3595665693" lon="-72.6405089814"><ele>112.60</ele><time>2024-08-28T03:46:44Z</time></trkpt><trkpt lat="-39.3596321996" lon="-72.6405714266"><ele>112.64</ele><time>2024-08-28T03:46:45Z</time></trkpt><trkpt lat="-39.3596957345" lon="-72.6406288426"><ele>112.67</ele><time>2024-08-28T03:46:46Z</time></trkpt><trkpt lat="-39.3597696628" lon="-72.6406758651"><ele>112.61</ele><time>2024-08-28T03:46:47Z</time></trkpt><trkpt lat="-39.3598477822" lon="-72.6407108176"><ele>112.80</ele><time>2024-08-28T03:46:48Z</time></trkpt><trkpt lat="-39.3599280808" lon="-72.6407425012"><ele>112.94</ele><time>2024-08-28T03:46:49Z</time></trkpt><trkpt lat="-39.3600082956" lon="-72.6407692395"><ele>113.03</ele><time>2024-08-28T03:46:50Z</time></trkpt><trkpt lat="-39.3606599048" lon="-72.6409505401"><ele>113.92</ele><time>2024-08-28T03:47:01Z</time></trkpt><trkpt lat="-39.3606858049" lon="-72.6409576647"><ele>114.02</ele><time>2024-08-28T03:47:10Z</time></trkpt><trkpt lat="-39.3606518582" lon="-72.6409423258"><ele>114.11</ele><time>2024-08-28T03:47:27Z</time></trkpt><trkpt lat="-39.3606825359" lon="-72.6409671362"><ele>113.95</ele><time>2024-08-28T03:47:55Z</time></trkpt><trkpt lat="-39.3607066758" lon="-72.6409107260"><ele>113.84</ele><time>2024-08-28T03:48:22Z</time></trkpt><trkpt lat="-39.3607021496" lon="-72.6409123186"><ele>114.03</ele><time>2024-08-28T03:48:53Z</time></trkpt></trkseg></trk></gpx>