<?xml version="1.0" encoding="UTF-8" standalone="no" ?><gpx xmlns="http://www.topografix.com/GPX/1/1" xmlns:gpxx="http://www.garmin.com/xmlschemas/GpxExtensions/v3" xmlns:gpxtrkx="http://www.garmin.com/xmlschemas/TrackStatsExtension/v1" xmlns:wptx1="http://www.garmin.com/xmlschemas/WaypointExtension/v1" xmlns:gpxtpx="http://www.garmin.com/xmlschemas/TrackPointExtension/v1" creator="GPSMAP 64sx" version="1.1" xmlns:xsi="http://www.w3.org/2001/XMLSchema-instance" xsi:schemaLocation="http://www.topografix.com/GPX/1/1 http://www.topografix.com/GPX/1/1/gpx.xsd http://www.garmin.com/xmlschemas/GpxExtensions/v3 http://www8.garmin.com/xmlschemas/GpxExtensionsv3.xsd http://www.garmin.com/xmlschemas/TrackStatsExtension/v1 http://www8.garmin.com/xmlschemas/TrackStatsExtension.xsd http://www.garmin.com/xmlschemas/WaypointExtension/v1 http://www8.garmin.com/xmlschemas/WaypointExtensionv1.xsd http://www.garmin.com/xmlschemas/TrackPointExtension/v1 http://www.garmin.com/xmlschemas/TrackPointExtensionv1.xsd"><metadata><link href="http://www.garmin.com"><text>Garmin International</text></link><time>2024-07-30T03:59:28Z</time></metadata><trk><name>ION4-07-29 23:59:10</name><extensions><gpxx:TrackExtension><gpxx:DisplayColor>Cyan</gpxx:DisplayColor></gpxx:TrackExtension><gpxtrkx:TrackStatsExtension><gpxtrkx:Distance>43503.000</gpxtrkx:Distance><gpxtrkx:TotalElapsedTime>6745</gpxtrkx:TotalElapsedTime><gpxtrkx:MovingTime>6584</gpxtrkx:MovingTime><gpxtrkx:StoppedTime>157</gpxtrkx:StoppedTime><gpxtrkx:MovingSpeed>6.607</gpxtrkx:MovingSpeed><gpxtrkx:MaxSpeed>11.713</gpxtrkx:MaxSpeed><gpxtrkx:MaxElevation>124.934</gpxtrkx:MaxElevation><gpxtrkx:MinElevation>96.636</gpxtrkx:MinElevation><gpxtrkx:Ascent>170.000</gpxtrkx:Ascent><gpxtrkx:Descent>163.658</gpxtrkx:Descent><gpxtrkx:AvgAscentRate>0.059</gpxtrkx:AvgAscentRate><gpxtrkx:MaxAscentRate>0.672</gpxtrkx:MaxAscentRate><gpxtrkx:AvgDescentRate>0.054</gpxtrkx:AvgDescentRate><gpxtrkx:MaxDescentRate>-0.494</gpxtrkx:MaxDescentRate></gpxtrkx:TrackStatsExtension></extensions><trkseg><trkpt lat="-39.3591478933" lon="-72.6210550871"><ele>102.53</ele><time>2024-07-30T02:07:03Z</time></trkpt><trkpt lat="-39.3591475580" lon="-72.6210557576"><ele>102.53</ele><time>2024-07-30T02:07:04Z</time></trkpt><trkpt lat="-39.3591499049" lon="-72.6210710127"><ele>103.70</ele><time>2024-07-30T02:07:36Z</time></trkpt><trkpt lat="-39.3591218255" lon="-72.6211272553"><ele>103.33</ele><time>2024-07-30T02:08:04Z</time></trkpt><trkpt lat="-39.3591288663" lon="-72.6212669816"><ele>103.25</ele><time>2024-07-30T02:08:07Z</time></trkpt><trkpt lat="-39.3591434509" lon="-72.6213193685"><ele>103.13</ele><time>2024-07-30T02:08:08Z</time></trkpt><trkpt lat="-39.3591646571" lon="-72.6213729288"><ele>103.05</ele><time>2024-07-30T02:08:09Z</time></trkpt><trkpt lat="-39.3591903057" lon="-72.6214320213"><ele>102.92</ele><time>2024-07-30T02:08:10Z</time></trkpt><trkpt lat="-39.3592213187" lon="-72.6214951370"><ele>102.63</ele><time>2024-07-30T02:08:11Z</time></trkpt><trkpt lat="-39.3597303517" lon="-72.6224866323"><ele>99.57</ele><time>2024-07-30T02:08:24Z</time></trkpt><trkpt lat="-39.3598284200" lon="-72.6226220001"><ele>99.28</ele><time>2024-07-30T02:08:26Z</time></trkpt><trkpt lat="-39.3598841596" lon="-72.6226816792"><ele>99.08</ele><time>2024-07-30T02:08:27Z</time></trkpt><trkpt lat="-39.3599442579" lon="-72.6227328088"><ele>98.91</ele><time>2024-07-30T02:08:28Z</time></trkpt><trkpt lat="-39.3600083794" lon="-72.6227782387"><ele>98.65</ele><time>2024-07-30T02:08:29Z</time></trkpt><trkpt lat="-39.3600731716" lon="-72.6228167117"><ele>98.41</ele><time>2024-07-30T02:08:30Z</time></trkpt><trkpt lat="-39.3601392210" lon="-72.6228443719"><ele>98.13</ele><time>2024-07-30T02:08:31Z</time></trkpt><trkpt lat="-39.3602096289" lon="-72.6228639856"><ele>97.90</ele><time>2024-07-30T02:08:32Z</time></trkpt><trkpt lat="-39.3602789473" lon="-72.6228794921"><ele>98.01</ele><time>2024-07-30T02:08:33Z</time></trkpt><trkpt lat="-39.3610991165" lon="-72.6230172068"><ele>99.98</ele><time>2024-07-30T02:08:45Z</time></trkpt><trkpt lat="-39.3619021866" lon="-72.6236594282"><ele>99.53</ele><time>2024-07-30T02:08:57Z</time></trkpt><trkpt lat="-39.3623942882" lon="-72.6241011545"><ele>98.47</ele><time>2024-07-30T02:09:05Z</time></trkpt><trkpt lat="-39.3624626007" lon="-72.6241240371"><ele>98.51</ele><time>2024-07-30T02:09:06Z</time></trkpt><trkpt lat="-39.3625305779" lon="-72.6241408847"><ele>98.57</ele><time>2024-07-30T02:09:07Z</time></trkpt><trkpt lat="-39.3625988066" lon="-72.6241514459"><ele>98.54</ele><time>2024-07-30T02:09:08Z</time></trkpt><trkpt lat="-39.3626645207" lon="-72.6241561398"><ele>98.61</ele><time>2024-07-30T02:09:09Z</time></trkpt><trkpt lat="-39.3627280556" lon="-72.6241594926"><ele>98.59</ele><time>2024-07-30T02:09:10Z</time></trkpt><trkpt lat="-39.3632340711" lon="-72.6241898350"><ele>99.13</ele><time>2024-07-30T02:09:18Z</time></trkpt><trkpt lat="-39.3632914033" lon="-72.6242075209"><ele>99.25</ele><time>2024-07-30T02:09:19Z</time></trkpt><trkpt lat="-39.3635591213" lon="-72.6243628375"><ele>99.60</ele><time>2024-07-30T02:09:24Z</time></trkpt><trkpt lat="-39.3636053894" lon="-72.6244055852"><ele>99.70</ele><time>2024-07-30T02:09:25Z</time></trkpt><trkpt lat="-39.3636459578" lon="-72.6244511828"><ele>99.74</ele><time>2024-07-30T02:09:26Z</time></trkpt><trkpt lat="-39.3637735303" lon="-72.6245826110"><ele>99.43</ele><time>2024-07-30T02:09:30Z</time></trkpt><trkpt lat="-39.3637957424" lon="-72.6245821919"><ele>99.50</ele><time>2024-07-30T02:09:31Z</time></trkpt><trkpt lat="-39.3638158590" lon="-72.6245712955"><ele>99.42</ele><time>2024-07-30T02:09:32Z</time></trkpt><trkpt lat="-39.3638324551" lon="-72.6245464012"><ele>99.52</ele><time>2024-07-30T02:09:33Z</time></trkpt><trkpt lat="-39.3638420943" lon="-72.6245094370"><ele>99.39</ele><time>2024-07-30T02:09:34Z</time></trkpt><trkpt lat="-39.3638493028" lon="-72.6244637556"><ele>99.08</ele><time>2024-07-30T02:09:35Z</time></trkpt><trkpt lat="-39.3638507277" lon="-72.6244127937"><ele>98.97</ele><time>2024-07-30T02:09:36Z</time></trkpt><trkpt lat="-39.3638508953" lon="-72.6243557967"><ele>98.82</ele><time>2024-07-30T02:09:37Z</time></trkpt><trkpt lat="-39.3637462892" lon="-72.6238104701"><ele>97.42</ele><time>2024-07-30T02:09:48Z</time></trkpt><trkpt lat="-39.3631846178" lon="-72.6232451946"><ele>97.88</ele><time>2024-07-30T02:10:06Z</time></trkpt><trkpt lat="-39.3631836120" lon="-72.6225729659"><ele>98.00</ele><time>2024-07-30T02:10:21Z</time></trkpt><trkpt lat="-39.3632094283" lon="-72.6222782582"><ele>98.09</ele><time>2024-07-30T02:10:30Z</time></trkpt><trkpt lat="-39.3632230069" lon="-72.6222733129"><ele>98.24</ele><time>2024-07-30T02:10:31Z</time></trkpt><trkpt lat="-39.3632398546" lon="-72.6222780067"><ele>98.16</ele><time>2024-07-30T02:10:32Z</time></trkpt><trkpt lat="-39.3632618152" lon="-72.6222893223"><ele>98.03</ele><time>2024-07-30T02:10:33Z</time></trkpt><trkpt lat="-39.3632856198" lon="-72.6223041583"><ele>98.20</ele><time>2024-07-30T02:10:34Z</time></trkpt><trkpt lat="-39.3633071613" lon="-72.6223232690"><ele>98.22</ele><time>2024-07-30T02:10:35Z</time></trkpt><trkpt lat="-39.3633285351" lon="-72.6223443076"><ele>98.35</ele><time>2024-07-30T02:10:36Z</time></trkpt><trkpt lat="-39.3633522559" lon="-72.6223652624"><ele>98.25</ele><time>2024-07-30T02:10:37Z</time></trkpt><trkpt lat="-39.3634814210" lon="-72.6224766579"><ele>98.22</ele><time>2024-07-30T02:10:44Z</time></trkpt><trkpt lat="-39.3634911440" lon="-72.6224727184"><ele>98.19</ele><time>2024-07-30T02:10:45Z</time></trkpt><trkpt lat="-39.3634984363" lon="-72.6224606484"><ele>98.33</ele><time>2024-07-30T02:10:46Z</time></trkpt><trkpt lat="-39.3635012861" lon="-72.6224448904"><ele>98.40</ele><time>2024-07-30T02:10:47Z</time></trkpt><trkpt lat="-39.3635022081" lon="-72.6224225108"><ele>98.42</ele><time>2024-07-30T02:10:48Z</time></trkpt><trkpt lat="-39.3635025434" lon="-72.6223982032"><ele>98.33</ele><time>2024-07-30T02:10:49Z</time></trkpt><trkpt lat="-39.3635270186" lon="-72.6218384597"><ele>98.75</ele><time>2024-07-30T02:11:05Z</time></trkpt><trkpt lat="-39.3635197263" lon="-72.6214263216"><ele>98.93</ele><time>2024-07-30T02:11:16Z</time></trkpt><trkpt lat="-39.3635014538" lon="-72.6213989966"><ele>99.08</ele><time>2024-07-30T02:11:17Z</time></trkpt><trkpt lat="-39.3634784874" lon="-72.6213748567"><ele>99.13</ele><time>2024-07-30T02:11:18Z</time></trkpt><trkpt lat="-39.3632153794" lon="-72.6212109067"><ele>98.63</ele><time>2024-07-30T02:11:30Z</time></trkpt><trkpt lat="-39.3632021360" lon="-72.6212348789"><ele>98.68</ele><time>2024-07-30T02:11:31Z</time></trkpt><trkpt lat="-39.3631952628" lon="-72.6212602761"><ele>98.54</ele><time>2024-07-30T02:11:32Z</time></trkpt><trkpt lat="-39.3631919939" lon="-72.6212912891"><ele>98.57</ele><time>2024-07-30T02:11:33Z</time></trkpt><trkpt lat="-39.3631924968" lon="-72.6213257387"><ele>98.81</ele><time>2024-07-30T02:11:34Z</time></trkpt><trkpt lat="-39.3631921615" lon="-72.6213633735"><ele>98.76</ele><time>2024-07-30T02:11:35Z</time></trkpt><trkpt lat="-39.3631525990" lon="-72.6217119768"><ele>98.46</ele><time>2024-07-30T02:11:45Z</time></trkpt><trkpt lat="-39.3631305546" lon="-72.6217242982"><ele>98.67</ele><time>2024-07-30T02:11:46Z</time></trkpt><trkpt lat="-39.3631058279" lon="-72.6217308361"><ele>98.50</ele><time>2024-07-30T02:11:47Z</time></trkpt><trkpt lat="-39.3630769942" lon="-72.6217307523"><ele>98.49</ele><time>2024-07-30T02:11:48Z</time></trkpt><trkpt lat="-39.3630469870" lon="-72.6217280701"><ele>98.54</ele><time>2024-07-30T02:11:49Z</time></trkpt><trkpt lat="-39.3625813723" lon="-72.6217181794"><ele>98.84</ele><time>2024-07-30T02:12:05Z</time></trkpt><trkpt lat="-39.3625237886" lon="-72.6217699796"><ele>98.86</ele><time>2024-07-30T02:12:10Z</time></trkpt><trkpt lat="-39.3625201005" lon="-72.6217943709"><ele>98.90</ele><time>2024-07-30T02:12:11Z</time></trkpt><trkpt lat="-39.3625177536" lon="-72.6218240429"><ele>98.96</ele><time>2024-07-30T02:12:12Z</time></trkpt><trkpt lat="-39.3624784425" lon="-72.6219682954"><ele>99.07</ele><time>2024-07-30T02:12:17Z</time></trkpt><trkpt lat="-39.3624561466" lon="-72.6219793595"><ele>99.25</ele><time>2024-07-30T02:12:18Z</time></trkpt><trkpt lat="-39.3624318391" lon="-72.6219851431"><ele>99.28</ele><time>2024-07-30T02:12:19Z</time></trkpt><trkpt lat="-39.3620029371" lon="-72.6220384520"><ele>99.07</ele><time>2024-07-30T02:12:36Z</time></trkpt><trkpt lat="-39.3619596027" lon="-72.6220097020"><ele>99.11</ele><time>2024-07-30T02:12:38Z</time></trkpt><trkpt lat="-39.3617857620" lon="-72.6217400562"><ele>99.11</ele><time>2024-07-30T02:12:49Z</time></trkpt><trkpt lat="-39.3618199602" lon="-72.6216934528"><ele>99.11</ele><time>2024-07-30T02:12:51Z</time></trkpt><trkpt lat="-39.3618445192" lon="-72.6216782816"><ele>98.98</ele><time>2024-07-30T02:12:52Z</time></trkpt><trkpt lat="-39.3618737720" lon="-72.6216693129"><ele>99.02</ele><time>2024-07-30T02:12:53Z</time></trkpt><trkpt lat="-39.3623077031" lon="-72.6215973962"><ele>99.15</ele><time>2024-07-30T02:13:07Z</time></trkpt><trkpt lat="-39.3624908477" lon="-72.6215491164"><ele>99.37</ele><time>2024-07-30T02:13:17Z</time></trkpt><trkpt lat="-39.3625043426" lon="-72.6215366274"><ele>99.51</ele><time>2024-07-30T02:13:18Z</time></trkpt><trkpt lat="-39.3625192624" lon="-72.6215168461"><ele>99.55</ele><time>2024-07-30T02:13:19Z</time></trkpt><trkpt lat="-39.3625628483" lon="-72.6210446097"><ele>99.49</ele><time>2024-07-30T02:13:30Z</time></trkpt><trkpt lat="-39.3626007345" lon="-72.6205941662"><ele>99.44</ele><time>2024-07-30T02:13:41Z</time></trkpt><trkpt lat="-39.3626271375" lon="-72.6205764804"><ele>99.34</ele><time>2024-07-30T02:13:42Z</time></trkpt><trkpt lat="-39.3626547977" lon="-72.6205698587"><ele>99.40</ele><time>2024-07-30T02:13:43Z</time></trkpt><trkpt lat="-39.3626889959" lon="-72.6205680985"><ele>99.52</ele><time>2024-07-30T02:13:44Z</time></trkpt><trkpt lat="-39.3627246190" lon="-72.6205717027"><ele>99.49</ele><time>2024-07-30T02:13:45Z</time></trkpt><trkpt lat="-39.3627614994" lon="-72.6205753069"><ele>99.52</ele><time>2024-07-30T02:13:46Z</time></trkpt><trkpt lat="-39.3634783197" lon="-72.6206234191"><ele>99.90</ele><time>2024-07-30T02:14:02Z</time></trkpt><trkpt lat="-39.3638984207" lon="-72.6206422783"><ele>99.97</ele><time>2024-07-30T02:14:12Z</time></trkpt><trkpt lat="-39.3639542442" lon="-72.6205570344"><ele>100.14</ele><time>2024-07-30T02:14:15Z</time></trkpt><trkpt lat="-39.3639658950" lon="-72.6205030549"><ele>100.20</ele><time>2024-07-30T02:14:16Z</time></trkpt><trkpt lat="-39.3639806472" lon="-72.6203902345"><ele>100.23</ele><time>2024-07-30T02:14:18Z</time></trkpt><trkpt lat="-39.3639842514" lon="-72.6202779170"><ele>100.32</ele><time>2024-07-30T02:14:20Z</time></trkpt><trkpt lat="-39.3639795575" lon="-72.6202281285"><ele>100.42</ele><time>2024-07-30T02:14:21Z</time></trkpt><trkpt lat="-39.3639679067" lon="-72.6201883145"><ele>100.56</ele><time>2024-07-30T02:14:22Z</time></trkpt><trkpt lat="-39.3639430124" lon="-72.6201557089"><ele>96.62</ele><time>2024-07-30T02:14:23Z</time></trkpt><trkpt lat="-39.3639149331" lon="-72.6201365981"><ele>101.48</ele><time>2024-07-30T02:14:24Z</time></trkpt><trkpt lat="-39.3638824951" lon="-72.6201301441"><ele>102.58</ele><time>2024-07-30T02:14:25Z</time></trkpt><trkpt lat="-39.3638432678" lon="-72.6201257017"><ele>102.59</ele><time>2024-07-30T02:14:26Z</time></trkpt><trkpt lat="-39.3634696864" lon="-72.6201053336"><ele>100.94</ele><time>2024-07-30T02:14:34Z</time></trkpt><trkpt lat="-39.3627930991" lon="-72.6200816967"><ele>100.77</ele><time>2024-07-30T02:14:48Z</time></trkpt><trkpt lat="-39.3626087811" lon="-72.6200095285"><ele>100.22</ele><time>2024-07-30T02:14:54Z</time></trkpt><trkpt lat="-39.3626026623" lon="-72.6199647691"><ele>100.23</ele><time>2024-07-30T02:14:55Z</time></trkpt><trkpt lat="-39.3626062665" lon="-72.6197988912"><ele>100.16</ele><time>2024-07-30T02:14:58Z</time></trkpt><trkpt lat="-39.3626145646" lon="-72.6197495218"><ele>100.15</ele><time>2024-07-30T02:14:59Z</time></trkpt><trkpt lat="-39.3626301549" lon="-72.6197066903"><ele>100.11</ele><time>2024-07-30T02:15:00Z</time></trkpt><trkpt lat="-39.3626532890" lon="-72.6196733303"><ele>100.12</ele><time>2024-07-30T02:15:01Z</time></trkpt><trkpt lat="-39.3626863137" lon="-72.6196590811"><ele>100.19</ele><time>2024-07-30T02:15:02Z</time></trkpt><trkpt lat="-39.3627296481" lon="-72.6196548901"><ele>100.31</ele><time>2024-07-30T02:15:03Z</time></trkpt><trkpt lat="-39.3627769221" lon="-72.6196528785"><ele>100.32</ele><time>2024-07-30T02:15:04Z</time></trkpt><trkpt lat="-39.3635178823" lon="-72.6196526270"><ele>101.11</ele><time>2024-07-30T02:15:17Z</time></trkpt><trkpt lat="-39.3638021965" lon="-72.6196667086"><ele>101.40</ele><time>2024-07-30T02:15:22Z</time></trkpt><trkpt lat="-39.3639935553" lon="-72.6195657905"><ele>101.22</ele><time>2024-07-30T02:15:29Z</time></trkpt><trkpt lat="-39.3640031945" lon="-72.6195082068"><ele>101.21</ele><time>2024-07-30T02:15:30Z</time></trkpt><trkpt lat="-39.3638915475" lon="-72.6191848330"><ele>101.75</ele><time>2024-07-30T02:15:39Z</time></trkpt><trkpt lat="-39.3631422892" lon="-72.6191632077"><ele>101.67</ele><time>2024-07-30T02:15:55Z</time></trkpt><trkpt lat="-39.3627327494" lon="-72.6191240642"><ele>100.96</ele><time>2024-07-30T02:16:06Z</time></trkpt><trkpt lat="-39.3627253734" lon="-72.6190970745"><ele>100.96</ele><time>2024-07-30T02:16:07Z</time></trkpt><trkpt lat="-39.3627280556" lon="-72.6190596912"><ele>101.09</ele><time>2024-07-30T02:16:08Z</time></trkpt><trkpt lat="-39.3627393711" lon="-72.6190152671"><ele>101.18</ele><time>2024-07-30T02:16:09Z</time></trkpt><trkpt lat="-39.3627539556" lon="-72.6189665683"><ele>101.14</ele><time>2024-07-30T02:16:10Z</time></trkpt><trkpt lat="-39.3627712224" lon="-72.6189168636"><ele>101.19</ele><time>2024-07-30T02:16:11Z</time></trkpt><trkpt lat="-39.3627889920" lon="-72.6188707631"><ele>101.22</ele><time>2024-07-30T02:16:12Z</time></trkpt><trkpt lat="-39.3628100306" lon="-72.6188274287"><ele>101.34</ele><time>2024-07-30T02:16:13Z</time></trkpt><trkpt lat="-39.3628333323" lon="-72.6187892910"><ele>101.34</ele><time>2024-07-30T02:16:14Z</time></trkpt><trkpt lat="-39.3628639262" lon="-72.6187596191"><ele>101.48</ele><time>2024-07-30T02:16:15Z</time></trkpt><trkpt lat="-39.3629019801" lon="-72.6187428553"><ele>101.54</ele><time>2024-07-30T02:16:16Z</time></trkpt><trkpt lat="-39.3629478291" lon="-72.6187368203"><ele>101.42</ele><time>2024-07-30T02:16:17Z</time></trkpt><trkpt lat="-39.3630001321" lon="-72.6187370718"><ele>101.54</ele><time>2024-07-30T02:16:18Z</time></trkpt><trkpt lat="-39.3630557880" lon="-72.6187389996"><ele>101.62</ele><time>2024-07-30T02:16:19Z</time></trkpt><trkpt lat="-39.3638732750" lon="-72.6187609602"><ele>102.38</ele><time>2024-07-30T02:16:33Z</time></trkpt><trkpt lat="-39.3639819883" lon="-72.6187361497"><ele>102.32</ele><time>2024-07-30T02:16:37Z</time></trkpt><trkpt lat="-39.3639997579" lon="-72.6186943240"><ele>102.26</ele><time>2024-07-30T02:16:38Z</time></trkpt><trkpt lat="-39.3640121631" lon="-72.6186391711"><ele>102.42</ele><time>2024-07-30T02:16:39Z</time></trkpt><trkpt lat="-39.3640192039" lon="-72.6185789891"><ele>102.42</ele><time>2024-07-30T02:16:40Z</time></trkpt><trkpt lat="-39.3640219700" lon="-72.6185206510"><ele>102.52</ele><time>2024-07-30T02:16:41Z</time></trkpt><trkpt lat="-39.3640233949" lon="-72.6184673421"><ele>102.42</ele><time>2024-07-30T02:16:42Z</time></trkpt><trkpt lat="-39.3639927171" lon="-72.6183471456"><ele>102.47</ele><time>2024-07-30T02:16:45Z</time></trkpt><trkpt lat="-39.3639637996" lon="-72.6183245145"><ele>102.37</ele><time>2024-07-30T02:16:46Z</time></trkpt><trkpt lat="-39.3639248237" lon="-72.6183143724"><ele>102.48</ele><time>2024-07-30T02:16:47Z</time></trkpt><trkpt lat="-39.3638772983" lon="-72.6183117740"><ele>102.72</ele><time>2024-07-30T02:16:48Z</time></trkpt><trkpt lat="-39.3638245761" lon="-72.6183111873"><ele>102.70</ele><time>2024-07-30T02:16:49Z</time></trkpt><trkpt lat="-39.3632457219" lon="-72.6182878017"><ele>102.34</ele><time>2024-07-30T02:17:01Z</time></trkpt><trkpt lat="-39.3631560355" lon="-72.6182775758"><ele>102.02</ele><time>2024-07-30T02:17:05Z</time></trkpt><trkpt lat="-39.3631461449" lon="-72.6182680205"><ele>101.99</ele><time>2024-07-30T02:17:06Z</time></trkpt><trkpt lat="-39.3631391879" lon="-72.6182494126"><ele>102.04</ele><time>2024-07-30T02:17:07Z</time></trkpt><trkpt lat="-39.3631376792" lon="-72.6182207465"><ele>102.16</ele><time>2024-07-30T02:17:08Z</time></trkpt><trkpt lat="-39.3631466478" lon="-72.6181843691"><ele>102.17</ele><time>2024-07-30T02:17:09Z</time></trkpt><trkpt lat="-39.3631615676" lon="-72.6181401964"><ele>102.19</ele><time>2024-07-30T02:17:10Z</time></trkpt><trkpt lat="-39.3631811813" lon="-72.6180922519"><ele>102.28</ele><time>2024-07-30T02:17:11Z</time></trkpt><trkpt lat="-39.3633891363" lon="-72.6178510208"><ele>102.83</ele><time>2024-07-30T02:17:19Z</time></trkpt><trkpt lat="-39.3634442054" lon="-72.6178553794"><ele>102.80</ele><time>2024-07-30T02:17:20Z</time></trkpt><trkpt lat="-39.3639700022" lon="-72.6178787649"><ele>103.00</ele><time>2024-07-30T02:17:30Z</time></trkpt><trkpt lat="-39.3640123308" lon="-72.6178295631"><ele>103.02</ele><time>2024-07-30T02:17:32Z</time></trkpt><trkpt lat="-39.3640252389" lon="-72.6177804451"><ele>103.08</ele><time>2024-07-30T02:17:33Z</time></trkpt><trkpt lat="-39.3640319444" lon="-72.6177240349"><ele>103.16</ele><time>2024-07-30T02:17:34Z</time></trkpt><trkpt lat="-39.3640420865" lon="-72.6175998989"><ele>103.30</ele><time>2024-07-30T02:17:36Z</time></trkpt><trkpt lat="-39.3640400749" lon="-72.6175465062"><ele>103.29</ele><time>2024-07-30T02:17:37Z</time></trkpt><trkpt lat="-39.3640299328" lon="-72.6174993999"><ele>103.23</ele><time>2024-07-30T02:17:38Z</time></trkpt><trkpt lat="-39.3640120793" lon="-72.6174620166"><ele>103.37</ele><time>2024-07-30T02:17:39Z</time></trkpt><trkpt lat="-39.3639833294" lon="-72.6174370386"><ele>103.35</ele><time>2024-07-30T02:17:40Z</time></trkpt><trkpt lat="-39.3639433477" lon="-72.6174241304"><ele>103.50</ele><time>2024-07-30T02:17:41Z</time></trkpt><trkpt lat="-39.3638934754" lon="-72.6174212806"><ele>103.65</ele><time>2024-07-30T02:17:42Z</time></trkpt><trkpt lat="-39.3638408370" lon="-72.6174205262"><ele>103.74</ele><time>2024-07-30T02:17:43Z</time></trkpt><trkpt lat="-39.3634787388" lon="-72.6173806284"><ele>103.23</ele><time>2024-07-30T02:17:51Z</time></trkpt><trkpt lat="-39.3634650763" lon="-72.6173559017"><ele>103.24</ele><time>2024-07-30T02:17:52Z</time></trkpt><trkpt lat="-39.3634605501" lon="-72.6173216198"><ele>103.35</ele><time>2024-07-30T02:17:53Z</time></trkpt><trkpt lat="-39.3634679262" lon="-72.6172766928"><ele>103.39</ele><time>2024-07-30T02:17:54Z</time></trkpt><trkpt lat="-39.3634818401" lon="-72.6172218751"><ele>103.55</ele><time>2024-07-30T02:17:55Z</time></trkpt><trkpt lat="-39.3634992745" lon="-72.6171605196"><ele>103.53</ele><time>2024-07-30T02:17:56Z</time></trkpt><trkpt lat="-39.3635229114" lon="-72.6170999184"><ele>103.49</ele><time>2024-07-30T02:17:57Z</time></trkpt><trkpt lat="-39.3635522481" lon="-72.6170456875"><ele>103.63</ele><time>2024-07-30T02:17:58Z</time></trkpt><trkpt lat="-39.3635904696" lon="-72.6170041133"><ele>103.54</ele><time>2024-07-30T02:17:59Z</time></trkpt><trkpt lat="-39.3636380788" lon="-72.6169780456"><ele>103.69</ele><time>2024-07-30T02:18:00Z</time></trkpt><trkpt lat="-39.3636908848" lon="-72.6169648860"><ele>103.59</ele><time>2024-07-30T02:18:01Z</time></trkpt><trkpt lat="-39.3637464568" lon="-72.6169644669"><ele>103.60</ele><time>2024-07-30T02:18:02Z</time></trkpt><trkpt lat="-39.3638008554" lon="-72.6169688255"><ele>103.71</ele><time>2024-07-30T02:18:03Z</time></trkpt><trkpt lat="-39.3639497180" lon="-72.6169963181"><ele>103.71</ele><time>2024-07-30T02:18:06Z</time></trkpt><trkpt lat="-39.3639866821" lon="-72.6170202065"><ele>103.81</ele><time>2024-07-30T02:18:07Z</time></trkpt><trkpt lat="-39.3640101515" lon="-72.6170610264"><ele>103.88</ele><time>2024-07-30T02:18:08Z</time></trkpt><trkpt lat="-39.3640172761" lon="-72.6171222143"><ele>104.05</ele><time>2024-07-30T02:18:09Z</time></trkpt><trkpt lat="-39.3640196230" lon="-72.6171938796"><ele>104.05</ele><time>2024-07-30T02:18:10Z</time></trkpt><trkpt lat="-39.3639980815" lon="-72.6184079982"><ele>103.88</ele><time>2024-07-30T02:18:23Z</time></trkpt><trkpt lat="-39.3639739417" lon="-72.6201987080"><ele>103.27</ele><time>2024-07-30T02:18:41Z</time></trkpt><trkpt lat="-39.3638587743" lon="-72.6217546407"><ele>102.48</ele><time>2024-07-30T02:18:57Z</time></trkpt><trkpt lat="-39.3638296053" lon="-72.6232425962"><ele>102.49</ele><time>2024-07-30T02:19:11Z</time></trkpt><trkpt lat="-39.3637965806" lon="-72.6245453116"><ele>103.09</ele><time>2024-07-30T02:19:24Z</time></trkpt><trkpt lat="-39.3638054654" lon="-72.6247590501"><ele>103.83</ele><time>2024-07-30T02:19:30Z</time></trkpt><trkpt lat="-39.3638305273" lon="-72.6248077489"><ele>103.95</ele><time>2024-07-30T02:19:31Z</time></trkpt><trkpt lat="-39.3638630491" lon="-72.6248592976"><ele>103.98</ele><time>2024-07-30T02:19:32Z</time></trkpt><trkpt lat="-39.3640964851" lon="-72.6251956634"><ele>103.94</ele><time>2024-07-30T02:19:38Z</time></trkpt><trkpt lat="-39.3641320243" lon="-72.6252221502"><ele>103.85</ele><time>2024-07-30T02:19:39Z</time></trkpt><trkpt lat="-39.3641680665" lon="-72.6252246648"><ele>103.85</ele><time>2024-07-30T02:19:40Z</time></trkpt><trkpt lat="-39.3642000016" lon="-72.6251982618"><ele>103.61</ele><time>2024-07-30T02:19:41Z</time></trkpt><trkpt lat="-39.3642266560" lon="-72.6251392532"><ele>103.55</ele><time>2024-07-30T02:19:42Z</time></trkpt><trkpt lat="-39.3642407376" lon="-72.6250740420"><ele>103.39</ele><time>2024-07-30T02:19:43Z</time></trkpt><trkpt lat="-39.3642467726" lon="-72.6249909773"><ele>103.22</ele><time>2024-07-30T02:19:44Z</time></trkpt><trkpt lat="-39.3642491195" lon="-72.6248970162"><ele>102.99</ele><time>2024-07-30T02:19:45Z</time></trkpt><trkpt lat="-39.3642720859" lon="-72.6235158462"><ele>103.91</ele><time>2024-07-30T02:19:57Z</time></trkpt><trkpt lat="-39.3642854970" lon="-72.6225192379"><ele>103.74</ele><time>2024-07-30T02:20:09Z</time></trkpt><trkpt lat="-39.3643336091" lon="-72.6209752914"><ele>103.69</ele><time>2024-07-30T02:20:24Z</time></trkpt><trkpt lat="-39.3643342797" lon="-72.6193268225"><ele>103.67</ele><time>2024-07-30T02:20:40Z</time></trkpt><trkpt lat="-39.3643566594" lon="-72.6177651901"><ele>103.30</ele><time>2024-07-30T02:20:56Z</time></trkpt><trkpt lat="-39.3643650413" lon="-72.6160199102"><ele>105.98</ele><time>2024-07-30T02:21:13Z</time></trkpt><trkpt lat="-39.3643812183" lon="-72.6147925481"><ele>109.25</ele><time>2024-07-30T02:21:27Z</time></trkpt><trkpt lat="-39.3643974792" lon="-72.6142431144"><ele>112.33</ele><time>2024-07-30T02:21:33Z</time></trkpt><trkpt lat="-39.3644306716" lon="-72.6137723867"><ele>113.22</ele><time>2024-07-30T02:21:38Z</time></trkpt><trkpt lat="-39.3645325955" lon="-72.6130102202"><ele>116.95</ele><time>2024-07-30T02:21:46Z</time></trkpt><trkpt lat="-39.3645636924" lon="-72.6121792383"><ele>118.86</ele><time>2024-07-30T02:21:57Z</time></trkpt><trkpt lat="-39.3645569868" lon="-72.6120973472"><ele>118.98</ele><time>2024-07-30T02:21:59Z</time></trkpt><trkpt lat="-39.3646781892" lon="-72.6118622348"><ele>119.78</ele><time>2024-07-30T02:22:04Z</time></trkpt><trkpt lat="-39.3653285410" lon="-72.6115041599"><ele>123.06</ele><time>2024-07-30T02:22:15Z</time></trkpt><trkpt lat="-39.3655137811" lon="-72.6117014699"><ele>124.44</ele><time>2024-07-30T02:22:22Z</time></trkpt><trkpt lat="-39.3653995357" lon="-72.6119567826"><ele>124.49</ele><time>2024-07-30T02:22:28Z</time></trkpt><trkpt lat="-39.3648861442" lon="-72.6122397557"><ele>120.85</ele><time>2024-07-30T02:22:39Z</time></trkpt><trkpt lat="-39.3645735830" lon="-72.6124296058"><ele>118.69</ele><time>2024-07-30T02:22:49Z</time></trkpt><trkpt lat="-39.3645452522" lon="-72.6124941465"><ele>118.64</ele><time>2024-07-30T02:22:51Z</time></trkpt><trkpt lat="-39.3645927776" lon="-72.6128567476"><ele>117.93</ele><time>2024-07-30T02:22:59Z</time></trkpt><trkpt lat="-39.3650206737" lon="-72.6126546599"><ele>121.31</ele><time>2024-07-30T02:23:07Z</time></trkpt><trkpt lat="-39.3653235957" lon="-72.6124751195"><ele>123.58</ele><time>2024-07-30T02:23:12Z</time></trkpt><trkpt lat="-39.3654571194" lon="-72.6124177035"><ele>124.19</ele><time>2024-07-30T02:23:17Z</time></trkpt><trkpt lat="-39.3654915690" lon="-72.6126673166"><ele>122.86</ele><time>2024-07-30T02:23:23Z</time></trkpt><trkpt lat="-39.3652506731" lon="-72.6129978988"><ele>120.98</ele><time>2024-07-30T02:23:32Z</time></trkpt><trkpt lat="-39.3648330029" lon="-72.6132304128"><ele>117.83</ele><time>2024-07-30T02:23:40Z</time></trkpt><trkpt lat="-39.3645522930" lon="-72.6134050917"><ele>115.65</ele><time>2024-07-30T02:23:49Z</time></trkpt><trkpt lat="-39.3644558173" lon="-72.6136289723"><ele>114.90</ele><time>2024-07-30T02:23:53Z</time></trkpt><trkpt lat="-39.3645886704" lon="-72.6138652582"><ele>113.83</ele><time>2024-07-30T02:24:00Z</time></trkpt><trkpt lat="-39.3646408059" lon="-72.6138354186"><ele>114.38</ele><time>2024-07-30T02:24:01Z</time></trkpt><trkpt lat="-39.3651070911" lon="-72.6135689579"><ele>118.74</ele><time>2024-07-30T02:24:08Z</time></trkpt><trkpt lat="-39.3655963428" lon="-72.6133212727"><ele>121.39</ele><time>2024-07-30T02:24:16Z</time></trkpt><trkpt lat="-39.3658261746" lon="-72.6130246371"><ele>123.45</ele><time>2024-07-30T02:24:21Z</time></trkpt><trkpt lat="-39.3658702634" lon="-72.6127653848"><ele>124.85</ele><time>2024-07-30T02:24:24Z</time></trkpt><trkpt lat="-39.3658711016" lon="-72.6119783241"><ele>123.70</ele><time>2024-07-30T02:24:33Z</time></trkpt><trkpt lat="-39.3659338821" lon="-72.6118774060"><ele>122.55</ele><time>2024-07-30T02:24:36Z</time></trkpt><trkpt lat="-39.3659682479" lon="-72.6118779927"><ele>122.30</ele><time>2024-07-30T02:24:37Z</time></trkpt><trkpt lat="-39.3660049606" lon="-72.6119029708"><ele>122.03</ele><time>2024-07-30T02:24:38Z</time></trkpt><trkpt lat="-39.3660441041" lon="-72.6119452156"><ele>121.69</ele><time>2024-07-30T02:24:39Z</time></trkpt><trkpt lat="-39.3660867680" lon="-72.6119967643"><ele>121.34</ele><time>2024-07-30T02:24:40Z</time></trkpt><trkpt lat="-39.3665478565" lon="-72.6124003530"><ele>118.28</ele><time>2024-07-30T02:24:47Z</time></trkpt><trkpt lat="-39.3669888284" lon="-72.6126828231"><ele>115.13</ele><time>2024-07-30T02:24:53Z</time></trkpt><trkpt lat="-39.3673612364" lon="-72.6129268203"><ele>112.04</ele><time>2024-07-30T02:24:59Z</time></trkpt><trkpt lat="-39.3678271025" lon="-72.6132823806"><ele>108.88</ele><time>2024-07-30T02:25:07Z</time></trkpt><trkpt lat="-39.3679123465" lon="-72.6133849751"><ele>108.30</ele><time>2024-07-30T02:25:10Z</time></trkpt><trkpt lat="-39.3679186329" lon="-72.6134206820"><ele>108.14</ele><time>2024-07-30T02:25:11Z</time></trkpt><trkpt lat="-39.3679092452" lon="-72.6134604961"><ele>107.98</ele><time>2024-07-30T02:25:12Z</time></trkpt><trkpt lat="-39.3678841833" lon="-72.6135005616"><ele>107.94</ele><time>2024-07-30T02:25:13Z</time></trkpt><trkpt lat="-39.3678447045" lon="-72.6135352626"><ele>107.87</ele><time>2024-07-30T02:25:14Z</time></trkpt><trkpt lat="-39.3678005319" lon="-72.6135694608"><ele>107.72</ele><time>2024-07-30T02:25:15Z</time></trkpt><trkpt lat="-39.3676181417" lon="-72.6137904078"><ele>106.46</ele><time>2024-07-30T02:25:22Z</time></trkpt><trkpt lat="-39.3676281162" lon="-72.6138270367"><ele>106.49</ele><time>2024-07-30T02:25:23Z</time></trkpt><trkpt lat="-39.3676442094" lon="-72.6138653420"><ele>106.55</ele><time>2024-07-30T02:25:24Z</time></trkpt><trkpt lat="-39.3676637392" lon="-72.6139041502"><ele>106.61</ele><time>2024-07-30T02:25:25Z</time></trkpt><trkpt lat="-39.3676852807" lon="-72.6139448024"><ele>106.55</ele><time>2024-07-30T02:25:26Z</time></trkpt><trkpt lat="-39.3678935710" lon="-72.6143318787"><ele>107.12</ele><time>2024-07-30T02:25:39Z</time></trkpt><trkpt lat="-39.3679031264" lon="-72.6143428590"><ele>107.45</ele><time>2024-07-30T02:26:04Z</time></trkpt><trkpt lat="-39.3679233268" lon="-72.6143937372"><ele>107.06</ele><time>2024-07-30T02:26:19Z</time></trkpt><trkpt lat="-39.3679198064" lon="-72.6144170389"><ele>106.92</ele><time>2024-07-30T02:26:20Z</time></trkpt><trkpt lat="-39.3679119274" lon="-72.6144406758"><ele>106.92</ele><time>2024-07-30T02:26:21Z</time></trkpt><trkpt lat="-39.3678938225" lon="-72.6144680008"><ele>107.11</ele><time>2024-07-30T02:26:22Z</time></trkpt><trkpt lat="-39.3678658269" lon="-72.6144984271"><ele>107.05</ele><time>2024-07-30T02:26:23Z</time></trkpt><trkpt lat="-39.3678297009" lon="-72.6145319548"><ele>107.18</ele><time>2024-07-30T02:26:24Z</time></trkpt><trkpt lat="-39.3677900545" lon="-72.6145655662"><ele>107.05</ele><time>2024-07-30T02:26:25Z</time></trkpt><trkpt lat="-39.3676670920" lon="-72.6146470383"><ele>106.86</ele><time>2024-07-30T02:26:29Z</time></trkpt><trkpt lat="-39.3676438741" lon="-72.6146347169"><ele>106.97</ele><time>2024-07-30T02:26:30Z</time></trkpt><trkpt lat="-39.3676232547" lon="-72.6146052964"><ele>106.89</ele><time>2024-07-30T02:26:31Z</time></trkpt><trkpt lat="-39.3676054012" lon="-72.6145682484"><ele>106.99</ele><time>2024-07-30T02:26:32Z</time></trkpt><trkpt lat="-39.3675849494" lon="-72.6145306975"><ele>106.93</ele><time>2024-07-30T02:26:33Z</time></trkpt><trkpt lat="-39.3675609771" lon="-72.6144888718"><ele>107.04</ele><time>2024-07-30T02:26:34Z</time></trkpt><trkpt lat="-39.3672791775" lon="-72.6140361652"><ele>106.71</ele><time>2024-07-30T02:26:44Z</time></trkpt><trkpt lat="-39.3672453985" lon="-72.6140340697"><ele>106.94</ele><time>2024-07-30T02:26:45Z</time></trkpt><trkpt lat="-39.3672118708" lon="-72.6140432060"><ele>106.98</ele><time>2024-07-30T02:26:46Z</time></trkpt><trkpt lat="-39.3671775050" lon="-72.6140669268"><ele>107.19</ele><time>2024-07-30T02:26:47Z</time></trkpt><trkpt lat="-39.3671422172" lon="-72.6141004544"><ele>107.18</ele><time>2024-07-30T02:26:48Z</time></trkpt><trkpt lat="-39.3671057560" lon="-72.6141393464"><ele>107.29</ele><time>2024-07-30T02:26:49Z</time></trkpt><trkpt lat="-39.3669260480" lon="-72.6143149473"><ele>107.81</ele><time>2024-07-30T02:26:53Z</time></trkpt><trkpt lat="-39.3668664526" lon="-72.6143547613"><ele>107.94</ele><time>2024-07-30T02:26:54Z</time></trkpt><trkpt lat="-39.3665432464" lon="-72.6146233175"><ele>109.00</ele><time>2024-07-30T02:27:02Z</time></trkpt><trkpt lat="-39.3665475212" lon="-72.6146552525"><ele>109.02</ele><time>2024-07-30T02:27:03Z</time></trkpt><trkpt lat="-39.3665583339" lon="-72.6146887802"><ele>109.03</ele><time>2024-07-30T02:27:04Z</time></trkpt><trkpt lat="-39.3665765226" lon="-72.6147290133"><ele>109.10</ele><time>2024-07-30T02:27:05Z</time></trkpt><trkpt lat="-39.3666047696" lon="-72.6147801429"><ele>108.95</ele><time>2024-07-30T02:27:06Z</time></trkpt><trkpt lat="-39.3666371237" lon="-72.6148379780"><ele>108.84</ele><time>2024-07-30T02:27:07Z</time></trkpt><trkpt lat="-39.3668765109" lon="-72.6153133158"><ele>106.78</ele><time>2024-07-30T02:27:17Z</time></trkpt><trkpt lat="-39.3668790255" lon="-72.6153438259"><ele>106.57</ele><time>2024-07-30T02:27:18Z</time></trkpt><trkpt lat="-39.3668727390" lon="-72.6153736655"><ele>106.45</ele><time>2024-07-30T02:27:19Z</time></trkpt><trkpt lat="-39.3668576516" lon="-72.6154025830"><ele>106.52</ele><time>2024-07-30T02:27:20Z</time></trkpt><trkpt lat="-39.3668328412" lon="-72.6154309977"><ele>106.49</ele><time>2024-07-30T02:27:21Z</time></trkpt><trkpt lat="-39.3668024987" lon="-72.6154574007"><ele>106.41</ele><time>2024-07-30T02:27:22Z</time></trkpt><trkpt lat="-39.3667658698" lon="-72.6154859830"><ele>106.49</ele><time>2024-07-30T02:27:23Z</time></trkpt><trkpt lat="-39.3665562384" lon="-72.6156028267"><ele>106.41</ele><time>2024-07-30T02:27:30Z</time></trkpt><trkpt lat="-39.3665318470" lon="-72.6155724842"><ele>106.88</ele><time>2024-07-30T02:27:31Z</time></trkpt><trkpt lat="-39.3662182800" lon="-72.6149877626"><ele>110.20</ele><time>2024-07-30T02:27:40Z</time></trkpt><trkpt lat="-39.3660142645" lon="-72.6146093197"><ele>113.21</ele><time>2024-07-30T02:27:46Z</time></trkpt><trkpt lat="-39.3658868596" lon="-72.6144220680"><ele>114.03</ele><time>2024-07-30T02:27:54Z</time></trkpt><trkpt lat="-39.3656159565" lon="-72.6138873026"><ele>117.19</ele><time>2024-07-30T02:28:03Z</time></trkpt><trkpt lat="-39.3654956762" lon="-72.6138325687"><ele>117.29</ele><time>2024-07-30T02:28:09Z</time></trkpt><trkpt lat="-39.3654532637" lon="-72.6138580497"><ele>117.29</ele><time>2024-07-30T02:28:10Z</time></trkpt><trkpt lat="-39.3654121924" lon="-72.6138940919"><ele>117.33</ele><time>2024-07-30T02:28:11Z</time></trkpt><trkpt lat="-39.3653738033" lon="-72.6139312238"><ele>117.19</ele><time>2024-07-30T02:28:12Z</time></trkpt><trkpt lat="-39.3653426226" lon="-72.6139699481"><ele>116.94</ele><time>2024-07-30T02:28:13Z</time></trkpt><trkpt lat="-39.3653144594" lon="-72.6140086725"><ele>116.83</ele><time>2024-07-30T02:28:14Z</time></trkpt><trkpt lat="-39.3653000426" lon="-72.6140484028"><ele>116.83</ele><time>2024-07-30T02:28:15Z</time></trkpt><trkpt lat="-39.3652993720" lon="-72.6140883844"><ele>116.68</ele><time>2024-07-30T02:28:16Z</time></trkpt><trkpt lat="-39.3653136212" lon="-72.6141375024"><ele>116.82</ele><time>2024-07-30T02:28:17Z</time></trkpt><trkpt lat="-39.3653369229" lon="-72.6141909789"><ele>116.78</ele><time>2024-07-30T02:28:18Z</time></trkpt><trkpt lat="-39.3653648347" lon="-72.6142500713"><ele>116.56</ele><time>2024-07-30T02:28:19Z</time></trkpt><trkpt lat="-39.3656690139" lon="-72.6147756167"><ele>113.53</ele><time>2024-07-30T02:28:30Z</time></trkpt><trkpt lat="-39.3657870311" lon="-72.6149408240"><ele>113.57</ele><time>2024-07-30T02:28:35Z</time></trkpt><trkpt lat="-39.3659711815" lon="-72.6152626891"><ele>110.55</ele><time>2024-07-30T02:28:40Z</time></trkpt><trkpt lat="-39.3662750255" lon="-72.6157675311"><ele>107.51</ele><time>2024-07-30T02:28:49Z</time></trkpt><trkpt lat="-39.3663088046" lon="-72.6159202494"><ele>106.36</ele><time>2024-07-30T02:28:56Z</time></trkpt><trkpt lat="-39.3663005903" lon="-72.6159397792"><ele>106.33</ele><time>2024-07-30T02:28:57Z</time></trkpt><trkpt lat="-39.3662813958" lon="-72.6159617398"><ele>106.33</ele><time>2024-07-30T02:28:58Z</time></trkpt><trkpt lat="-39.3662502989" lon="-72.6159883942"><ele>106.40</ele><time>2024-07-30T02:28:59Z</time></trkpt><trkpt lat="-39.3662145920" lon="-72.6160169765"><ele>106.41</ele><time>2024-07-30T02:29:00Z</time></trkpt><trkpt lat="-39.3660600297" lon="-72.6161424536"><ele>106.33</ele><time>2024-07-30T02:29:05Z</time></trkpt><trkpt lat="-39.3660342135" lon="-72.6161316410"><ele>106.49</ele><time>2024-07-30T02:29:06Z</time></trkpt><trkpt lat="-39.3660094030" lon="-72.6161010470"><ele>106.83</ele><time>2024-07-30T02:29:07Z</time></trkpt><trkpt lat="-39.3659880292" lon="-72.6160593051"><ele>107.18</ele><time>2024-07-30T02:29:08Z</time></trkpt><trkpt lat="-39.3659673259" lon="-72.6160130370"><ele>107.49</ele><time>2024-07-30T02:29:09Z</time></trkpt><trkpt lat="-39.3659478799" lon="-72.6159644220"><ele>107.55</ele><time>2024-07-30T02:29:10Z</time></trkpt><trkpt lat="-39.3658304494" lon="-72.6158364303"><ele>107.98</ele><time>2024-07-30T02:29:15Z</time></trkpt><trkpt lat="-39.3657975923" lon="-72.6158488356"><ele>108.11</ele><time>2024-07-30T02:29:16Z</time></trkpt><trkpt lat="-39.3657607120" lon="-72.6158747356"><ele>108.13</ele><time>2024-07-30T02:29:17Z</time></trkpt><trkpt lat="-39.3657261785" lon="-72.6159075927"><ele>108.06</ele><time>2024-07-30T02:29:18Z</time></trkpt><trkpt lat="-39.3656901363" lon="-72.6159413718"><ele>107.95</ele><time>2024-07-30T02:29:19Z</time></trkpt><trkpt lat="-39.3656523339" lon="-72.6159729715"><ele>107.95</ele><time>2024-07-30T02:29:20Z</time></trkpt><trkpt lat="-39.3655623123" lon="-72.6161079202"><ele>107.55</ele><time>2024-07-30T02:29:24Z</time></trkpt><trkpt lat="-39.3655733764" lon="-72.6161542721"><ele>107.46</ele><time>2024-07-30T02:29:25Z</time></trkpt><trkpt lat="-39.3655953370" lon="-72.6162023004"><ele>107.55</ele><time>2024-07-30T02:29:26Z</time></trkpt><trkpt lat="-39.3656193931" lon="-72.6162497420"><ele>107.27</ele><time>2024-07-30T02:29:27Z</time></trkpt><trkpt lat="-39.3656393420" lon="-72.6162922382"><ele>107.22</ele><time>2024-07-30T02:29:28Z</time></trkpt><trkpt lat="-39.3656802457" lon="-72.6164485607"><ele>106.37</ele><time>2024-07-30T02:29:33Z</time></trkpt><trkpt lat="-39.3656680081" lon="-72.6164811663"><ele>106.54</ele><time>2024-07-30T02:29:34Z</time></trkpt><trkpt lat="-39.3656421918" lon="-72.6165177114"><ele>106.52</ele><time>2024-07-30T02:29:35Z</time></trkpt><trkpt lat="-39.3656038027" lon="-72.6165567711"><ele>106.45</ele><time>2024-07-30T02:29:36Z</time></trkpt><trkpt lat="-39.3655644916" lon="-72.6165930647"><ele>106.44</ele><time>2024-07-30T02:29:37Z</time></trkpt><trkpt lat="-39.3654313032" lon="-72.6166702621"><ele>106.45</ele><time>2024-07-30T02:29:41Z</time></trkpt><trkpt lat="-39.3654030561" lon="-72.6166474633"><ele>106.74</ele><time>2024-07-30T02:29:42Z</time></trkpt><trkpt lat="-39.3653776590" lon="-72.6166121755"><ele>106.79</ele><time>2024-07-30T02:29:43Z</time></trkpt><trkpt lat="-39.3653529324" lon="-72.6165671647"><ele>106.80</ele><time>2024-07-30T02:29:44Z</time></trkpt><trkpt lat="-39.3653243501" lon="-72.6165151969"><ele>107.10</ele><time>2024-07-30T02:29:45Z</time></trkpt><trkpt lat="-39.3650511838" lon="-72.6159943454"><ele>108.10</ele><time>2024-07-30T02:29:54Z</time></trkpt><trkpt lat="-39.3650695402" lon="-72.6159620751"><ele>108.26</ele><time>2024-07-30T02:29:55Z</time></trkpt><trkpt lat="-39.3650996312" lon="-72.6159259491"><ele>108.31</ele><time>2024-07-30T02:29:56Z</time></trkpt><trkpt lat="-39.3656869512" lon="-72.6153796166"><ele>109.83</ele><time>2024-07-30T02:30:08Z</time></trkpt><trkpt lat="-39.3658797350" lon="-72.6151798759"><ele>110.96</ele><time>2024-07-30T02:30:14Z</time></trkpt><trkpt lat="-39.3658850156" lon="-72.6151414867"><ele>111.29</ele><time>2024-07-30T02:30:15Z</time></trkpt><trkpt lat="-39.3658721913" lon="-72.6151000801"><ele>111.84</ele><time>2024-07-30T02:30:16Z</time></trkpt><trkpt lat="-39.3658498954" lon="-72.6150506269"><ele>112.33</ele><time>2024-07-30T02:30:17Z</time></trkpt><trkpt lat="-39.3658265937" lon="-72.6150004193"><ele>113.04</ele><time>2024-07-30T02:30:18Z</time></trkpt><trkpt lat="-39.3658030406" lon="-72.6149550732"><ele>113.61</ele><time>2024-07-30T02:30:19Z</time></trkpt><trkpt lat="-39.3657807447" lon="-72.6149166003"><ele>113.84</ele><time>2024-07-30T02:30:20Z</time></trkpt><trkpt lat="-39.3656454608" lon="-72.6148674823"><ele>114.54</ele><time>2024-07-30T02:30:25Z</time></trkpt><trkpt lat="-39.3655989412" lon="-72.6148981601"><ele>114.61</ele><time>2024-07-30T02:30:26Z</time></trkpt><trkpt lat="-39.3655514996" lon="-72.6149396505"><ele>114.61</ele><time>2024-07-30T02:30:27Z</time></trkpt><trkpt lat="-39.3655083328" lon="-72.6149792969"><ele>114.43</ele><time>2024-07-30T02:30:28Z</time></trkpt><trkpt lat="-39.3654681835" lon="-72.6150098071"><ele>114.42</ele><time>2024-07-30T02:30:29Z</time></trkpt><trkpt lat="-39.3654341530" lon="-72.6150227990"><ele>114.38</ele><time>2024-07-30T02:30:30Z</time></trkpt><trkpt lat="-39.3654050678" lon="-72.6150195301"><ele>114.36</ele><time>2024-07-30T02:30:31Z</time></trkpt><trkpt lat="-39.3653779104" lon="-72.6150012575"><ele>114.44</ele><time>2024-07-30T02:30:32Z</time></trkpt><trkpt lat="-39.3653483223" lon="-72.6149681490"><ele>114.60</ele><time>2024-07-30T02:30:33Z</time></trkpt><trkpt lat="-39.3653173093" lon="-72.6149259042"><ele>114.89</ele><time>2024-07-30T02:30:34Z</time></trkpt><trkpt lat="-39.3652831949" lon="-72.6148717571"><ele>115.08</ele><time>2024-07-30T02:30:35Z</time></trkpt><trkpt lat="-39.3652438000" lon="-72.6148124970"><ele>115.37</ele><time>2024-07-30T02:30:36Z</time></trkpt><trkpt lat="-39.3649612460" lon="-72.6143536717"><ele>116.74</ele><time>2024-07-30T02:30:45Z</time></trkpt><trkpt lat="-39.3649251200" lon="-72.6143476367"><ele>116.50</ele><time>2024-07-30T02:30:46Z</time></trkpt><trkpt lat="-39.3648880720" lon="-72.6143510733"><ele>116.52</ele><time>2024-07-30T02:30:47Z</time></trkpt><trkpt lat="-39.3648464140" lon="-72.6143652387"><ele>116.31</ele><time>2024-07-30T02:30:48Z</time></trkpt><trkpt lat="-39.3647977151" lon="-72.6143964194"><ele>116.01</ele><time>2024-07-30T02:30:49Z</time></trkpt><trkpt lat="-39.3647445738" lon="-72.6144364011"><ele>115.76</ele><time>2024-07-30T02:30:50Z</time></trkpt><trkpt lat="-39.3644502014" lon="-72.6146668196"><ele>112.83</ele><time>2024-07-30T02:30:56Z</time></trkpt><trkpt lat="-39.3643739261" lon="-72.6147950627"><ele>112.28</ele><time>2024-07-30T02:31:00Z</time></trkpt><trkpt lat="-39.3643614370" lon="-72.6148679852"><ele>112.18</ele><time>2024-07-30T02:31:01Z</time></trkpt><trkpt lat="-39.3643536419" lon="-72.6149515528"><ele>111.87</ele><time>2024-07-30T02:31:02Z</time></trkpt><trkpt lat="-39.3643772788" lon="-72.6153354440"><ele>110.10</ele><time>2024-07-30T02:31:09Z</time></trkpt><trkpt lat="-39.3643991556" lon="-72.6153537165"><ele>109.97</ele><time>2024-07-30T02:31:10Z</time></trkpt><trkpt lat="-39.3644314259" lon="-72.6153631043"><ele>109.90</ele><time>2024-07-30T02:31:11Z</time></trkpt><trkpt lat="-39.3644625228" lon="-72.6153476816"><ele>110.10</ele><time>2024-07-30T02:31:12Z</time></trkpt><trkpt lat="-39.3644966371" lon="-72.6153207757"><ele>110.43</ele><time>2024-07-30T02:31:13Z</time></trkpt><trkpt lat="-39.3645377085" lon="-72.6152862422"><ele>110.58</ele><time>2024-07-30T02:31:14Z</time></trkpt><trkpt lat="-39.3648523651" lon="-72.6150002517"><ele>113.21</ele><time>2024-07-30T02:31:21Z</time></trkpt><trkpt lat="-39.3648876529" lon="-72.6149880141"><ele>113.62</ele><time>2024-07-30T02:31:22Z</time></trkpt><trkpt lat="-39.3649231922" lon="-72.6149932109"><ele>113.80</ele><time>2024-07-30T02:31:23Z</time></trkpt><trkpt lat="-39.3649583962" lon="-72.6150148362"><ele>113.61</ele><time>2024-07-30T02:31:24Z</time></trkpt><trkpt lat="-39.3649961147" lon="-72.6150518842"><ele>113.37</ele><time>2024-07-30T02:31:25Z</time></trkpt><trkpt lat="-39.3650326598" lon="-72.6150977332"><ele>113.19</ele><time>2024-07-30T02:31:26Z</time></trkpt><trkpt lat="-39.3650615774" lon="-72.6151415706"><ele>112.94</ele><time>2024-07-30T02:31:27Z</time></trkpt><trkpt lat="-39.3650812749" lon="-72.6151804626"><ele>112.68</ele><time>2024-07-30T02:31:28Z</time></trkpt><trkpt lat="-39.3651012238" lon="-72.6152106375"><ele>112.40</ele><time>2024-07-30T02:31:29Z</time></trkpt><trkpt lat="-39.3651127908" lon="-72.6152416505"><ele>112.28</ele><time>2024-07-30T02:31:30Z</time></trkpt><trkpt lat="-39.3651008047" lon="-72.6152784470"><ele>112.11</ele><time>2024-07-30T02:31:31Z</time></trkpt><trkpt lat="-39.3650884833" lon="-72.6153196022"><ele>111.90</ele><time>2024-07-30T02:31:32Z</time></trkpt><trkpt lat="-39.3650598172" lon="-72.6153726596"><ele>111.67</ele><time>2024-07-30T02:31:33Z</time></trkpt><trkpt lat="-39.3650163990" lon="-72.6154247113"><ele>111.56</ele><time>2024-07-30T02:31:34Z</time></trkpt><trkpt lat="-39.3649699632" lon="-72.6154737454"><ele>111.15</ele><time>2024-07-30T02:31:35Z</time></trkpt><trkpt lat="-39.3645899277" lon="-72.6158558764"><ele>109.41</ele><time>2024-07-30T02:31:43Z</time></trkpt><trkpt lat="-39.3645761814" lon="-72.6159062516"><ele>109.34</ele><time>2024-07-30T02:31:44Z</time></trkpt><trkpt lat="-39.3645806238" lon="-72.6159677748"><ele>109.53</ele><time>2024-07-30T02:31:45Z</time></trkpt><trkpt lat="-39.3645940349" lon="-72.6160379313"><ele>109.47</ele><time>2024-07-30T02:31:46Z</time></trkpt><trkpt lat="-39.3646137323" lon="-72.6161033101"><ele>109.32</ele><time>2024-07-30T02:31:47Z</time></trkpt><trkpt lat="-39.3646418117" lon="-72.6161783282"><ele>109.12</ele><time>2024-07-30T02:31:48Z</time></trkpt><trkpt lat="-39.3646806199" lon="-72.6162566990"><ele>108.92</ele><time>2024-07-30T02:31:49Z</time></trkpt><trkpt lat="-39.3647215236" lon="-72.6163410209"><ele>108.43</ele><time>2024-07-30T02:31:50Z</time></trkpt><trkpt lat="-39.3650822807" lon="-72.6170437597"><ele>106.72</ele><time>2024-07-30T02:32:00Z</time></trkpt><trkpt lat="-39.3650826160" lon="-72.6170822326"><ele>106.86</ele><time>2024-07-30T02:32:01Z</time></trkpt><trkpt lat="-39.3650661875" lon="-72.6171182748"><ele>106.99</ele><time>2024-07-30T02:32:02Z</time></trkpt><trkpt lat="-39.3650379404" lon="-72.6171522215"><ele>106.86</ele><time>2024-07-30T02:32:03Z</time></trkpt><trkpt lat="-39.3650036585" lon="-72.6171831507"><ele>106.93</ele><time>2024-07-30T02:32:04Z</time></trkpt><trkpt lat="-39.3649666943" lon="-72.6172159240"><ele>106.76</ele><time>2024-07-30T02:32:05Z</time></trkpt><trkpt lat="-39.3644568231" lon="-72.6176688820"><ele>106.69</ele><time>2024-07-30T02:32:16Z</time></trkpt><trkpt lat="-39.3643982336" lon="-72.6177439839"><ele>106.46</ele><time>2024-07-30T02:32:18Z</time></trkpt><trkpt lat="-39.3643732555" lon="-72.6177919284"><ele>106.53</ele><time>2024-07-30T02:32:19Z</time></trkpt><trkpt lat="-39.3643524684" lon="-72.6178542059"><ele>106.78</ele><time>2024-07-30T02:32:20Z</time></trkpt><trkpt lat="-39.3643442541" lon="-72.6179297268"><ele>106.90</ele><time>2024-07-30T02:32:21Z</time></trkpt><trkpt lat="-39.3643407337" lon="-72.6180097740"><ele>106.84</ele><time>2024-07-30T02:32:22Z</time></trkpt><trkpt lat="-39.3643371295" lon="-72.6180920005"><ele>106.82</ele><time>2024-07-30T02:32:23Z</time></trkpt><trkpt lat="-39.3643429130" lon="-72.6188030373"><ele>106.76</ele><time>2024-07-30T02:32:33Z</time></trkpt><trkpt lat="-39.3643639516" lon="-72.6188099105"><ele>106.75</ele><time>2024-07-30T02:32:34Z</time></trkpt><trkpt lat="-39.3643958867" lon="-72.6188014448"><ele>107.00</ele><time>2024-07-30T02:32:35Z</time></trkpt><trkpt lat="-39.3644320127" lon="-72.6187777240"><ele>107.13</ele><time>2024-07-30T02:32:36Z</time></trkpt><trkpt lat="-39.3644727487" lon="-72.6187431067"><ele>107.13</ele><time>2024-07-30T02:32:37Z</time></trkpt><trkpt lat="-39.3645169213" lon="-72.6187005267"><ele>107.21</ele><time>2024-07-30T02:32:38Z</time></trkpt><trkpt lat="-39.3645629380" lon="-72.6186545938"><ele>107.34</ele><time>2024-07-30T02:32:39Z</time></trkpt><trkpt lat="-39.3653567880" lon="-72.6179056708"><ele>107.94</ele><time>2024-07-30T02:32:54Z</time></trkpt><trkpt lat="-39.3655971810" lon="-72.6176809520"><ele>107.59</ele><time>2024-07-30T02:33:02Z</time></trkpt><trkpt lat="-39.3662021030" lon="-72.6171740983"><ele>108.12</ele><time>2024-07-30T02:33:13Z</time></trkpt><trkpt lat="-39.3664751016" lon="-72.6169416681"><ele>107.96</ele><time>2024-07-30T02:33:21Z</time></trkpt><trkpt lat="-39.3669511937" lon="-72.6165116765"><ele>108.83</ele><time>2024-07-30T02:33:31Z</time></trkpt><trkpt lat="-39.3677602988" lon="-72.6157780923"><ele>109.09</ele><time>2024-07-30T02:33:46Z</time></trkpt><trkpt lat="-39.3678939063" lon="-72.6155737415"><ele>108.79</ele><time>2024-07-30T02:33:53Z</time></trkpt><trkpt lat="-39.3678682577" lon="-72.6155180857"><ele>108.95</ele><time>2024-07-30T02:33:54Z</time></trkpt><trkpt lat="-39.3678357359" lon="-72.6154583227"><ele>109.06</ele><time>2024-07-30T02:33:55Z</time></trkpt><trkpt lat="-39.3675518408" lon="-72.6149014290"><ele>108.56</ele><time>2024-07-30T02:34:04Z</time></trkpt><trkpt lat="-39.3675632402" lon="-72.6148139220"><ele>108.74</ele><time>2024-07-30T02:34:06Z</time></trkpt><trkpt lat="-39.3675890565" lon="-72.6147676539"><ele>108.67</ele><time>2024-07-30T02:34:07Z</time></trkpt><trkpt lat="-39.3676245119" lon="-72.6147214696"><ele>108.67</ele><time>2024-07-30T02:34:08Z</time></trkpt><trkpt lat="-39.3676709477" lon="-72.6146721002"><ele>109.00</ele><time>2024-07-30T02:34:09Z</time></trkpt><trkpt lat="-39.3677267712" lon="-72.6146172825"><ele>109.10</ele><time>2024-07-30T02:34:10Z</time></trkpt><trkpt lat="-39.3683701660" lon="-72.6140483189"><ele>109.48</ele><time>2024-07-30T02:34:22Z</time></trkpt><trkpt lat="-39.3687180150" lon="-72.6136400364"><ele>109.81</ele><time>2024-07-30T02:34:34Z</time></trkpt><trkpt lat="-39.3689299095" lon="-72.6132841408"><ele>109.27</ele><time>2024-07-30T02:34:45Z</time></trkpt><trkpt lat="-39.3689149898" lon="-72.6132475957"><ele>109.17</ele><time>2024-07-30T02:34:46Z</time></trkpt><trkpt lat="-39.3688952923" lon="-72.6132020820"><ele>109.23</ele><time>2024-07-30T02:34:47Z</time></trkpt><trkpt lat="-39.3687707372" lon="-72.6130507886"><ele>108.99</ele><time>2024-07-30T02:34:53Z</time></trkpt><trkpt lat="-39.3687519617" lon="-72.6130633615"><ele>109.02</ele><time>2024-07-30T02:34:54Z</time></trkpt><trkpt lat="-39.3685900234" lon="-72.6132034231"><ele>109.48</ele><time>2024-07-30T02:34:59Z</time></trkpt><trkpt lat="-39.3682048749" lon="-72.6135835424"><ele>110.06</ele><time>2024-07-30T02:35:10Z</time></trkpt><trkpt lat="-39.3681804836" lon="-72.6135806087"><ele>110.19</ele><time>2024-07-30T02:35:11Z</time></trkpt><trkpt lat="-39.3681550026" lon="-72.6135656051"><ele>110.36</ele><time>2024-07-30T02:35:12Z</time></trkpt><trkpt lat="-39.3681261688" lon="-72.6135383639"><ele>110.50</ele><time>2024-07-30T02:35:13Z</time></trkpt><trkpt lat="-39.3680930603" lon="-72.6135073509"><ele>110.35</ele><time>2024-07-30T02:35:14Z</time></trkpt><trkpt lat="-39.3680038769" lon="-72.6133576501"><ele>110.42</ele><time>2024-07-30T02:35:19Z</time></trkpt><trkpt lat="-39.3680141866" lon="-72.6133247092"><ele>110.48</ele><time>2024-07-30T02:35:20Z</time></trkpt><trkpt lat="-39.3680338841" lon="-72.6132921036"><ele>110.18</ele><time>2024-07-30T02:35:21Z</time></trkpt><trkpt lat="-39.3680581078" lon="-72.6132566482"><ele>110.12</ele><time>2024-07-30T02:35:22Z</time></trkpt><trkpt lat="-39.3680859357" lon="-72.6132196840"><ele>110.05</ele><time>2024-07-30T02:35:23Z</time></trkpt><trkpt lat="-39.3684247322" lon="-72.6128429174"><ele>108.98</ele><time>2024-07-30T02:35:35Z</time></trkpt><trkpt lat="-39.3687348627" lon="-72.6123979222"><ele>108.62</ele><time>2024-07-30T02:35:47Z</time></trkpt><trkpt lat="-39.3686927017" lon="-72.6120921504"><ele>108.19</ele><time>2024-07-30T02:35:54Z</time></trkpt><trkpt lat="-39.3686664663" lon="-72.6120952517"><ele>108.22</ele><time>2024-07-30T02:35:55Z</time></trkpt><trkpt lat="-39.3686402310" lon="-72.6121232472"><ele>108.33</ele><time>2024-07-30T02:35:56Z</time></trkpt><trkpt lat="-39.3686089665" lon="-72.6121547632"><ele>108.40</ele><time>2024-07-30T02:35:57Z</time></trkpt><trkpt lat="-39.3685748521" lon="-72.6121913921"><ele>108.38</ele><time>2024-07-30T02:35:58Z</time></trkpt><trkpt lat="-39.3679634761" lon="-72.6128685661"><ele>109.62</ele><time>2024-07-30T02:36:14Z</time></trkpt><trkpt lat="-39.3676922377" lon="-72.6131180953"><ele>111.26</ele><time>2024-07-30T02:36:24Z</time></trkpt><trkpt lat="-39.3672967795" lon="-72.6128181070"><ele>114.14</ele><time>2024-07-30T02:36:33Z</time></trkpt><trkpt lat="-39.3669109605" lon="-72.6127590146"><ele>115.73</ele><time>2024-07-30T02:36:43Z</time></trkpt><trkpt lat="-39.3667652830" lon="-72.6130470168"><ele>114.94</ele><time>2024-07-30T02:36:51Z</time></trkpt><trkpt lat="-39.3667901773" lon="-72.6130782813"><ele>114.79</ele><time>2024-07-30T02:36:52Z</time></trkpt><trkpt lat="-39.3668265548" lon="-72.6131074503"><ele>114.32</ele><time>2024-07-30T02:36:53Z</time></trkpt><trkpt lat="-39.3671096116" lon="-72.6133303251"><ele>111.15</ele><time>2024-07-30T02:36:59Z</time></trkpt><trkpt lat="-39.3671590649" lon="-72.6133687142"><ele>110.92</ele><time>2024-07-30T02:37:00Z</time></trkpt><trkpt lat="-39.3675493263" lon="-72.6137561258"><ele>108.30</ele><time>2024-07-30T02:37:11Z</time></trkpt><trkpt lat="-39.3675419502" lon="-72.6137852948"><ele>108.39</ele><time>2024-07-30T02:37:12Z</time></trkpt><trkpt lat="-39.3675218336" lon="-72.6138173975"><ele>108.35</ele><time>2024-07-30T02:37:13Z</time></trkpt><trkpt lat="-39.3674938381" lon="-72.6138487458"><ele>108.47</ele><time>2024-07-30T02:37:14Z</time></trkpt><trkpt lat="-39.3674610648" lon="-72.6138814352"><ele>108.65</ele><time>2024-07-30T02:37:15Z</time></trkpt><trkpt lat="-39.3674230110" lon="-72.6139144599"><ele>108.56</ele><time>2024-07-30T02:37:16Z</time></trkpt><trkpt lat="-39.3673888128" lon="-72.6139399409"><ele>108.42</ele><time>2024-07-30T02:37:17Z</time></trkpt><trkpt lat="-39.3671070971" lon="-72.6137863845"><ele>110.17</ele><time>2024-07-30T02:37:25Z</time></trkpt><trkpt lat="-39.3670531176" lon="-72.6137557905"><ele>110.21</ele><time>2024-07-30T02:37:26Z</time></trkpt><trkpt lat="-39.3667730782" lon="-72.6135963667"><ele>113.98</ele><time>2024-07-30T02:37:31Z</time></trkpt><trkpt lat="-39.3665931188" lon="-72.6134268008"><ele>116.67</ele><time>2024-07-30T02:37:37Z</time></trkpt><trkpt lat="-39.3665992375" lon="-72.6133785211"><ele>116.54</ele><time>2024-07-30T02:37:38Z</time></trkpt><trkpt lat="-39.3666127324" lon="-72.6133233681"><ele>116.51</ele><time>2024-07-30T02:37:39Z</time></trkpt><trkpt lat="-39.3666332681" lon="-72.6132613420"><ele>116.24</ele><time>2024-07-30T02:37:40Z</time></trkpt><trkpt lat="-39.3666569050" lon="-72.6131912693"><ele>116.00</ele><time>2024-07-30T02:37:41Z</time></trkpt><trkpt lat="-39.3667836394" lon="-72.6129339449"><ele>115.63</ele><time>2024-07-30T02:37:45Z</time></trkpt><trkpt lat="-39.3668211903" lon="-72.6128893532"><ele>115.60</ele><time>2024-07-30T02:37:46Z</time></trkpt><trkpt lat="-39.3668587413" lon="-72.6128501259"><ele>115.48</ele><time>2024-07-30T02:37:47Z</time></trkpt><trkpt lat="-39.3668918498" lon="-72.6128196158"><ele>115.47</ele><time>2024-07-30T02:37:48Z</time></trkpt><trkpt lat="-39.3669193424" lon="-72.6127942186"><ele>115.51</ele><time>2024-07-30T02:37:49Z</time></trkpt><trkpt lat="-39.3670103699" lon="-72.6127509680"><ele>115.77</ele><time>2024-07-30T02:37:52Z</time></trkpt><trkpt lat="-39.3670475855" lon="-72.6127663907"><ele>115.66</ele><time>2024-07-30T02:37:53Z</time></trkpt><trkpt lat="-39.3670941051" lon="-72.6127980743"><ele>115.40</ele><time>2024-07-30T02:37:54Z</time></trkpt><trkpt lat="-39.3673713785" lon="-72.6129929535"><ele>112.85</ele><time>2024-07-30T02:37:59Z</time></trkpt><trkpt lat="-39.3680749554" lon="-72.6136044133"><ele>110.48</ele><time>2024-07-30T02:38:09Z</time></trkpt><trkpt lat="-39.3688063603" lon="-72.6146342140"><ele>109.75</ele><time>2024-07-30T02:38:22Z</time></trkpt><trkpt lat="-39.3691081088" lon="-72.6151320990"><ele>109.81</ele><time>2024-07-30T02:38:28Z</time></trkpt><trkpt lat="-39.3692677841" lon="-72.6158241928"><ele>109.74</ele><time>2024-07-30T02:38:36Z</time></trkpt><trkpt lat="-39.3692528643" lon="-72.6158897392"><ele>109.62</ele><time>2024-07-30T02:38:37Z</time></trkpt><trkpt lat="-39.3692234438" lon="-72.6159463171"><ele>109.87</ele><time>2024-07-30T02:38:38Z</time></trkpt><trkpt lat="-39.3691910058" lon="-72.6159943454"><ele>109.89</ele><time>2024-07-30T02:38:39Z</time></trkpt><trkpt lat="-39.3691547960" lon="-72.6160346624"><ele>109.94</ele><time>2024-07-30T02:38:40Z</time></trkpt><trkpt lat="-39.3691132218" lon="-72.6160759851"><ele>109.89</ele><time>2024-07-30T02:38:41Z</time></trkpt><trkpt lat="-39.3690686300" lon="-72.6161170565"><ele>109.92</ele><time>2024-07-30T02:38:42Z</time></trkpt><trkpt lat="-39.3688229565" lon="-72.6162959263"><ele>109.64</ele><time>2024-07-30T02:38:46Z</time></trkpt><trkpt lat="-39.3687530514" lon="-72.6163198147"><ele>109.51</ele><time>2024-07-30T02:38:47Z</time></trkpt><trkpt lat="-39.3686882593" lon="-72.6163111813"><ele>109.34</ele><time>2024-07-30T02:38:48Z</time></trkpt><trkpt lat="-39.3686221261" lon="-72.6162886340"><ele>109.23</ele><time>2024-07-30T02:38:49Z</time></trkpt><trkpt lat="-39.3685525563" lon="-72.6162521727"><ele>109.28</ele><time>2024-07-30T02:38:50Z</time></trkpt><trkpt lat="-39.3684903625" lon="-72.6162124425"><ele>109.25</ele><time>2024-07-30T02:38:51Z</time></trkpt><trkpt lat="-39.3684269115" lon="-72.6161650009"><ele>109.15</ele><time>2024-07-30T02:38:52Z</time></trkpt><trkpt lat="-39.3682350498" lon="-72.6160558686"><ele>108.98</ele><time>2024-07-30T02:38:55Z</time></trkpt><trkpt lat="-39.3681726884" lon="-72.6160531864"><ele>109.11</ele><time>2024-07-30T02:38:56Z</time></trkpt><trkpt lat="-39.3681143504" lon="-72.6160649210"><ele>109.07</ele><time>2024-07-30T02:38:57Z</time></trkpt><trkpt lat="-39.3680539168" lon="-72.6160907373"><ele>109.21</ele><time>2024-07-30T02:38:58Z</time></trkpt><trkpt lat="-39.3679961655" lon="-72.6161313057"><ele>109.12</ele><time>2024-07-30T02:38:59Z</time></trkpt><trkpt lat="-39.3679353967" lon="-72.6161789987"><ele>109.14</ele><time>2024-07-30T02:39:00Z</time></trkpt><trkpt lat="-39.3678730354" lon="-72.6162290387"><ele>109.11</ele><time>2024-07-30T02:39:01Z</time></trkpt><trkpt lat="-39.3671011459" lon="-72.6169099007"><ele>108.66</ele><time>2024-07-30T02:39:14Z</time></trkpt><trkpt lat="-39.3660612032" lon="-72.6178226061"><ele>107.94</ele><time>2024-07-30T02:39:34Z</time></trkpt><trkpt lat="-39.3657526653" lon="-72.6181246061"><ele>107.32</ele><time>2024-07-30T02:39:44Z</time></trkpt><trkpt lat="-39.3657540064" lon="-72.6181717962"><ele>107.46</ele><time>2024-07-30T02:39:45Z</time></trkpt><trkpt lat="-39.3657664116" lon="-72.6182118617"><ele>107.56</ele><time>2024-07-30T02:39:46Z</time></trkpt><trkpt lat="-39.3657873664" lon="-72.6182597224"><ele>107.53</ele><time>2024-07-30T02:39:47Z</time></trkpt><trkpt lat="-39.3658160325" lon="-72.6183161326"><ele>107.72</ele><time>2024-07-30T02:39:48Z</time></trkpt><trkpt lat="-39.3658464588" lon="-72.6183665916"><ele>107.70</ele><time>2024-07-30T02:39:49Z</time></trkpt><trkpt lat="-39.3658787291" lon="-72.6184020471"><ele>107.70</ele><time>2024-07-30T02:39:50Z</time></trkpt><trkpt lat="-39.3659037910" lon="-72.6184229180"><ele>107.55</ele><time>2024-07-30T02:39:51Z</time></trkpt><trkpt lat="-39.3659295235" lon="-72.6184344012"><ele>107.67</ele><time>2024-07-30T02:39:52Z</time></trkpt><trkpt lat="-39.3659623805" lon="-72.6184301265"><ele>107.88</ele><time>2024-07-30T02:39:53Z</time></trkpt><trkpt lat="-39.3660022784" lon="-72.6184095070"><ele>107.91</ele><time>2024-07-30T02:39:54Z</time></trkpt><trkpt lat="-39.3660471216" lon="-72.6183701120"><ele>108.13</ele><time>2024-07-30T02:39:55Z</time></trkpt><trkpt lat="-39.3660925515" lon="-72.6183302142"><ele>108.18</ele><time>2024-07-30T02:39:56Z</time></trkpt><trkpt lat="-39.3661436811" lon="-72.6182832755"><ele>108.34</ele><time>2024-07-30T02:39:57Z</time></trkpt><trkpt lat="-39.3669224437" lon="-72.6176251285"><ele>109.08</ele><time>2024-07-30T02:40:11Z</time></trkpt><trkpt lat="-39.3672725558" lon="-72.6173764374"><ele>109.35</ele><time>2024-07-30T02:40:19Z</time></trkpt><trkpt lat="-39.3673026469" lon="-72.6174133178"><ele>109.36</ele><time>2024-07-30T02:40:20Z</time></trkpt><trkpt lat="-39.3673278764" lon="-72.6174589153"><ele>109.29</ele><time>2024-07-30T02:40:21Z</time></trkpt><trkpt lat="-39.3674956821" lon="-72.6176500227"><ele>109.54</ele><time>2024-07-30T02:40:28Z</time></trkpt><trkpt lat="-39.3675258569" lon="-72.6176363602"><ele>109.57</ele><time>2024-07-30T02:40:29Z</time></trkpt><trkpt lat="-39.3675554451" lon="-72.6176154893"><ele>109.71</ele><time>2024-07-30T02:40:30Z</time></trkpt><trkpt lat="-39.3677000329" lon="-72.6175618451"><ele>109.85</ele><time>2024-07-30T02:40:34Z</time></trkpt><trkpt lat="-39.3677302077" lon="-72.6175853144"><ele>109.82</ele><time>2024-07-30T02:40:35Z</time></trkpt><trkpt lat="-39.3677557725" lon="-72.6176221110"><ele>109.93</ele><time>2024-07-30T02:40:36Z</time></trkpt><trkpt lat="-39.3677746318" lon="-72.6176712289"><ele>109.77</ele><time>2024-07-30T02:40:37Z</time></trkpt><trkpt lat="-39.3678066507" lon="-72.6177254599"><ele>109.84</ele><time>2024-07-30T02:40:38Z</time></trkpt><trkpt lat="-39.3678255100" lon="-72.6177889947"><ele>109.71</ele><time>2024-07-30T02:40:39Z</time></trkpt><trkpt lat="-39.3678385857" lon="-72.6178597379"><ele>109.64</ele><time>2024-07-30T02:40:40Z</time></trkpt><trkpt lat="-39.3679249194" lon="-72.6183309685"><ele>109.16</ele><time>2024-07-30T02:40:48Z</time></trkpt><trkpt lat="-39.3679533340" lon="-72.6183338184"><ele>109.35</ele><time>2024-07-30T02:40:49Z</time></trkpt><trkpt lat="-39.3679893762" lon="-72.6183242630"><ele>109.40</ele><time>2024-07-30T02:40:50Z</time></trkpt><trkpt lat="-39.3680349737" lon="-72.6182946749"><ele>109.49</ele><time>2024-07-30T02:40:51Z</time></trkpt><trkpt lat="-39.3680832535" lon="-72.6182560343"><ele>109.67</ele><time>2024-07-30T02:40:52Z</time></trkpt><trkpt lat="-39.3681370653" lon="-72.6182111073"><ele>109.65</ele><time>2024-07-30T02:40:53Z</time></trkpt><trkpt lat="-39.3681972474" lon="-72.6181723829"><ele>109.80</ele><time>2024-07-30T02:40:54Z</time></trkpt><trkpt lat="-39.3682603631" lon="-72.6181434654"><ele>109.78</ele><time>2024-07-30T02:40:55Z</time></trkpt><trkpt lat="-39.3683240656" lon="-72.6181223430"><ele>109.73</ele><time>2024-07-30T02:40:56Z</time></trkpt><trkpt lat="-39.3683871813" lon="-72.6180956885"><ele>109.67</ele><time>2024-07-30T02:40:57Z</time></trkpt><trkpt lat="-39.3684587628" lon="-72.6180557907"><ele>109.71</ele><time>2024-07-30T02:40:58Z</time></trkpt><trkpt lat="-39.3685220461" lon="-72.6180130430"><ele>109.83</ele><time>2024-07-30T02:40:59Z</time></trkpt><trkpt lat="-39.3685807195" lon="-72.6179486699"><ele>109.90</ele><time>2024-07-30T02:41:00Z</time></trkpt><trkpt lat="-39.3686306756" lon="-72.6178754121"><ele>109.93</ele><time>2024-07-30T02:41:01Z</time></trkpt><trkpt lat="-39.3686742615" lon="-72.6177974604"><ele>110.14</ele><time>2024-07-30T02:41:02Z</time></trkpt><trkpt lat="-39.3687189370" lon="-72.6177145634"><ele>110.13</ele><time>2024-07-30T02:41:03Z</time></trkpt><trkpt lat="-39.3692439795" lon="-72.6171198674"><ele>110.58</ele><time>2024-07-30T02:41:13Z</time></trkpt><trkpt lat="-39.3693831190" lon="-72.6170679834"><ele>110.61</ele><time>2024-07-30T02:41:17Z</time></trkpt><trkpt lat="-39.3694110308" lon="-72.6170988288"><ele>110.57</ele><time>2024-07-30T02:41:18Z</time></trkpt><trkpt lat="-39.3694276270" lon="-72.6171551552"><ele>110.75</ele><time>2024-07-30T02:41:19Z</time></trkpt><trkpt lat="-39.3694449775" lon="-72.6172184385"><ele>110.70</ele><time>2024-07-30T02:41:20Z</time></trkpt><trkpt lat="-39.3694612384" lon="-72.6172904391"><ele>110.83</ele><time>2024-07-30T02:41:21Z</time></trkpt><trkpt lat="-39.3695513438" lon="-72.6179041620"><ele>110.96</ele><time>2024-07-30T02:41:28Z</time></trkpt><trkpt lat="-39.3695313949" lon="-72.6179820299"><ele>111.06</ele><time>2024-07-30T02:41:29Z</time></trkpt><trkpt lat="-39.3695007171" lon="-72.6180371828"><ele>111.15</ele><time>2024-07-30T02:41:30Z</time></trkpt><trkpt lat="-39.3694575503" lon="-72.6180892345"><ele>111.14</ele><time>2024-07-30T02:41:31Z</time></trkpt><trkpt lat="-39.3694085162" lon="-72.6181450579"><ele>111.12</ele><time>2024-07-30T02:41:32Z</time></trkpt><trkpt lat="-39.3692537025" lon="-72.6183078345"><ele>111.24</ele><time>2024-07-30T02:41:35Z</time></trkpt><trkpt lat="-39.3691827077" lon="-72.6183585450"><ele>111.08</ele><time>2024-07-30T02:41:36Z</time></trkpt><trkpt lat="-39.3691078573" lon="-72.6183832716"><ele>111.23</ele><time>2024-07-30T02:41:37Z</time></trkpt><trkpt lat="-39.3690349348" lon="-72.6183914021"><ele>111.15</ele><time>2024-07-30T02:41:38Z</time></trkpt><trkpt lat="-39.3689615931" lon="-72.6183862053"><ele>111.03</ele><time>2024-07-30T02:41:39Z</time></trkpt><trkpt lat="-39.3688925263" lon="-72.6183734648"><ele>110.87</ele><time>2024-07-30T02:41:40Z</time></trkpt><trkpt lat="-39.3687085435" lon="-72.6183584612"><ele>110.64</ele><time>2024-07-30T02:41:43Z</time></trkpt><trkpt lat="-39.3686515465" lon="-72.6183722075"><ele>110.63</ele><time>2024-07-30T02:41:44Z</time></trkpt><trkpt lat="-39.3686015066" lon="-72.6183990296"><ele>110.68</ele><time>2024-07-30T02:41:45Z</time></trkpt><trkpt lat="-39.3685511313" lon="-72.6184487343"><ele>110.83</ele><time>2024-07-30T02:41:46Z</time></trkpt><trkpt lat="-39.3684973195" lon="-72.6184976008"><ele>110.73</ele><time>2024-07-30T02:41:47Z</time></trkpt><trkpt lat="-39.3684418313" lon="-72.6185535919"><ele>110.95</ele><time>2024-07-30T02:41:48Z</time></trkpt><trkpt lat="-39.3674750626" lon="-72.6194486953"><ele>110.71</ele><time>2024-07-30T02:42:03Z</time></trkpt><trkpt lat="-39.3669287302" lon="-72.6199477538"><ele>109.34</ele><time>2024-07-30T02:42:14Z</time></trkpt><trkpt lat="-39.3666393030" lon="-72.6202153880"><ele>109.98</ele><time>2024-07-30T02:42:22Z</time></trkpt><trkpt lat="-39.3656828441" lon="-72.6211096533"><ele>108.96</ele><time>2024-07-30T02:42:36Z</time></trkpt><trkpt lat="-39.3648599926" lon="-72.6219464187"><ele>108.26</ele><time>2024-07-30T02:42:51Z</time></trkpt><trkpt lat="-39.3643263169" lon="-72.6224472374"><ele>107.26</ele><time>2024-07-30T02:43:04Z</time></trkpt><trkpt lat="-39.3642669730" lon="-72.6226038951"><ele>107.36</ele><time>2024-07-30T02:43:09Z</time></trkpt><trkpt lat="-39.3642891850" lon="-72.6230716892"><ele>107.42</ele><time>2024-07-30T02:43:18Z</time></trkpt><trkpt lat="-39.3643158395" lon="-72.6230894588"><ele>107.48</ele><time>2024-07-30T02:43:19Z</time></trkpt><trkpt lat="-39.3643481098" lon="-72.6230816636"><ele>107.44</ele><time>2024-07-30T02:43:20Z</time></trkpt><trkpt lat="-39.3643761892" lon="-72.6230605412"><ele>107.58</ele><time>2024-07-30T02:43:21Z</time></trkpt><trkpt lat="-39.3644151650" lon="-72.6230293605"><ele>107.63</ele><time>2024-07-30T02:43:22Z</time></trkpt><trkpt lat="-39.3648954481" lon="-72.6225780789"><ele>107.93</ele><time>2024-07-30T02:43:37Z</time></trkpt><trkpt lat="-39.3649619166" lon="-72.6224884763"><ele>107.99</ele><time>2024-07-30T02:43:39Z</time></trkpt><trkpt lat="-39.3649831228" lon="-72.6224392746"><ele>107.98</ele><time>2024-07-30T02:43:40Z</time></trkpt><trkpt lat="-39.3650378566" lon="-72.6223273762"><ele>108.10</ele><time>2024-07-30T02:43:42Z</time></trkpt><trkpt lat="-39.3650733959" lon="-72.6222770847"><ele>108.20</ele><time>2024-07-30T02:43:43Z</time></trkpt><trkpt lat="-39.3651153892" lon="-72.6222270448"><ele>108.25</ele><time>2024-07-30T02:43:44Z</time></trkpt><trkpt lat="-39.3651611544" lon="-72.6221791841"><ele>108.20</ele><time>2024-07-30T02:43:45Z</time></trkpt><trkpt lat="-39.3652061652" lon="-72.6221321616"><ele>108.40</ele><time>2024-07-30T02:43:46Z</time></trkpt><trkpt lat="-39.3656149507" lon="-72.6216906030"><ele>108.12</ele><time>2024-07-30T02:43:55Z</time></trkpt><trkpt lat="-39.3656386714" lon="-72.6216460112"><ele>108.04</ele><time>2024-07-30T02:43:56Z</time></trkpt><trkpt lat="-39.3656635657" lon="-72.6215986535"><ele>108.11</ele><time>2024-07-30T02:43:57Z</time></trkpt><trkpt lat="-39.3656927347" lon="-72.6215543132"><ele>108.31</ele><time>2024-07-30T02:43:58Z</time></trkpt><trkpt lat="-39.3657260947" lon="-72.6215131581"><ele>108.52</ele><time>2024-07-30T02:43:59Z</time></trkpt><trkpt lat="-39.3657635618" lon="-72.6214704942"><ele>108.52</ele><time>2024-07-30T02:44:00Z</time></trkpt><trkpt lat="-39.3661135063" lon="-72.6211909577"><ele>108.72</ele><time>2024-07-30T02:44:09Z</time></trkpt><trkpt lat="-39.3661554158" lon="-72.6212286763"><ele>108.75</ele><time>2024-07-30T02:44:10Z</time></trkpt><trkpt lat="-39.3661882728" lon="-72.6212739386"><ele>108.62</ele><time>2024-07-30T02:44:11Z</time></trkpt><trkpt lat="-39.3662238959" lon="-72.6213317737"><ele>108.46</ele><time>2024-07-30T02:44:12Z</time></trkpt><trkpt lat="-39.3662592676" lon="-72.6213914528"><ele>108.52</ele><time>2024-07-30T02:44:13Z</time></trkpt><trkpt lat="-39.3664337788" lon="-72.6216433290"><ele>107.68</ele><time>2024-07-30T02:44:19Z</time></trkpt><trkpt lat="-39.3664652109" lon="-72.6216305885"><ele>107.81</ele><time>2024-07-30T02:44:20Z</time></trkpt><trkpt lat="-39.3665020913" lon="-72.6216079574"><ele>107.97</ele><time>2024-07-30T02:44:21Z</time></trkpt><trkpt lat="-39.3665426597" lon="-72.6215771120"><ele>108.20</ele><time>2024-07-30T02:44:22Z</time></trkpt><trkpt lat="-39.3665792886" lon="-72.6215472724"><ele>108.23</ele><time>2024-07-30T02:44:23Z</time></trkpt><trkpt lat="-39.3670896627" lon="-72.6210413408"><ele>109.31</ele><time>2024-07-30T02:44:38Z</time></trkpt><trkpt lat="-39.3672464043" lon="-72.6207468845"><ele>109.47</ele><time>2024-07-30T02:44:47Z</time></trkpt><trkpt lat="-39.3671495095" lon="-72.6205291227"><ele>109.56</ele><time>2024-07-30T02:44:55Z</time></trkpt><trkpt lat="-39.3671706319" lon="-72.6205419470"><ele>109.74</ele><time>2024-07-30T02:45:02Z</time></trkpt><trkpt lat="-39.3673053291" lon="-72.6203779969"><ele>110.00</ele><time>2024-07-30T02:45:07Z</time></trkpt><trkpt lat="-39.3673998769" lon="-72.6202755701"><ele>109.81</ele><time>2024-07-30T02:45:10Z</time></trkpt><trkpt lat="-39.3675186485" lon="-72.6203003805"><ele>109.89</ele><time>2024-07-30T02:45:14Z</time></trkpt><trkpt lat="-39.3676460534" lon="-72.6204300486"><ele>109.80</ele><time>2024-07-30T02:45:19Z</time></trkpt><trkpt lat="-39.3676813412" lon="-72.6204163022"><ele>109.79</ele><time>2024-07-30T02:45:20Z</time></trkpt><trkpt lat="-39.3677207362" lon="-72.6203921624"><ele>109.91</ele><time>2024-07-30T02:45:21Z</time></trkpt><trkpt lat="-39.3677604664" lon="-72.6203557011"><ele>109.98</ele><time>2024-07-30T02:45:22Z</time></trkpt><trkpt lat="-39.3685813900" lon="-72.6196166687"><ele>110.65</ele><time>2024-07-30T02:45:37Z</time></trkpt><trkpt lat="-39.3688764330" lon="-72.6193207875"><ele>109.91</ele><time>2024-07-30T02:45:44Z</time></trkpt><trkpt lat="-39.3689140677" lon="-72.6193402335"><ele>110.18</ele><time>2024-07-30T02:45:46Z</time></trkpt><trkpt lat="-39.3689255510" lon="-72.6193701569"><ele>110.00</ele><time>2024-07-30T02:45:47Z</time></trkpt><trkpt lat="-39.3689528760" lon="-72.6194026787"><ele>109.99</ele><time>2024-07-30T02:45:48Z</time></trkpt><trkpt lat="-39.3689664546" lon="-72.6194464322"><ele>109.95</ele><time>2024-07-30T02:45:49Z</time></trkpt><trkpt lat="-39.3690439034" lon="-72.6199573930"><ele>109.90</ele><time>2024-07-30T02:45:59Z</time></trkpt><trkpt lat="-39.3686901033" lon="-72.6203388534"><ele>110.06</ele><time>2024-07-30T02:46:08Z</time></trkpt><trkpt lat="-39.3677113485" lon="-72.6212378126"><ele>109.20</ele><time>2024-07-30T02:46:25Z</time></trkpt><trkpt lat="-39.3675735500" lon="-72.6213829871"><ele>108.97</ele><time>2024-07-30T02:46:32Z</time></trkpt><trkpt lat="-39.3675994501" lon="-72.6214290038"><ele>109.23</ele><time>2024-07-30T02:46:33Z</time></trkpt><trkpt lat="-39.3676401861" lon="-72.6214976516"><ele>109.15</ele><time>2024-07-30T02:46:34Z</time></trkpt><trkpt lat="-39.3680774700" lon="-72.6222602371"><ele>109.49</ele><time>2024-07-30T02:46:42Z</time></trkpt><trkpt lat="-39.3682716787" lon="-72.6226000395"><ele>108.72</ele><time>2024-07-30T02:46:49Z</time></trkpt><trkpt lat="-39.3685063720" lon="-72.6226013806"><ele>109.50</ele><time>2024-07-30T02:46:55Z</time></trkpt><trkpt lat="-39.3685635366" lon="-72.6225513406"><ele>109.62</ele><time>2024-07-30T02:46:56Z</time></trkpt><trkpt lat="-39.3686217070" lon="-72.6224904880"><ele>109.78</ele><time>2024-07-30T02:46:57Z</time></trkpt><trkpt lat="-39.3693865556" lon="-72.6217438281"><ele>110.18</ele><time>2024-07-30T02:47:07Z</time></trkpt><trkpt lat="-39.3701213971" lon="-72.6209518220"><ele>109.83</ele><time>2024-07-30T02:47:21Z</time></trkpt><trkpt lat="-39.3701360654" lon="-72.6205865387"><ele>110.12</ele><time>2024-07-30T02:47:29Z</time></trkpt><trkpt lat="-39.3701569363" lon="-72.6205254346"><ele>110.17</ele><time>2024-07-30T02:47:30Z</time></trkpt><trkpt lat="-39.3701902125" lon="-72.6204642467"><ele>110.03</ele><time>2024-07-30T02:47:31Z</time></trkpt><trkpt lat="-39.3702279311" lon="-72.6203981135"><ele>109.92</ele><time>2024-07-30T02:47:32Z</time></trkpt><trkpt lat="-39.3702731933" lon="-72.6203290466"><ele>109.82</ele><time>2024-07-30T02:47:33Z</time></trkpt><trkpt lat="-39.3711285666" lon="-72.6191740204"><ele>108.31</ele><time>2024-07-30T02:47:49Z</time></trkpt><trkpt lat="-39.3718038965" lon="-72.6179911662"><ele>106.46</ele><time>2024-07-30T02:48:02Z</time></trkpt><trkpt lat="-39.3724745326" lon="-72.6166488044"><ele>106.00</ele><time>2024-07-30T02:48:17Z</time></trkpt><trkpt lat="-39.3731333502" lon="-72.6155387890"><ele>106.44</ele><time>2024-07-30T02:48:30Z</time></trkpt><trkpt lat="-39.3731655367" lon="-72.6154309977"><ele>106.57</ele><time>2024-07-30T02:48:31Z</time></trkpt><trkpt lat="-39.3735310715" lon="-72.6139850356"><ele>104.49</ele><time>2024-07-30T02:48:44Z</time></trkpt><trkpt lat="-39.3738320656" lon="-72.6127774548"><ele>105.22</ele><time>2024-07-30T02:48:56Z</time></trkpt><trkpt lat="-39.3740194011" lon="-72.6114383619"><ele>106.32</ele><time>2024-07-30T02:49:08Z</time></trkpt><trkpt lat="-39.3740030564" lon="-72.6099148672"><ele>107.84</ele><time>2024-07-30T02:49:22Z</time></trkpt><trkpt lat="-39.3739739712" lon="-72.6082448568"><ele>108.37</ele><time>2024-07-30T02:49:37Z</time></trkpt><trkpt lat="-39.3737175688" lon="-72.6063793804"><ele>109.02</ele><time>2024-07-30T02:49:53Z</time></trkpt><trkpt lat="-39.3734843004" lon="-72.6048494317"><ele>109.52</ele><time>2024-07-30T02:50:08Z</time></trkpt><trkpt lat="-39.3733551353" lon="-72.6043783687"><ele>109.72</ele><time>2024-07-30T02:50:13Z</time></trkpt><trkpt lat="-39.3733160757" lon="-72.6042916998"><ele>109.82</ele><time>2024-07-30T02:50:14Z</time></trkpt><trkpt lat="-39.3726266641" lon="-72.6031645853"><ele>110.44</ele><time>2024-07-30T02:50:27Z</time></trkpt><trkpt lat="-39.3723087385" lon="-72.6023682207"><ele>110.21</ele><time>2024-07-30T02:50:35Z</time></trkpt><trkpt lat="-39.3723001890" lon="-72.6022621896"><ele>110.26</ele><time>2024-07-30T02:50:36Z</time></trkpt><trkpt lat="-39.3723016139" lon="-72.6021543983"><ele>110.13</ele><time>2024-07-30T02:50:37Z</time></trkpt><trkpt lat="-39.3723070621" lon="-72.6020428352"><ele>110.10</ele><time>2024-07-30T02:50:38Z</time></trkpt><trkpt lat="-39.3723183777" lon="-72.6019337866"><ele>110.12</ele><time>2024-07-30T02:50:39Z</time></trkpt><trkpt lat="-39.3723347224" lon="-72.6018258277"><ele>109.82</ele><time>2024-07-30T02:50:40Z</time></trkpt><trkpt lat="-39.3723572697" lon="-72.6017177012"><ele>109.79</ele><time>2024-07-30T02:50:41Z</time></trkpt><trkpt lat="-39.3723834213" lon="-72.6016085688"><ele>109.67</ele><time>2024-07-30T02:50:42Z</time></trkpt><trkpt lat="-39.3729335256" lon="-72.6002330147"><ele>110.41</ele><time>2024-07-30T02:50:55Z</time></trkpt><trkpt lat="-39.3735606596" lon="-72.5987229310"><ele>111.85</ele><time>2024-07-30T02:51:10Z</time></trkpt><trkpt lat="-39.3739178125" lon="-72.5972498953"><ele>112.30</ele><time>2024-07-30T02:51:23Z</time></trkpt><trkpt lat="-39.3742396776" lon="-72.5954647176"><ele>112.69</ele><time>2024-07-30T02:51:39Z</time></trkpt><trkpt lat="-39.3745389115" lon="-72.5937658735"><ele>113.26</ele><time>2024-07-30T02:51:55Z</time></trkpt><trkpt lat="-39.3748335354" lon="-72.5920809433"><ele>113.85</ele><time>2024-07-30T02:52:11Z</time></trkpt><trkpt lat="-39.3751191068" lon="-72.5905493181"><ele>114.38</ele><time>2024-07-30T02:52:26Z</time></trkpt><trkpt lat="-39.3752641138" lon="-72.5897729862"><ele>114.04</ele><time>2024-07-30T02:52:37Z</time></trkpt><trkpt lat="-39.3753031734" lon="-72.5895797834"><ele>114.10</ele><time>2024-07-30T02:52:47Z</time></trkpt><trkpt lat="-39.3753065262" lon="-72.5895991456"><ele>114.22</ele><time>2024-07-30T02:53:11Z</time></trkpt><trkpt lat="-39.3752891757" lon="-72.5895446632"><ele>114.60</ele><time>2024-07-30T02:53:21Z</time></trkpt><trkpt lat="-39.3752723280" lon="-72.5895380415"><ele>114.60</ele><time>2024-07-30T02:53:22Z</time></trkpt><trkpt lat="-39.3752611801" lon="-72.5895339344"><ele>114.60</ele><time>2024-07-30T02:53:23Z</time></trkpt><trkpt lat="-39.3752607610" lon="-72.5895549729"><ele>114.61</ele><time>2024-07-30T02:53:33Z</time></trkpt><trkpt lat="-39.3752224557" lon="-72.5896569807"><ele>114.12</ele><time>2024-07-30T02:53:45Z</time></trkpt><trkpt lat="-39.3752158340" lon="-72.5896899216"><ele>114.48</ele><time>2024-07-30T02:53:49Z</time></trkpt><trkpt lat="-39.3752133194" lon="-72.5897187553"><ele>114.62</ele><time>2024-07-30T02:53:50Z</time></trkpt><trkpt lat="-39.3752013333" lon="-72.5898159016"><ele>114.88</ele><time>2024-07-30T02:53:52Z</time></trkpt><trkpt lat="-39.3750452623" lon="-72.5907447841"><ele>115.25</ele><time>2024-07-30T02:54:02Z</time></trkpt><trkpt lat="-39.3747261632" lon="-72.5926416926"><ele>114.78</ele><time>2024-07-30T02:54:19Z</time></trkpt><trkpt lat="-39.3743045535" lon="-72.5946784113"><ele>114.11</ele><time>2024-07-30T02:54:36Z</time></trkpt><trkpt lat="-39.3740504142" lon="-72.5961888302"><ele>113.80</ele><time>2024-07-30T02:54:49Z</time></trkpt><trkpt lat="-39.3736510165" lon="-72.5982809532"><ele>113.09</ele><time>2024-07-30T02:55:07Z</time></trkpt><trkpt lat="-39.3730623554" lon="-72.5999215432"><ele>112.36</ele><time>2024-07-30T02:55:22Z</time></trkpt><trkpt lat="-39.3723508157" lon="-72.6017591916"><ele>111.30</ele><time>2024-07-30T02:55:39Z</time></trkpt><trkpt lat="-39.3722933996" lon="-72.6021837350"><ele>111.59</ele><time>2024-07-30T02:55:43Z</time></trkpt><trkpt lat="-39.3722954113" lon="-72.6022927836"><ele>111.70</ele><time>2024-07-30T02:55:44Z</time></trkpt><trkpt lat="-39.3723052181" lon="-72.6023994014"><ele>111.78</ele><time>2024-07-30T02:55:45Z</time></trkpt><trkpt lat="-39.3723224010" lon="-72.6025072765"><ele>111.82</ele><time>2024-07-30T02:55:46Z</time></trkpt><trkpt lat="-39.3723446131" lon="-72.6026145648"><ele>112.04</ele><time>2024-07-30T02:55:47Z</time></trkpt><trkpt lat="-39.3723741174" lon="-72.6027229428"><ele>112.00</ele><time>2024-07-30T02:55:48Z</time></trkpt><trkpt lat="-39.3724132609" lon="-72.6028268784"><ele>112.04</ele><time>2024-07-30T02:55:49Z</time></trkpt><trkpt lat="-39.3724580202" lon="-72.6029270422"><ele>112.09</ele><time>2024-07-30T02:55:50Z</time></trkpt><trkpt lat="-39.3732163310" lon="-72.6041936316"><ele>111.45</ele><time>2024-07-30T02:56:04Z</time></trkpt><trkpt lat="-39.3733153213" lon="-72.6043741778"><ele>111.29</ele><time>2024-07-30T02:56:06Z</time></trkpt><trkpt lat="-39.3735649344" lon="-72.6054661721"><ele>111.27</ele><time>2024-07-30T02:56:16Z</time></trkpt><trkpt lat="-39.3738733884" lon="-72.6075225882"><ele>110.68</ele><time>2024-07-30T02:56:34Z</time></trkpt><trkpt lat="-39.3740219995" lon="-72.6092490088"><ele>110.20</ele><time>2024-07-30T02:56:50Z</time></trkpt><trkpt lat="-39.3740136176" lon="-72.6115500927"><ele>108.53</ele><time>2024-07-30T02:57:11Z</time></trkpt><trkpt lat="-39.3737717159" lon="-72.6131235436"><ele>107.40</ele><time>2024-07-30T02:57:25Z</time></trkpt><trkpt lat="-39.3732690532" lon="-72.6150541473"><ele>108.02</ele><time>2024-07-30T02:57:43Z</time></trkpt><trkpt lat="-39.3730744254" lon="-72.6156333368"><ele>108.53</ele><time>2024-07-30T02:57:49Z</time></trkpt><trkpt lat="-39.3724881951" lon="-72.6165675838"><ele>108.52</ele><time>2024-07-30T02:58:01Z</time></trkpt><trkpt lat="-39.3718124460" lon="-72.6179473288"><ele>108.77</ele><time>2024-07-30T02:58:18Z</time></trkpt><trkpt lat="-39.3710880820" lon="-72.6192164328"><ele>109.97</ele><time>2024-07-30T02:58:35Z</time></trkpt><trkpt lat="-39.3702399172" lon="-72.6202975307"><ele>111.79</ele><time>2024-07-30T02:58:50Z</time></trkpt><trkpt lat="-39.3700461276" lon="-72.6205665898"><ele>112.60</ele><time>2024-07-30T02:58:54Z</time></trkpt><trkpt lat="-39.3700089119" lon="-72.6206411049"><ele>112.74</ele><time>2024-07-30T02:58:55Z</time></trkpt><trkpt lat="-39.3699779827" lon="-72.6207201462"><ele>113.02</ele><time>2024-07-30T02:58:56Z</time></trkpt><trkpt lat="-39.3699537590" lon="-72.6208032947"><ele>113.17</ele><time>2024-07-30T02:58:57Z</time></trkpt><trkpt lat="-39.3699267693" lon="-72.6208897121"><ele>113.03</ele><time>2024-07-30T02:58:58Z</time></trkpt><trkpt lat="-39.3698954210" lon="-72.6209754590"><ele>112.93</ele><time>2024-07-30T02:58:59Z</time></trkpt><trkpt lat="-39.3698540982" lon="-72.6210560091"><ele>112.93</ele><time>2024-07-30T02:59:00Z</time></trkpt><trkpt lat="-39.3698028848" lon="-72.6211295184"><ele>112.83</ele><time>2024-07-30T02:59:01Z</time></trkpt><trkpt lat="-39.3697423674" lon="-72.6211963221"><ele>112.89</ele><time>2024-07-30T02:59:02Z</time></trkpt><trkpt lat="-39.3696766533" lon="-72.6212589350"><ele>112.95</ele><time>2024-07-30T02:59:03Z</time></trkpt><trkpt lat="-39.3696098495" lon="-72.6213203743"><ele>112.88</ele><time>2024-07-30T02:59:04Z</time></trkpt><trkpt lat="-39.3687289953" lon="-72.6221920922"><ele>112.56</ele><time>2024-07-30T02:59:17Z</time></trkpt><trkpt lat="-39.3677390087" lon="-72.6231637225"><ele>112.07</ele><time>2024-07-30T02:59:33Z</time></trkpt><trkpt lat="-39.3668602500" lon="-72.6240215264"><ele>112.14</ele><time>2024-07-30T02:59:47Z</time></trkpt><trkpt lat="-39.3658172898" lon="-72.6250127703"><ele>111.65</ele><time>2024-07-30T03:00:04Z</time></trkpt><trkpt lat="-39.3657770567" lon="-72.6250627264"><ele>111.58</ele><time>2024-07-30T03:00:05Z</time></trkpt><trkpt lat="-39.3657478876" lon="-72.6251213159"><ele>111.51</ele><time>2024-07-30T03:00:06Z</time></trkpt><trkpt lat="-39.3657307047" lon="-72.6251904666"><ele>111.50</ele><time>2024-07-30T03:00:07Z</time></trkpt><trkpt lat="-39.3657295313" lon="-72.6252669934"><ele>111.39</ele><time>2024-07-30T03:00:08Z</time></trkpt><trkpt lat="-39.3657499831" lon="-72.6253420953"><ele>111.50</ele><time>2024-07-30T03:00:09Z</time></trkpt><trkpt lat="-39.3657846842" lon="-72.6254154369"><ele>111.26</ele><time>2024-07-30T03:00:10Z</time></trkpt><trkpt lat="-39.3658300303" lon="-72.6254906226"><ele>111.38</ele><time>2024-07-30T03:00:11Z</time></trkpt><trkpt lat="-39.3658771366" lon="-72.6255680714"><ele>111.39</ele><time>2024-07-30T03:00:12Z</time></trkpt><trkpt lat="-39.3662970699" lon="-72.6262737438"><ele>110.59</ele><time>2024-07-30T03:00:22Z</time></trkpt><trkpt lat="-39.3663372193" lon="-72.6262986381"><ele>110.70</ele><time>2024-07-30T03:00:23Z</time></trkpt><trkpt lat="-39.3663873430" lon="-72.6263040025"><ele>110.81</ele><time>2024-07-30T03:00:24Z</time></trkpt><trkpt lat="-39.3664403167" lon="-72.6262889151"><ele>110.79</ele><time>2024-07-30T03:00:25Z</time></trkpt><trkpt lat="-39.3664979003" lon="-72.6262435690"><ele>111.27</ele><time>2024-07-30T03:00:26Z</time></trkpt><trkpt lat="-39.3665603455" lon="-72.6261855662"><ele>111.15</ele><time>2024-07-30T03:00:27Z</time></trkpt><trkpt lat="-39.3672365136" lon="-72.6255466975"><ele>111.69</ele><time>2024-07-30T03:00:39Z</time></trkpt><trkpt lat="-39.3674696144" lon="-72.6253248286"><ele>112.20</ele><time>2024-07-30T03:00:47Z</time></trkpt><trkpt lat="-39.3681156915" lon="-72.6247051544"><ele>112.78</ele><time>2024-07-30T03:00:59Z</time></trkpt><trkpt lat="-39.3684948888" lon="-72.6243253704"><ele>113.57</ele><time>2024-07-30T03:01:08Z</time></trkpt><trkpt lat="-39.3690677080" lon="-72.6237723324"><ele>113.72</ele><time>2024-07-30T03:01:19Z</time></trkpt><trkpt lat="-39.3695869669" lon="-72.6232769620"><ele>114.44</ele><time>2024-07-30T03:01:30Z</time></trkpt><trkpt lat="-39.3699175492" lon="-72.6229571924"><ele>113.89</ele><time>2024-07-30T03:01:38Z</time></trkpt><trkpt lat="-39.3704741076" lon="-72.6224179845"><ele>114.85</ele><time>2024-07-30T03:01:48Z</time></trkpt><trkpt lat="-39.3708178494" lon="-72.6221804414"><ele>114.74</ele><time>2024-07-30T03:01:56Z</time></trkpt><trkpt lat="-39.3708452582" lon="-72.6222017314"><ele>114.84</ele><time>2024-07-30T03:01:57Z</time></trkpt><trkpt lat="-39.3708698172" lon="-72.6222340856"><ele>114.77</ele><time>2024-07-30T03:01:58Z</time></trkpt><trkpt lat="-39.3708950467" lon="-72.6222773362"><ele>114.68</ele><time>2024-07-30T03:01:59Z</time></trkpt><trkpt lat="-39.3709246349" lon="-72.6223288011"><ele>114.39</ele><time>2024-07-30T03:02:00Z</time></trkpt><trkpt lat="-39.3713372760" lon="-72.6230794843"><ele>112.33</ele><time>2024-07-30T03:02:12Z</time></trkpt><trkpt lat="-39.3713589013" lon="-72.6231282670"><ele>112.17</ele><time>2024-07-30T03:02:13Z</time></trkpt><trkpt lat="-39.3713740725" lon="-72.6231728587"><ele>112.27</ele><time>2024-07-30T03:02:14Z</time></trkpt><trkpt lat="-39.3713842146" lon="-72.6232147682"><ele>112.12</ele><time>2024-07-30T03:02:15Z</time></trkpt><trkpt lat="-39.3713850528" lon="-72.6232552528"><ele>112.08</ele><time>2024-07-30T03:02:16Z</time></trkpt><trkpt lat="-39.3713789340" lon="-72.6232965756"><ele>112.02</ele><time>2024-07-30T03:02:17Z</time></trkpt><trkpt lat="-39.3713646848" lon="-72.6233342104"><ele>112.04</ele><time>2024-07-30T03:02:18Z</time></trkpt><trkpt lat="-39.3713430595" lon="-72.6233648881"><ele>112.03</ele><time>2024-07-30T03:02:19Z</time></trkpt><trkpt lat="-39.3713159859" lon="-72.6233882736"><ele>111.89</ele><time>2024-07-30T03:02:20Z</time></trkpt><trkpt lat="-39.3709227908" lon="-72.6237797085"><ele>112.71</ele><time>2024-07-30T03:02:30Z</time></trkpt><trkpt lat="-39.3703223113" lon="-72.6243277173"><ele>114.45</ele><time>2024-07-30T03:02:41Z</time></trkpt><trkpt lat="-39.3697131984" lon="-72.6248947531"><ele>113.19</ele><time>2024-07-30T03:02:51Z</time></trkpt><trkpt lat="-39.3693804368" lon="-72.6251991838"><ele>114.28</ele><time>2024-07-30T03:02:59Z</time></trkpt><trkpt lat="-39.3688372895" lon="-72.6257303450"><ele>113.67</ele><time>2024-07-30T03:03:10Z</time></trkpt><trkpt lat="-39.3688162509" lon="-72.6257645432"><ele>113.85</ele><time>2024-07-30T03:03:15Z</time></trkpt><trkpt lat="-39.3687591702" lon="-72.6258281618"><ele>114.00</ele><time>2024-07-30T03:03:17Z</time></trkpt><trkpt lat="-39.3687104713" lon="-72.6258787885"><ele>114.13</ele><time>2024-07-30T03:03:18Z</time></trkpt><trkpt lat="-39.3681077287" lon="-72.6264622528"><ele>113.31</ele><time>2024-07-30T03:03:27Z</time></trkpt><trkpt lat="-39.3674186524" lon="-72.6271326374"><ele>112.49</ele><time>2024-07-30T03:03:38Z</time></trkpt><trkpt lat="-39.3671024032" lon="-72.6274218969"><ele>111.26</ele><time>2024-07-30T03:03:46Z</time></trkpt><trkpt lat="-39.3670642655" lon="-72.6275523193"><ele>111.54</ele><time>2024-07-30T03:03:49Z</time></trkpt><trkpt lat="-39.3670761678" lon="-72.6276125014"><ele>111.55</ele><time>2024-07-30T03:03:50Z</time></trkpt><trkpt lat="-39.3671023194" lon="-72.6276732702"><ele>111.73</ele><time>2024-07-30T03:03:51Z</time></trkpt><trkpt lat="-39.3671403732" lon="-72.6277389843"><ele>111.83</ele><time>2024-07-30T03:03:52Z</time></trkpt><trkpt lat="-39.3671850488" lon="-72.6278091408"><ele>111.87</ele><time>2024-07-30T03:03:53Z</time></trkpt><trkpt lat="-39.3676029705" lon="-72.6285294816"><ele>111.64</ele><time>2024-07-30T03:04:03Z</time></trkpt><trkpt lat="-39.3676419463" lon="-72.6285552979"><ele>111.73</ele><time>2024-07-30T03:04:04Z</time></trkpt><trkpt lat="-39.3676870409" lon="-72.6285588183"><ele>111.90</ele><time>2024-07-30T03:04:05Z</time></trkpt><trkpt lat="-39.3677392602" lon="-72.6285394561"><ele>111.69</ele><time>2024-07-30T03:04:06Z</time></trkpt><trkpt lat="-39.3677961733" lon="-72.6284933556"><ele>111.70</ele><time>2024-07-30T03:04:07Z</time></trkpt><trkpt lat="-39.3678552657" lon="-72.6284382027"><ele>111.95</ele><time>2024-07-30T03:04:08Z</time></trkpt><trkpt lat="-39.3685529754" lon="-72.6277455222"><ele>112.50</ele><time>2024-07-30T03:04:21Z</time></trkpt><trkpt lat="-39.3689568993" lon="-72.6273536682"><ele>113.57</ele><time>2024-07-30T03:04:28Z</time></trkpt><trkpt lat="-39.3693987094" lon="-72.6269121934"><ele>113.70</ele><time>2024-07-30T03:04:37Z</time></trkpt><trkpt lat="-39.3693858013" lon="-72.6269130316"><ele>113.72</ele><time>2024-07-30T03:04:51Z</time></trkpt><trkpt lat="-39.3694054149" lon="-72.6268923283"><ele>113.80</ele><time>2024-07-30T03:05:03Z</time></trkpt><trkpt lat="-39.3694683630" lon="-72.6268237643"><ele>114.00</ele><time>2024-07-30T03:05:06Z</time></trkpt><trkpt lat="-39.3700171262" lon="-72.6262941957"><ele>114.20</ele><time>2024-07-30T03:05:17Z</time></trkpt><trkpt lat="-39.3702588603" lon="-72.6260709856"><ele>113.45</ele><time>2024-07-30T03:05:24Z</time></trkpt><trkpt lat="-39.3703025300" lon="-72.6260474324"><ele>113.58</ele><time>2024-07-30T03:05:29Z</time></trkpt><trkpt lat="-39.3703287654" lon="-72.6260482706"><ele>113.54</ele><time>2024-07-30T03:05:30Z</time></trkpt><trkpt lat="-39.3703586888" lon="-72.6260656212"><ele>113.60</ele><time>2024-07-30T03:05:31Z</time></trkpt><trkpt lat="-39.3703850918" lon="-72.6260951255"><ele>113.65</ele><time>2024-07-30T03:05:32Z</time></trkpt><trkpt lat="-39.3704110757" lon="-72.6261363644"><ele>113.57</ele><time>2024-07-30T03:05:33Z</time></trkpt><trkpt lat="-39.3704389874" lon="-72.6261848118"><ele>113.52</ele><time>2024-07-30T03:05:34Z</time></trkpt><trkpt lat="-39.3709362857" lon="-72.6270986907"><ele>111.89</ele><time>2024-07-30T03:05:47Z</time></trkpt><trkpt lat="-39.3713661935" lon="-72.6278575882"><ele>108.53</ele><time>2024-07-30T03:05:56Z</time></trkpt><trkpt lat="-39.3715883978" lon="-72.6282296609"><ele>107.02</ele><time>2024-07-30T03:06:03Z</time></trkpt><trkpt lat="-39.3715990428" lon="-72.6282817125"><ele>107.07</ele><time>2024-07-30T03:06:04Z</time></trkpt><trkpt lat="-39.3715918344" lon="-72.6283392124"><ele>107.07</ele><time>2024-07-30T03:06:05Z</time></trkpt><trkpt lat="-39.3715622462" lon="-72.6283955388"><ele>107.31</ele><time>2024-07-30T03:06:06Z</time></trkpt><trkpt lat="-39.3715166487" lon="-72.6284482609"><ele>107.55</ele><time>2024-07-30T03:06:07Z</time></trkpt><trkpt lat="-39.3714597356" lon="-72.6285029948"><ele>107.98</ele><time>2024-07-30T03:06:08Z</time></trkpt><trkpt lat="-39.3710854836" lon="-72.6288701221"><ele>111.23</ele><time>2024-07-30T03:06:14Z</time></trkpt><trkpt lat="-39.3707149196" lon="-72.6292084996"><ele>113.56</ele><time>2024-07-30T03:06:23Z</time></trkpt><trkpt lat="-39.3701534159" lon="-72.6297436003"><ele>113.68</ele><time>2024-07-30T03:06:31Z</time></trkpt><trkpt lat="-39.3692971207" lon="-72.6305574831"><ele>112.81</ele><time>2024-07-30T03:06:44Z</time></trkpt><trkpt lat="-39.3690180033" lon="-72.6308219321"><ele>112.05</ele><time>2024-07-30T03:06:52Z</time></trkpt><trkpt lat="-39.3685684819" lon="-72.6312460564"><ele>112.66</ele><time>2024-07-30T03:07:00Z</time></trkpt><trkpt lat="-39.3680853490" lon="-72.6316902973"><ele>111.90</ele><time>2024-07-30T03:07:10Z</time></trkpt><trkpt lat="-39.3676572852" lon="-72.6320920419"><ele>112.41</ele><time>2024-07-30T03:07:19Z</time></trkpt><trkpt lat="-39.3672267906" lon="-72.6323961373"><ele>111.68</ele><time>2024-07-30T03:07:28Z</time></trkpt><trkpt lat="-39.3671893235" lon="-72.6323668007"><ele>111.77</ele><time>2024-07-30T03:07:29Z</time></trkpt><trkpt lat="-39.3668848928" lon="-72.6320543233"><ele>111.78</ele><time>2024-07-30T03:07:37Z</time></trkpt><trkpt lat="-39.3665400613" lon="-72.6314932387"><ele>111.93</ele><time>2024-07-30T03:07:52Z</time></trkpt><trkpt lat="-39.3665374629" lon="-72.6314580347"><ele>111.88</ele><time>2024-07-30T03:07:53Z</time></trkpt><trkpt lat="-39.3665475212" lon="-72.6314078271"><ele>111.82</ele><time>2024-07-30T03:07:54Z</time></trkpt><trkpt lat="-39.3665750138" lon="-72.6313560270"><ele>111.90</ele><time>2024-07-30T03:07:55Z</time></trkpt><trkpt lat="-39.3666141573" lon="-72.6313105132"><ele>112.03</ele><time>2024-07-30T03:07:56Z</time></trkpt><trkpt lat="-39.3666604254" lon="-72.6312675979"><ele>112.09</ele><time>2024-07-30T03:07:57Z</time></trkpt><trkpt lat="-39.3667113874" lon="-72.6312203240"><ele>112.17</ele><time>2024-07-30T03:07:58Z</time></trkpt><trkpt lat="-39.3672520202" lon="-72.6307197567"><ele>112.20</ele><time>2024-07-30T03:08:07Z</time></trkpt><trkpt lat="-39.3673374318" lon="-72.6306829602"><ele>112.26</ele><time>2024-07-30T03:08:11Z</time></trkpt><trkpt lat="-39.3673816882" lon="-72.6307012327"><ele>112.32</ele><time>2024-07-30T03:08:12Z</time></trkpt><trkpt lat="-39.3674229272" lon="-72.6307474170"><ele>112.47</ele><time>2024-07-30T03:08:13Z</time></trkpt><trkpt lat="-39.3674601428" lon="-72.6308100298"><ele>112.55</ele><time>2024-07-30T03:08:14Z</time></trkpt><trkpt lat="-39.3674992863" lon="-72.6308838744"><ele>112.60</ele><time>2024-07-30T03:08:15Z</time></trkpt><trkpt lat="-39.3681151886" lon="-72.6319602784"><ele>112.77</ele><time>2024-07-30T03:08:27Z</time></trkpt><trkpt lat="-39.3686032668" lon="-72.6327827945"><ele>112.52</ele><time>2024-07-30T03:08:38Z</time></trkpt><trkpt lat="-39.3686445057" lon="-72.6328052580"><ele>112.62</ele><time>2024-07-30T03:08:39Z</time></trkpt><trkpt lat="-39.3686931208" lon="-72.6328028273"><ele>112.71</ele><time>2024-07-30T03:08:40Z</time></trkpt><trkpt lat="-39.3687460106" lon="-72.6327764243"><ele>112.84</ele><time>2024-07-30T03:08:41Z</time></trkpt><trkpt lat="-39.3688064441" lon="-72.6327295695"><ele>113.04</ele><time>2024-07-30T03:08:42Z</time></trkpt><trkpt lat="-39.3688719068" lon="-72.6326696388"><ele>113.10</ele><time>2024-07-30T03:08:43Z</time></trkpt><trkpt lat="-39.3694755714" lon="-72.6320735179"><ele>112.97</ele><time>2024-07-30T03:08:53Z</time></trkpt><trkpt lat="-39.3695096020" lon="-72.6320521440"><ele>112.85</ele><time>2024-07-30T03:09:01Z</time></trkpt><trkpt lat="-39.3695336580" lon="-72.6319992542"><ele>113.05</ele><time>2024-07-30T03:09:25Z</time></trkpt><trkpt lat="-39.3695998751" lon="-72.6319306064"><ele>113.37</ele><time>2024-07-30T03:09:28Z</time></trkpt><trkpt lat="-39.3700752966" lon="-72.6314602140"><ele>114.32</ele><time>2024-07-30T03:09:37Z</time></trkpt><trkpt lat="-39.3710668758" lon="-72.6304952055"><ele>114.19</ele><time>2024-07-30T03:09:53Z</time></trkpt><trkpt lat="-39.3717094325" lon="-72.6298611984"><ele>111.16</ele><time>2024-07-30T03:10:04Z</time></trkpt><trkpt lat="-39.3718262762" lon="-72.6297472045"><ele>110.28</ele><time>2024-07-30T03:10:06Z</time></trkpt><trkpt lat="-39.3722416833" lon="-72.6293791551"><ele>108.57</ele><time>2024-07-30T03:10:14Z</time></trkpt><trkpt lat="-39.3722818326" lon="-72.6293765567"><ele>108.61</ele><time>2024-07-30T03:10:15Z</time></trkpt><trkpt lat="-39.3723209761" lon="-72.6293971762"><ele>108.64</ele><time>2024-07-30T03:10:16Z</time></trkpt><trkpt lat="-39.3723611254" lon="-72.6294577774"><ele>108.69</ele><time>2024-07-30T03:10:17Z</time></trkpt><trkpt lat="-39.3724035379" lon="-72.6295389142"><ele>108.76</ele><time>2024-07-30T03:10:18Z</time></trkpt><trkpt lat="-39.3728625309" lon="-72.6303872466"><ele>108.27</ele><time>2024-07-30T03:10:28Z</time></trkpt><trkpt lat="-39.3728696555" lon="-72.6304615103"><ele>108.21</ele><time>2024-07-30T03:10:29Z</time></trkpt><trkpt lat="-39.3728563283" lon="-72.6305388752"><ele>108.38</ele><time>2024-07-30T03:10:30Z</time></trkpt><trkpt lat="-39.3728098087" lon="-72.6306119654"><ele>108.47</ele><time>2024-07-30T03:10:31Z</time></trkpt><trkpt lat="-39.3727512192" lon="-72.6306802779"><ele>108.65</ele><time>2024-07-30T03:10:32Z</time></trkpt><trkpt lat="-39.3726839125" lon="-72.6307493448"><ele>108.85</ele><time>2024-07-30T03:10:33Z</time></trkpt><trkpt lat="-39.3721027113" lon="-72.6313306298"><ele>110.43</ele><time>2024-07-30T03:10:42Z</time></trkpt><trkpt lat="-39.3716527708" lon="-72.6317752060"><ele>112.62</ele><time>2024-07-30T03:10:50Z</time></trkpt><trkpt lat="-39.3711941130" lon="-72.6322053652"><ele>114.41</ele><time>2024-07-30T03:10:59Z</time></trkpt><trkpt lat="-39.3706706632" lon="-72.6327198464"><ele>114.98</ele><time>2024-07-30T03:11:08Z</time></trkpt><trkpt lat="-39.3703283463" lon="-72.6330524404"><ele>114.08</ele><time>2024-07-30T03:11:16Z</time></trkpt><trkpt lat="-39.3699064851" lon="-72.6334655844"><ele>114.69</ele><time>2024-07-30T03:11:23Z</time></trkpt><trkpt lat="-39.3694430497" lon="-72.6339097414"><ele>113.13</ele><time>2024-07-30T03:11:32Z</time></trkpt><trkpt lat="-39.3693443947" lon="-72.6340943947"><ele>113.03</ele><time>2024-07-30T03:11:39Z</time></trkpt><trkpt lat="-39.3693577219" lon="-72.6341431774"><ele>113.14</ele><time>2024-07-30T03:11:40Z</time></trkpt><trkpt lat="-39.3693785090" lon="-72.6341870986"><ele>113.06</ele><time>2024-07-30T03:11:41Z</time></trkpt><trkpt lat="-39.3694118690" lon="-72.6342387311"><ele>113.43</ele><time>2024-07-30T03:11:42Z</time></trkpt><trkpt lat="-39.3694495037" lon="-72.6342931297"><ele>113.51</ele><time>2024-07-30T03:11:43Z</time></trkpt><trkpt lat="-39.3698821776" lon="-72.6350246184"><ele>113.65</ele><time>2024-07-30T03:11:54Z</time></trkpt><trkpt lat="-39.3699122686" lon="-72.6350597385"><ele>113.54</ele><time>2024-07-30T03:11:55Z</time></trkpt><trkpt lat="-39.3699317984" lon="-72.6350704674"><ele>113.37</ele><time>2024-07-30T03:11:56Z</time></trkpt><trkpt lat="-39.3699659966" lon="-72.6350784302"><ele>113.50</ele><time>2024-07-30T03:11:59Z</time></trkpt><trkpt lat="-39.3699846882" lon="-72.6350734010"><ele>113.47</ele><time>2024-07-30T03:12:00Z</time></trkpt><trkpt lat="-39.3700119294" lon="-72.6350595709"><ele>113.51</ele><time>2024-07-30T03:12:01Z</time></trkpt><trkpt lat="-39.3700471334" lon="-72.6350267138"><ele>113.44</ele><time>2024-07-30T03:12:02Z</time></trkpt><trkpt lat="-39.3700910546" lon="-72.6349789370"><ele>113.67</ele><time>2024-07-30T03:12:03Z</time></trkpt><trkpt lat="-39.3703051284" lon="-72.6347438246"><ele>114.81</ele><time>2024-07-30T03:12:07Z</time></trkpt><trkpt lat="-39.3708084617" lon="-72.6342227217"><ele>114.48</ele><time>2024-07-30T03:12:18Z</time></trkpt><trkpt lat="-39.3711860664" lon="-72.6338633057"><ele>114.73</ele><time>2024-07-30T03:12:28Z</time></trkpt><trkpt lat="-39.3717246875" lon="-72.6333370060"><ele>111.70</ele><time>2024-07-30T03:12:38Z</time></trkpt><trkpt lat="-39.3721227441" lon="-72.6329796854"><ele>111.86</ele><time>2024-07-30T03:12:46Z</time></trkpt><trkpt lat="-39.3726761173" lon="-72.6324679703"><ele>110.56</ele><time>2024-07-30T03:12:56Z</time></trkpt><trkpt lat="-39.3730745930" lon="-72.6320823189"><ele>110.88</ele><time>2024-07-30T03:13:03Z</time></trkpt><trkpt lat="-39.3735060096" lon="-72.6316805743"><ele>109.47</ele><time>2024-07-30T03:13:11Z</time></trkpt><trkpt lat="-39.3735309038" lon="-72.6316502318"><ele>109.55</ele><time>2024-07-30T03:13:18Z</time></trkpt><trkpt lat="-39.3736239430" lon="-72.6315515768"><ele>109.70</ele><time>2024-07-30T03:13:21Z</time></trkpt><trkpt lat="-39.3742352352" lon="-72.6309746504"><ele>109.32</ele><time>2024-07-30T03:13:32Z</time></trkpt><trkpt lat="-39.3745421804" lon="-72.6306750812"><ele>109.32</ele><time>2024-07-30T03:13:40Z</time></trkpt><trkpt lat="-39.3751729187" lon="-72.6300471090"><ele>108.38</ele><time>2024-07-30T03:13:50Z</time></trkpt><trkpt lat="-39.3752729986" lon="-72.6299810596"><ele>107.97</ele><time>2024-07-30T03:13:52Z</time></trkpt><trkpt lat="-39.3753224518" lon="-72.6299722586"><ele>107.80</ele><time>2024-07-30T03:13:53Z</time></trkpt><trkpt lat="-39.3753717374" lon="-72.6299856696"><ele>107.63</ele><time>2024-07-30T03:13:54Z</time></trkpt><trkpt lat="-39.3754147366" lon="-72.6300209574"><ele>107.80</ele><time>2024-07-30T03:13:55Z</time></trkpt><trkpt lat="-39.3754563108" lon="-72.6300731767"><ele>107.89</ele><time>2024-07-30T03:13:56Z</time></trkpt><trkpt lat="-39.3754967954" lon="-72.6301394776"><ele>108.01</ele><time>2024-07-30T03:13:57Z</time></trkpt><trkpt lat="-39.3755374476" lon="-72.6302176807"><ele>108.06</ele><time>2024-07-30T03:13:58Z</time></trkpt><trkpt lat="-39.3755811173" lon="-72.6303041819"><ele>108.26</ele><time>2024-07-30T03:13:59Z</time></trkpt><trkpt lat="-39.3758951034" lon="-72.6309211738"><ele>107.76</ele><time>2024-07-30T03:14:06Z</time></trkpt><trkpt lat="-39.3759148847" lon="-72.6309911627"><ele>108.73</ele><time>2024-07-30T03:14:07Z</time></trkpt><trkpt lat="-39.3759158067" lon="-72.6310650911"><ele>108.41</ele><time>2024-07-30T03:14:08Z</time></trkpt><trkpt lat="-39.3758975342" lon="-72.6311336551"><ele>108.39</ele><time>2024-07-30T03:14:09Z</time></trkpt><trkpt lat="-39.3758550379" lon="-72.6311941724"><ele>108.38</ele><time>2024-07-30T03:14:10Z</time></trkpt><trkpt lat="-39.3758010585" lon="-72.6312567852"><ele>108.42</ele><time>2024-07-30T03:14:11Z</time></trkpt><trkpt lat="-39.3751707394" lon="-72.6318957377"><ele>108.66</ele><time>2024-07-30T03:14:21Z</time></trkpt><trkpt lat="-39.3747676536" lon="-72.6323020924"><ele>109.53</ele><time>2024-07-30T03:14:29Z</time></trkpt><trkpt lat="-39.3742468860" lon="-72.6327997260"><ele>109.97</ele><time>2024-07-30T03:14:38Z</time></trkpt><trkpt lat="-39.3737091031" lon="-72.6333233435"><ele>111.05</ele><time>2024-07-30T03:14:46Z</time></trkpt><trkpt lat="-39.3733737431" lon="-72.6336263493"><ele>110.61</ele><time>2024-07-30T03:14:53Z</time></trkpt><trkpt lat="-39.3729629461" lon="-72.6340187062"><ele>111.17</ele><time>2024-07-30T03:15:00Z</time></trkpt><trkpt lat="-39.3724115845" lon="-72.6345508732"><ele>110.85</ele><time>2024-07-30T03:15:10Z</time></trkpt><trkpt lat="-39.3717712909" lon="-72.6351702958"><ele>112.65</ele><time>2024-07-30T03:15:19Z</time></trkpt><trkpt lat="-39.3715820275" lon="-72.6353468187"><ele>113.19</ele><time>2024-07-30T03:15:25Z</time></trkpt><trkpt lat="-39.3710459210" lon="-72.6358802430"><ele>114.51</ele><time>2024-07-30T03:15:34Z</time></trkpt><trkpt lat="-39.3706975691" lon="-72.6362245716"><ele>114.27</ele><time>2024-07-30T03:15:42Z</time></trkpt><trkpt lat="-39.3706766982" lon="-72.6362696663"><ele>114.37</ele><time>2024-07-30T03:15:43Z</time></trkpt><trkpt lat="-39.3706648797" lon="-72.6363229752"><ele>114.37</ele><time>2024-07-30T03:15:44Z</time></trkpt><trkpt lat="-39.3706652988" lon="-72.6363888569"><ele>114.47</ele><time>2024-07-30T03:15:45Z</time></trkpt><trkpt lat="-39.3706915341" lon="-72.6364585944"><ele>114.61</ele><time>2024-07-30T03:15:46Z</time></trkpt><trkpt lat="-39.3707279954" lon="-72.6365204528"><ele>114.63</ele><time>2024-07-30T03:15:47Z</time></trkpt><trkpt lat="-39.3707734253" lon="-72.6365915313"><ele>114.74</ele><time>2024-07-30T03:15:48Z</time></trkpt><trkpt lat="-39.3712869007" lon="-72.6373971999"><ele>113.79</ele><time>2024-07-30T03:15:59Z</time></trkpt><trkpt lat="-39.3713383656" lon="-72.6374213398"><ele>113.58</ele><time>2024-07-30T03:16:00Z</time></trkpt><trkpt lat="-39.3713949434" lon="-72.6374198310"><ele>113.55</ele><time>2024-07-30T03:16:01Z</time></trkpt><trkpt lat="-39.3714488391" lon="-72.6373953559"><ele>113.56</ele><time>2024-07-30T03:16:02Z</time></trkpt><trkpt lat="-39.3715019803" lon="-72.6373502612"><ele>113.48</ele><time>2024-07-30T03:16:03Z</time></trkpt><trkpt lat="-39.3715598155" lon="-72.6372931805"><ele>113.50</ele><time>2024-07-30T03:16:04Z</time></trkpt><trkpt lat="-39.3723459542" lon="-72.6365102269"><ele>111.67</ele><time>2024-07-30T03:16:15Z</time></trkpt><trkpt lat="-39.3736636732" lon="-72.6352296397"><ele>110.99</ele><time>2024-07-30T03:16:33Z</time></trkpt><trkpt lat="-39.3745859340" lon="-72.6343363803"><ele>110.73</ele><time>2024-07-30T03:16:48Z</time></trkpt><trkpt lat="-39.3752717413" lon="-72.6336644869"><ele>109.89</ele><time>2024-07-30T03:16:57Z</time></trkpt><trkpt lat="-39.3762939982" lon="-72.6326454151"><ele>109.96</ele><time>2024-07-30T03:17:11Z</time></trkpt><trkpt lat="-39.3774230406" lon="-72.6314801630"><ele>112.28</ele><time>2024-07-30T03:17:26Z</time></trkpt><trkpt lat="-39.3779116217" lon="-72.6309953537"><ele>111.73</ele><time>2024-07-30T03:17:36Z</time></trkpt><trkpt lat="-39.3780053314" lon="-72.6309091039"><ele>111.77</ele><time>2024-07-30T03:17:40Z</time></trkpt><trkpt lat="-39.3780469894" lon="-72.6308852993"><ele>111.76</ele><time>2024-07-30T03:17:41Z</time></trkpt><trkpt lat="-39.3786606286" lon="-72.6306166593"><ele>111.35</ele><time>2024-07-30T03:17:52Z</time></trkpt><trkpt lat="-39.3794846535" lon="-72.6302583329"><ele>110.87</ele><time>2024-07-30T03:18:05Z</time></trkpt><trkpt lat="-39.3804564513" lon="-72.6298406627"><ele>111.60</ele><time>2024-07-30T03:18:21Z</time></trkpt><trkpt lat="-39.3814316858" lon="-72.6294184662"><ele>112.01</ele><time>2024-07-30T03:18:36Z</time></trkpt><trkpt lat="-39.3820421398" lon="-72.6291466411"><ele>112.14</ele><time>2024-07-30T03:18:49Z</time></trkpt><trkpt lat="-39.3824782502" lon="-72.6289603114"><ele>112.16</ele><time>2024-07-30T03:19:01Z</time></trkpt><trkpt lat="-39.3833524827" lon="-72.6285961177"><ele>113.42</ele><time>2024-07-30T03:19:13Z</time></trkpt><trkpt lat="-39.3836001679" lon="-72.6284967083"><ele>113.37</ele><time>2024-07-30T03:19:17Z</time></trkpt><trkpt lat="-39.3836414907" lon="-72.6284640189"><ele>113.47</ele><time>2024-07-30T03:19:18Z</time></trkpt><trkpt lat="-39.3836664688" lon="-72.6284314971"><ele>113.41</ele><time>2024-07-30T03:19:19Z</time></trkpt><trkpt lat="-39.3836781196" lon="-72.6284061000"><ele>113.40</ele><time>2024-07-30T03:19:20Z</time></trkpt><trkpt lat="-39.3836830650" lon="-72.6283881627"><ele>113.29</ele><time>2024-07-30T03:19:21Z</time></trkpt><trkpt lat="-39.3836844061" lon="-72.6283513661"><ele>113.29</ele><time>2024-07-30T03:19:23Z</time></trkpt><trkpt lat="-39.3836770300" lon="-72.6283294894"><ele>113.30</ele><time>2024-07-30T03:19:24Z</time></trkpt><trkpt lat="-39.3836595118" lon="-72.6283058524"><ele>113.27</ele><time>2024-07-30T03:19:25Z</time></trkpt><trkpt lat="-39.3836338632" lon="-72.6282806229"><ele>113.29</ele><time>2024-07-30T03:19:26Z</time></trkpt><trkpt lat="-39.3836047780" lon="-72.6282552257"><ele>113.43</ele><time>2024-07-30T03:19:27Z</time></trkpt><trkpt lat="-39.3832122535" lon="-72.6277981605"><ele>113.69</ele><time>2024-07-30T03:19:40Z</time></trkpt><trkpt lat="-39.3828174658" lon="-72.6277057081"><ele>113.53</ele><time>2024-07-30T03:19:53Z</time></trkpt><trkpt lat="-39.3822618295" lon="-72.6279585902"><ele>112.34</ele><time>2024-07-30T03:20:06Z</time></trkpt><trkpt lat="-39.3821143918" lon="-72.6280491147"><ele>112.73</ele><time>2024-07-30T03:20:20Z</time></trkpt><trkpt lat="-39.3818569835" lon="-72.6281700656"><ele>113.08</ele><time>2024-07-30T03:20:45Z</time></trkpt><trkpt lat="-39.3814064562" lon="-72.6283649448"><ele>112.60</ele><time>2024-07-30T03:20:59Z</time></trkpt><trkpt lat="-39.3813753594" lon="-72.6283931080"><ele>112.55</ele><time>2024-07-30T03:21:01Z</time></trkpt><trkpt lat="-39.3813717552" lon="-72.6284159068"><ele>112.61</ele><time>2024-07-30T03:21:02Z</time></trkpt><trkpt lat="-39.3813715037" lon="-72.6284464169"><ele>112.63</ele><time>2024-07-30T03:21:03Z</time></trkpt><trkpt lat="-39.3813771196" lon="-72.6284843031"><ele>112.79</ele><time>2024-07-30T03:21:04Z</time></trkpt><trkpt lat="-39.3813843280" lon="-72.6285235304"><ele>112.79</ele><time>2024-07-30T03:21:05Z</time></trkpt><trkpt lat="-39.3815147504" lon="-72.6290516742"><ele>113.15</ele><time>2024-07-30T03:21:19Z</time></trkpt><trkpt lat="-39.3815468531" lon="-72.6293688454"><ele>112.98</ele><time>2024-07-30T03:21:28Z</time></trkpt><trkpt lat="-39.3815187737" lon="-72.6293993555"><ele>113.13</ele><time>2024-07-30T03:21:29Z</time></trkpt><trkpt lat="-39.3814803846" lon="-72.6294274349"><ele>113.16</ele><time>2024-07-30T03:21:30Z</time></trkpt><trkpt lat="-39.3814337812" lon="-72.6294517424"><ele>113.20</ele><time>2024-07-30T03:21:31Z</time></trkpt><trkpt lat="-39.3813837413" lon="-72.6294719428"><ele>113.18</ele><time>2024-07-30T03:21:32Z</time></trkpt><trkpt lat="-39.3806586228" lon="-72.6297574304"><ele>113.10</ele><time>2024-07-30T03:21:43Z</time></trkpt><trkpt lat="-39.3804911524" lon="-72.6298069675"><ele>112.55</ele><time>2024-07-30T03:21:50Z</time></trkpt><trkpt lat="-39.3804726284" lon="-72.6297996752"><ele>112.47</ele><time>2024-07-30T03:21:51Z</time></trkpt><trkpt lat="-39.3804593850" lon="-72.6297786366"><ele>112.55</ele><time>2024-07-30T03:21:52Z</time></trkpt><trkpt lat="-39.3804510031" lon="-72.6297430135"><ele>112.66</ele><time>2024-07-30T03:21:53Z</time></trkpt><trkpt lat="-39.3804454710" lon="-72.6296996791"><ele>112.72</ele><time>2024-07-30T03:21:54Z</time></trkpt><trkpt lat="-39.3804375920" lon="-72.6296488009"><ele>112.83</ele><time>2024-07-30T03:21:55Z</time></trkpt><trkpt lat="-39.3802050781" lon="-72.6288165618"><ele>113.72</ele><time>2024-07-30T03:22:07Z</time></trkpt><trkpt lat="-39.3800093606" lon="-72.6279067900"><ele>113.17</ele><time>2024-07-30T03:22:19Z</time></trkpt><trkpt lat="-39.3800719734" lon="-72.6278443448"><ele>113.32</ele><time>2024-07-30T03:22:21Z</time></trkpt><trkpt lat="-39.3801197503" lon="-72.6278242283"><ele>113.41</ele><time>2024-07-30T03:22:22Z</time></trkpt><trkpt lat="-39.3809187971" lon="-72.6275075600"><ele>113.67</ele><time>2024-07-30T03:22:36Z</time></trkpt><trkpt lat="-39.3810361437" lon="-72.6274447795"><ele>113.29</ele><time>2024-07-30T03:22:40Z</time></trkpt><trkpt lat="-39.3810485490" lon="-72.6274182927"><ele>113.35</ele><time>2024-07-30T03:22:41Z</time></trkpt><trkpt lat="-39.3810491357" lon="-72.6273810770"><ele>113.34</ele><time>2024-07-30T03:22:42Z</time></trkpt><trkpt lat="-39.3810381554" lon="-72.6273338869"><ele>113.43</ele><time>2024-07-30T03:22:43Z</time></trkpt><trkpt lat="-39.3810231518" lon="-72.6272811648"><ele>113.61</ele><time>2024-07-30T03:22:44Z</time></trkpt><trkpt lat="-39.3809859361" lon="-72.6269584615"><ele>113.83</ele><time>2024-07-30T03:22:51Z</time></trkpt><trkpt lat="-39.3810214754" lon="-72.6269318070"><ele>113.91</ele><time>2024-07-30T03:22:52Z</time></trkpt><trkpt lat="-39.3810633011" lon="-72.6269098464"><ele>113.85</ele><time>2024-07-30T03:22:53Z</time></trkpt><trkpt lat="-39.3811086472" lon="-72.6268923283"><ele>113.92</ele><time>2024-07-30T03:22:54Z</time></trkpt><trkpt lat="-39.3811526522" lon="-72.6268736366"><ele>113.96</ele><time>2024-07-30T03:22:55Z</time></trkpt><trkpt lat="-39.3811912090" lon="-72.6268555317"><ele>113.93</ele><time>2024-07-30T03:22:56Z</time></trkpt><trkpt lat="-39.3816002458" lon="-72.6266894024"><ele>114.35</ele><time>2024-07-30T03:23:06Z</time></trkpt><trkpt lat="-39.3816281576" lon="-72.6267150510"><ele>114.30</ele><time>2024-07-30T03:23:07Z</time></trkpt><trkpt lat="-39.3816465978" lon="-72.6267567091"><ele>114.28</ele><time>2024-07-30T03:23:08Z</time></trkpt><trkpt lat="-39.3816629425" lon="-72.6268121973"><ele>114.26</ele><time>2024-07-30T03:23:09Z</time></trkpt><trkpt lat="-39.3816797063" lon="-72.6268751454"><ele>114.29</ele><time>2024-07-30T03:23:10Z</time></trkpt><trkpt lat="-39.3817233760" lon="-72.6270891353"><ele>114.10</ele><time>2024-07-30T03:23:15Z</time></trkpt><trkpt lat="-39.3817155808" lon="-72.6271221600"><ele>114.06</ele><time>2024-07-30T03:23:16Z</time></trkpt><trkpt lat="-39.3816951290" lon="-72.6271526702"><ele>114.18</ele><time>2024-07-30T03:23:17Z</time></trkpt><trkpt lat="-39.3816654570" lon="-72.6271767262"><ele>114.25</ele><time>2024-07-30T03:23:18Z</time></trkpt><trkpt lat="-39.3816312589" lon="-72.6271990221"><ele>114.35</ele><time>2024-07-30T03:23:19Z</time></trkpt><trkpt lat="-39.3815896846" lon="-72.6272230782"><ele>114.37</ele><time>2024-07-30T03:23:20Z</time></trkpt><trkpt lat="-39.3812047876" lon="-72.6274024509"><ele>113.83</ele><time>2024-07-30T03:23:30Z</time></trkpt><trkpt lat="-39.3811307754" lon="-72.6274430193"><ele>113.67</ele><time>2024-07-30T03:23:32Z</time></trkpt><trkpt lat="-39.3810876086" lon="-72.6274738647"><ele>113.70</ele><time>2024-07-30T03:23:33Z</time></trkpt><trkpt lat="-39.3810405023" lon="-72.6275091525"><ele>113.76</ele><time>2024-07-30T03:23:34Z</time></trkpt><trkpt lat="-39.3809855171" lon="-72.6275415067"><ele>113.94</ele><time>2024-07-30T03:23:35Z</time></trkpt><trkpt lat="-39.3809257541" lon="-72.6275676582"><ele>114.05</ele><time>2024-07-30T03:23:36Z</time></trkpt><trkpt lat="-39.3808643986" lon="-72.6275909599"><ele>114.07</ele><time>2024-07-30T03:23:37Z</time></trkpt><trkpt lat="-39.3804473151" lon="-72.6277502999"><ele>113.94</ele><time>2024-07-30T03:23:44Z</time></trkpt><trkpt lat="-39.3804192357" lon="-72.6277700812"><ele>113.80</ele><time>2024-07-30T03:23:45Z</time></trkpt><trkpt lat="-39.3804055732" lon="-72.6277969871"><ele>113.88</ele><time>2024-07-30T03:23:46Z</time></trkpt><trkpt lat="-39.3804026395" lon="-72.6278266590"><ele>113.69</ele><time>2024-07-30T03:23:47Z</time></trkpt><trkpt lat="-39.3804080039" lon="-72.6278595161"><ele>113.70</ele><time>2024-07-30T03:23:48Z</time></trkpt><trkpt lat="-39.3804167211" lon="-72.6278968155"><ele>113.72</ele><time>2024-07-30T03:23:49Z</time></trkpt><trkpt lat="-39.3805823475" lon="-72.6285423059"><ele>114.36</ele><time>2024-07-30T03:23:59Z</time></trkpt><trkpt lat="-39.3808545917" lon="-72.6295785606"><ele>113.63</ele><time>2024-07-30T03:24:12Z</time></trkpt><trkpt lat="-39.3809239101" lon="-72.6296701748"><ele>113.61</ele><time>2024-07-30T03:24:16Z</time></trkpt><trkpt lat="-39.3809555937" lon="-72.6296735276"><ele>113.69</ele><time>2024-07-30T03:24:17Z</time></trkpt><trkpt lat="-39.3810332939" lon="-72.6296994276"><ele>113.74</ele><time>2024-07-30T03:24:20Z</time></trkpt><trkpt lat="-39.3810496386" lon="-72.6297404990"><ele>113.88</ele><time>2024-07-30T03:24:21Z</time></trkpt><trkpt lat="-39.3812595215" lon="-72.6305066887"><ele>113.99</ele><time>2024-07-30T03:24:33Z</time></trkpt><trkpt lat="-39.3813860882" lon="-72.6309775840"><ele>114.03</ele><time>2024-07-30T03:24:43Z</time></trkpt><trkpt lat="-39.3816162553" lon="-72.6319824066"><ele>113.20</ele><time>2024-07-30T03:24:58Z</time></trkpt><trkpt lat="-39.3815922830" lon="-72.6320321113"><ele>113.26</ele><time>2024-07-30T03:24:59Z</time></trkpt><trkpt lat="-39.3815577496" lon="-72.6320855878"><ele>113.44</ele><time>2024-07-30T03:25:00Z</time></trkpt><trkpt lat="-39.3813577574" lon="-72.6323479414"><ele>113.02</ele><time>2024-07-30T03:25:06Z</time></trkpt><trkpt lat="-39.3813270796" lon="-72.6323445886"><ele>113.07</ele><time>2024-07-30T03:25:07Z</time></trkpt><trkpt lat="-39.3812995031" lon="-72.6323098876"><ele>113.16</ele><time>2024-07-30T03:25:08Z</time></trkpt><trkpt lat="-39.3812755309" lon="-72.6322506275"><ele>113.13</ele><time>2024-07-30T03:25:09Z</time></trkpt><trkpt lat="-39.3812505528" lon="-72.6321806386"><ele>113.30</ele><time>2024-07-30T03:25:10Z</time></trkpt><trkpt lat="-39.3812258262" lon="-72.6321041118"><ele>113.36</ele><time>2024-07-30T03:25:11Z</time></trkpt><trkpt lat="-39.3809246644" lon="-72.6309935935"><ele>114.07</ele><time>2024-07-30T03:25:22Z</time></trkpt><trkpt lat="-39.3806463014" lon="-72.6299024373"><ele>113.75</ele><time>2024-07-30T03:25:34Z</time></trkpt><trkpt lat="-39.3806135282" lon="-72.6298345439"><ele>113.64</ele><time>2024-07-30T03:25:43Z</time></trkpt><trkpt lat="-39.3805944175" lon="-72.6298158523"><ele>113.70</ele><time>2024-07-30T03:25:44Z</time></trkpt><trkpt lat="-39.3805588782" lon="-72.6298016869"><ele>113.86</ele><time>2024-07-30T03:25:45Z</time></trkpt><trkpt lat="-39.3805131130" lon="-72.6298052073"><ele>113.91</ele><time>2024-07-30T03:25:46Z</time></trkpt><trkpt lat="-39.3804587983" lon="-72.6298249885"><ele>114.04</ele><time>2024-07-30T03:25:47Z</time></trkpt><trkpt lat="-39.3803977780" lon="-72.6298529003"><ele>114.09</ele><time>2024-07-30T03:25:48Z</time></trkpt><trkpt lat="-39.3798349332" lon="-72.6301087160"><ele>113.86</ele><time>2024-07-30T03:25:57Z</time></trkpt><trkpt lat="-39.3797815405" lon="-72.6301270723"><ele>113.69</ele><time>2024-07-30T03:25:58Z</time></trkpt><trkpt lat="-39.3797351886" lon="-72.6301209535"><ele>113.57</ele><time>2024-07-30T03:25:59Z</time></trkpt><trkpt lat="-39.3796898425" lon="-72.6300917845"><ele>113.82</ele><time>2024-07-30T03:26:00Z</time></trkpt><trkpt lat="-39.3796565663" lon="-72.6300264057"><ele>113.85</ele><time>2024-07-30T03:26:01Z</time></trkpt><trkpt lat="-39.3796305824" lon="-72.6299422514"><ele>113.98</ele><time>2024-07-30T03:26:02Z</time></trkpt><trkpt lat="-39.3796043471" lon="-72.6298459433"><ele>114.21</ele><time>2024-07-30T03:26:03Z</time></trkpt><trkpt lat="-39.3792267423" lon="-72.6283211075"><ele>114.00</ele><time>2024-07-30T03:26:18Z</time></trkpt><trkpt lat="-39.3792165164" lon="-72.6282735821"><ele>113.84</ele><time>2024-07-30T03:26:19Z</time></trkpt><trkpt lat="-39.3792055361" lon="-72.6282486878"><ele>113.73</ele><time>2024-07-30T03:26:20Z</time></trkpt><trkpt lat="-39.3791968189" lon="-72.6282375399"><ele>113.68</ele><time>2024-07-30T03:26:21Z</time></trkpt><trkpt lat="-39.3791876826" lon="-72.6282304153"><ele>113.69</ele><time>2024-07-30T03:26:22Z</time></trkpt><trkpt lat="-39.3791761156" lon="-72.6282273978"><ele>113.71</ele><time>2024-07-30T03:26:23Z</time></trkpt><trkpt lat="-39.3791561667" lon="-72.6282346062"><ele>113.76</ele><time>2024-07-30T03:26:25Z</time></trkpt><trkpt lat="-39.3788627163" lon="-72.6283995621"><ele>113.99</ele><time>2024-07-30T03:26:37Z</time></trkpt><trkpt lat="-39.3783586286" lon="-72.6286560483"><ele>114.49</ele><time>2024-07-30T03:26:52Z</time></trkpt><trkpt lat="-39.3780251965" lon="-72.6287916675"><ele>114.86</ele><time>2024-07-30T03:27:05Z</time></trkpt><trkpt lat="-39.3779972009" lon="-72.6287805196"><ele>114.87</ele><time>2024-07-30T03:27:10Z</time></trkpt><trkpt lat="-39.3779781740" lon="-72.6287101954"><ele>114.94</ele><time>2024-07-30T03:27:13Z</time></trkpt><trkpt lat="-39.3779672775" lon="-72.6280527189"><ele>116.03</ele><time>2024-07-30T03:27:20Z</time></trkpt><trkpt lat="-39.3779391982" lon="-72.6268603094"><ele>115.86</ele><time>2024-07-30T03:27:32Z</time></trkpt><trkpt lat="-39.3780214246" lon="-72.6259263977"><ele>116.39</ele><time>2024-07-30T03:27:44Z</time></trkpt><trkpt lat="-39.3780506775" lon="-72.6258483622"><ele>116.33</ele><time>2024-07-30T03:27:45Z</time></trkpt><trkpt lat="-39.3780836184" lon="-72.6257727575"><ele>116.49</ele><time>2024-07-30T03:27:46Z</time></trkpt><trkpt lat="-39.3781199958" lon="-72.6257009245"><ele>116.47</ele><time>2024-07-30T03:27:47Z</time></trkpt><trkpt lat="-39.3781588878" lon="-72.6256309357"><ele>116.59</ele><time>2024-07-30T03:27:48Z</time></trkpt><trkpt lat="-39.3788332958" lon="-72.6246726327"><ele>116.17</ele><time>2024-07-30T03:28:03Z</time></trkpt><trkpt lat="-39.3794588372" lon="-72.6237876713"><ele>115.57</ele><time>2024-07-30T03:28:17Z</time></trkpt><trkpt lat="-39.3801420461" lon="-72.6228163764"><ele>116.18</ele><time>2024-07-30T03:28:32Z</time></trkpt><trkpt lat="-39.3807789870" lon="-72.6218959596"><ele>116.19</ele><time>2024-07-30T03:28:46Z</time></trkpt><trkpt lat="-39.3815430813" lon="-72.6208530832"><ele>118.85</ele><time>2024-07-30T03:29:00Z</time></trkpt><trkpt lat="-39.3822277151" lon="-72.6199257094"><ele>117.99</ele><time>2024-07-30T03:29:14Z</time></trkpt><trkpt lat="-39.3830018677" lon="-72.6188969146"><ele>118.53</ele><time>2024-07-30T03:29:31Z</time></trkpt><trkpt lat="-39.3836285826" lon="-72.6180511806"><ele>118.59</ele><time>2024-07-30T03:29:45Z</time></trkpt><trkpt lat="-39.3841886614" lon="-72.6172326040"><ele>118.31</ele><time>2024-07-30T03:29:59Z</time></trkpt><trkpt lat="-39.3842659425" lon="-72.6171808038"><ele>118.45</ele><time>2024-07-30T03:30:07Z</time></trkpt><trkpt lat="-39.3842322472" lon="-72.6171915326"><ele>118.33</ele><time>2024-07-30T03:30:21Z</time></trkpt><trkpt lat="-39.3842153996" lon="-72.6172091346"><ele>118.30</ele><time>2024-07-30T03:30:22Z</time></trkpt><trkpt lat="-39.3841967080" lon="-72.6172315143"><ele>118.20</ele><time>2024-07-30T03:30:23Z</time></trkpt><trkpt lat="-39.3841745798" lon="-72.6172647066"><ele>118.38</ele><time>2024-07-30T03:30:24Z</time></trkpt><trkpt lat="-39.3841491826" lon="-72.6172980666"><ele>118.37</ele><time>2024-07-30T03:30:25Z</time></trkpt><trkpt lat="-39.3839512859" lon="-72.6175833866"><ele>117.97</ele><time>2024-07-30T03:30:38Z</time></trkpt><trkpt lat="-39.3839028385" lon="-72.6176593266"><ele>117.97</ele><time>2024-07-30T03:30:51Z</time></trkpt><trkpt lat="-39.3838906009" lon="-72.6176837180"><ele>118.05</ele><time>2024-07-30T03:30:52Z</time></trkpt><trkpt lat="-39.3838727474" lon="-72.6177088637"><ele>118.26</ele><time>2024-07-30T03:30:53Z</time></trkpt><trkpt lat="-39.3838497810" lon="-72.6177379489"><ele>118.17</ele><time>2024-07-30T03:30:54Z</time></trkpt><trkpt lat="-39.3838290777" lon="-72.6177625917"><ele>117.82</ele><time>2024-07-30T03:30:55Z</time></trkpt><trkpt lat="-39.3837644532" lon="-72.6178500988"><ele>117.43</ele><time>2024-07-30T03:31:07Z</time></trkpt><trkpt lat="-39.3837281596" lon="-72.6178840455"><ele>117.41</ele><time>2024-07-30T03:31:13Z</time></trkpt><trkpt lat="-39.3836683128" lon="-72.6179536153"><ele>117.55</ele><time>2024-07-30T03:31:16Z</time></trkpt><trkpt lat="-39.3836408202" lon="-72.6179908309"><ele>117.60</ele><time>2024-07-30T03:31:17Z</time></trkpt><trkpt lat="-39.3831633870" lon="-72.6186466310"><ele>117.89</ele><time>2024-07-30T03:31:28Z</time></trkpt><trkpt lat="-39.3823391106" lon="-72.6197559759"><ele>117.24</ele><time>2024-07-30T03:31:43Z</time></trkpt><trkpt lat="-39.3815305922" lon="-72.6208648179"><ele>116.76</ele><time>2024-07-30T03:31:56Z</time></trkpt><trkpt lat="-39.3808561843" lon="-72.6218210254"><ele>115.24</ele><time>2024-07-30T03:32:07Z</time></trkpt><trkpt lat="-39.3800989632" lon="-72.6229037996"><ele>114.06</ele><time>2024-07-30T03:32:20Z</time></trkpt><trkpt lat="-39.3793283310" lon="-72.6240051817"><ele>113.61</ele><time>2024-07-30T03:32:34Z</time></trkpt><trkpt lat="-39.3784650788" lon="-72.6252344716"><ele>113.47</ele><time>2024-07-30T03:32:51Z</time></trkpt><trkpt lat="-39.3779799342" lon="-72.6261757594"><ele>113.21</ele><time>2024-07-30T03:33:02Z</time></trkpt><trkpt lat="-39.3779656850" lon="-72.6262811199"><ele>113.09</ele><time>2024-07-30T03:33:03Z</time></trkpt><trkpt lat="-39.3779658526" lon="-72.6276080590"><ele>112.62</ele><time>2024-07-30T03:33:15Z</time></trkpt><trkpt lat="-39.3780015595" lon="-72.6291411929"><ele>111.66</ele><time>2024-07-30T03:33:28Z</time></trkpt><trkpt lat="-39.3780110311" lon="-72.6302359533"><ele>110.56</ele><time>2024-07-30T03:33:40Z</time></trkpt><trkpt lat="-39.3780225981" lon="-72.6302792039"><ele>110.47</ele><time>2024-07-30T03:33:41Z</time></trkpt><trkpt lat="-39.3780470733" lon="-72.6303044334"><ele>110.41</ele><time>2024-07-30T03:33:42Z</time></trkpt><trkpt lat="-39.3780788407" lon="-72.6303083729"><ele>110.36</ele><time>2024-07-30T03:33:43Z</time></trkpt><trkpt lat="-39.3781158887" lon="-72.6302986499"><ele>110.27</ele><time>2024-07-30T03:33:44Z</time></trkpt><trkpt lat="-39.3781603966" lon="-72.6302778628"><ele>110.39</ele><time>2024-07-30T03:33:45Z</time></trkpt><trkpt lat="-39.3787498958" lon="-72.6300023496"><ele>109.97</ele><time>2024-07-30T03:33:55Z</time></trkpt><trkpt lat="-39.3794956338" lon="-72.6296607032"><ele>109.08</ele><time>2024-07-30T03:34:07Z</time></trkpt><trkpt lat="-39.3795864098" lon="-72.6296652295"><ele>108.85</ele><time>2024-07-30T03:34:10Z</time></trkpt><trkpt lat="-39.3796081189" lon="-72.6297014393"><ele>108.97</ele><time>2024-07-30T03:34:11Z</time></trkpt><trkpt lat="-39.3796253856" lon="-72.6297596935"><ele>109.00</ele><time>2024-07-30T03:34:12Z</time></trkpt><trkpt lat="-39.3797384575" lon="-72.6302081253"><ele>108.60</ele><time>2024-07-30T03:34:20Z</time></trkpt><trkpt lat="-39.3798271380" lon="-72.6305480953"><ele>108.79</ele><time>2024-07-30T03:34:25Z</time></trkpt><trkpt lat="-39.3798528705" lon="-72.6307486743"><ele>108.67</ele><time>2024-07-30T03:34:30Z</time></trkpt><trkpt lat="-39.3798271380" lon="-72.6307805255"><ele>108.71</ele><time>2024-07-30T03:34:31Z</time></trkpt><trkpt lat="-39.3797921855" lon="-72.6308035757"><ele>108.76</ele><time>2024-07-30T03:34:32Z</time></trkpt><trkpt lat="-39.3797489349" lon="-72.6308153104"><ele>108.76</ele><time>2024-07-30T03:34:33Z</time></trkpt><trkpt lat="-39.3797030859" lon="-72.6308277994"><ele>108.92</ele><time>2024-07-30T03:34:34Z</time></trkpt><trkpt lat="-39.3790927995" lon="-72.6310677733"><ele>109.25</ele><time>2024-07-30T03:34:45Z</time></trkpt><trkpt lat="-39.3781863805" lon="-72.6314618904"><ele>108.65</ele><time>2024-07-30T03:34:59Z</time></trkpt><trkpt lat="-39.3781527691" lon="-72.6315096673"><ele>108.49</ele><time>2024-07-30T03:35:01Z</time></trkpt><trkpt lat="-39.3781493325" lon="-72.6315621380"><ele>108.60</ele><time>2024-07-30T03:35:02Z</time></trkpt><trkpt lat="-39.3781591393" lon="-72.6316224877"><ele>108.72</ele><time>2024-07-30T03:35:03Z</time></trkpt><trkpt lat="-39.3781763222" lon="-72.6316857710"><ele>108.63</ele><time>2024-07-30T03:35:04Z</time></trkpt><trkpt lat="-39.3781969417" lon="-72.6317539159"><ele>108.62</ele><time>2024-07-30T03:35:05Z</time></trkpt><trkpt lat="-39.3782515079" lon="-72.6318871882"><ele>108.66</ele><time>2024-07-30T03:35:07Z</time></trkpt><trkpt lat="-39.3782925792" lon="-72.6319312770"><ele>108.49</ele><time>2024-07-30T03:35:08Z</time></trkpt><trkpt lat="-39.3783382606" lon="-72.6319518127"><ele>108.41</ele><time>2024-07-30T03:35:09Z</time></trkpt><trkpt lat="-39.3783897255" lon="-72.6319467835"><ele>108.34</ele><time>2024-07-30T03:35:10Z</time></trkpt><trkpt lat="-39.3784498237" lon="-72.6319258288"><ele>108.32</ele><time>2024-07-30T03:35:11Z</time></trkpt><trkpt lat="-39.3785141967" lon="-72.6318982523"><ele>108.30</ele><time>2024-07-30T03:35:12Z</time></trkpt><trkpt lat="-39.3795491103" lon="-72.6314185560"><ele>107.32</ele><time>2024-07-30T03:35:26Z</time></trkpt><trkpt lat="-39.3800397869" lon="-72.6312927436"><ele>107.19</ele><time>2024-07-30T03:35:35Z</time></trkpt><trkpt lat="-39.3800642621" lon="-72.6313370839"><ele>107.42</ele><time>2024-07-30T03:35:36Z</time></trkpt><trkpt lat="-39.3800780922" lon="-72.6313955896"><ele>107.39</ele><time>2024-07-30T03:35:37Z</time></trkpt><trkpt lat="-39.3801169842" lon="-72.6316511538"><ele>107.28</ele><time>2024-07-30T03:35:41Z</time></trkpt><trkpt lat="-39.3801075127" lon="-72.6317072287"><ele>107.32</ele><time>2024-07-30T03:35:42Z</time></trkpt><trkpt lat="-39.3800770864" lon="-72.6317594480"><ele>107.34</ele><time>2024-07-30T03:35:43Z</time></trkpt><trkpt lat="-39.3800329138" lon="-72.6318009384"><ele>107.21</ele><time>2024-07-30T03:35:44Z</time></trkpt><trkpt lat="-39.3799786828" lon="-72.6318307780"><ele>107.30</ele><time>2024-07-30T03:35:45Z</time></trkpt><trkpt lat="-39.3799185846" lon="-72.6318582706"><ele>107.16</ele><time>2024-07-30T03:35:46Z</time></trkpt><trkpt lat="-39.3789616227" lon="-72.6322908606"><ele>107.09</ele><time>2024-07-30T03:36:00Z</time></trkpt><trkpt lat="-39.3784721196" lon="-72.6324665453"><ele>107.07</ele><time>2024-07-30T03:36:09Z</time></trkpt><trkpt lat="-39.3784405198" lon="-72.6324372087"><ele>107.19</ele><time>2024-07-30T03:36:10Z</time></trkpt><trkpt lat="-39.3784132786" lon="-72.6323895156"><ele>107.15</ele><time>2024-07-30T03:36:11Z</time></trkpt><trkpt lat="-39.3783889711" lon="-72.6323273219"><ele>107.32</ele><time>2024-07-30T03:36:12Z</time></trkpt><trkpt lat="-39.3783650827" lon="-72.6322520524"><ele>107.33</ele><time>2024-07-30T03:36:13Z</time></trkpt><trkpt lat="-39.3783423677" lon="-72.6321675628"><ele>107.31</ele><time>2024-07-30T03:36:14Z</time></trkpt><trkpt lat="-39.3780120369" lon="-72.6311248541"><ele>107.66</ele><time>2024-07-30T03:36:26Z</time></trkpt><trkpt lat="-39.3779754080" lon="-72.6310771611"><ele>107.61</ele><time>2024-07-30T03:36:27Z</time></trkpt><trkpt lat="-39.3779282179" lon="-72.6310486626"><ele>107.52</ele><time>2024-07-30T03:36:28Z</time></trkpt><trkpt lat="-39.3778697122" lon="-72.6310493331"><ele>107.59</ele><time>2024-07-30T03:36:29Z</time></trkpt><trkpt lat="-39.3778103683" lon="-72.6310730539"><ele>107.93</ele><time>2024-07-30T03:36:30Z</time></trkpt><trkpt lat="-39.3777469173" lon="-72.6311204117"><ele>107.99</ele><time>2024-07-30T03:36:31Z</time></trkpt><trkpt lat="-39.3776787724" lon="-72.6311840303"><ele>108.08</ele><time>2024-07-30T03:36:32Z</time></trkpt><trkpt lat="-39.3776061852" lon="-72.6312545221"><ele>108.18</ele><time>2024-07-30T03:36:33Z</time></trkpt><trkpt lat="-39.3767798971" lon="-72.6320912037"><ele>107.16</ele><time>2024-07-30T03:36:45Z</time></trkpt><trkpt lat="-39.3766722735" lon="-72.6322323550"><ele>106.70</ele><time>2024-07-30T03:36:48Z</time></trkpt><trkpt lat="-39.3766507320" lon="-72.6322752703"><ele>106.40</ele><time>2024-07-30T03:36:49Z</time></trkpt><trkpt lat="-39.3766395841" lon="-72.6323150843"><ele>106.28</ele><time>2024-07-30T03:36:50Z</time></trkpt><trkpt lat="-39.3766381592" lon="-72.6323515456"><ele>106.16</ele><time>2024-07-30T03:36:51Z</time></trkpt><trkpt lat="-39.3766430207" lon="-72.6323878393"><ele>106.11</ele><time>2024-07-30T03:36:52Z</time></trkpt><trkpt lat="-39.3766526598" lon="-72.6324257255"><ele>106.06</ele><time>2024-07-30T03:36:53Z</time></trkpt><trkpt lat="-39.3766719382" lon="-72.6324704010"><ele>105.97</ele><time>2024-07-30T03:36:54Z</time></trkpt><trkpt lat="-39.3767013587" lon="-72.6325239614"><ele>105.69</ele><time>2024-07-30T03:36:55Z</time></trkpt><trkpt lat="-39.3768189568" lon="-72.6327237021"><ele>104.34</ele><time>2024-07-30T03:36:58Z</time></trkpt><trkpt lat="-39.3772186060" lon="-72.6334300451"><ele>103.20</ele><time>2024-07-30T03:37:10Z</time></trkpt><trkpt lat="-39.3772297539" lon="-72.6335711963"><ele>103.30</ele><time>2024-07-30T03:37:14Z</time></trkpt><trkpt lat="-39.3772056140" lon="-72.6336129382"><ele>103.31</ele><time>2024-07-30T03:37:15Z</time></trkpt><trkpt lat="-39.3771713320" lon="-72.6336579490"><ele>103.19</ele><time>2024-07-30T03:37:16Z</time></trkpt><trkpt lat="-39.3771253154" lon="-72.6337030437"><ele>103.32</ele><time>2024-07-30T03:37:17Z</time></trkpt><trkpt lat="-39.3770661391" lon="-72.6337535866"><ele>103.39</ele><time>2024-07-30T03:37:18Z</time></trkpt><trkpt lat="-39.3765141070" lon="-72.6342981588"><ele>102.60</ele><time>2024-07-30T03:37:27Z</time></trkpt><trkpt lat="-39.3760266993" lon="-72.6347566489"><ele>103.34</ele><time>2024-07-30T03:37:35Z</time></trkpt><trkpt lat="-39.3756657746" lon="-72.6351206750"><ele>102.39</ele><time>2024-07-30T03:37:41Z</time></trkpt><trkpt lat="-39.3751564901" lon="-72.6356168836"><ele>103.85</ele><time>2024-07-30T03:37:49Z</time></trkpt><trkpt lat="-39.3747303542" lon="-72.6360184606"><ele>105.40</ele><time>2024-07-30T03:37:58Z</time></trkpt><trkpt lat="-39.3742825929" lon="-72.6364406571"><ele>106.68</ele><time>2024-07-30T03:38:05Z</time></trkpt><trkpt lat="-39.3739003781" lon="-72.6367990673"><ele>105.29</ele><time>2024-07-30T03:38:11Z</time></trkpt><trkpt lat="-39.3734263815" lon="-72.6372520253"><ele>106.39</ele><time>2024-07-30T03:38:19Z</time></trkpt><trkpt lat="-39.3729553185" lon="-72.6376846153"><ele>105.00</ele><time>2024-07-30T03:38:28Z</time></trkpt><trkpt lat="-39.3728163466" lon="-72.6378041413"><ele>105.41</ele><time>2024-07-30T03:38:31Z</time></trkpt><trkpt lat="-39.3721880391" lon="-72.6384601090"><ele>107.13</ele><time>2024-07-30T03:38:41Z</time></trkpt><trkpt lat="-39.3720142823" lon="-72.6386840735"><ele>107.23</ele><time>2024-07-30T03:38:48Z</time></trkpt><trkpt lat="-39.3720129412" lon="-72.6387398131"><ele>107.52</ele><time>2024-07-30T03:38:49Z</time></trkpt><trkpt lat="-39.3720263522" lon="-72.6387994085"><ele>107.56</ele><time>2024-07-30T03:38:50Z</time></trkpt><trkpt lat="-39.3720567785" lon="-72.6388548128"><ele>107.63</ele><time>2024-07-30T03:38:51Z</time></trkpt><trkpt lat="-39.3725657277" lon="-72.6396832801"><ele>107.69</ele><time>2024-07-30T03:39:01Z</time></trkpt><trkpt lat="-39.3732258026" lon="-72.6407982409"><ele>106.08</ele><time>2024-07-30T03:39:15Z</time></trkpt><trkpt lat="-39.3732907623" lon="-72.6408487000"><ele>105.91</ele><time>2024-07-30T03:39:17Z</time></trkpt><trkpt lat="-39.3733326718" lon="-72.6408356242"><ele>105.94</ele><time>2024-07-30T03:39:18Z</time></trkpt><trkpt lat="-39.3733815383" lon="-72.6407953072"><ele>105.92</ele><time>2024-07-30T03:39:19Z</time></trkpt><trkpt lat="-39.3740066607" lon="-72.6401934028"><ele>105.01</ele><time>2024-07-30T03:39:28Z</time></trkpt><trkpt lat="-39.3752855714" lon="-72.6389720757"><ele>105.26</ele><time>2024-07-30T03:39:45Z</time></trkpt><trkpt lat="-39.3759511784" lon="-72.6383384038"><ele>104.47</ele><time>2024-07-30T03:39:55Z</time></trkpt><trkpt lat="-39.3759930041" lon="-72.6382807363"><ele>104.33</ele><time>2024-07-30T03:39:56Z</time></trkpt><trkpt lat="-39.3760059122" lon="-72.6382205542"><ele>104.09</ele><time>2024-07-30T03:39:57Z</time></trkpt><trkpt lat="-39.3760051578" lon="-72.6381566003"><ele>104.60</ele><time>2024-07-30T03:39:58Z</time></trkpt><trkpt lat="-39.3759707082" lon="-72.6380864438"><ele>104.55</ele><time>2024-07-30T03:39:59Z</time></trkpt><trkpt lat="-39.3759310618" lon="-72.6380157843"><ele>104.82</ele><time>2024-07-30T03:40:00Z</time></trkpt><trkpt lat="-39.3753055204" lon="-72.6369645260"><ele>104.79</ele><time>2024-07-30T03:40:12Z</time></trkpt><trkpt lat="-39.3742982671" lon="-72.6352447271"><ele>105.56</ele><time>2024-07-30T03:40:30Z</time></trkpt><trkpt lat="-39.3740368355" lon="-72.6348272245"><ele>105.35</ele><time>2024-07-30T03:40:38Z</time></trkpt><trkpt lat="-39.3735428900" lon="-72.6340094022"><ele>106.19</ele><time>2024-07-30T03:40:48Z</time></trkpt><trkpt lat="-39.3726927973" lon="-72.6325514540"><ele>106.69</ele><time>2024-07-30T03:41:03Z</time></trkpt><trkpt lat="-39.3720375840" lon="-72.6314262673"><ele>106.77</ele><time>2024-07-30T03:41:16Z</time></trkpt><trkpt lat="-39.3719999492" lon="-72.6314026304"><ele>106.86</ele><time>2024-07-30T03:41:17Z</time></trkpt><trkpt lat="-39.3719580397" lon="-72.6314103417"><ele>107.08</ele><time>2024-07-30T03:41:18Z</time></trkpt><trkpt lat="-39.3719148729" lon="-72.6314416062"><ele>107.38</ele><time>2024-07-30T03:41:19Z</time></trkpt><trkpt lat="-39.3718651682" lon="-72.6314892992"><ele>107.61</ele><time>2024-07-30T03:41:20Z</time></trkpt><trkpt lat="-39.3712755013" lon="-72.6320704166"><ele>110.32</ele><time>2024-07-30T03:41:29Z</time></trkpt><trkpt lat="-39.3709815480" lon="-72.6323426608"><ele>110.80</ele><time>2024-07-30T03:41:36Z</time></trkpt><trkpt lat="-39.3703668192" lon="-72.6329366025"><ele>110.10</ele><time>2024-07-30T03:41:46Z</time></trkpt><trkpt lat="-39.3699887954" lon="-72.6332740579"><ele>110.68</ele><time>2024-07-30T03:41:54Z</time></trkpt><trkpt lat="-39.3693852145" lon="-72.6338590309"><ele>108.71</ele><time>2024-07-30T03:42:04Z</time></trkpt><trkpt lat="-39.3693299778" lon="-72.6338683348"><ele>108.59</ele><time>2024-07-30T03:42:06Z</time></trkpt><trkpt lat="-39.3692910019" lon="-72.6338445302"><ele>108.80</ele><time>2024-07-30T03:42:07Z</time></trkpt><trkpt lat="-39.3692472484" lon="-72.6337944902"><ele>108.91</ele><time>2024-07-30T03:42:08Z</time></trkpt><trkpt lat="-39.3692027405" lon="-72.6337244175"><ele>109.01</ele><time>2024-07-30T03:42:09Z</time></trkpt><trkpt lat="-39.3691569753" lon="-72.6336473040"><ele>109.01</ele><time>2024-07-30T03:42:10Z</time></trkpt><trkpt lat="-39.3688911851" lon="-72.6332637481"><ele>109.33</ele><time>2024-07-30T03:42:15Z</time></trkpt><trkpt lat="-39.3687346112" lon="-72.6329894084"><ele>109.41</ele><time>2024-07-30T03:42:23Z</time></trkpt><trkpt lat="-39.3687335216" lon="-72.6329782605"><ele>109.26</ele><time>2024-07-30T03:42:51Z</time></trkpt><trkpt lat="-39.3687014189" lon="-72.6329378597"><ele>109.48</ele><time>2024-07-30T03:42:53Z</time></trkpt><trkpt lat="-39.3686759379" lon="-72.6329169050"><ele>109.46</ele><time>2024-07-30T03:42:54Z</time></trkpt><trkpt lat="-39.3686394766" lon="-72.6329018176"><ele>109.54</ele><time>2024-07-30T03:42:55Z</time></trkpt><trkpt lat="-39.3685892690" lon="-72.6329052541"><ele>109.74</ele><time>2024-07-30T03:42:56Z</time></trkpt><trkpt lat="-39.3685330264" lon="-72.6329343393"><ele>109.95</ele><time>2024-07-30T03:42:57Z</time></trkpt><trkpt lat="-39.3684764486" lon="-72.6329774223"><ele>110.03</ele><time>2024-07-30T03:42:58Z</time></trkpt><trkpt lat="-39.3684185296" lon="-72.6330283005"><ele>110.06</ele><time>2024-07-30T03:42:59Z</time></trkpt><trkpt lat="-39.3678856082" lon="-72.6335474756"><ele>110.17</ele><time>2024-07-30T03:43:10Z</time></trkpt><trkpt lat="-39.3674837798" lon="-72.6339402515"><ele>109.57</ele><time>2024-07-30T03:43:18Z</time></trkpt><trkpt lat="-39.3674571253" lon="-72.6339961588"><ele>109.36</ele><time>2024-07-30T03:43:19Z</time></trkpt><trkpt lat="-39.3674450554" lon="-72.6340617053"><ele>109.37</ele><time>2024-07-30T03:43:20Z</time></trkpt><trkpt lat="-39.3674473185" lon="-72.6341345441"><ele>109.39</ele><time>2024-07-30T03:43:21Z</time></trkpt><trkpt lat="-39.3674705364" lon="-72.6342140045"><ele>109.53</ele><time>2024-07-30T03:43:22Z</time></trkpt><trkpt lat="-39.3675123621" lon="-72.6342974883"><ele>109.64</ele><time>2024-07-30T03:43:23Z</time></trkpt><trkpt lat="-39.3675611448" lon="-72.6343853306"><ele>109.77</ele><time>2024-07-30T03:43:24Z</time></trkpt><trkpt lat="-39.3681537453" lon="-72.6354223397"><ele>109.25</ele><time>2024-07-30T03:43:35Z</time></trkpt><trkpt lat="-39.3688688055" lon="-72.6366231311"><ele>108.99</ele><time>2024-07-30T03:43:48Z</time></trkpt><trkpt lat="-39.3693159800" lon="-72.6373759937"><ele>108.87</ele><time>2024-07-30T03:43:57Z</time></trkpt><trkpt lat="-39.3693334144" lon="-72.6374436356"><ele>108.76</ele><time>2024-07-30T03:43:58Z</time></trkpt><trkpt lat="-39.3693246134" lon="-72.6374967769"><ele>108.77</ele><time>2024-07-30T03:43:59Z</time></trkpt><trkpt lat="-39.3692984618" lon="-72.6375539415"><ele>108.74</ele><time>2024-07-30T03:44:00Z</time></trkpt><trkpt lat="-39.3692512717" lon="-72.6376080047"><ele>108.66</ele><time>2024-07-30T03:44:01Z</time></trkpt><trkpt lat="-39.3691948615" lon="-72.6376612298"><ele>108.85</ele><time>2024-07-30T03:44:02Z</time></trkpt><trkpt lat="-39.3691329192" lon="-72.6377186459"><ele>108.79</ele><time>2024-07-30T03:44:03Z</time></trkpt><trkpt lat="-39.3681188766" lon="-72.6385962311"><ele>107.98</ele><time>2024-07-30T03:44:17Z</time></trkpt><trkpt lat="-39.3676898070" lon="-72.6390083693"><ele>107.64</ele><time>2024-07-30T03:44:24Z</time></trkpt><trkpt lat="-39.3676401861" lon="-72.6390337665"><ele>107.57</ele><time>2024-07-30T03:44:25Z</time></trkpt><trkpt lat="-39.3675894756" lon="-72.6390220318"><ele>107.67</ele><time>2024-07-30T03:44:26Z</time></trkpt><trkpt lat="-39.3675393518" lon="-72.6389850676"><ele>107.83</ele><time>2024-07-30T03:44:27Z</time></trkpt><trkpt lat="-39.3674936704" lon="-72.6389232930"><ele>107.90</ele><time>2024-07-30T03:44:28Z</time></trkpt><trkpt lat="-39.3674480729" lon="-72.6388506219"><ele>108.00</ele><time>2024-07-30T03:44:29Z</time></trkpt><trkpt lat="-39.3669543788" lon="-72.6379741263"><ele>107.80</ele><time>2024-07-30T03:44:41Z</time></trkpt><trkpt lat="-39.3669119664" lon="-72.6379622240"><ele>107.81</ele><time>2024-07-30T03:44:42Z</time></trkpt><trkpt lat="-39.3668646086" lon="-72.6379671693"><ele>107.80</ele><time>2024-07-30T03:44:43Z</time></trkpt><trkpt lat="-39.3668156583" lon="-72.6379996073"><ele>107.86</ele><time>2024-07-30T03:44:44Z</time></trkpt><trkpt lat="-39.3667574879" lon="-72.6380493958"><ele>107.91</ele><time>2024-07-30T03:44:45Z</time></trkpt><trkpt lat="-39.3658946548" lon="-72.6388524659"><ele>107.80</ele><time>2024-07-30T03:44:57Z</time></trkpt><trkpt lat="-39.3649518583" lon="-72.6393335871"><ele>107.82</ele><time>2024-07-30T03:45:10Z</time></trkpt><trkpt lat="-39.3643890973" lon="-72.6395443082"><ele>107.61</ele><time>2024-07-30T03:45:19Z</time></trkpt><trkpt lat="-39.3643466011" lon="-72.6395414583"><ele>107.50</ele><time>2024-07-30T03:45:20Z</time></trkpt><trkpt lat="-39.3643118162" lon="-72.6395372674"><ele>107.39</ele><time>2024-07-30T03:45:21Z</time></trkpt><trkpt lat="-39.3642840721" lon="-72.6395446435"><ele>107.33</ele><time>2024-07-30T03:45:22Z</time></trkpt><trkpt lat="-39.3642656319" lon="-72.6395640895"><ele>107.34</ele><time>2024-07-30T03:45:23Z</time></trkpt><trkpt lat="-39.3642596807" lon="-72.6395906601"><ele>107.33</ele><time>2024-07-30T03:45:24Z</time></trkpt><trkpt lat="-39.3642610218" lon="-72.6396158058"><ele>107.51</ele><time>2024-07-30T03:45:25Z</time></trkpt><trkpt lat="-39.3642749358" lon="-72.6395893190"><ele>107.45</ele><time>2024-07-30T03:45:34Z</time></trkpt><trkpt lat="-39.3643004168" lon="-72.6395826135"><ele>107.37</ele><time>2024-07-30T03:45:35Z</time></trkpt><trkpt lat="-39.3643278256" lon="-72.6395770814"><ele>107.61</ele><time>2024-07-30T03:45:36Z</time></trkpt><trkpt lat="-39.3643683940" lon="-72.6395682804"><ele>107.82</ele><time>2024-07-30T03:45:37Z</time></trkpt><trkpt lat="-39.3644190207" lon="-72.6395508461"><ele>107.95</ele><time>2024-07-30T03:45:38Z</time></trkpt><trkpt lat="-39.3644771073" lon="-72.6395280473"><ele>107.95</ele><time>2024-07-30T03:45:39Z</time></trkpt><trkpt lat="-39.3652836140" lon="-72.6392076071"><ele>107.86</ele><time>2024-07-30T03:45:50Z</time></trkpt><trkpt lat="-39.3662694097" lon="-72.6385570876"><ele>108.27</ele><time>2024-07-30T03:46:03Z</time></trkpt><trkpt lat="-39.3670429755" lon="-72.6378202345"><ele>108.28</ele><time>2024-07-30T03:46:15Z</time></trkpt><trkpt lat="-39.3676980212" lon="-72.6371731516"><ele>108.45</ele><time>2024-07-30T03:46:25Z</time></trkpt><trkpt lat="-39.3677434511" lon="-72.6371242851"><ele>108.38</ele><time>2024-07-30T03:46:26Z</time></trkpt><trkpt lat="-39.3677750509" lon="-72.6370708924"><ele>108.20</ele><time>2024-07-30T03:46:27Z</time></trkpt><trkpt lat="-39.3677878752" lon="-72.6370100398"><ele>108.24</ele><time>2024-07-30T03:46:28Z</time></trkpt><trkpt lat="-39.3677696027" lon="-72.6369444933"><ele>108.39</ele><time>2024-07-30T03:46:29Z</time></trkpt><trkpt lat="-39.3677322194" lon="-72.6368805394"><ele>108.21</ele><time>2024-07-30T03:46:30Z</time></trkpt><trkpt lat="-39.3676856160" lon="-72.6368143223"><ele>108.15</ele><time>2024-07-30T03:46:31Z</time></trkpt><trkpt lat="-39.3672257848" lon="-72.6360014454"><ele>108.13</ele><time>2024-07-30T03:46:43Z</time></trkpt><trkpt lat="-39.3669185042" lon="-72.6355113555"><ele>108.83</ele><time>2024-07-30T03:46:50Z</time></trkpt><trkpt lat="-39.3665576633" lon="-72.6348893344"><ele>108.47</ele><time>2024-07-30T03:46:59Z</time></trkpt><trkpt lat="-39.3662898615" lon="-72.6344584208"><ele>109.09</ele><time>2024-07-30T03:47:07Z</time></trkpt><trkpt lat="-39.3658911344" lon="-72.6337466296"><ele>108.11</ele><time>2024-07-30T03:47:16Z</time></trkpt><trkpt lat="-39.3654975202" lon="-72.6330976188"><ele>108.64</ele><time>2024-07-30T03:47:25Z</time></trkpt><trkpt lat="-39.3652620725" lon="-72.6326698903"><ele>108.21</ele><time>2024-07-30T03:47:34Z</time></trkpt><trkpt lat="-39.3652407825" lon="-72.6326403022"><ele>108.33</ele><time>2024-07-30T03:47:36Z</time></trkpt><trkpt lat="-39.3652248569" lon="-72.6326130610"><ele>108.22</ele><time>2024-07-30T03:47:37Z</time></trkpt><trkpt lat="-39.3652035668" lon="-72.6325776894"><ele>108.15</ele><time>2024-07-30T03:47:38Z</time></trkpt><trkpt lat="-39.3648822885" lon="-72.6320135035"><ele>109.16</ele><time>2024-07-30T03:47:46Z</time></trkpt><trkpt lat="-39.3645589147" lon="-72.6314871199"><ele>108.88</ele><time>2024-07-30T03:47:55Z</time></trkpt><trkpt lat="-39.3642445933" lon="-72.6309557073"><ele>109.74</ele><time>2024-07-30T03:48:02Z</time></trkpt><trkpt lat="-39.3637813255" lon="-72.6301494520"><ele>109.72</ele><time>2024-07-30T03:48:12Z</time></trkpt><trkpt lat="-39.3632994499" lon="-72.6293249242"><ele>109.09</ele><time>2024-07-30T03:48:22Z</time></trkpt><trkpt lat="-39.3632717896" lon="-72.6293013711"><ele>109.04</ele><time>2024-07-30T03:48:23Z</time></trkpt><trkpt lat="-39.3632308859" lon="-72.6292965095"><ele>109.06</ele><time>2024-07-30T03:48:24Z</time></trkpt><trkpt lat="-39.3631839473" lon="-72.6293236669"><ele>109.18</ele><time>2024-07-30T03:48:25Z</time></trkpt><trkpt lat="-39.3631375954" lon="-72.6293659955"><ele>109.22</ele><time>2024-07-30T03:48:26Z</time></trkpt><trkpt lat="-39.3630808499" lon="-72.6294224057"><ele>109.34</ele><time>2024-07-30T03:48:27Z</time></trkpt><trkpt lat="-39.3625518680" lon="-72.6299710851"><ele>109.10</ele><time>2024-07-30T03:48:36Z</time></trkpt><trkpt lat="-39.3624751735" lon="-72.6300740987"><ele>109.16</ele><time>2024-07-30T03:48:38Z</time></trkpt><trkpt lat="-39.3624598347" lon="-72.6301372983"><ele>109.29</ele><time>2024-07-30T03:48:39Z</time></trkpt><trkpt lat="-39.3624616787" lon="-72.6302094664"><ele>109.27</ele><time>2024-07-30T03:48:40Z</time></trkpt><trkpt lat="-39.3624877464" lon="-72.6302892622"><ele>109.50</ele><time>2024-07-30T03:48:41Z</time></trkpt><trkpt lat="-39.3625324219" lon="-72.6303712372"><ele>109.83</ele><time>2024-07-30T03:48:42Z</time></trkpt><trkpt lat="-39.3625848088" lon="-72.6304557268"><ele>110.20</ele><time>2024-07-30T03:48:43Z</time></trkpt><trkpt lat="-39.3630452268" lon="-72.6312540192"><ele>109.42</ele><time>2024-07-30T03:48:53Z</time></trkpt><trkpt lat="-39.3634570297" lon="-72.6319658943"><ele>109.96</ele><time>2024-07-30T03:49:01Z</time></trkpt><trkpt lat="-39.3636847660" lon="-72.6323441695"><ele>108.97</ele><time>2024-07-30T03:49:08Z</time></trkpt><trkpt lat="-39.3640039489" lon="-72.6329062600"><ele>109.96</ele><time>2024-07-30T03:49:16Z</time></trkpt><trkpt lat="-39.3643935397" lon="-72.6335427817"><ele>109.18</ele><time>2024-07-30T03:49:25Z</time></trkpt><trkpt lat="-39.3648169097" lon="-72.6342739351"><ele>109.84</ele><time>2024-07-30T03:49:33Z</time></trkpt><trkpt lat="-39.3650507648" lon="-72.6346622687"><ele>108.68</ele><time>2024-07-30T03:49:39Z</time></trkpt><trkpt lat="-39.3654619809" lon="-72.6353791729"><ele>109.69</ele><time>2024-07-30T03:49:47Z</time></trkpt><trkpt lat="-39.3656074908" lon="-72.6357312128"><ele>109.28</ele><time>2024-07-30T03:49:53Z</time></trkpt><trkpt lat="-39.3655770645" lon="-72.6357799955"><ele>109.19</ele><time>2024-07-30T03:49:54Z</time></trkpt><trkpt lat="-39.3655285332" lon="-72.6358297002"><ele>109.56</ele><time>2024-07-30T03:49:55Z</time></trkpt><trkpt lat="-39.3649205938" lon="-72.6364061236"><ele>109.18</ele><time>2024-07-30T03:50:04Z</time></trkpt><trkpt lat="-39.3648723979" lon="-72.6364430040"><ele>108.95</ele><time>2024-07-30T03:50:05Z</time></trkpt><trkpt lat="-39.3648218550" lon="-72.6364666410"><ele>108.84</ele><time>2024-07-30T03:50:06Z</time></trkpt><trkpt lat="-39.3647669535" lon="-72.6364637073"><ele>109.00</ele><time>2024-07-30T03:50:07Z</time></trkpt><trkpt lat="-39.3647076935" lon="-72.6364246476"><ele>109.21</ele><time>2024-07-30T03:50:08Z</time></trkpt><trkpt lat="-39.3646557257" lon="-72.6363584306"><ele>109.31</ele><time>2024-07-30T03:50:09Z</time></trkpt><trkpt lat="-39.3646052666" lon="-72.6362751145"><ele>109.36</ele><time>2024-07-30T03:50:10Z</time></trkpt><trkpt lat="-39.3645549752" lon="-72.6361808181"><ele>109.41</ele><time>2024-07-30T03:50:11Z</time></trkpt><trkpt lat="-39.3645005766" lon="-72.6360745355"><ele>109.48</ele><time>2024-07-30T03:50:12Z</time></trkpt><trkpt lat="-39.3641899433" lon="-72.6354846172"><ele>108.28</ele><time>2024-07-30T03:50:19Z</time></trkpt><trkpt lat="-39.3637752905" lon="-72.6347906794"><ele>109.39</ele><time>2024-07-30T03:50:27Z</time></trkpt><trkpt lat="-39.3635721970" lon="-72.6344172657"><ele>108.51</ele><time>2024-07-30T03:50:33Z</time></trkpt><trkpt lat="-39.3635225762" lon="-72.6343637053"><ele>108.43</ele><time>2024-07-30T03:50:45Z</time></trkpt><trkpt lat="-39.3635114282" lon="-72.6343527250"><ele>108.41</ele><time>2024-07-30T03:50:46Z</time></trkpt><trkpt lat="-39.3634976819" lon="-72.6343378052"><ele>108.43</ele><time>2024-07-30T03:50:47Z</time></trkpt><trkpt lat="-39.3632971030" lon="-72.6340363920"><ele>108.28</ele><time>2024-07-30T03:51:04Z</time></trkpt><trkpt lat="-39.3631252740" lon="-72.6337436959"><ele>107.94</ele><time>2024-07-30T03:51:20Z</time></trkpt><trkpt lat="-39.3629553728" lon="-72.6334867906"><ele>107.89</ele><time>2024-07-30T03:51:36Z</time></trkpt><trkpt lat="-39.3627765868" lon="-72.6331608184"><ele>107.99</ele><time>2024-07-30T03:51:51Z</time></trkpt><trkpt lat="-39.3624437414" lon="-72.6325413957"><ele>109.02</ele><time>2024-07-30T03:51:58Z</time></trkpt><trkpt lat="-39.3621266540" lon="-72.6319500525"><ele>108.62</ele><time>2024-07-30T03:52:06Z</time></trkpt><trkpt lat="-39.3616008572" lon="-72.6310222596"><ele>108.59</ele><time>2024-07-30T03:52:18Z</time></trkpt><trkpt lat="-39.3615550082" lon="-72.6309710462"><ele>108.40</ele><time>2024-07-30T03:52:20Z</time></trkpt><trkpt lat="-39.3615147751" lon="-72.6309648436"><ele>108.31</ele><time>2024-07-30T03:52:21Z</time></trkpt><trkpt lat="-39.3614619691" lon="-72.6309796795"><ele>108.47</ele><time>2024-07-30T03:52:22Z</time></trkpt><trkpt lat="-39.3614105042" lon="-72.6310173981"><ele>108.60</ele><time>2024-07-30T03:52:23Z</time></trkpt><trkpt lat="-39.3613514118" lon="-72.6310699526"><ele>108.70</ele><time>2024-07-30T03:52:24Z</time></trkpt><trkpt lat="-39.3612900563" lon="-72.6311312243"><ele>108.82</ele><time>2024-07-30T03:52:25Z</time></trkpt><trkpt lat="-39.3607787602" lon="-72.6316714380"><ele>108.70</ele><time>2024-07-30T03:52:33Z</time></trkpt><trkpt lat="-39.3607454840" lon="-72.6317288540"><ele>108.58</ele><time>2024-07-30T03:52:34Z</time></trkpt><trkpt lat="-39.3607301451" lon="-72.6317964122"><ele>108.60</ele><time>2024-07-30T03:52:35Z</time></trkpt><trkpt lat="-39.3607368506" lon="-72.6318707597"><ele>108.68</ele><time>2024-07-30T03:52:36Z</time></trkpt><trkpt lat="-39.3607661873" lon="-72.6319473702"><ele>108.75</ele><time>2024-07-30T03:52:37Z</time></trkpt><trkpt lat="-39.3608080968" lon="-72.6320280880"><ele>108.99</ele><time>2024-07-30T03:52:38Z</time></trkpt><trkpt lat="-39.3608595617" lon="-72.6321140025"><ele>109.10</ele><time>2024-07-30T03:52:39Z</time></trkpt><trkpt lat="-39.3613530882" lon="-72.6329595689"><ele>108.42</ele><time>2024-07-30T03:52:50Z</time></trkpt><trkpt lat="-39.3618917931" lon="-72.6338722743"><ele>108.01</ele><time>2024-07-30T03:53:01Z</time></trkpt><trkpt lat="-39.3620793801" lon="-72.6341738552"><ele>108.04</ele><time>2024-07-30T03:53:07Z</time></trkpt><trkpt lat="-39.3625977170" lon="-72.6350548770"><ele>108.21</ele><time>2024-07-30T03:53:18Z</time></trkpt><trkpt lat="-39.3628964480" lon="-72.6355680171"><ele>108.82</ele><time>2024-07-30T03:53:26Z</time></trkpt><trkpt lat="-39.3633529264" lon="-72.6363461092"><ele>108.50</ele><time>2024-07-30T03:53:37Z</time></trkpt><trkpt lat="-39.3637889531" lon="-72.6371076051"><ele>109.04</ele><time>2024-07-30T03:53:46Z</time></trkpt><trkpt lat="-39.3639127538" lon="-72.6372976229"><ele>108.67</ele><time>2024-07-30T03:53:52Z</time></trkpt><trkpt lat="-39.3639183696" lon="-72.6373298932"><ele>108.67</ele><time>2024-07-30T03:53:53Z</time></trkpt><trkpt lat="-39.3639043719" lon="-72.6373586431"><ele>108.84</ele><time>2024-07-30T03:53:54Z</time></trkpt><trkpt lat="-39.3638682459" lon="-72.6373895723"><ele>108.86</ele><time>2024-07-30T03:53:55Z</time></trkpt><trkpt lat="-39.3638199661" lon="-72.6374250278"><ele>109.04</ele><time>2024-07-30T03:53:56Z</time></trkpt><trkpt lat="-39.3632284552" lon="-72.6379470527"><ele>109.60</ele><time>2024-07-30T03:54:04Z</time></trkpt><trkpt lat="-39.3631222565" lon="-72.6380471326"><ele>108.97</ele><time>2024-07-30T03:54:06Z</time></trkpt><trkpt lat="-39.3630774971" lon="-72.6380642317"><ele>108.99</ele><time>2024-07-30T03:54:07Z</time></trkpt><trkpt lat="-39.3630337436" lon="-72.6380666625"><ele>108.91</ele><time>2024-07-30T03:54:08Z</time></trkpt><trkpt lat="-39.3629927561" lon="-72.6380443666"><ele>108.96</ele><time>2024-07-30T03:54:09Z</time></trkpt><trkpt lat="-39.3629527744" lon="-72.6379989367"><ele>109.11</ele><time>2024-07-30T03:54:10Z</time></trkpt><trkpt lat="-39.3629134633" lon="-72.6379364077"><ele>109.07</ele><time>2024-07-30T03:54:11Z</time></trkpt><trkpt lat="-39.3628684524" lon="-72.6378646586"><ele>109.13</ele><time>2024-07-30T03:54:12Z</time></trkpt><trkpt lat="-39.3622015044" lon="-72.6367053576"><ele>109.16</ele><time>2024-07-30T03:54:24Z</time></trkpt><trkpt lat="-39.3614306208" lon="-72.6353588048"><ele>109.13</ele><time>2024-07-30T03:54:39Z</time></trkpt><trkpt lat="-39.3611740507" lon="-72.6349009015"><ele>108.97</ele><time>2024-07-30T03:54:45Z</time></trkpt><trkpt lat="-39.3611625675" lon="-72.6348385401"><ele>108.83</ele><time>2024-07-30T03:54:46Z</time></trkpt><trkpt lat="-39.3611748889" lon="-72.6347734965"><ele>108.78</ele><time>2024-07-30T03:54:47Z</time></trkpt><trkpt lat="-39.3612100929" lon="-72.6347153261"><ele>108.91</ele><time>2024-07-30T03:54:48Z</time></trkpt><trkpt lat="-39.3612601329" lon="-72.6346665435"><ele>109.04</ele><time>2024-07-30T03:54:49Z</time></trkpt><trkpt lat="-39.3613195606" lon="-72.6346194372"><ele>109.20</ele><time>2024-07-30T03:54:50Z</time></trkpt><trkpt lat="-39.3621227145" lon="-72.6338744536"><ele>109.32</ele><time>2024-07-30T03:55:01Z</time></trkpt><trkpt lat="-39.3627140578" lon="-72.6332991198"><ele>108.86</ele><time>2024-07-30T03:55:11Z</time></trkpt><trkpt lat="-39.3632659223" lon="-72.6327593252"><ele>110.11</ele><time>2024-07-30T03:55:20Z</time></trkpt><trkpt lat="-39.3636030424" lon="-72.6324191038"><ele>109.79</ele><time>2024-07-30T03:55:27Z</time></trkpt><trkpt lat="-39.3641629536" lon="-72.6318866853"><ele>111.02</ele><time>2024-07-30T03:55:35Z</time></trkpt><trkpt lat="-39.3651935924" lon="-72.6309027337"><ele>111.11</ele><time>2024-07-30T03:55:50Z</time></trkpt><trkpt lat="-39.3652386032" lon="-72.6308866404"><ele>111.09</ele><time>2024-07-30T03:55:51Z</time></trkpt><trkpt lat="-39.3652857933" lon="-72.6308925916"><ele>111.18</ele><time>2024-07-30T03:55:52Z</time></trkpt><trkpt lat="-39.3653340731" lon="-72.6309253648"><ele>111.18</ele><time>2024-07-30T03:55:53Z</time></trkpt><trkpt lat="-39.3653846160" lon="-72.6309792604"><ele>111.22</ele><time>2024-07-30T03:55:54Z</time></trkpt><trkpt lat="-39.3654380925" lon="-72.6310407836"><ele>111.33</ele><time>2024-07-30T03:55:55Z</time></trkpt><trkpt lat="-39.3660861813" lon="-72.6317564305"><ele>111.37</ele><time>2024-07-30T03:56:04Z</time></trkpt><trkpt lat="-39.3668467551" lon="-72.6330125425"><ele>111.08</ele><time>2024-07-30T03:56:16Z</time></trkpt><trkpt lat="-39.3673722167" lon="-72.6339601167"><ele>110.40</ele><time>2024-07-30T03:56:27Z</time></trkpt><trkpt lat="-39.3673667684" lon="-72.6340397447"><ele>110.28</ele><time>2024-07-30T03:56:29Z</time></trkpt><trkpt lat="-39.3673374318" lon="-72.6340827439"><ele>110.35</ele><time>2024-07-30T03:56:30Z</time></trkpt><trkpt lat="-39.3672943488" lon="-72.6341235638"><ele>110.33</ele><time>2024-07-30T03:56:31Z</time></trkpt><trkpt lat="-39.3667325936" lon="-72.6346341055"><ele>110.77</ele><time>2024-07-30T03:56:39Z</time></trkpt><trkpt lat="-39.3658830877" lon="-72.6354482397"><ele>110.66</ele><time>2024-07-30T03:56:51Z</time></trkpt><trkpt lat="-39.3651322369" lon="-72.6361525711"><ele>110.38</ele><time>2024-07-30T03:57:01Z</time></trkpt><trkpt lat="-39.3638939783" lon="-72.6373741496"><ele>110.19</ele><time>2024-07-30T03:57:17Z</time></trkpt><trkpt lat="-39.3626848888" lon="-72.6384720113"><ele>110.20</ele><time>2024-07-30T03:57:32Z</time></trkpt><trkpt lat="-39.3613706902" lon="-72.6396053284"><ele>110.24</ele><time>2024-07-30T03:57:49Z</time></trkpt><trkpt lat="-39.3612754717" lon="-72.6396239363"><ele>110.66</ele><time>2024-07-30T03:57:50Z</time></trkpt><trkpt lat="-39.3611785769" lon="-72.6396303903"><ele>110.47</ele><time>2024-07-30T03:57:51Z</time></trkpt><trkpt lat="-39.3610833585" lon="-72.6396119501"><ele>110.27</ele><time>2024-07-30T03:57:52Z</time></trkpt><trkpt lat="-39.3609971087" lon="-72.6395541988"><ele>110.08</ele><time>2024-07-30T03:57:53Z</time></trkpt><trkpt lat="-39.3609112781" lon="-72.6394928433"><ele>110.18</ele><time>2024-07-30T03:57:54Z</time></trkpt><trkpt lat="-39.3608278781" lon="-72.6394314039"><ele>107.77</ele><time>2024-07-30T03:57:55Z</time></trkpt><trkpt lat="-39.3607421312" lon="-72.6393734012"><ele>107.77</ele><time>2024-07-30T03:57:56Z</time></trkpt><trkpt lat="-39.3606532831" lon="-72.6393317431"><ele>107.78</ele><time>2024-07-30T03:57:57Z</time></trkpt><trkpt lat="-39.3605661951" lon="-72.6393115427"><ele>107.79</ele><time>2024-07-30T03:57:58Z</time></trkpt><trkpt lat="-39.3604778498" lon="-72.6393139735"><ele>107.80</ele><time>2024-07-30T03:57:59Z</time></trkpt><trkpt lat="-39.3603890017" lon="-72.6393391192"><ele>107.81</ele><time>2024-07-30T03:58:00Z</time></trkpt><trkpt lat="-39.3603115529" lon="-72.6393857226"><ele>107.81</ele><time>2024-07-30T03:58:01Z</time></trkpt><trkpt lat="-39.3602361996" lon="-72.6394301467"><ele>107.82</ele><time>2024-07-30T03:58:02Z</time></trkpt><trkpt lat="-39.3600823078" lon="-72.6394906640"><ele>107.84</ele><time>2024-07-30T03:58:04Z</time></trkpt><trkpt lat="-39.3600022607" lon="-72.6395043265"><ele>109.68</ele><time>2024-07-30T03:58:05Z</time></trkpt><trkpt lat="-39.3599202856" lon="-72.6395170670"><ele>109.69</ele><time>2024-07-30T03:58:06Z</time></trkpt><trkpt lat="-39.3596778810" lon="-72.6395979524"><ele>109.71</ele><time>2024-07-30T03:58:09Z</time></trkpt><trkpt lat="-39.3596026115" lon="-72.6396452263"><ele>109.48</ele><time>2024-07-30T03:58:10Z</time></trkpt><trkpt lat="-39.3594085705" lon="-72.6398192346"><ele>109.99</ele><time>2024-07-30T03:58:13Z</time></trkpt><trkpt lat="-39.3593825866" lon="-72.6399094239"><ele>110.16</ele><time>2024-07-30T03:58:14Z</time></trkpt><trkpt lat="-39.3593814131" lon="-72.6400214061"><ele>110.50</ele><time>2024-07-30T03:58:15Z</time></trkpt><trkpt lat="-39.3594079837" lon="-72.6401403453"><ele>110.69</ele><time>2024-07-30T03:58:16Z</time></trkpt><trkpt lat="-39.3594400864" lon="-72.6402493101"><ele>110.75</ele><time>2024-07-30T03:58:17Z</time></trkpt><trkpt lat="-39.3595016096" lon="-72.6403754577"><ele>110.87</ele><time>2024-07-30T03:58:18Z</time></trkpt><trkpt lat="-39.3595676590" lon="-72.6404984202"><ele>110.80</ele><time>2024-07-30T03:58:19Z</time></trkpt><trkpt lat="-39.3596496340" lon="-72.6405793894"><ele>110.84</ele><time>2024-07-30T03:58:20Z</time></trkpt><trkpt lat="-39.3597446848" lon="-72.6406403258"><ele>110.92</ele><time>2024-07-30T03:58:21Z</time></trkpt><trkpt lat="-39.3598394841" lon="-72.6406836603"><ele>111.04</ele><time>2024-07-30T03:58:22Z</time></trkpt><trkpt lat="-39.3599407375" lon="-72.6407201216"><ele>111.12</ele><time>2024-07-30T03:58:23Z</time></trkpt><trkpt lat="-39.3602310028" lon="-72.6407890208"><ele>111.36</ele><time>2024-07-30T03:58:26Z</time></trkpt><trkpt lat="-39.3605045881" lon="-72.6408191957"><ele>110.94</ele><time>2024-07-30T03:58:32Z</time></trkpt><trkpt lat="-39.3605078571" lon="-72.6408440061"><ele>111.11</ele><time>2024-07-30T03:58:53Z</time></trkpt></trkseg></trk></gpx>