<?xml version="1.0" encoding="UTF-8" standalone="no" ?><gpx xmlns="http://www.topografix.com/GPX/1/1" xmlns:gpxx="http://www.garmin.com/xmlschemas/GpxExtensions/v3" xmlns:gpxtrkx="http://www.garmin.com/xmlschemas/TrackStatsExtension/v1" xmlns:wptx1="http://www.garmin.com/xmlschemas/WaypointExtension/v1" xmlns:gpxtpx="http://www.garmin.com/xmlschemas/TrackPointExtension/v1" creator="GPSMAP 64sx" version="1.1" xmlns:xsi="http://www.w3.org/2001/XMLSchema-instance" xsi:schemaLocation="http://www.topografix.com/GPX/1/1 http://www.topografix.com/GPX/1/1/gpx.xsd http://www.garmin.com/xmlschemas/GpxExtensions/v3 http://www8.garmin.com/xmlschemas/GpxExtensionsv3.xsd http://www.garmin.com/xmlschemas/TrackStatsExtension/v1 http://www8.garmin.com/xmlschemas/TrackStatsExtension.xsd http://www.garmin.com/xmlschemas/WaypointExtension/v1 http://www8.garmin.com/xmlschemas/WaypointExtensionv1.xsd http://www.garmin.com/xmlschemas/TrackPointExtension/v1 http://www.garmin.com/xmlschemas/TrackPointExtensionv1.xsd"><metadata><link href="http://www.garmin.com"><text>Garmin International</text></link><time>2024-09-27T03:49:52Z</time></metadata><trk><name>GPS LONCO 240926</name><extensions><gpxx:TrackExtension><gpxx:DisplayColor>Cyan</gpxx:DisplayColor></gpxx:TrackExtension><gpxtrkx:TrackStatsExtension><gpxtrkx:Distance>48184.000</gpxtrkx:Distance><gpxtrkx:TotalElapsedTime>8238</gpxtrkx:TotalElapsedTime><gpxtrkx:MovingTime>7874</gpxtrkx:MovingTime><gpxtrkx:StoppedTime>361</gpxtrkx:StoppedTime><gpxtrkx:MovingSpeed>6.119</gpxtrkx:MovingSpeed><gpxtrkx:MaxSpeed>22.585</gpxtrkx:MaxSpeed><gpxtrkx:MaxElevation>154.711</gpxtrkx:MaxElevation><gpxtrkx:MinElevation>96.152</gpxtrkx:MinElevation><gpxtrkx:Ascent>184.000</gpxtrkx:Ascent><gpxtrkx:Descent>229.159</gpxtrkx:Descent><gpxtrkx:AvgAscentRate>0.048</gpxtrkx:AvgAscentRate><gpxtrkx:MaxAscentRate>0.666</gpxtrkx:MaxAscentRate><gpxtrkx:AvgDescentRate>0.064</gpxtrkx:AvgDescentRate><gpxtrkx:MaxDescentRate>-0.692</gpxtrkx:MaxDescentRate></gpxtrkx:TrackStatsExtension></extensions><trkseg><trkpt lat="-39.3544160575" lon="-72.5778338034"><ele>142.31</ele><time>2024-09-27T01:32:34Z</time></trkpt><trkpt lat="-39.3544164766" lon="-72.5778345577"><ele>142.31</ele><time>2024-09-27T01:32:35Z</time></trkpt><trkpt lat="-39.3544173148" lon="-72.5778380781"><ele>152.16</ele><time>2024-09-27T01:32:39Z</time></trkpt><trkpt lat="-39.3544175662" lon="-72.5778386649"><ele>152.16</ele><time>2024-09-27T01:32:40Z</time></trkpt><trkpt lat="-39.3544167280" lon="-72.5778399222"><ele>154.27</ele><time>2024-09-27T01:32:46Z</time></trkpt><trkpt lat="-39.3544318154" lon="-72.5778129324"><ele>154.30</ele><time>2024-09-27T01:33:04Z</time></trkpt><trkpt lat="-39.3544606492" lon="-72.5778349768"><ele>154.28</ele><time>2024-09-27T01:33:06Z</time></trkpt><trkpt lat="-39.3544726353" lon="-72.5778555963"><ele>154.21</ele><time>2024-09-27T01:33:07Z</time></trkpt><trkpt lat="-39.3544864655" lon="-72.5778784789"><ele>154.17</ele><time>2024-09-27T01:33:08Z</time></trkpt><trkpt lat="-39.3545021396" lon="-72.5779109169"><ele>154.18</ele><time>2024-09-27T01:33:09Z</time></trkpt><trkpt lat="-39.3545192387" lon="-72.5779492222"><ele>154.18</ele><time>2024-09-27T01:33:10Z</time></trkpt><trkpt lat="-39.3547679298" lon="-72.5780972466"><ele>153.49</ele><time>2024-09-27T01:33:19Z</time></trkpt><trkpt lat="-39.3548302073" lon="-72.5780886970"><ele>153.63</ele><time>2024-09-27T01:33:30Z</time></trkpt><trkpt lat="-39.3548962567" lon="-72.5781094842"><ele>153.62</ele><time>2024-09-27T01:33:33Z</time></trkpt><trkpt lat="-39.3549187202" lon="-72.5781236496"><ele>153.41</ele><time>2024-09-27T01:33:34Z</time></trkpt><trkpt lat="-39.3549423572" lon="-72.5781453587"><ele>153.47</ele><time>2024-09-27T01:33:35Z</time></trkpt><trkpt lat="-39.3549652398" lon="-72.5781776290"><ele>153.62</ele><time>2024-09-27T01:33:36Z</time></trkpt><trkpt lat="-39.3549835123" lon="-72.5782228075"><ele>153.69</ele><time>2024-09-27T01:33:37Z</time></trkpt><trkpt lat="-39.3550001923" lon="-72.5782776251"><ele>153.72</ele><time>2024-09-27T01:33:38Z</time></trkpt><trkpt lat="-39.3550159503" lon="-72.5783393998"><ele>153.71</ele><time>2024-09-27T01:33:39Z</time></trkpt><trkpt lat="-39.3550360668" lon="-72.5784197822"><ele>153.60</ele><time>2024-09-27T01:33:40Z</time></trkpt><trkpt lat="-39.3550483044" lon="-72.5784883462"><ele>153.54</ele><time>2024-09-27T01:33:41Z</time></trkpt><trkpt lat="-39.3554121628" lon="-72.5795443822"><ele>153.59</ele><time>2024-09-27T01:33:55Z</time></trkpt><trkpt lat="-39.3559951242" lon="-72.5811835472"><ele>153.29</ele><time>2024-09-27T01:34:09Z</time></trkpt><trkpt lat="-39.3570298702" lon="-72.5840368308"><ele>151.11</ele><time>2024-09-27T01:34:31Z</time></trkpt><trkpt lat="-39.3579336070" lon="-72.5865576044"><ele>150.27</ele><time>2024-09-27T01:34:50Z</time></trkpt><trkpt lat="-39.3587927520" lon="-72.5889150985"><ele>147.27</ele><time>2024-09-27T01:35:08Z</time></trkpt><trkpt lat="-39.3600071222" lon="-72.5922435522"><ele>145.64</ele><time>2024-09-27T01:35:34Z</time></trkpt><trkpt lat="-39.3611773197" lon="-72.5954309385"><ele>143.28</ele><time>2024-09-27T01:35:58Z</time></trkpt><trkpt lat="-39.3624746706" lon="-72.5989857037"><ele>140.79</ele><time>2024-09-27T01:36:26Z</time></trkpt><trkpt lat="-39.3632693589" lon="-72.6012573671"><ele>139.00</ele><time>2024-09-27T01:36:42Z</time></trkpt><trkpt lat="-39.3638269231" lon="-72.6036467962"><ele>136.43</ele><time>2024-09-27T01:36:54Z</time></trkpt><trkpt lat="-39.3640285078" lon="-72.6063741837"><ele>133.29</ele><time>2024-09-27T01:37:06Z</time></trkpt><trkpt lat="-39.3639612850" lon="-72.6087376289"><ele>130.07</ele><time>2024-09-27T01:37:16Z</time></trkpt><trkpt lat="-39.3639183696" lon="-72.6102244109"><ele>126.63</ele><time>2024-09-27T01:37:22Z</time></trkpt><trkpt lat="-39.3638850935" lon="-72.6114916708"><ele>122.73</ele><time>2024-09-27T01:37:27Z</time></trkpt><trkpt lat="-39.3638558406" lon="-72.6125299372"><ele>119.47</ele><time>2024-09-27T01:37:31Z</time></trkpt><trkpt lat="-39.3637220655" lon="-72.6140696090"><ele>116.44</ele><time>2024-09-27T01:37:37Z</time></trkpt><trkpt lat="-39.3634900544" lon="-72.6152687240"><ele>118.03</ele><time>2024-09-27T01:37:42Z</time></trkpt><trkpt lat="-39.3632308859" lon="-72.6161818486"><ele>115.70</ele><time>2024-09-27T01:37:46Z</time></trkpt><trkpt lat="-39.3623566534" lon="-72.6181932539"><ele>117.49</ele><time>2024-09-27T01:37:56Z</time></trkpt><trkpt lat="-39.3618231453" lon="-72.6190574281"><ele>120.64</ele><time>2024-09-27T01:38:01Z</time></trkpt><trkpt lat="-39.3612552714" lon="-72.6197894197"><ele>124.15</ele><time>2024-09-27T01:38:06Z</time></trkpt><trkpt lat="-39.3604477588" lon="-72.6205715351"><ele>126.10</ele><time>2024-09-27T01:38:13Z</time></trkpt><trkpt lat="-39.3603310827" lon="-72.6206333097"><ele>126.14</ele><time>2024-09-27T01:38:14Z</time></trkpt><trkpt lat="-39.3602144904" lon="-72.6206762251"><ele>126.27</ele><time>2024-09-27T01:38:15Z</time></trkpt><trkpt lat="-39.3600996584" lon="-72.6206989400"><ele>126.22</ele><time>2024-09-27T01:38:16Z</time></trkpt><trkpt lat="-39.3599868380" lon="-72.6207116805"><ele>125.66</ele><time>2024-09-27T01:38:17Z</time></trkpt><trkpt lat="-39.3595350534" lon="-72.6208657399"><ele>122.41</ele><time>2024-09-27T01:38:22Z</time></trkpt><trkpt lat="-39.3594820797" lon="-72.6209022012"><ele>122.35</ele><time>2024-09-27T01:38:23Z</time></trkpt><trkpt lat="-39.3593934830" lon="-72.6209777221"><ele>120.53</ele><time>2024-09-27T01:38:30Z</time></trkpt><trkpt lat="-39.3593781441" lon="-72.6209987607"><ele>120.55</ele><time>2024-09-27T01:38:39Z</time></trkpt><trkpt lat="-39.3593569379" lon="-72.6210131776"><ele>120.60</ele><time>2024-09-27T01:38:40Z</time></trkpt><trkpt lat="-39.3593283556" lon="-72.6210292708"><ele>120.49</ele><time>2024-09-27T01:38:41Z</time></trkpt><trkpt lat="-39.3593050539" lon="-72.6210478786"><ele>119.69</ele><time>2024-09-27T01:38:42Z</time></trkpt><trkpt lat="-39.3592835125" lon="-72.6210618764"><ele>120.07</ele><time>2024-09-27T01:38:43Z</time></trkpt><trkpt lat="-39.3592457939" lon="-72.6210605353"><ele>119.36</ele><time>2024-09-27T01:38:55Z</time></trkpt><trkpt lat="-39.3592244200" lon="-72.6210786402"><ele>119.20</ele><time>2024-09-27T01:39:22Z</time></trkpt><trkpt lat="-39.3592151999" lon="-72.6210937276"><ele>119.15</ele><time>2024-09-27T01:39:23Z</time></trkpt><trkpt lat="-39.3592057284" lon="-72.6211173646"><ele>119.08</ele><time>2024-09-27T01:39:24Z</time></trkpt><trkpt lat="-39.3591969274" lon="-72.6211534068"><ele>118.83</ele><time>2024-09-27T01:39:25Z</time></trkpt><trkpt lat="-39.3591976818" lon="-72.6212015189"><ele>118.84</ele><time>2024-09-27T01:39:26Z</time></trkpt><trkpt lat="-39.3592124339" lon="-72.6212552469"><ele>118.67</ele><time>2024-09-27T01:39:27Z</time></trkpt><trkpt lat="-39.3592383340" lon="-72.6213129144"><ele>118.55</ele><time>2024-09-27T01:39:28Z</time></trkpt><trkpt lat="-39.3592712749" lon="-72.6213750243"><ele>118.35</ele><time>2024-09-27T01:39:29Z</time></trkpt><trkpt lat="-39.3597376440" lon="-72.6222374383"><ele>115.27</ele><time>2024-09-27T01:39:39Z</time></trkpt><trkpt lat="-39.3599298410" lon="-72.6225263625"><ele>114.86</ele><time>2024-09-27T01:39:42Z</time></trkpt><trkpt lat="-39.3600077089" lon="-72.6226034760"><ele>114.38</ele><time>2024-09-27T01:39:43Z</time></trkpt><trkpt lat="-39.3600901868" lon="-72.6226706989"><ele>114.08</ele><time>2024-09-27T01:39:44Z</time></trkpt><trkpt lat="-39.3601775263" lon="-72.6227279473"><ele>113.82</ele><time>2024-09-27T01:39:45Z</time></trkpt><trkpt lat="-39.3602635246" lon="-72.6227670070"><ele>113.42</ele><time>2024-09-27T01:39:46Z</time></trkpt><trkpt lat="-39.3603541330" lon="-72.6227907278"><ele>113.11</ele><time>2024-09-27T01:39:47Z</time></trkpt><trkpt lat="-39.3604449928" lon="-72.6228036359"><ele>112.98</ele><time>2024-09-27T01:39:48Z</time></trkpt><trkpt lat="-39.3605335057" lon="-72.6228117663"><ele>112.90</ele><time>2024-09-27T01:39:49Z</time></trkpt><trkpt lat="-39.3611987773" lon="-72.6229985151"><ele>115.07</ele><time>2024-09-27T01:39:59Z</time></trkpt><trkpt lat="-39.3619269133" lon="-72.6236350369"><ele>114.59</ele><time>2024-09-27T01:40:11Z</time></trkpt><trkpt lat="-39.3621642888" lon="-72.6239023358"><ele>113.74</ele><time>2024-09-27T01:40:15Z</time></trkpt><trkpt lat="-39.3622284941" lon="-72.6239538006"><ele>113.67</ele><time>2024-09-27T01:40:16Z</time></trkpt><trkpt lat="-39.3622901011" lon="-72.6239972189"><ele>113.52</ele><time>2024-09-27T01:40:17Z</time></trkpt><trkpt lat="-39.3623540550" lon="-72.6240320876"><ele>113.50</ele><time>2024-09-27T01:40:18Z</time></trkpt><trkpt lat="-39.3624216132" lon="-72.6240567304"><ele>113.35</ele><time>2024-09-27T01:40:19Z</time></trkpt><trkpt lat="-39.3624990620" lon="-72.6240697224"><ele>113.51</ele><time>2024-09-27T01:40:20Z</time></trkpt><trkpt lat="-39.3625696376" lon="-72.6240813732"><ele>113.61</ele><time>2024-09-27T01:40:21Z</time></trkpt><trkpt lat="-39.3633393478" lon="-72.6241775975"><ele>114.43</ele><time>2024-09-27T01:40:33Z</time></trkpt><trkpt lat="-39.3635675032" lon="-72.6243228558"><ele>114.65</ele><time>2024-09-27T01:40:37Z</time></trkpt><trkpt lat="-39.3636120949" lon="-72.6243785117"><ele>114.81</ele><time>2024-09-27T01:40:38Z</time></trkpt><trkpt lat="-39.3636520766" lon="-72.6244370174"><ele>114.89</ele><time>2024-09-27T01:40:39Z</time></trkpt><trkpt lat="-39.3637218140" lon="-72.6245363429"><ele>114.65</ele><time>2024-09-27T01:40:41Z</time></trkpt><trkpt lat="-39.3637581076" lon="-72.6245651767"><ele>114.55</ele><time>2024-09-27T01:40:42Z</time></trkpt><trkpt lat="-39.3637943175" lon="-72.6245707925"><ele>114.55</ele><time>2024-09-27T01:40:43Z</time></trkpt><trkpt lat="-39.3638232350" lon="-72.6245522685"><ele>114.46</ele><time>2024-09-27T01:40:44Z</time></trkpt><trkpt lat="-39.3638432678" lon="-72.6245174836"><ele>114.47</ele><time>2024-09-27T01:40:45Z</time></trkpt><trkpt lat="-39.3638524879" lon="-72.6244706288"><ele>114.51</ele><time>2024-09-27T01:40:46Z</time></trkpt><trkpt lat="-39.3638551701" lon="-72.6244163979"><ele>113.93</ele><time>2024-09-27T01:40:47Z</time></trkpt><trkpt lat="-39.3638565950" lon="-72.6243544556"><ele>113.73</ele><time>2024-09-27T01:40:48Z</time></trkpt><trkpt lat="-39.3638517335" lon="-72.6239478495"><ele>112.10</ele><time>2024-09-27T01:40:54Z</time></trkpt><trkpt lat="-39.3638363946" lon="-72.6238922775"><ele>112.09</ele><time>2024-09-27T01:40:55Z</time></trkpt><trkpt lat="-39.3638084829" lon="-72.6238479372"><ele>112.10</ele><time>2024-09-27T01:40:56Z</time></trkpt><trkpt lat="-39.3637719378" lon="-72.6238114759"><ele>112.14</ele><time>2024-09-27T01:40:57Z</time></trkpt><trkpt lat="-39.3637342192" lon="-72.6237732545"><ele>112.12</ele><time>2024-09-27T01:40:58Z</time></trkpt><trkpt lat="-39.3632509187" lon="-72.6233042032"><ele>112.43</ele><time>2024-09-27T01:41:11Z</time></trkpt><trkpt lat="-39.3632073328" lon="-72.6232057996"><ele>112.66</ele><time>2024-09-27T01:41:13Z</time></trkpt><trkpt lat="-39.3632030580" lon="-72.6231412590"><ele>112.69</ele><time>2024-09-27T01:41:14Z</time></trkpt><trkpt lat="-39.3632259406" lon="-72.6222433895"><ele>112.90</ele><time>2024-09-27T01:41:29Z</time></trkpt><trkpt lat="-39.3632499129" lon="-72.6222253684"><ele>112.79</ele><time>2024-09-27T01:41:30Z</time></trkpt><trkpt lat="-39.3632741366" lon="-72.6222233567"><ele>112.96</ele><time>2024-09-27T01:41:31Z</time></trkpt><trkpt lat="-39.3633002881" lon="-72.6222305652"><ele>112.89</ele><time>2024-09-27T01:41:32Z</time></trkpt><trkpt lat="-39.3633264396" lon="-72.6222429704"><ele>112.81</ele><time>2024-09-27T01:41:33Z</time></trkpt><trkpt lat="-39.3633537646" lon="-72.6222614944"><ele>112.96</ele><time>2024-09-27T01:41:34Z</time></trkpt><trkpt lat="-39.3633816764" lon="-72.6222850475"><ele>113.03</ele><time>2024-09-27T01:41:35Z</time></trkpt><trkpt lat="-39.3634100910" lon="-72.6223124564"><ele>113.17</ele><time>2024-09-27T01:41:36Z</time></trkpt><trkpt lat="-39.3634374160" lon="-72.6223438047"><ele>113.04</ele><time>2024-09-27T01:41:37Z</time></trkpt><trkpt lat="-39.3635126855" lon="-72.6224251091"><ele>112.91</ele><time>2024-09-27T01:41:41Z</time></trkpt><trkpt lat="-39.3635284435" lon="-72.6224234328"><ele>112.76</ele><time>2024-09-27T01:41:42Z</time></trkpt><trkpt lat="-39.3635427766" lon="-72.6224137098"><ele>112.79</ele><time>2024-09-27T01:41:43Z</time></trkpt><trkpt lat="-39.3635516614" lon="-72.6223997120"><ele>112.81</ele><time>2024-09-27T01:41:44Z</time></trkpt><trkpt lat="-39.3635552656" lon="-72.6223843731"><ele>112.85</ele><time>2024-09-27T01:41:45Z</time></trkpt><trkpt lat="-39.3635540921" lon="-72.6223691180"><ele>112.87</ele><time>2024-09-27T01:41:46Z</time></trkpt><trkpt lat="-39.3635564391" lon="-72.6223500073"><ele>112.83</ele><time>2024-09-27T01:41:47Z</time></trkpt><trkpt lat="-39.3635575287" lon="-72.6219626796"><ele>112.79</ele><time>2024-09-27T01:41:57Z</time></trkpt><trkpt lat="-39.3635609653" lon="-72.6213751920"><ele>113.27</ele><time>2024-09-27T01:42:09Z</time></trkpt><trkpt lat="-39.3632882182" lon="-72.6211176999"><ele>113.18</ele><time>2024-09-27T01:42:18Z</time></trkpt><trkpt lat="-39.3632654194" lon="-72.6211279258"><ele>113.07</ele><time>2024-09-27T01:42:19Z</time></trkpt><trkpt lat="-39.3632494938" lon="-72.6211534906"><ele>113.20</ele><time>2024-09-27T01:42:20Z</time></trkpt><trkpt lat="-39.3632428721" lon="-72.6211922988"><ele>113.16</ele><time>2024-09-27T01:42:21Z</time></trkpt><trkpt lat="-39.3632453866" lon="-72.6212425064"><ele>113.18</ele><time>2024-09-27T01:42:22Z</time></trkpt><trkpt lat="-39.3632499129" lon="-72.6212983299"><ele>113.03</ele><time>2024-09-27T01:42:23Z</time></trkpt><trkpt lat="-39.3632507510" lon="-72.6214117371"><ele>113.26</ele><time>2024-09-27T01:42:25Z</time></trkpt><trkpt lat="-39.3632227555" lon="-72.6216463465"><ele>112.81</ele><time>2024-09-27T01:42:30Z</time></trkpt><trkpt lat="-39.3632015493" lon="-72.6216599252"><ele>113.08</ele><time>2024-09-27T01:42:31Z</time></trkpt><trkpt lat="-39.3631759007" lon="-72.6216611825"><ele>113.18</ele><time>2024-09-27T01:42:32Z</time></trkpt><trkpt lat="-39.3631442171" lon="-72.6216614340"><ele>113.16</ele><time>2024-09-27T01:42:33Z</time></trkpt><trkpt lat="-39.3631042354" lon="-72.6216614340"><ele>113.21</ele><time>2024-09-27T01:42:34Z</time></trkpt><trkpt lat="-39.3625922687" lon="-72.6217016671"><ele>113.11</ele><time>2024-09-27T01:42:47Z</time></trkpt><trkpt lat="-39.3625827972" lon="-72.6217450015"><ele>113.24</ele><time>2024-09-27T01:42:48Z</time></trkpt><trkpt lat="-39.3625656981" lon="-72.6218780223"><ele>113.35</ele><time>2024-09-27T01:42:51Z</time></trkpt><trkpt lat="-39.3625440728" lon="-72.6218990609"><ele>113.37</ele><time>2024-09-27T01:42:52Z</time></trkpt><trkpt lat="-39.3625142332" lon="-72.6219125558"><ele>113.49</ele><time>2024-09-27T01:42:53Z</time></trkpt><trkpt lat="-39.3624791130" lon="-72.6219211053"><ele>113.48</ele><time>2024-09-27T01:42:54Z</time></trkpt><trkpt lat="-39.3624414783" lon="-72.6219281461"><ele>113.43</ele><time>2024-09-27T01:42:55Z</time></trkpt><trkpt lat="-39.3623443320" lon="-72.6219435688"><ele>113.56</ele><time>2024-09-27T01:43:00Z</time></trkpt><trkpt lat="-39.3623187672" lon="-72.6219480950"><ele>113.52</ele><time>2024-09-27T01:43:01Z</time></trkpt><trkpt lat="-39.3622871675" lon="-72.6219538786"><ele>113.48</ele><time>2024-09-27T01:43:02Z</time></trkpt><trkpt lat="-39.3619151786" lon="-72.6218342688"><ele>113.26</ele><time>2024-09-27T01:43:14Z</time></trkpt><trkpt lat="-39.3618186191" lon="-72.6216740906"><ele>113.24</ele><time>2024-09-27T01:43:18Z</time></trkpt><trkpt lat="-39.3618300185" lon="-72.6216393057"><ele>113.15</ele><time>2024-09-27T01:43:19Z</time></trkpt><trkpt lat="-39.3618531525" lon="-72.6216160879"><ele>113.14</ele><time>2024-09-27T01:43:20Z</time></trkpt><trkpt lat="-39.3618844170" lon="-72.6215997431"><ele>113.19</ele><time>2024-09-27T01:43:21Z</time></trkpt><trkpt lat="-39.3619221356" lon="-72.6215879247"><ele>113.14</ele><time>2024-09-27T01:43:22Z</time></trkpt><trkpt lat="-39.3619633745" lon="-72.6215806324"><ele>113.10</ele><time>2024-09-27T01:43:23Z</time></trkpt><trkpt lat="-39.3625065219" lon="-72.6214968134"><ele>113.32</ele><time>2024-09-27T01:43:36Z</time></trkpt><trkpt lat="-39.3625241239" lon="-72.6214808878"><ele>113.25</ele><time>2024-09-27T01:43:37Z</time></trkpt><trkpt lat="-39.3625400495" lon="-72.6214548200"><ele>113.22</ele><time>2024-09-27T01:43:38Z</time></trkpt><trkpt lat="-39.3625494372" lon="-72.6214145869"><ele>113.32</ele><time>2024-09-27T01:43:39Z</time></trkpt><trkpt lat="-39.3625556398" lon="-72.6213577576"><ele>113.42</ele><time>2024-09-27T01:43:40Z</time></trkpt><trkpt lat="-39.3625592440" lon="-72.6212891936"><ele>113.56</ele><time>2024-09-27T01:43:41Z</time></trkpt><trkpt lat="-39.3625599146" lon="-72.6212215517"><ele>113.51</ele><time>2024-09-27T01:43:42Z</time></trkpt><trkpt lat="-39.3625964597" lon="-72.6205602195"><ele>113.21</ele><time>2024-09-27T01:43:52Z</time></trkpt><trkpt lat="-39.3626165763" lon="-72.6205315534"><ele>113.18</ele><time>2024-09-27T01:43:53Z</time></trkpt><trkpt lat="-39.3626456615" lon="-72.6205131132"><ele>113.28</ele><time>2024-09-27T01:43:54Z</time></trkpt><trkpt lat="-39.3626776803" lon="-72.6205073297"><ele>113.38</ele><time>2024-09-27T01:43:55Z</time></trkpt><trkpt lat="-39.3627153151" lon="-72.6205095928"><ele>113.33</ele><time>2024-09-27T01:43:56Z</time></trkpt><trkpt lat="-39.3627558835" lon="-72.6205162983"><ele>113.27</ele><time>2024-09-27T01:43:57Z</time></trkpt><trkpt lat="-39.3635203969" lon="-72.6205634885"><ele>113.73</ele><time>2024-09-27T01:44:11Z</time></trkpt><trkpt lat="-39.3639983330" lon="-72.6205207407"><ele>113.62</ele><time>2024-09-27T01:44:23Z</time></trkpt><trkpt lat="-39.3640101515" lon="-72.6204724610"><ele>113.75</ele><time>2024-09-27T01:44:24Z</time></trkpt><trkpt lat="-39.3640181143" lon="-72.6204113569"><ele>113.74</ele><time>2024-09-27T01:44:25Z</time></trkpt><trkpt lat="-39.3640228920" lon="-72.6203388534"><ele>113.88</ele><time>2024-09-27T01:44:26Z</time></trkpt><trkpt lat="-39.3640232272" lon="-72.6202652603"><ele>113.83</ele><time>2024-09-27T01:44:27Z</time></trkpt><trkpt lat="-39.3640185334" lon="-72.6202026475"><ele>113.80</ele><time>2024-09-27T01:44:28Z</time></trkpt><trkpt lat="-39.3640094809" lon="-72.6201514341"><ele>113.71</ele><time>2024-09-27T01:44:29Z</time></trkpt><trkpt lat="-39.3639927171" lon="-72.6201125421"><ele>113.72</ele><time>2024-09-27T01:44:30Z</time></trkpt><trkpt lat="-39.3639705051" lon="-72.6200864743"><ele>113.59</ele><time>2024-09-27T01:44:31Z</time></trkpt><trkpt lat="-39.3639414199" lon="-72.6200737339"><ele>113.78</ele><time>2024-09-27T01:44:32Z</time></trkpt><trkpt lat="-39.3639084790" lon="-72.6200708002"><ele>113.93</ele><time>2024-09-27T01:44:33Z</time></trkpt><trkpt lat="-39.3638736103" lon="-72.6200691238"><ele>113.99</ele><time>2024-09-27T01:44:34Z</time></trkpt><trkpt lat="-39.3632523436" lon="-72.6200512704"><ele>114.33</ele><time>2024-09-27T01:44:47Z</time></trkpt><trkpt lat="-39.3626942765" lon="-72.6200311538"><ele>113.24</ele><time>2024-09-27T01:45:00Z</time></trkpt><trkpt lat="-39.3626766745" lon="-72.6200226881"><ele>113.06</ele><time>2024-09-27T01:45:01Z</time></trkpt><trkpt lat="-39.3626635149" lon="-72.6200024039"><ele>113.22</ele><time>2024-09-27T01:45:04Z</time></trkpt><trkpt lat="-39.3626527023" lon="-72.6198963728"><ele>113.26</ele><time>2024-09-27T01:45:07Z</time></trkpt><trkpt lat="-39.3627143931" lon="-72.6195979770"><ele>113.43</ele><time>2024-09-27T01:45:13Z</time></trkpt><trkpt lat="-39.3627505191" lon="-72.6195834763"><ele>113.57</ele><time>2024-09-27T01:45:14Z</time></trkpt><trkpt lat="-39.3627925962" lon="-72.6195807103"><ele>113.34</ele><time>2024-09-27T01:45:15Z</time></trkpt><trkpt lat="-39.3635345623" lon="-72.6196119748"><ele>114.35</ele><time>2024-09-27T01:45:27Z</time></trkpt><trkpt lat="-39.3638132606" lon="-72.6196204405"><ele>114.17</ele><time>2024-09-27T01:45:32Z</time></trkpt><trkpt lat="-39.3638562597" lon="-72.6196229551"><ele>114.19</ele><time>2024-09-27T01:45:33Z</time></trkpt><trkpt lat="-39.3638951518" lon="-72.6196308341"><ele>114.40</ele><time>2024-09-27T01:45:34Z</time></trkpt><trkpt lat="-39.3639755342" lon="-72.6196313370"><ele>114.12</ele><time>2024-09-27T01:45:37Z</time></trkpt><trkpt lat="-39.3639941420" lon="-72.6196104661"><ele>114.08</ele><time>2024-09-27T01:45:38Z</time></trkpt><trkpt lat="-39.3640081398" lon="-72.6195759326"><ele>114.17</ele><time>2024-09-27T01:45:39Z</time></trkpt><trkpt lat="-39.3640183657" lon="-72.6195284911"><ele>114.33</ele><time>2024-09-27T01:45:40Z</time></trkpt><trkpt lat="-39.3640254904" lon="-72.6194671355"><ele>114.43</ele><time>2024-09-27T01:45:41Z</time></trkpt><trkpt lat="-39.3640301004" lon="-72.6193994936"><ele>114.54</ele><time>2024-09-27T01:45:42Z</time></trkpt><trkpt lat="-39.3640358001" lon="-72.6192666404"><ele>114.41</ele><time>2024-09-27T01:45:44Z</time></trkpt><trkpt lat="-39.3640259095" lon="-72.6192123257"><ele>114.36</ele><time>2024-09-27T01:45:45Z</time></trkpt><trkpt lat="-39.3640049547" lon="-72.6191713382"><ele>114.42</ele><time>2024-09-27T01:45:46Z</time></trkpt><trkpt lat="-39.3639740255" lon="-72.6191487908"><ele>114.37</ele><time>2024-09-27T01:45:47Z</time></trkpt><trkpt lat="-39.3639391568" lon="-72.6191432588"><ele>114.46</ele><time>2024-09-27T01:45:48Z</time></trkpt><trkpt lat="-39.3638997618" lon="-72.6191466954"><ele>114.74</ele><time>2024-09-27T01:45:49Z</time></trkpt><trkpt lat="-39.3638553377" lon="-72.6191508863"><ele>114.82</ele><time>2024-09-27T01:45:50Z</time></trkpt><trkpt lat="-39.3638089020" lon="-72.6191498805"><ele>114.74</ele><time>2024-09-27T01:45:51Z</time></trkpt><trkpt lat="-39.3630399462" lon="-72.6191109046"><ele>114.16</ele><time>2024-09-27T01:46:05Z</time></trkpt><trkpt lat="-39.3627553806" lon="-72.6190800592"><ele>113.55</ele><time>2024-09-27T01:46:12Z</time></trkpt><trkpt lat="-39.3627511058" lon="-72.6190517284"><ele>113.61</ele><time>2024-09-27T01:46:13Z</time></trkpt><trkpt lat="-39.3627568055" lon="-72.6190131716"><ele>113.72</ele><time>2024-09-27T01:46:14Z</time></trkpt><trkpt lat="-39.3627716415" lon="-72.6189649757"><ele>113.74</ele><time>2024-09-27T01:46:15Z</time></trkpt><trkpt lat="-39.3627918418" lon="-72.6189094037"><ele>113.73</ele><time>2024-09-27T01:46:16Z</time></trkpt><trkpt lat="-39.3628536165" lon="-72.6187536679"><ele>113.63</ele><time>2024-09-27T01:46:19Z</time></trkpt><trkpt lat="-39.3628801033" lon="-72.6187134348"><ele>113.71</ele><time>2024-09-27T01:46:20Z</time></trkpt><trkpt lat="-39.3629090209" lon="-72.6186894625"><ele>113.86</ele><time>2024-09-27T01:46:21Z</time></trkpt><trkpt lat="-39.3629427999" lon="-72.6186773088"><ele>113.91</ele><time>2024-09-27T01:46:22Z</time></trkpt><trkpt lat="-39.3629754055" lon="-72.6186752971"><ele>113.85</ele><time>2024-09-27T01:46:23Z</time></trkpt><trkpt lat="-39.3635703530" lon="-72.6187187154"><ele>114.38</ele><time>2024-09-27T01:46:36Z</time></trkpt><trkpt lat="-39.3639906216" lon="-72.6187290251"><ele>114.69</ele><time>2024-09-27T01:46:47Z</time></trkpt><trkpt lat="-39.3640143424" lon="-72.6187007781"><ele>114.52</ele><time>2024-09-27T01:46:53Z</time></trkpt><trkpt lat="-39.3640268315" lon="-72.6186699327"><ele>114.58</ele><time>2024-09-27T01:46:54Z</time></trkpt><trkpt lat="-39.3640409969" lon="-72.6186278556"><ele>114.61</ele><time>2024-09-27T01:46:55Z</time></trkpt><trkpt lat="-39.3640488759" lon="-72.6185823418"><ele>114.60</ele><time>2024-09-27T01:46:56Z</time></trkpt><trkpt lat="-39.3640535697" lon="-72.6185327210"><ele>114.60</ele><time>2024-09-27T01:46:57Z</time></trkpt><trkpt lat="-39.3640560843" lon="-72.6184779033"><ele>114.77</ele><time>2024-09-27T01:46:58Z</time></trkpt><trkpt lat="-39.3640561681" lon="-72.6184232533"><ele>114.60</ele><time>2024-09-27T01:46:59Z</time></trkpt><trkpt lat="-39.3640219700" lon="-72.6182927471"><ele>114.54</ele><time>2024-09-27T01:47:02Z</time></trkpt><trkpt lat="-39.3639934715" lon="-72.6182722114"><ele>114.50</ele><time>2024-09-27T01:47:03Z</time></trkpt><trkpt lat="-39.3639615364" lon="-72.6182633266"><ele>114.69</ele><time>2024-09-27T01:47:04Z</time></trkpt><trkpt lat="-39.3639283441" lon="-72.6182583813"><ele>114.78</ele><time>2024-09-27T01:47:05Z</time></trkpt><trkpt lat="-39.3638855126" lon="-72.6182582974"><ele>114.95</ele><time>2024-09-27T01:47:06Z</time></trkpt><trkpt lat="-39.3632380944" lon="-72.6182396896"><ele>114.25</ele><time>2024-09-27T01:47:18Z</time></trkpt><trkpt lat="-39.3631712068" lon="-72.6182152145"><ele>113.97</ele><time>2024-09-27T01:47:21Z</time></trkpt><trkpt lat="-39.3631661776" lon="-72.6181932539"><ele>114.06</ele><time>2024-09-27T01:47:22Z</time></trkpt><trkpt lat="-39.3631716259" lon="-72.6181647554"><ele>114.09</ele><time>2024-09-27T01:47:23Z</time></trkpt><trkpt lat="-39.3631856237" lon="-72.6181256957"><ele>114.14</ele><time>2024-09-27T01:47:24Z</time></trkpt><trkpt lat="-39.3632037286" lon="-72.6180806011"><ele>114.15</ele><time>2024-09-27T01:47:25Z</time></trkpt><trkpt lat="-39.3632214982" lon="-72.6180308964"><ele>114.10</ele><time>2024-09-27T01:47:26Z</time></trkpt><trkpt lat="-39.3632584624" lon="-72.6179202553"><ele>114.15</ele><time>2024-09-27T01:47:28Z</time></trkpt><trkpt lat="-39.3632805068" lon="-72.6178758312"><ele>114.29</ele><time>2024-09-27T01:47:29Z</time></trkpt><trkpt lat="-39.3633073289" lon="-72.6178437285"><ele>114.21</ele><time>2024-09-27T01:47:30Z</time></trkpt><trkpt lat="-39.3633373361" lon="-72.6178258751"><ele>114.25</ele><time>2024-09-27T01:47:31Z</time></trkpt><trkpt lat="-39.3633719534" lon="-72.6178185828"><ele>114.61</ele><time>2024-09-27T01:47:32Z</time></trkpt><trkpt lat="-39.3634098396" lon="-72.6178192534"><ele>114.48</ele><time>2024-09-27T01:47:33Z</time></trkpt><trkpt lat="-39.3634500727" lon="-72.6178202592"><ele>114.45</ele><time>2024-09-27T01:47:34Z</time></trkpt><trkpt lat="-39.3639960699" lon="-72.6178567205"><ele>114.49</ele><time>2024-09-27T01:47:46Z</time></trkpt><trkpt lat="-39.3640140910" lon="-72.6178451534"><ele>114.65</ele><time>2024-09-27T01:47:47Z</time></trkpt><trkpt lat="-39.3640321121" lon="-72.6178213488"><ele>114.52</ele><time>2024-09-27T01:47:48Z</time></trkpt><trkpt lat="-39.3640456069" lon="-72.6177816186"><ele>114.68</ele><time>2024-09-27T01:47:49Z</time></trkpt><trkpt lat="-39.3640544079" lon="-72.6177275553"><ele>114.73</ele><time>2024-09-27T01:47:50Z</time></trkpt><trkpt lat="-39.3640596885" lon="-72.6176682115"><ele>114.82</ele><time>2024-09-27T01:47:51Z</time></trkpt><trkpt lat="-39.3640628736" lon="-72.6176079456"><ele>114.86</ele><time>2024-09-27T01:47:52Z</time></trkpt><trkpt lat="-39.3640622031" lon="-72.6174893416"><ele>114.67</ele><time>2024-09-27T01:47:54Z</time></trkpt><trkpt lat="-39.3640462775" lon="-72.6174430735"><ele>114.52</ele><time>2024-09-27T01:47:55Z</time></trkpt><trkpt lat="-39.3640188687" lon="-72.6174122281"><ele>114.58</ele><time>2024-09-27T01:47:56Z</time></trkpt><trkpt lat="-39.3639861792" lon="-72.6173970569"><ele>114.80</ele><time>2024-09-27T01:47:57Z</time></trkpt><trkpt lat="-39.3639517296" lon="-72.6173951291"><ele>114.79</ele><time>2024-09-27T01:47:58Z</time></trkpt><trkpt lat="-39.3639118318" lon="-72.6173963863"><ele>115.05</ele><time>2024-09-27T01:47:59Z</time></trkpt><trkpt lat="-39.3638664857" lon="-72.6173935365"><ele>114.94</ele><time>2024-09-27T01:48:00Z</time></trkpt><trkpt lat="-39.3635111768" lon="-72.6173616853"><ele>114.56</ele><time>2024-09-27T01:48:09Z</time></trkpt><trkpt lat="-39.3635039683" lon="-72.6173360366"><ele>114.72</ele><time>2024-09-27T01:48:10Z</time></trkpt><trkpt lat="-39.3635058962" lon="-72.6173006650"><ele>114.81</ele><time>2024-09-27T01:48:11Z</time></trkpt><trkpt lat="-39.3635394238" lon="-72.6171419956"><ele>114.60</ele><time>2024-09-27T01:48:14Z</time></trkpt><trkpt lat="-39.3635566067" lon="-72.6170906983"><ele>114.67</ele><time>2024-09-27T01:48:15Z</time></trkpt><trkpt lat="-39.3635773938" lon="-72.6170453522"><ele>114.79</ele><time>2024-09-27T01:48:16Z</time></trkpt><trkpt lat="-39.3636012822" lon="-72.6170069631"><ele>114.75</ele><time>2024-09-27T01:48:17Z</time></trkpt><trkpt lat="-39.3636298645" lon="-72.6169771235"><ele>114.66</ele><time>2024-09-27T01:48:18Z</time></trkpt><trkpt lat="-39.3636638112" lon="-72.6169564202"><ele>114.68</ele><time>2024-09-27T01:48:19Z</time></trkpt><trkpt lat="-39.3637022842" lon="-72.6169455238"><ele>114.79</ele><time>2024-09-27T01:48:20Z</time></trkpt><trkpt lat="-39.3637462892" lon="-72.6169430930"><ele>114.79</ele><time>2024-09-27T01:48:21Z</time></trkpt><trkpt lat="-39.3637927249" lon="-72.6169460267"><ele>114.75</ele><time>2024-09-27T01:48:22Z</time></trkpt><trkpt lat="-39.3640454393" lon="-72.6170528121"><ele>114.98</ele><time>2024-09-27T01:48:29Z</time></trkpt><trkpt lat="-39.3640559167" lon="-72.6171081327"><ele>115.10</ele><time>2024-09-27T01:48:30Z</time></trkpt><trkpt lat="-39.3640586827" lon="-72.6171738468"><ele>115.13</ele><time>2024-09-27T01:48:31Z</time></trkpt><trkpt lat="-39.3640538212" lon="-72.6183834393"><ele>114.91</ele><time>2024-09-27T01:48:45Z</time></trkpt><trkpt lat="-39.3640204612" lon="-72.6201943494"><ele>114.42</ele><time>2024-09-27T01:49:02Z</time></trkpt><trkpt lat="-39.3639899511" lon="-72.6211729366"><ele>113.89</ele><time>2024-09-27T01:49:12Z</time></trkpt><trkpt lat="-39.3639789708" lon="-72.6212641317"><ele>113.75</ele><time>2024-09-27T01:49:13Z</time></trkpt><trkpt lat="-39.3639158551" lon="-72.6216211170"><ele>113.61</ele><time>2024-09-27T01:49:17Z</time></trkpt><trkpt lat="-39.3639092334" lon="-72.6217154972"><ele>113.40</ele><time>2024-09-27T01:49:18Z</time></trkpt><trkpt lat="-39.3638762087" lon="-72.6236973144"><ele>112.88</ele><time>2024-09-27T01:49:37Z</time></trkpt><trkpt lat="-39.3638502248" lon="-72.6245142985"><ele>113.94</ele><time>2024-09-27T01:49:46Z</time></trkpt><trkpt lat="-39.3638379872" lon="-72.6245605666"><ele>114.28</ele><time>2024-09-27T01:49:47Z</time></trkpt><trkpt lat="-39.3638228159" lon="-72.6246780809"><ele>114.57</ele><time>2024-09-27T01:49:50Z</time></trkpt><trkpt lat="-39.3638414238" lon="-72.6247257739"><ele>114.54</ele><time>2024-09-27T01:49:51Z</time></trkpt><trkpt lat="-39.3638679944" lon="-72.6247720420"><ele>114.68</ele><time>2024-09-27T01:49:52Z</time></trkpt><trkpt lat="-39.3641263247" lon="-72.6251544245"><ele>114.74</ele><time>2024-09-27T01:49:59Z</time></trkpt><trkpt lat="-39.3641650490" lon="-72.6251887064"><ele>114.64</ele><time>2024-09-27T01:50:00Z</time></trkpt><trkpt lat="-39.3642041087" lon="-72.6251987647"><ele>114.56</ele><time>2024-09-27T01:50:01Z</time></trkpt><trkpt lat="-39.3642395642" lon="-72.6251746248"><ele>114.40</ele><time>2024-09-27T01:50:02Z</time></trkpt><trkpt lat="-39.3642658833" lon="-72.6251276862"><ele>114.34</ele><time>2024-09-27T01:50:03Z</time></trkpt><trkpt lat="-39.3642771989" lon="-72.6250695158"><ele>114.14</ele><time>2024-09-27T01:50:04Z</time></trkpt><trkpt lat="-39.3642792944" lon="-72.6250018738"><ele>114.05</ele><time>2024-09-27T01:50:05Z</time></trkpt><trkpt lat="-39.3642802164" lon="-72.6249281969"><ele>113.93</ele><time>2024-09-27T01:50:06Z</time></trkpt><trkpt lat="-39.3643062003" lon="-72.6234206278"><ele>114.34</ele><time>2024-09-27T01:50:25Z</time></trkpt><trkpt lat="-39.3643362075" lon="-72.6219541300"><ele>114.13</ele><time>2024-09-27T01:50:44Z</time></trkpt><trkpt lat="-39.3643702380" lon="-72.6195724960"><ele>113.98</ele><time>2024-09-27T01:51:07Z</time></trkpt><trkpt lat="-39.3644015864" lon="-72.6176955365"><ele>113.90</ele><time>2024-09-27T01:51:24Z</time></trkpt><trkpt lat="-39.3644059449" lon="-72.6156296488"><ele>117.08</ele><time>2024-09-27T01:51:42Z</time></trkpt><trkpt lat="-39.3644348625" lon="-72.6145431027"><ele>120.15</ele><time>2024-09-27T01:51:53Z</time></trkpt><trkpt lat="-39.3644468486" lon="-72.6141968463"><ele>122.19</ele><time>2024-09-27T01:51:57Z</time></trkpt><trkpt lat="-39.3644626904" lon="-72.6137894858"><ele>122.94</ele><time>2024-09-27T01:52:01Z</time></trkpt><trkpt lat="-39.3645491078" lon="-72.6134003978"><ele>124.42</ele><time>2024-09-27T01:52:05Z</time></trkpt><trkpt lat="-39.3645698950" lon="-72.6128224656"><ele>128.05</ele><time>2024-09-27T01:52:11Z</time></trkpt><trkpt lat="-39.3645839766" lon="-72.6120261848"><ele>129.27</ele><time>2024-09-27T01:52:19Z</time></trkpt><trkpt lat="-39.3647293188" lon="-72.6117625739"><ele>129.86</ele><time>2024-09-27T01:52:24Z</time></trkpt><trkpt lat="-39.3653255235" lon="-72.6114188321"><ele>132.79</ele><time>2024-09-27T01:52:33Z</time></trkpt><trkpt lat="-39.3655260187" lon="-72.6115407888"><ele>133.74</ele><time>2024-09-27T01:52:39Z</time></trkpt><trkpt lat="-39.3655273598" lon="-72.6116799284"><ele>133.80</ele><time>2024-09-27T01:52:41Z</time></trkpt><trkpt lat="-39.3654160481" lon="-72.6118835248"><ele>133.76</ele><time>2024-09-27T01:52:47Z</time></trkpt><trkpt lat="-39.3648563046" lon="-72.6121935714"><ele>130.48</ele><time>2024-09-27T01:52:59Z</time></trkpt><trkpt lat="-39.3645868264" lon="-72.6123584434"><ele>128.48</ele><time>2024-09-27T01:53:07Z</time></trkpt><trkpt lat="-39.3645747565" lon="-72.6123939827"><ele>128.50</ele><time>2024-09-27T01:53:08Z</time></trkpt><trkpt lat="-39.3645714037" lon="-72.6127461903"><ele>127.99</ele><time>2024-09-27T01:53:14Z</time></trkpt><trkpt lat="-39.3646807037" lon="-72.6128062047"><ele>128.17</ele><time>2024-09-27T01:53:20Z</time></trkpt><trkpt lat="-39.3650910817" lon="-72.6125852577"><ele>131.14</ele><time>2024-09-27T01:53:35Z</time></trkpt><trkpt lat="-39.3654642440" lon="-72.6123866905"><ele>133.33</ele><time>2024-09-27T01:53:45Z</time></trkpt><trkpt lat="-39.3654917367" lon="-72.6124167815"><ele>133.28</ele><time>2024-09-27T01:53:48Z</time></trkpt><trkpt lat="-39.3654596340" lon="-72.6128347870"><ele>130.63</ele><time>2024-09-27T01:54:03Z</time></trkpt><trkpt lat="-39.3652448058" lon="-72.6129600964"><ele>129.96</ele><time>2024-09-27T01:54:14Z</time></trkpt><trkpt lat="-39.3648146465" lon="-72.6131926104"><ele>126.83</ele><time>2024-09-27T01:54:24Z</time></trkpt><trkpt lat="-39.3647262175" lon="-72.6132496074"><ele>126.21</ele><time>2024-09-27T01:54:26Z</time></trkpt><trkpt lat="-39.3645359483" lon="-72.6134399604"><ele>124.37</ele><time>2024-09-27T01:54:33Z</time></trkpt><trkpt lat="-39.3644476030" lon="-72.6137433853"><ele>122.77</ele><time>2024-09-27T01:54:38Z</time></trkpt><trkpt lat="-39.3646202702" lon="-72.6138269529"><ele>122.79</ele><time>2024-09-27T01:54:43Z</time></trkpt><trkpt lat="-39.3650074303" lon="-72.6136060897"><ele>126.41</ele><time>2024-09-27T01:54:49Z</time></trkpt><trkpt lat="-39.3653435446" lon="-72.6134181675"><ele>129.14</ele><time>2024-09-27T01:54:54Z</time></trkpt><trkpt lat="-39.3656713609" lon="-72.6132517867"><ele>130.60</ele><time>2024-09-27T01:54:59Z</time></trkpt><trkpt lat="-39.3658924755" lon="-72.6127702463"><ele>133.19</ele><time>2024-09-27T01:55:06Z</time></trkpt><trkpt lat="-39.3659049645" lon="-72.6118402742"><ele>131.61</ele><time>2024-09-27T01:55:19Z</time></trkpt><trkpt lat="-39.3659393303" lon="-72.6118037291"><ele>130.96</ele><time>2024-09-27T01:55:21Z</time></trkpt><trkpt lat="-39.3659669906" lon="-72.6118064951"><ele>130.78</ele><time>2024-09-27T01:55:22Z</time></trkpt><trkpt lat="-39.3659948185" lon="-72.6118261088"><ele>130.67</ele><time>2024-09-27T01:55:23Z</time></trkpt><trkpt lat="-39.3660279270" lon="-72.6118571218"><ele>130.23</ele><time>2024-09-27T01:55:24Z</time></trkpt><trkpt lat="-39.3664891832" lon="-72.6122943219"><ele>127.07</ele><time>2024-09-27T01:55:32Z</time></trkpt><trkpt lat="-39.3668143172" lon="-72.6125116646"><ele>124.67</ele><time>2024-09-27T01:55:37Z</time></trkpt><trkpt lat="-39.3670055922" lon="-72.6126254909"><ele>122.97</ele><time>2024-09-27T01:55:40Z</time></trkpt><trkpt lat="-39.3671223521" lon="-72.6126792189"><ele>122.13</ele><time>2024-09-27T01:55:42Z</time></trkpt><trkpt lat="-39.3671790976" lon="-72.6127154287"><ele>121.82</ele><time>2024-09-27T01:55:43Z</time></trkpt><trkpt lat="-39.3675809260" lon="-72.6129993238"><ele>118.64</ele><time>2024-09-27T01:55:50Z</time></trkpt><trkpt lat="-39.3679167051" lon="-72.6132616773"><ele>116.95</ele><time>2024-09-27T01:55:57Z</time></trkpt><trkpt lat="-39.3679477181" lon="-72.6133016590"><ele>116.70</ele><time>2024-09-27T01:55:58Z</time></trkpt><trkpt lat="-39.3679605424" lon="-72.6133431494"><ele>116.41</ele><time>2024-09-27T01:55:59Z</time></trkpt><trkpt lat="-39.3679565191" lon="-72.6133845560"><ele>116.25</ele><time>2024-09-27T01:56:00Z</time></trkpt><trkpt lat="-39.3679383304" lon="-72.6134260464"><ele>116.04</ele><time>2024-09-27T01:56:01Z</time></trkpt><trkpt lat="-39.3679114245" lon="-72.6134601608"><ele>116.05</ele><time>2024-09-27T01:56:02Z</time></trkpt><trkpt lat="-39.3678775616" lon="-72.6134923473"><ele>115.82</ele><time>2024-09-27T01:56:03Z</time></trkpt><trkpt lat="-39.3678377476" lon="-72.6135253720"><ele>115.59</ele><time>2024-09-27T01:56:04Z</time></trkpt><trkpt lat="-39.3677930720" lon="-72.6135566365"><ele>115.52</ele><time>2024-09-27T01:56:05Z</time></trkpt><trkpt lat="-39.3676491547" lon="-72.6137353387"><ele>114.39</ele><time>2024-09-27T01:56:11Z</time></trkpt><trkpt lat="-39.3676559441" lon="-72.6137631666"><ele>114.43</ele><time>2024-09-27T01:56:12Z</time></trkpt><trkpt lat="-39.3676660024" lon="-72.6137898210"><ele>114.45</ele><time>2024-09-27T01:56:13Z</time></trkpt><trkpt lat="-39.3679153640" lon="-72.6142658293"><ele>114.90</ele><time>2024-09-27T01:56:24Z</time></trkpt><trkpt lat="-39.3679674156" lon="-72.6144036278"><ele>114.91</ele><time>2024-09-27T01:56:29Z</time></trkpt><trkpt lat="-39.3679589499" lon="-72.6144343056"><ele>114.88</ele><time>2024-09-27T01:56:30Z</time></trkpt><trkpt lat="-39.3679395039" lon="-72.6144682523"><ele>114.95</ele><time>2024-09-27T01:56:31Z</time></trkpt><trkpt lat="-39.3679098319" lon="-72.6145032048"><ele>114.84</ele><time>2024-09-27T01:56:32Z</time></trkpt><trkpt lat="-39.3678724486" lon="-72.6145429350"><ele>115.04</ele><time>2024-09-27T01:56:33Z</time></trkpt><trkpt lat="-39.3677229155" lon="-72.6146531571"><ele>114.61</ele><time>2024-09-27T01:56:37Z</time></trkpt><trkpt lat="-39.3677003682" lon="-72.6146383211"><ele>114.72</ele><time>2024-09-27T01:56:38Z</time></trkpt><trkpt lat="-39.3676833529" lon="-72.6146125048"><ele>114.89</ele><time>2024-09-27T01:56:39Z</time></trkpt><trkpt lat="-39.3674892280" lon="-72.6142681763"><ele>114.69</ele><time>2024-09-27T01:56:49Z</time></trkpt><trkpt lat="-39.3674667645" lon="-72.6142159570"><ele>114.61</ele><time>2024-09-27T01:56:50Z</time></trkpt><trkpt lat="-39.3673431315" lon="-72.6140136179"><ele>114.45</ele><time>2024-09-27T01:56:55Z</time></trkpt><trkpt lat="-39.3673205841" lon="-72.6140054036"><ele>114.58</ele><time>2024-09-27T01:56:56Z</time></trkpt><trkpt lat="-39.3672977015" lon="-72.6140092593"><ele>114.63</ele><time>2024-09-27T01:56:57Z</time></trkpt><trkpt lat="-39.3672687002" lon="-72.6140261907"><ele>114.85</ele><time>2024-09-27T01:56:58Z</time></trkpt><trkpt lat="-39.3672314845" lon="-72.6140540186"><ele>114.99</ele><time>2024-09-27T01:56:59Z</time></trkpt><trkpt lat="-39.3671876471" lon="-72.6140955929"><ele>115.15</ele><time>2024-09-27T01:57:00Z</time></trkpt><trkpt lat="-39.3671396188" lon="-72.6141496561"><ele>115.07</ele><time>2024-09-27T01:57:01Z</time></trkpt><trkpt lat="-39.3669329211" lon="-72.6143593714"><ele>115.39</ele><time>2024-09-27T01:57:05Z</time></trkpt><trkpt lat="-39.3668765109" lon="-72.6143989339"><ele>115.52</ele><time>2024-09-27T01:57:06Z</time></trkpt><trkpt lat="-39.3665959686" lon="-72.6146280952"><ele>116.31</ele><time>2024-09-27T01:57:13Z</time></trkpt><trkpt lat="-39.3665955495" lon="-72.6146581862"><ele>116.31</ele><time>2024-09-27T01:57:14Z</time></trkpt><trkpt lat="-39.3666022550" lon="-72.6146855112"><ele>116.34</ele><time>2024-09-27T01:57:15Z</time></trkpt><trkpt lat="-39.3666123133" lon="-72.6147114951"><ele>116.44</ele><time>2024-09-27T01:57:16Z</time></trkpt><trkpt lat="-39.3666267302" lon="-72.6147409156"><ele>116.54</ele><time>2024-09-27T01:57:17Z</time></trkpt><trkpt lat="-39.3669419736" lon="-72.6152932830"><ele>114.43</ele><time>2024-09-27T01:57:31Z</time></trkpt><trkpt lat="-39.3669411354" lon="-72.6153392997"><ele>114.41</ele><time>2024-09-27T01:57:33Z</time></trkpt><trkpt lat="-39.3669266347" lon="-72.6153687201"><ele>114.46</ele><time>2024-09-27T01:57:34Z</time></trkpt><trkpt lat="-39.3668989744" lon="-72.6153997332"><ele>114.42</ele><time>2024-09-27T01:57:35Z</time></trkpt><trkpt lat="-39.3666672986" lon="-72.6156153157"><ele>114.12</ele><time>2024-09-27T01:57:41Z</time></trkpt><trkpt lat="-39.3666434940" lon="-72.6156081911"><ele>113.99</ele><time>2024-09-27T01:57:42Z</time></trkpt><trkpt lat="-39.3666247185" lon="-72.6155895833"><ele>114.28</ele><time>2024-09-27T01:57:43Z</time></trkpt><trkpt lat="-39.3666097987" lon="-72.6155641023"><ele>114.34</ele><time>2024-09-27T01:57:44Z</time></trkpt><trkpt lat="-39.3665910233" lon="-72.6155307423"><ele>114.57</ele><time>2024-09-27T01:57:45Z</time></trkpt><trkpt lat="-39.3663155101" lon="-72.6150176022"><ele>117.66</ele><time>2024-09-27T01:57:54Z</time></trkpt><trkpt lat="-39.3660698365" lon="-72.6145512331"><ele>120.80</ele><time>2024-09-27T01:58:03Z</time></trkpt><trkpt lat="-39.3659555074" lon="-72.6144153625"><ele>121.19</ele><time>2024-09-27T01:58:12Z</time></trkpt><trkpt lat="-39.3656718638" lon="-72.6139157172"><ele>124.46</ele><time>2024-09-27T01:58:22Z</time></trkpt><trkpt lat="-39.3655782379" lon="-72.6137783378"><ele>124.86</ele><time>2024-09-27T01:58:26Z</time></trkpt><trkpt lat="-39.3655527569" lon="-72.6137764938"><ele>125.06</ele><time>2024-09-27T01:58:27Z</time></trkpt><trkpt lat="-39.3655210733" lon="-72.6137897372"><ele>125.14</ele><time>2024-09-27T01:58:28Z</time></trkpt><trkpt lat="-39.3654811755" lon="-72.6138162240"><ele>125.15</ele><time>2024-09-27T01:58:29Z</time></trkpt><trkpt lat="-39.3654353265" lon="-72.6138536911"><ele>125.19</ele><time>2024-09-27T01:58:30Z</time></trkpt><trkpt lat="-39.3653885555" lon="-72.6138950139"><ele>125.07</ele><time>2024-09-27T01:58:31Z</time></trkpt><trkpt lat="-39.3653142080" lon="-72.6139809284"><ele>124.73</ele><time>2024-09-27T01:58:33Z</time></trkpt><trkpt lat="-39.3653029762" lon="-72.6140259393"><ele>124.40</ele><time>2024-09-27T01:58:34Z</time></trkpt><trkpt lat="-39.3653085921" lon="-72.6140645798"><ele>124.25</ele><time>2024-09-27T01:58:35Z</time></trkpt><trkpt lat="-39.3653225899" lon="-72.6140951738"><ele>124.40</ele><time>2024-09-27T01:58:36Z</time></trkpt><trkpt lat="-39.3653417006" lon="-72.6141248457"><ele>124.56</ele><time>2024-09-27T01:58:37Z</time></trkpt><trkpt lat="-39.3656646553" lon="-72.6146917138"><ele>121.49</ele><time>2024-09-27T01:58:48Z</time></trkpt><trkpt lat="-39.3657835945" lon="-72.6148440130"><ele>121.33</ele><time>2024-09-27T01:58:54Z</time></trkpt><trkpt lat="-39.3658104166" lon="-72.6148916222"><ele>121.11</ele><time>2024-09-27T01:58:55Z</time></trkpt><trkpt lat="-39.3660120014" lon="-72.6152406447"><ele>118.26</ele><time>2024-09-27T01:59:01Z</time></trkpt><trkpt lat="-39.3663244788" lon="-72.6157975383"><ele>115.12</ele><time>2024-09-27T01:59:10Z</time></trkpt><trkpt lat="-39.3663525581" lon="-72.6158858836"><ele>114.46</ele><time>2024-09-27T01:59:13Z</time></trkpt><trkpt lat="-39.3663436733" lon="-72.6159175672"><ele>114.46</ele><time>2024-09-27T01:59:14Z</time></trkpt><trkpt lat="-39.3663212936" lon="-72.6159500889"><ele>114.61</ele><time>2024-09-27T01:59:15Z</time></trkpt><trkpt lat="-39.3662873469" lon="-72.6159839518"><ele>114.45</ele><time>2024-09-27T01:59:16Z</time></trkpt><trkpt lat="-39.3662462756" lon="-72.6160237659"><ele>114.40</ele><time>2024-09-27T01:59:17Z</time></trkpt><trkpt lat="-39.3661076389" lon="-72.6161198225"><ele>114.16</ele><time>2024-09-27T01:59:21Z</time></trkpt><trkpt lat="-39.3660839181" lon="-72.6161050703"><ele>114.23</ele><time>2024-09-27T01:59:22Z</time></trkpt><trkpt lat="-39.3660640530" lon="-72.6160781644"><ele>114.59</ele><time>2024-09-27T01:59:23Z</time></trkpt><trkpt lat="-39.3660439365" lon="-72.6160434633"><ele>114.94</ele><time>2024-09-27T01:59:24Z</time></trkpt><trkpt lat="-39.3660208862" lon="-72.6160003804"><ele>115.13</ele><time>2024-09-27T01:59:25Z</time></trkpt><trkpt lat="-39.3659444433" lon="-72.6158504281"><ele>115.63</ele><time>2024-09-27T01:59:28Z</time></trkpt><trkpt lat="-39.3659071438" lon="-72.6158108655"><ele>115.73</ele><time>2024-09-27T01:59:29Z</time></trkpt><trkpt lat="-39.3658633064" lon="-72.6158058364"><ele>115.70</ele><time>2024-09-27T01:59:30Z</time></trkpt><trkpt lat="-39.3658214808" lon="-72.6158272941"><ele>115.68</ele><time>2024-09-27T01:59:31Z</time></trkpt><trkpt lat="-39.3657816667" lon="-72.6158625819"><ele>115.78</ele><time>2024-09-27T01:59:32Z</time></trkpt><trkpt lat="-39.3657380808" lon="-72.6159027312"><ele>115.89</ele><time>2024-09-27T01:59:33Z</time></trkpt><trkpt lat="-39.3656078260" lon="-72.6160255261"><ele>115.60</ele><time>2024-09-27T01:59:36Z</time></trkpt><trkpt lat="-39.3655901402" lon="-72.6160712913"><ele>115.23</ele><time>2024-09-27T01:59:37Z</time></trkpt><trkpt lat="-39.3655931577" lon="-72.6161220856"><ele>115.32</ele><time>2024-09-27T01:59:38Z</time></trkpt><trkpt lat="-39.3656137772" lon="-72.6161681861"><ele>115.03</ele><time>2024-09-27T01:59:39Z</time></trkpt><trkpt lat="-39.3656390905" lon="-72.6162083354"><ele>115.09</ele><time>2024-09-27T01:59:40Z</time></trkpt><trkpt lat="-39.3657413498" lon="-72.6164168771"><ele>114.43</ele><time>2024-09-27T01:59:45Z</time></trkpt><trkpt lat="-39.3657320458" lon="-72.6164536737"><ele>114.19</ele><time>2024-09-27T01:59:46Z</time></trkpt><trkpt lat="-39.3657088280" lon="-72.6164884586"><ele>114.43</ele><time>2024-09-27T01:59:47Z</time></trkpt><trkpt lat="-39.3656773958" lon="-72.6165225729"><ele>114.37</ele><time>2024-09-27T01:59:48Z</time></trkpt><trkpt lat="-39.3656413537" lon="-72.6165603753"><ele>114.25</ele><time>2024-09-27T01:59:49Z</time></trkpt><trkpt lat="-39.3655629829" lon="-72.6166402549"><ele>114.10</ele><time>2024-09-27T01:59:51Z</time></trkpt><trkpt lat="-39.3655245099" lon="-72.6166590303"><ele>113.97</ele><time>2024-09-27T01:59:52Z</time></trkpt><trkpt lat="-39.3654920720" lon="-72.6166547555"><ele>114.05</ele><time>2024-09-27T01:59:53Z</time></trkpt><trkpt lat="-39.3654639926" lon="-72.6166332979"><ele>114.18</ele><time>2024-09-27T01:59:54Z</time></trkpt><trkpt lat="-39.3654442951" lon="-72.6165965851"><ele>114.35</ele><time>2024-09-27T01:59:55Z</time></trkpt><trkpt lat="-39.3654240109" lon="-72.6165521611"><ele>114.57</ele><time>2024-09-27T01:59:56Z</time></trkpt><trkpt lat="-39.3651063368" lon="-72.6159799285"><ele>115.71</ele><time>2024-09-27T02:00:07Z</time></trkpt><trkpt lat="-39.3651018105" lon="-72.6159395278"><ele>115.59</ele><time>2024-09-27T02:00:08Z</time></trkpt><trkpt lat="-39.3651127908" lon="-72.6159063354"><ele>115.71</ele><time>2024-09-27T02:00:09Z</time></trkpt><trkpt lat="-39.3651350867" lon="-72.6158751547"><ele>115.88</ele><time>2024-09-27T02:00:10Z</time></trkpt><trkpt lat="-39.3651629984" lon="-72.6158466563"><ele>115.91</ele><time>2024-09-27T02:00:11Z</time></trkpt><trkpt lat="-39.3651954364" lon="-72.6158193313"><ele>115.97</ele><time>2024-09-27T02:00:12Z</time></trkpt><trkpt lat="-39.3657189701" lon="-72.6153294928"><ele>117.03</ele><time>2024-09-27T02:00:26Z</time></trkpt><trkpt lat="-39.3659343012" lon="-72.6151132397"><ele>118.47</ele><time>2024-09-27T02:00:33Z</time></trkpt><trkpt lat="-39.3659334630" lon="-72.6150806341"><ele>118.83</ele><time>2024-09-27T02:00:34Z</time></trkpt><trkpt lat="-39.3659194652" lon="-72.6150435023"><ele>119.13</ele><time>2024-09-27T02:00:35Z</time></trkpt><trkpt lat="-39.3657651544" lon="-72.6147739403"><ele>121.76</ele><time>2024-09-27T02:00:42Z</time></trkpt><trkpt lat="-39.3657356501" lon="-72.6147655584"><ele>121.89</ele><time>2024-09-27T02:00:43Z</time></trkpt><trkpt lat="-39.3657001946" lon="-72.6147739403"><ele>121.92</ele><time>2024-09-27T02:00:44Z</time></trkpt><trkpt lat="-39.3656618893" lon="-72.6148043666"><ele>121.96</ele><time>2024-09-27T02:00:45Z</time></trkpt><trkpt lat="-39.3656227458" lon="-72.6148506347"><ele>121.96</ele><time>2024-09-27T02:00:46Z</time></trkpt><trkpt lat="-39.3655837700" lon="-72.6149021834"><ele>121.96</ele><time>2024-09-27T02:00:47Z</time></trkpt><trkpt lat="-39.3655463029" lon="-72.6149538159"><ele>122.02</ele><time>2024-09-27T02:00:48Z</time></trkpt><trkpt lat="-39.3655068241" lon="-72.6149890199"><ele>121.79</ele><time>2024-09-27T02:00:49Z</time></trkpt><trkpt lat="-39.3654680159" lon="-72.6149987429"><ele>121.84</ele><time>2024-09-27T02:00:50Z</time></trkpt><trkpt lat="-39.3654309679" lon="-72.6149866730"><ele>121.88</ele><time>2024-09-27T02:00:51Z</time></trkpt><trkpt lat="-39.3654008768" lon="-72.6149561629"><ele>122.13</ele><time>2024-09-27T02:00:52Z</time></trkpt><trkpt lat="-39.3653727975" lon="-72.6149123255"><ele>122.03</ele><time>2024-09-27T02:00:53Z</time></trkpt><trkpt lat="-39.3650204223" lon="-72.6143137738"><ele>123.91</ele><time>2024-09-27T02:01:04Z</time></trkpt><trkpt lat="-39.3649977073" lon="-72.6143031288"><ele>123.90</ele><time>2024-09-27T02:01:05Z</time></trkpt><trkpt lat="-39.3649656046" lon="-72.6143120136"><ele>123.81</ele><time>2024-09-27T02:01:06Z</time></trkpt><trkpt lat="-39.3649299815" lon="-72.6143286098"><ele>123.85</ele><time>2024-09-27T02:01:07Z</time></trkpt><trkpt lat="-39.3648907542" lon="-72.6143558510"><ele>123.70</ele><time>2024-09-27T02:01:08Z</time></trkpt><trkpt lat="-39.3648484256" lon="-72.6143894624"><ele>123.30</ele><time>2024-09-27T02:01:09Z</time></trkpt><trkpt lat="-39.3644642830" lon="-72.6147208828"><ele>120.11</ele><time>2024-09-27T02:01:17Z</time></trkpt><trkpt lat="-39.3644375447" lon="-72.6147524826"><ele>119.83</ele><time>2024-09-27T02:01:18Z</time></trkpt><trkpt lat="-39.3644187693" lon="-72.6147970743"><ele>119.52</ele><time>2024-09-27T02:01:19Z</time></trkpt><trkpt lat="-39.3644072860" lon="-72.6148534846"><ele>119.49</ele><time>2024-09-27T02:01:20Z</time></trkpt><trkpt lat="-39.3643994909" lon="-72.6149177738"><ele>119.37</ele><time>2024-09-27T02:01:21Z</time></trkpt><trkpt lat="-39.3643855769" lon="-72.6152752619"><ele>117.64</ele><time>2024-09-27T02:01:26Z</time></trkpt><trkpt lat="-39.3643989880" lon="-72.6153198536"><ele>117.40</ele><time>2024-09-27T02:01:27Z</time></trkpt><trkpt lat="-39.3644248042" lon="-72.6153455861"><ele>117.14</ele><time>2024-09-27T02:01:28Z</time></trkpt><trkpt lat="-39.3644568231" lon="-72.6153515372"><ele>117.15</ele><time>2024-09-27T02:01:29Z</time></trkpt><trkpt lat="-39.3644893449" lon="-72.6153371204"><ele>117.29</ele><time>2024-09-27T02:01:30Z</time></trkpt><trkpt lat="-39.3645230401" lon="-72.6153104659"><ele>117.59</ele><time>2024-09-27T02:01:31Z</time></trkpt><trkpt lat="-39.3645615131" lon="-72.6152757648"><ele>117.74</ele><time>2024-09-27T02:01:32Z</time></trkpt><trkpt lat="-39.3646041770" lon="-72.6152339391"><ele>118.17</ele><time>2024-09-27T02:01:33Z</time></trkpt><trkpt lat="-39.3648532871" lon="-72.6149839070"><ele>119.97</ele><time>2024-09-27T02:01:39Z</time></trkpt><trkpt lat="-39.3648872338" lon="-72.6149573363"><ele>120.34</ele><time>2024-09-27T02:01:40Z</time></trkpt><trkpt lat="-39.3649210967" lon="-72.6149487030"><ele>120.54</ele><time>2024-09-27T02:01:41Z</time></trkpt><trkpt lat="-39.3649506010" lon="-72.6149606053"><ele>120.85</ele><time>2024-09-27T02:01:42Z</time></trkpt><trkpt lat="-39.3649752438" lon="-72.6149902772"><ele>121.02</ele><time>2024-09-27T02:01:43Z</time></trkpt><trkpt lat="-39.3649981264" lon="-72.6150343660"><ele>120.94</ele><time>2024-09-27T02:01:44Z</time></trkpt><trkpt lat="-39.3650267087" lon="-72.6150854118"><ele>120.80</ele><time>2024-09-27T02:01:45Z</time></trkpt><trkpt lat="-39.3650560454" lon="-72.6151341107"><ele>120.36</ele><time>2024-09-27T02:01:46Z</time></trkpt><trkpt lat="-39.3651006371" lon="-72.6152188517"><ele>119.53</ele><time>2024-09-27T02:01:48Z</time></trkpt><trkpt lat="-39.3651141319" lon="-72.6152773574"><ele>118.98</ele><time>2024-09-27T02:01:50Z</time></trkpt><trkpt lat="-39.3651054148" lon="-72.6153087057"><ele>118.94</ele><time>2024-09-27T02:01:51Z</time></trkpt><trkpt lat="-39.3650847953" lon="-72.6153408084"><ele>118.81</ele><time>2024-09-27T02:01:52Z</time></trkpt><trkpt lat="-39.3650511000" lon="-72.6153725758"><ele>118.67</ele><time>2024-09-27T02:01:53Z</time></trkpt><trkpt lat="-39.3650087714" lon="-72.6154088695"><ele>118.52</ele><time>2024-09-27T02:01:54Z</time></trkpt><trkpt lat="-39.3645887543" lon="-72.6158976182"><ele>116.48</ele><time>2024-09-27T02:02:05Z</time></trkpt><trkpt lat="-39.3646026682" lon="-72.6159526035"><ele>116.46</ele><time>2024-09-27T02:02:06Z</time></trkpt><trkpt lat="-39.3646268919" lon="-72.6160049904"><ele>116.61</ele><time>2024-09-27T02:02:07Z</time></trkpt><trkpt lat="-39.3650814425" lon="-72.6168294344"><ele>114.33</ele><time>2024-09-27T02:02:18Z</time></trkpt><trkpt lat="-39.3651536945" lon="-72.6169855893"><ele>113.70</ele><time>2024-09-27T02:02:22Z</time></trkpt><trkpt lat="-39.3651463185" lon="-72.6170170214"><ele>113.93</ele><time>2024-09-27T02:02:23Z</time></trkpt><trkpt lat="-39.3651253637" lon="-72.6170497946"><ele>113.93</ele><time>2024-09-27T02:02:24Z</time></trkpt><trkpt lat="-39.3650929257" lon="-72.6170861721"><ele>113.91</ele><time>2024-09-27T02:02:25Z</time></trkpt><trkpt lat="-39.3650494236" lon="-72.6171264891"><ele>113.97</ele><time>2024-09-27T02:02:26Z</time></trkpt><trkpt lat="-39.3649990484" lon="-72.6171738468"><ele>113.98</ele><time>2024-09-27T02:02:27Z</time></trkpt><trkpt lat="-39.3644787837" lon="-72.6176331751"><ele>113.37</ele><time>2024-09-27T02:02:38Z</time></trkpt><trkpt lat="-39.3643838167" lon="-72.6177283097"><ele>113.25</ele><time>2024-09-27T02:02:43Z</time></trkpt><trkpt lat="-39.3643752672" lon="-72.6177879889"><ele>113.44</ele><time>2024-09-27T02:02:44Z</time></trkpt><trkpt lat="-39.3643526360" lon="-72.6185883768"><ele>113.61</ele><time>2024-09-27T02:02:53Z</time></trkpt><trkpt lat="-39.3643533904" lon="-72.6186555158"><ele>113.50</ele><time>2024-09-27T02:02:54Z</time></trkpt><trkpt lat="-39.3643633649" lon="-72.6187065616"><ele>113.29</ele><time>2024-09-27T02:02:55Z</time></trkpt><trkpt lat="-39.3643864151" lon="-72.6187411789"><ele>113.34</ele><time>2024-09-27T02:02:56Z</time></trkpt><trkpt lat="-39.3644165900" lon="-72.6187571883"><ele>113.56</ele><time>2024-09-27T02:02:57Z</time></trkpt><trkpt lat="-39.3644473515" lon="-72.6187554281"><ele>113.36</ele><time>2024-09-27T02:02:58Z</time></trkpt><trkpt lat="-39.3644750118" lon="-72.6187372394"><ele>113.51</ele><time>2024-09-27T02:02:59Z</time></trkpt><trkpt lat="-39.3645004090" lon="-72.6187096629"><ele>113.54</ele><time>2024-09-27T02:03:00Z</time></trkpt><trkpt lat="-39.3645269796" lon="-72.6186786499"><ele>113.64</ele><time>2024-09-27T02:03:01Z</time></trkpt><trkpt lat="-39.3650265411" lon="-72.6182030607"><ele>113.97</ele><time>2024-09-27T02:03:17Z</time></trkpt><trkpt lat="-39.3655493204" lon="-72.6177088637"><ele>113.55</ele><time>2024-09-27T02:03:33Z</time></trkpt><trkpt lat="-39.3658948224" lon="-72.6173965540"><ele>113.81</ele><time>2024-09-27T02:03:44Z</time></trkpt><trkpt lat="-39.3662228063" lon="-72.6171233039"><ele>112.60</ele><time>2024-09-27T02:03:54Z</time></trkpt><trkpt lat="-39.3663600180" lon="-72.6170138363"><ele>113.84</ele><time>2024-09-27T02:03:59Z</time></trkpt><trkpt lat="-39.3665637821" lon="-72.6168620400"><ele>114.00</ele><time>2024-09-27T02:04:10Z</time></trkpt><trkpt lat="-39.3665968068" lon="-72.6168347150"><ele>114.10</ele><time>2024-09-27T02:04:11Z</time></trkpt><trkpt lat="-39.3666313402" lon="-72.6167999301"><ele>114.17</ele><time>2024-09-27T02:04:12Z</time></trkpt><trkpt lat="-39.3670799397" lon="-72.6163789909"><ele>114.36</ele><time>2024-09-27T02:04:23Z</time></trkpt><trkpt lat="-39.3671157304" lon="-72.6163459662"><ele>114.17</ele><time>2024-09-27T02:04:24Z</time></trkpt><trkpt lat="-39.3677493185" lon="-72.6157220174"><ele>114.83</ele><time>2024-09-27T02:04:39Z</time></trkpt><trkpt lat="-39.3679529987" lon="-72.6154884975"><ele>114.31</ele><time>2024-09-27T02:04:48Z</time></trkpt><trkpt lat="-39.3679331336" lon="-72.6154481806"><ele>114.30</ele><time>2024-09-27T02:04:49Z</time></trkpt><trkpt lat="-39.3678936549" lon="-72.6153916866"><ele>114.30</ele><time>2024-09-27T02:04:50Z</time></trkpt><trkpt lat="-39.3678610492" lon="-72.6153362822"><ele>114.43</ele><time>2024-09-27T02:04:51Z</time></trkpt><trkpt lat="-39.3678281084" lon="-72.6152762678"><ele>114.43</ele><time>2024-09-27T02:04:52Z</time></trkpt><trkpt lat="-39.3676807545" lon="-72.6146020275"><ele>114.45</ele><time>2024-09-27T02:05:04Z</time></trkpt><trkpt lat="-39.3677235860" lon="-72.6144589484"><ele>114.69</ele><time>2024-09-27T02:05:06Z</time></trkpt><trkpt lat="-39.3677561916" lon="-72.6143742073"><ele>114.80</ele><time>2024-09-27T02:05:07Z</time></trkpt><trkpt lat="-39.3681581877" lon="-72.6136607397"><ele>115.17</ele><time>2024-09-27T02:05:20Z</time></trkpt><trkpt lat="-39.3688412290" lon="-72.6133153215"><ele>114.98</ele><time>2024-09-27T02:05:32Z</time></trkpt><trkpt lat="-39.3691159040" lon="-72.6131862402"><ele>114.48</ele><time>2024-09-27T02:05:36Z</time></trkpt><trkpt lat="-39.3691603281" lon="-72.6131264772"><ele>114.54</ele><time>2024-09-27T02:05:37Z</time></trkpt><trkpt lat="-39.3691707216" lon="-72.6130791195"><ele>114.59</ele><time>2024-09-27T02:05:38Z</time></trkpt><trkpt lat="-39.3690867350" lon="-72.6130532194"><ele>114.59</ele><time>2024-09-27T02:05:39Z</time></trkpt><trkpt lat="-39.3690195121" lon="-72.6130274031"><ele>114.44</ele><time>2024-09-27T02:05:40Z</time></trkpt><trkpt lat="-39.3689940311" lon="-72.6129980665"><ele>114.50</ele><time>2024-09-27T02:05:41Z</time></trkpt><trkpt lat="-39.3689578213" lon="-72.6129811350"><ele>114.32</ele><time>2024-09-27T02:05:42Z</time></trkpt><trkpt lat="-39.3689305801" lon="-72.6129521336"><ele>114.28</ele><time>2024-09-27T02:05:43Z</time></trkpt><trkpt lat="-39.3689144868" lon="-72.6129201986"><ele>114.20</ele><time>2024-09-27T02:05:44Z</time></trkpt><trkpt lat="-39.3688360322" lon="-72.6129297540"><ele>114.27</ele><time>2024-09-27T02:05:48Z</time></trkpt><trkpt lat="-39.3688078690" lon="-72.6129478589"><ele>114.35</ele><time>2024-09-27T02:05:49Z</time></trkpt><trkpt lat="-39.3687892612" lon="-72.6129725017"><ele>114.43</ele><time>2024-09-27T02:05:50Z</time></trkpt><trkpt lat="-39.3687688094" lon="-72.6129976474"><ele>114.47</ele><time>2024-09-27T02:05:51Z</time></trkpt><trkpt lat="-39.3687460944" lon="-72.6130291633"><ele>114.62</ele><time>2024-09-27T02:05:52Z</time></trkpt><trkpt lat="-39.3687227927" lon="-72.6130579133"><ele>114.67</ele><time>2024-09-27T02:05:53Z</time></trkpt><trkpt lat="-39.3683795538" lon="-72.6135137212"><ele>114.97</ele><time>2024-09-27T02:06:05Z</time></trkpt><trkpt lat="-39.3682008516" lon="-72.6135640126"><ele>115.34</ele><time>2024-09-27T02:06:14Z</time></trkpt><trkpt lat="-39.3681992590" lon="-72.6134558860"><ele>115.15</ele><time>2024-09-27T02:06:18Z</time></trkpt><trkpt lat="-39.3684675638" lon="-72.6126872655"><ele>114.24</ele><time>2024-09-27T02:06:32Z</time></trkpt><trkpt lat="-39.3686876725" lon="-72.6125577651"><ele>114.02</ele><time>2024-09-27T02:06:35Z</time></trkpt><trkpt lat="-39.3687465135" lon="-72.6125358883"><ele>114.01</ele><time>2024-09-27T02:06:36Z</time></trkpt><trkpt lat="-39.3688267283" lon="-72.6121995226"><ele>113.76</ele><time>2024-09-27T02:06:45Z</time></trkpt><trkpt lat="-39.3687890097" lon="-72.6120100077"><ele>113.37</ele><time>2024-09-27T02:06:50Z</time></trkpt><trkpt lat="-39.3687661272" lon="-72.6119888015"><ele>113.30</ele><time>2024-09-27T02:06:51Z</time></trkpt><trkpt lat="-39.3687437475" lon="-72.6119788270"><ele>113.29</ele><time>2024-09-27T02:06:52Z</time></trkpt><trkpt lat="-39.3687470164" lon="-72.6119713672"><ele>113.16</ele><time>2024-09-27T02:06:53Z</time></trkpt><trkpt lat="-39.3687603436" lon="-72.6119645778"><ele>113.23</ele><time>2024-09-27T02:06:54Z</time></trkpt><trkpt lat="-39.3687522132" lon="-72.6119861193"><ele>113.02</ele><time>2024-09-27T02:06:59Z</time></trkpt><trkpt lat="-39.3687313423" lon="-72.6120295376"><ele>113.63</ele><time>2024-09-27T02:07:00Z</time></trkpt><trkpt lat="-39.3686928693" lon="-72.6120667532"><ele>113.72</ele><time>2024-09-27T02:07:01Z</time></trkpt><trkpt lat="-39.3686551508" lon="-72.6121084113"><ele>113.79</ele><time>2024-09-27T02:07:02Z</time></trkpt><trkpt lat="-39.3686152529" lon="-72.6121505722"><ele>112.71</ele><time>2024-09-27T02:07:03Z</time></trkpt><trkpt lat="-39.3685735948" lon="-72.6121935714"><ele>114.95</ele><time>2024-09-27T02:07:04Z</time></trkpt><trkpt lat="-39.3681137636" lon="-72.6127515547"><ele>113.84</ele><time>2024-09-27T02:07:18Z</time></trkpt><trkpt lat="-39.3678229954" lon="-72.6130688936"><ele>115.63</ele><time>2024-09-27T02:07:30Z</time></trkpt><trkpt lat="-39.3677690160" lon="-72.6131066121"><ele>115.91</ele><time>2024-09-27T02:07:33Z</time></trkpt><trkpt lat="-39.3677487317" lon="-72.6131010801"><ele>116.10</ele><time>2024-09-27T02:07:34Z</time></trkpt><trkpt lat="-39.3677230831" lon="-72.6130835619"><ele>116.17</ele><time>2024-09-27T02:07:35Z</time></trkpt><trkpt lat="-39.3672908284" lon="-72.6127738506"><ele>119.09</ele><time>2024-09-27T02:07:44Z</time></trkpt><trkpt lat="-39.3670536205" lon="-72.6126749441"><ele>120.48</ele><time>2024-09-27T02:07:50Z</time></trkpt><trkpt lat="-39.3670326658" lon="-72.6126912050"><ele>120.68</ele><time>2024-09-27T02:07:51Z</time></trkpt><trkpt lat="-39.3668117188" lon="-72.6130297501"><ele>119.89</ele><time>2024-09-27T02:08:03Z</time></trkpt><trkpt lat="-39.3668167479" lon="-72.6130569912"><ele>119.83</ele><time>2024-09-27T02:08:04Z</time></trkpt><trkpt lat="-39.3668319192" lon="-72.6130797062"><ele>119.82</ele><time>2024-09-27T02:08:05Z</time></trkpt><trkpt lat="-39.3668542150" lon="-72.6130968053"><ele>119.73</ele><time>2024-09-27T02:08:06Z</time></trkpt><trkpt lat="-39.3670842145" lon="-72.6132572349"><ele>117.16</ele><time>2024-09-27T02:08:13Z</time></trkpt><trkpt lat="-39.3675030582" lon="-72.6135605760"><ele>114.24</ele><time>2024-09-27T02:08:22Z</time></trkpt><trkpt lat="-39.3675334845" lon="-72.6136022341"><ele>113.95</ele><time>2024-09-27T02:08:23Z</time></trkpt><trkpt lat="-39.3675543554" lon="-72.6136386953"><ele>113.70</ele><time>2024-09-27T02:08:24Z</time></trkpt><trkpt lat="-39.3675653357" lon="-72.6136638410"><ele>113.55</ele><time>2024-09-27T02:08:25Z</time></trkpt><trkpt lat="-39.3675736338" lon="-72.6136912499"><ele>113.43</ele><time>2024-09-27T02:08:27Z</time></trkpt><trkpt lat="-39.3675730471" lon="-72.6137047447"><ele>113.33</ele><time>2024-09-27T02:08:28Z</time></trkpt><trkpt lat="-39.3675670121" lon="-72.6137181558"><ele>113.38</ele><time>2024-09-27T02:08:29Z</time></trkpt><trkpt lat="-39.3675550260" lon="-72.6137360930"><ele>113.55</ele><time>2024-09-27T02:08:30Z</time></trkpt><trkpt lat="-39.3675344903" lon="-72.6137585565"><ele>113.55</ele><time>2024-09-27T02:08:31Z</time></trkpt><trkpt lat="-39.3675100990" lon="-72.6137831993"><ele>113.53</ele><time>2024-09-27T02:08:32Z</time></trkpt><trkpt lat="-39.3673389405" lon="-72.6139258593"><ele>113.57</ele><time>2024-09-27T02:08:38Z</time></trkpt><trkpt lat="-39.3673150521" lon="-72.6139192376"><ele>113.46</ele><time>2024-09-27T02:08:39Z</time></trkpt><trkpt lat="-39.3672951870" lon="-72.6139073353"><ele>113.59</ele><time>2024-09-27T02:08:40Z</time></trkpt><trkpt lat="-39.3672779202" lon="-72.6138901524"><ele>113.66</ele><time>2024-09-27T02:08:41Z</time></trkpt><trkpt lat="-39.3672549538" lon="-72.6138668507"><ele>113.86</ele><time>2024-09-27T02:08:42Z</time></trkpt><trkpt lat="-39.3669035006" lon="-72.6136159804"><ele>117.39</ele><time>2024-09-27T02:08:51Z</time></trkpt><trkpt lat="-39.3666931149" lon="-72.6134696323"><ele>120.41</ele><time>2024-09-27T02:08:56Z</time></trkpt><trkpt lat="-39.3666718248" lon="-72.6134500187"><ele>120.69</ele><time>2024-09-27T02:08:57Z</time></trkpt><trkpt lat="-39.3666615989" lon="-72.6134309079"><ele>121.08</ele><time>2024-09-27T02:08:58Z</time></trkpt><trkpt lat="-39.3666605093" lon="-72.6134116296"><ele>121.35</ele><time>2024-09-27T02:08:59Z</time></trkpt><trkpt lat="-39.3666630238" lon="-72.6133956201"><ele>121.47</ele><time>2024-09-27T02:09:00Z</time></trkpt><trkpt lat="-39.3666693103" lon="-72.6133745816"><ele>121.47</ele><time>2024-09-27T02:09:01Z</time></trkpt><trkpt lat="-39.3666781951" lon="-72.6133504417"><ele>121.43</ele><time>2024-09-27T02:09:02Z</time></trkpt><trkpt lat="-39.3666890915" lon="-72.6133209374"><ele>121.40</ele><time>2024-09-27T02:09:03Z</time></trkpt><trkpt lat="-39.3668675423" lon="-72.6128904428"><ele>119.73</ele><time>2024-09-27T02:09:17Z</time></trkpt><trkpt lat="-39.3670792691" lon="-72.6126936357"><ele>120.48</ele><time>2024-09-27T02:09:28Z</time></trkpt><trkpt lat="-39.3671195861" lon="-72.6127112377"><ele>120.53</ele><time>2024-09-27T02:09:29Z</time></trkpt><trkpt lat="-39.3671697099" lon="-72.6127464417"><ele>120.43</ele><time>2024-09-27T02:09:30Z</time></trkpt><trkpt lat="-39.3677162938" lon="-72.6131634414"><ele>117.26</ele><time>2024-09-27T02:09:38Z</time></trkpt><trkpt lat="-39.3685088865" lon="-72.6139862929"><ele>114.81</ele><time>2024-09-27T02:09:49Z</time></trkpt><trkpt lat="-39.3685465213" lon="-72.6140304655"><ele>114.66</ele><time>2024-09-27T02:09:53Z</time></trkpt><trkpt lat="-39.3685641233" lon="-72.6140467264"><ele>114.75</ele><time>2024-09-27T02:09:54Z</time></trkpt><trkpt lat="-39.3686207011" lon="-72.6141064893"><ele>114.76</ele><time>2024-09-27T02:09:56Z</time></trkpt><trkpt lat="-39.3686557375" lon="-72.6141554397"><ele>114.94</ele><time>2024-09-27T02:09:57Z</time></trkpt><trkpt lat="-39.3690418079" lon="-72.6148479525"><ele>115.03</ele><time>2024-09-27T02:10:07Z</time></trkpt><trkpt lat="-39.3691818696" lon="-72.6151321828"><ele>115.11</ele><time>2024-09-27T02:10:10Z</time></trkpt><trkpt lat="-39.3692146428" lon="-72.6152391359"><ele>115.09</ele><time>2024-09-27T02:10:11Z</time></trkpt><trkpt lat="-39.3692368548" lon="-72.6153503638"><ele>115.28</ele><time>2024-09-27T02:10:12Z</time></trkpt><trkpt lat="-39.3692839611" lon="-72.6157046668"><ele>114.41</ele><time>2024-09-27T02:10:18Z</time></trkpt><trkpt lat="-39.3692801055" lon="-72.6157262083"><ele>114.46</ele><time>2024-09-27T02:10:47Z</time></trkpt><trkpt lat="-39.3692853022" lon="-72.6157502644"><ele>114.59</ele><time>2024-09-27T02:10:48Z</time></trkpt><trkpt lat="-39.3692924269" lon="-72.6157875638"><ele>114.59</ele><time>2024-09-27T02:10:49Z</time></trkpt><trkpt lat="-39.3692924269" lon="-72.6158308983"><ele>114.64</ele><time>2024-09-27T02:10:50Z</time></trkpt><trkpt lat="-39.3692782614" lon="-72.6158718020"><ele>114.70</ele><time>2024-09-27T02:10:51Z</time></trkpt><trkpt lat="-39.3692478351" lon="-72.6159100235"><ele>114.87</ele><time>2024-09-27T02:10:52Z</time></trkpt><trkpt lat="-39.3692045007" lon="-72.6159477420"><ele>115.09</ele><time>2024-09-27T02:10:53Z</time></trkpt><trkpt lat="-39.3691508565" lon="-72.6159944292"><ele>115.28</ele><time>2024-09-27T02:10:54Z</time></trkpt><trkpt lat="-39.3688199390" lon="-72.6162645780"><ele>114.48</ele><time>2024-09-27T02:11:00Z</time></trkpt><trkpt lat="-39.3687647860" lon="-72.6162729599"><ele>114.32</ele><time>2024-09-27T02:11:01Z</time></trkpt><trkpt lat="-39.3687096331" lon="-72.6162570342"><ele>114.27</ele><time>2024-09-27T02:11:02Z</time></trkpt><trkpt lat="-39.3686570786" lon="-72.6162217464"><ele>114.32</ele><time>2024-09-27T02:11:03Z</time></trkpt><trkpt lat="-39.3686004169" lon="-72.6161773223"><ele>114.31</ele><time>2024-09-27T02:11:04Z</time></trkpt><trkpt lat="-39.3683199584" lon="-72.6159875561"><ele>114.04</ele><time>2024-09-27T02:11:09Z</time></trkpt><trkpt lat="-39.3682585191" lon="-72.6159862150"><ele>113.95</ele><time>2024-09-27T02:11:10Z</time></trkpt><trkpt lat="-39.3681964930" lon="-72.6160060801"><ele>113.90</ele><time>2024-09-27T02:11:11Z</time></trkpt><trkpt lat="-39.3681370653" lon="-72.6160477381"><ele>114.11</ele><time>2024-09-27T02:11:12Z</time></trkpt><trkpt lat="-39.3680798169" lon="-72.6161028072"><ele>114.23</ele><time>2024-09-27T02:11:13Z</time></trkpt><trkpt lat="-39.3671583105" lon="-72.6169128343"><ele>114.07</ele><time>2024-09-27T02:11:26Z</time></trkpt><trkpt lat="-39.3659636378" lon="-72.6179403719"><ele>112.89</ele><time>2024-09-27T02:11:44Z</time></trkpt><trkpt lat="-39.3658182956" lon="-72.6180811040"><ele>112.10</ele><time>2024-09-27T02:11:49Z</time></trkpt><trkpt lat="-39.3658193853" lon="-72.6181216724"><ele>112.28</ele><time>2024-09-27T02:11:50Z</time></trkpt><trkpt lat="-39.3658361491" lon="-72.6181749813"><ele>112.35</ele><time>2024-09-27T02:11:51Z</time></trkpt><trkpt lat="-39.3658597860" lon="-72.6182270329"><ele>112.54</ele><time>2024-09-27T02:11:52Z</time></trkpt><trkpt lat="-39.3658907153" lon="-72.6182898972"><ele>112.61</ele><time>2024-09-27T02:11:53Z</time></trkpt><trkpt lat="-39.3659672420" lon="-72.6184055675"><ele>112.30</ele><time>2024-09-27T02:11:55Z</time></trkpt><trkpt lat="-39.3660120852" lon="-72.6184286177"><ele>112.23</ele><time>2024-09-27T02:11:56Z</time></trkpt><trkpt lat="-39.3660518993" lon="-72.6184243429"><ele>112.29</ele><time>2024-09-27T02:11:57Z</time></trkpt><trkpt lat="-39.3660857622" lon="-72.6184014603"><ele>112.53</ele><time>2024-09-27T02:11:58Z</time></trkpt><trkpt lat="-39.3661200441" lon="-72.6183649991"><ele>112.58</ele><time>2024-09-27T02:11:59Z</time></trkpt><trkpt lat="-39.3661598582" lon="-72.6183219161"><ele>112.66</ele><time>2024-09-27T02:12:00Z</time></trkpt><trkpt lat="-39.3667395506" lon="-72.6178090274"><ele>113.28</ele><time>2024-09-27T02:12:10Z</time></trkpt><trkpt lat="-39.3670739047" lon="-72.6175230369"><ele>113.68</ele><time>2024-09-27T02:12:16Z</time></trkpt><trkpt lat="-39.3672620784" lon="-72.6173595898"><ele>113.44</ele><time>2024-09-27T02:12:21Z</time></trkpt><trkpt lat="-39.3672839552" lon="-72.6173651218"><ele>113.43</ele><time>2024-09-27T02:12:22Z</time></trkpt><trkpt lat="-39.3673056643" lon="-72.6173856575"><ele>113.51</ele><time>2024-09-27T02:12:23Z</time></trkpt><trkpt lat="-39.3673291337" lon="-72.6174173411"><ele>113.65</ele><time>2024-09-27T02:12:24Z</time></trkpt><trkpt lat="-39.3673531897" lon="-72.6174623519"><ele>113.71</ele><time>2024-09-27T02:12:25Z</time></trkpt><trkpt lat="-39.3673780002" lon="-72.6175176725"><ele>113.66</ele><time>2024-09-27T02:12:26Z</time></trkpt><trkpt lat="-39.3674515933" lon="-72.6176307444"><ele>113.49</ele><time>2024-09-27T02:12:29Z</time></trkpt><trkpt lat="-39.3674862105" lon="-72.6176395454"><ele>113.59</ele><time>2024-09-27T02:12:30Z</time></trkpt><trkpt lat="-39.3675252702" lon="-72.6176280621"><ele>113.72</ele><time>2024-09-27T02:12:31Z</time></trkpt><trkpt lat="-39.3675681017" lon="-72.6175994799"><ele>113.97</ele><time>2024-09-27T02:12:32Z</time></trkpt><trkpt lat="-39.3676121067" lon="-72.6175594982"><ele>114.08</ele><time>2024-09-27T02:12:33Z</time></trkpt><trkpt lat="-39.3676536810" lon="-72.6175189298"><ele>114.24</ele><time>2024-09-27T02:12:34Z</time></trkpt><trkpt lat="-39.3676917348" lon="-72.6174920239"><ele>114.35</ele><time>2024-09-27T02:12:35Z</time></trkpt><trkpt lat="-39.3677255977" lon="-72.6174828038"><ele>114.20</ele><time>2024-09-27T02:12:36Z</time></trkpt><trkpt lat="-39.3677542638" lon="-72.6174958795"><ele>114.26</ele><time>2024-09-27T02:12:37Z</time></trkpt><trkpt lat="-39.3677768111" lon="-72.6175268926"><ele>114.22</ele><time>2024-09-27T02:12:38Z</time></trkpt><trkpt lat="-39.3677936587" lon="-72.6175730769"><ele>114.16</ele><time>2024-09-27T02:12:39Z</time></trkpt><trkpt lat="-39.3678063154" lon="-72.6176302414"><ele>114.22</ele><time>2024-09-27T02:12:40Z</time></trkpt><trkpt lat="-39.3678175472" lon="-72.6176980510"><ele>114.25</ele><time>2024-09-27T02:12:41Z</time></trkpt><trkpt lat="-39.3679193035" lon="-72.6182801742"><ele>113.12</ele><time>2024-09-27T02:12:49Z</time></trkpt><trkpt lat="-39.3679571897" lon="-72.6182935014"><ele>113.23</ele><time>2024-09-27T02:12:50Z</time></trkpt><trkpt lat="-39.3679978419" lon="-72.6182840299"><ele>113.21</ele><time>2024-09-27T02:12:51Z</time></trkpt><trkpt lat="-39.3680414278" lon="-72.6182574593"><ele>113.47</ele><time>2024-09-27T02:12:52Z</time></trkpt><trkpt lat="-39.3680869415" lon="-72.6182153821"><ele>113.60</ele><time>2024-09-27T02:12:53Z</time></trkpt><trkpt lat="-39.3681354728" lon="-72.6181676891"><ele>113.70</ele><time>2024-09-27T02:12:54Z</time></trkpt><trkpt lat="-39.3681890331" lon="-72.6181228459"><ele>113.69</ele><time>2024-09-27T02:12:55Z</time></trkpt><trkpt lat="-39.3682440184" lon="-72.6180837024"><ele>113.80</ele><time>2024-09-27T02:12:56Z</time></trkpt><trkpt lat="-39.3682970759" lon="-72.6180555392"><ele>113.69</ele><time>2024-09-27T02:12:57Z</time></trkpt><trkpt lat="-39.3683503848" lon="-72.6180343330"><ele>113.79</ele><time>2024-09-27T02:12:58Z</time></trkpt><trkpt lat="-39.3684062082" lon="-72.6180196647"><ele>113.82</ele><time>2024-09-27T02:12:59Z</time></trkpt><trkpt lat="-39.3684607744" lon="-72.6180037390"><ele>113.68</ele><time>2024-09-27T02:13:00Z</time></trkpt><trkpt lat="-39.3685165979" lon="-72.6179790124"><ele>113.79</ele><time>2024-09-27T02:13:01Z</time></trkpt><trkpt lat="-39.3685705774" lon="-72.6179472450"><ele>113.68</ele><time>2024-09-27T02:13:02Z</time></trkpt><trkpt lat="-39.3686192762" lon="-72.6179035753"><ele>113.83</ele><time>2024-09-27T02:13:03Z</time></trkpt><trkpt lat="-39.3686601799" lon="-72.6178493444"><ele>113.95</ele><time>2024-09-27T02:13:04Z</time></trkpt><trkpt lat="-39.3686934561" lon="-72.6177883241"><ele>113.79</ele><time>2024-09-27T02:13:05Z</time></trkpt><trkpt lat="-39.3687190209" lon="-72.6177237835"><ele>113.92</ele><time>2024-09-27T02:13:06Z</time></trkpt><trkpt lat="-39.3687393889" lon="-72.6176563930"><ele>113.85</ele><time>2024-09-27T02:13:07Z</time></trkpt><trkpt lat="-39.3687606789" lon="-72.6175940316"><ele>113.77</ele><time>2024-09-27T02:13:08Z</time></trkpt><trkpt lat="-39.3687905185" lon="-72.6175390463"><ele>113.89</ele><time>2024-09-27T02:13:09Z</time></trkpt><trkpt lat="-39.3688297458" lon="-72.6174897607"><ele>113.92</ele><time>2024-09-27T02:13:10Z</time></trkpt><trkpt lat="-39.3694054987" lon="-72.6169601083"><ele>114.61</ele><time>2024-09-27T02:13:23Z</time></trkpt><trkpt lat="-39.3694306444" lon="-72.6169698313"><ele>114.48</ele><time>2024-09-27T02:13:24Z</time></trkpt><trkpt lat="-39.3694485817" lon="-72.6169983298"><ele>114.57</ele><time>2024-09-27T02:13:25Z</time></trkpt><trkpt lat="-39.3694624119" lon="-72.6170456875"><ele>114.60</ele><time>2024-09-27T02:13:26Z</time></trkpt><trkpt lat="-39.3694741465" lon="-72.6171093900"><ele>114.86</ele><time>2024-09-27T02:13:27Z</time></trkpt><trkpt lat="-39.3694864679" lon="-72.6171875931"><ele>114.83</ele><time>2024-09-27T02:13:28Z</time></trkpt><trkpt lat="-39.3695748132" lon="-72.6178763341"><ele>114.98</ele><time>2024-09-27T02:13:36Z</time></trkpt><trkpt lat="-39.3695619889" lon="-72.6179412939"><ele>114.99</ele><time>2024-09-27T02:13:37Z</time></trkpt><trkpt lat="-39.3695300538" lon="-72.6179964468"><ele>115.07</ele><time>2024-09-27T02:13:38Z</time></trkpt><trkpt lat="-39.3694873899" lon="-72.6180437207"><ele>115.05</ele><time>2024-09-27T02:13:39Z</time></trkpt><trkpt lat="-39.3694373500" lon="-72.6180928387"><ele>115.09</ele><time>2024-09-27T02:13:40Z</time></trkpt><trkpt lat="-39.3691666145" lon="-72.6183452178"><ele>114.98</ele><time>2024-09-27T02:13:45Z</time></trkpt><trkpt lat="-39.3691093661" lon="-72.6183584612"><ele>115.05</ele><time>2024-09-27T02:13:46Z</time></trkpt><trkpt lat="-39.3690504413" lon="-72.6183559466"><ele>114.90</ele><time>2024-09-27T02:13:47Z</time></trkpt><trkpt lat="-39.3689900916" lon="-72.6183443796"><ele>114.87</ele><time>2024-09-27T02:13:48Z</time></trkpt><trkpt lat="-39.3689258862" lon="-72.6183321420"><ele>114.84</ele><time>2024-09-27T02:13:49Z</time></trkpt><trkpt lat="-39.3687900994" lon="-72.6183206588"><ele>114.78</ele><time>2024-09-27T02:13:51Z</time></trkpt><trkpt lat="-39.3687236309" lon="-72.6183367521"><ele>114.70</ele><time>2024-09-27T02:13:52Z</time></trkpt><trkpt lat="-39.3686608505" lon="-72.6183764823"><ele>114.82</ele><time>2024-09-27T02:13:53Z</time></trkpt><trkpt lat="-39.3686041050" lon="-72.6184290368"><ele>114.71</ele><time>2024-09-27T02:13:54Z</time></trkpt><trkpt lat="-39.3685501255" lon="-72.6184872910"><ele>114.80</ele><time>2024-09-27T02:13:55Z</time></trkpt><trkpt lat="-39.3675128650" lon="-72.6194475219"><ele>114.37</ele><time>2024-09-27T02:14:13Z</time></trkpt><trkpt lat="-39.3669690471" lon="-72.6199438144"><ele>113.38</ele><time>2024-09-27T02:14:25Z</time></trkpt><trkpt lat="-39.3669581506" lon="-72.6199483406"><ele>113.44</ele><time>2024-09-27T02:14:29Z</time></trkpt><trkpt lat="-39.3669468351" lon="-72.6199578959"><ele>113.53</ele><time>2024-09-27T02:14:30Z</time></trkpt><trkpt lat="-39.3669285625" lon="-72.6199739892"><ele>113.58</ele><time>2024-09-27T02:14:31Z</time></trkpt><trkpt lat="-39.3669038359" lon="-72.6199967880"><ele>113.50</ele><time>2024-09-27T02:14:32Z</time></trkpt><trkpt lat="-39.3668730743" lon="-72.6200267114"><ele>113.60</ele><time>2024-09-27T02:14:33Z</time></trkpt><trkpt lat="-39.3664176017" lon="-72.6204952598"><ele>113.98</ele><time>2024-09-27T02:14:41Z</time></trkpt><trkpt lat="-39.3655296229" lon="-72.6213303488"><ele>112.71</ele><time>2024-09-27T02:14:55Z</time></trkpt><trkpt lat="-39.3648734875" lon="-72.6219316665"><ele>112.13</ele><time>2024-09-27T02:15:08Z</time></trkpt><trkpt lat="-39.3648243695" lon="-72.6219820417"><ele>112.08</ele><time>2024-09-27T02:15:09Z</time></trkpt><trkpt lat="-39.3643707410" lon="-72.6224138774"><ele>110.94</ele><time>2024-09-27T02:15:21Z</time></trkpt><trkpt lat="-39.3643580843" lon="-72.6224236004"><ele>111.18</ele><time>2024-09-27T02:15:32Z</time></trkpt><trkpt lat="-39.3643253110" lon="-72.6225142088"><ele>111.06</ele><time>2024-09-27T02:15:35Z</time></trkpt><trkpt lat="-39.3643208686" lon="-72.6225605607"><ele>111.11</ele><time>2024-09-27T02:15:36Z</time></trkpt><trkpt lat="-39.3643076252" lon="-72.6230231579"><ele>111.07</ele><time>2024-09-27T02:15:44Z</time></trkpt><trkpt lat="-39.3643269874" lon="-72.6230621338"><ele>111.07</ele><time>2024-09-27T02:15:45Z</time></trkpt><trkpt lat="-39.3643579166" lon="-72.6230773050"><ele>111.11</ele><time>2024-09-27T02:15:46Z</time></trkpt><trkpt lat="-39.3643937912" lon="-72.6230609603"><ele>111.40</ele><time>2024-09-27T02:15:47Z</time></trkpt><trkpt lat="-39.3644284923" lon="-72.6230295282"><ele>111.43</ele><time>2024-09-27T02:15:48Z</time></trkpt><trkpt lat="-39.3644692283" lon="-72.6229882054"><ele>111.58</ele><time>2024-09-27T02:15:49Z</time></trkpt><trkpt lat="-39.3649885710" lon="-72.6224700361"><ele>111.51</ele><time>2024-09-27T02:16:01Z</time></trkpt><trkpt lat="-39.3650146388" lon="-72.6224326529"><ele>111.50</ele><time>2024-09-27T02:16:02Z</time></trkpt><trkpt lat="-39.3650346715" lon="-72.6223935094"><ele>111.58</ele><time>2024-09-27T02:16:03Z</time></trkpt><trkpt lat="-39.3650495913" lon="-72.6223520190"><ele>111.65</ele><time>2024-09-27T02:16:04Z</time></trkpt><trkpt lat="-39.3650631700" lon="-72.6223090198"><ele>111.62</ele><time>2024-09-27T02:16:05Z</time></trkpt><trkpt lat="-39.3651315663" lon="-72.6221857220"><ele>111.72</ele><time>2024-09-27T02:16:08Z</time></trkpt><trkpt lat="-39.3651681114" lon="-72.6221428066"><ele>111.81</ele><time>2024-09-27T02:16:09Z</time></trkpt><trkpt lat="-39.3656765576" lon="-72.6216038503"><ele>111.54</ele><time>2024-09-27T02:16:21Z</time></trkpt><trkpt lat="-39.3657136057" lon="-72.6215062011"><ele>111.80</ele><time>2024-09-27T02:16:23Z</time></trkpt><trkpt lat="-39.3657490611" lon="-72.6214665547"><ele>111.93</ele><time>2024-09-27T02:16:24Z</time></trkpt><trkpt lat="-39.3661010172" lon="-72.6211387385"><ele>112.08</ele><time>2024-09-27T02:16:32Z</time></trkpt><trkpt lat="-39.3661359698" lon="-72.6211451925"><ele>112.12</ele><time>2024-09-27T02:16:33Z</time></trkpt><trkpt lat="-39.3661734369" lon="-72.6211820729"><ele>112.24</ele><time>2024-09-27T02:16:34Z</time></trkpt><trkpt lat="-39.3662034441" lon="-72.6212276705"><ele>112.15</ele><time>2024-09-27T02:16:35Z</time></trkpt><trkpt lat="-39.3662405759" lon="-72.6212905347"><ele>112.04</ele><time>2024-09-27T02:16:36Z</time></trkpt><trkpt lat="-39.3664141651" lon="-72.6215847395"><ele>111.41</ele><time>2024-09-27T02:16:41Z</time></trkpt><trkpt lat="-39.3664503749" lon="-72.6216026768"><ele>111.26</ele><time>2024-09-27T02:16:42Z</time></trkpt><trkpt lat="-39.3664869200" lon="-72.6215956360"><ele>111.31</ele><time>2024-09-27T02:16:43Z</time></trkpt><trkpt lat="-39.3665124010" lon="-72.6215730049"><ele>111.58</ele><time>2024-09-27T02:16:44Z</time></trkpt><trkpt lat="-39.3665416539" lon="-72.6215429138"><ele>111.74</ele><time>2024-09-27T02:16:45Z</time></trkpt><trkpt lat="-39.3665785342" lon="-72.6215068717"><ele>111.82</ele><time>2024-09-27T02:16:46Z</time></trkpt><trkpt lat="-39.3666191027" lon="-72.6214673091"><ele>111.91</ele><time>2024-09-27T02:16:47Z</time></trkpt><trkpt lat="-39.3672972824" lon="-72.6208256744"><ele>112.58</ele><time>2024-09-27T02:17:02Z</time></trkpt><trkpt lat="-39.3673276249" lon="-72.6207654923"><ele>112.67</ele><time>2024-09-27T02:17:11Z</time></trkpt><trkpt lat="-39.3673220929" lon="-72.6207337249"><ele>112.72</ele><time>2024-09-27T02:17:12Z</time></trkpt><trkpt lat="-39.3673028983" lon="-72.6206893846"><ele>112.92</ele><time>2024-09-27T02:17:13Z</time></trkpt><trkpt lat="-39.3672810216" lon="-72.6206495706"><ele>112.81</ele><time>2024-09-27T02:17:14Z</time></trkpt><trkpt lat="-39.3672488350" lon="-72.6206019614"><ele>112.74</ele><time>2024-09-27T02:17:15Z</time></trkpt><trkpt lat="-39.3672236055" lon="-72.6205564477"><ele>112.98</ele><time>2024-09-27T02:17:16Z</time></trkpt><trkpt lat="-39.3672125414" lon="-72.6205135323"><ele>112.87</ele><time>2024-09-27T02:17:17Z</time></trkpt><trkpt lat="-39.3672232702" lon="-72.6204773225"><ele>112.96</ele><time>2024-09-27T02:17:18Z</time></trkpt><trkpt lat="-39.3672469910" lon="-72.6204482373"><ele>112.92</ele><time>2024-09-27T02:17:19Z</time></trkpt><trkpt lat="-39.3675484881" lon="-72.6201536972"><ele>113.02</ele><time>2024-09-27T02:17:27Z</time></trkpt><trkpt lat="-39.3676022161" lon="-72.6201543678"><ele>113.13</ele><time>2024-09-27T02:17:29Z</time></trkpt><trkpt lat="-39.3676175550" lon="-72.6201791782"><ele>113.19</ele><time>2024-09-27T02:17:30Z</time></trkpt><trkpt lat="-39.3676304631" lon="-72.6202082634"><ele>113.02</ele><time>2024-09-27T02:17:31Z</time></trkpt><trkpt lat="-39.3676421978" lon="-72.6202365942"><ele>113.13</ele><time>2024-09-27T02:17:32Z</time></trkpt><trkpt lat="-39.3677125219" lon="-72.6203547791"><ele>112.85</ele><time>2024-09-27T02:17:36Z</time></trkpt><trkpt lat="-39.3677429482" lon="-72.6203589700"><ele>112.91</ele><time>2024-09-27T02:17:37Z</time></trkpt><trkpt lat="-39.3677727878" lon="-72.6203457266"><ele>113.01</ele><time>2024-09-27T02:17:38Z</time></trkpt><trkpt lat="-39.3678006157" lon="-72.6203198265"><ele>113.12</ele><time>2024-09-27T02:17:39Z</time></trkpt><trkpt lat="-39.3678339757" lon="-72.6202904899"><ele>113.03</ele><time>2024-09-27T02:17:40Z</time></trkpt><trkpt lat="-39.3684362993" lon="-72.6197211910"><ele>113.53</ele><time>2024-09-27T02:17:53Z</time></trkpt><trkpt lat="-39.3689284846" lon="-72.6192710828"><ele>113.39</ele><time>2024-09-27T02:18:04Z</time></trkpt><trkpt lat="-39.3689461704" lon="-72.6192754414"><ele>113.51</ele><time>2024-09-27T02:18:05Z</time></trkpt><trkpt lat="-39.3689577375" lon="-72.6192878466"><ele>113.56</ele><time>2024-09-27T02:18:06Z</time></trkpt><trkpt lat="-39.3689662032" lon="-72.6193068735"><ele>113.56</ele><time>2024-09-27T02:18:07Z</time></trkpt><trkpt lat="-39.3689717352" lon="-72.6193292532"><ele>113.61</ele><time>2024-09-27T02:18:08Z</time></trkpt><trkpt lat="-39.3689755071" lon="-72.6193516329"><ele>113.36</ele><time>2024-09-27T02:18:09Z</time></trkpt><trkpt lat="-39.3690700550" lon="-72.6198050939"><ele>113.52</ele><time>2024-09-27T02:18:17Z</time></trkpt><trkpt lat="-39.3690625951" lon="-72.6199008152"><ele>113.32</ele><time>2024-09-27T02:18:20Z</time></trkpt><trkpt lat="-39.3690460827" lon="-72.6199190039"><ele>113.28</ele><time>2024-09-27T02:18:21Z</time></trkpt><trkpt lat="-39.3690234516" lon="-72.6199392881"><ele>113.41</ele><time>2024-09-27T02:18:22Z</time></trkpt><trkpt lat="-39.3685988244" lon="-72.6203475706"><ele>113.36</ele><time>2024-09-27T02:18:32Z</time></trkpt><trkpt lat="-39.3677260168" lon="-72.6211595256"><ele>112.62</ele><time>2024-09-27T02:18:48Z</time></trkpt><trkpt lat="-39.3676462211" lon="-72.6212678198"><ele>111.20</ele><time>2024-09-27T02:18:53Z</time></trkpt><trkpt lat="-39.3676498253" lon="-72.6213072147"><ele>112.73</ele><time>2024-09-27T02:18:54Z</time></trkpt><trkpt lat="-39.3676634040" lon="-72.6213533990"><ele>112.31</ele><time>2024-09-27T02:18:55Z</time></trkpt><trkpt lat="-39.3676833529" lon="-72.6214014273"><ele>112.35</ele><time>2024-09-27T02:18:56Z</time></trkpt><trkpt lat="-39.3677113485" lon="-72.6214515511"><ele>112.37</ele><time>2024-09-27T02:18:57Z</time></trkpt><trkpt lat="-39.3677437864" lon="-72.6215107273"><ele>112.37</ele><time>2024-09-27T02:18:58Z</time></trkpt><trkpt lat="-39.3677784875" lon="-72.6215799619"><ele>112.47</ele><time>2024-09-27T02:18:59Z</time></trkpt><trkpt lat="-39.3682583515" lon="-72.6224823575"><ele>111.52</ele><time>2024-09-27T02:19:11Z</time></trkpt><trkpt lat="-39.3682859279" lon="-72.6225359179"><ele>111.39</ele><time>2024-09-27T02:19:15Z</time></trkpt><trkpt lat="-39.3683534022" lon="-72.6225992851"><ele>111.61</ele><time>2024-09-27T02:19:18Z</time></trkpt><trkpt lat="-39.3683866784" lon="-72.6226076670"><ele>111.77</ele><time>2024-09-27T02:19:19Z</time></trkpt><trkpt lat="-39.3684267439" lon="-72.6225992851"><ele>111.86</ele><time>2024-09-27T02:19:20Z</time></trkpt><trkpt lat="-39.3684766162" lon="-72.6225705352"><ele>112.03</ele><time>2024-09-27T02:19:21Z</time></trkpt><trkpt lat="-39.3685350381" lon="-72.6225260273"><ele>112.16</ele><time>2024-09-27T02:19:22Z</time></trkpt><trkpt lat="-39.3685964774" lon="-72.6224693656"><ele>112.24</ele><time>2024-09-27T02:19:23Z</time></trkpt><trkpt lat="-39.3686570786" lon="-72.6224080939"><ele>112.15</ele><time>2024-09-27T02:19:24Z</time></trkpt><trkpt lat="-39.3696667627" lon="-72.6213990804"><ele>112.69</ele><time>2024-09-27T02:19:38Z</time></trkpt><trkpt lat="-39.3700644840" lon="-72.6210246608"><ele>111.83</ele><time>2024-09-27T02:19:46Z</time></trkpt><trkpt lat="-39.3701430224" lon="-72.6208889578"><ele>112.20</ele><time>2024-09-27T02:19:53Z</time></trkpt><trkpt lat="-39.3700902164" lon="-72.6206126064"><ele>112.00</ele><time>2024-09-27T02:20:00Z</time></trkpt><trkpt lat="-39.3701105844" lon="-72.6205646619"><ele>112.15</ele><time>2024-09-27T02:20:01Z</time></trkpt><trkpt lat="-39.3701419327" lon="-72.6205133647"><ele>112.23</ele><time>2024-09-27T02:20:02Z</time></trkpt><trkpt lat="-39.3701837584" lon="-72.6204563677"><ele>112.20</ele><time>2024-09-27T02:20:03Z</time></trkpt><trkpt lat="-39.3702318706" lon="-72.6203950122"><ele>111.94</ele><time>2024-09-27T02:20:04Z</time></trkpt><trkpt lat="-39.3710299954" lon="-72.6193681452"><ele>110.62</ele><time>2024-09-27T02:20:18Z</time></trkpt><trkpt lat="-39.3717960175" lon="-72.6180486660"><ele>109.22</ele><time>2024-09-27T02:20:31Z</time></trkpt><trkpt lat="-39.3728974834" lon="-72.6159671042"><ele>108.78</ele><time>2024-09-27T02:20:51Z</time></trkpt><trkpt lat="-39.3730840646" lon="-72.6156744082"><ele>108.83</ele><time>2024-09-27T02:20:54Z</time></trkpt><trkpt lat="-39.3731330987" lon="-72.6155665331"><ele>108.86</ele><time>2024-09-27T02:20:55Z</time></trkpt><trkpt lat="-39.3731748406" lon="-72.6154542156"><ele>108.96</ele><time>2024-09-27T02:20:56Z</time></trkpt><trkpt lat="-39.3732097093" lon="-72.6153367851"><ele>108.94</ele><time>2024-09-27T02:20:57Z</time></trkpt><trkpt lat="-39.3732425664" lon="-72.6152173430"><ele>108.87</ele><time>2024-09-27T02:20:58Z</time></trkpt><trkpt lat="-39.3737381045" lon="-72.6133059338"><ele>107.46</ele><time>2024-09-27T02:21:14Z</time></trkpt><trkpt lat="-39.3740555272" lon="-72.6112320833"><ele>108.95</ele><time>2024-09-27T02:21:31Z</time></trkpt><trkpt lat="-39.3739825208" lon="-72.6079969201"><ele>110.78</ele><time>2024-09-27T02:21:57Z</time></trkpt><trkpt lat="-39.3735283054" lon="-72.6048062649"><ele>111.93</ele><time>2024-09-27T02:22:23Z</time></trkpt><trkpt lat="-39.3731210288" lon="-72.6038220618"><ele>112.25</ele><time>2024-09-27T02:22:32Z</time></trkpt><trkpt lat="-39.3723595329" lon="-72.6023902651"><ele>112.68</ele><time>2024-09-27T02:22:46Z</time></trkpt><trkpt lat="-39.3723404221" lon="-72.6022693980"><ele>112.72</ele><time>2024-09-27T02:22:47Z</time></trkpt><trkpt lat="-39.3723312858" lon="-72.6021464355"><ele>112.79</ele><time>2024-09-27T02:22:48Z</time></trkpt><trkpt lat="-39.3723328784" lon="-72.6020215452"><ele>112.68</ele><time>2024-09-27T02:22:49Z</time></trkpt><trkpt lat="-39.3723445293" lon="-72.6018973254"><ele>112.48</ele><time>2024-09-27T02:22:50Z</time></trkpt><trkpt lat="-39.3723658193" lon="-72.6017740276"><ele>112.26</ele><time>2024-09-27T02:22:51Z</time></trkpt><trkpt lat="-39.3723949883" lon="-72.6016534120"><ele>112.26</ele><time>2024-09-27T02:22:52Z</time></trkpt><trkpt lat="-39.3724299408" lon="-72.6015367359"><ele>112.15</ele><time>2024-09-27T02:22:53Z</time></trkpt><trkpt lat="-39.3724695034" lon="-72.6014217362"><ele>112.08</ele><time>2024-09-27T02:22:54Z</time></trkpt><trkpt lat="-39.3736980390" lon="-72.5982923526"><ele>114.37</ele><time>2024-09-27T02:23:22Z</time></trkpt><trkpt lat="-39.3741633184" lon="-72.5958748441"><ele>115.00</ele><time>2024-09-27T02:23:42Z</time></trkpt><trkpt lat="-39.3748643808" lon="-72.5918367784"><ele>116.16</ele><time>2024-09-27T02:24:15Z</time></trkpt><trkpt lat="-39.3752605096" lon="-72.5895413104"><ele>116.83</ele><time>2024-09-27T02:24:34Z</time></trkpt><trkpt lat="-39.3753113039" lon="-72.5891788770"><ele>115.80</ele><time>2024-09-27T02:24:39Z</time></trkpt><trkpt lat="-39.3752935342" lon="-72.5891517196"><ele>115.85</ele><time>2024-09-27T02:24:40Z</time></trkpt><trkpt lat="-39.3752736691" lon="-72.5891383924"><ele>115.80</ele><time>2024-09-27T02:24:41Z</time></trkpt><trkpt lat="-39.3752786145" lon="-72.5891402364"><ele>115.71</ele><time>2024-09-27T02:24:45Z</time></trkpt><trkpt lat="-39.3752947077" lon="-72.5891487021"><ele>115.81</ele><time>2024-09-27T02:24:46Z</time></trkpt><trkpt lat="-39.3753046822" lon="-72.5891750213"><ele>116.01</ele><time>2024-09-27T02:24:50Z</time></trkpt><trkpt lat="-39.3752760999" lon="-72.5892595109"><ele>116.04</ele><time>2024-09-27T02:24:52Z</time></trkpt><trkpt lat="-39.3752649520" lon="-72.5893170945"><ele>115.96</ele><time>2024-09-27T02:24:53Z</time></trkpt><trkpt lat="-39.3751251418" lon="-72.5902105216"><ele>116.41</ele><time>2024-09-27T02:25:03Z</time></trkpt><trkpt lat="-39.3749098107" lon="-72.5915436633"><ele>116.03</ele><time>2024-09-27T02:25:16Z</time></trkpt><trkpt lat="-39.3745915499" lon="-72.5933607761"><ele>115.90</ele><time>2024-09-27T02:25:31Z</time></trkpt><trkpt lat="-39.3740063254" lon="-72.5965988729"><ele>114.77</ele><time>2024-09-27T02:25:57Z</time></trkpt><trkpt lat="-39.3733385392" lon="-72.5992112607"><ele>113.59</ele><time>2024-09-27T02:26:19Z</time></trkpt><trkpt lat="-39.3722972553" lon="-72.6019224711"><ele>111.91</ele><time>2024-09-27T02:26:43Z</time></trkpt><trkpt lat="-39.3722820841" lon="-72.6020458527"><ele>112.03</ele><time>2024-09-27T02:26:44Z</time></trkpt><trkpt lat="-39.3722760491" lon="-72.6021719165"><ele>112.18</ele><time>2024-09-27T02:26:45Z</time></trkpt><trkpt lat="-39.3722779769" lon="-72.6022975612"><ele>112.47</ele><time>2024-09-27T02:26:46Z</time></trkpt><trkpt lat="-39.3722895440" lon="-72.6024223678"><ele>112.55</ele><time>2024-09-27T02:26:47Z</time></trkpt><trkpt lat="-39.3723115046" lon="-72.6025439054"><ele>112.67</ele><time>2024-09-27T02:26:48Z</time></trkpt><trkpt lat="-39.3723436072" lon="-72.6026625931"><ele>112.55</ele><time>2024-09-27T02:26:49Z</time></trkpt><trkpt lat="-39.3723851815" lon="-72.6027787663"><ele>112.64</ele><time>2024-09-27T02:26:50Z</time></trkpt><trkpt lat="-39.3724331260" lon="-72.6028893236"><ele>112.62</ele><time>2024-09-27T02:26:51Z</time></trkpt><trkpt lat="-39.3724853452" lon="-72.6029961929"><ele>112.70</ele><time>2024-09-27T02:26:52Z</time></trkpt><trkpt lat="-39.3733732402" lon="-72.6045103837"><ele>111.92</ele><time>2024-09-27T02:27:07Z</time></trkpt><trkpt lat="-39.3734086957" lon="-72.6046279818"><ele>111.88</ele><time>2024-09-27T02:27:08Z</time></trkpt><trkpt lat="-39.3734378647" lon="-72.6047481783"><ele>111.72</ele><time>2024-09-27T02:27:09Z</time></trkpt><trkpt lat="-39.3738171458" lon="-72.6072209235"><ele>110.99</ele><time>2024-09-27T02:27:29Z</time></trkpt><trkpt lat="-39.3739981111" lon="-72.6098489016"><ele>109.93</ele><time>2024-09-27T02:27:50Z</time></trkpt><trkpt lat="-39.3738363404" lon="-72.6127409935"><ele>107.17</ele><time>2024-09-27T02:28:13Z</time></trkpt><trkpt lat="-39.3731048517" lon="-72.6155778486"><ele>108.20</ele><time>2024-09-27T02:28:37Z</time></trkpt><trkpt lat="-39.3725133408" lon="-72.6165667456"><ele>108.12</ele><time>2024-09-27T02:28:47Z</time></trkpt><trkpt lat="-39.3713399582" lon="-72.6188703440"><ele>108.76</ele><time>2024-09-27T02:29:09Z</time></trkpt><trkpt lat="-39.3702028692" lon="-72.6203875523"><ele>111.12</ele><time>2024-09-27T02:29:26Z</time></trkpt><trkpt lat="-39.3700343091" lon="-72.6206832658"><ele>112.04</ele><time>2024-09-27T02:29:29Z</time></trkpt><trkpt lat="-39.3699894659" lon="-72.6207948290"><ele>112.30</ele><time>2024-09-27T02:29:30Z</time></trkpt><trkpt lat="-39.3699031323" lon="-72.6210230682"><ele>112.16</ele><time>2024-09-27T02:29:32Z</time></trkpt><trkpt lat="-39.3698456325" lon="-72.6211228967"><ele>112.17</ele><time>2024-09-27T02:29:33Z</time></trkpt><trkpt lat="-39.3697734643" lon="-72.6212071348"><ele>112.16</ele><time>2024-09-27T02:29:34Z</time></trkpt><trkpt lat="-39.3696949258" lon="-72.6212829072"><ele>112.17</ele><time>2024-09-27T02:29:35Z</time></trkpt><trkpt lat="-39.3696151301" lon="-72.6213567518"><ele>112.09</ele><time>2024-09-27T02:29:36Z</time></trkpt><trkpt lat="-39.3678865302" lon="-72.6229796559"><ele>111.09</ele><time>2024-09-27T02:29:58Z</time></trkpt><trkpt lat="-39.3673829455" lon="-72.6234537363"><ele>110.67</ele><time>2024-09-27T02:30:07Z</time></trkpt><trkpt lat="-39.3661544099" lon="-72.6246643346"><ele>110.56</ele><time>2024-09-27T02:30:24Z</time></trkpt><trkpt lat="-39.3657661602" lon="-72.6250498183"><ele>109.81</ele><time>2024-09-27T02:30:30Z</time></trkpt><trkpt lat="-39.3657273520" lon="-72.6251189690"><ele>109.71</ele><time>2024-09-27T02:30:31Z</time></trkpt><trkpt lat="-39.3657076545" lon="-72.6251965854"><ele>109.53</ele><time>2024-09-27T02:30:32Z</time></trkpt><trkpt lat="-39.3657115940" lon="-72.6252753753"><ele>109.53</ele><time>2024-09-27T02:30:33Z</time></trkpt><trkpt lat="-39.3657323811" lon="-72.6253496390"><ele>109.39</ele><time>2024-09-27T02:30:34Z</time></trkpt><trkpt lat="-39.3657659087" lon="-72.6254169457"><ele>109.34</ele><time>2024-09-27T02:30:35Z</time></trkpt><trkpt lat="-39.3658065610" lon="-72.6254810672"><ele>109.39</ele><time>2024-09-27T02:30:36Z</time></trkpt><trkpt lat="-39.3658517394" lon="-72.6255518105"><ele>109.43</ele><time>2024-09-27T02:30:37Z</time></trkpt><trkpt lat="-39.3662808090" lon="-72.6262767613"><ele>108.73</ele><time>2024-09-27T02:30:46Z</time></trkpt><trkpt lat="-39.3663321901" lon="-72.6263043378"><ele>108.72</ele><time>2024-09-27T02:30:47Z</time></trkpt><trkpt lat="-39.3663875945" lon="-72.6262998115"><ele>108.80</ele><time>2024-09-27T02:30:48Z</time></trkpt><trkpt lat="-39.3664436694" lon="-72.6262695529"><ele>108.92</ele><time>2024-09-27T02:30:49Z</time></trkpt><trkpt lat="-39.3664997444" lon="-72.6262238715"><ele>109.01</ele><time>2024-09-27T02:30:50Z</time></trkpt><trkpt lat="-39.3665579148" lon="-72.6261675451"><ele>109.10</ele><time>2024-09-27T02:30:51Z</time></trkpt><trkpt lat="-39.3673849571" lon="-72.6253688335"><ele>110.20</ele><time>2024-09-27T02:31:04Z</time></trkpt><trkpt lat="-39.3681365624" lon="-72.6246748120"><ele>110.37</ele><time>2024-09-27T02:31:17Z</time></trkpt><trkpt lat="-39.3684054539" lon="-72.6244256180"><ele>110.54</ele><time>2024-09-27T02:31:29Z</time></trkpt><trkpt lat="-39.3685683981" lon="-72.6242300682"><ele>111.12</ele><time>2024-09-27T02:31:39Z</time></trkpt><trkpt lat="-39.3690695520" lon="-72.6237896830"><ele>111.31</ele><time>2024-09-27T02:31:50Z</time></trkpt><trkpt lat="-39.3695660960" lon="-72.6232927199"><ele>111.73</ele><time>2024-09-27T02:32:01Z</time></trkpt><trkpt lat="-39.3697311357" lon="-72.6231189631"><ele>111.81</ele><time>2024-09-27T02:32:10Z</time></trkpt><trkpt lat="-39.3699045572" lon="-72.6229719445"><ele>111.59</ele><time>2024-09-27T02:32:20Z</time></trkpt><trkpt lat="-39.3701606244" lon="-72.6227132790"><ele>112.28</ele><time>2024-09-27T02:32:28Z</time></trkpt><trkpt lat="-39.3707564101" lon="-72.6221598219"><ele>112.63</ele><time>2024-09-27T02:32:40Z</time></trkpt><trkpt lat="-39.3707813043" lon="-72.6221538708"><ele>112.65</ele><time>2024-09-27T02:32:41Z</time></trkpt><trkpt lat="-39.3708074559" lon="-72.6221632585"><ele>112.75</ele><time>2024-09-27T02:32:42Z</time></trkpt><trkpt lat="-39.3708330207" lon="-72.6221921761"><ele>112.87</ele><time>2024-09-27T02:32:43Z</time></trkpt><trkpt lat="-39.3708578311" lon="-72.6222373545"><ele>112.49</ele><time>2024-09-27T02:32:44Z</time></trkpt><trkpt lat="-39.3708875030" lon="-72.6222924236"><ele>112.63</ele><time>2024-09-27T02:32:45Z</time></trkpt><trkpt lat="-39.3713112921" lon="-72.6230785623"><ele>110.27</ele><time>2024-09-27T02:32:56Z</time></trkpt><trkpt lat="-39.3713622540" lon="-72.6231884491"><ele>110.17</ele><time>2024-09-27T02:32:58Z</time></trkpt><trkpt lat="-39.3713692948" lon="-72.6232436858"><ele>110.17</ele><time>2024-09-27T02:32:59Z</time></trkpt><trkpt lat="-39.3713585660" lon="-72.6232989226"><ele>110.24</ele><time>2024-09-27T02:33:00Z</time></trkpt><trkpt lat="-39.3713319115" lon="-72.6233476214"><ele>110.02</ele><time>2024-09-27T02:33:01Z</time></trkpt><trkpt lat="-39.3712926004" lon="-72.6233910397"><ele>110.06</ele><time>2024-09-27T02:33:02Z</time></trkpt><trkpt lat="-39.3712456618" lon="-72.6234329492"><ele>110.17</ele><time>2024-09-27T02:33:03Z</time></trkpt><trkpt lat="-39.3706727587" lon="-72.6239804551"><ele>111.21</ele><time>2024-09-27T02:33:15Z</time></trkpt><trkpt lat="-39.3703678250" lon="-72.6242258772"><ele>111.41</ele><time>2024-09-27T02:33:24Z</time></trkpt><trkpt lat="-39.3697062414" lon="-72.6248566154"><ele>110.87</ele><time>2024-09-27T02:33:38Z</time></trkpt><trkpt lat="-39.3692086078" lon="-72.6253389940"><ele>111.56</ele><time>2024-09-27T02:33:48Z</time></trkpt><trkpt lat="-39.3687503692" lon="-72.6257607713"><ele>111.54</ele><time>2024-09-27T02:33:57Z</time></trkpt><trkpt lat="-39.3681204692" lon="-72.6263786852"><ele>110.87</ele><time>2024-09-27T02:34:07Z</time></trkpt><trkpt lat="-39.3675676826" lon="-72.6269194856"><ele>109.76</ele><time>2024-09-27T02:34:17Z</time></trkpt><trkpt lat="-39.3670468312" lon="-72.6273856033"><ele>108.21</ele><time>2024-09-27T02:34:28Z</time></trkpt><trkpt lat="-39.3670025747" lon="-72.6275090687"><ele>108.27</ele><time>2024-09-27T02:34:31Z</time></trkpt><trkpt lat="-39.3670116272" lon="-72.6275646407"><ele>108.37</ele><time>2024-09-27T02:34:32Z</time></trkpt><trkpt lat="-39.3670341745" lon="-72.6276228949"><ele>108.40</ele><time>2024-09-27T02:34:33Z</time></trkpt><trkpt lat="-39.3670647684" lon="-72.6276824903"><ele>108.49</ele><time>2024-09-27T02:34:34Z</time></trkpt><trkpt lat="-39.3671013135" lon="-72.6277451869"><ele>108.59</ele><time>2024-09-27T02:34:35Z</time></trkpt><trkpt lat="-39.3675699458" lon="-72.6285178307"><ele>108.42</ele><time>2024-09-27T02:34:46Z</time></trkpt><trkpt lat="-39.3676101789" lon="-72.6285409648"><ele>108.57</ele><time>2024-09-27T02:34:47Z</time></trkpt><trkpt lat="-39.3676531781" lon="-72.6285466645"><ele>108.59</ele><time>2024-09-27T02:34:48Z</time></trkpt><trkpt lat="-39.3677004520" lon="-72.6285351813"><ele>108.62</ele><time>2024-09-27T02:34:49Z</time></trkpt><trkpt lat="-39.3677523360" lon="-72.6285081077"><ele>108.65</ele><time>2024-09-27T02:34:50Z</time></trkpt><trkpt lat="-39.3678058963" lon="-72.6284679584"><ele>108.79</ele><time>2024-09-27T02:34:51Z</time></trkpt><trkpt lat="-39.3678618874" lon="-72.6284193434"><ele>108.94</ele><time>2024-09-27T02:34:52Z</time></trkpt><trkpt lat="-39.3679749593" lon="-72.6282995660"><ele>109.10</ele><time>2024-09-27T02:34:54Z</time></trkpt><trkpt lat="-39.3687831424" lon="-72.6275240723"><ele>110.05</ele><time>2024-09-27T02:35:07Z</time></trkpt><trkpt lat="-39.3694045767" lon="-72.6269233413"><ele>110.13</ele><time>2024-09-27T02:35:18Z</time></trkpt><trkpt lat="-39.3694345839" lon="-72.6268823538"><ele>110.35</ele><time>2024-09-27T02:35:29Z</time></trkpt><trkpt lat="-39.3698478956" lon="-72.6264708862"><ele>110.45</ele><time>2024-09-27T02:35:41Z</time></trkpt><trkpt lat="-39.3703125045" lon="-72.6260471810"><ele>110.18</ele><time>2024-09-27T02:35:52Z</time></trkpt><trkpt lat="-39.3703405838" lon="-72.6260578260"><ele>110.28</ele><time>2024-09-27T02:35:53Z</time></trkpt><trkpt lat="-39.3703680765" lon="-72.6260827202"><ele>110.28</ele><time>2024-09-27T02:35:54Z</time></trkpt><trkpt lat="-39.3703955691" lon="-72.6261174213"><ele>110.26</ele><time>2024-09-27T02:35:55Z</time></trkpt><trkpt lat="-39.3704267498" lon="-72.6261625998"><ele>110.22</ele><time>2024-09-27T02:35:56Z</time></trkpt><trkpt lat="-39.3704593554" lon="-72.6262143161"><ele>110.15</ele><time>2024-09-27T02:35:57Z</time></trkpt><trkpt lat="-39.3710318394" lon="-72.6272622216"><ele>108.23</ele><time>2024-09-27T02:36:14Z</time></trkpt><trkpt lat="-39.3713799398" lon="-72.6279025991"><ele>105.12</ele><time>2024-09-27T02:36:22Z</time></trkpt><trkpt lat="-39.3715712149" lon="-72.6282807067"><ele>103.99</ele><time>2024-09-27T02:36:29Z</time></trkpt><trkpt lat="-39.3715650961" lon="-72.6283236220"><ele>104.20</ele><time>2024-09-27T02:36:30Z</time></trkpt><trkpt lat="-39.3715442251" lon="-72.6283575688"><ele>104.26</ele><time>2024-09-27T02:36:31Z</time></trkpt><trkpt lat="-39.3715149723" lon="-72.6283900067"><ele>104.40</ele><time>2024-09-27T02:36:32Z</time></trkpt><trkpt lat="-39.3714787625" lon="-72.6284268871"><ele>104.47</ele><time>2024-09-27T02:36:33Z</time></trkpt><trkpt lat="-39.3709960487" lon="-72.6288704574"><ele>107.81</ele><time>2024-09-27T02:36:43Z</time></trkpt><trkpt lat="-39.3707486987" lon="-72.6290919073"><ele>109.43</ele><time>2024-09-27T02:36:53Z</time></trkpt><trkpt lat="-39.3704905361" lon="-72.6293727010"><ele>109.28</ele><time>2024-09-27T02:37:02Z</time></trkpt><trkpt lat="-39.3703836668" lon="-72.6294784807"><ele>109.17</ele><time>2024-09-27T02:37:15Z</time></trkpt><trkpt lat="-39.3703715969" lon="-72.6294892933"><ele>109.25</ele><time>2024-09-27T02:37:20Z</time></trkpt><trkpt lat="-39.3703279272" lon="-72.6295211446"><ele>109.37</ele><time>2024-09-27T02:37:22Z</time></trkpt><trkpt lat="-39.3699025456" lon="-72.6298633777"><ele>109.26</ele><time>2024-09-27T02:37:33Z</time></trkpt><trkpt lat="-39.3692598213" lon="-72.6304821298"><ele>108.85</ele><time>2024-09-27T02:37:46Z</time></trkpt><trkpt lat="-39.3689339329" lon="-72.6307923440"><ele>108.08</ele><time>2024-09-27T02:37:55Z</time></trkpt><trkpt lat="-39.3684465252" lon="-72.6312621497"><ele>108.19</ele><time>2024-09-27T02:38:05Z</time></trkpt><trkpt lat="-39.3679906335" lon="-72.6316979248"><ele>107.68</ele><time>2024-09-27T02:38:17Z</time></trkpt><trkpt lat="-39.3675817642" lon="-72.6320632920"><ele>108.04</ele><time>2024-09-27T02:38:26Z</time></trkpt><trkpt lat="-39.3672856316" lon="-72.6323616039"><ele>107.62</ele><time>2024-09-27T02:38:32Z</time></trkpt><trkpt lat="-39.3672447279" lon="-72.6323684771"><ele>107.70</ele><time>2024-09-27T02:38:33Z</time></trkpt><trkpt lat="-39.3672070932" lon="-72.6323516294"><ele>107.66</ele><time>2024-09-27T02:38:34Z</time></trkpt><trkpt lat="-39.3671703804" lon="-72.6323204488"><ele>107.80</ele><time>2024-09-27T02:38:35Z</time></trkpt><trkpt lat="-39.3671314884" lon="-72.6322824787"><ele>107.60</ele><time>2024-09-27T02:38:36Z</time></trkpt><trkpt lat="-39.3668852281" lon="-72.6320383139"><ele>107.63</ele><time>2024-09-27T02:38:42Z</time></trkpt><trkpt lat="-39.3668562267" lon="-72.6319891121"><ele>107.68</ele><time>2024-09-27T02:38:43Z</time></trkpt><trkpt lat="-39.3668262195" lon="-72.6319372281"><ele>107.67</ele><time>2024-09-27T02:38:44Z</time></trkpt><trkpt lat="-39.3666300829" lon="-72.6316448674"><ele>107.67</ele><time>2024-09-27T02:38:50Z</time></trkpt><trkpt lat="-39.3665330205" lon="-72.6314991061"><ele>107.81</ele><time>2024-09-27T02:38:54Z</time></trkpt><trkpt lat="-39.3665320147" lon="-72.6314655785"><ele>107.90</ele><time>2024-09-27T02:38:55Z</time></trkpt><trkpt lat="-39.3665423244" lon="-72.6314367447"><ele>107.75</ele><time>2024-09-27T02:38:56Z</time></trkpt><trkpt lat="-39.3665584177" lon="-72.6314095873"><ele>107.56</ele><time>2024-09-27T02:38:57Z</time></trkpt><trkpt lat="-39.3665769417" lon="-72.6313844416"><ele>107.55</ele><time>2024-09-27T02:38:58Z</time></trkpt><trkpt lat="-39.3665999081" lon="-72.6313608047"><ele>107.36</ele><time>2024-09-27T02:38:59Z</time></trkpt><trkpt lat="-39.3666297477" lon="-72.6313326415"><ele>107.48</ele><time>2024-09-27T02:39:00Z</time></trkpt><trkpt lat="-39.3671135511" lon="-72.6308557950"><ele>108.24</ele><time>2024-09-27T02:39:10Z</time></trkpt><trkpt lat="-39.3673169799" lon="-72.6306666154"><ele>107.90</ele><time>2024-09-27T02:39:16Z</time></trkpt><trkpt lat="-39.3673382699" lon="-72.6306741592"><ele>107.97</ele><time>2024-09-27T02:39:17Z</time></trkpt><trkpt lat="-39.3673616555" lon="-72.6306978799"><ele>108.16</ele><time>2024-09-27T02:39:18Z</time></trkpt><trkpt lat="-39.3673900701" lon="-72.6307389513"><ele>108.26</ele><time>2024-09-27T02:39:19Z</time></trkpt><trkpt lat="-39.3674267828" lon="-72.6307996362"><ele>108.45</ele><time>2024-09-27T02:39:20Z</time></trkpt><trkpt lat="-39.3674650043" lon="-72.6308671106"><ele>108.39</ele><time>2024-09-27T02:39:21Z</time></trkpt><trkpt lat="-39.3682316132" lon="-72.6322242245"><ele>108.73</ele><time>2024-09-27T02:39:38Z</time></trkpt><trkpt lat="-39.3685740978" lon="-72.6327931881"><ele>107.95</ele><time>2024-09-27T02:39:45Z</time></trkpt><trkpt lat="-39.3686273228" lon="-72.6328205969"><ele>108.08</ele><time>2024-09-27T02:39:46Z</time></trkpt><trkpt lat="-39.3686859123" lon="-72.6328176633"><ele>108.12</ele><time>2024-09-27T02:39:47Z</time></trkpt><trkpt lat="-39.3687447533" lon="-72.6327889971"><ele>108.16</ele><time>2024-09-27T02:39:48Z</time></trkpt><trkpt lat="-39.3688020855" lon="-72.6327418908"><ele>108.34</ele><time>2024-09-27T02:39:49Z</time></trkpt><trkpt lat="-39.3688606750" lon="-72.6326847263"><ele>108.29</ele><time>2024-09-27T02:39:50Z</time></trkpt><trkpt lat="-39.3694820255" lon="-72.6320706680"><ele>107.80</ele><time>2024-09-27T02:40:02Z</time></trkpt><trkpt lat="-39.3695075065" lon="-72.6320248190"><ele>107.89</ele><time>2024-09-27T02:40:16Z</time></trkpt><trkpt lat="-39.3695273716" lon="-72.6320025232"><ele>107.95</ele><time>2024-09-27T02:40:17Z</time></trkpt><trkpt lat="-39.3699457124" lon="-72.6316009462"><ele>109.14</ele><time>2024-09-27T02:40:26Z</time></trkpt><trkpt lat="-39.3709568214" lon="-72.6306437328"><ele>108.94</ele><time>2024-09-27T02:40:43Z</time></trkpt><trkpt lat="-39.3712327536" lon="-72.6303978078"><ele>107.85</ele><time>2024-09-27T02:40:52Z</time></trkpt><trkpt lat="-39.3712547980" lon="-72.6303759310"><ele>108.06</ele><time>2024-09-27T02:41:10Z</time></trkpt><trkpt lat="-39.3712632637" lon="-72.6303803734"><ele>108.16</ele><time>2024-09-27T02:41:45Z</time></trkpt><trkpt lat="-39.3712427281" lon="-72.6303877495"><ele>108.49</ele><time>2024-09-27T02:42:13Z</time></trkpt><trkpt lat="-39.3712086137" lon="-72.6304587442"><ele>108.07</ele><time>2024-09-27T02:42:28Z</time></trkpt><trkpt lat="-39.3711889163" lon="-72.6304727420"><ele>108.16</ele><time>2024-09-27T02:42:51Z</time></trkpt><trkpt lat="-39.3711827975" lon="-72.6304760948"><ele>106.58</ele><time>2024-09-27T02:43:06Z</time></trkpt><trkpt lat="-39.3711848091" lon="-72.6304781903"><ele>109.39</ele><time>2024-09-27T02:43:08Z</time></trkpt><trkpt lat="-39.3711864855" lon="-72.6304781064"><ele>103.78</ele><time>2024-09-27T02:43:11Z</time></trkpt><trkpt lat="-39.3711869046" lon="-72.6304793637"><ele>109.97</ele><time>2024-09-27T02:43:12Z</time></trkpt><trkpt lat="-39.3711849768" lon="-72.6304813754"><ele>110.16</ele><time>2024-09-27T02:43:13Z</time></trkpt><trkpt lat="-39.3711826298" lon="-72.6305049285"><ele>106.75</ele><time>2024-09-27T02:43:25Z</time></trkpt><trkpt lat="-39.3711923528" lon="-72.6305142324"><ele>103.14</ele><time>2024-09-27T02:43:32Z</time></trkpt><trkpt lat="-39.3711934425" lon="-72.6305174176"><ele>108.02</ele><time>2024-09-27T02:43:33Z</time></trkpt><trkpt lat="-39.3711946160" lon="-72.6305218600"><ele>111.84</ele><time>2024-09-27T02:43:34Z</time></trkpt><trkpt lat="-39.3711971305" lon="-72.6305266377"><ele>110.12</ele><time>2024-09-27T02:43:35Z</time></trkpt><trkpt lat="-39.3711995613" lon="-72.6305330917"><ele>98.34</ele><time>2024-09-27T02:43:38Z</time></trkpt><trkpt lat="-39.3711935263" lon="-72.6305315830"><ele>109.11</ele><time>2024-09-27T02:43:39Z</time></trkpt><trkpt lat="-39.3711940292" lon="-72.6305341814"><ele>114.39</ele><time>2024-09-27T02:43:40Z</time></trkpt><trkpt lat="-39.3711948674" lon="-72.6305351034"><ele>110.27</ele><time>2024-09-27T02:43:41Z</time></trkpt><trkpt lat="-39.3711934425" lon="-72.6305367798"><ele>108.40</ele><time>2024-09-27T02:43:44Z</time></trkpt><trkpt lat="-39.3711953703" lon="-72.6305403002"><ele>96.15</ele><time>2024-09-27T02:43:45Z</time></trkpt><trkpt lat="-39.3711972982" lon="-72.6305432338"><ele>104.83</ele><time>2024-09-27T02:43:46Z</time></trkpt><trkpt lat="-39.3711980525" lon="-72.6305485144"><ele>112.42</ele><time>2024-09-27T02:43:48Z</time></trkpt><trkpt lat="-39.3711938616" lon="-72.6305522863"><ele>109.41</ele><time>2024-09-27T02:43:51Z</time></trkpt><trkpt lat="-39.3711932749" lon="-72.6305530407"><ele>100.24</ele><time>2024-09-27T02:43:52Z</time></trkpt><trkpt lat="-39.3711926043" lon="-72.6305529568"><ele>102.65</ele><time>2024-09-27T02:43:53Z</time></trkpt><trkpt lat="-39.3711934425" lon="-72.6305548009"><ele>115.76</ele><time>2024-09-27T02:43:54Z</time></trkpt><trkpt lat="-39.3711931910" lon="-72.6305561420"><ele>111.97</ele><time>2024-09-27T02:43:55Z</time></trkpt><trkpt lat="-39.3711916823" lon="-72.6305540465"><ele>108.74</ele><time>2024-09-27T02:43:57Z</time></trkpt><trkpt lat="-39.3711913470" lon="-72.6305548009"><ele>108.12</ele><time>2024-09-27T02:43:59Z</time></trkpt><trkpt lat="-39.3711899221" lon="-72.6305557229"><ele>108.48</ele><time>2024-09-27T02:44:12Z</time></trkpt><trkpt lat="-39.3711928558" lon="-72.6305737440"><ele>104.64</ele><time>2024-09-27T02:44:26Z</time></trkpt><trkpt lat="-39.3711926043" lon="-72.6305739954"><ele>109.70</ele><time>2024-09-27T02:44:27Z</time></trkpt><trkpt lat="-39.3711904250" lon="-72.6305817906"><ele>104.59</ele><time>2024-09-27T02:44:31Z</time></trkpt><trkpt lat="-39.3711896706" lon="-72.6305817906"><ele>107.17</ele><time>2024-09-27T02:44:32Z</time></trkpt><trkpt lat="-39.3711901736" lon="-72.6305809524"><ele>112.64</ele><time>2024-09-27T02:44:33Z</time></trkpt><trkpt lat="-39.3711897545" lon="-72.6305830479"><ele>109.78</ele><time>2024-09-27T02:44:34Z</time></trkpt><trkpt lat="-39.3711897545" lon="-72.6305889152"><ele>100.09</ele><time>2024-09-27T02:44:36Z</time></trkpt><trkpt lat="-39.3711895868" lon="-72.6305919327"><ele>107.04</ele><time>2024-09-27T02:44:37Z</time></trkpt><trkpt lat="-39.3711891677" lon="-72.6305948664"><ele>115.27</ele><time>2024-09-27T02:44:38Z</time></trkpt><trkpt lat="-39.3711895868" lon="-72.6305954531"><ele>110.90</ele><time>2024-09-27T02:44:39Z</time></trkpt><trkpt lat="-39.3711872399" lon="-72.6305988058"><ele>106.91</ele><time>2024-09-27T02:44:41Z</time></trkpt><trkpt lat="-39.3711879943" lon="-72.6305998117"><ele>108.06</ele><time>2024-09-27T02:44:42Z</time></trkpt><trkpt lat="-39.3711869046" lon="-72.6306005660"><ele>110.02</ele><time>2024-09-27T02:44:44Z</time></trkpt><trkpt lat="-39.3711723201" lon="-72.6305829640"><ele>106.50</ele><time>2024-09-27T02:45:01Z</time></trkpt><trkpt lat="-39.3711727392" lon="-72.6305848919"><ele>103.07</ele><time>2024-09-27T02:45:02Z</time></trkpt><trkpt lat="-39.3711718172" lon="-72.6305865683"><ele>108.24</ele><time>2024-09-27T02:45:03Z</time></trkpt><trkpt lat="-39.3711726554" lon="-72.6305882446"><ele>112.10</ele><time>2024-09-27T02:45:04Z</time></trkpt><trkpt lat="-39.3711710628" lon="-72.6305902563"><ele>108.96</ele><time>2024-09-27T02:45:08Z</time></trkpt><trkpt lat="-39.3711713981" lon="-72.6305899210"><ele>108.73</ele><time>2024-09-27T02:45:09Z</time></trkpt><trkpt lat="-39.3711717334" lon="-72.6305897534"><ele>104.96</ele><time>2024-09-27T02:45:11Z</time></trkpt><trkpt lat="-39.3711706437" lon="-72.6305869874"><ele>106.83</ele><time>2024-09-27T02:45:12Z</time></trkpt><trkpt lat="-39.3711707275" lon="-72.6305869874"><ele>110.42</ele><time>2024-09-27T02:45:13Z</time></trkpt><trkpt lat="-39.3711721525" lon="-72.6305871550"><ele>109.26</ele><time>2024-09-27T02:45:17Z</time></trkpt><trkpt lat="-39.3711775169" lon="-72.6305864844"><ele>109.80</ele><time>2024-09-27T02:45:39Z</time></trkpt><trkpt lat="-39.3711806182" lon="-72.6305870712"><ele>109.08</ele><time>2024-09-27T02:45:41Z</time></trkpt><trkpt lat="-39.3711816240" lon="-72.6305837184"><ele>109.18</ele><time>2024-09-27T02:46:06Z</time></trkpt><trkpt lat="-39.3711822946" lon="-72.6305806171"><ele>105.77</ele><time>2024-09-27T02:46:08Z</time></trkpt><trkpt lat="-39.3711827137" lon="-72.6305769291"><ele>112.57</ele><time>2024-09-27T02:46:09Z</time></trkpt><trkpt lat="-39.3711826298" lon="-72.6305767614"><ele>111.66</ele><time>2024-09-27T02:46:10Z</time></trkpt><trkpt lat="-39.3711848091" lon="-72.6305780187"><ele>109.61</ele><time>2024-09-27T02:46:13Z</time></trkpt><trkpt lat="-39.3712066021" lon="-72.6305149868"><ele>109.72</ele><time>2024-09-27T02:46:31Z</time></trkpt><trkpt lat="-39.3712153193" lon="-72.6304967981"><ele>109.70</ele><time>2024-09-27T02:46:55Z</time></trkpt><trkpt lat="-39.3712081946" lon="-72.6304977201"><ele>107.96</ele><time>2024-09-27T02:47:12Z</time></trkpt><trkpt lat="-39.3712102063" lon="-72.6304952893"><ele>110.02</ele><time>2024-09-27T02:47:14Z</time></trkpt><trkpt lat="-39.3712463323" lon="-72.6304901764"><ele>113.18</ele><time>2024-09-27T02:47:27Z</time></trkpt><trkpt lat="-39.3712462485" lon="-72.6304940321"><ele>108.69</ele><time>2024-09-27T02:47:28Z</time></trkpt><trkpt lat="-39.3712610006" lon="-72.6304978039"><ele>106.06</ele><time>2024-09-27T02:47:34Z</time></trkpt><trkpt lat="-39.3712669518" lon="-72.6304970495"><ele>106.00</ele><time>2024-09-27T02:47:35Z</time></trkpt><trkpt lat="-39.3712683767" lon="-72.6304971334"><ele>111.34</ele><time>2024-09-27T02:47:36Z</time></trkpt><trkpt lat="-39.3712596595" lon="-72.6304764301"><ele>110.19</ele><time>2024-09-27T02:47:37Z</time></trkpt><trkpt lat="-39.3712559715" lon="-72.6304717362"><ele>108.28</ele><time>2024-09-27T02:47:40Z</time></trkpt><trkpt lat="-39.3712555524" lon="-72.6304748375"><ele>111.97</ele><time>2024-09-27T02:47:42Z</time></trkpt><trkpt lat="-39.3712555524" lon="-72.6304748375"><ele>106.85</ele><time>2024-09-27T02:47:43Z</time></trkpt><trkpt lat="-39.3712558877" lon="-72.6304693054"><ele>110.22</ele><time>2024-09-27T02:47:44Z</time></trkpt><trkpt lat="-39.3712508585" lon="-72.6304668747"><ele>113.64</ele><time>2024-09-27T02:47:45Z</time></trkpt><trkpt lat="-39.3712450750" lon="-72.6304559782"><ele>110.93</ele><time>2024-09-27T02:47:46Z</time></trkpt><trkpt lat="-39.3712365255" lon="-72.6304495241"><ele>110.06</ele><time>2024-09-27T02:47:48Z</time></trkpt><trkpt lat="-39.3712767586" lon="-72.6303442474"><ele>110.03</ele><time>2024-09-27T02:48:00Z</time></trkpt><trkpt lat="-39.3712946959" lon="-72.6303208619"><ele>110.00</ele><time>2024-09-27T02:48:01Z</time></trkpt><trkpt lat="-39.3713206798" lon="-72.6302967221"><ele>110.06</ele><time>2024-09-27T02:48:02Z</time></trkpt><trkpt lat="-39.3714022357" lon="-72.6302191895"><ele>107.59</ele><time>2024-09-27T02:48:05Z</time></trkpt><trkpt lat="-39.3716662657" lon="-72.6299292594"><ele>105.14</ele><time>2024-09-27T02:48:12Z</time></trkpt><trkpt lat="-39.3718550261" lon="-72.6297561731"><ele>103.40</ele><time>2024-09-27T02:48:16Z</time></trkpt><trkpt lat="-39.3721265998" lon="-72.6294672489"><ele>101.49</ele><time>2024-09-27T02:48:24Z</time></trkpt><trkpt lat="-39.3722737860" lon="-72.6294298656"><ele>103.71</ele><time>2024-09-27T02:48:29Z</time></trkpt><trkpt lat="-39.3723083194" lon="-72.6294662431"><ele>103.11</ele><time>2024-09-27T02:48:30Z</time></trkpt><trkpt lat="-39.3723436072" lon="-72.6295112539"><ele>102.65</ele><time>2024-09-27T02:48:31Z</time></trkpt><trkpt lat="-39.3723754585" lon="-72.6295617130"><ele>100.53</ele><time>2024-09-27T02:48:32Z</time></trkpt><trkpt lat="-39.3724056333" lon="-72.6296145190"><ele>101.78</ele><time>2024-09-27T02:48:33Z</time></trkpt><trkpt lat="-39.3724368140" lon="-72.6296682470"><ele>102.27</ele><time>2024-09-27T02:48:34Z</time></trkpt><trkpt lat="-39.3727426697" lon="-72.6304032560"><ele>101.79</ele><time>2024-09-27T02:48:47Z</time></trkpt><trkpt lat="-39.3727292586" lon="-72.6304543018"><ele>101.93</ele><time>2024-09-27T02:48:48Z</time></trkpt><trkpt lat="-39.3727078848" lon="-72.6304962113"><ele>101.87</ele><time>2024-09-27T02:48:49Z</time></trkpt><trkpt lat="-39.3726839125" lon="-72.6305463351"><ele>101.99</ele><time>2024-09-27T02:48:50Z</time></trkpt><trkpt lat="-39.3726506364" lon="-72.6305994764"><ele>101.95</ele><time>2024-09-27T02:48:51Z</time></trkpt><trkpt lat="-39.3720349018" lon="-72.6312634069"><ele>104.12</ele><time>2024-09-27T02:49:05Z</time></trkpt><trkpt lat="-39.3719701935" lon="-72.6313287858"><ele>105.65</ele><time>2024-09-27T02:49:07Z</time></trkpt><trkpt lat="-39.3713731505" lon="-72.6319521479"><ele>107.09</ele><time>2024-09-27T02:49:22Z</time></trkpt><trkpt lat="-39.3710544705" lon="-72.6322264038"><ele>108.14</ele><time>2024-09-27T02:49:31Z</time></trkpt><trkpt lat="-39.3705166876" lon="-72.6327834651"><ele>107.74</ele><time>2024-09-27T02:49:42Z</time></trkpt><trkpt lat="-39.3703347165" lon="-72.6329419669"><ele>107.32</ele><time>2024-09-27T02:49:51Z</time></trkpt><trkpt lat="-39.3703014404" lon="-72.6329739019"><ele>107.27</ele><time>2024-09-27T02:49:54Z</time></trkpt><trkpt lat="-39.3702818267" lon="-72.6329926774"><ele>107.39</ele><time>2024-09-27T02:49:55Z</time></trkpt><trkpt lat="-39.3702579383" lon="-72.6330169011"><ele>107.49</ele><time>2024-09-27T02:49:56Z</time></trkpt><trkpt lat="-39.3702327926" lon="-72.6330451481"><ele>107.48</ele><time>2024-09-27T02:49:57Z</time></trkpt><trkpt lat="-39.3702018633" lon="-72.6330782566"><ele>107.46</ele><time>2024-09-27T02:49:58Z</time></trkpt><trkpt lat="-39.3696582969" lon="-72.6336225774"><ele>106.96</ele><time>2024-09-27T02:50:10Z</time></trkpt><trkpt lat="-39.3694388587" lon="-72.6338596176"><ele>105.91</ele><time>2024-09-27T02:50:17Z</time></trkpt><trkpt lat="-39.3693617452" lon="-72.6340291835"><ele>106.24</ele><time>2024-09-27T02:50:22Z</time></trkpt><trkpt lat="-39.3693653494" lon="-72.6340817381"><ele>106.30</ele><time>2024-09-27T02:50:23Z</time></trkpt><trkpt lat="-39.3693816103" lon="-72.6341317780"><ele>106.14</ele><time>2024-09-27T02:50:24Z</time></trkpt><trkpt lat="-39.3694065884" lon="-72.6341903675"><ele>106.32</ele><time>2024-09-27T02:50:25Z</time></trkpt><trkpt lat="-39.3694376852" lon="-72.6342507172"><ele>106.34</ele><time>2024-09-27T02:50:26Z</time></trkpt><trkpt lat="-39.3698596302" lon="-72.6349775121"><ele>106.66</ele><time>2024-09-27T02:50:38Z</time></trkpt><trkpt lat="-39.3699006177" lon="-72.6350090280"><ele>106.57</ele><time>2024-09-27T02:50:39Z</time></trkpt><trkpt lat="-39.3699391745" lon="-72.6350218523"><ele>106.49</ele><time>2024-09-27T02:50:40Z</time></trkpt><trkpt lat="-39.3699852750" lon="-72.6350137219"><ele>106.32</ele><time>2024-09-27T02:50:41Z</time></trkpt><trkpt lat="-39.3700369075" lon="-72.6349910069"><ele>106.38</ele><time>2024-09-27T02:50:42Z</time></trkpt><trkpt lat="-39.3700794037" lon="-72.6349529531"><ele>106.50</ele><time>2024-09-27T02:50:43Z</time></trkpt><trkpt lat="-39.3701233249" lon="-72.6349106245"><ele>106.54</ele><time>2024-09-27T02:50:44Z</time></trkpt><trkpt lat="-39.3707247265" lon="-72.6343526412"><ele>107.46</ele><time>2024-09-27T02:50:55Z</time></trkpt><trkpt lat="-39.3709823024" lon="-72.6341152657"><ele>107.51</ele><time>2024-09-27T02:51:04Z</time></trkpt><trkpt lat="-39.3711387925" lon="-72.6339470409"><ele>107.27</ele><time>2024-09-27T02:51:08Z</time></trkpt><trkpt lat="-39.3716431316" lon="-72.6334396843"><ele>104.98</ele><time>2024-09-27T02:51:19Z</time></trkpt><trkpt lat="-39.3718329817" lon="-72.6332530193"><ele>103.98</ele><time>2024-09-27T02:51:26Z</time></trkpt><trkpt lat="-39.3724216428" lon="-72.6327125542"><ele>103.78</ele><time>2024-09-27T02:51:38Z</time></trkpt><trkpt lat="-39.3728780374" lon="-72.6323364582"><ele>103.16</ele><time>2024-09-27T02:51:48Z</time></trkpt><trkpt lat="-39.3735308200" lon="-72.6316982601"><ele>101.97</ele><time>2024-09-27T02:52:01Z</time></trkpt><trkpt lat="-39.3735816143" lon="-72.6316245832"><ele>102.12</ele><time>2024-09-27T02:52:08Z</time></trkpt><trkpt lat="-39.3736621644" lon="-72.6315197255"><ele>102.10</ele><time>2024-09-27T02:52:11Z</time></trkpt><trkpt lat="-39.3737892341" lon="-72.6313905604"><ele>100.64</ele><time>2024-09-27T02:52:14Z</time></trkpt><trkpt lat="-39.3738939241" lon="-72.6312843617"><ele>102.39</ele><time>2024-09-27T02:52:16Z</time></trkpt><trkpt lat="-39.3744373228" lon="-72.6307308208"><ele>101.25</ele><time>2024-09-27T02:52:29Z</time></trkpt><trkpt lat="-39.3751439173" lon="-72.6300627831"><ele>100.81</ele><time>2024-09-27T02:52:44Z</time></trkpt><trkpt lat="-39.3753982242" lon="-72.6299979910"><ele>101.37</ele><time>2024-09-27T02:52:50Z</time></trkpt><trkpt lat="-39.3754322547" lon="-72.6300419960"><ele>100.88</ele><time>2024-09-27T02:52:51Z</time></trkpt><trkpt lat="-39.3754679617" lon="-72.6300956402"><ele>98.84</ele><time>2024-09-27T02:52:52Z</time></trkpt><trkpt lat="-39.3755874038" lon="-72.6302686427"><ele>101.24</ele><time>2024-09-27T02:52:55Z</time></trkpt><trkpt lat="-39.3759272899" lon="-72.6309259515"><ele>100.77</ele><time>2024-09-27T02:53:04Z</time></trkpt><trkpt lat="-39.3759404495" lon="-72.6309847087"><ele>100.89</ele><time>2024-09-27T02:53:05Z</time></trkpt><trkpt lat="-39.3759376835" lon="-72.6310463995"><ele>100.57</ele><time>2024-09-27T02:53:06Z</time></trkpt><trkpt lat="-39.3759293016" lon="-72.6311041508"><ele>99.88</ele><time>2024-09-27T02:53:07Z</time></trkpt><trkpt lat="-39.3759116158" lon="-72.6311646681"><ele>100.56</ele><time>2024-09-27T02:53:08Z</time></trkpt><trkpt lat="-39.3758816924" lon="-72.6312195696"><ele>101.11</ele><time>2024-09-27T02:53:09Z</time></trkpt><trkpt lat="-39.3758415431" lon="-72.6312720403"><ele>100.33</ele><time>2024-09-27T02:53:10Z</time></trkpt><trkpt lat="-39.3757807743" lon="-72.6313385088"><ele>103.43</ele><time>2024-09-27T02:53:11Z</time></trkpt><trkpt lat="-39.3757126294" lon="-72.6313958410"><ele>102.52</ele><time>2024-09-27T02:53:12Z</time></trkpt><trkpt lat="-39.3756504357" lon="-72.6314574480"><ele>101.71</ele><time>2024-09-27T02:53:13Z</time></trkpt><trkpt lat="-39.3755936902" lon="-72.6315165404"><ele>101.43</ele><time>2024-09-27T02:53:14Z</time></trkpt><trkpt lat="-39.3750764430" lon="-72.6320227236"><ele>101.41</ele><time>2024-09-27T02:53:25Z</time></trkpt><trkpt lat="-39.3750206195" lon="-72.6320746075"><ele>101.63</ele><time>2024-09-27T02:53:26Z</time></trkpt><trkpt lat="-39.3742674217" lon="-72.6327408850"><ele>102.07</ele><time>2024-09-27T02:53:39Z</time></trkpt><trkpt lat="-39.3740070798" lon="-72.6329774223"><ele>101.76</ele><time>2024-09-27T02:53:46Z</time></trkpt><trkpt lat="-39.3733866513" lon="-72.6335985214"><ele>103.10</ele><time>2024-09-27T02:54:00Z</time></trkpt><trkpt lat="-39.3728382234" lon="-72.6341152657"><ele>104.09</ele><time>2024-09-27T02:54:12Z</time></trkpt><trkpt lat="-39.3727409095" lon="-72.6342083048"><ele>103.25</ele><time>2024-09-27T02:54:14Z</time></trkpt><trkpt lat="-39.3721952476" lon="-72.6347374544"><ele>103.44</ele><time>2024-09-27T02:54:26Z</time></trkpt><trkpt lat="-39.3718007952" lon="-72.6350961160"><ele>104.44</ele><time>2024-09-27T02:54:33Z</time></trkpt><trkpt lat="-39.3715077639" lon="-72.6354121137"><ele>108.25</ele><time>2024-09-27T02:54:41Z</time></trkpt><trkpt lat="-39.3714781757" lon="-72.6354535203"><ele>106.99</ele><time>2024-09-27T02:54:42Z</time></trkpt><trkpt lat="-39.3708175980" lon="-72.6360357273"><ele>107.18</ele><time>2024-09-27T02:54:55Z</time></trkpt><trkpt lat="-39.3706867564" lon="-72.6361513976"><ele>105.22</ele><time>2024-09-27T02:55:00Z</time></trkpt><trkpt lat="-39.3706503790" lon="-72.6363608614"><ele>109.36</ele><time>2024-09-27T02:55:05Z</time></trkpt><trkpt lat="-39.3706709146" lon="-72.6364240609"><ele>106.40</ele><time>2024-09-27T02:55:06Z</time></trkpt><trkpt lat="-39.3706942163" lon="-72.6364772022"><ele>107.48</ele><time>2024-09-27T02:55:07Z</time></trkpt><trkpt lat="-39.3707248941" lon="-72.6365365461"><ele>105.81</ele><time>2024-09-27T02:55:08Z</time></trkpt><trkpt lat="-39.3712238688" lon="-72.6373122912"><ele>106.51</ele><time>2024-09-27T02:55:19Z</time></trkpt><trkpt lat="-39.3712734058" lon="-72.6373516861"><ele>106.26</ele><time>2024-09-27T02:55:20Z</time></trkpt><trkpt lat="-39.3713237811" lon="-72.6373752393"><ele>106.21</ele><time>2024-09-27T02:55:21Z</time></trkpt><trkpt lat="-39.3713761680" lon="-72.6373834535"><ele>105.90</ele><time>2024-09-27T02:55:22Z</time></trkpt><trkpt lat="-39.3714276329" lon="-72.6373773348"><ele>106.13</ele><time>2024-09-27T02:55:23Z</time></trkpt><trkpt lat="-39.3714784272" lon="-72.6373584755"><ele>106.11</ele><time>2024-09-27T02:55:24Z</time></trkpt><trkpt lat="-39.3715306465" lon="-72.6373286359"><ele>106.07</ele><time>2024-09-27T02:55:25Z</time></trkpt><trkpt lat="-39.3715847097" lon="-72.6372909173"><ele>105.95</ele><time>2024-09-27T02:55:26Z</time></trkpt><trkpt lat="-39.3716350012" lon="-72.6372499298"><ele>105.80</ele><time>2024-09-27T02:55:27Z</time></trkpt><trkpt lat="-39.3726591859" lon="-72.6362818200"><ele>103.48</ele><time>2024-09-27T02:55:46Z</time></trkpt><trkpt lat="-39.3735339213" lon="-72.6354272012"><ele>103.15</ele><time>2024-09-27T02:56:02Z</time></trkpt><trkpt lat="-39.3742766418" lon="-72.6347185951"><ele>103.29</ele><time>2024-09-27T02:56:16Z</time></trkpt><trkpt lat="-39.3747090641" lon="-72.6343115699"><ele>102.67</ele><time>2024-09-27T02:56:27Z</time></trkpt><trkpt lat="-39.3754566461" lon="-72.6335829310"><ele>101.62</ele><time>2024-09-27T02:56:42Z</time></trkpt><trkpt lat="-39.3761527631" lon="-72.6328716427"><ele>100.35</ele><time>2024-09-27T02:56:55Z</time></trkpt><trkpt lat="-39.3762609735" lon="-72.6327560563"><ele>101.77</ele><time>2024-09-27T02:56:57Z</time></trkpt><trkpt lat="-39.3771476950" lon="-72.6317768823"><ele>104.56</ele><time>2024-09-27T02:57:13Z</time></trkpt><trkpt lat="-39.3778940197" lon="-72.6310759038"><ele>105.06</ele><time>2024-09-27T02:57:28Z</time></trkpt><trkpt lat="-39.3781448063" lon="-72.6308668591"><ele>104.65</ele><time>2024-09-27T02:57:37Z</time></trkpt><trkpt lat="-39.3788899574" lon="-72.6305315830"><ele>103.92</ele><time>2024-09-27T02:57:49Z</time></trkpt><trkpt lat="-39.3800205085" lon="-72.6300185267"><ele>104.17</ele><time>2024-09-27T02:58:06Z</time></trkpt><trkpt lat="-39.3807511590" lon="-72.6297337934"><ele>104.48</ele><time>2024-09-27T02:58:19Z</time></trkpt><trkpt lat="-39.3818413094" lon="-72.6292492356"><ele>105.10</ele><time>2024-09-27T02:58:37Z</time></trkpt><trkpt lat="-39.3823631667" lon="-72.6290214155"><ele>105.09</ele><time>2024-09-27T02:58:49Z</time></trkpt><trkpt lat="-39.3825105205" lon="-72.6289440505"><ele>104.58</ele><time>2024-09-27T02:58:52Z</time></trkpt><trkpt lat="-39.3825782463" lon="-72.6289315615"><ele>104.81</ele><time>2024-09-27T02:58:53Z</time></trkpt><trkpt lat="-39.3828328047" lon="-72.6288436353"><ele>106.03</ele><time>2024-09-27T02:58:58Z</time></trkpt><trkpt lat="-39.3835575040" lon="-72.6285410486"><ele>106.08</ele><time>2024-09-27T02:59:12Z</time></trkpt><trkpt lat="-39.3837246392" lon="-72.6284121349"><ele>105.84</ele><time>2024-09-27T02:59:18Z</time></trkpt><trkpt lat="-39.3837203644" lon="-72.6283844747"><ele>105.74</ele><time>2024-09-27T02:59:19Z</time></trkpt><trkpt lat="-39.3837036844" lon="-72.6283520367"><ele>105.73</ele><time>2024-09-27T02:59:20Z</time></trkpt><trkpt lat="-39.3836835679" lon="-72.6283234544"><ele>105.84</ele><time>2024-09-27T02:59:21Z</time></trkpt><trkpt lat="-39.3836569972" lon="-72.6282956265"><ele>105.84</ele><time>2024-09-27T02:59:22Z</time></trkpt><trkpt lat="-39.3836234696" lon="-72.6282680500"><ele>105.95</ele><time>2024-09-27T02:59:23Z</time></trkpt><trkpt lat="-39.3835580908" lon="-72.6281955466"><ele>105.93</ele><time>2024-09-27T02:59:25Z</time></trkpt><trkpt lat="-39.3831073120" lon="-72.6276603620"><ele>105.41</ele><time>2024-09-27T02:59:39Z</time></trkpt><trkpt lat="-39.3827850278" lon="-72.6277316082"><ele>105.54</ele><time>2024-09-27T02:59:48Z</time></trkpt><trkpt lat="-39.3826431222" lon="-72.6277834084"><ele>105.48</ele><time>2024-09-27T02:59:52Z</time></trkpt><trkpt lat="-39.3822367676" lon="-72.6279393118"><ele>107.19</ele><time>2024-09-27T03:00:03Z</time></trkpt><trkpt lat="-39.3821103685" lon="-72.6279900223"><ele>106.99</ele><time>2024-09-27T03:00:09Z</time></trkpt><trkpt lat="-39.3820274714" lon="-72.6280591730"><ele>107.36</ele><time>2024-09-27T03:00:23Z</time></trkpt><trkpt lat="-39.3818709813" lon="-72.6281631086"><ele>107.42</ele><time>2024-09-27T03:00:31Z</time></trkpt><trkpt lat="-39.3818128947" lon="-72.6281988155"><ele>106.46</ele><time>2024-09-27T03:00:33Z</time></trkpt><trkpt lat="-39.3814144190" lon="-72.6283738296"><ele>106.86</ele><time>2024-09-27T03:00:47Z</time></trkpt><trkpt lat="-39.3814056180" lon="-72.6283940300"><ele>106.83</ele><time>2024-09-27T03:00:48Z</time></trkpt><trkpt lat="-39.3813903630" lon="-72.6284129731"><ele>106.91</ele><time>2024-09-27T03:00:49Z</time></trkpt><trkpt lat="-39.3813802209" lon="-72.6284373645"><ele>106.76</ele><time>2024-09-27T03:00:50Z</time></trkpt><trkpt lat="-39.3813818134" lon="-72.6284674555"><ele>106.74</ele><time>2024-09-27T03:00:51Z</time></trkpt><trkpt lat="-39.3814691529" lon="-72.6289106905"><ele>106.80</ele><time>2024-09-27T03:01:06Z</time></trkpt><trkpt lat="-39.3815101404" lon="-72.6292214077"><ele>107.18</ele><time>2024-09-27T03:01:18Z</time></trkpt><trkpt lat="-39.3812678196" lon="-72.6294451207"><ele>106.78</ele><time>2024-09-27T03:01:27Z</time></trkpt><trkpt lat="-39.3805536814" lon="-72.6297627948"><ele>106.33</ele><time>2024-09-27T03:01:39Z</time></trkpt><trkpt lat="-39.3805056531" lon="-72.6297630463"><ele>105.99</ele><time>2024-09-27T03:01:40Z</time></trkpt><trkpt lat="-39.3804740533" lon="-72.6297509763"><ele>106.65</ele><time>2024-09-27T03:01:41Z</time></trkpt><trkpt lat="-39.3804551940" lon="-72.6297347993"><ele>105.92</ele><time>2024-09-27T03:01:42Z</time></trkpt><trkpt lat="-39.3804442976" lon="-72.6297124196"><ele>107.68</ele><time>2024-09-27T03:01:43Z</time></trkpt><trkpt lat="-39.3804348260" lon="-72.6296866033"><ele>107.26</ele><time>2024-09-27T03:01:44Z</time></trkpt><trkpt lat="-39.3804251868" lon="-72.6296440233"><ele>106.58</ele><time>2024-09-27T03:01:45Z</time></trkpt><trkpt lat="-39.3804154638" lon="-72.6295934804"><ele>106.25</ele><time>2024-09-27T03:01:46Z</time></trkpt><trkpt lat="-39.3802072573" lon="-72.6288140472"><ele>106.49</ele><time>2024-09-27T03:02:00Z</time></trkpt><trkpt lat="-39.3800156470" lon="-72.6279586740"><ele>106.49</ele><time>2024-09-27T03:02:16Z</time></trkpt><trkpt lat="-39.3801420461" lon="-72.6278383937"><ele>106.55</ele><time>2024-09-27T03:02:20Z</time></trkpt><trkpt lat="-39.3802686129" lon="-72.6277746074"><ele>106.68</ele><time>2024-09-27T03:02:23Z</time></trkpt><trkpt lat="-39.3803043198" lon="-72.6277622022"><ele>107.07</ele><time>2024-09-27T03:02:24Z</time></trkpt><trkpt lat="-39.3808026239" lon="-72.6275664009"><ele>106.73</ele><time>2024-09-27T03:02:35Z</time></trkpt><trkpt lat="-39.3810340483" lon="-72.6273809094"><ele>106.59</ele><time>2024-09-27T03:02:45Z</time></trkpt><trkpt lat="-39.3810306955" lon="-72.6273528300"><ele>106.23</ele><time>2024-09-27T03:02:46Z</time></trkpt><trkpt lat="-39.3810215592" lon="-72.6273195539"><ele>106.58</ele><time>2024-09-27T03:02:47Z</time></trkpt><trkpt lat="-39.3810096569" lon="-72.6272804104"><ele>106.59</ele><time>2024-09-27T03:02:48Z</time></trkpt><trkpt lat="-39.3809963297" lon="-72.6272357348"><ele>106.48</ele><time>2024-09-27T03:02:49Z</time></trkpt><trkpt lat="-39.3809641432" lon="-72.6270140335"><ele>106.68</ele><time>2024-09-27T03:02:56Z</time></trkpt><trkpt lat="-39.3809767999" lon="-72.6270011254"><ele>106.62</ele><time>2024-09-27T03:02:57Z</time></trkpt><trkpt lat="-39.3809918873" lon="-72.6269890554"><ele>106.80</ele><time>2024-09-27T03:02:58Z</time></trkpt><trkpt lat="-39.3810109980" lon="-72.6269771531"><ele>106.62</ele><time>2024-09-27T03:02:59Z</time></trkpt><trkpt lat="-39.3810369819" lon="-72.6269696932"><ele>106.72</ele><time>2024-09-27T03:03:00Z</time></trkpt><trkpt lat="-39.3814053666" lon="-72.6267721318"><ele>107.19</ele><time>2024-09-27T03:03:12Z</time></trkpt><trkpt lat="-39.3815596774" lon="-72.6267246064"><ele>107.01</ele><time>2024-09-27T03:03:19Z</time></trkpt><trkpt lat="-39.3815688975" lon="-72.6267367601"><ele>107.38</ele><time>2024-09-27T03:03:20Z</time></trkpt><trkpt lat="-39.3817214482" lon="-72.6270682644"><ele>106.87</ele><time>2024-09-27T03:03:30Z</time></trkpt><trkpt lat="-39.3817180954" lon="-72.6270971820"><ele>106.98</ele><time>2024-09-27T03:03:31Z</time></trkpt><trkpt lat="-39.3817081209" lon="-72.6271247584"><ele>106.97</ele><time>2024-09-27T03:03:32Z</time></trkpt><trkpt lat="-39.3816870824" lon="-72.6271484792"><ele>107.24</ele><time>2024-09-27T03:03:33Z</time></trkpt><trkpt lat="-39.3816596735" lon="-72.6271699369"><ele>107.48</ele><time>2024-09-27T03:03:34Z</time></trkpt><trkpt lat="-39.3816370424" lon="-72.6271922328"><ele>107.49</ele><time>2024-09-27T03:03:35Z</time></trkpt><trkpt lat="-39.3816100527" lon="-72.6272166241"><ele>107.45</ele><time>2024-09-27T03:03:36Z</time></trkpt><trkpt lat="-39.3813144229" lon="-72.6273372397"><ele>107.21</ele><time>2024-09-27T03:03:44Z</time></trkpt><trkpt lat="-39.3812715076" lon="-72.6273537520"><ele>106.87</ele><time>2024-09-27T03:03:45Z</time></trkpt><trkpt lat="-39.3812325317" lon="-72.6273753773"><ele>106.93</ele><time>2024-09-27T03:03:46Z</time></trkpt><trkpt lat="-39.3810644746" lon="-72.6274697576"><ele>106.57</ele><time>2024-09-27T03:03:50Z</time></trkpt><trkpt lat="-39.3804404419" lon="-72.6278016809"><ele>106.62</ele><time>2024-09-27T03:04:04Z</time></trkpt><trkpt lat="-39.3804756459" lon="-72.6281066984"><ele>106.96</ele><time>2024-09-27T03:04:14Z</time></trkpt><trkpt lat="-39.3805487361" lon="-72.6283607539"><ele>106.71</ele><time>2024-09-27T03:04:20Z</time></trkpt><trkpt lat="-39.3806297891" lon="-72.6287004724"><ele>106.93</ele><time>2024-09-27T03:04:26Z</time></trkpt><trkpt lat="-39.3808415998" lon="-72.6294882037"><ele>106.37</ele><time>2024-09-27T03:04:39Z</time></trkpt><trkpt lat="-39.3808772229" lon="-72.6295841765"><ele>107.27</ele><time>2024-09-27T03:04:42Z</time></trkpt><trkpt lat="-39.3808887899" lon="-72.6296329591"><ele>106.59</ele><time>2024-09-27T03:04:43Z</time></trkpt><trkpt lat="-39.3809165340" lon="-72.6296549197"><ele>106.27</ele><time>2024-09-27T03:04:44Z</time></trkpt><trkpt lat="-39.3810143508" lon="-72.6297213882"><ele>107.27</ele><time>2024-09-27T03:04:48Z</time></trkpt><trkpt lat="-39.3810332939" lon="-72.6297680754"><ele>106.87</ele><time>2024-09-27T03:04:49Z</time></trkpt><trkpt lat="-39.3810928054" lon="-72.6299492922"><ele>106.83</ele><time>2024-09-27T03:04:52Z</time></trkpt><trkpt lat="-39.3812801410" lon="-72.6307463273"><ele>106.47</ele><time>2024-09-27T03:05:04Z</time></trkpt><trkpt lat="-39.3812924623" lon="-72.6307889912"><ele>106.33</ele><time>2024-09-27T03:05:05Z</time></trkpt><trkpt lat="-39.3814831506" lon="-72.6314424444"><ele>105.03</ele><time>2024-09-27T03:05:17Z</time></trkpt><trkpt lat="-39.3815574981" lon="-72.6319265831"><ele>105.48</ele><time>2024-09-27T03:05:29Z</time></trkpt><trkpt lat="-39.3812955637" lon="-72.6322487835"><ele>104.75</ele><time>2024-09-27T03:05:39Z</time></trkpt><trkpt lat="-39.3812505528" lon="-72.6322047785"><ele>105.92</ele><time>2024-09-27T03:05:41Z</time></trkpt><trkpt lat="-39.3812303524" lon="-72.6321554929"><ele>104.74</ele><time>2024-09-27T03:05:42Z</time></trkpt><trkpt lat="-39.3812125828" lon="-72.6320953947"><ele>105.10</ele><time>2024-09-27T03:05:43Z</time></trkpt><trkpt lat="-39.3811959866" lon="-72.6320276689"><ele>105.67</ele><time>2024-09-27T03:05:44Z</time></trkpt><trkpt lat="-39.3811771274" lon="-72.6319550816"><ele>105.54</ele><time>2024-09-27T03:05:45Z</time></trkpt><trkpt lat="-39.3809096608" lon="-72.6308625005"><ele>106.50</ele><time>2024-09-27T03:05:59Z</time></trkpt><trkpt lat="-39.3807241693" lon="-72.6301300060"><ele>106.58</ele><time>2024-09-27T03:06:08Z</time></trkpt><trkpt lat="-39.3806189764" lon="-72.6297520660"><ele>105.97</ele><time>2024-09-27T03:06:18Z</time></trkpt><trkpt lat="-39.3802791741" lon="-72.6298601087"><ele>106.65</ele><time>2024-09-27T03:06:27Z</time></trkpt><trkpt lat="-39.3799352646" lon="-72.6300077140"><ele>107.54</ele><time>2024-09-27T03:06:33Z</time></trkpt><trkpt lat="-39.3798133917" lon="-72.6300546527"><ele>105.79</ele><time>2024-09-27T03:06:36Z</time></trkpt><trkpt lat="-39.3797114678" lon="-72.6299937163"><ele>106.41</ele><time>2024-09-27T03:06:39Z</time></trkpt><trkpt lat="-39.3796876632" lon="-72.6299463585"><ele>106.32</ele><time>2024-09-27T03:06:40Z</time></trkpt><trkpt lat="-39.3796694744" lon="-72.6298901159"><ele>106.10</ele><time>2024-09-27T03:06:41Z</time></trkpt><trkpt lat="-39.3796496093" lon="-72.6298316102"><ele>106.16</ele><time>2024-09-27T03:06:42Z</time></trkpt><trkpt lat="-39.3796336837" lon="-72.6297768764"><ele>106.09</ele><time>2024-09-27T03:06:43Z</time></trkpt><trkpt lat="-39.3796200212" lon="-72.6297261659"><ele>105.91</ele><time>2024-09-27T03:06:44Z</time></trkpt><trkpt lat="-39.3793813046" lon="-72.6289335731"><ele>107.70</ele><time>2024-09-27T03:06:57Z</time></trkpt><trkpt lat="-39.3793406524" lon="-72.6287916675"><ele>104.59</ele><time>2024-09-27T03:06:59Z</time></trkpt><trkpt lat="-39.3793251459" lon="-72.6287242770"><ele>108.79</ele><time>2024-09-27T03:07:00Z</time></trkpt><trkpt lat="-39.3793134950" lon="-72.6286623348"><ele>104.54</ele><time>2024-09-27T03:07:01Z</time></trkpt><trkpt lat="-39.3792840745" lon="-72.6284896675"><ele>106.38</ele><time>2024-09-27T03:07:04Z</time></trkpt><trkpt lat="-39.3791629560" lon="-72.6282564830"><ele>106.61</ele><time>2024-09-27T03:07:14Z</time></trkpt><trkpt lat="-39.3788481317" lon="-72.6284057647"><ele>106.87</ele><time>2024-09-27T03:07:27Z</time></trkpt><trkpt lat="-39.3781831954" lon="-72.6287136320"><ele>106.43</ele><time>2024-09-27T03:07:49Z</time></trkpt><trkpt lat="-39.3780376017" lon="-72.6287478302"><ele>108.18</ele><time>2024-09-27T03:07:57Z</time></trkpt><trkpt lat="-39.3780142162" lon="-72.6287393644"><ele>110.63</ele><time>2024-09-27T03:07:58Z</time></trkpt><trkpt lat="-39.3780047446" lon="-72.6287161466"><ele>108.85</ele><time>2024-09-27T03:07:59Z</time></trkpt><trkpt lat="-39.3779990450" lon="-72.6286786795"><ele>107.84</ele><time>2024-09-27T03:08:00Z</time></trkpt><trkpt lat="-39.3779961113" lon="-72.6286350936"><ele>105.14</ele><time>2024-09-27T03:08:01Z</time></trkpt><trkpt lat="-39.3779962789" lon="-72.6285837125"><ele>106.02</ele><time>2024-09-27T03:08:02Z</time></trkpt><trkpt lat="-39.3779816944" lon="-72.6275648922"><ele>108.22</ele><time>2024-09-27T03:08:15Z</time></trkpt><trkpt lat="-39.3780003022" lon="-72.6261602528"><ele>108.97</ele><time>2024-09-27T03:08:31Z</time></trkpt><trkpt lat="-39.3780887313" lon="-72.6257958077"><ele>108.40</ele><time>2024-09-27T03:08:35Z</time></trkpt><trkpt lat="-39.3785842694" lon="-72.6248988602"><ele>110.79</ele><time>2024-09-27T03:08:48Z</time></trkpt><trkpt lat="-39.3787198048" lon="-72.6247016340"><ele>106.21</ele><time>2024-09-27T03:08:51Z</time></trkpt><trkpt lat="-39.3787648994" lon="-72.6246418711"><ele>107.42</ele><time>2024-09-27T03:08:52Z</time></trkpt><trkpt lat="-39.3788569327" lon="-72.6245162264"><ele>108.16</ele><time>2024-09-27T03:08:54Z</time></trkpt><trkpt lat="-39.3796812091" lon="-72.6233909559"><ele>108.79</ele><time>2024-09-27T03:09:11Z</time></trkpt><trkpt lat="-39.3804899789" lon="-72.6222666912"><ele>108.13</ele><time>2024-09-27T03:09:28Z</time></trkpt><trkpt lat="-39.3813880999" lon="-72.6211164426"><ele>111.13</ele><time>2024-09-27T03:09:48Z</time></trkpt><trkpt lat="-39.3816778623" lon="-72.6207284443"><ele>107.91</ele><time>2024-09-27T03:09:54Z</time></trkpt><trkpt lat="-39.3818211090" lon="-72.6205388457"><ele>110.05</ele><time>2024-09-27T03:09:57Z</time></trkpt><trkpt lat="-39.3820614181" lon="-72.6202543639"><ele>113.25</ele><time>2024-09-27T03:10:02Z</time></trkpt><trkpt lat="-39.3821038306" lon="-72.6201985404"><ele>110.03</ele><time>2024-09-27T03:10:03Z</time></trkpt><trkpt lat="-39.3821888231" lon="-72.6200859714"><ele>109.39</ele><time>2024-09-27T03:10:05Z</time></trkpt><trkpt lat="-39.3822614104" lon="-72.6199747436"><ele>110.07</ele><time>2024-09-27T03:10:07Z</time></trkpt><trkpt lat="-39.3824209180" lon="-72.6196005754"><ele>113.43</ele><time>2024-09-27T03:10:13Z</time></trkpt><trkpt lat="-39.3824527692" lon="-72.6195314247"><ele>111.64</ele><time>2024-09-27T03:10:14Z</time></trkpt><trkpt lat="-39.3826304656" lon="-72.6191796362"><ele>110.76</ele><time>2024-09-27T03:10:20Z</time></trkpt><trkpt lat="-39.3826784100" lon="-72.6191332843"><ele>108.69</ele><time>2024-09-27T03:10:21Z</time></trkpt><trkpt lat="-39.3827231694" lon="-72.6190844178"><ele>109.38</ele><time>2024-09-27T03:10:22Z</time></trkpt><trkpt lat="-39.3828032166" lon="-72.6189895347"><ele>110.66</ele><time>2024-09-27T03:10:24Z</time></trkpt><trkpt lat="-39.3836457655" lon="-72.6179457363"><ele>111.10</ele><time>2024-09-27T03:10:44Z</time></trkpt><trkpt lat="-39.3843915034" lon="-72.6168959867"><ele>111.50</ele><time>2024-09-27T03:11:04Z</time></trkpt><trkpt lat="-39.3846639991" lon="-72.6165908854"><ele>111.52</ele><time>2024-09-27T03:11:10Z</time></trkpt><trkpt lat="-39.3848300446" lon="-72.6163990237"><ele>110.58</ele><time>2024-09-27T03:11:20Z</time></trkpt><trkpt lat="-39.3848737981" lon="-72.6164640673"><ele>110.77</ele><time>2024-09-27T03:11:26Z</time></trkpt><trkpt lat="-39.3846755661" lon="-72.6166570187"><ele>111.61</ele><time>2024-09-27T03:11:41Z</time></trkpt><trkpt lat="-39.3841047585" lon="-72.6173716597"><ele>108.59</ele><time>2024-09-27T03:11:52Z</time></trkpt><trkpt lat="-39.3839729950" lon="-72.6175585762"><ele>110.67</ele><time>2024-09-27T03:11:55Z</time></trkpt><trkpt lat="-39.3834996689" lon="-72.6182064135"><ele>112.36</ele><time>2024-09-27T03:12:05Z</time></trkpt><trkpt lat="-39.3833995052" lon="-72.6183380093"><ele>110.04</ele><time>2024-09-27T03:12:07Z</time></trkpt><trkpt lat="-39.3825677689" lon="-72.6194382180"><ele>110.69</ele><time>2024-09-27T03:12:25Z</time></trkpt><trkpt lat="-39.3816314265" lon="-72.6206413563"><ele>109.70</ele><time>2024-09-27T03:12:46Z</time></trkpt><trkpt lat="-39.3810468726" lon="-72.6215331908"><ele>109.54</ele><time>2024-09-27T03:13:02Z</time></trkpt><trkpt lat="-39.3803303875" lon="-72.6225797553"><ele>108.29</ele><time>2024-09-27T03:13:19Z</time></trkpt><trkpt lat="-39.3793810531" lon="-72.6239088736"><ele>107.89</ele><time>2024-09-27T03:13:40Z</time></trkpt><trkpt lat="-39.3786436133" lon="-72.6250163745"><ele>108.06</ele><time>2024-09-27T03:13:58Z</time></trkpt><trkpt lat="-39.3779429700" lon="-72.6261651143"><ele>107.96</ele><time>2024-09-27T03:14:16Z</time></trkpt><trkpt lat="-39.3778963666" lon="-72.6271423604"><ele>107.54</ele><time>2024-09-27T03:14:28Z</time></trkpt><trkpt lat="-39.3779344205" lon="-72.6284164097"><ele>107.50</ele><time>2024-09-27T03:14:43Z</time></trkpt><trkpt lat="-39.3780322373" lon="-72.6301492006"><ele>106.68</ele><time>2024-09-27T03:15:05Z</time></trkpt><trkpt lat="-39.3780788407" lon="-72.6303445827"><ele>106.62</ele><time>2024-09-27T03:15:10Z</time></trkpt><trkpt lat="-39.3781096861" lon="-72.6303515397"><ele>106.81</ele><time>2024-09-27T03:15:11Z</time></trkpt><trkpt lat="-39.3781454768" lon="-72.6303471811"><ele>106.68</ele><time>2024-09-27T03:15:12Z</time></trkpt><trkpt lat="-39.3781818543" lon="-72.6303305849"><ele>105.86</ele><time>2024-09-27T03:15:13Z</time></trkpt><trkpt lat="-39.3782207463" lon="-72.6303031761"><ele>105.86</ele><time>2024-09-27T03:15:14Z</time></trkpt><trkpt lat="-39.3782625720" lon="-72.6302739233"><ele>107.39</ele><time>2024-09-27T03:15:15Z</time></trkpt><trkpt lat="-39.3783054035" lon="-72.6302520465"><ele>107.49</ele><time>2024-09-27T03:15:16Z</time></trkpt><trkpt lat="-39.3791450188" lon="-72.6298099011"><ele>106.37</ele><time>2024-09-27T03:15:34Z</time></trkpt><trkpt lat="-39.3796860706" lon="-72.6297171135"><ele>106.06</ele><time>2024-09-27T03:15:48Z</time></trkpt><trkpt lat="-39.3797061872" lon="-72.6297601126"><ele>106.30</ele><time>2024-09-27T03:15:49Z</time></trkpt><trkpt lat="-39.3797249626" lon="-72.6298076380"><ele>105.98</ele><time>2024-09-27T03:15:50Z</time></trkpt><trkpt lat="-39.3797362782" lon="-72.6298586000"><ele>106.15</ele><time>2024-09-27T03:15:51Z</time></trkpt><trkpt lat="-39.3797435705" lon="-72.6299094781"><ele>105.76</ele><time>2024-09-27T03:15:52Z</time></trkpt><trkpt lat="-39.3797524553" lon="-72.6299600210"><ele>105.66</ele><time>2024-09-27T03:15:53Z</time></trkpt><trkpt lat="-39.3798657786" lon="-72.6304750051"><ele>102.93</ele><time>2024-09-27T03:16:03Z</time></trkpt><trkpt lat="-39.3798796926" lon="-72.6305304933"><ele>107.53</ele><time>2024-09-27T03:16:04Z</time></trkpt><trkpt lat="-39.3798856437" lon="-72.6305907592"><ele>107.01</ele><time>2024-09-27T03:16:05Z</time></trkpt><trkpt lat="-39.3798020761" lon="-72.6307873987"><ele>106.57</ele><time>2024-09-27T03:16:14Z</time></trkpt><trkpt lat="-39.3797150720" lon="-72.6308215130"><ele>101.66</ele><time>2024-09-27T03:16:17Z</time></trkpt><trkpt lat="-39.3796843104" lon="-72.6308351755"><ele>105.27</ele><time>2024-09-27T03:16:18Z</time></trkpt><trkpt lat="-39.3796184286" lon="-72.6308593154"><ele>107.00</ele><time>2024-09-27T03:16:20Z</time></trkpt><trkpt lat="-39.3790349644" lon="-72.6310998760"><ele>106.24</ele><time>2024-09-27T03:16:35Z</time></trkpt><trkpt lat="-39.3788988423" lon="-72.6311514247"><ele>106.66</ele><time>2024-09-27T03:16:38Z</time></trkpt><trkpt lat="-39.3782168906" lon="-72.6314687636"><ele>106.12</ele><time>2024-09-27T03:16:55Z</time></trkpt><trkpt lat="-39.3781948462" lon="-72.6315157861"><ele>107.85</ele><time>2024-09-27T03:16:57Z</time></trkpt><trkpt lat="-39.3782043178" lon="-72.6315540075"><ele>108.39</ele><time>2024-09-27T03:16:58Z</time></trkpt><trkpt lat="-39.3782253563" lon="-72.6315968391"><ele>108.38</ele><time>2024-09-27T03:16:59Z</time></trkpt><trkpt lat="-39.3782387674" lon="-72.6316456217"><ele>107.74</ele><time>2024-09-27T03:17:00Z</time></trkpt><trkpt lat="-39.3782525137" lon="-72.6316907164"><ele>107.31</ele><time>2024-09-27T03:17:01Z</time></trkpt><trkpt lat="-39.3783379253" lon="-72.6318943966"><ele>105.70</ele><time>2024-09-27T03:17:06Z</time></trkpt><trkpt lat="-39.3783631548" lon="-72.6319018565"><ele>106.25</ele><time>2024-09-27T03:17:07Z</time></trkpt><trkpt lat="-39.3783981074" lon="-72.6318980847"><ele>107.00</ele><time>2024-09-27T03:17:08Z</time></trkpt><trkpt lat="-39.3789949827" lon="-72.6316856872"><ele>107.12</ele><time>2024-09-27T03:17:21Z</time></trkpt><trkpt lat="-39.3791430909" lon="-72.6316319592"><ele>104.99</ele><time>2024-09-27T03:17:24Z</time></trkpt><trkpt lat="-39.3798565585" lon="-72.6313417777"><ele>105.90</ele><time>2024-09-27T03:17:41Z</time></trkpt><trkpt lat="-39.3800734822" lon="-72.6315160375"><ele>106.20</ele><time>2024-09-27T03:17:50Z</time></trkpt><trkpt lat="-39.3799308222" lon="-72.6318513975"><ele>106.60</ele><time>2024-09-27T03:18:00Z</time></trkpt><trkpt lat="-39.3798859790" lon="-72.6318736095"><ele>106.48</ele><time>2024-09-27T03:18:01Z</time></trkpt><trkpt lat="-39.3798418064" lon="-72.6318887807"><ele>106.23</ele><time>2024-09-27T03:18:02Z</time></trkpt><trkpt lat="-39.3791692425" lon="-72.6321554929"><ele>106.61</ele><time>2024-09-27T03:18:16Z</time></trkpt><trkpt lat="-39.3785110116" lon="-72.6323990710"><ele>106.62</ele><time>2024-09-27T03:18:30Z</time></trkpt><trkpt lat="-39.3784768973" lon="-72.6323879231"><ele>106.70</ele><time>2024-09-27T03:18:31Z</time></trkpt><trkpt lat="-39.3784494046" lon="-72.6323639508"><ele>105.57</ele><time>2024-09-27T03:18:32Z</time></trkpt><trkpt lat="-39.3784315512" lon="-72.6323322672"><ele>107.41</ele><time>2024-09-27T03:18:33Z</time></trkpt><trkpt lat="-39.3784053158" lon="-72.6322813891"><ele>106.89</ele><time>2024-09-27T03:18:34Z</time></trkpt><trkpt lat="-39.3783820141" lon="-72.6322247274"><ele>106.42</ele><time>2024-09-27T03:18:35Z</time></trkpt><trkpt lat="-39.3783658370" lon="-72.6321658865"><ele>106.44</ele><time>2024-09-27T03:18:36Z</time></trkpt><trkpt lat="-39.3780593108" lon="-72.6311279554"><ele>106.53</ele><time>2024-09-27T03:18:51Z</time></trkpt><trkpt lat="-39.3779396173" lon="-72.6310461480"><ele>107.97</ele><time>2024-09-27T03:18:55Z</time></trkpt><trkpt lat="-39.3779009767" lon="-72.6310622413"><ele>108.86</ele><time>2024-09-27T03:18:56Z</time></trkpt><trkpt lat="-39.3778494280" lon="-72.6310904883"><ele>108.52</ele><time>2024-09-27T03:18:57Z</time></trkpt><trkpt lat="-39.3770786282" lon="-72.6317612082"><ele>107.76</ele><time>2024-09-27T03:19:11Z</time></trkpt><trkpt lat="-39.3766778056" lon="-72.6322139986"><ele>106.56</ele><time>2024-09-27T03:19:21Z</time></trkpt><trkpt lat="-39.3766657356" lon="-72.6322519686"><ele>106.75</ele><time>2024-09-27T03:19:22Z</time></trkpt><trkpt lat="-39.3766646460" lon="-72.6322936267"><ele>105.39</ele><time>2024-09-27T03:19:23Z</time></trkpt><trkpt lat="-39.3766705971" lon="-72.6323368773"><ele>105.03</ele><time>2024-09-27T03:19:24Z</time></trkpt><trkpt lat="-39.3766835891" lon="-72.6323777810"><ele>106.79</ele><time>2024-09-27T03:19:25Z</time></trkpt><trkpt lat="-39.3767046276" lon="-72.6324184332"><ele>106.59</ele><time>2024-09-27T03:19:26Z</time></trkpt><trkpt lat="-39.3767261691" lon="-72.6324607618"><ele>106.12</ele><time>2024-09-27T03:19:27Z</time></trkpt><trkpt lat="-39.3770722579" lon="-72.6331504248"><ele>103.91</ele><time>2024-09-27T03:19:39Z</time></trkpt><trkpt lat="-39.3772051949" lon="-72.6334634889"><ele>103.22</ele><time>2024-09-27T03:19:46Z</time></trkpt><trkpt lat="-39.3771926221" lon="-72.6334990282"><ele>103.00</ele><time>2024-09-27T03:19:47Z</time></trkpt><trkpt lat="-39.3771758582" lon="-72.6335383393"><ele>104.05</ele><time>2024-09-27T03:19:48Z</time></trkpt><trkpt lat="-39.3771530595" lon="-72.6335751358"><ele>104.00</ele><time>2024-09-27T03:19:49Z</time></trkpt><trkpt lat="-39.3771267403" lon="-72.6336136088"><ele>104.11</ele><time>2024-09-27T03:19:50Z</time></trkpt><trkpt lat="-39.3770928774" lon="-72.6336541772"><ele>103.83</ele><time>2024-09-27T03:19:51Z</time></trkpt><trkpt lat="-39.3770546559" lon="-72.6336969249"><ele>104.10</ele><time>2024-09-27T03:19:52Z</time></trkpt><trkpt lat="-39.3764129374" lon="-72.6343057863"><ele>104.38</ele><time>2024-09-27T03:20:08Z</time></trkpt><trkpt lat="-39.3758077640" lon="-72.6349284779"><ele>103.18</ele><time>2024-09-27T03:20:20Z</time></trkpt><trkpt lat="-39.3753206916" lon="-72.6354105212"><ele>104.03</ele><time>2024-09-27T03:20:30Z</time></trkpt><trkpt lat="-39.3750858307" lon="-72.6356418617"><ele>105.31</ele><time>2024-09-27T03:20:34Z</time></trkpt><trkpt lat="-39.3747833278" lon="-72.6359425206"><ele>105.79</ele><time>2024-09-27T03:20:40Z</time></trkpt><trkpt lat="-39.3747544941" lon="-72.6359645650"><ele>105.81</ele><time>2024-09-27T03:20:41Z</time></trkpt><trkpt lat="-39.3745405041" lon="-72.6361761242"><ele>106.24</ele><time>2024-09-27T03:20:48Z</time></trkpt><trkpt lat="-39.3739546929" lon="-72.6366820559"><ele>106.48</ele><time>2024-09-27T03:20:58Z</time></trkpt><trkpt lat="-39.3735956959" lon="-72.6370429806"><ele>106.63</ele><time>2024-09-27T03:21:07Z</time></trkpt><trkpt lat="-39.3732632697" lon="-72.6373657677"><ele>102.31</ele><time>2024-09-27T03:21:13Z</time></trkpt><trkpt lat="-39.3731600884" lon="-72.6374589745"><ele>106.56</ele><time>2024-09-27T03:21:15Z</time></trkpt><trkpt lat="-39.3731189333" lon="-72.6375032309"><ele>110.49</ele><time>2024-09-27T03:21:16Z</time></trkpt><trkpt lat="-39.3730754312" lon="-72.6375443023"><ele>107.90</ele><time>2024-09-27T03:21:17Z</time></trkpt><trkpt lat="-39.3729584198" lon="-72.6376380119"><ele>103.82</ele><time>2024-09-27T03:21:21Z</time></trkpt><trkpt lat="-39.3729342800" lon="-72.6376577094"><ele>109.27</ele><time>2024-09-27T03:21:22Z</time></trkpt><trkpt lat="-39.3729082122" lon="-72.6376821008"><ele>107.17</ele><time>2024-09-27T03:21:23Z</time></trkpt><trkpt lat="-39.3728802167" lon="-72.6377072465"><ele>104.15</ele><time>2024-09-27T03:21:24Z</time></trkpt><trkpt lat="-39.3728520535" lon="-72.6377379242"><ele>105.83</ele><time>2024-09-27T03:21:25Z</time></trkpt><trkpt lat="-39.3724376522" lon="-72.6381318737"><ele>105.50</ele><time>2024-09-27T03:21:36Z</time></trkpt><trkpt lat="-39.3723746203" lon="-72.6382036228"><ele>106.97</ele><time>2024-09-27T03:21:46Z</time></trkpt><trkpt lat="-39.3723358959" lon="-72.6382567640"><ele>106.00</ele><time>2024-09-27T03:22:12Z</time></trkpt><trkpt lat="-39.3723170366" lon="-72.6382781379"><ele>107.08</ele><time>2024-09-27T03:22:13Z</time></trkpt><trkpt lat="-39.3722936511" lon="-72.6383003499"><ele>107.06</ele><time>2024-09-27T03:22:14Z</time></trkpt><trkpt lat="-39.3722697627" lon="-72.6383240707"><ele>107.25</ele><time>2024-09-27T03:22:15Z</time></trkpt><trkpt lat="-39.3722372409" lon="-72.6383535750"><ele>107.85</ele><time>2024-09-27T03:22:16Z</time></trkpt><trkpt lat="-39.3722080719" lon="-72.6383850072"><ele>108.71</ele><time>2024-09-27T03:22:17Z</time></trkpt><trkpt lat="-39.3721981812" lon="-72.6384110749"><ele>107.63</ele><time>2024-09-27T03:22:18Z</time></trkpt><trkpt lat="-39.3720938265" lon="-72.6387775317"><ele>107.55</ele><time>2024-09-27T03:22:29Z</time></trkpt><trkpt lat="-39.3721136078" lon="-72.6388372947"><ele>107.88</ele><time>2024-09-27T03:22:30Z</time></trkpt><trkpt lat="-39.3721324671" lon="-72.6388920285"><ele>108.09</ele><time>2024-09-27T03:22:31Z</time></trkpt><trkpt lat="-39.3725061323" lon="-72.6395292208"><ele>106.53</ele><time>2024-09-27T03:22:42Z</time></trkpt><trkpt lat="-39.3727254868" lon="-72.6399146207"><ele>106.87</ele><time>2024-09-27T03:22:47Z</time></trkpt><trkpt lat="-39.3732180912" lon="-72.6407721732"><ele>106.29</ele><time>2024-09-27T03:22:59Z</time></trkpt><trkpt lat="-39.3733012397" lon="-72.6408358756"><ele>106.14</ele><time>2024-09-27T03:23:04Z</time></trkpt><trkpt lat="-39.3733277265" lon="-72.6408192795"><ele>106.22</ele><time>2024-09-27T03:23:05Z</time></trkpt><trkpt lat="-39.3733560573" lon="-72.6408023480"><ele>106.05</ele><time>2024-09-27T03:23:06Z</time></trkpt><trkpt lat="-39.3733928539" lon="-72.6407791302"><ele>106.70</ele><time>2024-09-27T03:23:07Z</time></trkpt><trkpt lat="-39.3734252080" lon="-72.6407479495"><ele>106.53</ele><time>2024-09-27T03:23:08Z</time></trkpt><trkpt lat="-39.3734650221" lon="-72.6407101471"><ele>106.18</ele><time>2024-09-27T03:23:09Z</time></trkpt><trkpt lat="-39.3741421122" lon="-72.6400531735"><ele>104.99</ele><time>2024-09-27T03:23:24Z</time></trkpt><trkpt lat="-39.3748912029" lon="-72.6393065136"><ele>105.94</ele><time>2024-09-27T03:23:41Z</time></trkpt><trkpt lat="-39.3755774293" lon="-72.6387031842"><ele>105.51</ele><time>2024-09-27T03:23:55Z</time></trkpt><trkpt lat="-39.3759708758" lon="-72.6383601129"><ele>104.56</ele><time>2024-09-27T03:24:03Z</time></trkpt><trkpt lat="-39.3759997934" lon="-72.6383188739"><ele>105.06</ele><time>2024-09-27T03:24:04Z</time></trkpt><trkpt lat="-39.3760170601" lon="-72.6382759586"><ele>105.18</ele><time>2024-09-27T03:24:05Z</time></trkpt><trkpt lat="-39.3760123663" lon="-72.6382260863"><ele>104.72</ele><time>2024-09-27T03:24:06Z</time></trkpt><trkpt lat="-39.3759987038" lon="-72.6381838415"><ele>106.24</ele><time>2024-09-27T03:24:07Z</time></trkpt><trkpt lat="-39.3759794254" lon="-72.6381370705"><ele>106.35</ele><time>2024-09-27T03:24:08Z</time></trkpt><trkpt lat="-39.3759573810" lon="-72.6380861085"><ele>105.67</ele><time>2024-09-27T03:24:09Z</time></trkpt><trkpt lat="-39.3759205006" lon="-72.6380327996"><ele>105.00</ele><time>2024-09-27T03:24:10Z</time></trkpt><trkpt lat="-39.3758895714" lon="-72.6379735395"><ele>105.28</ele><time>2024-09-27T03:24:11Z</time></trkpt><trkpt lat="-39.3752912711" lon="-72.6370145660"><ele>105.48</ele><time>2024-09-27T03:24:26Z</time></trkpt><trkpt lat="-39.3747293483" lon="-72.6360370684"><ele>105.70</ele><time>2024-09-27T03:24:40Z</time></trkpt><trkpt lat="-39.3740989454" lon="-72.6349246223"><ele>105.70</ele><time>2024-09-27T03:24:59Z</time></trkpt><trkpt lat="-39.3737411220" lon="-72.6343152579"><ele>105.93</ele><time>2024-09-27T03:25:13Z</time></trkpt><trkpt lat="-39.3730732519" lon="-72.6331711281"><ele>106.74</ele><time>2024-09-27T03:25:32Z</time></trkpt><trkpt lat="-39.3729556538" lon="-72.6329801884"><ele>103.68</ele><time>2024-09-27T03:25:35Z</time></trkpt><trkpt lat="-39.3729158398" lon="-72.6329166535"><ele>104.61</ele><time>2024-09-27T03:25:36Z</time></trkpt><trkpt lat="-39.3727989960" lon="-72.6327236183"><ele>106.72</ele><time>2024-09-27T03:25:39Z</time></trkpt><trkpt lat="-39.3721504882" lon="-72.6315501519"><ele>107.27</ele><time>2024-09-27T03:25:57Z</time></trkpt><trkpt lat="-39.3719496578" lon="-72.6313307136"><ele>107.42</ele><time>2024-09-27T03:26:04Z</time></trkpt><trkpt lat="-39.3719133642" lon="-72.6313513331"><ele>108.37</ele><time>2024-09-27T03:26:05Z</time></trkpt><trkpt lat="-39.3718792498" lon="-72.6313840225"><ele>107.73</ele><time>2024-09-27T03:26:06Z</time></trkpt><trkpt lat="-39.3718440458" lon="-72.6314241719"><ele>108.05</ele><time>2024-09-27T03:26:07Z</time></trkpt><trkpt lat="-39.3718022201" lon="-72.6314623095"><ele>108.17</ele><time>2024-09-27T03:26:08Z</time></trkpt><trkpt lat="-39.3712633476" lon="-72.6319933869"><ele>110.01</ele><time>2024-09-27T03:26:22Z</time></trkpt><trkpt lat="-39.3707398977" lon="-72.6325072814"><ele>110.61</ele><time>2024-09-27T03:26:33Z</time></trkpt><trkpt lat="-39.3703839183" lon="-72.6329457387"><ele>108.92</ele><time>2024-09-27T03:26:43Z</time></trkpt><trkpt lat="-39.3699750490" lon="-72.6333877165"><ele>110.45</ele><time>2024-09-27T03:26:54Z</time></trkpt><trkpt lat="-39.3694020621" lon="-72.6338728610"><ele>108.43</ele><time>2024-09-27T03:27:08Z</time></trkpt><trkpt lat="-39.3693550397" lon="-72.6338744536"><ele>107.86</ele><time>2024-09-27T03:27:10Z</time></trkpt><trkpt lat="-39.3693285529" lon="-72.6338590309"><ele>107.73</ele><time>2024-09-27T03:27:11Z</time></trkpt><trkpt lat="-39.3693005573" lon="-72.6338342205"><ele>108.05</ele><time>2024-09-27T03:27:12Z</time></trkpt><trkpt lat="-39.3692718912" lon="-72.6337975916"><ele>107.36</ele><time>2024-09-27T03:27:13Z</time></trkpt><trkpt lat="-39.3692419678" lon="-72.6337518264"><ele>108.09</ele><time>2024-09-27T03:27:14Z</time></trkpt><trkpt lat="-39.3692070153" lon="-72.6336979307"><ele>108.85</ele><time>2024-09-27T03:27:15Z</time></trkpt><trkpt lat="-39.3688136525" lon="-72.6331108622"><ele>108.59</ele><time>2024-09-27T03:27:29Z</time></trkpt><trkpt lat="-39.3687874172" lon="-72.6331036538"><ele>108.49</ele><time>2024-09-27T03:27:43Z</time></trkpt><trkpt lat="-39.3687582482" lon="-72.6330493391"><ele>109.02</ele><time>2024-09-27T03:27:54Z</time></trkpt><trkpt lat="-39.3686868344" lon="-72.6329692081"><ele>108.77</ele><time>2024-09-27T03:27:57Z</time></trkpt><trkpt lat="-39.3686514627" lon="-72.6329569705"><ele>109.39</ele><time>2024-09-27T03:27:58Z</time></trkpt><trkpt lat="-39.3686118163" lon="-72.6329576410"><ele>107.05</ele><time>2024-09-27T03:27:59Z</time></trkpt><trkpt lat="-39.3685710803" lon="-72.6329745725"><ele>110.55</ele><time>2024-09-27T03:28:00Z</time></trkpt><trkpt lat="-39.3685317691" lon="-72.6330027357"><ele>110.32</ele><time>2024-09-27T03:28:01Z</time></trkpt><trkpt lat="-39.3684894405" lon="-72.6330359280"><ele>110.31</ele><time>2024-09-27T03:28:02Z</time></trkpt><trkpt lat="-39.3679514062" lon="-72.6335100923"><ele>109.10</ele><time>2024-09-27T03:28:15Z</time></trkpt><trkpt lat="-39.3676564470" lon="-72.6337895449"><ele>109.70</ele><time>2024-09-27T03:28:25Z</time></trkpt><trkpt lat="-39.3675012980" lon="-72.6339371502"><ele>108.24</ele><time>2024-09-27T03:28:29Z</time></trkpt><trkpt lat="-39.3674835283" lon="-72.6339815743"><ele>107.87</ele><time>2024-09-27T03:28:30Z</time></trkpt><trkpt lat="-39.3674707878" lon="-72.6340269204"><ele>108.25</ele><time>2024-09-27T03:28:31Z</time></trkpt><trkpt lat="-39.3674727995" lon="-72.6340756193"><ele>108.43</ele><time>2024-09-27T03:28:32Z</time></trkpt><trkpt lat="-39.3674662616" lon="-72.6341420040"><ele>109.10</ele><time>2024-09-27T03:28:33Z</time></trkpt><trkpt lat="-39.3674834445" lon="-72.6342031918"><ele>109.90</ele><time>2024-09-27T03:28:34Z</time></trkpt><trkpt lat="-39.3675037287" lon="-72.6342679840"><ele>108.60</ele><time>2024-09-27T03:28:35Z</time></trkpt><trkpt lat="-39.3675343227" lon="-72.6343216281"><ele>108.92</ele><time>2024-09-27T03:28:36Z</time></trkpt><trkpt lat="-39.3678949960" lon="-72.6349842176"><ele>108.57</ele><time>2024-09-27T03:28:47Z</time></trkpt><trkpt lat="-39.3683048710" lon="-72.6356578711"><ele>108.13</ele><time>2024-09-27T03:29:01Z</time></trkpt><trkpt lat="-39.3688170891" lon="-72.6364926249"><ele>107.65</ele><time>2024-09-27T03:29:16Z</time></trkpt><trkpt lat="-39.3693113700" lon="-72.6373526081"><ele>109.11</ele><time>2024-09-27T03:29:30Z</time></trkpt><trkpt lat="-39.3693260383" lon="-72.6374020614"><ele>108.39</ele><time>2024-09-27T03:29:31Z</time></trkpt><trkpt lat="-39.3693136331" lon="-72.6374482457"><ele>107.69</ele><time>2024-09-27T03:29:32Z</time></trkpt><trkpt lat="-39.3692949414" lon="-72.6374966092"><ele>107.34</ele><time>2024-09-27T03:29:33Z</time></trkpt><trkpt lat="-39.3692643475" lon="-72.6375371777"><ele>107.91</ele><time>2024-09-27T03:29:34Z</time></trkpt><trkpt lat="-39.3692256231" lon="-72.6375789195"><ele>107.67</ele><time>2024-09-27T03:29:35Z</time></trkpt><trkpt lat="-39.3691823725" lon="-72.6376183145"><ele>107.07</ele><time>2024-09-27T03:29:36Z</time></trkpt><trkpt lat="-39.3691371102" lon="-72.6376577932"><ele>107.48</ele><time>2024-09-27T03:29:37Z</time></trkpt><trkpt lat="-39.3683446012" lon="-72.6383826602"><ele>107.47</ele><time>2024-09-27T03:29:52Z</time></trkpt><trkpt lat="-39.3677769788" lon="-72.6389083732"><ele>106.86</ele><time>2024-09-27T03:30:04Z</time></trkpt><trkpt lat="-39.3677366618" lon="-72.6389470138"><ele>108.32</ele><time>2024-09-27T03:30:05Z</time></trkpt><trkpt lat="-39.3676984403" lon="-72.6389776077"><ele>108.20</ele><time>2024-09-27T03:30:06Z</time></trkpt><trkpt lat="-39.3675686885" lon="-72.6389911026"><ele>106.58</ele><time>2024-09-27T03:30:10Z</time></trkpt><trkpt lat="-39.3675428722" lon="-72.6389563177"><ele>107.28</ele><time>2024-09-27T03:30:11Z</time></trkpt><trkpt lat="-39.3675066624" lon="-72.6389165875"><ele>106.10</ele><time>2024-09-27T03:30:12Z</time></trkpt><trkpt lat="-39.3674772419" lon="-72.6388699841"><ele>106.11</ele><time>2024-09-27T03:30:13Z</time></trkpt><trkpt lat="-39.3674467318" lon="-72.6388165075"><ele>107.66</ele><time>2024-09-27T03:30:14Z</time></trkpt><trkpt lat="-39.3670374434" lon="-72.6380555984"><ele>108.14</ele><time>2024-09-27T03:30:27Z</time></trkpt><trkpt lat="-39.3668608367" lon="-72.6380792353"><ele>109.00</ele><time>2024-09-27T03:30:32Z</time></trkpt><trkpt lat="-39.3664817233" lon="-72.6383884437"><ele>107.38</ele><time>2024-09-27T03:30:39Z</time></trkpt><trkpt lat="-39.3658257555" lon="-72.6388777792"><ele>107.48</ele><time>2024-09-27T03:30:52Z</time></trkpt><trkpt lat="-39.3649848830" lon="-72.6392884925"><ele>107.51</ele><time>2024-09-27T03:31:07Z</time></trkpt><trkpt lat="-39.3644033466" lon="-72.6395013928"><ele>107.89</ele><time>2024-09-27T03:31:18Z</time></trkpt><trkpt lat="-39.3642381392" lon="-72.6395469904"><ele>109.17</ele><time>2024-09-27T03:31:25Z</time></trkpt><trkpt lat="-39.3642352894" lon="-72.6395646762"><ele>107.66</ele><time>2024-09-27T03:31:27Z</time></trkpt><trkpt lat="-39.3642361276" lon="-72.6395503432"><ele>107.53</ele><time>2024-09-27T03:31:29Z</time></trkpt><trkpt lat="-39.3642366305" lon="-72.6395369321"><ele>105.73</ele><time>2024-09-27T03:31:30Z</time></trkpt><trkpt lat="-39.3642665539" lon="-72.6395121217"><ele>105.19</ele><time>2024-09-27T03:31:34Z</time></trkpt><trkpt lat="-39.3642860837" lon="-72.6395213418"><ele>107.94</ele><time>2024-09-27T03:31:35Z</time></trkpt><trkpt lat="-39.3643138278" lon="-72.6395249460"><ele>108.99</ele><time>2024-09-27T03:31:36Z</time></trkpt><trkpt lat="-39.3643495347" lon="-72.6395213418"><ele>108.79</ele><time>2024-09-27T03:31:37Z</time></trkpt><trkpt lat="-39.3643854931" lon="-72.6395107806"><ele>108.17</ele><time>2024-09-27T03:31:38Z</time></trkpt><trkpt lat="-39.3644230440" lon="-72.6394962799"><ele>108.86</ele><time>2024-09-27T03:31:39Z</time></trkpt><trkpt lat="-39.3650990445" lon="-72.6392091997"><ele>107.35</ele><time>2024-09-27T03:31:51Z</time></trkpt><trkpt lat="-39.3658664078" lon="-72.6387751009"><ele>107.95</ele><time>2024-09-27T03:32:05Z</time></trkpt><trkpt lat="-39.3668403011" lon="-72.6379603799"><ele>108.17</ele><time>2024-09-27T03:32:23Z</time></trkpt><trkpt lat="-39.3672231864" lon="-72.6376190688"><ele>106.82</ele><time>2024-09-27T03:32:30Z</time></trkpt><trkpt lat="-39.3673493341" lon="-72.6375250239"><ele>108.91</ele><time>2024-09-27T03:32:32Z</time></trkpt><trkpt lat="-39.3677986041" lon="-72.6371257938"><ele>106.98</ele><time>2024-09-27T03:32:42Z</time></trkpt><trkpt lat="-39.3678077403" lon="-72.6370749157"><ele>108.45</ele><time>2024-09-27T03:32:43Z</time></trkpt><trkpt lat="-39.3678220734" lon="-72.6370271388"><ele>107.91</ele><time>2024-09-27T03:32:44Z</time></trkpt><trkpt lat="-39.3678315450" lon="-72.6369903423"><ele>108.29</ele><time>2024-09-27T03:32:45Z</time></trkpt><trkpt lat="-39.3678442016" lon="-72.6369472593"><ele>108.87</ele><time>2024-09-27T03:32:46Z</time></trkpt><trkpt lat="-39.3678324670" lon="-72.6368985604"><ele>108.65</ele><time>2024-09-27T03:32:47Z</time></trkpt><trkpt lat="-39.3678067345" lon="-72.6368480176"><ele>108.57</ele><time>2024-09-27T03:32:48Z</time></trkpt><trkpt lat="-39.3677705247" lon="-72.6367973909"><ele>108.74</ele><time>2024-09-27T03:32:49Z</time></trkpt><trkpt lat="-39.3677345663" lon="-72.6367455069"><ele>109.23</ele><time>2024-09-27T03:32:50Z</time></trkpt><trkpt lat="-39.3672400340" lon="-72.6360209752"><ele>109.07</ele><time>2024-09-27T03:33:05Z</time></trkpt><trkpt lat="-39.3668801151" lon="-72.6353741437"><ele>109.47</ele><time>2024-09-27T03:33:16Z</time></trkpt><trkpt lat="-39.3665685598" lon="-72.6348138135"><ele>109.93</ele><time>2024-09-27T03:33:26Z</time></trkpt><trkpt lat="-39.3662489578" lon="-72.6342963148"><ele>110.02</ele><time>2024-09-27T03:33:36Z</time></trkpt><trkpt lat="-39.3657023739" lon="-72.6333586313"><ele>109.32</ele><time>2024-09-27T03:33:53Z</time></trkpt><trkpt lat="-39.3652673531" lon="-72.6325917710"><ele>109.59</ele><time>2024-09-27T03:34:08Z</time></trkpt><trkpt lat="-39.3648460787" lon="-72.6319008507"><ele>110.65</ele><time>2024-09-27T03:34:21Z</time></trkpt><trkpt lat="-39.3645500299" lon="-72.6313934103"><ele>110.84</ele><time>2024-09-27T03:34:33Z</time></trkpt><trkpt lat="-39.3640761171" lon="-72.6305698883"><ele>110.97</ele><time>2024-09-27T03:34:47Z</time></trkpt><trkpt lat="-39.3638901226" lon="-72.6302467659"><ele>110.68</ele><time>2024-09-27T03:34:54Z</time></trkpt><trkpt lat="-39.3637094926" lon="-72.6299613621"><ele>110.65</ele><time>2024-09-27T03:35:00Z</time></trkpt><trkpt lat="-39.3635502364" lon="-72.6296833344"><ele>112.01</ele><time>2024-09-27T03:35:05Z</time></trkpt><trkpt lat="-39.3633287027" lon="-72.6293284446"><ele>108.70</ele><time>2024-09-27T03:35:12Z</time></trkpt><trkpt lat="-39.3632767349" lon="-72.6292967610"><ele>112.07</ele><time>2024-09-27T03:35:14Z</time></trkpt><trkpt lat="-39.3629592285" lon="-72.6295269281"><ele>111.33</ele><time>2024-09-27T03:35:22Z</time></trkpt><trkpt lat="-39.3628717214" lon="-72.6296092384"><ele>110.85</ele><time>2024-09-27T03:35:24Z</time></trkpt><trkpt lat="-39.3625061028" lon="-72.6299692411"><ele>109.05</ele><time>2024-09-27T03:35:33Z</time></trkpt><trkpt lat="-39.3624809571" lon="-72.6300101448"><ele>111.47</ele><time>2024-09-27T03:35:34Z</time></trkpt><trkpt lat="-39.3624647800" lon="-72.6300533116"><ele>109.00</ele><time>2024-09-27T03:35:35Z</time></trkpt><trkpt lat="-39.3624631874" lon="-72.6300983224"><ele>109.97</ele><time>2024-09-27T03:35:36Z</time></trkpt><trkpt lat="-39.3624727428" lon="-72.6301432494"><ele>111.63</ele><time>2024-09-27T03:35:37Z</time></trkpt><trkpt lat="-39.3624950387" lon="-72.6301841531"><ele>111.26</ele><time>2024-09-27T03:35:38Z</time></trkpt><trkpt lat="-39.3625203520" lon="-72.6302325167"><ele>111.86</ele><time>2024-09-27T03:35:39Z</time></trkpt><trkpt lat="-39.3625546340" lon="-72.6302849036"><ele>111.15</ele><time>2024-09-27T03:35:40Z</time></trkpt><trkpt lat="-39.3625921011" lon="-72.6303429063"><ele>111.66</ele><time>2024-09-27T03:35:41Z</time></trkpt><trkpt lat="-39.3630128726" lon="-72.6310163084"><ele>110.34</ele><time>2024-09-27T03:35:50Z</time></trkpt><trkpt lat="-39.3634539284" lon="-72.6317594480"><ele>111.43</ele><time>2024-09-27T03:36:03Z</time></trkpt><trkpt lat="-39.3638146855" lon="-72.6323730033"><ele>110.92</ele><time>2024-09-27T03:36:15Z</time></trkpt><trkpt lat="-39.3643585034" lon="-72.6333282050"><ele>110.54</ele><time>2024-09-27T03:36:31Z</time></trkpt><trkpt lat="-39.3647314142" lon="-72.6338900439"><ele>112.77</ele><time>2024-09-27T03:36:42Z</time></trkpt><trkpt lat="-39.3650075141" lon="-72.6343634538"><ele>110.16</ele><time>2024-09-27T03:36:48Z</time></trkpt><trkpt lat="-39.3654268607" lon="-72.6351034921"><ele>112.31</ele><time>2024-09-27T03:36:59Z</time></trkpt><trkpt lat="-39.3654798344" lon="-72.6351864729"><ele>112.24</ele><time>2024-09-27T03:37:00Z</time></trkpt><trkpt lat="-39.3656905554" lon="-72.6356663369"><ele>112.05</ele><time>2024-09-27T03:37:08Z</time></trkpt><trkpt lat="-39.3656275235" lon="-72.6357586216"><ele>110.43</ele><time>2024-09-27T03:37:10Z</time></trkpt><trkpt lat="-39.3655747175" lon="-72.6358081587"><ele>109.74</ele><time>2024-09-27T03:37:11Z</time></trkpt><trkpt lat="-39.3648909219" lon="-72.6364048664"><ele>111.62</ele><time>2024-09-27T03:37:24Z</time></trkpt><trkpt lat="-39.3648485932" lon="-72.6364122424"><ele>111.53</ele><time>2024-09-27T03:37:25Z</time></trkpt><trkpt lat="-39.3648081087" lon="-72.6364171039"><ele>110.57</ele><time>2024-09-27T03:37:26Z</time></trkpt><trkpt lat="-39.3647722341" lon="-72.6364025194"><ele>110.62</ele><time>2024-09-27T03:37:27Z</time></trkpt><trkpt lat="-39.3647407182" lon="-72.6363733504"><ele>109.22</ele><time>2024-09-27T03:37:28Z</time></trkpt><trkpt lat="-39.3647011556" lon="-72.6363235619"><ele>110.36</ele><time>2024-09-27T03:37:29Z</time></trkpt><trkpt lat="-39.3646686338" lon="-72.6362670679"><ele>110.40</ele><time>2024-09-27T03:37:30Z</time></trkpt><trkpt lat="-39.3646297418" lon="-72.6362048741"><ele>110.90</ele><time>2024-09-27T03:37:31Z</time></trkpt><trkpt lat="-39.3641331140" lon="-72.6353349164"><ele>111.02</ele><time>2024-09-27T03:37:43Z</time></trkpt><trkpt lat="-39.3635928165" lon="-72.6344106440"><ele>110.10</ele><time>2024-09-27T03:37:57Z</time></trkpt><trkpt lat="-39.3635378312" lon="-72.6343436725"><ele>110.93</ele><time>2024-09-27T03:37:59Z</time></trkpt><trkpt lat="-39.3631602265" lon="-72.6336760540"><ele>110.24</ele><time>2024-09-27T03:38:10Z</time></trkpt><trkpt lat="-39.3627467472" lon="-72.6329973713"><ele>111.09</ele><time>2024-09-27T03:38:22Z</time></trkpt><trkpt lat="-39.3626509421" lon="-72.6328244526"><ele>109.85</ele><time>2024-09-27T03:38:25Z</time></trkpt><trkpt lat="-39.3623870797" lon="-72.6323250588"><ele>113.56</ele><time>2024-09-27T03:38:33Z</time></trkpt><trkpt lat="-39.3623551447" lon="-72.6322741807"><ele>112.07</ele><time>2024-09-27T03:38:34Z</time></trkpt><trkpt lat="-39.3622565735" lon="-72.6321191154"><ele>109.96</ele><time>2024-09-27T03:38:37Z</time></trkpt><trkpt lat="-39.3618935533" lon="-72.6313995291"><ele>111.02</ele><time>2024-09-27T03:38:47Z</time></trkpt><trkpt lat="-39.3615946546" lon="-72.6309983712"><ele>110.43</ele><time>2024-09-27T03:38:57Z</time></trkpt><trkpt lat="-39.3615527451" lon="-72.6310132910"><ele>110.76</ele><time>2024-09-27T03:38:58Z</time></trkpt><trkpt lat="-39.3615110870" lon="-72.6310415380"><ele>110.39</ele><time>2024-09-27T03:38:59Z</time></trkpt><trkpt lat="-39.3608954363" lon="-72.6315714419"><ele>110.43</ele><time>2024-09-27T03:39:11Z</time></trkpt><trkpt lat="-39.3607864715" lon="-72.6318703406"><ele>110.34</ele><time>2024-09-27T03:39:18Z</time></trkpt><trkpt lat="-39.3608190771" lon="-72.6319366414"><ele>110.85</ele><time>2024-09-27T03:39:19Z</time></trkpt><trkpt lat="-39.3608611543" lon="-72.6320049539"><ele>110.65</ele><time>2024-09-27T03:39:20Z</time></trkpt><trkpt lat="-39.3614940718" lon="-72.6331559569"><ele>109.81</ele><time>2024-09-27T03:39:34Z</time></trkpt><trkpt lat="-39.3619459402" lon="-72.6339337137"><ele>109.08</ele><time>2024-09-27T03:39:46Z</time></trkpt><trkpt lat="-39.3623412307" lon="-72.6346038468"><ele>109.45</ele><time>2024-09-27T03:39:56Z</time></trkpt><trkpt lat="-39.3626830447" lon="-72.6352025662"><ele>109.41</ele><time>2024-09-27T03:40:06Z</time></trkpt><trkpt lat="-39.3631148804" lon="-72.6359503996"><ele>109.77</ele><time>2024-09-27T03:40:17Z</time></trkpt><trkpt lat="-39.3633723725" lon="-72.6364174392"><ele>109.92</ele><time>2024-09-27T03:40:26Z</time></trkpt><trkpt lat="-39.3638137635" lon="-72.6371428929"><ele>110.24</ele><time>2024-09-27T03:40:35Z</time></trkpt><trkpt lat="-39.3638921343" lon="-72.6373260375"><ele>109.94</ele><time>2024-09-27T03:40:40Z</time></trkpt><trkpt lat="-39.3638851773" lon="-72.6373567991"><ele>110.24</ele><time>2024-09-27T03:40:41Z</time></trkpt><trkpt lat="-39.3638716824" lon="-72.6373941824"><ele>110.38</ele><time>2024-09-27T03:40:42Z</time></trkpt><trkpt lat="-39.3638492189" lon="-72.6374349184"><ele>110.45</ele><time>2024-09-27T03:40:43Z</time></trkpt><trkpt lat="-39.3638131768" lon="-72.6374749839"><ele>110.63</ele><time>2024-09-27T03:40:44Z</time></trkpt><trkpt lat="-39.3637729436" lon="-72.6375191566"><ele>110.64</ele><time>2024-09-27T03:40:45Z</time></trkpt><trkpt lat="-39.3637244124" lon="-72.6375650056"><ele>110.80</ele><time>2024-09-27T03:40:46Z</time></trkpt><trkpt lat="-39.3636665773" lon="-72.6376092620"><ele>110.90</ele><time>2024-09-27T03:40:47Z</time></trkpt><trkpt lat="-39.3636099994" lon="-72.6376598049"><ele>110.35</ele><time>2024-09-27T03:40:48Z</time></trkpt><trkpt lat="-39.3633139506" lon="-72.6379104238"><ele>111.22</ele><time>2024-09-27T03:40:53Z</time></trkpt><trkpt lat="-39.3631619029" lon="-72.6380266808"><ele>110.45</ele><time>2024-09-27T03:40:56Z</time></trkpt><trkpt lat="-39.3631173111" lon="-72.6380440313"><ele>110.39</ele><time>2024-09-27T03:40:57Z</time></trkpt><trkpt lat="-39.3630757369" lon="-72.6380531676"><ele>110.36</ele><time>2024-09-27T03:40:58Z</time></trkpt><trkpt lat="-39.3630324025" lon="-72.6380437799"><ele>110.24</ele><time>2024-09-27T03:40:59Z</time></trkpt><trkpt lat="-39.3629899062" lon="-72.6380127668"><ele>110.12</ele><time>2024-09-27T03:41:00Z</time></trkpt><trkpt lat="-39.3629480805" lon="-72.6379664149"><ele>109.84</ele><time>2024-09-27T03:41:01Z</time></trkpt><trkpt lat="-39.3629067577" lon="-72.6379094180"><ele>109.96</ele><time>2024-09-27T03:41:02Z</time></trkpt><trkpt lat="-39.3628685363" lon="-72.6378390938"><ele>109.76</ele><time>2024-09-27T03:41:03Z</time></trkpt><trkpt lat="-39.3625425640" lon="-72.6372106187"><ele>109.11</ele><time>2024-09-27T03:41:14Z</time></trkpt><trkpt lat="-39.3625436537" lon="-72.6372031588"><ele>109.16</ele><time>2024-09-27T03:41:31Z</time></trkpt><trkpt lat="-39.3625013251" lon="-72.6371836290"><ele>109.05</ele><time>2024-09-27T03:42:04Z</time></trkpt><trkpt lat="-39.3624889199" lon="-72.6371076051"><ele>105.91</ele><time>2024-09-27T03:42:39Z</time></trkpt><trkpt lat="-39.3624924403" lon="-72.6371086948"><ele>106.07</ele><time>2024-09-27T03:42:40Z</time></trkpt><trkpt lat="-39.3625099584" lon="-72.6371112093"><ele>109.18</ele><time>2024-09-27T03:42:43Z</time></trkpt><trkpt lat="-39.3625112996" lon="-72.6371074375"><ele>109.42</ele><time>2024-09-27T03:42:44Z</time></trkpt><trkpt lat="-39.3624261394" lon="-72.6370164100"><ele>109.40</ele><time>2024-09-27T03:43:06Z</time></trkpt><trkpt lat="-39.3623981439" lon="-72.6369879115"><ele>109.50</ele><time>2024-09-27T03:43:07Z</time></trkpt><trkpt lat="-39.3622608483" lon="-72.6367853209"><ele>109.25</ele><time>2024-09-27T03:43:12Z</time></trkpt><trkpt lat="-39.3617892824" lon="-72.6360027026"><ele>109.60</ele><time>2024-09-27T03:43:26Z</time></trkpt><trkpt lat="-39.3617476244" lon="-72.6359362341"><ele>106.31</ele><time>2024-09-27T03:43:27Z</time></trkpt><trkpt lat="-39.3615344726" lon="-72.6356122736"><ele>107.93</ele><time>2024-09-27T03:43:32Z</time></trkpt><trkpt lat="-39.3612006214" lon="-72.6349510252"><ele>107.13</ele><time>2024-09-27T03:43:41Z</time></trkpt><trkpt lat="-39.3611781579" lon="-72.6348939445"><ele>106.50</ele><time>2024-09-27T03:43:42Z</time></trkpt><trkpt lat="-39.3611685187" lon="-72.6348341815"><ele>109.89</ele><time>2024-09-27T03:43:43Z</time></trkpt><trkpt lat="-39.3611720391" lon="-72.6347817108"><ele>107.44</ele><time>2024-09-27T03:43:44Z</time></trkpt><trkpt lat="-39.3611958437" lon="-72.6347391307"><ele>111.80</ele><time>2024-09-27T03:43:45Z</time></trkpt><trkpt lat="-39.3612607196" lon="-72.6347101294"><ele>105.64</ele><time>2024-09-27T03:43:46Z</time></trkpt><trkpt lat="-39.3613230810" lon="-72.6346666273"><ele>106.54</ele><time>2024-09-27T03:43:47Z</time></trkpt><trkpt lat="-39.3613949977" lon="-72.6346137375"><ele>106.73</ele><time>2024-09-27T03:43:48Z</time></trkpt><trkpt lat="-39.3619886041" lon="-72.6340847556"><ele>107.58</ele><time>2024-09-27T03:43:58Z</time></trkpt><trkpt lat="-39.3627295643" lon="-72.6334043127"><ele>106.97</ele><time>2024-09-27T03:44:13Z</time></trkpt><trkpt lat="-39.3632617313" lon="-72.6328690443"><ele>107.90</ele><time>2024-09-27T03:44:26Z</time></trkpt><trkpt lat="-39.3636910524" lon="-72.6324527990"><ele>108.94</ele><time>2024-09-27T03:44:37Z</time></trkpt><trkpt lat="-39.3642700743" lon="-72.6318600308"><ele>108.91</ele><time>2024-09-27T03:44:48Z</time></trkpt><trkpt lat="-39.3651193287" lon="-72.6310684439"><ele>110.79</ele><time>2024-09-27T03:45:03Z</time></trkpt><trkpt lat="-39.3652111106" lon="-72.6309863850"><ele>108.94</ele><time>2024-09-27T03:45:05Z</time></trkpt><trkpt lat="-39.3652548641" lon="-72.6309604011"><ele>108.20</ele><time>2024-09-27T03:45:06Z</time></trkpt><trkpt lat="-39.3652984500" lon="-72.6309479121"><ele>108.93</ele><time>2024-09-27T03:45:07Z</time></trkpt><trkpt lat="-39.3653401081" lon="-72.6309466548"><ele>109.75</ele><time>2024-09-27T03:45:08Z</time></trkpt><trkpt lat="-39.3653807603" lon="-72.6309573837"><ele>110.20</ele><time>2024-09-27T03:45:09Z</time></trkpt><trkpt lat="-39.3654204905" lon="-72.6309775002"><ele>108.89</ele><time>2024-09-27T03:45:10Z</time></trkpt><trkpt lat="-39.3654639926" lon="-72.6310063340"><ele>110.39</ele><time>2024-09-27T03:45:11Z</time></trkpt><trkpt lat="-39.3655140325" lon="-72.6310471538"><ele>109.71</ele><time>2024-09-27T03:45:12Z</time></trkpt><trkpt lat="-39.3655689340" lon="-72.6310945116"><ele>109.57</ele><time>2024-09-27T03:45:13Z</time></trkpt><trkpt lat="-39.3661803938" lon="-72.6317477133"><ele>108.87</ele><time>2024-09-27T03:45:24Z</time></trkpt><trkpt lat="-39.3665601779" lon="-72.6323947124"><ele>108.39</ele><time>2024-09-27T03:45:32Z</time></trkpt><trkpt lat="-39.3668250460" lon="-72.6329135522"><ele>112.83</ele><time>2024-09-27T03:45:39Z</time></trkpt><trkpt lat="-39.3668700568" lon="-72.6330064237"><ele>110.97</ele><time>2024-09-27T03:45:40Z</time></trkpt><trkpt lat="-39.3669663649" lon="-72.6331875566"><ele>109.91</ele><time>2024-09-27T03:45:42Z</time></trkpt><trkpt lat="-39.3673624098" lon="-72.6339348871"><ele>109.44</ele><time>2024-09-27T03:45:54Z</time></trkpt><trkpt lat="-39.3673550338" lon="-72.6339778025"><ele>109.85</ele><time>2024-09-27T03:45:56Z</time></trkpt><trkpt lat="-39.3673427124" lon="-72.6340059657"><ele>109.73</ele><time>2024-09-27T03:45:57Z</time></trkpt><trkpt lat="-39.3673246913" lon="-72.6340356376"><ele>109.74</ele><time>2024-09-27T03:45:58Z</time></trkpt><trkpt lat="-39.3672953546" lon="-72.6340626273"><ele>109.70</ele><time>2024-09-27T03:45:59Z</time></trkpt><trkpt lat="-39.3672645092" lon="-72.6340959035"><ele>109.54</ele><time>2024-09-27T03:46:00Z</time></trkpt><trkpt lat="-39.3666665442" lon="-72.6346427388"><ele>110.07</ele><time>2024-09-27T03:46:12Z</time></trkpt><trkpt lat="-39.3659637216" lon="-72.6353680249"><ele>109.68</ele><time>2024-09-27T03:46:25Z</time></trkpt><trkpt lat="-39.3654382601" lon="-72.6358598750"><ele>109.03</ele><time>2024-09-27T03:46:36Z</time></trkpt><trkpt lat="-39.3645248003" lon="-72.6367430761"><ele>109.08</ele><time>2024-09-27T03:46:51Z</time></trkpt><trkpt lat="-39.3635207321" lon="-72.6376719587"><ele>108.71</ele><time>2024-09-27T03:47:06Z</time></trkpt><trkpt lat="-39.3624862377" lon="-72.6385851670"><ele>108.87</ele><time>2024-09-27T03:47:21Z</time></trkpt><trkpt lat="-39.3616389111" lon="-72.6394003071"><ele>109.50</ele><time>2024-09-27T03:47:34Z</time></trkpt><trkpt lat="-39.3613779824" lon="-72.6395880617"><ele>109.20</ele><time>2024-09-27T03:47:38Z</time></trkpt><trkpt lat="-39.3612398487" lon="-72.6396264508"><ele>108.64</ele><time>2024-09-27T03:47:40Z</time></trkpt><trkpt lat="-39.3611686025" lon="-72.6396210026"><ele>108.54</ele><time>2024-09-27T03:47:41Z</time></trkpt><trkpt lat="-39.3611005414" lon="-72.6396065019"><ele>108.28</ele><time>2024-09-27T03:47:42Z</time></trkpt><trkpt lat="-39.3610271998" lon="-72.6395842899"><ele>108.27</ele><time>2024-09-27T03:47:43Z</time></trkpt><trkpt lat="-39.3609547801" lon="-72.6395539474"><ele>108.42</ele><time>2024-09-27T03:47:44Z</time></trkpt><trkpt lat="-39.3608944304" lon="-72.6395143848"><ele>108.42</ele><time>2024-09-27T03:47:45Z</time></trkpt><trkpt lat="-39.3608382717" lon="-72.6394742355"><ele>108.48</ele><time>2024-09-27T03:47:46Z</time></trkpt><trkpt lat="-39.3606167380" lon="-72.6393288933"><ele>107.67</ele><time>2024-09-27T03:47:50Z</time></trkpt><trkpt lat="-39.3605633453" lon="-72.6393194217"><ele>107.98</ele><time>2024-09-27T03:47:51Z</time></trkpt><trkpt lat="-39.3605043367" lon="-72.6393287256"><ele>108.04</ele><time>2024-09-27T03:47:52Z</time></trkpt><trkpt lat="-39.3604406342" lon="-72.6393554639"><ele>108.45</ele><time>2024-09-27T03:47:53Z</time></trkpt><trkpt lat="-39.3603838887" lon="-72.6393937692"><ele>108.98</ele><time>2024-09-27T03:47:54Z</time></trkpt><trkpt lat="-39.3603257183" lon="-72.6394353434"><ele>108.67</ele><time>2024-09-27T03:47:55Z</time></trkpt><trkpt lat="-39.3601533026" lon="-72.6395455655"><ele>108.32</ele><time>2024-09-27T03:47:58Z</time></trkpt><trkpt lat="-39.3600823916" lon="-72.6395629160"><ele>108.24</ele><time>2024-09-27T03:47:59Z</time></trkpt><trkpt lat="-39.3599816412" lon="-72.6395676937"><ele>108.37</ele><time>2024-09-27T03:48:00Z</time></trkpt><trkpt lat="-39.3597611133" lon="-72.6396069210"><ele>107.97</ele><time>2024-09-27T03:48:03Z</time></trkpt><trkpt lat="-39.3595451117" lon="-72.6397028100"><ele>107.40</ele><time>2024-09-27T03:48:06Z</time></trkpt><trkpt lat="-39.3594808225" lon="-72.6397464797"><ele>107.98</ele><time>2024-09-27T03:48:07Z</time></trkpt><trkpt lat="-39.3593213148" lon="-72.6398904808"><ele>108.86</ele><time>2024-09-27T03:48:10Z</time></trkpt><trkpt lat="-39.3593437783" lon="-72.6399784070"><ele>108.76</ele><time>2024-09-27T03:48:11Z</time></trkpt><trkpt lat="-39.3593408447" lon="-72.6400502399"><ele>108.03</ele><time>2024-09-27T03:48:12Z</time></trkpt><trkpt lat="-39.3593448680" lon="-72.6401170436"><ele>108.30</ele><time>2024-09-27T03:48:13Z</time></trkpt><trkpt lat="-39.3593426049" lon="-72.6401853561"><ele>108.71</ele><time>2024-09-27T03:48:14Z</time></trkpt><trkpt lat="-39.3593472149" lon="-72.6402521599"><ele>109.20</ele><time>2024-09-27T03:48:15Z</time></trkpt><trkpt lat="-39.3593561836" lon="-72.6403208077"><ele>109.14</ele><time>2024-09-27T03:48:16Z</time></trkpt><trkpt lat="-39.3593706004" lon="-72.6403853483"><ele>108.85</ele><time>2024-09-27T03:48:17Z</time></trkpt><trkpt lat="-39.3593933154" lon="-72.6404550020"><ele>108.82</ele><time>2024-09-27T03:48:18Z</time></trkpt><trkpt lat="-39.3594348058" lon="-72.6405322831"><ele>108.93</ele><time>2024-09-27T03:48:19Z</time></trkpt><trkpt lat="-39.3594799004" lon="-72.6406087261"><ele>108.84</ele><time>2024-09-27T03:48:20Z</time></trkpt><trkpt lat="-39.3595252465" lon="-72.6406664774"><ele>108.78</ele><time>2024-09-27T03:48:21Z</time></trkpt><trkpt lat="-39.3595778849" lon="-72.6407159306"><ele>108.98</ele><time>2024-09-27T03:48:22Z</time></trkpt><trkpt lat="-39.3596300203" lon="-72.6407553256"><ele>108.03</ele><time>2024-09-27T03:48:23Z</time></trkpt><trkpt lat="-39.3596901186" lon="-72.6407839917"><ele>108.77</ele><time>2024-09-27T03:48:24Z</time></trkpt><trkpt lat="-39.3597514741" lon="-72.6408114843"><ele>109.70</ele><time>2024-09-27T03:48:25Z</time></trkpt><trkpt lat="-39.3598191161" lon="-72.6408308465"><ele>109.77</ele><time>2024-09-27T03:48:26Z</time></trkpt><trkpt lat="-39.3598890211" lon="-72.6408481132"><ele>109.68</ele><time>2024-09-27T03:48:27Z</time></trkpt><trkpt lat="-39.3602584116" lon="-72.6409233827"><ele>111.28</ele><time>2024-09-27T03:48:33Z</time></trkpt><trkpt lat="-39.3602942862" lon="-72.6409394760"><ele>108.45</ele><time>2024-09-27T03:48:34Z</time></trkpt><trkpt lat="-39.3603152409" lon="-72.6409496181"><ele>108.71</ele><time>2024-09-27T03:48:35Z</time></trkpt><trkpt lat="-39.3603594135" lon="-72.6409648731"><ele>110.08</ele><time>2024-09-27T03:48:40Z</time></trkpt><trkpt lat="-39.3603601679" lon="-72.6409544796"><ele>113.86</ele><time>2024-09-27T03:48:49Z</time></trkpt><trkpt lat="-39.3603497744" lon="-72.6409397274"><ele>109.59</ele><time>2024-09-27T03:48:51Z</time></trkpt><trkpt lat="-39.3604065198" lon="-72.6409138273"><ele>110.13</ele><time>2024-09-27T03:49:05Z</time></trkpt><trkpt lat="-39.3604670372" lon="-72.6408565789"><ele>110.19</ele><time>2024-09-27T03:49:22Z</time></trkpt><trkpt lat="-39.3604532909" lon="-72.6408816408"><ele>110.25</ele><time>2024-09-27T03:49:41Z</time></trkpt></trkseg></trk></gpx>