<?xml version="1.0" encoding="UTF-8" standalone="no" ?><gpx xmlns="http://www.topografix.com/GPX/1/1" xmlns:gpxx="http://www.garmin.com/xmlschemas/GpxExtensions/v3" xmlns:gpxtrkx="http://www.garmin.com/xmlschemas/TrackStatsExtension/v1" xmlns:wptx1="http://www.garmin.com/xmlschemas/WaypointExtension/v1" xmlns:gpxtpx="http://www.garmin.com/xmlschemas/TrackPointExtension/v1" creator="GPSMAP 64sx" version="1.1" xmlns:xsi="http://www.w3.org/2001/XMLSchema-instance" xsi:schemaLocation="http://www.topografix.com/GPX/1/1 http://www.topografix.com/GPX/1/1/gpx.xsd http://www.garmin.com/xmlschemas/GpxExtensions/v3 http://www8.garmin.com/xmlschemas/GpxExtensionsv3.xsd http://www.garmin.com/xmlschemas/TrackStatsExtension/v1 http://www8.garmin.com/xmlschemas/TrackStatsExtension.xsd http://www.garmin.com/xmlschemas/WaypointExtension/v1 http://www8.garmin.com/xmlschemas/WaypointExtensionv1.xsd http://www.garmin.com/xmlschemas/TrackPointExtension/v1 http://www.garmin.com/xmlschemas/TrackPointExtensionv1.xsd"><metadata><link href="http://www.garmin.com"><text>Garmin International</text></link><time>2024-07-28T03:36:42Z</time></metadata><trk><name>2024-07-27 23:36:36</name><extensions><gpxx:TrackExtension><gpxx:DisplayColor>Cyan</gpxx:DisplayColor></gpxx:TrackExtension><gpxtrkx:TrackStatsExtension><gpxtrkx:Distance>34177.000</gpxtrkx:Distance><gpxtrkx:TotalElapsedTime>6798</gpxtrkx:TotalElapsedTime><gpxtrkx:MovingTime>6410</gpxtrkx:MovingTime><gpxtrkx:StoppedTime>385</gpxtrkx:StoppedTime><gpxtrkx:MovingSpeed>5.332</gpxtrkx:MovingSpeed><gpxtrkx:MaxSpeed>15.547</gpxtrkx:MaxSpeed><gpxtrkx:MaxElevation>128.090</gpxtrkx:MaxElevation><gpxtrkx:MinElevation>103.088</gpxtrkx:MinElevation><gpxtrkx:Ascent>138.000</gpxtrkx:Ascent><gpxtrkx:Descent>137.411</gpxtrkx:Descent><gpxtrkx:AvgAscentRate>0.046</gpxtrkx:AvgAscentRate><gpxtrkx:MaxAscentRate>0.507</gpxtrkx:MaxAscentRate><gpxtrkx:AvgDescentRate>0.061</gpxtrkx:AvgDescentRate><gpxtrkx:MaxDescentRate>-0.482</gpxtrkx:MaxDescentRate></gpxtrkx:TrackStatsExtension></extensions><trkseg><trkpt lat="-39.3590555247" lon="-72.6211377326"><ele>118.96</ele><time>2024-07-28T01:43:24Z</time></trkpt><trkpt lat="-39.3590556085" lon="-72.6211377326"><ele>118.96</ele><time>2024-07-28T01:43:25Z</time></trkpt><trkpt lat="-39.3590551894" lon="-72.6211383194"><ele>112.52</ele><time>2024-07-28T01:43:28Z</time></trkpt><trkpt lat="-39.3590549380" lon="-72.6211388223"><ele>112.52</ele><time>2024-07-28T01:43:29Z</time></trkpt><trkpt lat="-39.3590537645" lon="-72.6211408339"><ele>116.10</ele><time>2024-07-28T01:43:46Z</time></trkpt><trkpt lat="-39.3590541836" lon="-72.6211407501"><ele>116.10</ele><time>2024-07-28T01:43:47Z</time></trkpt><trkpt lat="-39.3590555247" lon="-72.6211376488"><ele>112.42</ele><time>2024-07-28T01:43:52Z</time></trkpt><trkpt lat="-39.3590558600" lon="-72.6211373135"><ele>112.37</ele><time>2024-07-28T01:43:53Z</time></trkpt><trkpt lat="-39.3590659183" lon="-72.6211233996"><ele>112.09</ele><time>2024-07-28T01:44:31Z</time></trkpt><trkpt lat="-39.3590710312" lon="-72.6211232319"><ele>112.11</ele><time>2024-07-28T01:44:38Z</time></trkpt><trkpt lat="-39.3591101747" lon="-72.6211981662"><ele>112.16</ele><time>2024-07-28T01:44:42Z</time></trkpt><trkpt lat="-39.3594388291" lon="-72.6218131464"><ele>109.66</ele><time>2024-07-28T01:44:53Z</time></trkpt><trkpt lat="-39.3598362152" lon="-72.6225292962"><ele>107.88</ele><time>2024-07-28T01:45:02Z</time></trkpt><trkpt lat="-39.3598904461" lon="-72.6225945912"><ele>107.62</ele><time>2024-07-28T01:45:03Z</time></trkpt><trkpt lat="-39.3599492870" lon="-72.6226511691"><ele>107.32</ele><time>2024-07-28T01:45:04Z</time></trkpt><trkpt lat="-39.3600776978" lon="-72.6227535121"><ele>106.84</ele><time>2024-07-28T01:45:06Z</time></trkpt><trkpt lat="-39.3601510394" lon="-72.6227947511"><ele>106.53</ele><time>2024-07-28T01:45:07Z</time></trkpt><trkpt lat="-39.3602257222" lon="-72.6228239201"><ele>106.42</ele><time>2024-07-28T01:45:08Z</time></trkpt><trkpt lat="-39.3602996506" lon="-72.6228414383"><ele>106.21</ele><time>2024-07-28T01:45:09Z</time></trkpt><trkpt lat="-39.3603736628" lon="-72.6228506584"><ele>106.08</ele><time>2024-07-28T01:45:10Z</time></trkpt><trkpt lat="-39.3612666707" lon="-72.6230449509"><ele>108.23</ele><time>2024-07-28T01:45:22Z</time></trkpt><trkpt lat="-39.3619492091" lon="-72.6236402337"><ele>107.34</ele><time>2024-07-28T01:45:32Z</time></trkpt><trkpt lat="-39.3623290770" lon="-72.6240216102"><ele>106.40</ele><time>2024-07-28T01:45:38Z</time></trkpt><trkpt lat="-39.3624030054" lon="-72.6240633521"><ele>106.34</ele><time>2024-07-28T01:45:39Z</time></trkpt><trkpt lat="-39.3624813762" lon="-72.6240967121"><ele>106.39</ele><time>2024-07-28T01:45:40Z</time></trkpt><trkpt lat="-39.3625595793" lon="-72.6241205167"><ele>106.42</ele><time>2024-07-28T01:45:41Z</time></trkpt><trkpt lat="-39.3626373634" lon="-72.6241347659"><ele>106.52</ele><time>2024-07-28T01:45:42Z</time></trkpt><trkpt lat="-39.3627157342" lon="-72.6241440699"><ele>106.59</ele><time>2024-07-28T01:45:43Z</time></trkpt><trkpt lat="-39.3633385096" lon="-72.6242079400"><ele>107.29</ele><time>2024-07-28T01:45:51Z</time></trkpt><trkpt lat="-39.3634115160" lon="-72.6242404617"><ele>107.37</ele><time>2024-07-28T01:45:52Z</time></trkpt><trkpt lat="-39.3634807505" lon="-72.6242823713"><ele>107.52</ele><time>2024-07-28T01:45:53Z</time></trkpt><trkpt lat="-39.3638138473" lon="-72.6245800126"><ele>107.44</ele><time>2024-07-28T01:46:01Z</time></trkpt><trkpt lat="-39.3638262525" lon="-72.6245776657"><ele>107.51</ele><time>2024-07-28T01:46:02Z</time></trkpt><trkpt lat="-39.3638349697" lon="-72.6245729718"><ele>107.49</ele><time>2024-07-28T01:46:03Z</time></trkpt><trkpt lat="-39.3638438545" lon="-72.6245552022"><ele>107.42</ele><time>2024-07-28T01:46:04Z</time></trkpt><trkpt lat="-39.3638534937" lon="-72.6245299727"><ele>107.24</ele><time>2024-07-28T01:46:05Z</time></trkpt><trkpt lat="-39.3638565950" lon="-72.6244911645"><ele>107.20</ele><time>2024-07-28T01:46:06Z</time></trkpt><trkpt lat="-39.3638579361" lon="-72.6244428847"><ele>107.06</ele><time>2024-07-28T01:46:07Z</time></trkpt><trkpt lat="-39.3638622947" lon="-72.6243896596"><ele>106.87</ele><time>2024-07-28T01:46:08Z</time></trkpt><trkpt lat="-39.3637780566" lon="-72.6238104701"><ele>105.28</ele><time>2024-07-28T01:46:20Z</time></trkpt><trkpt lat="-39.3632639106" lon="-72.6233399939"><ele>105.72</ele><time>2024-07-28T01:46:33Z</time></trkpt><trkpt lat="-39.3632396869" lon="-72.6232994255"><ele>105.78</ele><time>2024-07-28T01:46:34Z</time></trkpt><trkpt lat="-39.3632212467" lon="-72.6232529059"><ele>105.88</ele><time>2024-07-28T01:46:35Z</time></trkpt><trkpt lat="-39.3632114399" lon="-72.6232009381"><ele>105.88</ele><time>2024-07-28T01:46:36Z</time></trkpt><trkpt lat="-39.3631914072" lon="-72.6227576192"><ele>106.06</ele><time>2024-07-28T01:46:45Z</time></trkpt><trkpt lat="-39.3632033095" lon="-72.6222638413"><ele>106.04</ele><time>2024-07-28T01:46:57Z</time></trkpt><trkpt lat="-39.3632080872" lon="-72.6222816948"><ele>106.08</ele><time>2024-07-28T01:47:03Z</time></trkpt><trkpt lat="-39.3633090053" lon="-72.6223000512"><ele>106.24</ele><time>2024-07-28T01:47:14Z</time></trkpt><trkpt lat="-39.3634996936" lon="-72.6224714611"><ele>106.20</ele><time>2024-07-28T01:47:24Z</time></trkpt><trkpt lat="-39.3635114282" lon="-72.6224693656"><ele>106.20</ele><time>2024-07-28T01:47:25Z</time></trkpt><trkpt lat="-39.3635341432" lon="-72.6224358380"><ele>106.16</ele><time>2024-07-28T01:47:27Z</time></trkpt><trkpt lat="-39.3635395076" lon="-72.6224017236"><ele>106.26</ele><time>2024-07-28T01:47:28Z</time></trkpt><trkpt lat="-39.3635418545" lon="-72.6223590598"><ele>106.29</ele><time>2024-07-28T01:47:29Z</time></trkpt><trkpt lat="-39.3635480572" lon="-72.6218868233"><ele>106.69</ele><time>2024-07-28T01:47:37Z</time></trkpt><trkpt lat="-39.3635514937" lon="-72.6214388944"><ele>106.83</ele><time>2024-07-28T01:47:48Z</time></trkpt><trkpt lat="-39.3635353167" lon="-72.6214102283"><ele>106.92</ele><time>2024-07-28T01:47:49Z</time></trkpt><trkpt lat="-39.3635124341" lon="-72.6213836577"><ele>106.96</ele><time>2024-07-28T01:47:50Z</time></trkpt><trkpt lat="-39.3632714543" lon="-72.6211871859"><ele>106.73</ele><time>2024-07-28T01:48:00Z</time></trkpt><trkpt lat="-39.3632568698" lon="-72.6211964060"><ele>106.63</ele><time>2024-07-28T01:48:01Z</time></trkpt><trkpt lat="-39.3632431235" lon="-72.6212129183"><ele>106.60</ele><time>2024-07-28T01:48:02Z</time></trkpt><trkpt lat="-39.3632339872" lon="-72.6212419197"><ele>106.66</ele><time>2024-07-28T01:48:03Z</time></trkpt><trkpt lat="-39.3632304668" lon="-72.6212788839"><ele>106.62</ele><time>2024-07-28T01:48:04Z</time></trkpt><trkpt lat="-39.3632283714" lon="-72.6213230565"><ele>106.65</ele><time>2024-07-28T01:48:05Z</time></trkpt><trkpt lat="-39.3631691113" lon="-72.6217129827"><ele>106.57</ele><time>2024-07-28T01:48:14Z</time></trkpt><trkpt lat="-39.3631458096" lon="-72.6217220351"><ele>106.62</ele><time>2024-07-28T01:48:15Z</time></trkpt><trkpt lat="-39.3631132040" lon="-72.6217251364"><ele>106.75</ele><time>2024-07-28T01:48:16Z</time></trkpt><trkpt lat="-39.3630741443" lon="-72.6217239629"><ele>106.78</ele><time>2024-07-28T01:48:17Z</time></trkpt><trkpt lat="-39.3630340789" lon="-72.6217209455"><ele>106.77</ele><time>2024-07-28T01:48:18Z</time></trkpt><trkpt lat="-39.3625734095" lon="-72.6217218675"><ele>106.84</ele><time>2024-07-28T01:48:31Z</time></trkpt><trkpt lat="-39.3625616748" lon="-72.6217387989"><ele>106.93</ele><time>2024-07-28T01:48:32Z</time></trkpt><trkpt lat="-39.3625552207" lon="-72.6217622682"><ele>106.91</ele><time>2024-07-28T01:48:33Z</time></trkpt><trkpt lat="-39.3625536282" lon="-72.6217890903"><ele>106.92</ele><time>2024-07-28T01:48:34Z</time></trkpt><trkpt lat="-39.3625527062" lon="-72.6218176726"><ele>107.03</ele><time>2024-07-28T01:48:35Z</time></trkpt><trkpt lat="-39.3625513650" lon="-72.6218454167"><ele>107.13</ele><time>2024-07-28T01:48:36Z</time></trkpt><trkpt lat="-39.3625433184" lon="-72.6218960434"><ele>107.11</ele><time>2024-07-28T01:48:38Z</time></trkpt><trkpt lat="-39.3625289015" lon="-72.6219182555"><ele>107.09</ele><time>2024-07-28T01:48:39Z</time></trkpt><trkpt lat="-39.3625095394" lon="-72.6219372824"><ele>107.22</ele><time>2024-07-28T01:48:40Z</time></trkpt><trkpt lat="-39.3624840584" lon="-72.6219506096"><ele>107.34</ele><time>2024-07-28T01:48:41Z</time></trkpt><trkpt lat="-39.3624561466" lon="-72.6219593268"><ele>107.21</ele><time>2024-07-28T01:48:42Z</time></trkpt><trkpt lat="-39.3619757798" lon="-72.6219624281"><ele>107.07</ele><time>2024-07-28T01:48:57Z</time></trkpt><trkpt lat="-39.3618130032" lon="-72.6216852386"><ele>106.77</ele><time>2024-07-28T01:49:08Z</time></trkpt><trkpt lat="-39.3620704953" lon="-72.6215766929"><ele>106.70</ele><time>2024-07-28T01:49:19Z</time></trkpt><trkpt lat="-39.3625055160" lon="-72.6215181034"><ele>106.97</ele><time>2024-07-28T01:49:32Z</time></trkpt><trkpt lat="-39.3625595793" lon="-72.6211123355"><ele>106.92</ele><time>2024-07-28T01:49:41Z</time></trkpt><trkpt lat="-39.3625941128" lon="-72.6206147019"><ele>106.79</ele><time>2024-07-28T01:49:50Z</time></trkpt><trkpt lat="-39.3626205157" lon="-72.6205882989"><ele>106.73</ele><time>2024-07-28T01:49:51Z</time></trkpt><trkpt lat="-39.3626582343" lon="-72.6205727924"><ele>106.69</ele><time>2024-07-28T01:49:52Z</time></trkpt><trkpt lat="-39.3626992218" lon="-72.6205660030"><ele>106.84</ele><time>2024-07-28T01:49:53Z</time></trkpt><trkpt lat="-39.3627473339" lon="-72.6205639075"><ele>106.83</ele><time>2024-07-28T01:49:54Z</time></trkpt><trkpt lat="-39.3627962843" lon="-72.6205666736"><ele>106.77</ele><time>2024-07-28T01:49:55Z</time></trkpt><trkpt lat="-39.3635719456" lon="-72.6205845270"><ele>107.14</ele><time>2024-07-28T01:50:10Z</time></trkpt><trkpt lat="-39.3639739417" lon="-72.6205349900"><ele>107.09</ele><time>2024-07-28T01:50:22Z</time></trkpt><trkpt lat="-39.3639564235" lon="-72.6201261207"><ele>107.21</ele><time>2024-07-28T01:50:32Z</time></trkpt><trkpt lat="-39.3636028748" lon="-72.6200872287"><ele>107.52</ele><time>2024-07-28T01:50:43Z</time></trkpt><trkpt lat="-39.3630287983" lon="-72.6200635917"><ele>107.48</ele><time>2024-07-28T01:50:54Z</time></trkpt><trkpt lat="-39.3626625929" lon="-72.6200615801"><ele>106.76</ele><time>2024-07-28T01:51:05Z</time></trkpt><trkpt lat="-39.3626211863" lon="-72.6200368535"><ele>106.60</ele><time>2024-07-28T01:51:08Z</time></trkpt><trkpt lat="-39.3626110442" lon="-72.6200142223"><ele>106.60</ele><time>2024-07-28T01:51:09Z</time></trkpt><trkpt lat="-39.3626032490" lon="-72.6199807785"><ele>106.72</ele><time>2024-07-28T01:51:10Z</time></trkpt><trkpt lat="-39.3626007345" lon="-72.6199397910"><ele>106.63</ele><time>2024-07-28T01:51:11Z</time></trkpt><trkpt lat="-39.3626008183" lon="-72.6198929362"><ele>106.68</ele><time>2024-07-28T01:51:12Z</time></trkpt><trkpt lat="-39.3626619224" lon="-72.6196349412"><ele>106.62</ele><time>2024-07-28T01:51:18Z</time></trkpt><trkpt lat="-39.3626882415" lon="-72.6196192671"><ele>106.68</ele><time>2024-07-28T01:51:19Z</time></trkpt><trkpt lat="-39.3627243675" lon="-72.6196118072"><ele>106.59</ele><time>2024-07-28T01:51:20Z</time></trkpt><trkpt lat="-39.3627690431" lon="-72.6196124777"><ele>106.72</ele><time>2024-07-28T01:51:21Z</time></trkpt><trkpt lat="-39.3628158141" lon="-72.6196146570"><ele>106.79</ele><time>2024-07-28T01:51:22Z</time></trkpt><trkpt lat="-39.3637137674" lon="-72.6196329296"><ele>107.98</ele><time>2024-07-28T01:51:40Z</time></trkpt><trkpt lat="-39.3639736064" lon="-72.6196374558"><ele>107.48</ele><time>2024-07-28T01:51:47Z</time></trkpt><trkpt lat="-39.3639942259" lon="-72.6196133159"><ele>107.48</ele><time>2024-07-28T01:51:48Z</time></trkpt><trkpt lat="-39.3640119955" lon="-72.6195765194"><ele>107.58</ele><time>2024-07-28T01:51:49Z</time></trkpt><trkpt lat="-39.3640242331" lon="-72.6195308380"><ele>107.67</ele><time>2024-07-28T01:51:50Z</time></trkpt><trkpt lat="-39.3640302680" lon="-72.6194812171"><ele>107.74</ele><time>2024-07-28T01:51:51Z</time></trkpt><trkpt lat="-39.3640334532" lon="-72.6194312610"><ele>107.71</ele><time>2024-07-28T01:51:52Z</time></trkpt><trkpt lat="-39.3639822397" lon="-72.6192052010"><ele>107.79</ele><time>2024-07-28T01:51:58Z</time></trkpt><trkpt lat="-39.3639580999" lon="-72.6191915385"><ele>107.82</ele><time>2024-07-28T01:51:59Z</time></trkpt><trkpt lat="-39.3639286794" lon="-72.6191826537"><ele>107.91</ele><time>2024-07-28T01:52:00Z</time></trkpt><trkpt lat="-39.3638929725" lon="-72.6191779599"><ele>107.91</ele><time>2024-07-28T01:52:01Z</time></trkpt><trkpt lat="-39.3638535775" lon="-72.6191762835"><ele>108.04</ele><time>2024-07-28T01:52:02Z</time></trkpt><trkpt lat="-39.3631984480" lon="-72.6191506349"><ele>107.50</ele><time>2024-07-28T01:52:18Z</time></trkpt><trkpt lat="-39.3627486750" lon="-72.6191223878"><ele>107.08</ele><time>2024-07-28T01:52:32Z</time></trkpt><trkpt lat="-39.3627399579" lon="-72.6191035286"><ele>107.00</ele><time>2024-07-28T01:52:33Z</time></trkpt><trkpt lat="-39.3627357669" lon="-72.6190767065"><ele>107.06</ele><time>2024-07-28T01:52:34Z</time></trkpt><trkpt lat="-39.3627389520" lon="-72.6190410834"><ele>107.17</ele><time>2024-07-28T01:52:35Z</time></trkpt><trkpt lat="-39.3627489265" lon="-72.6190011017"><ele>107.09</ele><time>2024-07-28T01:52:36Z</time></trkpt><trkpt lat="-39.3627644330" lon="-72.6189599466"><ele>107.08</ele><time>2024-07-28T01:52:37Z</time></trkpt><trkpt lat="-39.3627829570" lon="-72.6189148519"><ele>107.15</ele><time>2024-07-28T01:52:38Z</time></trkpt><trkpt lat="-39.3629137147" lon="-72.6187211461"><ele>107.45</ele><time>2024-07-28T01:52:44Z</time></trkpt><trkpt lat="-39.3629479967" lon="-72.6187155303"><ele>107.41</ele><time>2024-07-28T01:52:45Z</time></trkpt><trkpt lat="-39.3629863020" lon="-72.6187145244"><ele>107.47</ele><time>2024-07-28T01:52:46Z</time></trkpt><trkpt lat="-39.3636226561" lon="-72.6187343057"><ele>108.23</ele><time>2024-07-28T01:53:00Z</time></trkpt><trkpt lat="-39.3640126660" lon="-72.6187269296"><ele>108.48</ele><time>2024-07-28T01:53:12Z</time></trkpt><trkpt lat="-39.3640247360" lon="-72.6183587126"><ele>108.51</ele><time>2024-07-28T01:53:23Z</time></trkpt><trkpt lat="-39.3637032900" lon="-72.6183047332"><ele>108.66</ele><time>2024-07-28T01:53:33Z</time></trkpt><trkpt lat="-39.3631604780" lon="-72.6182849519"><ele>107.96</ele><time>2024-07-28T01:53:49Z</time></trkpt><trkpt lat="-39.3631484918" lon="-72.6182708703"><ele>108.02</ele><time>2024-07-28T01:53:50Z</time></trkpt><trkpt lat="-39.3631431274" lon="-72.6182512566"><ele>108.03</ele><time>2024-07-28T01:53:51Z</time></trkpt><trkpt lat="-39.3631429598" lon="-72.6182278711"><ele>108.02</ele><time>2024-07-28T01:53:52Z</time></trkpt><trkpt lat="-39.3631508388" lon="-72.6182010490"><ele>108.10</ele><time>2024-07-28T01:53:53Z</time></trkpt><trkpt lat="-39.3631646689" lon="-72.6181667671"><ele>108.19</ele><time>2024-07-28T01:53:54Z</time></trkpt><trkpt lat="-39.3633170519" lon="-72.6178728975"><ele>108.32</ele><time>2024-07-28T01:54:02Z</time></trkpt><trkpt lat="-39.3633477297" lon="-72.6178681199"><ele>108.39</ele><time>2024-07-28T01:54:03Z</time></trkpt><trkpt lat="-39.3633832689" lon="-72.6178670302"><ele>108.42</ele><time>2024-07-28T01:54:04Z</time></trkpt><trkpt lat="-39.3638393283" lon="-72.6178677846"><ele>108.74</ele><time>2024-07-28T01:54:16Z</time></trkpt><trkpt lat="-39.3640041165" lon="-72.6178469975"><ele>108.57</ele><time>2024-07-28T01:54:26Z</time></trkpt><trkpt lat="-39.3640154321" lon="-72.6178244501"><ele>108.73</ele><time>2024-07-28T01:54:27Z</time></trkpt><trkpt lat="-39.3640264124" lon="-72.6177890785"><ele>108.72</ele><time>2024-07-28T01:54:28Z</time></trkpt><trkpt lat="-39.3640352134" lon="-72.6177485939"><ele>108.75</ele><time>2024-07-28T01:54:29Z</time></trkpt><trkpt lat="-39.3640412483" lon="-72.6177068520"><ele>108.66</ele><time>2024-07-28T01:54:30Z</time></trkpt><trkpt lat="-39.3640439305" lon="-72.6176636852"><ele>108.74</ele><time>2024-07-28T01:54:31Z</time></trkpt><trkpt lat="-39.3638708442" lon="-72.6174046006"><ele>108.79</ele><time>2024-07-28T01:54:42Z</time></trkpt><trkpt lat="-39.3634984363" lon="-72.6173911057"><ele>108.52</ele><time>2024-07-28T01:54:53Z</time></trkpt><trkpt lat="-39.3634872884" lon="-72.6173792034"><ele>108.48</ele><time>2024-07-28T01:54:54Z</time></trkpt><trkpt lat="-39.3634801637" lon="-72.6173585001"><ele>108.55</ele><time>2024-07-28T01:54:55Z</time></trkpt><trkpt lat="-39.3634812534" lon="-72.6173253916"><ele>108.57</ele><time>2024-07-28T01:54:56Z</time></trkpt><trkpt lat="-39.3634883780" lon="-72.6172794588"><ele>108.61</ele><time>2024-07-28T01:54:57Z</time></trkpt><trkpt lat="-39.3634986039" lon="-72.6172310114"><ele>108.72</ele><time>2024-07-28T01:54:58Z</time></trkpt><trkpt lat="-39.3636574410" lon="-72.6169838291"><ele>108.80</ele><time>2024-07-28T01:55:05Z</time></trkpt><trkpt lat="-39.3636980932" lon="-72.6169780456"><ele>108.82</ele><time>2024-07-28T01:55:06Z</time></trkpt><trkpt lat="-39.3640272506" lon="-72.6170927938"><ele>109.20</ele><time>2024-07-28T01:55:15Z</time></trkpt><trkpt lat="-39.3640329503" lon="-72.6171471085"><ele>109.33</ele><time>2024-07-28T01:55:16Z</time></trkpt><trkpt lat="-39.3640164379" lon="-72.6180103607"><ele>109.13</ele><time>2024-07-28T01:55:27Z</time></trkpt><trkpt lat="-39.3639729358" lon="-72.6198796928"><ele>108.53</ele><time>2024-07-28T01:55:45Z</time></trkpt><trkpt lat="-39.3639268354" lon="-72.6213704981"><ele>107.95</ele><time>2024-07-28T01:56:00Z</time></trkpt><trkpt lat="-39.3639019411" lon="-72.6215424109"><ele>107.82</ele><time>2024-07-28T01:56:02Z</time></trkpt><trkpt lat="-39.3638744485" lon="-72.6216970570"><ele>107.54</ele><time>2024-07-28T01:56:04Z</time></trkpt><trkpt lat="-39.3638705928" lon="-72.6217781939"><ele>107.62</ele><time>2024-07-28T01:56:05Z</time></trkpt><trkpt lat="-39.3638508115" lon="-72.6232539117"><ele>107.27</ele><time>2024-07-28T01:56:20Z</time></trkpt><trkpt lat="-39.3638181221" lon="-72.6243914198"><ele>107.29</ele><time>2024-07-28T01:56:33Z</time></trkpt><trkpt lat="-39.3637995981" lon="-72.6246696990"><ele>109.01</ele><time>2024-07-28T01:56:40Z</time></trkpt><trkpt lat="-39.3638262525" lon="-72.6247624028"><ele>109.03</ele><time>2024-07-28T01:56:42Z</time></trkpt><trkpt lat="-39.3638524041" lon="-72.6248127781"><ele>108.94</ele><time>2024-07-28T01:56:43Z</time></trkpt><trkpt lat="-39.3638869375" lon="-72.6248648297"><ele>108.94</ele><time>2024-07-28T01:56:44Z</time></trkpt><trkpt lat="-39.3640835769" lon="-72.6251526643"><ele>108.89</ele><time>2024-07-28T01:56:50Z</time></trkpt><trkpt lat="-39.3641219661" lon="-72.6251863595"><ele>108.80</ele><time>2024-07-28T01:56:51Z</time></trkpt><trkpt lat="-39.3641586788" lon="-72.6252013631"><ele>108.70</ele><time>2024-07-28T01:56:52Z</time></trkpt><trkpt lat="-39.3641942181" lon="-72.6251976751"><ele>108.75</ele><time>2024-07-28T01:56:53Z</time></trkpt><trkpt lat="-39.3642270751" lon="-72.6251798216"><ele>108.59</ele><time>2024-07-28T01:56:54Z</time></trkpt><trkpt lat="-39.3642514665" lon="-72.6251406781"><ele>108.43</ele><time>2024-07-28T01:56:55Z</time></trkpt><trkpt lat="-39.3642652128" lon="-72.6250914764"><ele>108.02</ele><time>2024-07-28T01:56:56Z</time></trkpt><trkpt lat="-39.3642740138" lon="-72.6250325516"><ele>107.89</ele><time>2024-07-28T01:56:57Z</time></trkpt><trkpt lat="-39.3642788753" lon="-72.6249649096"><ele>107.71</ele><time>2024-07-28T01:56:58Z</time></trkpt><trkpt lat="-39.3642805517" lon="-72.6248860359"><ele>107.40</ele><time>2024-07-28T01:56:59Z</time></trkpt><trkpt lat="-39.3643124867" lon="-72.6237204485"><ele>108.02</ele><time>2024-07-28T01:57:14Z</time></trkpt><trkpt lat="-39.3643143307" lon="-72.6225638296"><ele>108.11</ele><time>2024-07-28T01:57:31Z</time></trkpt><trkpt lat="-39.3643409014" lon="-72.6212876011"><ele>107.87</ele><time>2024-07-28T01:57:45Z</time></trkpt><trkpt lat="-39.3643747643" lon="-72.6197246276"><ele>107.74</ele><time>2024-07-28T01:58:01Z</time></trkpt><trkpt lat="-39.3644046877" lon="-72.6179871429"><ele>107.46</ele><time>2024-07-28T01:58:20Z</time></trkpt><trkpt lat="-39.3644087948" lon="-72.6161924098"><ele>109.77</ele><time>2024-07-28T01:58:38Z</time></trkpt><trkpt lat="-39.3644223735" lon="-72.6149709988"><ele>112.84</ele><time>2024-07-28T01:58:50Z</time></trkpt><trkpt lat="-39.3644481897" lon="-72.6142390911"><ele>116.09</ele><time>2024-07-28T01:58:58Z</time></trkpt><trkpt lat="-39.3644573260" lon="-72.6138845365"><ele>116.50</ele><time>2024-07-28T01:59:02Z</time></trkpt><trkpt lat="-39.3645429891" lon="-72.6134724822"><ele>118.06</ele><time>2024-07-28T01:59:07Z</time></trkpt><trkpt lat="-39.3645722419" lon="-72.6132345200"><ele>119.28</ele><time>2024-07-28T01:59:10Z</time></trkpt><trkpt lat="-39.3645752594" lon="-72.6127723418"><ele>122.17</ele><time>2024-07-28T01:59:16Z</time></trkpt><trkpt lat="-39.3645844795" lon="-72.6119998656"><ele>123.37</ele><time>2024-07-28T01:59:26Z</time></trkpt><trkpt lat="-39.3647262175" lon="-72.6118137874"><ele>123.96</ele><time>2024-07-28T01:59:31Z</time></trkpt><trkpt lat="-39.3653872982" lon="-72.6114692912"><ele>127.06</ele><time>2024-07-28T01:59:46Z</time></trkpt><trkpt lat="-39.3654406909" lon="-72.6114601549"><ele>127.51</ele><time>2024-07-28T01:59:48Z</time></trkpt><trkpt lat="-39.3654983584" lon="-72.6116511784"><ele>128.15</ele><time>2024-07-28T01:59:54Z</time></trkpt><trkpt lat="-39.3654104322" lon="-72.6119456347"><ele>128.07</ele><time>2024-07-28T02:00:06Z</time></trkpt><trkpt lat="-39.3651418760" lon="-72.6120847743"><ele>126.09</ele><time>2024-07-28T02:00:21Z</time></trkpt><trkpt lat="-39.3648449890" lon="-72.6122327149"><ele>124.01</ele><time>2024-07-28T02:00:38Z</time></trkpt><trkpt lat="-39.3645795342" lon="-72.6124069747"><ele>122.20</ele><time>2024-07-28T02:00:54Z</time></trkpt><trkpt lat="-39.3645688891" lon="-72.6127715036"><ele>121.42</ele><time>2024-07-28T02:01:03Z</time></trkpt><trkpt lat="-39.3645834737" lon="-72.6127982419"><ele>121.46</ele><time>2024-07-28T02:01:04Z</time></trkpt><trkpt lat="-39.3646854814" lon="-72.6128136646"><ele>121.79</ele><time>2024-07-28T02:01:08Z</time></trkpt><trkpt lat="-39.3651456479" lon="-72.6125785522"><ele>125.47</ele><time>2024-07-28T02:01:19Z</time></trkpt><trkpt lat="-39.3654467259" lon="-72.6124133449"><ele>127.51</ele><time>2024-07-28T02:01:27Z</time></trkpt><trkpt lat="-39.3655006215" lon="-72.6125336252"><ele>127.06</ele><time>2024-07-28T02:01:32Z</time></trkpt><trkpt lat="-39.3653598893" lon="-72.6129289158"><ele>124.64</ele><time>2024-07-28T02:01:42Z</time></trkpt><trkpt lat="-39.3649400398" lon="-72.6131540537"><ele>121.45</ele><time>2024-07-28T02:01:52Z</time></trkpt><trkpt lat="-39.3645876646" lon="-72.6133444905"><ele>118.39</ele><time>2024-07-28T02:02:02Z</time></trkpt><trkpt lat="-39.3644557334" lon="-72.6137922518"><ele>116.18</ele><time>2024-07-28T02:02:12Z</time></trkpt><trkpt lat="-39.3646683823" lon="-72.6138192415"><ele>117.15</ele><time>2024-07-28T02:02:18Z</time></trkpt><trkpt lat="-39.3650935963" lon="-72.6135926787"><ele>120.59</ele><time>2024-07-28T02:02:27Z</time></trkpt><trkpt lat="-39.3651937600" lon="-72.6135371067"><ele>121.44</ele><time>2024-07-28T02:02:29Z</time></trkpt><trkpt lat="-39.3656276911" lon="-72.6132976357"><ele>124.13</ele><time>2024-07-28T02:02:37Z</time></trkpt><trkpt lat="-39.3659109157" lon="-72.6127425861"><ele>127.19</ele><time>2024-07-28T02:02:46Z</time></trkpt><trkpt lat="-39.3659389112" lon="-72.6118861232"><ele>125.55</ele><time>2024-07-28T02:02:58Z</time></trkpt><trkpt lat="-39.3659552559" lon="-72.6118633244"><ele>124.96</ele><time>2024-07-28T02:03:00Z</time></trkpt><trkpt lat="-39.3659655657" lon="-72.6118585467"><ele>124.72</ele><time>2024-07-28T02:03:01Z</time></trkpt><trkpt lat="-39.3659808207" lon="-72.6118576247"><ele>124.60</ele><time>2024-07-28T02:03:02Z</time></trkpt><trkpt lat="-39.3659997638" lon="-72.6118631568"><ele>124.43</ele><time>2024-07-28T02:03:03Z</time></trkpt><trkpt lat="-39.3660202995" lon="-72.6118760649"><ele>124.24</ele><time>2024-07-28T02:03:04Z</time></trkpt><trkpt lat="-39.3660453614" lon="-72.6118989475"><ele>124.15</ele><time>2024-07-28T02:03:05Z</time></trkpt><trkpt lat="-39.3660749495" lon="-72.6119328104"><ele>123.99</ele><time>2024-07-28T02:03:06Z</time></trkpt><trkpt lat="-39.3661118299" lon="-72.6119744685"><ele>123.68</ele><time>2024-07-28T02:03:07Z</time></trkpt><trkpt lat="-39.3664538953" lon="-72.6123053022"><ele>120.56</ele><time>2024-07-28T02:03:14Z</time></trkpt><trkpt lat="-39.3668479286" lon="-72.6125855092"><ele>117.46</ele><time>2024-07-28T02:03:22Z</time></trkpt><trkpt lat="-39.3673839513" lon="-72.6128818933"><ele>114.21</ele><time>2024-07-28T02:03:35Z</time></trkpt><trkpt lat="-39.3675362505" lon="-72.6129965577"><ele>113.11</ele><time>2024-07-28T02:03:39Z</time></trkpt><trkpt lat="-39.3679385819" lon="-72.6133873221"><ele>110.81</ele><time>2024-07-28T02:03:52Z</time></trkpt><trkpt lat="-39.3679375760" lon="-72.6134189218"><ele>110.82</ele><time>2024-07-28T02:03:53Z</time></trkpt><trkpt lat="-39.3679281883" lon="-72.6134490967"><ele>110.61</ele><time>2024-07-28T02:03:54Z</time></trkpt><trkpt lat="-39.3679089937" lon="-72.6134762540"><ele>110.48</ele><time>2024-07-28T02:03:55Z</time></trkpt><trkpt lat="-39.3678840157" lon="-72.6135016512"><ele>110.32</ele><time>2024-07-28T02:03:56Z</time></trkpt><trkpt lat="-39.3678528350" lon="-72.6135262102"><ele>110.14</ele><time>2024-07-28T02:03:57Z</time></trkpt><trkpt lat="-39.3678167928" lon="-72.6135553792"><ele>110.05</ele><time>2024-07-28T02:03:58Z</time></trkpt><trkpt lat="-39.3677801639" lon="-72.6135857217"><ele>109.88</ele><time>2024-07-28T02:03:59Z</time></trkpt><trkpt lat="-39.3676297925" lon="-72.6137262862"><ele>109.12</ele><time>2024-07-28T02:04:08Z</time></trkpt><trkpt lat="-39.3676252663" lon="-72.6137439720"><ele>109.14</ele><time>2024-07-28T02:04:09Z</time></trkpt><trkpt lat="-39.3676228356" lon="-72.6137638371"><ele>108.99</ele><time>2024-07-28T02:04:10Z</time></trkpt><trkpt lat="-39.3676251825" lon="-72.6137862168"><ele>108.92</ele><time>2024-07-28T02:04:11Z</time></trkpt><trkpt lat="-39.3676325586" lon="-72.6138090994"><ele>108.83</ele><time>2024-07-28T02:04:12Z</time></trkpt><trkpt lat="-39.3676440418" lon="-72.6138318982"><ele>108.81</ele><time>2024-07-28T02:04:13Z</time></trkpt><trkpt lat="-39.3676596321" lon="-72.6138594747"><ele>108.83</ele><time>2024-07-28T02:04:14Z</time></trkpt><trkpt lat="-39.3678068183" lon="-72.6141276956"><ele>109.23</ele><time>2024-07-28T02:04:20Z</time></trkpt><trkpt lat="-39.3679347262" lon="-72.6144395862"><ele>109.39</ele><time>2024-07-28T02:04:29Z</time></trkpt><trkpt lat="-39.3679126818" lon="-72.6144745387"><ele>109.49</ele><time>2024-07-28T02:04:30Z</time></trkpt><trkpt lat="-39.3678785674" lon="-72.6145118382"><ele>109.43</ele><time>2024-07-28T02:04:31Z</time></trkpt><trkpt lat="-39.3676536810" lon="-72.6146353874"><ele>109.12</ele><time>2024-07-28T02:04:39Z</time></trkpt><trkpt lat="-39.3676396832" lon="-72.6146174502"><ele>109.24</ele><time>2024-07-28T02:04:40Z</time></trkpt><trkpt lat="-39.3676232547" lon="-72.6145933103"><ele>109.12</ele><time>2024-07-28T02:04:41Z</time></trkpt><trkpt lat="-39.3674104381" lon="-72.6141656656"><ele>109.00</ele><time>2024-07-28T02:04:52Z</time></trkpt><trkpt lat="-39.3673241045" lon="-72.6140219998"><ele>108.96</ele><time>2024-07-28T02:04:57Z</time></trkpt><trkpt lat="-39.3672995456" lon="-72.6140136179"><ele>109.13</ele><time>2024-07-28T02:04:58Z</time></trkpt><trkpt lat="-39.3672688678" lon="-72.6140151266"><ele>109.28</ele><time>2024-07-28T02:04:59Z</time></trkpt><trkpt lat="-39.3672376033" lon="-72.6140273642"><ele>109.30</ele><time>2024-07-28T02:05:00Z</time></trkpt><trkpt lat="-39.3672063388" lon="-72.6140512526"><ele>109.30</ele><time>2024-07-28T02:05:01Z</time></trkpt><trkpt lat="-39.3671724759" lon="-72.6140823495"><ele>109.30</ele><time>2024-07-28T02:05:02Z</time></trkpt><trkpt lat="-39.3671378586" lon="-72.6141165476"><ele>109.28</ele><time>2024-07-28T02:05:03Z</time></trkpt><trkpt lat="-39.3670738209" lon="-72.6141842734"><ele>109.39</ele><time>2024-07-28T02:05:05Z</time></trkpt><trkpt lat="-39.3670400418" lon="-72.6142211538"><ele>109.40</ele><time>2024-07-28T02:05:06Z</time></trkpt><trkpt lat="-39.3669247068" lon="-72.6143314596"><ele>109.59</ele><time>2024-07-28T02:05:09Z</time></trkpt><trkpt lat="-39.3666369561" lon="-72.6145312004"><ele>110.59</ele><time>2024-07-28T02:05:20Z</time></trkpt><trkpt lat="-39.3666260596" lon="-72.6145547535"><ele>110.73</ele><time>2024-07-28T02:05:33Z</time></trkpt><trkpt lat="-39.3666009139" lon="-72.6146138459"><ele>110.84</ele><time>2024-07-28T02:05:36Z</time></trkpt><trkpt lat="-39.3666018359" lon="-72.6146430988"><ele>110.78</ele><time>2024-07-28T02:05:37Z</time></trkpt><trkpt lat="-39.3666079547" lon="-72.6146707591"><ele>110.75</ele><time>2024-07-28T02:05:38Z</time></trkpt><trkpt lat="-39.3666196894" lon="-72.6147006825"><ele>110.81</ele><time>2024-07-28T02:05:39Z</time></trkpt><trkpt lat="-39.3666367047" lon="-72.6147383172"><ele>110.79</ele><time>2024-07-28T02:05:40Z</time></trkpt><trkpt lat="-39.3667718209" lon="-72.6150071248"><ele>109.84</ele><time>2024-07-28T02:05:50Z</time></trkpt><trkpt lat="-39.3669262994" lon="-72.6152973901"><ele>108.72</ele><time>2024-07-28T02:06:01Z</time></trkpt><trkpt lat="-39.3669312447" lon="-72.6152757648"><ele>108.58</ele><time>2024-07-28T02:06:28Z</time></trkpt><trkpt lat="-39.3669340946" lon="-72.6152821351"><ele>108.53</ele><time>2024-07-28T02:06:55Z</time></trkpt><trkpt lat="-39.3669442367" lon="-72.6153149083"><ele>108.44</ele><time>2024-07-28T02:07:09Z</time></trkpt><trkpt lat="-39.3667496089" lon="-72.6155446563"><ele>108.19</ele><time>2024-07-28T02:07:19Z</time></trkpt><trkpt lat="-39.3666509539" lon="-72.6156004798"><ele>108.01</ele><time>2024-07-28T02:07:24Z</time></trkpt><trkpt lat="-39.3666322622" lon="-72.6155905053"><ele>108.14</ele><time>2024-07-28T02:07:25Z</time></trkpt><trkpt lat="-39.3666121457" lon="-72.6155750826"><ele>108.26</ele><time>2024-07-28T02:07:26Z</time></trkpt><trkpt lat="-39.3665927835" lon="-72.6155538764"><ele>108.51</ele><time>2024-07-28T02:07:27Z</time></trkpt><trkpt lat="-39.3665736727" lon="-72.6155287307"><ele>108.57</ele><time>2024-07-28T02:07:28Z</time></trkpt><trkpt lat="-39.3662903644" lon="-72.6150152553"><ele>111.59</ele><time>2024-07-28T02:07:41Z</time></trkpt><trkpt lat="-39.3660430145" lon="-72.6145892031"><ele>114.67</ele><time>2024-07-28T02:07:51Z</time></trkpt><trkpt lat="-39.3658240791" lon="-72.6142612193"><ele>116.26</ele><time>2024-07-28T02:08:03Z</time></trkpt><trkpt lat="-39.3655830156" lon="-72.6138359215"><ele>118.99</ele><time>2024-07-28T02:08:14Z</time></trkpt><trkpt lat="-39.3655670900" lon="-72.6138272043"><ele>119.10</ele><time>2024-07-28T02:08:15Z</time></trkpt><trkpt lat="-39.3655458000" lon="-72.6138213370"><ele>119.04</ele><time>2024-07-28T02:08:16Z</time></trkpt><trkpt lat="-39.3655224983" lon="-72.6138229296"><ele>118.97</ele><time>2024-07-28T02:08:17Z</time></trkpt><trkpt lat="-39.3654939998" lon="-72.6138402801"><ele>118.98</ele><time>2024-07-28T02:08:18Z</time></trkpt><trkpt lat="-39.3654616456" lon="-72.6138650067"><ele>118.99</ele><time>2024-07-28T02:08:19Z</time></trkpt><trkpt lat="-39.3654273637" lon="-72.6138948463"><ele>118.97</ele><time>2024-07-28T02:08:20Z</time></trkpt><trkpt lat="-39.3653906509" lon="-72.6139290445"><ele>118.90</ele><time>2024-07-28T02:08:21Z</time></trkpt><trkpt lat="-39.3653569557" lon="-72.6141686831"><ele>118.41</ele><time>2024-07-28T02:08:28Z</time></trkpt><trkpt lat="-39.3656576145" lon="-72.6147055440"><ele>115.24</ele><time>2024-07-28T02:08:38Z</time></trkpt><trkpt lat="-39.3656713609" lon="-72.6147277560"><ele>114.95</ele><time>2024-07-28T02:08:39Z</time></trkpt><trkpt lat="-39.3658689223" lon="-72.6150392275"><ele>113.72</ele><time>2024-07-28T02:08:50Z</time></trkpt><trkpt lat="-39.3661178648" lon="-72.6154927723"><ele>110.61</ele><time>2024-07-28T02:08:58Z</time></trkpt><trkpt lat="-39.3663280830" lon="-72.6159488317"><ele>107.67</ele><time>2024-07-28T02:09:10Z</time></trkpt><trkpt lat="-39.3660796434" lon="-72.6161374245"><ele>107.53</ele><time>2024-07-28T02:09:19Z</time></trkpt><trkpt lat="-39.3660638854" lon="-72.6161294617"><ele>107.41</ele><time>2024-07-28T02:09:20Z</time></trkpt><trkpt lat="-39.3660503067" lon="-72.6161147095"><ele>107.61</ele><time>2024-07-28T02:09:21Z</time></trkpt><trkpt lat="-39.3660352193" lon="-72.6160933357"><ele>107.80</ele><time>2024-07-28T02:09:22Z</time></trkpt><trkpt lat="-39.3660158571" lon="-72.6160632446"><ele>108.19</ele><time>2024-07-28T02:09:23Z</time></trkpt><trkpt lat="-39.3659962434" lon="-72.6160266157"><ele>108.31</ele><time>2024-07-28T02:09:24Z</time></trkpt><trkpt lat="-39.3659772165" lon="-72.6159874722"><ele>108.44</ele><time>2024-07-28T02:09:25Z</time></trkpt><trkpt lat="-39.3658648152" lon="-72.6158448961"><ele>108.80</ele><time>2024-07-28T02:09:30Z</time></trkpt><trkpt lat="-39.3658338021" lon="-72.6158471592"><ele>108.99</ele><time>2024-07-28T02:09:31Z</time></trkpt><trkpt lat="-39.3657997716" lon="-72.6158661023"><ele>108.97</ele><time>2024-07-28T02:09:32Z</time></trkpt><trkpt lat="-39.3657658249" lon="-72.6158946846"><ele>109.10</ele><time>2024-07-28T02:09:33Z</time></trkpt><trkpt lat="-39.3657328002" lon="-72.6159262005"><ele>108.92</ele><time>2024-07-28T02:09:34Z</time></trkpt><trkpt lat="-39.3655856140" lon="-72.6161278691"><ele>108.46</ele><time>2024-07-28T02:09:41Z</time></trkpt><trkpt lat="-39.3655924033" lon="-72.6161568705"><ele>108.44</ele><time>2024-07-28T02:09:42Z</time></trkpt><trkpt lat="-39.3656078260" lon="-72.6161872130"><ele>108.39</ele><time>2024-07-28T02:09:43Z</time></trkpt><trkpt lat="-39.3656299543" lon="-72.6162188966"><ele>108.34</ele><time>2024-07-28T02:09:44Z</time></trkpt><trkpt lat="-39.3656543456" lon="-72.6162539329"><ele>108.29</ele><time>2024-07-28T02:09:45Z</time></trkpt><trkpt lat="-39.3657377455" lon="-72.6164835133"><ele>107.43</ele><time>2024-07-28T02:09:53Z</time></trkpt><trkpt lat="-39.3657178804" lon="-72.6165182143"><ele>107.58</ele><time>2024-07-28T02:09:54Z</time></trkpt><trkpt lat="-39.3656846881" lon="-72.6165581122"><ele>107.52</ele><time>2024-07-28T02:09:55Z</time></trkpt><trkpt lat="-39.3656466343" lon="-72.6165954955"><ele>107.62</ele><time>2024-07-28T02:09:56Z</time></trkpt><trkpt lat="-39.3656085804" lon="-72.6166288555"><ele>107.47</ele><time>2024-07-28T02:09:57Z</time></trkpt><trkpt lat="-39.3654947542" lon="-72.6166834217"><ele>107.31</ele><time>2024-07-28T02:10:01Z</time></trkpt><trkpt lat="-39.3654739670" lon="-72.6166733634"><ele>107.56</ele><time>2024-07-28T02:10:02Z</time></trkpt><trkpt lat="-39.3654530123" lon="-72.6166478824"><ele>107.57</ele><time>2024-07-28T02:10:03Z</time></trkpt><trkpt lat="-39.3651510123" lon="-72.6161069144"><ele>108.79</ele><time>2024-07-28T02:10:16Z</time></trkpt><trkpt lat="-39.3651121203" lon="-72.6159360074"><ele>109.12</ele><time>2024-07-28T02:10:21Z</time></trkpt><trkpt lat="-39.3651352543" lon="-72.6159114484"><ele>109.24</ele><time>2024-07-28T02:10:22Z</time></trkpt><trkpt lat="-39.3651666865" lon="-72.6158857998"><ele>109.18</ele><time>2024-07-28T02:10:23Z</time></trkpt><trkpt lat="-39.3652002141" lon="-72.6158585586"><ele>109.21</ele><time>2024-07-28T02:10:24Z</time></trkpt><trkpt lat="-39.3652326521" lon="-72.6158277970"><ele>109.22</ele><time>2024-07-28T02:10:25Z</time></trkpt><trkpt lat="-39.3652652577" lon="-72.6157946885"><ele>109.40</ele><time>2024-07-28T02:10:26Z</time></trkpt><trkpt lat="-39.3653003778" lon="-72.6157627534"><ele>109.41</ele><time>2024-07-28T02:10:27Z</time></trkpt><trkpt lat="-39.3658724427" lon="-72.6152460929"><ele>110.91</ele><time>2024-07-28T02:10:41Z</time></trkpt><trkpt lat="-39.3659448624" lon="-72.6151357032"><ele>112.12</ele><time>2024-07-28T02:10:46Z</time></trkpt><trkpt lat="-39.3659386598" lon="-72.6150988229"><ele>112.30</ele><time>2024-07-28T02:10:47Z</time></trkpt><trkpt lat="-39.3659257516" lon="-72.6150624454"><ele>112.58</ele><time>2024-07-28T02:10:48Z</time></trkpt><trkpt lat="-39.3659074791" lon="-72.6150270738"><ele>112.88</ele><time>2024-07-28T02:10:49Z</time></trkpt><trkpt lat="-39.3658871111" lon="-72.6149908639"><ele>113.33</ele><time>2024-07-28T02:10:50Z</time></trkpt><trkpt lat="-39.3657428585" lon="-72.6148082223"><ele>115.15</ele><time>2024-07-28T02:10:59Z</time></trkpt><trkpt lat="-39.3657115940" lon="-72.6148109045"><ele>115.15</ele><time>2024-07-28T02:11:00Z</time></trkpt><trkpt lat="-39.3656807486" lon="-72.6148212142"><ele>115.17</ele><time>2024-07-28T02:11:01Z</time></trkpt><trkpt lat="-39.3656473048" lon="-72.6148460247"><ele>115.28</ele><time>2024-07-28T02:11:02Z</time></trkpt><trkpt lat="-39.3656125199" lon="-72.6148775406"><ele>115.26</ele><time>2024-07-28T02:11:03Z</time></trkpt><trkpt lat="-39.3654579576" lon="-72.6150119863"><ele>114.94</ele><time>2024-07-28T02:11:12Z</time></trkpt><trkpt lat="-39.3654567003" lon="-72.6150123216"><ele>114.90</ele><time>2024-07-28T02:11:21Z</time></trkpt><trkpt lat="-39.3654138688" lon="-72.6149927918"><ele>114.98</ele><time>2024-07-28T02:11:32Z</time></trkpt><trkpt lat="-39.3653945904" lon="-72.6149710827"><ele>115.05</ele><time>2024-07-28T02:11:33Z</time></trkpt><trkpt lat="-39.3653758150" lon="-72.6149429195"><ele>115.20</ele><time>2024-07-28T02:11:34Z</time></trkpt><trkpt lat="-39.3650766648" lon="-72.6143985149"><ele>117.49</ele><time>2024-07-28T02:11:46Z</time></trkpt><trkpt lat="-39.3649112899" lon="-72.6143464632"><ele>117.02</ele><time>2024-07-28T02:11:53Z</time></trkpt><trkpt lat="-39.3648704700" lon="-72.6143765543"><ele>116.72</ele><time>2024-07-28T02:11:54Z</time></trkpt><trkpt lat="-39.3644879200" lon="-72.6147016045"><ele>113.59</ele><time>2024-07-28T02:12:03Z</time></trkpt><trkpt lat="-39.3643994071" lon="-72.6148579270"><ele>112.58</ele><time>2024-07-28T02:12:07Z</time></trkpt><trkpt lat="-39.3643911090" lon="-72.6149251498"><ele>112.51</ele><time>2024-07-28T02:12:08Z</time></trkpt><trkpt lat="-39.3643870857" lon="-72.6149920374"><ele>112.25</ele><time>2024-07-28T02:12:09Z</time></trkpt><trkpt lat="-39.3644248880" lon="-72.6153522078"><ele>110.57</ele><time>2024-07-28T02:12:16Z</time></trkpt><trkpt lat="-39.3644461781" lon="-72.6153636910"><ele>110.72</ele><time>2024-07-28T02:12:17Z</time></trkpt><trkpt lat="-39.3644740060" lon="-72.6153600030"><ele>110.62</ele><time>2024-07-28T02:12:18Z</time></trkpt><trkpt lat="-39.3645045161" lon="-72.6153439097"><ele>110.79</ele><time>2024-07-28T02:12:19Z</time></trkpt><trkpt lat="-39.3645353615" lon="-72.6153194346"><ele>111.01</ele><time>2024-07-28T02:12:20Z</time></trkpt><trkpt lat="-39.3645627704" lon="-72.6152942050"><ele>111.11</ele><time>2024-07-28T02:12:21Z</time></trkpt><trkpt lat="-39.3648693804" lon="-72.6150095556"><ele>113.19</ele><time>2024-07-28T02:12:34Z</time></trkpt><trkpt lat="-39.3648772594" lon="-72.6149860863"><ele>113.18</ele><time>2024-07-28T02:12:47Z</time></trkpt><trkpt lat="-39.3648637645" lon="-72.6149709988"><ele>112.96</ele><time>2024-07-28T02:13:21Z</time></trkpt><trkpt lat="-39.3648723140" lon="-72.6149645448"><ele>112.99</ele><time>2024-07-28T02:13:26Z</time></trkpt><trkpt lat="-39.3649057578" lon="-72.6149466913"><ele>113.17</ele><time>2024-07-28T02:13:29Z</time></trkpt><trkpt lat="-39.3649181630" lon="-72.6149453502"><ele>113.26</ele><time>2024-07-28T02:13:30Z</time></trkpt><trkpt lat="-39.3649982102" lon="-72.6149903610"><ele>113.43</ele><time>2024-07-28T02:13:37Z</time></trkpt><trkpt lat="-39.3649998028" lon="-72.6150326896"><ele>113.13</ele><time>2024-07-28T02:13:51Z</time></trkpt><trkpt lat="-39.3650382757" lon="-72.6151155028"><ele>113.03</ele><time>2024-07-28T02:14:03Z</time></trkpt><trkpt lat="-39.3650557101" lon="-72.6151507907"><ele>112.91</ele><time>2024-07-28T02:14:05Z</time></trkpt><trkpt lat="-39.3650675286" lon="-72.6151709072"><ele>112.85</ele><time>2024-07-28T02:14:06Z</time></trkpt><trkpt lat="-39.3650787603" lon="-72.6151912753"><ele>112.77</ele><time>2024-07-28T02:14:07Z</time></trkpt><trkpt lat="-39.3650883995" lon="-72.6153554767"><ele>112.02</ele><time>2024-07-28T02:14:16Z</time></trkpt><trkpt lat="-39.3650707137" lon="-72.6153762639"><ele>111.95</ele><time>2024-07-28T02:14:17Z</time></trkpt><trkpt lat="-39.3650483340" lon="-72.6153983921"><ele>111.83</ele><time>2024-07-28T02:14:18Z</time></trkpt><trkpt lat="-39.3650195003" lon="-72.6154221967"><ele>111.70</ele><time>2024-07-28T02:14:19Z</time></trkpt><trkpt lat="-39.3649865594" lon="-72.6154487673"><ele>111.54</ele><time>2024-07-28T02:14:20Z</time></trkpt><trkpt lat="-39.3649196718" lon="-72.6155050099"><ele>111.11</ele><time>2024-07-28T02:14:22Z</time></trkpt><trkpt lat="-39.3645895924" lon="-72.6158821117"><ele>109.76</ele><time>2024-07-28T02:14:32Z</time></trkpt><trkpt lat="-39.3645909335" lon="-72.6159239374"><ele>109.90</ele><time>2024-07-28T02:14:33Z</time></trkpt><trkpt lat="-39.3646031711" lon="-72.6159692835"><ele>109.92</ele><time>2024-07-28T02:14:34Z</time></trkpt><trkpt lat="-39.3646242097" lon="-72.6160192396"><ele>109.85</ele><time>2024-07-28T02:14:35Z</time></trkpt><trkpt lat="-39.3646500260" lon="-72.6160693634"><ele>109.69</ele><time>2024-07-28T02:14:36Z</time></trkpt><trkpt lat="-39.3646777701" lon="-72.6161209121"><ele>109.53</ele><time>2024-07-28T02:14:37Z</time></trkpt><trkpt lat="-39.3648677878" lon="-72.6164721977"><ele>108.05</ele><time>2024-07-28T02:14:43Z</time></trkpt><trkpt lat="-39.3649168219" lon="-72.6165799890"><ele>107.58</ele><time>2024-07-28T02:14:50Z</time></trkpt><trkpt lat="-39.3649193365" lon="-72.6165853534"><ele>107.84</ele><time>2024-07-28T02:15:20Z</time></trkpt><trkpt lat="-39.3649275508" lon="-72.6166008599"><ele>107.93</ele><time>2024-07-28T02:15:21Z</time></trkpt><trkpt lat="-39.3649362680" lon="-72.6166169532"><ele>107.82</ele><time>2024-07-28T02:15:22Z</time></trkpt><trkpt lat="-39.3649376091" lon="-72.6166177914"><ele>107.97</ele><time>2024-07-28T02:15:41Z</time></trkpt><trkpt lat="-39.3649860565" lon="-72.6166990958"><ele>107.90</ele><time>2024-07-28T02:15:50Z</time></trkpt><trkpt lat="-39.3650978711" lon="-72.6170811430"><ele>107.55</ele><time>2024-07-28T02:16:02Z</time></trkpt><trkpt lat="-39.3650656007" lon="-72.6171151735"><ele>107.67</ele><time>2024-07-28T02:16:03Z</time></trkpt><trkpt lat="-39.3645357806" lon="-72.6175842248"><ele>107.14</ele><time>2024-07-28T02:16:18Z</time></trkpt><trkpt lat="-39.3643743452" lon="-72.6177823730"><ele>107.21</ele><time>2024-07-28T02:16:27Z</time></trkpt><trkpt lat="-39.3643663824" lon="-72.6178387832"><ele>107.16</ele><time>2024-07-28T02:16:28Z</time></trkpt><trkpt lat="-39.3643639516" lon="-72.6178988814"><ele>107.17</ele><time>2024-07-28T02:16:29Z</time></trkpt><trkpt lat="-39.3643678073" lon="-72.6179538667"><ele>107.24</ele><time>2024-07-28T02:16:30Z</time></trkpt><trkpt lat="-39.3643756863" lon="-72.6179972850"><ele>107.11</ele><time>2024-07-28T02:16:31Z</time></trkpt><trkpt lat="-39.3643832300" lon="-72.6180249453"><ele>107.01</ele><time>2024-07-28T02:16:32Z</time></trkpt><trkpt lat="-39.3643907737" lon="-72.6180405356"><ele>107.03</ele><time>2024-07-28T02:16:33Z</time></trkpt><trkpt lat="-39.3644005805" lon="-72.6180521864"><ele>106.95</ele><time>2024-07-28T02:16:34Z</time></trkpt><trkpt lat="-39.3644120637" lon="-72.6180633344"><ele>107.13</ele><time>2024-07-28T02:16:35Z</time></trkpt><trkpt lat="-39.3644276541" lon="-72.6180750690"><ele>107.20</ele><time>2024-07-28T02:16:36Z</time></trkpt><trkpt lat="-39.3644450046" lon="-72.6180863008"><ele>107.25</ele><time>2024-07-28T02:16:37Z</time></trkpt><trkpt lat="-39.3646432366" lon="-72.6184038073"><ele>107.81</ele><time>2024-07-28T02:16:49Z</time></trkpt><trkpt lat="-39.3646859843" lon="-72.6184758916"><ele>107.73</ele><time>2024-07-28T02:16:53Z</time></trkpt><trkpt lat="-39.3647032510" lon="-72.6184826810"><ele>107.67</ele><time>2024-07-28T02:16:54Z</time></trkpt><trkpt lat="-39.3647264689" lon="-72.6184803341"><ele>107.63</ele><time>2024-07-28T02:16:55Z</time></trkpt><trkpt lat="-39.3647506088" lon="-72.6184675097"><ele>107.77</ele><time>2024-07-28T02:16:56Z</time></trkpt><trkpt lat="-39.3647729885" lon="-72.6184489857"><ele>107.66</ele><time>2024-07-28T02:16:57Z</time></trkpt><trkpt lat="-39.3647958711" lon="-72.6184270252"><ele>107.77</ele><time>2024-07-28T02:16:58Z</time></trkpt><trkpt lat="-39.3652164750" lon="-72.6180597302"><ele>108.12</ele><time>2024-07-28T02:17:08Z</time></trkpt><trkpt lat="-39.3655410223" lon="-72.6177553833"><ele>107.84</ele><time>2024-07-28T02:17:19Z</time></trkpt><trkpt lat="-39.3655592110" lon="-72.6177477557"><ele>107.82</ele><time>2024-07-28T02:17:34Z</time></trkpt><trkpt lat="-39.3656215724" lon="-72.6176977996"><ele>107.91</ele><time>2024-07-28T02:17:37Z</time></trkpt><trkpt lat="-39.3660787214" lon="-72.6172963064"><ele>108.43</ele><time>2024-07-28T02:17:49Z</time></trkpt><trkpt lat="-39.3665683921" lon="-72.6168767922"><ele>108.46</ele><time>2024-07-28T02:18:02Z</time></trkpt><trkpt lat="-39.3670620862" lon="-72.6164174639"><ele>108.98</ele><time>2024-07-28T02:18:14Z</time></trkpt><trkpt lat="-39.3677518331" lon="-72.6158047467"><ele>109.62</ele><time>2024-07-28T02:18:30Z</time></trkpt><trkpt lat="-39.3679593690" lon="-72.6155829616"><ele>109.47</ele><time>2024-07-28T02:18:38Z</time></trkpt><trkpt lat="-39.3679518253" lon="-72.6155496016"><ele>109.41</ele><time>2024-07-28T02:18:39Z</time></trkpt><trkpt lat="-39.3679358158" lon="-72.6155116316"><ele>109.41</ele><time>2024-07-28T02:18:40Z</time></trkpt><trkpt lat="-39.3679129332" lon="-72.6154656988"><ele>109.48</ele><time>2024-07-28T02:18:41Z</time></trkpt><trkpt lat="-39.3678809982" lon="-72.6154149882"><ele>109.49</ele><time>2024-07-28T02:18:42Z</time></trkpt><trkpt lat="-39.3678463809" lon="-72.6153612603"><ele>109.51</ele><time>2024-07-28T02:18:43Z</time></trkpt><trkpt lat="-39.3675769027" lon="-72.6148696616"><ele>109.17</ele><time>2024-07-28T02:18:55Z</time></trkpt><trkpt lat="-39.3676731270" lon="-72.6147134230"><ele>109.38</ele><time>2024-07-28T02:19:00Z</time></trkpt><trkpt lat="-39.3682079762" lon="-72.6142281108"><ele>110.10</ele><time>2024-07-28T02:19:11Z</time></trkpt><trkpt lat="-39.3684932124" lon="-72.6139676850"><ele>110.51</ele><time>2024-07-28T02:19:21Z</time></trkpt><trkpt lat="-39.3688596692" lon="-72.6135399565"><ele>110.37</ele><time>2024-07-28T02:19:35Z</time></trkpt><trkpt lat="-39.3689692207" lon="-72.6132223662"><ele>110.09</ele><time>2024-07-28T02:19:45Z</time></trkpt><trkpt lat="-39.3688487727" lon="-72.6130361203"><ele>109.73</ele><time>2024-07-28T02:19:52Z</time></trkpt><trkpt lat="-39.3688351102" lon="-72.6130325161"><ele>109.82</ele><time>2024-07-28T02:19:53Z</time></trkpt><trkpt lat="-39.3688189331" lon="-72.6130343601"><ele>109.80</ele><time>2024-07-28T02:19:54Z</time></trkpt><trkpt lat="-39.3688024208" lon="-72.6130419876"><ele>109.82</ele><time>2024-07-28T02:19:55Z</time></trkpt><trkpt lat="-39.3687869143" lon="-72.6130540576"><ele>109.91</ele><time>2024-07-28T02:19:56Z</time></trkpt><trkpt lat="-39.3687700666" lon="-72.6130683068"><ele>109.98</ele><time>2024-07-28T02:19:57Z</time></trkpt><trkpt lat="-39.3684709165" lon="-72.6133572310"><ele>110.58</ele><time>2024-07-28T02:20:11Z</time></trkpt><trkpt lat="-39.3682373967" lon="-72.6135883201"><ele>110.97</ele><time>2024-07-28T02:20:21Z</time></trkpt><trkpt lat="-39.3682108261" lon="-72.6135763340"><ele>111.07</ele><time>2024-07-28T02:20:22Z</time></trkpt><trkpt lat="-39.3681825791" lon="-72.6135531999"><ele>111.01</ele><time>2024-07-28T02:20:23Z</time></trkpt><trkpt lat="-39.3680805713" lon="-72.6134470850"><ele>111.11</ele><time>2024-07-28T02:20:26Z</time></trkpt><trkpt lat="-39.3680554256" lon="-72.6134138927"><ele>111.21</ele><time>2024-07-28T02:20:27Z</time></trkpt><trkpt lat="-39.3680416793" lon="-72.6133843046"><ele>111.17</ele><time>2024-07-28T02:20:28Z</time></trkpt><trkpt lat="-39.3680389132" lon="-72.6133554708"><ele>111.17</ele><time>2024-07-28T02:20:29Z</time></trkpt><trkpt lat="-39.3680491392" lon="-72.6133245416"><ele>111.10</ele><time>2024-07-28T02:20:30Z</time></trkpt><trkpt lat="-39.3680695072" lon="-72.6132938638"><ele>111.04</ele><time>2024-07-28T02:20:31Z</time></trkpt><trkpt lat="-39.3680974189" lon="-72.6132614259"><ele>111.07</ele><time>2024-07-28T02:20:32Z</time></trkpt><trkpt lat="-39.3681296892" lon="-72.6132248808"><ele>110.92</ele><time>2024-07-28T02:20:33Z</time></trkpt><trkpt lat="-39.3684446812" lon="-72.6128759421"><ele>109.95</ele><time>2024-07-28T02:20:45Z</time></trkpt><trkpt lat="-39.3687783647" lon="-72.6124852616"><ele>109.77</ele><time>2024-07-28T02:20:58Z</time></trkpt><trkpt lat="-39.3687838130" lon="-72.6124468725"><ele>109.70</ele><time>2024-07-28T02:20:59Z</time></trkpt><trkpt lat="-39.3687843159" lon="-72.6124026161"><ele>109.78</ele><time>2024-07-28T02:21:00Z</time></trkpt><trkpt lat="-39.3687823880" lon="-72.6120962575"><ele>109.54</ele><time>2024-07-28T02:21:08Z</time></trkpt><trkpt lat="-39.3687667977" lon="-72.6120659150"><ele>109.52</ele><time>2024-07-28T02:21:10Z</time></trkpt><trkpt lat="-39.3687527161" lon="-72.6120579522"><ele>109.47</ele><time>2024-07-28T02:21:11Z</time></trkpt><trkpt lat="-39.3687414005" lon="-72.6120577008"><ele>109.46</ele><time>2024-07-28T02:21:12Z</time></trkpt><trkpt lat="-39.3686711602" lon="-72.6120981015"><ele>109.54</ele><time>2024-07-28T02:21:28Z</time></trkpt><trkpt lat="-39.3686505407" lon="-72.6121152006"><ele>109.46</ele><time>2024-07-28T02:21:30Z</time></trkpt><trkpt lat="-39.3683543243" lon="-72.6124420110"><ele>109.81</ele><time>2024-07-28T02:21:42Z</time></trkpt><trkpt lat="-39.3678325508" lon="-72.6130215358"><ele>111.15</ele><time>2024-07-28T02:21:56Z</time></trkpt><trkpt lat="-39.3677308783" lon="-72.6131262258"><ele>111.95</ele><time>2024-07-28T02:22:01Z</time></trkpt><trkpt lat="-39.3677025475" lon="-72.6131239627"><ele>112.08</ele><time>2024-07-28T02:22:02Z</time></trkpt><trkpt lat="-39.3676698580" lon="-72.6131062768"><ele>112.35</ele><time>2024-07-28T02:22:03Z</time></trkpt><trkpt lat="-39.3676325586" lon="-72.6130756829"><ele>112.42</ele><time>2024-07-28T02:22:04Z</time></trkpt><trkpt lat="-39.3675956782" lon="-72.6130433287"><ele>112.52</ele><time>2024-07-28T02:22:05Z</time></trkpt><trkpt lat="-39.3671955261" lon="-72.6127627864"><ele>115.64</ele><time>2024-07-28T02:22:15Z</time></trkpt><trkpt lat="-39.3670156505" lon="-72.6126613654"><ele>117.27</ele><time>2024-07-28T02:22:23Z</time></trkpt><trkpt lat="-39.3670366053" lon="-72.6126746088"><ele>117.11</ele><time>2024-07-28T02:22:25Z</time></trkpt><trkpt lat="-39.3670461606" lon="-72.6126803923"><ele>117.20</ele><time>2024-07-28T02:22:26Z</time></trkpt><trkpt lat="-39.3670373596" lon="-72.6127115730"><ele>116.88</ele><time>2024-07-28T02:22:34Z</time></trkpt><trkpt lat="-39.3670028262" lon="-72.6127356291"><ele>116.80</ele><time>2024-07-28T02:22:36Z</time></trkpt><trkpt lat="-39.3667964637" lon="-72.6130497828"><ele>116.02</ele><time>2024-07-28T02:22:47Z</time></trkpt><trkpt lat="-39.3668104615" lon="-72.6130738389"><ele>115.83</ele><time>2024-07-28T02:22:48Z</time></trkpt><trkpt lat="-39.3668333441" lon="-72.6130964700"><ele>115.80</ele><time>2024-07-28T02:22:49Z</time></trkpt><trkpt lat="-39.3669794407" lon="-72.6132155769"><ele>114.04</ele><time>2024-07-28T02:22:54Z</time></trkpt><trkpt lat="-39.3673577160" lon="-72.6134689618"><ele>110.91</ele><time>2024-07-28T02:23:02Z</time></trkpt><trkpt lat="-39.3675561156" lon="-72.6136988774"><ele>109.48</ele><time>2024-07-28T02:23:11Z</time></trkpt><trkpt lat="-39.3675571214" lon="-72.6137268730"><ele>109.46</ele><time>2024-07-28T02:23:12Z</time></trkpt><trkpt lat="-39.3675427046" lon="-72.6137583051"><ele>109.67</ele><time>2024-07-28T02:23:13Z</time></trkpt><trkpt lat="-39.3675121944" lon="-72.6137933414"><ele>109.59</ele><time>2024-07-28T02:23:14Z</time></trkpt><trkpt lat="-39.3674732186" lon="-72.6138314791"><ele>109.70</ele><time>2024-07-28T02:23:15Z</time></trkpt><trkpt lat="-39.3674312253" lon="-72.6138691977"><ele>109.73</ele><time>2024-07-28T02:23:16Z</time></trkpt><trkpt lat="-39.3672567140" lon="-72.6139450539"><ele>109.59</ele><time>2024-07-28T02:23:22Z</time></trkpt><trkpt lat="-39.3672384415" lon="-72.6139233448"><ele>109.65</ele><time>2024-07-28T02:23:23Z</time></trkpt><trkpt lat="-39.3668791931" lon="-72.6136300620"><ele>113.11</ele><time>2024-07-28T02:23:34Z</time></trkpt><trkpt lat="-39.3666899297" lon="-72.6134924311"><ele>116.35</ele><time>2024-07-28T02:23:40Z</time></trkpt><trkpt lat="-39.3666437455" lon="-72.6134413853"><ele>117.69</ele><time>2024-07-28T02:23:44Z</time></trkpt><trkpt lat="-39.3666445836" lon="-72.6134242024"><ele>117.74</ele><time>2024-07-28T02:23:45Z</time></trkpt><trkpt lat="-39.3666479364" lon="-72.6134040020"><ele>117.91</ele><time>2024-07-28T02:23:46Z</time></trkpt><trkpt lat="-39.3666561507" lon="-72.6133793592"><ele>117.83</ele><time>2024-07-28T02:23:47Z</time></trkpt><trkpt lat="-39.3666661251" lon="-72.6133501902"><ele>117.80</ele><time>2024-07-28T02:23:48Z</time></trkpt><trkpt lat="-39.3666764349" lon="-72.6133184228"><ele>117.62</ele><time>2024-07-28T02:23:49Z</time></trkpt><trkpt lat="-39.3668224476" lon="-72.6129604317"><ele>116.00</ele><time>2024-07-28T02:24:00Z</time></trkpt><trkpt lat="-39.3668489344" lon="-72.6129193604"><ele>116.08</ele><time>2024-07-28T02:24:01Z</time></trkpt><trkpt lat="-39.3668837193" lon="-72.6128828991"><ele>116.10</ele><time>2024-07-28T02:24:02Z</time></trkpt><trkpt lat="-39.3670281395" lon="-72.6127419993"><ele>116.57</ele><time>2024-07-28T02:24:10Z</time></trkpt><trkpt lat="-39.3671042472" lon="-72.6127663068"><ele>116.29</ele><time>2024-07-28T02:24:13Z</time></trkpt><trkpt lat="-39.3674045708" lon="-72.6129758544"><ele>113.82</ele><time>2024-07-28T02:24:20Z</time></trkpt><trkpt lat="-39.3679441977" lon="-72.6133992244"><ele>111.51</ele><time>2024-07-28T02:24:30Z</time></trkpt><trkpt lat="-39.3686416559" lon="-72.6142257638"><ele>110.68</ele><time>2024-07-28T02:24:43Z</time></trkpt><trkpt lat="-39.3688351940" lon="-72.6145383250"><ele>110.46</ele><time>2024-07-28T02:24:48Z</time></trkpt><trkpt lat="-39.3688709009" lon="-72.6146097388"><ele>110.41</ele><time>2024-07-28T02:24:49Z</time></trkpt><trkpt lat="-39.3691518623" lon="-72.6151329372"><ele>110.56</ele><time>2024-07-28T02:24:56Z</time></trkpt><trkpt lat="-39.3691796064" lon="-72.6152174268"><ele>110.60</ele><time>2024-07-28T02:24:57Z</time></trkpt><trkpt lat="-39.3692015670" lon="-72.6153020840"><ele>110.62</ele><time>2024-07-28T02:24:58Z</time></trkpt><trkpt lat="-39.3692188337" lon="-72.6153873280"><ele>110.50</ele><time>2024-07-28T02:24:59Z</time></trkpt><trkpt lat="-39.3692356814" lon="-72.6154734101"><ele>110.60</ele><time>2024-07-28T02:25:00Z</time></trkpt><trkpt lat="-39.3692702148" lon="-72.6158376038"><ele>110.55</ele><time>2024-07-28T02:25:05Z</time></trkpt><trkpt lat="-39.3692582287" lon="-72.6158727240"><ele>110.51</ele><time>2024-07-28T02:25:06Z</time></trkpt><trkpt lat="-39.3692364357" lon="-72.6159056649"><ele>110.70</ele><time>2024-07-28T02:25:07Z</time></trkpt><trkpt lat="-39.3692057580" lon="-72.6159327384"><ele>110.91</ele><time>2024-07-28T02:25:08Z</time></trkpt><trkpt lat="-39.3691699672" lon="-72.6159579679"><ele>110.82</ele><time>2024-07-28T02:25:09Z</time></trkpt><trkpt lat="-39.3686895166" lon="-72.6162610576"><ele>109.97</ele><time>2024-07-28T02:25:21Z</time></trkpt><trkpt lat="-39.3683568388" lon="-72.6160057448"><ele>109.81</ele><time>2024-07-28T02:25:31Z</time></trkpt><trkpt lat="-39.3683114089" lon="-72.6159898192"><ele>109.77</ele><time>2024-07-28T02:25:32Z</time></trkpt><trkpt lat="-39.3682582676" lon="-72.6159882266"><ele>109.88</ele><time>2024-07-28T02:25:33Z</time></trkpt><trkpt lat="-39.3682052940" lon="-72.6160005480"><ele>109.89</ele><time>2024-07-28T02:25:34Z</time></trkpt><trkpt lat="-39.3681550026" lon="-72.6160266157"><ele>109.81</ele><time>2024-07-28T02:25:35Z</time></trkpt><trkpt lat="-39.3681068905" lon="-72.6160627417"><ele>109.89</ele><time>2024-07-28T02:25:36Z</time></trkpt><trkpt lat="-39.3680589460" lon="-72.6161032263"><ele>109.91</ele><time>2024-07-28T02:25:37Z</time></trkpt><trkpt lat="-39.3673453107" lon="-72.6167642232"><ele>109.50</ele><time>2024-07-28T02:25:51Z</time></trkpt><trkpt lat="-39.3661897816" lon="-72.6177586522"><ele>108.76</ele><time>2024-07-28T02:26:13Z</time></trkpt><trkpt lat="-39.3658967502" lon="-72.6179882325"><ele>108.33</ele><time>2024-07-28T02:26:22Z</time></trkpt><trkpt lat="-39.3659063056" lon="-72.6180023979"><ele>109.22</ele><time>2024-07-28T02:26:56Z</time></trkpt><trkpt lat="-39.3658863567" lon="-72.6180140488"><ele>108.50</ele><time>2024-07-28T02:27:02Z</time></trkpt><trkpt lat="-39.3658433575" lon="-72.6180672739"><ele>108.36</ele><time>2024-07-28T02:27:05Z</time></trkpt><trkpt lat="-39.3658348080" lon="-72.6181061659"><ele>108.43</ele><time>2024-07-28T02:27:06Z</time></trkpt><trkpt lat="-39.3658388313" lon="-72.6181547809"><ele>108.48</ele><time>2024-07-28T02:27:07Z</time></trkpt><trkpt lat="-39.3658602051" lon="-72.6182178967"><ele>108.49</ele><time>2024-07-28T02:27:08Z</time></trkpt><trkpt lat="-39.3658813275" lon="-72.6182595547"><ele>108.59</ele><time>2024-07-28T02:27:09Z</time></trkpt><trkpt lat="-39.3659100775" lon="-72.6183095947"><ele>108.57</ele><time>2024-07-28T02:27:10Z</time></trkpt><trkpt lat="-39.3659380730" lon="-72.6183550246"><ele>108.60</ele><time>2024-07-28T02:27:11Z</time></trkpt><trkpt lat="-39.3660275918" lon="-72.6184283663"><ele>108.67</ele><time>2024-07-28T02:27:14Z</time></trkpt><trkpt lat="-39.3660566770" lon="-72.6184228342"><ele>108.65</ele><time>2024-07-28T02:27:15Z</time></trkpt><trkpt lat="-39.3660866842" lon="-72.6184028015"><ele>108.68</ele><time>2024-07-28T02:27:16Z</time></trkpt><trkpt lat="-39.3661171943" lon="-72.6183758955"><ele>108.78</ele><time>2024-07-28T02:27:17Z</time></trkpt><trkpt lat="-39.3661501352" lon="-72.6183442958"><ele>108.86</ele><time>2024-07-28T02:27:18Z</time></trkpt><trkpt lat="-39.3667017482" lon="-72.6178568881"><ele>109.17</ele><time>2024-07-28T02:27:32Z</time></trkpt><trkpt lat="-39.3671687879" lon="-72.6174639445"><ele>109.50</ele><time>2024-07-28T02:27:46Z</time></trkpt><trkpt lat="-39.3672039080" lon="-72.6174202748"><ele>109.68</ele><time>2024-07-28T02:28:02Z</time></trkpt><trkpt lat="-39.3672332447" lon="-72.6174018346"><ele>109.74</ele><time>2024-07-28T02:28:04Z</time></trkpt><trkpt lat="-39.3672489189" lon="-72.6173955481"><ele>109.80</ele><time>2024-07-28T02:28:05Z</time></trkpt><trkpt lat="-39.3672677781" lon="-72.6173975598"><ele>109.69</ele><time>2024-07-28T02:28:06Z</time></trkpt><trkpt lat="-39.3672873080" lon="-72.6174113899"><ele>109.85</ele><time>2024-07-28T02:28:07Z</time></trkpt><trkpt lat="-39.3673056643" lon="-72.6174357813"><ele>109.86</ele><time>2024-07-28T02:28:08Z</time></trkpt><trkpt lat="-39.3673268706" lon="-72.6174643636"><ele>109.95</ele><time>2024-07-28T02:28:09Z</time></trkpt><trkpt lat="-39.3673479930" lon="-72.6175032556"><ele>109.91</ele><time>2024-07-28T02:28:10Z</time></trkpt><trkpt lat="-39.3673703726" lon="-72.6175474282"><ele>110.03</ele><time>2024-07-28T02:28:11Z</time></trkpt><trkpt lat="-39.3673908245" lon="-72.6175906789"><ele>109.97</ele><time>2024-07-28T02:28:12Z</time></trkpt><trkpt lat="-39.3674078397" lon="-72.6176222786"><ele>109.98</ele><time>2024-07-28T02:28:13Z</time></trkpt><trkpt lat="-39.3674223404" lon="-72.6176424790"><ele>110.00</ele><time>2024-07-28T02:28:14Z</time></trkpt><trkpt lat="-39.3674388528" lon="-72.6176544651"><ele>109.95</ele><time>2024-07-28T02:28:15Z</time></trkpt><trkpt lat="-39.3674610648" lon="-72.6176580694"><ele>109.92</ele><time>2024-07-28T02:28:16Z</time></trkpt><trkpt lat="-39.3674899824" lon="-72.6176527049"><ele>109.96</ele><time>2024-07-28T02:28:17Z</time></trkpt><trkpt lat="-39.3675215822" lon="-72.6176359411"><ele>110.13</ele><time>2024-07-28T02:28:18Z</time></trkpt><trkpt lat="-39.3675556127" lon="-72.6176085323"><ele>110.23</ele><time>2024-07-28T02:28:19Z</time></trkpt><trkpt lat="-39.3675896432" lon="-72.6175778545"><ele>110.43</ele><time>2024-07-28T02:28:20Z</time></trkpt><trkpt lat="-39.3677606340" lon="-72.6175907627"><ele>110.48</ele><time>2024-07-28T02:28:27Z</time></trkpt><trkpt lat="-39.3677749671" lon="-72.6176345162"><ele>110.54</ele><time>2024-07-28T02:28:28Z</time></trkpt><trkpt lat="-39.3677863665" lon="-72.6176900882"><ele>110.59</ele><time>2024-07-28T02:28:29Z</time></trkpt><trkpt lat="-39.3679298647" lon="-72.6182997879"><ele>109.82</ele><time>2024-07-28T02:28:41Z</time></trkpt><trkpt lat="-39.3679658230" lon="-72.6182971895"><ele>109.73</ele><time>2024-07-28T02:28:42Z</time></trkpt><trkpt lat="-39.3680078164" lon="-72.6182751451"><ele>109.91</ele><time>2024-07-28T02:28:43Z</time></trkpt><trkpt lat="-39.3680456188" lon="-72.6182404440"><ele>109.90</ele><time>2024-07-28T02:28:44Z</time></trkpt><trkpt lat="-39.3680833373" lon="-72.6182033122"><ele>110.02</ele><time>2024-07-28T02:28:45Z</time></trkpt><trkpt lat="-39.3681230675" lon="-72.6181679405"><ele>110.04</ele><time>2024-07-28T02:28:46Z</time></trkpt><trkpt lat="-39.3681633007" lon="-72.6181371789"><ele>110.08</ele><time>2024-07-28T02:28:47Z</time></trkpt><trkpt lat="-39.3682076409" lon="-72.6181084290"><ele>110.08</ele><time>2024-07-28T02:28:48Z</time></trkpt><trkpt lat="-39.3682562560" lon="-72.6180841215"><ele>110.17</ele><time>2024-07-28T02:28:49Z</time></trkpt><trkpt lat="-39.3683077209" lon="-72.6180656813"><ele>110.26</ele><time>2024-07-28T02:28:50Z</time></trkpt><trkpt lat="-39.3683616165" lon="-72.6180504262"><ele>110.26</ele><time>2024-07-28T02:28:51Z</time></trkpt><trkpt lat="-39.3685668893" lon="-72.6179715525"><ele>110.37</ele><time>2024-07-28T02:28:55Z</time></trkpt><trkpt lat="-39.3686134089" lon="-72.6179354265"><ele>110.30</ele><time>2024-07-28T02:28:56Z</time></trkpt><trkpt lat="-39.3686537258" lon="-72.6178894099"><ele>110.30</ele><time>2024-07-28T02:28:57Z</time></trkpt><trkpt lat="-39.3686845712" lon="-72.6178335026"><ele>110.24</ele><time>2024-07-28T02:28:58Z</time></trkpt><trkpt lat="-39.3687068671" lon="-72.6177692972"><ele>110.36</ele><time>2024-07-28T02:28:59Z</time></trkpt><trkpt lat="-39.3687263969" lon="-72.6177052595"><ele>110.38</ele><time>2024-07-28T02:29:00Z</time></trkpt><trkpt lat="-39.3687477708" lon="-72.6176454127"><ele>110.35</ele><time>2024-07-28T02:29:01Z</time></trkpt><trkpt lat="-39.3687719107" lon="-72.6175935287"><ele>110.37</ele><time>2024-07-28T02:29:02Z</time></trkpt><trkpt lat="-39.3688014150" lon="-72.6175477635"><ele>110.30</ele><time>2024-07-28T02:29:03Z</time></trkpt><trkpt lat="-39.3688378762" lon="-72.6175056025"><ele>110.41</ele><time>2024-07-28T02:29:04Z</time></trkpt><trkpt lat="-39.3688755110" lon="-72.6174673811"><ele>110.50</ele><time>2024-07-28T02:29:05Z</time></trkpt><trkpt lat="-39.3693726417" lon="-72.6170234755"><ele>111.27</ele><time>2024-07-28T02:29:19Z</time></trkpt><trkpt lat="-39.3694464862" lon="-72.6170674805"><ele>111.34</ele><time>2024-07-28T02:29:22Z</time></trkpt><trkpt lat="-39.3694642559" lon="-72.6171152573"><ele>111.38</ele><time>2024-07-28T02:29:23Z</time></trkpt><trkpt lat="-39.3694784213" lon="-72.6171763614"><ele>111.51</ele><time>2024-07-28T02:29:24Z</time></trkpt><trkpt lat="-39.3694868870" lon="-72.6172477752"><ele>111.56</ele><time>2024-07-28T02:29:25Z</time></trkpt><trkpt lat="-39.3694923352" lon="-72.6173258945"><ele>111.53</ele><time>2024-07-28T02:29:26Z</time></trkpt><trkpt lat="-39.3695579655" lon="-72.6179109514"><ele>111.63</ele><time>2024-07-28T02:29:34Z</time></trkpt><trkpt lat="-39.3695513438" lon="-72.6179634221"><ele>111.63</ele><time>2024-07-28T02:29:35Z</time></trkpt><trkpt lat="-39.3695342448" lon="-72.6180110313"><ele>111.62</ele><time>2024-07-28T02:29:36Z</time></trkpt><trkpt lat="-39.3695084285" lon="-72.6180488337"><ele>111.62</ele><time>2024-07-28T02:29:37Z</time></trkpt><trkpt lat="-39.3694719672" lon="-72.6180856302"><ele>111.69</ele><time>2024-07-28T02:29:38Z</time></trkpt><trkpt lat="-39.3694311474" lon="-72.6181246061"><ele>111.75</ele><time>2024-07-28T02:29:39Z</time></trkpt><trkpt lat="-39.3691609986" lon="-72.6183605567"><ele>111.69</ele><time>2024-07-28T02:29:45Z</time></trkpt><trkpt lat="-39.3691125512" lon="-72.6183730457"><ele>111.72</ele><time>2024-07-28T02:29:46Z</time></trkpt><trkpt lat="-39.3690616731" lon="-72.6183737163"><ele>111.68</ele><time>2024-07-28T02:29:47Z</time></trkpt><trkpt lat="-39.3687595893" lon="-72.6183581259"><ele>111.42</ele><time>2024-07-28T02:29:53Z</time></trkpt><trkpt lat="-39.3687073700" lon="-72.6183760632"><ele>111.48</ele><time>2024-07-28T02:29:54Z</time></trkpt><trkpt lat="-39.3686552346" lon="-72.6184085011"><ele>111.51</ele><time>2024-07-28T02:29:55Z</time></trkpt><trkpt lat="-39.3686036021" lon="-72.6184509974"><ele>111.51</ele><time>2024-07-28T02:29:56Z</time></trkpt><trkpt lat="-39.3685513828" lon="-72.6184993610"><ele>111.51</ele><time>2024-07-28T02:29:57Z</time></trkpt><trkpt lat="-39.3675883021" lon="-72.6193968952"><ele>111.33</ele><time>2024-07-28T02:30:14Z</time></trkpt><trkpt lat="-39.3669688795" lon="-72.6199463289"><ele>110.70</ele><time>2024-07-28T02:30:28Z</time></trkpt><trkpt lat="-39.3669314962" lon="-72.6199736539"><ele>110.74</ele><time>2024-07-28T02:30:36Z</time></trkpt><trkpt lat="-39.3668665364" lon="-72.6200359315"><ele>110.79</ele><time>2024-07-28T02:30:39Z</time></trkpt><trkpt lat="-39.3663870916" lon="-72.6205009595"><ele>110.93</ele><time>2024-07-28T02:30:51Z</time></trkpt><trkpt lat="-39.3656854425" lon="-72.6211999264"><ele>109.95</ele><time>2024-07-28T02:31:06Z</time></trkpt><trkpt lat="-39.3652360048" lon="-72.6216202788"><ele>109.56</ele><time>2024-07-28T02:31:19Z</time></trkpt><trkpt lat="-39.3645310029" lon="-72.6222808566"><ele>109.29</ele><time>2024-07-28T02:31:35Z</time></trkpt><trkpt lat="-39.3643142469" lon="-72.6225269493"><ele>108.97</ele><time>2024-07-28T02:31:45Z</time></trkpt><trkpt lat="-39.3643021770" lon="-72.6226307172"><ele>108.89</ele><time>2024-07-28T02:31:47Z</time></trkpt><trkpt lat="-39.3643547315" lon="-72.6230833400"><ele>109.09</ele><time>2024-07-28T02:31:57Z</time></trkpt><trkpt lat="-39.3643766921" lon="-72.6230785623"><ele>109.16</ele><time>2024-07-28T02:31:58Z</time></trkpt><trkpt lat="-39.3644043524" lon="-72.6230599545"><ele>109.19</ele><time>2024-07-28T02:31:59Z</time></trkpt><trkpt lat="-39.3647605833" lon="-72.6227213256"><ele>109.51</ele><time>2024-07-28T02:32:09Z</time></trkpt><trkpt lat="-39.3649488408" lon="-72.6225366723"><ele>109.54</ele><time>2024-07-28T02:32:14Z</time></trkpt><trkpt lat="-39.3650727253" lon="-72.6223064214"><ele>109.53</ele><time>2024-07-28T02:32:19Z</time></trkpt><trkpt lat="-39.3651033193" lon="-72.6222560462"><ele>109.77</ele><time>2024-07-28T02:32:20Z</time></trkpt><trkpt lat="-39.3651356734" lon="-72.6222087722"><ele>109.79</ele><time>2024-07-28T02:32:21Z</time></trkpt><trkpt lat="-39.3651752360" lon="-72.6221658569"><ele>109.79</ele><time>2024-07-28T02:32:22Z</time></trkpt><trkpt lat="-39.3652153853" lon="-72.6221262105"><ele>109.78</ele><time>2024-07-28T02:32:23Z</time></trkpt><trkpt lat="-39.3653837778" lon="-72.6219731569"><ele>109.98</ele><time>2024-07-28T02:32:27Z</time></trkpt><trkpt lat="-39.3654261064" lon="-72.6219294872"><ele>110.00</ele><time>2024-07-28T02:32:28Z</time></trkpt><trkpt lat="-39.3656286970" lon="-72.6217248850"><ele>109.74</ele><time>2024-07-28T02:32:33Z</time></trkpt><trkpt lat="-39.3656540941" lon="-72.6216895133"><ele>109.70</ele><time>2024-07-28T02:32:34Z</time></trkpt><trkpt lat="-39.3656722829" lon="-72.6216567401"><ele>109.59</ele><time>2024-07-28T02:32:35Z</time></trkpt><trkpt lat="-39.3656862807" lon="-72.6216237992"><ele>109.73</ele><time>2024-07-28T02:32:36Z</time></trkpt><trkpt lat="-39.3656983506" lon="-72.6215877570"><ele>109.64</ele><time>2024-07-28T02:32:37Z</time></trkpt><trkpt lat="-39.3657166231" lon="-72.6215467695"><ele>109.71</ele><time>2024-07-28T02:32:38Z</time></trkpt><trkpt lat="-39.3657442834" lon="-72.6215058658"><ele>109.82</ele><time>2024-07-28T02:32:39Z</time></trkpt><trkpt lat="-39.3657797389" lon="-72.6214690693"><ele>109.99</ele><time>2024-07-28T02:32:40Z</time></trkpt><trkpt lat="-39.3658203911" lon="-72.6214318536"><ele>109.99</ele><time>2024-07-28T02:32:41Z</time></trkpt><trkpt lat="-39.3661342096" lon="-72.6211772952"><ele>110.22</ele><time>2024-07-28T02:32:50Z</time></trkpt><trkpt lat="-39.3661677372" lon="-72.6211980823"><ele>110.25</ele><time>2024-07-28T02:32:51Z</time></trkpt><trkpt lat="-39.3661965709" lon="-72.6212307718"><ele>110.23</ele><time>2024-07-28T02:32:52Z</time></trkpt><trkpt lat="-39.3662306853" lon="-72.6212791353"><ele>110.13</ele><time>2024-07-28T02:32:53Z</time></trkpt><trkpt lat="-39.3662609439" lon="-72.6213372219"><ele>110.08</ele><time>2024-07-28T02:32:54Z</time></trkpt><trkpt lat="-39.3662894424" lon="-72.6213941351"><ele>109.95</ele><time>2024-07-28T02:32:55Z</time></trkpt><trkpt lat="-39.3664647918" lon="-72.6216180157"><ele>109.44</ele><time>2024-07-28T02:33:02Z</time></trkpt><trkpt lat="-39.3664923683" lon="-72.6216029283"><ele>109.63</ele><time>2024-07-28T02:33:03Z</time></trkpt><trkpt lat="-39.3665182684" lon="-72.6215819735"><ele>109.67</ele><time>2024-07-28T02:33:04Z</time></trkpt><trkpt lat="-39.3665464316" lon="-72.6215549838"><ele>109.83</ele><time>2024-07-28T02:33:05Z</time></trkpt><trkpt lat="-39.3665761873" lon="-72.6215256471"><ele>109.79</ele><time>2024-07-28T02:33:06Z</time></trkpt><trkpt lat="-39.3666079547" lon="-72.6214958075"><ele>109.83</ele><time>2024-07-28T02:33:07Z</time></trkpt><trkpt lat="-39.3670799397" lon="-72.6210578531"><ele>110.74</ele><time>2024-07-28T02:33:22Z</time></trkpt><trkpt lat="-39.3672687002" lon="-72.6208752953"><ele>110.99</ele><time>2024-07-28T02:33:34Z</time></trkpt><trkpt lat="-39.3672984559" lon="-72.6208524965"><ele>111.03</ele><time>2024-07-28T02:33:37Z</time></trkpt><trkpt lat="-39.3673229311" lon="-72.6208333019"><ele>110.96</ele><time>2024-07-28T02:33:39Z</time></trkpt><trkpt lat="-39.3673369288" lon="-72.6208300330"><ele>111.01</ele><time>2024-07-28T02:33:40Z</time></trkpt><trkpt lat="-39.3673549499" lon="-72.6208359003"><ele>110.97</ele><time>2024-07-28T02:33:41Z</time></trkpt><trkpt lat="-39.3673690315" lon="-72.6208505686"><ele>111.10</ele><time>2024-07-28T02:33:42Z</time></trkpt><trkpt lat="-39.3673831969" lon="-72.6208716910"><ele>111.02</ele><time>2024-07-28T02:33:43Z</time></trkpt><trkpt lat="-39.3673975300" lon="-72.6208959147"><ele>110.95</ele><time>2024-07-28T02:33:44Z</time></trkpt><trkpt lat="-39.3674104381" lon="-72.6209226530"><ele>110.95</ele><time>2024-07-28T02:33:45Z</time></trkpt><trkpt lat="-39.3675723765" lon="-72.6212472841"><ele>110.82</ele><time>2024-07-28T02:33:58Z</time></trkpt><trkpt lat="-39.3677114323" lon="-72.6215506252"><ele>110.82</ele><time>2024-07-28T02:34:10Z</time></trkpt><trkpt lat="-39.3676973507" lon="-72.6215469372"><ele>110.86</ele><time>2024-07-28T02:34:21Z</time></trkpt><trkpt lat="-39.3676984403" lon="-72.6215786207"><ele>110.92</ele><time>2024-07-28T02:34:43Z</time></trkpt><trkpt lat="-39.3677238375" lon="-72.6215719990"><ele>110.86</ele><time>2024-07-28T02:34:44Z</time></trkpt><trkpt lat="-39.3677299563" lon="-72.6214927901"><ele>110.88</ele><time>2024-07-28T02:34:55Z</time></trkpt><trkpt lat="-39.3677128572" lon="-72.6214718353"><ele>111.00</ele><time>2024-07-28T02:34:56Z</time></trkpt><trkpt lat="-39.3676470593" lon="-72.6213233918"><ele>111.03</ele><time>2024-07-28T02:35:01Z</time></trkpt><trkpt lat="-39.3676532619" lon="-72.6212973241"><ele>111.04</ele><time>2024-07-28T02:35:02Z</time></trkpt><trkpt lat="-39.3676670082" lon="-72.6212701667"><ele>111.04</ele><time>2024-07-28T02:35:03Z</time></trkpt><trkpt lat="-39.3676888850" lon="-72.6212448534"><ele>111.07</ele><time>2024-07-28T02:35:04Z</time></trkpt><trkpt lat="-39.3677179702" lon="-72.6212166902"><ele>111.14</ele><time>2024-07-28T02:35:05Z</time></trkpt><trkpt lat="-39.3677516654" lon="-72.6211870182"><ele>111.16</ele><time>2024-07-28T02:35:06Z</time></trkpt><trkpt lat="-39.3682595249" lon="-72.6207120996"><ele>111.61</ele><time>2024-07-28T02:35:20Z</time></trkpt><trkpt lat="-39.3689426500" lon="-72.6200654358"><ele>111.89</ele><time>2024-07-28T02:35:36Z</time></trkpt><trkpt lat="-39.3690882437" lon="-72.6198889129"><ele>111.77</ele><time>2024-07-28T02:35:42Z</time></trkpt><trkpt lat="-39.3690879922" lon="-72.6198522002"><ele>111.92</ele><time>2024-07-28T02:35:43Z</time></trkpt><trkpt lat="-39.3690822925" lon="-72.6198118832"><ele>111.91</ele><time>2024-07-28T02:35:44Z</time></trkpt><trkpt lat="-39.3689631857" lon="-72.6193082146"><ele>112.12</ele><time>2024-07-28T02:35:55Z</time></trkpt><trkpt lat="-39.3689197674" lon="-72.6192874275"><ele>112.10</ele><time>2024-07-28T02:35:57Z</time></trkpt><trkpt lat="-39.3688983098" lon="-72.6192974020"><ele>112.04</ele><time>2024-07-28T02:35:58Z</time></trkpt><trkpt lat="-39.3688740022" lon="-72.6193175185"><ele>112.00</ele><time>2024-07-28T02:35:59Z</time></trkpt><trkpt lat="-39.3688457552" lon="-72.6193458494"><ele>111.98</ele><time>2024-07-28T02:36:00Z</time></trkpt><trkpt lat="-39.3688123953" lon="-72.6193790417"><ele>112.08</ele><time>2024-07-28T02:36:01Z</time></trkpt><trkpt lat="-39.3682296015" lon="-72.6199247036"><ele>111.70</ele><time>2024-07-28T02:36:15Z</time></trkpt><trkpt lat="-39.3677451275" lon="-72.6203546114"><ele>111.58</ele><time>2024-07-28T02:36:30Z</time></trkpt><trkpt lat="-39.3675719574" lon="-72.6201517694"><ele>111.65</ele><time>2024-07-28T02:36:39Z</time></trkpt><trkpt lat="-39.3675496615" lon="-72.6201517694"><ele>111.73</ele><time>2024-07-28T02:36:40Z</time></trkpt><trkpt lat="-39.3672681972" lon="-72.6203997061"><ele>111.58</ele><time>2024-07-28T02:36:50Z</time></trkpt><trkpt lat="-39.3672547024" lon="-72.6204210799"><ele>111.46</ele><time>2024-07-28T02:37:01Z</time></trkpt><trkpt lat="-39.3672842905" lon="-72.6204266120"><ele>111.77</ele><time>2024-07-28T02:37:33Z</time></trkpt><trkpt lat="-39.3672764953" lon="-72.6204455551"><ele>111.79</ele><time>2024-07-28T02:37:35Z</time></trkpt><trkpt lat="-39.3673023954" lon="-72.6206880435"><ele>111.63</ele><time>2024-07-28T02:37:43Z</time></trkpt><trkpt lat="-39.3674778286" lon="-72.6210703421"><ele>111.71</ele><time>2024-07-28T02:37:55Z</time></trkpt><trkpt lat="-39.3676559441" lon="-72.6213810593"><ele>111.85</ele><time>2024-07-28T02:38:09Z</time></trkpt><trkpt lat="-39.3681323715" lon="-72.6222401205"><ele>111.79</ele><time>2024-07-28T02:38:24Z</time></trkpt><trkpt lat="-39.3682803120" lon="-72.6225343253"><ele>111.38</ele><time>2024-07-28T02:38:32Z</time></trkpt><trkpt lat="-39.3682843354" lon="-72.6225966867"><ele>111.66</ele><time>2024-07-28T02:38:35Z</time></trkpt><trkpt lat="-39.3682731036" lon="-72.6226271968"><ele>111.63</ele><time>2024-07-28T02:38:36Z</time></trkpt><trkpt lat="-39.3682505563" lon="-72.6226525940"><ele>111.72</ele><time>2024-07-28T02:38:37Z</time></trkpt><trkpt lat="-39.3682211358" lon="-72.6226784941"><ele>111.76</ele><time>2024-07-28T02:38:38Z</time></trkpt><trkpt lat="-39.3681907095" lon="-72.6227006223"><ele>111.52</ele><time>2024-07-28T02:38:39Z</time></trkpt><trkpt lat="-39.3681040406" lon="-72.6227783225"><ele>111.80</ele><time>2024-07-28T02:38:46Z</time></trkpt><trkpt lat="-39.3681239057" lon="-72.6227563620"><ele>111.59</ele><time>2024-07-28T02:39:18Z</time></trkpt><trkpt lat="-39.3681234028" lon="-72.6227570325"><ele>111.51</ele><time>2024-07-28T02:39:24Z</time></trkpt><trkpt lat="-39.3681285158" lon="-72.6227670908"><ele>112.39</ele><time>2024-07-28T02:39:31Z</time></trkpt><trkpt lat="-39.3680565991" lon="-72.6228438690"><ele>111.78</ele><time>2024-07-28T02:39:39Z</time></trkpt><trkpt lat="-39.3680293579" lon="-72.6228697691"><ele>111.87</ele><time>2024-07-28T02:39:40Z</time></trkpt><trkpt lat="-39.3676273618" lon="-72.6232574321"><ele>111.57</ele><time>2024-07-28T02:39:52Z</time></trkpt><trkpt lat="-39.3670501001" lon="-72.6238020044"><ele>111.65</ele><time>2024-07-28T02:40:02Z</time></trkpt><trkpt lat="-39.3658610433" lon="-72.6249661669"><ele>110.99</ele><time>2024-07-28T02:40:21Z</time></trkpt><trkpt lat="-39.3657074030" lon="-72.6251850184"><ele>110.79</ele><time>2024-07-28T02:40:27Z</time></trkpt><trkpt lat="-39.3657217361" lon="-72.6252430212"><ele>110.89</ele><time>2024-07-28T02:40:28Z</time></trkpt><trkpt lat="-39.3657483067" lon="-72.6253089029"><ele>110.72</ele><time>2024-07-28T02:40:29Z</time></trkpt><trkpt lat="-39.3657836784" lon="-72.6253752038"><ele>110.65</ele><time>2024-07-28T02:40:30Z</time></trkpt><trkpt lat="-39.3658250850" lon="-72.6254427619"><ele>110.61</ele><time>2024-07-28T02:40:31Z</time></trkpt><trkpt lat="-39.3663008418" lon="-72.6262673736"><ele>109.98</ele><time>2024-07-28T02:40:42Z</time></trkpt><trkpt lat="-39.3663963117" lon="-72.6263329200"><ele>109.94</ele><time>2024-07-28T02:40:45Z</time></trkpt><trkpt lat="-39.3664388079" lon="-72.6263254602"><ele>110.01</ele><time>2024-07-28T02:40:46Z</time></trkpt><trkpt lat="-39.3664836511" lon="-72.6262976322"><ele>109.95</ele><time>2024-07-28T02:40:47Z</time></trkpt><trkpt lat="-39.3670715578" lon="-72.6257279143"><ele>111.01</ele><time>2024-07-28T02:40:58Z</time></trkpt><trkpt lat="-39.3678721134" lon="-72.6249523368"><ele>112.05</ele><time>2024-07-28T02:41:12Z</time></trkpt><trkpt lat="-39.3682260811" lon="-72.6246155519"><ele>112.31</ele><time>2024-07-28T02:41:21Z</time></trkpt><trkpt lat="-39.3687920272" lon="-72.6240598317"><ele>112.89</ele><time>2024-07-28T02:41:31Z</time></trkpt><trkpt lat="-39.3691288959" lon="-72.6237398945"><ele>113.08</ele><time>2024-07-28T02:41:39Z</time></trkpt><trkpt lat="-39.3696796708" lon="-72.6231845934"><ele>113.33</ele><time>2024-07-28T02:41:51Z</time></trkpt><trkpt lat="-39.3697708659" lon="-72.6230844297"><ele>113.46</ele><time>2024-07-28T02:41:54Z</time></trkpt><trkpt lat="-39.3702382408" lon="-72.6226436254"><ele>113.87</ele><time>2024-07-28T02:42:05Z</time></trkpt><trkpt lat="-39.3707686476" lon="-72.6221654378"><ele>114.16</ele><time>2024-07-28T02:42:17Z</time></trkpt><trkpt lat="-39.3709410634" lon="-72.6223453134"><ele>113.82</ele><time>2024-07-28T02:42:24Z</time></trkpt><trkpt lat="-39.3713092804" lon="-72.6230404247"><ele>111.50</ele><time>2024-07-28T02:42:36Z</time></trkpt><trkpt lat="-39.3713797722" lon="-72.6232241560"><ele>111.45</ele><time>2024-07-28T02:42:40Z</time></trkpt><trkpt lat="-39.3713786826" lon="-72.6232715975"><ele>111.48</ele><time>2024-07-28T02:42:41Z</time></trkpt><trkpt lat="-39.3713691272" lon="-72.6233180333"><ele>111.31</ele><time>2024-07-28T02:42:42Z</time></trkpt><trkpt lat="-39.3713467475" lon="-72.6233591046"><ele>111.21</ele><time>2024-07-28T02:42:43Z</time></trkpt><trkpt lat="-39.3713177461" lon="-72.6233927999"><ele>111.17</ele><time>2024-07-28T02:42:44Z</time></trkpt><trkpt lat="-39.3712819554" lon="-72.6234240644"><ele>111.27</ele><time>2024-07-28T02:42:45Z</time></trkpt><trkpt lat="-39.3708195258" lon="-72.6238570735"><ele>112.31</ele><time>2024-07-28T02:42:55Z</time></trkpt><trkpt lat="-39.3703409191" lon="-72.6242913399"><ele>112.93</ele><time>2024-07-28T02:43:06Z</time></trkpt><trkpt lat="-39.3702836707" lon="-72.6243428886"><ele>112.97</ele><time>2024-07-28T02:43:07Z</time></trkpt><trkpt lat="-39.3702257518" lon="-72.6243943535"><ele>112.88</ele><time>2024-07-28T02:43:08Z</time></trkpt><trkpt lat="-39.3696884718" lon="-72.6248996146"><ele>112.14</ele><time>2024-07-28T02:43:19Z</time></trkpt><trkpt lat="-39.3691537902" lon="-72.6254000980"><ele>112.89</ele><time>2024-07-28T02:43:28Z</time></trkpt><trkpt lat="-39.3687733356" lon="-72.6257575862"><ele>112.87</ele><time>2024-07-28T02:43:36Z</time></trkpt><trkpt lat="-39.3681651447" lon="-72.6263424754"><ele>112.26</ele><time>2024-07-28T02:43:45Z</time></trkpt><trkpt lat="-39.3673640862" lon="-72.6271175500"><ele>111.01</ele><time>2024-07-28T02:43:57Z</time></trkpt><trkpt lat="-39.3671051692" lon="-72.6273605414"><ele>109.75</ele><time>2024-07-28T02:44:04Z</time></trkpt><trkpt lat="-39.3670427240" lon="-72.6275068894"><ele>110.15</ele><time>2024-07-28T02:44:08Z</time></trkpt><trkpt lat="-39.3670436461" lon="-72.6275646407"><ele>110.12</ele><time>2024-07-28T02:44:09Z</time></trkpt><trkpt lat="-39.3670599069" lon="-72.6276272535"><ele>110.13</ele><time>2024-07-28T02:44:10Z</time></trkpt><trkpt lat="-39.3670893274" lon="-72.6276948117"><ele>110.16</ele><time>2024-07-28T02:44:11Z</time></trkpt><trkpt lat="-39.3671259563" lon="-72.6277663093"><ele>110.20</ele><time>2024-07-28T02:44:12Z</time></trkpt><trkpt lat="-39.3671664409" lon="-72.6278371364"><ele>110.16</ele><time>2024-07-28T02:44:13Z</time></trkpt><trkpt lat="-39.3672167324" lon="-72.6279082987"><ele>110.34</ele><time>2024-07-28T02:44:14Z</time></trkpt><trkpt lat="-39.3676083349" lon="-72.6285558846"><ele>110.12</ele><time>2024-07-28T02:44:24Z</time></trkpt><trkpt lat="-39.3676380906" lon="-72.6285695471"><ele>110.19</ele><time>2024-07-28T02:44:27Z</time></trkpt><trkpt lat="-39.3676644936" lon="-72.6285713073"><ele>110.26</ele><time>2024-07-28T02:44:28Z</time></trkpt><trkpt lat="-39.3676945008" lon="-72.6285693794"><ele>110.32</ele><time>2024-07-28T02:44:29Z</time></trkpt><trkpt lat="-39.3677264359" lon="-72.6285600755"><ele>110.32</ele><time>2024-07-28T02:44:30Z</time></trkpt><trkpt lat="-39.3677551020" lon="-72.6285456587"><ele>110.26</ele><time>2024-07-28T02:44:31Z</time></trkpt><trkpt lat="-39.3677859474" lon="-72.6285265479"><ele>110.32</ele><time>2024-07-28T02:44:32Z</time></trkpt><trkpt lat="-39.3678052258" lon="-72.6285082754"><ele>110.36</ele><time>2024-07-28T02:44:33Z</time></trkpt><trkpt lat="-39.3678177986" lon="-72.6284943614"><ele>110.28</ele><time>2024-07-28T02:44:34Z</time></trkpt><trkpt lat="-39.3678533379" lon="-72.6284794416"><ele>110.36</ele><time>2024-07-28T02:44:51Z</time></trkpt><trkpt lat="-39.3679969199" lon="-72.6283448283"><ele>110.61</ele><time>2024-07-28T02:45:03Z</time></trkpt><trkpt lat="-39.3685023487" lon="-72.6278385613"><ele>111.22</ele><time>2024-07-28T02:45:16Z</time></trkpt><trkpt lat="-39.3691749126" lon="-72.6271989383"><ele>111.93</ele><time>2024-07-28T02:45:32Z</time></trkpt><trkpt lat="-39.3694720510" lon="-72.6269061584"><ele>112.23</ele><time>2024-07-28T02:45:41Z</time></trkpt><trkpt lat="-39.3698440399" lon="-72.6265190821"><ele>112.44</ele><time>2024-07-28T02:45:50Z</time></trkpt><trkpt lat="-39.3701052200" lon="-72.6262696367"><ele>112.26</ele><time>2024-07-28T02:45:55Z</time></trkpt><trkpt lat="-39.3703247420" lon="-72.6260930300"><ele>112.22</ele><time>2024-07-28T02:46:04Z</time></trkpt><trkpt lat="-39.3704114947" lon="-72.6261361130"><ele>112.13</ele><time>2024-07-28T02:46:07Z</time></trkpt><trkpt lat="-39.3704446871" lon="-72.6261788607"><ele>112.34</ele><time>2024-07-28T02:46:08Z</time></trkpt><trkpt lat="-39.3704821542" lon="-72.6262403838"><ele>112.20</ele><time>2024-07-28T02:46:09Z</time></trkpt><trkpt lat="-39.3709981441" lon="-72.6271651592"><ele>110.35</ele><time>2024-07-28T02:46:20Z</time></trkpt><trkpt lat="-39.3714277167" lon="-72.6279095560"><ele>107.04</ele><time>2024-07-28T02:46:28Z</time></trkpt><trkpt lat="-39.3716216739" lon="-72.6283409726"><ele>106.05</ele><time>2024-07-28T02:46:36Z</time></trkpt><trkpt lat="-39.3715813570" lon="-72.6283861510"><ele>106.09</ele><time>2024-07-28T02:46:37Z</time></trkpt><trkpt lat="-39.3715274613" lon="-72.6284335926"><ele>106.31</ele><time>2024-07-28T02:46:38Z</time></trkpt><trkpt lat="-39.3710560631" lon="-72.6288329065"><ele>109.34</ele><time>2024-07-28T02:46:45Z</time></trkpt><trkpt lat="-39.3708063662" lon="-72.6290389337"><ele>111.63</ele><time>2024-07-28T02:46:52Z</time></trkpt><trkpt lat="-39.3704059627" lon="-72.6293808315"><ele>111.71</ele><time>2024-07-28T02:47:01Z</time></trkpt><trkpt lat="-39.3696135376" lon="-72.6301533915"><ele>111.16</ele><time>2024-07-28T02:47:13Z</time></trkpt><trkpt lat="-39.3690364435" lon="-72.6307118777"><ele>109.78</ele><time>2024-07-28T02:47:24Z</time></trkpt><trkpt lat="-39.3690173328" lon="-72.6307169069"><ele>109.83</ele><time>2024-07-28T02:47:30Z</time></trkpt><trkpt lat="-39.3689345196" lon="-72.6307830401"><ele>110.05</ele><time>2024-07-28T02:47:33Z</time></trkpt><trkpt lat="-39.3683753628" lon="-72.6313256007"><ele>110.15</ele><time>2024-07-28T02:47:42Z</time></trkpt><trkpt lat="-39.3681035377" lon="-72.6315902174"><ele>109.36</ele><time>2024-07-28T02:47:49Z</time></trkpt><trkpt lat="-39.3677788228" lon="-72.6318851765"><ele>109.49</ele><time>2024-07-28T02:47:59Z</time></trkpt><trkpt lat="-39.3672812730" lon="-72.6323652081"><ele>109.07</ele><time>2024-07-28T02:48:10Z</time></trkpt><trkpt lat="-39.3672501761" lon="-72.6323595922"><ele>109.21</ele><time>2024-07-28T02:48:11Z</time></trkpt><trkpt lat="-39.3672148883" lon="-72.6323378831"><ele>109.19</ele><time>2024-07-28T02:48:12Z</time></trkpt><trkpt lat="-39.3671772536" lon="-72.6323041040"><ele>109.21</ele><time>2024-07-28T02:48:13Z</time></trkpt><trkpt lat="-39.3671366014" lon="-72.6322668046"><ele>109.29</ele><time>2024-07-28T02:48:14Z</time></trkpt><trkpt lat="-39.3670959491" lon="-72.6322269067"><ele>109.21</ele><time>2024-07-28T02:48:15Z</time></trkpt><trkpt lat="-39.3670533691" lon="-72.6321862545"><ele>109.37</ele><time>2024-07-28T02:48:16Z</time></trkpt><trkpt lat="-39.3670096993" lon="-72.6321469434"><ele>109.39</ele><time>2024-07-28T02:48:17Z</time></trkpt><trkpt lat="-39.3666035123" lon="-72.6315573603"><ele>109.58</ele><time>2024-07-28T02:48:30Z</time></trkpt><trkpt lat="-39.3665737566" lon="-72.6314588729"><ele>109.52</ele><time>2024-07-28T02:48:33Z</time></trkpt><trkpt lat="-39.3665795401" lon="-72.6314312965"><ele>109.40</ele><time>2024-07-28T02:48:34Z</time></trkpt><trkpt lat="-39.3665920291" lon="-72.6314043067"><ele>109.41</ele><time>2024-07-28T02:48:35Z</time></trkpt><trkpt lat="-39.3666176777" lon="-72.6313753892"><ele>109.47</ele><time>2024-07-28T02:48:36Z</time></trkpt><trkpt lat="-39.3666509539" lon="-72.6313436218"><ele>109.46</ele><time>2024-07-28T02:48:37Z</time></trkpt><trkpt lat="-39.3666947912" lon="-72.6313054841"><ele>109.50</ele><time>2024-07-28T02:48:38Z</time></trkpt><trkpt lat="-39.3672951870" lon="-72.6307378616"><ele>109.87</ele><time>2024-07-28T02:48:50Z</time></trkpt><trkpt lat="-39.3674575444" lon="-72.6308049168"><ele>110.05</ele><time>2024-07-28T02:48:58Z</time></trkpt><trkpt lat="-39.3679368217" lon="-72.6316196378"><ele>109.88</ele><time>2024-07-28T02:49:15Z</time></trkpt><trkpt lat="-39.3679705169" lon="-72.6316730306"><ele>109.96</ele><time>2024-07-28T02:49:16Z</time></trkpt><trkpt lat="-39.3683466967" lon="-72.6323510427"><ele>110.34</ele><time>2024-07-28T02:49:24Z</time></trkpt><trkpt lat="-39.3685797974" lon="-72.6327501889"><ele>110.01</ele><time>2024-07-28T02:49:31Z</time></trkpt><trkpt lat="-39.3686908577" lon="-72.6328169927"><ele>110.18</ele><time>2024-07-28T02:49:35Z</time></trkpt><trkpt lat="-39.3687326834" lon="-72.6328058448"><ele>110.33</ele><time>2024-07-28T02:49:36Z</time></trkpt><trkpt lat="-39.3687816337" lon="-72.6327683777"><ele>110.31</ele><time>2024-07-28T02:49:37Z</time></trkpt><trkpt lat="-39.3688490242" lon="-72.6327086147"><ele>110.33</ele><time>2024-07-28T02:49:38Z</time></trkpt><trkpt lat="-39.3689159956" lon="-72.6326496061"><ele>110.47</ele><time>2024-07-28T02:49:39Z</time></trkpt><trkpt lat="-39.3694744818" lon="-72.6321182773"><ele>110.39</ele><time>2024-07-28T02:49:50Z</time></trkpt><trkpt lat="-39.3694852944" lon="-72.6321182773"><ele>110.41</ele><time>2024-07-28T02:50:04Z</time></trkpt><trkpt lat="-39.3696736358" lon="-72.6319578476"><ele>110.82</ele><time>2024-07-28T02:50:25Z</time></trkpt><trkpt lat="-39.3700254243" lon="-72.6316342223"><ele>111.30</ele><time>2024-07-28T02:50:31Z</time></trkpt><trkpt lat="-39.3706963118" lon="-72.6309886482"><ele>111.59</ele><time>2024-07-28T02:50:42Z</time></trkpt><trkpt lat="-39.3715083506" lon="-72.6302075386"><ele>110.12</ele><time>2024-07-28T02:50:57Z</time></trkpt><trkpt lat="-39.3718587980" lon="-72.6298377290"><ele>106.83</ele><time>2024-07-28T02:51:04Z</time></trkpt><trkpt lat="-39.3719194829" lon="-72.6297818217"><ele>106.53</ele><time>2024-07-28T02:51:05Z</time></trkpt><trkpt lat="-39.3723700941" lon="-72.6294858567"><ele>105.19</ele><time>2024-07-28T02:51:15Z</time></trkpt><trkpt lat="-39.3724073097" lon="-72.6295257546"><ele>105.16</ele><time>2024-07-28T02:51:16Z</time></trkpt><trkpt lat="-39.3724426813" lon="-72.6295838412"><ele>105.04</ele><time>2024-07-28T02:51:17Z</time></trkpt><trkpt lat="-39.3728981540" lon="-72.6304162480"><ele>104.63</ele><time>2024-07-28T02:51:28Z</time></trkpt><trkpt lat="-39.3729106430" lon="-72.6305179205"><ele>104.45</ele><time>2024-07-28T02:51:30Z</time></trkpt><trkpt lat="-39.3728930410" lon="-72.6305646915"><ele>104.53</ele><time>2024-07-28T02:51:31Z</time></trkpt><trkpt lat="-39.3728534784" lon="-72.6306087803"><ele>104.55</ele><time>2024-07-28T02:51:32Z</time></trkpt><trkpt lat="-39.3727995828" lon="-72.6306578983"><ele>104.68</ele><time>2024-07-28T02:51:33Z</time></trkpt><trkpt lat="-39.3727375567" lon="-72.6307122130"><ele>104.75</ele><time>2024-07-28T02:51:34Z</time></trkpt><trkpt lat="-39.3721315451" lon="-72.6312873792"><ele>106.77</ele><time>2024-07-28T02:51:44Z</time></trkpt><trkpt lat="-39.3717396911" lon="-72.6316504832"><ele>108.52</ele><time>2024-07-28T02:51:52Z</time></trkpt><trkpt lat="-39.3711803667" lon="-72.6321876794"><ele>110.84</ele><time>2024-07-28T02:52:02Z</time></trkpt><trkpt lat="-39.3707102258" lon="-72.6326166652"><ele>111.45</ele><time>2024-07-28T02:52:10Z</time></trkpt><trkpt lat="-39.3703503907" lon="-72.6329616643"><ele>110.99</ele><time>2024-07-28T02:52:18Z</time></trkpt><trkpt lat="-39.3699856941" lon="-72.6332914084"><ele>111.14</ele><time>2024-07-28T02:52:27Z</time></trkpt><trkpt lat="-39.3694129586" lon="-72.6338542532"><ele>109.90</ele><time>2024-07-28T02:52:39Z</time></trkpt><trkpt lat="-39.3693187460" lon="-72.6340009365"><ele>110.00</ele><time>2024-07-28T02:52:45Z</time></trkpt><trkpt lat="-39.3693236075" lon="-72.6340515632"><ele>109.93</ele><time>2024-07-28T02:52:46Z</time></trkpt><trkpt lat="-39.3693437241" lon="-72.6341154333"><ele>110.03</ele><time>2024-07-28T02:52:47Z</time></trkpt><trkpt lat="-39.3693710491" lon="-72.6341755316"><ele>110.16</ele><time>2024-07-28T02:52:48Z</time></trkpt><trkpt lat="-39.3694101926" lon="-72.6342450175"><ele>110.29</ele><time>2024-07-28T02:52:49Z</time></trkpt><trkpt lat="-39.3694557063" lon="-72.6343204547"><ele>110.36</ele><time>2024-07-28T02:52:50Z</time></trkpt><trkpt lat="-39.3698768970" lon="-72.6350036636"><ele>110.59</ele><time>2024-07-28T02:52:59Z</time></trkpt><trkpt lat="-39.3699053954" lon="-72.6350324135"><ele>110.45</ele><time>2024-07-28T02:53:00Z</time></trkpt><trkpt lat="-39.3699413538" lon="-72.6350445673"><ele>110.30</ele><time>2024-07-28T02:53:01Z</time></trkpt><trkpt lat="-39.3699802458" lon="-72.6350418013"><ele>110.35</ele><time>2024-07-28T02:53:02Z</time></trkpt><trkpt lat="-39.3700202275" lon="-72.6350284740"><ele>110.19</ele><time>2024-07-28T02:53:03Z</time></trkpt><trkpt lat="-39.3700628914" lon="-72.6349995565"><ele>110.33</ele><time>2024-07-28T02:53:04Z</time></trkpt><trkpt lat="-39.3701063935" lon="-72.6349594910"><ele>110.41</ele><time>2024-07-28T02:53:05Z</time></trkpt><trkpt lat="-39.3701502308" lon="-72.6349152345"><ele>110.51</ele><time>2024-07-28T02:53:06Z</time></trkpt><trkpt lat="-39.3707827292" lon="-72.6343243103"><ele>111.07</ele><time>2024-07-28T02:53:18Z</time></trkpt><trkpt lat="-39.3709040154" lon="-72.6342118252"><ele>111.17</ele><time>2024-07-28T02:53:26Z</time></trkpt><trkpt lat="-39.3710842263" lon="-72.6340420078"><ele>111.18</ele><time>2024-07-28T02:53:32Z</time></trkpt><trkpt lat="-39.3711253814" lon="-72.6340079773"><ele>111.14</ele><time>2024-07-28T02:53:33Z</time></trkpt><trkpt lat="-39.3711662851" lon="-72.6339682471"><ele>111.10</ele><time>2024-07-28T02:53:34Z</time></trkpt><trkpt lat="-39.3712084461" lon="-72.6339234877"><ele>110.87</ele><time>2024-07-28T02:53:35Z</time></trkpt><trkpt lat="-39.3712551333" lon="-72.6338751242"><ele>110.75</ele><time>2024-07-28T02:53:36Z</time></trkpt><trkpt lat="-39.3717661779" lon="-72.6333779097"><ele>108.34</ele><time>2024-07-28T02:53:46Z</time></trkpt><trkpt lat="-39.3719849456" lon="-72.6331787556"><ele>107.85</ele><time>2024-07-28T02:53:53Z</time></trkpt><trkpt lat="-39.3726498820" lon="-72.6325679664"><ele>106.88</ele><time>2024-07-28T02:54:06Z</time></trkpt><trkpt lat="-39.3729751837" lon="-72.6322606020"><ele>106.42</ele><time>2024-07-28T02:54:15Z</time></trkpt><trkpt lat="-39.3735469971" lon="-72.6317009423"><ele>105.44</ele><time>2024-07-28T02:54:27Z</time></trkpt><trkpt lat="-39.3739105202" lon="-72.6313424483"><ele>105.11</ele><time>2024-07-28T02:54:36Z</time></trkpt><trkpt lat="-39.3740585446" lon="-72.6311879698"><ele>104.93</ele><time>2024-07-28T02:54:39Z</time></trkpt><trkpt lat="-39.3741074111" lon="-72.6311470661"><ele>104.86</ele><time>2024-07-28T02:54:40Z</time></trkpt><trkpt lat="-39.3746274244" lon="-72.6306757517"><ele>104.77</ele><time>2024-07-28T02:54:52Z</time></trkpt><trkpt lat="-39.3752670474" lon="-72.6300588436"><ele>103.27</ele><time>2024-07-28T02:55:03Z</time></trkpt><trkpt lat="-39.3753101304" lon="-72.6300426666"><ele>103.21</ele><time>2024-07-28T02:55:04Z</time></trkpt><trkpt lat="-39.3753504474" lon="-72.6300471090"><ele>103.10</ele><time>2024-07-28T02:55:05Z</time></trkpt><trkpt lat="-39.3753859866" lon="-72.6300703268"><ele>103.16</ele><time>2024-07-28T02:55:06Z</time></trkpt><trkpt lat="-39.3754211068" lon="-72.6301050279"><ele>103.16</ele><time>2024-07-28T02:55:07Z</time></trkpt><trkpt lat="-39.3754550535" lon="-72.6301520504"><ele>103.25</ele><time>2024-07-28T02:55:08Z</time></trkpt><trkpt lat="-39.3754891679" lon="-72.6302088797"><ele>103.29</ele><time>2024-07-28T02:55:09Z</time></trkpt><trkpt lat="-39.3755251262" lon="-72.6302685589"><ele>103.22</ele><time>2024-07-28T02:55:10Z</time></trkpt><trkpt lat="-39.3759557046" lon="-72.6310967747"><ele>103.36</ele><time>2024-07-28T02:55:23Z</time></trkpt><trkpt lat="-39.3759350851" lon="-72.6311345771"><ele>103.56</ele><time>2024-07-28T02:55:24Z</time></trkpt><trkpt lat="-39.3759026472" lon="-72.6311687753"><ele>103.57</ele><time>2024-07-28T02:55:25Z</time></trkpt><trkpt lat="-39.3758567143" lon="-72.6312037278"><ele>103.56</ele><time>2024-07-28T02:55:26Z</time></trkpt><trkpt lat="-39.3752648681" lon="-72.6317374036"><ele>103.95</ele><time>2024-07-28T02:55:36Z</time></trkpt><trkpt lat="-39.3749791291" lon="-72.6320107374"><ele>104.12</ele><time>2024-07-28T02:55:43Z</time></trkpt><trkpt lat="-39.3742892984" lon="-72.6326781046"><ele>104.65</ele><time>2024-07-28T02:55:54Z</time></trkpt><trkpt lat="-39.3740689382" lon="-72.6329016499"><ele>105.29</ele><time>2024-07-28T02:56:01Z</time></trkpt><trkpt lat="-39.3738470692" lon="-72.6331214234"><ele>105.56</ele><time>2024-07-28T02:56:05Z</time></trkpt><trkpt lat="-39.3733379524" lon="-72.6335814223"><ele>105.75</ele><time>2024-07-28T02:56:15Z</time></trkpt><trkpt lat="-39.3727875128" lon="-72.6340866834"><ele>106.06</ele><time>2024-07-28T02:56:24Z</time></trkpt><trkpt lat="-39.3718767352" lon="-72.6349705551"><ele>107.11</ele><time>2024-07-28T02:56:37Z</time></trkpt><trkpt lat="-39.3715786748" lon="-72.6352730580"><ele>108.54</ele><time>2024-07-28T02:56:44Z</time></trkpt><trkpt lat="-39.3711177539" lon="-72.6357098389"><ele>109.66</ele><time>2024-07-28T02:56:52Z</time></trkpt><trkpt lat="-39.3706948031" lon="-72.6361194625"><ele>109.83</ele><time>2024-07-28T02:57:00Z</time></trkpt><trkpt lat="-39.3706277478" lon="-72.6362647209"><ele>109.79</ele><time>2024-07-28T02:57:05Z</time></trkpt><trkpt lat="-39.3706220482" lon="-72.6363260765"><ele>109.97</ele><time>2024-07-28T02:57:06Z</time></trkpt><trkpt lat="-39.3706357107" lon="-72.6364020165"><ele>109.97</ele><time>2024-07-28T02:57:07Z</time></trkpt><trkpt lat="-39.3706673104" lon="-72.6364771184"><ele>110.07</ele><time>2024-07-28T02:57:08Z</time></trkpt><trkpt lat="-39.3707057834" lon="-72.6365461852"><ele>109.99</ele><time>2024-07-28T02:57:09Z</time></trkpt><trkpt lat="-39.3707486149" lon="-72.6366222929"><ele>109.93</ele><time>2024-07-28T02:57:10Z</time></trkpt><trkpt lat="-39.3712138943" lon="-72.6373566315"><ele>109.13</ele><time>2024-07-28T02:57:19Z</time></trkpt><trkpt lat="-39.3712552171" lon="-72.6373930089"><ele>109.00</ele><time>2024-07-28T02:57:20Z</time></trkpt><trkpt lat="-39.3712951150" lon="-72.6374144666"><ele>108.94</ele><time>2024-07-28T02:57:21Z</time></trkpt><trkpt lat="-39.3713369407" lon="-72.6374238543"><ele>108.78</ele><time>2024-07-28T02:57:22Z</time></trkpt><trkpt lat="-39.3713794369" lon="-72.6374200825"><ele>108.66</ele><time>2024-07-28T02:57:23Z</time></trkpt><trkpt lat="-39.3714270461" lon="-72.6374001335"><ele>108.81</ele><time>2024-07-28T02:57:24Z</time></trkpt><trkpt lat="-39.3714755774" lon="-72.6373683661"><ele>108.68</ele><time>2024-07-28T02:57:25Z</time></trkpt><trkpt lat="-39.3715252820" lon="-72.6373244449"><ele>108.44</ele><time>2024-07-28T02:57:26Z</time></trkpt><trkpt lat="-39.3715775013" lon="-72.6372739021"><ele>108.39</ele><time>2024-07-28T02:57:27Z</time></trkpt><trkpt lat="-39.3724125903" lon="-72.6364777889"><ele>105.71</ele><time>2024-07-28T02:57:41Z</time></trkpt><trkpt lat="-39.3733568955" lon="-72.6355923247"><ele>105.54</ele><time>2024-07-28T02:57:53Z</time></trkpt><trkpt lat="-39.3742920645" lon="-72.6346932817"><ele>105.53</ele><time>2024-07-28T02:58:06Z</time></trkpt><trkpt lat="-39.3747461122" lon="-72.6342485379"><ele>105.10</ele><time>2024-07-28T02:58:15Z</time></trkpt><trkpt lat="-39.3754933588" lon="-72.6335143670"><ele>104.26</ele><time>2024-07-28T02:58:25Z</time></trkpt><trkpt lat="-39.3764703535" lon="-72.6325361989"><ele>104.76</ele><time>2024-07-28T02:58:38Z</time></trkpt><trkpt lat="-39.3772576656" lon="-72.6317280997"><ele>106.47</ele><time>2024-07-28T02:58:50Z</time></trkpt><trkpt lat="-39.3779479992" lon="-72.6310729701"><ele>106.12</ele><time>2024-07-28T02:59:04Z</time></trkpt><trkpt lat="-39.3780857138" lon="-72.6309648436"><ele>106.20</ele><time>2024-07-28T02:59:10Z</time></trkpt><trkpt lat="-39.3782373425" lon="-72.6308852155"><ele>106.03</ele><time>2024-07-28T02:59:13Z</time></trkpt><trkpt lat="-39.3791559152" lon="-72.6304804534"><ele>104.85</ele><time>2024-07-28T02:59:26Z</time></trkpt><trkpt lat="-39.3799501006" lon="-72.6301491167"><ele>105.07</ele><time>2024-07-28T02:59:39Z</time></trkpt><trkpt lat="-39.3806991074" lon="-72.6298331190"><ele>105.65</ele><time>2024-07-28T02:59:52Z</time></trkpt><trkpt lat="-39.3816155847" lon="-72.6294372417"><ele>105.77</ele><time>2024-07-28T03:00:07Z</time></trkpt><trkpt lat="-39.3821381964" lon="-72.6291967649"><ele>105.97</ele><time>2024-07-28T03:00:19Z</time></trkpt><trkpt lat="-39.3828075752" lon="-72.6289085951"><ele>106.23</ele><time>2024-07-28T03:00:35Z</time></trkpt><trkpt lat="-39.3836025987" lon="-72.6285782643"><ele>107.34</ele><time>2024-07-28T03:00:50Z</time></trkpt><trkpt lat="-39.3836465199" lon="-72.6285492629"><ele>107.47</ele><time>2024-07-28T03:00:51Z</time></trkpt><trkpt lat="-39.3836773653" lon="-72.6285143942"><ele>107.42</ele><time>2024-07-28T03:00:52Z</time></trkpt><trkpt lat="-39.3836951349" lon="-72.6284796931"><ele>107.45</ele><time>2024-07-28T03:00:53Z</time></trkpt><trkpt lat="-39.3836979009" lon="-72.6284496021"><ele>107.47</ele><time>2024-07-28T03:00:54Z</time></trkpt><trkpt lat="-39.3836954702" lon="-72.6284211036"><ele>107.34</ele><time>2024-07-28T03:00:55Z</time></trkpt><trkpt lat="-39.3836902734" lon="-72.6283973828"><ele>107.34</ele><time>2024-07-28T03:00:56Z</time></trkpt><trkpt lat="-39.3836792931" lon="-72.6283690520"><ele>107.45</ele><time>2024-07-28T03:00:57Z</time></trkpt><trkpt lat="-39.3836594280" lon="-72.6283357758"><ele>107.34</ele><time>2024-07-28T03:00:58Z</time></trkpt><trkpt lat="-39.3836339470" lon="-72.6283039246"><ele>107.40</ele><time>2024-07-28T03:00:59Z</time></trkpt><trkpt lat="-39.3836027663" lon="-72.6282717381"><ele>107.39</ele><time>2024-07-28T03:01:00Z</time></trkpt><trkpt lat="-39.3835678138" lon="-72.6282371208"><ele>107.40</ele><time>2024-07-28T03:01:01Z</time></trkpt><trkpt lat="-39.3831278477" lon="-72.6277280878"><ele>107.42</ele><time>2024-07-28T03:01:14Z</time></trkpt><trkpt lat="-39.3830134347" lon="-72.6276506390"><ele>107.24</ele><time>2024-07-28T03:01:18Z</time></trkpt><trkpt lat="-39.3829828408" lon="-72.6276552491"><ele>107.15</ele><time>2024-07-28T03:01:19Z</time></trkpt><trkpt lat="-39.3829525821" lon="-72.6276645530"><ele>107.28</ele><time>2024-07-28T03:01:20Z</time></trkpt><trkpt lat="-39.3829215690" lon="-72.6276781317"><ele>107.21</ele><time>2024-07-28T03:01:21Z</time></trkpt><trkpt lat="-39.3828873709" lon="-72.6276959851"><ele>107.15</ele><time>2024-07-28T03:01:22Z</time></trkpt><trkpt lat="-39.3828525860" lon="-72.6277129166"><ele>107.22</ele><time>2024-07-28T03:01:23Z</time></trkpt><trkpt lat="-39.3828209024" lon="-72.6277287584"><ele>107.23</ele><time>2024-07-28T03:01:24Z</time></trkpt><trkpt lat="-39.3824286293" lon="-72.6278823148"><ele>106.73</ele><time>2024-07-28T03:01:37Z</time></trkpt><trkpt lat="-39.3820967898" lon="-72.6280297525"><ele>106.24</ele><time>2024-07-28T03:01:49Z</time></trkpt><trkpt lat="-39.3820449058" lon="-72.6280559879"><ele>106.33</ele><time>2024-07-28T03:01:56Z</time></trkpt><trkpt lat="-39.3820117135" lon="-72.6280709077"><ele>106.46</ele><time>2024-07-28T03:01:58Z</time></trkpt><trkpt lat="-39.3819499388" lon="-72.6280855760"><ele>106.30</ele><time>2024-07-28T03:02:04Z</time></trkpt><trkpt lat="-39.3819110468" lon="-72.6280941255"><ele>106.33</ele><time>2024-07-28T03:02:07Z</time></trkpt><trkpt lat="-39.3818931095" lon="-72.6280985679"><ele>106.29</ele><time>2024-07-28T03:02:08Z</time></trkpt><trkpt lat="-39.3815280776" lon="-72.6282471791"><ele>105.98</ele><time>2024-07-28T03:02:21Z</time></trkpt><trkpt lat="-39.3813174404" lon="-72.6283413079"><ele>105.81</ele><time>2024-07-28T03:02:30Z</time></trkpt><trkpt lat="-39.3813109864" lon="-72.6283620112"><ele>105.79</ele><time>2024-07-28T03:02:31Z</time></trkpt><trkpt lat="-39.3813087232" lon="-72.6283877436"><ele>105.85</ele><time>2024-07-28T03:02:32Z</time></trkpt><trkpt lat="-39.3813120760" lon="-72.6284113806"><ele>105.91</ele><time>2024-07-28T03:02:33Z</time></trkpt><trkpt lat="-39.3813187815" lon="-72.6284368616"><ele>105.93</ele><time>2024-07-28T03:02:34Z</time></trkpt><trkpt lat="-39.3813280854" lon="-72.6284663659"><ele>105.88</ele><time>2024-07-28T03:02:35Z</time></trkpt><trkpt lat="-39.3814860843" lon="-72.6289412845"><ele>106.38</ele><time>2024-07-28T03:02:47Z</time></trkpt><trkpt lat="-39.3815664668" lon="-72.6293173805"><ele>106.24</ele><time>2024-07-28T03:02:58Z</time></trkpt><trkpt lat="-39.3815475237" lon="-72.6293474715"><ele>106.32</ele><time>2024-07-28T03:02:59Z</time></trkpt><trkpt lat="-39.3815164268" lon="-72.6293752994"><ele>106.44</ele><time>2024-07-28T03:03:00Z</time></trkpt><trkpt lat="-39.3814760260" lon="-72.6294010319"><ele>106.48</ele><time>2024-07-28T03:03:01Z</time></trkpt><trkpt lat="-39.3814300932" lon="-72.6294198073"><ele>106.50</ele><time>2024-07-28T03:03:02Z</time></trkpt><trkpt lat="-39.3813897762" lon="-72.6294348110"><ele>106.39</ele><time>2024-07-28T03:03:03Z</time></trkpt><trkpt lat="-39.3813583441" lon="-72.6294456236"><ele>106.29</ele><time>2024-07-28T03:03:04Z</time></trkpt><trkpt lat="-39.3813262414" lon="-72.6294583641"><ele>106.14</ele><time>2024-07-28T03:03:05Z</time></trkpt><trkpt lat="-39.3812896963" lon="-72.6294739544"><ele>106.31</ele><time>2024-07-28T03:03:06Z</time></trkpt><trkpt lat="-39.3810716830" lon="-72.6295816619"><ele>106.01</ele><time>2024-07-28T03:03:15Z</time></trkpt><trkpt lat="-39.3810602836" lon="-72.6295959949"><ele>106.02</ele><time>2024-07-28T03:03:16Z</time></trkpt><trkpt lat="-39.3810513150" lon="-72.6296213083"><ele>105.92</ele><time>2024-07-28T03:03:17Z</time></trkpt><trkpt lat="-39.3810488842" lon="-72.6296564285"><ele>105.91</ele><time>2024-07-28T03:03:18Z</time></trkpt><trkpt lat="-39.3810534943" lon="-72.6296905428"><ele>105.89</ele><time>2024-07-28T03:03:19Z</time></trkpt><trkpt lat="-39.3810646422" lon="-72.6297336258"><ele>105.93</ele><time>2024-07-28T03:03:20Z</time></trkpt><trkpt lat="-39.3810778018" lon="-72.6297841687"><ele>106.12</ele><time>2024-07-28T03:03:21Z</time></trkpt><trkpt lat="-39.3812715076" lon="-72.6305570640"><ele>106.05</ele><time>2024-07-28T03:03:33Z</time></trkpt><trkpt lat="-39.3813589308" lon="-72.6309049968"><ele>106.11</ele><time>2024-07-28T03:03:43Z</time></trkpt><trkpt lat="-39.3815520499" lon="-72.6316371560"><ele>105.88</ele><time>2024-07-28T03:03:55Z</time></trkpt><trkpt lat="-39.3816038501" lon="-72.6319552492"><ele>105.63</ele><time>2024-07-28T03:04:03Z</time></trkpt><trkpt lat="-39.3815859966" lon="-72.6319906209"><ele>105.67</ele><time>2024-07-28T03:04:04Z</time></trkpt><trkpt lat="-39.3815603480" lon="-72.6320275012"><ele>105.78</ele><time>2024-07-28T03:04:05Z</time></trkpt><trkpt lat="-39.3812990841" lon="-72.6323209517"><ele>105.62</ele><time>2024-07-28T03:04:15Z</time></trkpt><trkpt lat="-39.3812768720" lon="-72.6323016733"><ele>105.65</ele><time>2024-07-28T03:04:16Z</time></trkpt><trkpt lat="-39.3812593538" lon="-72.6322673913"><ele>105.73</ele><time>2024-07-28T03:04:17Z</time></trkpt><trkpt lat="-39.3812446855" lon="-72.6322181057"><ele>105.71</ele><time>2024-07-28T03:04:18Z</time></trkpt><trkpt lat="-39.3812293466" lon="-72.6321572531"><ele>105.82</ele><time>2024-07-28T03:04:19Z</time></trkpt><trkpt lat="-39.3810129259" lon="-72.6312306337"><ele>106.08</ele><time>2024-07-28T03:04:33Z</time></trkpt><trkpt lat="-39.3807279412" lon="-72.6300782897"><ele>106.45</ele><time>2024-07-28T03:04:50Z</time></trkpt><trkpt lat="-39.3805415276" lon="-72.6297720149"><ele>106.36</ele><time>2024-07-28T03:04:59Z</time></trkpt><trkpt lat="-39.3804617319" lon="-72.6296098251"><ele>106.53</ele><time>2024-07-28T03:05:03Z</time></trkpt><trkpt lat="-39.3804488238" lon="-72.6295607071"><ele>106.51</ele><time>2024-07-28T03:05:04Z</time></trkpt><trkpt lat="-39.3804116081" lon="-72.6294162031"><ele>106.46</ele><time>2024-07-28T03:05:07Z</time></trkpt><trkpt lat="-39.3803936709" lon="-72.6293686777"><ele>106.42</ele><time>2024-07-28T03:05:08Z</time></trkpt><trkpt lat="-39.3803101871" lon="-72.6290771551"><ele>106.33</ele><time>2024-07-28T03:05:19Z</time></trkpt><trkpt lat="-39.3803080916" lon="-72.6290245168"><ele>106.38</ele><time>2024-07-28T03:05:27Z</time></trkpt><trkpt lat="-39.3802893162" lon="-72.6289648376"><ele>106.52</ele><time>2024-07-28T03:05:29Z</time></trkpt><trkpt lat="-39.3800886534" lon="-72.6282932796"><ele>106.66</ele><time>2024-07-28T03:05:40Z</time></trkpt><trkpt lat="-39.3800371885" lon="-72.6279600989"><ele>106.33</ele><time>2024-07-28T03:05:47Z</time></trkpt><trkpt lat="-39.3800669443" lon="-72.6279290020"><ele>106.23</ele><time>2024-07-28T03:05:48Z</time></trkpt><trkpt lat="-39.3801023997" lon="-72.6279043593"><ele>106.43</ele><time>2024-07-28T03:05:49Z</time></trkpt><trkpt lat="-39.3801431358" lon="-72.6278832369"><ele>106.41</ele><time>2024-07-28T03:05:50Z</time></trkpt><trkpt lat="-39.3801852129" lon="-72.6278698258"><ele>106.40</ele><time>2024-07-28T03:05:51Z</time></trkpt><trkpt lat="-39.3802283797" lon="-72.6278565824"><ele>106.38</ele><time>2024-07-28T03:05:52Z</time></trkpt><trkpt lat="-39.3807399273" lon="-72.6276677381"><ele>106.52</ele><time>2024-07-28T03:06:04Z</time></trkpt><trkpt lat="-39.3810596131" lon="-72.6275171991"><ele>106.24</ele><time>2024-07-28T03:06:12Z</time></trkpt><trkpt lat="-39.3810712639" lon="-72.6274882816"><ele>106.31</ele><time>2024-07-28T03:06:13Z</time></trkpt><trkpt lat="-39.3810724374" lon="-72.6274564303"><ele>106.28</ele><time>2024-07-28T03:06:14Z</time></trkpt><trkpt lat="-39.3810631335" lon="-72.6274185441"><ele>106.37</ele><time>2024-07-28T03:06:15Z</time></trkpt><trkpt lat="-39.3810482975" lon="-72.6273746230"><ele>106.47</ele><time>2024-07-28T03:06:16Z</time></trkpt><trkpt lat="-39.3810220622" lon="-72.6270180568"><ele>106.60</ele><time>2024-07-28T03:06:27Z</time></trkpt><trkpt lat="-39.3814651296" lon="-72.6268292125"><ele>107.01</ele><time>2024-07-28T03:06:39Z</time></trkpt><trkpt lat="-39.3816326838" lon="-72.6267733891"><ele>106.99</ele><time>2024-07-28T03:06:46Z</time></trkpt><trkpt lat="-39.3816463463" lon="-72.6267842855"><ele>106.86</ele><time>2024-07-28T03:06:47Z</time></trkpt><trkpt lat="-39.3816579133" lon="-72.6268043183"><ele>106.90</ele><time>2024-07-28T03:06:48Z</time></trkpt><trkpt lat="-39.3817387987" lon="-72.6271598786"><ele>106.68</ele><time>2024-07-28T03:07:00Z</time></trkpt><trkpt lat="-39.3817247171" lon="-72.6271775644"><ele>106.62</ele><time>2024-07-28T03:07:01Z</time></trkpt><trkpt lat="-39.3817047682" lon="-72.6271924004"><ele>106.72</ele><time>2024-07-28T03:07:02Z</time></trkpt><trkpt lat="-39.3814564962" lon="-72.6273059752"><ele>106.89</ele><time>2024-07-28T03:07:08Z</time></trkpt><trkpt lat="-39.3809649814" lon="-72.6275313646"><ele>106.27</ele><time>2024-07-28T03:07:19Z</time></trkpt><trkpt lat="-39.3803704530" lon="-72.6277862582"><ele>106.24</ele><time>2024-07-28T03:07:31Z</time></trkpt><trkpt lat="-39.3803664297" lon="-72.6278216299"><ele>106.14</ele><time>2024-07-28T03:07:32Z</time></trkpt><trkpt lat="-39.3803724647" lon="-72.6278557442"><ele>106.19</ele><time>2024-07-28T03:07:33Z</time></trkpt><trkpt lat="-39.3804946728" lon="-72.6282865740"><ele>106.45</ele><time>2024-07-28T03:07:42Z</time></trkpt><trkpt lat="-39.3807538413" lon="-72.6291603874"><ele>106.30</ele><time>2024-07-28T03:07:56Z</time></trkpt><trkpt lat="-39.3808457907" lon="-72.6295053028"><ele>105.59</ele><time>2024-07-28T03:08:05Z</time></trkpt><trkpt lat="-39.3808346428" lon="-72.6296191290"><ele>105.92</ele><time>2024-07-28T03:08:18Z</time></trkpt><trkpt lat="-39.3808171246" lon="-72.6296436880"><ele>105.87</ele><time>2024-07-28T03:08:19Z</time></trkpt><trkpt lat="-39.3807933200" lon="-72.6296659838"><ele>105.95</ele><time>2024-07-28T03:08:20Z</time></trkpt><trkpt lat="-39.3807603791" lon="-72.6296819933"><ele>105.99</ele><time>2024-07-28T03:08:21Z</time></trkpt><trkpt lat="-39.3807170447" lon="-72.6296977513"><ele>105.96</ele><time>2024-07-28T03:08:22Z</time></trkpt><trkpt lat="-39.3801772501" lon="-72.6299696602"><ele>105.63</ele><time>2024-07-28T03:08:33Z</time></trkpt><trkpt lat="-39.3798020761" lon="-72.6301337779"><ele>105.69</ele><time>2024-07-28T03:08:42Z</time></trkpt><trkpt lat="-39.3797641061" lon="-72.6301327720"><ele>105.65</ele><time>2024-07-28T03:08:43Z</time></trkpt><trkpt lat="-39.3797335122" lon="-72.6301154215"><ele>105.61</ele><time>2024-07-28T03:08:44Z</time></trkpt><trkpt lat="-39.3797108810" lon="-72.6300818939"><ele>105.70</ele><time>2024-07-28T03:08:45Z</time></trkpt><trkpt lat="-39.3796933629" lon="-72.6300365478"><ele>105.73</ele><time>2024-07-28T03:08:46Z</time></trkpt><trkpt lat="-39.3796771020" lon="-72.6299769524"><ele>105.76</ele><time>2024-07-28T03:08:47Z</time></trkpt><trkpt lat="-39.3796582427" lon="-72.6299084723"><ele>105.87</ele><time>2024-07-28T03:08:48Z</time></trkpt><trkpt lat="-39.3794356193" lon="-72.6289938390"><ele>106.05</ele><time>2024-07-28T03:09:01Z</time></trkpt><trkpt lat="-39.3792678975" lon="-72.6282815449"><ele>106.07</ele><time>2024-07-28T03:09:14Z</time></trkpt><trkpt lat="-39.3792542350" lon="-72.6282619312"><ele>106.09</ele><time>2024-07-28T03:09:15Z</time></trkpt><trkpt lat="-39.3792418297" lon="-72.6282523759"><ele>106.03</ele><time>2024-07-28T03:09:16Z</time></trkpt><trkpt lat="-39.3792268261" lon="-72.6282504480"><ele>105.90</ele><time>2024-07-28T03:09:17Z</time></trkpt><trkpt lat="-39.3792138342" lon="-72.6282534655"><ele>106.23</ele><time>2024-07-28T03:09:18Z</time></trkpt><trkpt lat="-39.3791549932" lon="-72.6282727439"><ele>106.31</ele><time>2024-07-28T03:09:24Z</time></trkpt><trkpt lat="-39.3790860940" lon="-72.6282913517"><ele>106.31</ele><time>2024-07-28T03:09:27Z</time></trkpt><trkpt lat="-39.3790584337" lon="-72.6283007395"><ele>106.27</ele><time>2024-07-28T03:09:28Z</time></trkpt><trkpt lat="-39.3787302822" lon="-72.6284540445"><ele>106.62</ele><time>2024-07-28T03:09:41Z</time></trkpt><trkpt lat="-39.3783108518" lon="-72.6286562160"><ele>106.78</ele><time>2024-07-28T03:09:56Z</time></trkpt><trkpt lat="-39.3779864721" lon="-72.6287941821"><ele>107.31</ele><time>2024-07-28T03:10:11Z</time></trkpt><trkpt lat="-39.3779635895" lon="-72.6288354211"><ele>107.24</ele><time>2024-07-28T03:10:13Z</time></trkpt><trkpt lat="-39.3779568002" lon="-72.6288721338"><ele>107.34</ele><time>2024-07-28T03:10:14Z</time></trkpt><trkpt lat="-39.3779557105" lon="-72.6289168093"><ele>107.31</ele><time>2024-07-28T03:10:15Z</time></trkpt><trkpt lat="-39.3779834546" lon="-72.6296975836"><ele>107.16</ele><time>2024-07-28T03:10:27Z</time></trkpt><trkpt lat="-39.3779886514" lon="-72.6300986577"><ele>107.06</ele><time>2024-07-28T03:10:33Z</time></trkpt><trkpt lat="-39.3780340813" lon="-72.6302923635"><ele>106.71</ele><time>2024-07-28T03:10:38Z</time></trkpt><trkpt lat="-39.3780654296" lon="-72.6302911062"><ele>106.75</ele><time>2024-07-28T03:10:39Z</time></trkpt><trkpt lat="-39.3785607163" lon="-72.6300993282"><ele>106.69</ele><time>2024-07-28T03:10:50Z</time></trkpt><trkpt lat="-39.3793640379" lon="-72.6297546644"><ele>106.04</ele><time>2024-07-28T03:11:06Z</time></trkpt><trkpt lat="-39.3795868289" lon="-72.6297003496"><ele>105.91</ele><time>2024-07-28T03:11:13Z</time></trkpt><trkpt lat="-39.3796076998" lon="-72.6297330391"><ele>105.89</ele><time>2024-07-28T03:11:14Z</time></trkpt><trkpt lat="-39.3796268944" lon="-72.6297770441"><ele>106.00</ele><time>2024-07-28T03:11:15Z</time></trkpt><trkpt lat="-39.3796420656" lon="-72.6298336219"><ele>105.87</ele><time>2024-07-28T03:11:16Z</time></trkpt><trkpt lat="-39.3796578236" lon="-72.6298974082"><ele>105.84</ele><time>2024-07-28T03:11:17Z</time></trkpt><trkpt lat="-39.3797593284" lon="-72.6303144917"><ele>105.76</ele><time>2024-07-28T03:11:26Z</time></trkpt><trkpt lat="-39.3798138108" lon="-72.6307566371"><ele>106.09</ele><time>2024-07-28T03:11:36Z</time></trkpt><trkpt lat="-39.3797820434" lon="-72.6307790168"><ele>106.19</ele><time>2024-07-28T03:11:37Z</time></trkpt><trkpt lat="-39.3797396310" lon="-72.6308023185"><ele>106.24</ele><time>2024-07-28T03:11:38Z</time></trkpt><trkpt lat="-39.3790371437" lon="-72.6311105210"><ele>106.60</ele><time>2024-07-28T03:11:50Z</time></trkpt><trkpt lat="-39.3788446113" lon="-72.6312049851"><ele>106.61</ele><time>2024-07-28T03:11:54Z</time></trkpt><trkpt lat="-39.3783083372" lon="-72.6314222440"><ele>106.80</ele><time>2024-07-28T03:12:04Z</time></trkpt><trkpt lat="-39.3782637455" lon="-72.6314347330"><ele>106.84</ele><time>2024-07-28T03:12:05Z</time></trkpt><trkpt lat="-39.3781372625" lon="-72.6315348130"><ele>106.64</ele><time>2024-07-28T03:12:11Z</time></trkpt><trkpt lat="-39.3781391066" lon="-72.6315747108"><ele>106.83</ele><time>2024-07-28T03:12:12Z</time></trkpt><trkpt lat="-39.3781472370" lon="-72.6316154469"><ele>106.81</ele><time>2024-07-28T03:12:13Z</time></trkpt><trkpt lat="-39.3781611510" lon="-72.6316604577"><ele>106.78</ele><time>2024-07-28T03:12:14Z</time></trkpt><trkpt lat="-39.3781768251" lon="-72.6317103300"><ele>106.71</ele><time>2024-07-28T03:12:15Z</time></trkpt><trkpt lat="-39.3781915773" lon="-72.6317629684"><ele>106.82</ele><time>2024-07-28T03:12:16Z</time></trkpt><trkpt lat="-39.3782209978" lon="-72.6318734419"><ele>106.74</ele><time>2024-07-28T03:12:18Z</time></trkpt><trkpt lat="-39.3782437965" lon="-72.6319202967"><ele>106.81</ele><time>2024-07-28T03:12:19Z</time></trkpt><trkpt lat="-39.3782748096" lon="-72.6319551654"><ele>106.81</ele><time>2024-07-28T03:12:20Z</time></trkpt><trkpt lat="-39.3783135340" lon="-72.6319735218"><ele>106.76</ele><time>2024-07-28T03:12:21Z</time></trkpt><trkpt lat="-39.3783539347" lon="-72.6319782995"><ele>106.71</ele><time>2024-07-28T03:12:22Z</time></trkpt><trkpt lat="-39.3783962633" lon="-72.6319720130"><ele>106.69</ele><time>2024-07-28T03:12:23Z</time></trkpt><trkpt lat="-39.3784449622" lon="-72.6319575962"><ele>106.73</ele><time>2024-07-28T03:12:24Z</time></trkpt><trkpt lat="-39.3784981873" lon="-72.6319357194"><ele>106.62</ele><time>2024-07-28T03:12:25Z</time></trkpt><trkpt lat="-39.3785552680" lon="-72.6319085620"><ele>106.51</ele><time>2024-07-28T03:12:26Z</time></trkpt><trkpt lat="-39.3792010937" lon="-72.6316215657"><ele>106.14</ele><time>2024-07-28T03:12:39Z</time></trkpt><trkpt lat="-39.3799640983" lon="-72.6313250139"><ele>106.67</ele><time>2024-07-28T03:12:54Z</time></trkpt><trkpt lat="-39.3800207600" lon="-72.6313339826"><ele>106.80</ele><time>2024-07-28T03:12:56Z</time></trkpt><trkpt lat="-39.3800483365" lon="-72.6313569490"><ele>106.76</ele><time>2024-07-28T03:12:57Z</time></trkpt><trkpt lat="-39.3800697103" lon="-72.6313978527"><ele>107.03</ele><time>2024-07-28T03:12:58Z</time></trkpt><trkpt lat="-39.3800842110" lon="-72.6314530894"><ele>106.96</ele><time>2024-07-28T03:12:59Z</time></trkpt><trkpt lat="-39.3800961971" lon="-72.6315139420"><ele>106.99</ele><time>2024-07-28T03:13:00Z</time></trkpt><trkpt lat="-39.3801057525" lon="-72.6317650639"><ele>106.78</ele><time>2024-07-28T03:13:05Z</time></trkpt><trkpt lat="-39.3800758291" lon="-72.6317926403"><ele>106.85</ele><time>2024-07-28T03:13:06Z</time></trkpt><trkpt lat="-39.3800360151" lon="-72.6318185404"><ele>106.84</ele><time>2024-07-28T03:13:07Z</time></trkpt><trkpt lat="-39.3799901661" lon="-72.6318420935"><ele>106.89</ele><time>2024-07-28T03:13:08Z</time></trkpt><trkpt lat="-39.3799353484" lon="-72.6318635512"><ele>106.81</ele><time>2024-07-28T03:13:09Z</time></trkpt><trkpt lat="-39.3798754178" lon="-72.6318827458"><ele>106.68</ele><time>2024-07-28T03:13:10Z</time></trkpt><trkpt lat="-39.3792254012" lon="-72.6321396511"><ele>106.63</ele><time>2024-07-28T03:13:23Z</time></trkpt><trkpt lat="-39.3785803299" lon="-72.6324201096"><ele>107.28</ele><time>2024-07-28T03:13:37Z</time></trkpt><trkpt lat="-39.3784819264" lon="-72.6324395556"><ele>107.34</ele><time>2024-07-28T03:13:40Z</time></trkpt><trkpt lat="-39.3784556072" lon="-72.6324201096"><ele>107.31</ele><time>2024-07-28T03:13:41Z</time></trkpt><trkpt lat="-39.3784313835" lon="-72.6323864982"><ele>107.47</ele><time>2024-07-28T03:13:42Z</time></trkpt><trkpt lat="-39.3784074951" lon="-72.6323380508"><ele>107.45</ele><time>2024-07-28T03:13:43Z</time></trkpt><trkpt lat="-39.3783829361" lon="-72.6322787907"><ele>107.53</ele><time>2024-07-28T03:13:44Z</time></trkpt><trkpt lat="-39.3783605564" lon="-72.6322121546"><ele>107.56</ele><time>2024-07-28T03:13:45Z</time></trkpt><trkpt lat="-39.3783380929" lon="-72.6321409084"><ele>107.57</ele><time>2024-07-28T03:13:46Z</time></trkpt><trkpt lat="-39.3780932575" lon="-72.6313235890"><ele>107.98</ele><time>2024-07-28T03:13:59Z</time></trkpt><trkpt lat="-39.3779795151" lon="-72.6310180686"><ele>108.02</ele><time>2024-07-28T03:14:05Z</time></trkpt><trkpt lat="-39.3779456522" lon="-72.6310053281"><ele>108.05</ele><time>2024-07-28T03:14:06Z</time></trkpt><trkpt lat="-39.3779022340" lon="-72.6310083456"><ele>108.10</ele><time>2024-07-28T03:14:07Z</time></trkpt><trkpt lat="-39.3778528646" lon="-72.6310299709"><ele>108.27</ele><time>2024-07-28T03:14:08Z</time></trkpt><trkpt lat="-39.3778013159" lon="-72.6310661808"><ele>108.35</ele><time>2024-07-28T03:14:09Z</time></trkpt><trkpt lat="-39.3777481746" lon="-72.6311113592"><ele>108.27</ele><time>2024-07-28T03:14:10Z</time></trkpt><trkpt lat="-39.3776931055" lon="-72.6311605610"><ele>108.41</ele><time>2024-07-28T03:14:11Z</time></trkpt><trkpt lat="-39.3769138400" lon="-72.6319088135"><ele>108.28</ele><time>2024-07-28T03:14:23Z</time></trkpt><trkpt lat="-39.3766888697" lon="-72.6321715862"><ele>107.40</ele><time>2024-07-28T03:14:28Z</time></trkpt><trkpt lat="-39.3766655680" lon="-72.6322196145"><ele>107.24</ele><time>2024-07-28T03:14:29Z</time></trkpt><trkpt lat="-39.3766514864" lon="-72.6322580036"><ele>107.14</ele><time>2024-07-28T03:14:30Z</time></trkpt><trkpt lat="-39.3766453676" lon="-72.6322902739"><ele>106.88</ele><time>2024-07-28T03:14:31Z</time></trkpt><trkpt lat="-39.3766466249" lon="-72.6323245559"><ele>106.82</ele><time>2024-07-28T03:14:32Z</time></trkpt><trkpt lat="-39.3766555097" lon="-72.6323631126"><ele>106.82</ele><time>2024-07-28T03:14:33Z</time></trkpt><trkpt lat="-39.3766731117" lon="-72.6324113924"><ele>106.82</ele><time>2024-07-28T03:14:34Z</time></trkpt><trkpt lat="-39.3766987603" lon="-72.6324652880"><ele>106.48</ele><time>2024-07-28T03:14:35Z</time></trkpt><trkpt lat="-39.3767276779" lon="-72.6325272303"><ele>106.25</ele><time>2024-07-28T03:14:36Z</time></trkpt><trkpt lat="-39.3771738466" lon="-72.6333518419"><ele>104.88</ele><time>2024-07-28T03:14:47Z</time></trkpt><trkpt lat="-39.3772403989" lon="-72.6335363276"><ele>104.74</ele><time>2024-07-28T03:14:51Z</time></trkpt><trkpt lat="-39.3772266526" lon="-72.6335711963"><ele>104.66</ele><time>2024-07-28T03:14:52Z</time></trkpt><trkpt lat="-39.3772050273" lon="-72.6336032990"><ele>104.68</ele><time>2024-07-28T03:14:53Z</time></trkpt><trkpt lat="-39.3771761935" lon="-72.6336366590"><ele>104.67</ele><time>2024-07-28T03:14:54Z</time></trkpt><trkpt lat="-39.3771397322" lon="-72.6336747967"><ele>104.69</ele><time>2024-07-28T03:14:55Z</time></trkpt><trkpt lat="-39.3764922302" lon="-72.6342718396"><ele>104.13</ele><time>2024-07-28T03:15:09Z</time></trkpt><trkpt lat="-39.3759467360" lon="-72.6347892545"><ele>104.30</ele><time>2024-07-28T03:15:20Z</time></trkpt><trkpt lat="-39.3753962964" lon="-72.6353244390"><ele>104.25</ele><time>2024-07-28T03:15:31Z</time></trkpt><trkpt lat="-39.3747713417" lon="-72.6359390002"><ele>106.46</ele><time>2024-07-28T03:15:45Z</time></trkpt><trkpt lat="-39.3744773883" lon="-72.6362193748"><ele>107.12</ele><time>2024-07-28T03:15:54Z</time></trkpt><trkpt lat="-39.3738912418" lon="-72.6367612649"><ele>106.79</ele><time>2024-07-28T03:16:04Z</time></trkpt><trkpt lat="-39.3734600767" lon="-72.6371783484"><ele>107.18</ele><time>2024-07-28T03:16:13Z</time></trkpt><trkpt lat="-39.3730003294" lon="-72.6375946775"><ele>106.64</ele><time>2024-07-28T03:16:22Z</time></trkpt><trkpt lat="-39.3725701701" lon="-72.6380030438"><ele>107.34</ele><time>2024-07-28T03:16:30Z</time></trkpt><trkpt lat="-39.3720698543" lon="-72.6384916250"><ele>108.12</ele><time>2024-07-28T03:16:40Z</time></trkpt><trkpt lat="-39.3719842751" lon="-72.6386720035"><ele>108.67</ele><time>2024-07-28T03:16:45Z</time></trkpt><trkpt lat="-39.3719896395" lon="-72.6387328561"><ele>108.54</ele><time>2024-07-28T03:16:46Z</time></trkpt><trkpt lat="-39.3720124383" lon="-72.6388020068"><ele>108.65</ele><time>2024-07-28T03:16:47Z</time></trkpt><trkpt lat="-39.3720467202" lon="-72.6388731692"><ele>108.68</ele><time>2024-07-28T03:16:48Z</time></trkpt><trkpt lat="-39.3720937427" lon="-72.6389540546"><ele>108.75</ele><time>2024-07-28T03:16:49Z</time></trkpt><trkpt lat="-39.3721434474" lon="-72.6390367839"><ele>108.64</ele><time>2024-07-28T03:16:50Z</time></trkpt><trkpt lat="-39.3727857526" lon="-72.6400469709"><ele>108.82</ele><time>2024-07-28T03:17:00Z</time></trkpt><trkpt lat="-39.3732465897" lon="-72.6408183575"><ele>107.45</ele><time>2024-07-28T03:17:10Z</time></trkpt><trkpt lat="-39.3733801134" lon="-72.6408307627"><ele>107.50</ele><time>2024-07-28T03:17:15Z</time></trkpt><trkpt lat="-39.3734290637" lon="-72.6407954749"><ele>107.48</ele><time>2024-07-28T03:17:16Z</time></trkpt><trkpt lat="-39.3734808639" lon="-72.6407498773"><ele>107.40</ele><time>2024-07-28T03:17:17Z</time></trkpt><trkpt lat="-39.3741732929" lon="-72.6401128527"><ele>106.44</ele><time>2024-07-28T03:17:27Z</time></trkpt><trkpt lat="-39.3748825695" lon="-72.6394448988"><ele>106.26</ele><time>2024-07-28T03:17:38Z</time></trkpt><trkpt lat="-39.3749092240" lon="-72.6393783465"><ele>106.42</ele><time>2024-07-28T03:17:45Z</time></trkpt><trkpt lat="-39.3749494571" lon="-72.6393102016"><ele>106.43</ele><time>2024-07-28T03:17:47Z</time></trkpt><trkpt lat="-39.3754186761" lon="-72.6388947945"><ele>106.63</ele><time>2024-07-28T03:17:55Z</time></trkpt><trkpt lat="-39.3759994581" lon="-72.6383355539"><ele>105.96</ele><time>2024-07-28T03:18:04Z</time></trkpt><trkpt lat="-39.3760131206" lon="-72.6382770482"><ele>106.06</ele><time>2024-07-28T03:18:05Z</time></trkpt><trkpt lat="-39.3760073371" lon="-72.6382136811"><ele>106.10</ele><time>2024-07-28T03:18:06Z</time></trkpt><trkpt lat="-39.3759873882" lon="-72.6381481346"><ele>106.01</ele><time>2024-07-28T03:18:07Z</time></trkpt><trkpt lat="-39.3759539444" lon="-72.6380765531"><ele>106.10</ele><time>2024-07-28T03:18:08Z</time></trkpt><trkpt lat="-39.3759122025" lon="-72.6380027086"><ele>106.11</ele><time>2024-07-28T03:18:09Z</time></trkpt><trkpt lat="-39.3752879184" lon="-72.6369133964"><ele>106.61</ele><time>2024-07-28T03:18:23Z</time></trkpt><trkpt lat="-39.3746229820" lon="-72.6357658301"><ele>107.20</ele><time>2024-07-28T03:18:36Z</time></trkpt><trkpt lat="-39.3741596304" lon="-72.6349390391"><ele>106.95</ele><time>2024-07-28T03:18:47Z</time></trkpt><trkpt lat="-39.3739457242" lon="-72.6346094627"><ele>107.46</ele><time>2024-07-28T03:18:55Z</time></trkpt><trkpt lat="-39.3733278103" lon="-72.6335706934"><ele>108.01</ele><time>2024-07-28T03:19:06Z</time></trkpt><trkpt lat="-39.3723681662" lon="-72.6319151837"><ele>108.60</ele><time>2024-07-28T03:19:22Z</time></trkpt><trkpt lat="-39.3720688485" lon="-72.6314048097"><ele>108.42</ele><time>2024-07-28T03:19:28Z</time></trkpt><trkpt lat="-39.3720334768" lon="-72.6313668396"><ele>108.37</ele><time>2024-07-28T03:19:29Z</time></trkpt><trkpt lat="-39.3719993625" lon="-72.6313469745"><ele>108.57</ele><time>2024-07-28T03:19:30Z</time></trkpt><trkpt lat="-39.3719610572" lon="-72.6313504111"><ele>108.63</ele><time>2024-07-28T03:19:31Z</time></trkpt><trkpt lat="-39.3719175551" lon="-72.6313758083"><ele>108.88</ele><time>2024-07-28T03:19:32Z</time></trkpt><trkpt lat="-39.3718702812" lon="-72.6314222440"><ele>109.07</ele><time>2024-07-28T03:19:33Z</time></trkpt><trkpt lat="-39.3718186487" lon="-72.6314784028"><ele>109.41</ele><time>2024-07-28T03:19:34Z</time></trkpt><trkpt lat="-39.3712359387" lon="-72.6320741046"><ele>111.62</ele><time>2024-07-28T03:19:43Z</time></trkpt><trkpt lat="-39.3708818033" lon="-72.6324075367"><ele>112.41</ele><time>2024-07-28T03:19:50Z</time></trkpt><trkpt lat="-39.3703295197" lon="-72.6329286397"><ele>111.59</ele><time>2024-07-28T03:19:59Z</time></trkpt><trkpt lat="-39.3700382486" lon="-72.6331891492"><ele>111.76</ele><time>2024-07-28T03:20:07Z</time></trkpt><trkpt lat="-39.3693981227" lon="-72.6338057220"><ele>110.53</ele><time>2024-07-28T03:20:17Z</time></trkpt><trkpt lat="-39.3692739028" lon="-72.6338491403"><ele>110.28</ele><time>2024-07-28T03:20:22Z</time></trkpt><trkpt lat="-39.3692425545" lon="-72.6338206418"><ele>110.25</ele><time>2024-07-28T03:20:23Z</time></trkpt><trkpt lat="-39.3692058418" lon="-72.6337685902"><ele>110.30</ele><time>2024-07-28T03:20:24Z</time></trkpt><trkpt lat="-39.3691656925" lon="-72.6336944103"><ele>110.36</ele><time>2024-07-28T03:20:25Z</time></trkpt><trkpt lat="-39.3691220228" lon="-72.6336086635"><ele>110.56</ele><time>2024-07-28T03:20:26Z</time></trkpt><trkpt lat="-39.3689781893" lon="-72.6333701983"><ele>110.66</ele><time>2024-07-28T03:20:29Z</time></trkpt><trkpt lat="-39.3688222859" lon="-72.6331142988"><ele>110.66</ele><time>2024-07-28T03:20:36Z</time></trkpt><trkpt lat="-39.3688178435" lon="-72.6331057493"><ele>110.90</ele><time>2024-07-28T03:20:53Z</time></trkpt><trkpt lat="-39.3687635288" lon="-72.6330072619"><ele>110.92</ele><time>2024-07-28T03:20:56Z</time></trkpt><trkpt lat="-39.3687395565" lon="-72.6329675317"><ele>111.10</ele><time>2024-07-28T03:20:57Z</time></trkpt><trkpt lat="-39.3687071186" lon="-72.6329286397"><ele>111.15</ele><time>2024-07-28T03:20:58Z</time></trkpt><trkpt lat="-39.3686662149" lon="-72.6329007279"><ele>111.27</ele><time>2024-07-28T03:20:59Z</time></trkpt><trkpt lat="-39.3686197791" lon="-72.6328906696"><ele>111.32</ele><time>2024-07-28T03:21:00Z</time></trkpt><trkpt lat="-39.3685705774" lon="-72.6328990515"><ele>111.53</ele><time>2024-07-28T03:21:01Z</time></trkpt><trkpt lat="-39.3685201183" lon="-72.6329249516"><ele>111.55</ele><time>2024-07-28T03:21:02Z</time></trkpt><trkpt lat="-39.3684682343" lon="-72.6329630055"><ele>111.63</ele><time>2024-07-28T03:21:03Z</time></trkpt><trkpt lat="-39.3684136681" lon="-72.6330103632"><ele>111.68</ele><time>2024-07-28T03:21:04Z</time></trkpt><trkpt lat="-39.3683576770" lon="-72.6330649294"><ele>111.74</ele><time>2024-07-28T03:21:05Z</time></trkpt><trkpt lat="-39.3682986684" lon="-72.6331214234"><ele>111.77</ele><time>2024-07-28T03:21:06Z</time></trkpt><trkpt lat="-39.3679027911" lon="-72.6334862038"><ele>111.66</ele><time>2024-07-28T03:21:15Z</time></trkpt><trkpt lat="-39.3675579596" lon="-72.6338068955"><ele>111.37</ele><time>2024-07-28T03:21:25Z</time></trkpt><trkpt lat="-39.3674657587" lon="-72.6339069754"><ele>111.01</ele><time>2024-07-28T03:21:27Z</time></trkpt><trkpt lat="-39.3674308900" lon="-72.6339577697"><ele>110.94</ele><time>2024-07-28T03:21:28Z</time></trkpt><trkpt lat="-39.3674049061" lon="-72.6340094861"><ele>110.94</ele><time>2024-07-28T03:21:29Z</time></trkpt><trkpt lat="-39.3673891481" lon="-72.6340633817"><ele>110.78</ele><time>2024-07-28T03:21:30Z</time></trkpt><trkpt lat="-39.3673884775" lon="-72.6341176126"><ele>110.84</ele><time>2024-07-28T03:21:31Z</time></trkpt><trkpt lat="-39.3674099352" lon="-72.6341734361"><ele>110.77</ele><time>2024-07-28T03:21:32Z</time></trkpt><trkpt lat="-39.3674431276" lon="-72.6342351269"><ele>110.76</ele><time>2024-07-28T03:21:33Z</time></trkpt><trkpt lat="-39.3674857914" lon="-72.6343058702"><ele>110.96</ele><time>2024-07-28T03:21:34Z</time></trkpt><trkpt lat="-39.3681136798" lon="-72.6353179011"><ele>110.68</ele><time>2024-07-28T03:21:46Z</time></trkpt><trkpt lat="-39.3685919512" lon="-72.6361073088"><ele>110.86</ele><time>2024-07-28T03:21:55Z</time></trkpt><trkpt lat="-39.3692742381" lon="-72.6372506842"><ele>110.44</ele><time>2024-07-28T03:22:08Z</time></trkpt><trkpt lat="-39.3693570513" lon="-72.6375011355"><ele>110.50</ele><time>2024-07-28T03:22:13Z</time></trkpt><trkpt lat="-39.3693296425" lon="-72.6375374291"><ele>110.54</ele><time>2024-07-28T03:22:14Z</time></trkpt><trkpt lat="-39.3692906667" lon="-72.6375741418"><ele>110.48</ele><time>2024-07-28T03:22:15Z</time></trkpt><trkpt lat="-39.3692373578" lon="-72.6376137882"><ele>110.44</ele><time>2024-07-28T03:22:16Z</time></trkpt><trkpt lat="-39.3691811990" lon="-72.6376559492"><ele>110.39</ele><time>2024-07-28T03:22:17Z</time></trkpt><trkpt lat="-39.3685587589" lon="-72.6381793153"><ele>109.74</ele><time>2024-07-28T03:22:27Z</time></trkpt><trkpt lat="-39.3685185257" lon="-72.6381815784"><ele>109.66</ele><time>2024-07-28T03:22:28Z</time></trkpt><trkpt lat="-39.3684790470" lon="-72.6381641440"><ele>109.66</ele><time>2024-07-28T03:22:29Z</time></trkpt><trkpt lat="-39.3684456870" lon="-72.6381293591"><ele>109.67</ele><time>2024-07-28T03:22:30Z</time></trkpt><trkpt lat="-39.3684162665" lon="-72.6380755473"><ele>109.75</ele><time>2024-07-28T03:22:31Z</time></trkpt><trkpt lat="-39.3683819007" lon="-72.6380044688"><ele>109.71</ele><time>2024-07-28T03:22:32Z</time></trkpt><trkpt lat="-39.3678725325" lon="-72.6371227764"><ele>110.17</ele><time>2024-07-28T03:22:45Z</time></trkpt><trkpt lat="-39.3675649166" lon="-72.6366218738"><ele>109.82</ele><time>2024-07-28T03:22:55Z</time></trkpt><trkpt lat="-39.3675038125" lon="-72.6365387253"><ele>109.99</ele><time>2024-07-28T03:22:57Z</time></trkpt><trkpt lat="-39.3674746435" lon="-72.6364889368"><ele>110.00</ele><time>2024-07-28T03:22:58Z</time></trkpt><trkpt lat="-39.3671528623" lon="-72.6358637307"><ele>110.33</ele><time>2024-07-28T03:23:10Z</time></trkpt><trkpt lat="-39.3666523788" lon="-72.6349828765"><ele>110.53</ele><time>2024-07-28T03:23:22Z</time></trkpt><trkpt lat="-39.3666066136" lon="-72.6348844729"><ele>110.82</ele><time>2024-07-28T03:23:28Z</time></trkpt><trkpt lat="-39.3666048534" lon="-72.6348571479"><ele>110.82</ele><time>2024-07-28T03:23:40Z</time></trkpt><trkpt lat="-39.3665503711" lon="-72.6347644441"><ele>110.94</ele><time>2024-07-28T03:23:43Z</time></trkpt><trkpt lat="-39.3661881052" lon="-72.6341741066"><ele>110.58</ele><time>2024-07-28T03:23:52Z</time></trkpt><trkpt lat="-39.3659085687" lon="-72.6336680073"><ele>109.98</ele><time>2024-07-28T03:24:02Z</time></trkpt><trkpt lat="-39.3654717878" lon="-72.6329533663"><ele>110.48</ele><time>2024-07-28T03:24:13Z</time></trkpt><trkpt lat="-39.3652427942" lon="-72.6325428206"><ele>110.57</ele><time>2024-07-28T03:24:22Z</time></trkpt><trkpt lat="-39.3647887465" lon="-72.6317726914"><ele>111.11</ele><time>2024-07-28T03:24:33Z</time></trkpt><trkpt lat="-39.3646559771" lon="-72.6315325499"><ele>110.98</ele><time>2024-07-28T03:24:41Z</time></trkpt><trkpt lat="-39.3643905222" lon="-72.6310867164"><ele>111.51</ele><time>2024-07-28T03:24:49Z</time></trkpt><trkpt lat="-39.3639477901" lon="-72.6303235441"><ele>111.46</ele><time>2024-07-28T03:24:59Z</time></trkpt><trkpt lat="-39.3635302875" lon="-72.6296583563"><ele>111.51</ele><time>2024-07-28T03:25:08Z</time></trkpt><trkpt lat="-39.3633219972" lon="-72.6293098368"><ele>110.99</ele><time>2024-07-28T03:25:15Z</time></trkpt><trkpt lat="-39.3632848654" lon="-72.6293103397"><ele>111.06</ele><time>2024-07-28T03:25:16Z</time></trkpt><trkpt lat="-39.3632313050" lon="-72.6293348987"><ele>111.22</ele><time>2024-07-28T03:25:17Z</time></trkpt><trkpt lat="-39.3631825224" lon="-72.6293678395"><ele>111.16</ele><time>2024-07-28T03:25:18Z</time></trkpt><trkpt lat="-39.3631296325" lon="-72.6294140238"><ele>111.21</ele><time>2024-07-28T03:25:19Z</time></trkpt><trkpt lat="-39.3630754016" lon="-72.6294693444"><ele>111.18</ele><time>2024-07-28T03:25:20Z</time></trkpt><trkpt lat="-39.3625560589" lon="-72.6299569197"><ele>110.90</ele><time>2024-07-28T03:25:29Z</time></trkpt><trkpt lat="-39.3624729943" lon="-72.6300620288"><ele>110.75</ele><time>2024-07-28T03:25:31Z</time></trkpt><trkpt lat="-39.3624517042" lon="-72.6301142480"><ele>110.63</ele><time>2024-07-28T03:25:32Z</time></trkpt><trkpt lat="-39.3624488544" lon="-72.6301668864"><ele>110.58</ele><time>2024-07-28T03:25:33Z</time></trkpt><trkpt lat="-39.3624633551" lon="-72.6302201953"><ele>110.72</ele><time>2024-07-28T03:25:34Z</time></trkpt><trkpt lat="-39.3624962121" lon="-72.6302849874"><ele>110.91</ele><time>2024-07-28T03:25:35Z</time></trkpt><trkpt lat="-39.3625380378" lon="-72.6303579099"><ele>110.99</ele><time>2024-07-28T03:25:36Z</time></trkpt><trkpt lat="-39.3630423769" lon="-72.6312186476"><ele>110.46</ele><time>2024-07-28T03:25:49Z</time></trkpt><trkpt lat="-39.3634091690" lon="-72.6318384893"><ele>110.76</ele><time>2024-07-28T03:25:58Z</time></trkpt><trkpt lat="-39.3637162820" lon="-72.6323647052"><ele>110.39</ele><time>2024-07-28T03:26:07Z</time></trkpt><trkpt lat="-39.3639917113" lon="-72.6328335050"><ele>110.99</ele><time>2024-07-28T03:26:15Z</time></trkpt><trkpt lat="-39.3643668853" lon="-72.6334713679"><ele>110.16</ele><time>2024-07-28T03:26:25Z</time></trkpt><trkpt lat="-39.3646347709" lon="-72.6339251641"><ele>110.72</ele><time>2024-07-28T03:26:33Z</time></trkpt><trkpt lat="-39.3650136329" lon="-72.6345976442"><ele>110.03</ele><time>2024-07-28T03:26:42Z</time></trkpt><trkpt lat="-39.3653523456" lon="-72.6351457369"><ele>110.84</ele><time>2024-07-28T03:26:50Z</time></trkpt><trkpt lat="-39.3656198122" lon="-72.6356230862"><ele>110.68</ele><time>2024-07-28T03:26:58Z</time></trkpt><trkpt lat="-39.3656368274" lon="-72.6357090846"><ele>110.86</ele><time>2024-07-28T03:27:01Z</time></trkpt><trkpt lat="-39.3656204827" lon="-72.6357485633"><ele>110.92</ele><time>2024-07-28T03:27:02Z</time></trkpt><trkpt lat="-39.3655865360" lon="-72.6357868686"><ele>110.87</ele><time>2024-07-28T03:27:03Z</time></trkpt><trkpt lat="-39.3655368313" lon="-72.6358297002"><ele>111.07</ele><time>2024-07-28T03:27:04Z</time></trkpt><trkpt lat="-39.3654772360" lon="-72.6358800754"><ele>110.97</ele><time>2024-07-28T03:27:05Z</time></trkpt><trkpt lat="-39.3648599926" lon="-72.6364491228"><ele>110.39</ele><time>2024-07-28T03:27:15Z</time></trkpt><trkpt lat="-39.3648188375" lon="-72.6364693232"><ele>110.43</ele><time>2024-07-28T03:27:16Z</time></trkpt><trkpt lat="-39.3647795264" lon="-72.6364737656"><ele>110.29</ele><time>2024-07-28T03:27:17Z</time></trkpt><trkpt lat="-39.3647428975" lon="-72.6364608575"><ele>110.25</ele><time>2024-07-28T03:27:18Z</time></trkpt><trkpt lat="-39.3647091184" lon="-72.6364260726"><ele>110.29</ele><time>2024-07-28T03:27:19Z</time></trkpt><trkpt lat="-39.3646714836" lon="-72.6363741886"><ele>110.43</ele><time>2024-07-28T03:27:20Z</time></trkpt><trkpt lat="-39.3646341003" lon="-72.6363123301"><ele>110.29</ele><time>2024-07-28T03:27:21Z</time></trkpt><trkpt lat="-39.3641963135" lon="-72.6354723796"><ele>109.81</ele><time>2024-07-28T03:27:32Z</time></trkpt><trkpt lat="-39.3637382425" lon="-72.6347053517"><ele>110.29</ele><time>2024-07-28T03:27:44Z</time></trkpt><trkpt lat="-39.3634841032" lon="-72.6343041938"><ele>110.23</ele><time>2024-07-28T03:27:53Z</time></trkpt><trkpt lat="-39.3634536769" lon="-72.6342689060"><ele>110.27</ele><time>2024-07-28T03:27:54Z</time></trkpt><trkpt lat="-39.3634226639" lon="-72.6342258230"><ele>110.37</ele><time>2024-07-28T03:27:55Z</time></trkpt><trkpt lat="-39.3629484996" lon="-72.6334117725"><ele>109.90</ele><time>2024-07-28T03:28:09Z</time></trkpt><trkpt lat="-39.3627459928" lon="-72.6330299769"><ele>109.87</ele><time>2024-07-28T03:28:18Z</time></trkpt><trkpt lat="-39.3622683082" lon="-72.6321554091"><ele>110.16</ele><time>2024-07-28T03:28:31Z</time></trkpt><trkpt lat="-39.3622434977" lon="-72.6320991665"><ele>110.06</ele><time>2024-07-28T03:28:36Z</time></trkpt><trkpt lat="-39.3621888477" lon="-72.6320080552"><ele>110.26</ele><time>2024-07-28T03:28:39Z</time></trkpt><trkpt lat="-39.3618221395" lon="-72.6314002834"><ele>110.61</ele><time>2024-07-28T03:28:47Z</time></trkpt><trkpt lat="-39.3615908828" lon="-72.6309991255"><ele>110.08</ele><time>2024-07-28T03:28:54Z</time></trkpt><trkpt lat="-39.3615533318" lon="-72.6309996285"><ele>110.03</ele><time>2024-07-28T03:28:55Z</time></trkpt><trkpt lat="-39.3615065608" lon="-72.6310158055"><ele>110.12</ele><time>2024-07-28T03:28:56Z</time></trkpt><trkpt lat="-39.3614580296" lon="-72.6310487464"><ele>110.23</ele><time>2024-07-28T03:28:57Z</time></trkpt><trkpt lat="-39.3607899919" lon="-72.6316712704"><ele>110.43</ele><time>2024-07-28T03:29:08Z</time></trkpt><trkpt lat="-39.3607505132" lon="-72.6317170355"><ele>110.30</ele><time>2024-07-28T03:29:09Z</time></trkpt><trkpt lat="-39.3607247807" lon="-72.6317635551"><ele>110.06</ele><time>2024-07-28T03:29:10Z</time></trkpt><trkpt lat="-39.3607127946" lon="-72.6318150200"><ele>110.07</ele><time>2024-07-28T03:29:11Z</time></trkpt><trkpt lat="-39.3607179075" lon="-72.6318752859"><ele>110.14</ele><time>2024-07-28T03:29:12Z</time></trkpt><trkpt lat="-39.3607397843" lon="-72.6319358870"><ele>110.09</ele><time>2024-07-28T03:29:13Z</time></trkpt><trkpt lat="-39.3607715517" lon="-72.6319996733"><ele>110.23</ele><time>2024-07-28T03:29:14Z</time></trkpt><trkpt lat="-39.3608113658" lon="-72.6320684887"><ele>110.24</ele><time>2024-07-28T03:29:15Z</time></trkpt><trkpt lat="-39.3608518504" lon="-72.6321372204"><ele>110.24</ele><time>2024-07-28T03:29:16Z</time></trkpt><trkpt lat="-39.3613653257" lon="-72.6330055855"><ele>110.03</ele><time>2024-07-28T03:29:27Z</time></trkpt><trkpt lat="-39.3619526457" lon="-72.6339887828"><ele>109.35</ele><time>2024-07-28T03:29:39Z</time></trkpt><trkpt lat="-39.3622875866" lon="-72.6345324330"><ele>109.81</ele><time>2024-07-28T03:29:48Z</time></trkpt><trkpt lat="-39.3623466790" lon="-72.6346395537"><ele>109.53</ele><time>2024-07-28T03:29:54Z</time></trkpt><trkpt lat="-39.3623362854" lon="-72.6346239634"><ele>109.57</ele><time>2024-07-28T03:29:55Z</time></trkpt><trkpt lat="-39.3623278197" lon="-72.6346099656"><ele>109.68</ele><time>2024-07-28T03:29:56Z</time></trkpt><trkpt lat="-39.3623264786" lon="-72.6346169226"><ele>109.75</ele><time>2024-07-28T03:30:01Z</time></trkpt><trkpt lat="-39.3623955455" lon="-72.6347401366"><ele>109.77</ele><time>2024-07-28T03:30:04Z</time></trkpt><trkpt lat="-39.3627158180" lon="-72.6352681126"><ele>110.20</ele><time>2024-07-28T03:30:13Z</time></trkpt><trkpt lat="-39.3632671796" lon="-72.6361976657"><ele>110.43</ele><time>2024-07-28T03:30:24Z</time></trkpt><trkpt lat="-39.3638484646" lon="-72.6372159831"><ele>110.66</ele><time>2024-07-28T03:30:36Z</time></trkpt><trkpt lat="-39.3638802320" lon="-72.6373668574"><ele>110.60</ele><time>2024-07-28T03:30:41Z</time></trkpt><trkpt lat="-39.3638648931" lon="-72.6374003850"><ele>110.72</ele><time>2024-07-28T03:30:42Z</time></trkpt><trkpt lat="-39.3638340477" lon="-72.6374372654"><ele>110.63</ele><time>2024-07-28T03:30:43Z</time></trkpt><trkpt lat="-39.3637904618" lon="-72.6374818571"><ele>110.80</ele><time>2024-07-28T03:30:44Z</time></trkpt><trkpt lat="-39.3637329619" lon="-72.6375364233"><ele>110.88</ele><time>2024-07-28T03:30:45Z</time></trkpt><trkpt lat="-39.3631247710" lon="-72.6380848512"><ele>110.81</ele><time>2024-07-28T03:30:54Z</time></trkpt><trkpt lat="-39.3630850408" lon="-72.6381021179"><ele>110.74</ele><time>2024-07-28T03:30:55Z</time></trkpt><trkpt lat="-39.3630484119" lon="-72.6380981784"><ele>110.68</ele><time>2024-07-28T03:30:56Z</time></trkpt><trkpt lat="-39.3630086817" lon="-72.6380778942"><ele>110.68</ele><time>2024-07-28T03:30:57Z</time></trkpt><trkpt lat="-39.3629702926" lon="-72.6380390860"><ele>110.68</ele><time>2024-07-28T03:30:58Z</time></trkpt><trkpt lat="-39.3629328255" lon="-72.6379840169"><ele>110.59</ele><time>2024-07-28T03:30:59Z</time></trkpt><trkpt lat="-39.3628956098" lon="-72.6379209012"><ele>110.44</ele><time>2024-07-28T03:31:00Z</time></trkpt><trkpt lat="-39.3624317553" lon="-72.6370746642"><ele>110.18</ele><time>2024-07-28T03:31:10Z</time></trkpt><trkpt lat="-39.3617508095" lon="-72.6358848531"><ele>110.49</ele><time>2024-07-28T03:31:24Z</time></trkpt><trkpt lat="-39.3611867074" lon="-72.6348887477"><ele>110.42</ele><time>2024-07-28T03:31:36Z</time></trkpt><trkpt lat="-39.3611769006" lon="-72.6348442398"><ele>110.43</ele><time>2024-07-28T03:31:37Z</time></trkpt><trkpt lat="-39.3611853663" lon="-72.6347974688"><ele>110.50</ele><time>2024-07-28T03:31:38Z</time></trkpt><trkpt lat="-39.3612110987" lon="-72.6347506139"><ele>110.57</ele><time>2024-07-28T03:31:39Z</time></trkpt><trkpt lat="-39.3612581212" lon="-72.6347044297"><ele>110.57</ele><time>2024-07-28T03:31:40Z</time></trkpt><trkpt lat="-39.3613158725" lon="-72.6346549764"><ele>110.59</ele><time>2024-07-28T03:31:41Z</time></trkpt><trkpt lat="-39.3613800779" lon="-72.6346030924"><ele>110.51</ele><time>2024-07-28T03:31:42Z</time></trkpt><trkpt lat="-39.3621114828" lon="-72.6339633018"><ele>110.45</ele><time>2024-07-28T03:31:53Z</time></trkpt><trkpt lat="-39.3627160694" lon="-72.6334003732"><ele>110.64</ele><time>2024-07-28T03:32:04Z</time></trkpt><trkpt lat="-39.3631163891" lon="-72.6330321562"><ele>111.55</ele><time>2024-07-28T03:32:12Z</time></trkpt><trkpt lat="-39.3636709359" lon="-72.6324823033"><ele>112.25</ele><time>2024-07-28T03:32:23Z</time></trkpt><trkpt lat="-39.3643125705" lon="-72.6318661496"><ele>113.10</ele><time>2024-07-28T03:32:32Z</time></trkpt><trkpt lat="-39.3650306482" lon="-72.6311657578"><ele>113.36</ele><time>2024-07-28T03:32:42Z</time></trkpt><trkpt lat="-39.3652795907" lon="-72.6309470739"><ele>113.13</ele><time>2024-07-28T03:32:47Z</time></trkpt><trkpt lat="-39.3653176446" lon="-72.6309488341"><ele>113.43</ele><time>2024-07-28T03:32:48Z</time></trkpt><trkpt lat="-39.3653595541" lon="-72.6309661847"><ele>113.53</ele><time>2024-07-28T03:32:49Z</time></trkpt><trkpt lat="-39.3654033914" lon="-72.6310050767"><ele>113.46</ele><time>2024-07-28T03:32:50Z</time></trkpt><trkpt lat="-39.3654541858" lon="-72.6310605649"><ele>113.48</ele><time>2024-07-28T03:32:51Z</time></trkpt><trkpt lat="-39.3655101769" lon="-72.6311268657"><ele>113.40</ele><time>2024-07-28T03:32:52Z</time></trkpt><trkpt lat="-39.3662927952" lon="-72.6320507191"><ele>113.34</ele><time>2024-07-28T03:33:03Z</time></trkpt><trkpt lat="-39.3671801873" lon="-72.6336412691"><ele>113.18</ele><time>2024-07-28T03:33:17Z</time></trkpt><trkpt lat="-39.3673802633" lon="-72.6340273395"><ele>113.01</ele><time>2024-07-28T03:33:24Z</time></trkpt><trkpt lat="-39.3673833646" lon="-72.6340553351"><ele>112.97</ele><time>2024-07-28T03:33:25Z</time></trkpt><trkpt lat="-39.3673756532" lon="-72.6340895332"><ele>112.94</ele><time>2024-07-28T03:33:26Z</time></trkpt><trkpt lat="-39.3673501723" lon="-72.6341242343"><ele>113.04</ele><time>2024-07-28T03:33:27Z</time></trkpt><trkpt lat="-39.3673132919" lon="-72.6341640484"><ele>113.03</ele><time>2024-07-28T03:33:28Z</time></trkpt><trkpt lat="-39.3672593962" lon="-72.6342140883"><ele>113.16</ele><time>2024-07-28T03:33:29Z</time></trkpt><trkpt lat="-39.3665375467" lon="-72.6348671224"><ele>113.40</ele><time>2024-07-28T03:33:38Z</time></trkpt><trkpt lat="-39.3656007014" lon="-72.6357333921"><ele>112.72</ele><time>2024-07-28T03:33:50Z</time></trkpt><trkpt lat="-39.3647298217" lon="-72.6365790423"><ele>112.51</ele><time>2024-07-28T03:34:00Z</time></trkpt><trkpt lat="-39.3632220849" lon="-72.6379851904"><ele>112.65</ele><time>2024-07-28T03:34:15Z</time></trkpt><trkpt lat="-39.3616938964" lon="-72.6394257043"><ele>112.54</ele><time>2024-07-28T03:34:29Z</time></trkpt><trkpt lat="-39.3614892941" lon="-72.6395762432"><ele>112.45</ele><time>2024-07-28T03:34:31Z</time></trkpt><trkpt lat="-39.3613791559" lon="-72.6396333240"><ele>112.28</ele><time>2024-07-28T03:34:32Z</time></trkpt><trkpt lat="-39.3612662517" lon="-72.6396662649"><ele>112.26</ele><time>2024-07-28T03:34:33Z</time></trkpt><trkpt lat="-39.3611508328" lon="-72.6396752335"><ele>112.22</ele><time>2024-07-28T03:34:34Z</time></trkpt><trkpt lat="-39.3610344082" lon="-72.6396445557"><ele>112.05</ele><time>2024-07-28T03:34:35Z</time></trkpt><trkpt lat="-39.3609269522" lon="-72.6395902410"><ele>112.13</ele><time>2024-07-28T03:34:36Z</time></trkpt><trkpt lat="-39.3608242739" lon="-72.6395175699"><ele>112.11</ele><time>2024-07-28T03:34:37Z</time></trkpt><trkpt lat="-39.3607241102" lon="-72.6394534484"><ele>111.97</ele><time>2024-07-28T03:34:38Z</time></trkpt><trkpt lat="-39.3605556339" lon="-72.6393677015"><ele>111.48</ele><time>2024-07-28T03:34:40Z</time></trkpt><trkpt lat="-39.3604781851" lon="-72.6393589843"><ele>111.36</ele><time>2024-07-28T03:34:41Z</time></trkpt><trkpt lat="-39.3604009878" lon="-72.6393761672"><ele>111.25</ele><time>2024-07-28T03:34:42Z</time></trkpt><trkpt lat="-39.3603267241" lon="-72.6394130476"><ele>111.25</ele><time>2024-07-28T03:34:43Z</time></trkpt><trkpt lat="-39.3602564838" lon="-72.6394610759"><ele>111.32</ele><time>2024-07-28T03:34:44Z</time></trkpt><trkpt lat="-39.3601871654" lon="-72.6395040751"><ele>111.28</ele><time>2024-07-28T03:34:45Z</time></trkpt><trkpt lat="-39.3601131532" lon="-72.6395399496"><ele>111.64</ele><time>2024-07-28T03:34:46Z</time></trkpt><trkpt lat="-39.3600282446" lon="-72.6395575516"><ele>111.67</ele><time>2024-07-28T03:34:47Z</time></trkpt><trkpt lat="-39.3599419110" lon="-72.6395643409"><ele>111.61</ele><time>2024-07-28T03:34:48Z</time></trkpt><trkpt lat="-39.3598568346" lon="-72.6395779196"><ele>111.38</ele><time>2024-07-28T03:34:49Z</time></trkpt><trkpt lat="-39.3597737700" lon="-72.6396008022"><ele>111.23</ele><time>2024-07-28T03:34:50Z</time></trkpt><trkpt lat="-39.3596938066" lon="-72.6396389399"><ele>111.07</ele><time>2024-07-28T03:34:51Z</time></trkpt><trkpt lat="-39.3596169446" lon="-72.6396908239"><ele>111.04</ele><time>2024-07-28T03:34:52Z</time></trkpt><trkpt lat="-39.3595416751" lon="-72.6397516765"><ele>111.02</ele><time>2024-07-28T03:34:53Z</time></trkpt><trkpt lat="-39.3594655674" lon="-72.6398138702"><ele>111.29</ele><time>2024-07-28T03:34:54Z</time></trkpt><trkpt lat="-39.3593498971" lon="-72.6399613079"><ele>111.53</ele><time>2024-07-28T03:34:56Z</time></trkpt><trkpt lat="-39.3593286909" lon="-72.6400549337"><ele>111.68</ele><time>2024-07-28T03:34:57Z</time></trkpt><trkpt lat="-39.3593503162" lon="-72.6401543431"><ele>111.88</ele><time>2024-07-28T03:34:58Z</time></trkpt><trkpt lat="-39.3593602907" lon="-72.6402495615"><ele>111.90</ele><time>2024-07-28T03:34:59Z</time></trkpt><trkpt lat="-39.3593801558" lon="-72.6403444447"><ele>112.04</ele><time>2024-07-28T03:35:00Z</time></trkpt><trkpt lat="-39.3593958300" lon="-72.6404312812"><ele>112.15</ele><time>2024-07-28T03:35:01Z</time></trkpt><trkpt lat="-39.3594165333" lon="-72.6405407488"><ele>112.28</ele><time>2024-07-28T03:35:02Z</time></trkpt><trkpt lat="-39.3594133481" lon="-72.6406212151"><ele>112.24</ele><time>2024-07-28T03:35:03Z</time></trkpt><trkpt lat="-39.3593951594" lon="-72.6407028548"><ele>112.19</ele><time>2024-07-28T03:35:04Z</time></trkpt><trkpt lat="-39.3593593687" lon="-72.6407736819"><ele>112.30</ele><time>2024-07-28T03:35:05Z</time></trkpt><trkpt lat="-39.3593085743" lon="-72.6408272423"><ele>112.27</ele><time>2024-07-28T03:35:06Z</time></trkpt><trkpt lat="-39.3592494819" lon="-72.6408677269"><ele>112.46</ele><time>2024-07-28T03:35:07Z</time></trkpt><trkpt lat="-39.3591784872" lon="-72.6408901904"><ele>112.65</ele><time>2024-07-28T03:35:08Z</time></trkpt><trkpt lat="-39.3590933271" lon="-72.6408891007"><ele>112.67</ele><time>2024-07-28T03:35:09Z</time></trkpt><trkpt lat="-39.3590049818" lon="-72.6408705767"><ele>112.62</ele><time>2024-07-28T03:35:10Z</time></trkpt><trkpt lat="-39.3589157984" lon="-72.6408337802"><ele>112.57</ele><time>2024-07-28T03:35:11Z</time></trkpt><trkpt lat="-39.3588259444" lon="-72.6407798007"><ele>112.75</ele><time>2024-07-28T03:35:12Z</time></trkpt><trkpt lat="-39.3587423768" lon="-72.6406904496"><ele>112.65</ele><time>2024-07-28T03:35:13Z</time></trkpt><trkpt lat="-39.3586617429" lon="-72.6405861787"><ele>112.62</ele><time>2024-07-28T03:35:14Z</time></trkpt><trkpt lat="-39.3585934304" lon="-72.6404624619"><ele>112.72</ele><time>2024-07-28T03:35:15Z</time></trkpt><trkpt lat="-39.3585418817" lon="-72.6403275970"><ele>112.86</ele><time>2024-07-28T03:35:16Z</time></trkpt><trkpt lat="-39.3585081864" lon="-72.6401840989"><ele>112.85</ele><time>2024-07-28T03:35:17Z</time></trkpt><trkpt lat="-39.3584875669" lon="-72.6400387567"><ele>113.13</ele><time>2024-07-28T03:35:18Z</time></trkpt><trkpt lat="-39.3584695458" lon="-72.6398944203"><ele>113.19</ele><time>2024-07-28T03:35:19Z</time></trkpt><trkpt lat="-39.3584438972" lon="-72.6397564542"><ele>113.29</ele><time>2024-07-28T03:35:20Z</time></trkpt><trkpt lat="-39.3584082741" lon="-72.6396245230"><ele>113.48</ele><time>2024-07-28T03:35:21Z</time></trkpt><trkpt lat="-39.3583615869" lon="-72.6394996326"><ele>113.46</ele><time>2024-07-28T03:35:22Z</time></trkpt><trkpt lat="-39.3583035003" lon="-72.6393884048"><ele>113.67</ele><time>2024-07-28T03:35:23Z</time></trkpt><trkpt lat="-39.3582352716" lon="-72.6392900851"><ele>113.82</ele><time>2024-07-28T03:35:24Z</time></trkpt><trkpt lat="-39.3581607565" lon="-72.6392073557"><ele>114.05</ele><time>2024-07-28T03:35:25Z</time></trkpt><trkpt lat="-39.3580774404" lon="-72.6391396299"><ele>114.09</ele><time>2024-07-28T03:35:26Z</time></trkpt><trkpt lat="-39.3579855748" lon="-72.6390883327"><ele>114.06</ele><time>2024-07-28T03:35:27Z</time></trkpt><trkpt lat="-39.3578932900" lon="-72.6390514523"><ele>113.98</ele><time>2024-07-28T03:35:28Z</time></trkpt><trkpt lat="-39.3578117341" lon="-72.6390265580"><ele>113.79</ele><time>2024-07-28T03:35:29Z</time></trkpt><trkpt lat="-39.3577480316" lon="-72.6390111353"><ele>113.54</ele><time>2024-07-28T03:35:30Z</time></trkpt><trkpt lat="-39.3574896175" lon="-72.6389328483"><ele>113.34</ele><time>2024-07-28T03:35:37Z</time></trkpt><trkpt lat="-39.3572845124" lon="-72.6389069483"><ele>113.26</ele><time>2024-07-28T03:35:42Z</time></trkpt><trkpt lat="-39.3572697602" lon="-72.6389299147"><ele>113.25</ele><time>2024-07-28T03:35:43Z</time></trkpt><trkpt lat="-39.3572606239" lon="-72.6389527135"><ele>113.19</ele><time>2024-07-28T03:35:44Z</time></trkpt><trkpt lat="-39.3572648987" lon="-72.6389260590"><ele>113.28</ele><time>2024-07-28T03:35:50Z</time></trkpt><trkpt lat="-39.3572919723" lon="-72.6389342733"><ele>113.75</ele><time>2024-07-28T03:36:05Z</time></trkpt><trkpt lat="-39.3573047128" lon="-72.6389507018"><ele>113.75</ele><time>2024-07-28T03:36:06Z</time></trkpt><trkpt lat="-39.3573421799" lon="-72.6389760990"><ele>113.75</ele><time>2024-07-28T03:36:08Z</time></trkpt><trkpt lat="-39.3573698401" lon="-72.6389838941"><ele>113.75</ele><time>2024-07-28T03:36:09Z</time></trkpt><trkpt lat="-39.3574192096" lon="-72.6389913540"><ele>113.06</ele><time>2024-07-28T03:36:18Z</time></trkpt><trkpt lat="-39.3574666511" lon="-72.6390133146"><ele>113.45</ele><time>2024-07-28T03:36:33Z</time></trkpt><trkpt lat="-39.3574888632" lon="-72.6390166674"><ele>113.45</ele><time>2024-07-28T03:36:34Z</time></trkpt><trkpt lat="-39.3575206306" lon="-72.6390242111"><ele>113.45</ele><time>2024-07-28T03:36:35Z</time></trkpt><trkpt lat="-39.3580231257" lon="-72.6391836349"><ele>113.45</ele><time>2024-07-28T03:36:42Z</time></trkpt></trkseg></trk></gpx>