<?xml version="1.0" encoding="UTF-8" standalone="no" ?><gpx xmlns="http://www.topografix.com/GPX/1/1" xmlns:gpxx="http://www.garmin.com/xmlschemas/GpxExtensions/v3" xmlns:gpxtrkx="http://www.garmin.com/xmlschemas/TrackStatsExtension/v1" xmlns:wptx1="http://www.garmin.com/xmlschemas/WaypointExtension/v1" xmlns:gpxtpx="http://www.garmin.com/xmlschemas/TrackPointExtension/v1" creator="GPSMAP 64sx" version="1.1" xmlns:xsi="http://www.w3.org/2001/XMLSchema-instance" xsi:schemaLocation="http://www.topografix.com/GPX/1/1 http://www.topografix.com/GPX/1/1/gpx.xsd http://www.garmin.com/xmlschemas/GpxExtensions/v3 http://www8.garmin.com/xmlschemas/GpxExtensionsv3.xsd http://www.garmin.com/xmlschemas/TrackStatsExtension/v1 http://www8.garmin.com/xmlschemas/TrackStatsExtension.xsd http://www.garmin.com/xmlschemas/WaypointExtension/v1 http://www8.garmin.com/xmlschemas/WaypointExtensionv1.xsd http://www.garmin.com/xmlschemas/TrackPointExtension/v1 http://www.garmin.com/xmlschemas/TrackPointExtensionv1.xsd"><metadata><link href="http://www.garmin.com"><text>Garmin International</text></link><time>2024-08-13T04:00:41Z</time></metadata><trk><name>LONCO 240812</name><extensions><gpxx:TrackExtension><gpxx:DisplayColor>Cyan</gpxx:DisplayColor></gpxx:TrackExtension><gpxtrkx:TrackStatsExtension><gpxtrkx:Distance>48652.000</gpxtrkx:Distance><gpxtrkx:TotalElapsedTime>7487</gpxtrkx:TotalElapsedTime><gpxtrkx:MovingTime>6957</gpxtrkx:MovingTime><gpxtrkx:StoppedTime>526</gpxtrkx:StoppedTime><gpxtrkx:MovingSpeed>6.993</gpxtrkx:MovingSpeed><gpxtrkx:MaxSpeed>32.128</gpxtrkx:MaxSpeed><gpxtrkx:MaxElevation>150.251</gpxtrkx:MaxElevation><gpxtrkx:MinElevation>105.350</gpxtrkx:MinElevation><gpxtrkx:Ascent>208.000</gpxtrkx:Ascent><gpxtrkx:Descent>204.717</gpxtrkx:Descent><gpxtrkx:AvgAscentRate>0.062</gpxtrkx:AvgAscentRate><gpxtrkx:MaxAscentRate>0.886</gpxtrkx:MaxAscentRate><gpxtrkx:AvgDescentRate>0.063</gpxtrkx:AvgDescentRate><gpxtrkx:MaxDescentRate>-0.888</gpxtrkx:MaxDescentRate></gpxtrkx:TrackStatsExtension></extensions><trkseg><trkpt lat="-39.3542197533" lon="-72.5778990984"><ele>139.06</ele><time>2024-08-13T01:55:54Z</time></trkpt><trkpt lat="-39.3542197533" lon="-72.5778975058"><ele>139.06</ele><time>2024-08-13T01:55:55Z</time></trkpt><trkpt lat="-39.3542230222" lon="-72.5778940693"><ele>146.28</ele><time>2024-08-13T01:55:59Z</time></trkpt><trkpt lat="-39.3542219326" lon="-72.5778933149"><ele>146.27</ele><time>2024-08-13T01:56:00Z</time></trkpt><trkpt lat="-39.3542245310" lon="-72.5778929796"><ele>146.10</ele><time>2024-08-13T01:56:30Z</time></trkpt><trkpt lat="-39.3542353436" lon="-72.5778984278"><ele>146.29</ele><time>2024-08-13T01:56:56Z</time></trkpt><trkpt lat="-39.3542464916" lon="-72.5778665766"><ele>146.17</ele><time>2024-08-13T01:57:26Z</time></trkpt><trkpt lat="-39.3542481679" lon="-72.5778913870"><ele>146.98</ele><time>2024-08-13T01:57:54Z</time></trkpt><trkpt lat="-39.3542633392" lon="-72.5778337196"><ele>146.69</ele><time>2024-08-13T01:58:21Z</time></trkpt><trkpt lat="-39.3543451466" lon="-72.5778006110"><ele>146.96</ele><time>2024-08-13T01:58:36Z</time></trkpt><trkpt lat="-39.3543877266" lon="-72.5777891278"><ele>146.73</ele><time>2024-08-13T01:58:38Z</time></trkpt><trkpt lat="-39.3544158898" lon="-72.5777972583"><ele>146.79</ele><time>2024-08-13T01:58:39Z</time></trkpt><trkpt lat="-39.3544481602" lon="-72.5778255053"><ele>146.83</ele><time>2024-08-13T01:58:40Z</time></trkpt><trkpt lat="-39.3546075840" lon="-72.5780311134"><ele>146.47</ele><time>2024-08-13T01:58:44Z</time></trkpt><trkpt lat="-39.3546638265" lon="-72.5780753698"><ele>146.49</ele><time>2024-08-13T01:58:45Z</time></trkpt><trkpt lat="-39.3547212426" lon="-72.5781070534"><ele>146.49</ele><time>2024-08-13T01:58:46Z</time></trkpt><trkpt lat="-39.3547758088" lon="-72.5781263318"><ele>146.31</ele><time>2024-08-13T01:58:47Z</time></trkpt><trkpt lat="-39.3548260164" lon="-72.5781464484"><ele>146.02</ele><time>2024-08-13T01:58:48Z</time></trkpt><trkpt lat="-39.3548728712" lon="-72.5781753659"><ele>146.04</ele><time>2024-08-13T01:58:49Z</time></trkpt><trkpt lat="-39.3549153674" lon="-72.5782155152"><ele>145.86</ele><time>2024-08-13T01:58:50Z</time></trkpt><trkpt lat="-39.3549545947" lon="-72.5782693271"><ele>145.99</ele><time>2024-08-13T01:58:51Z</time></trkpt><trkpt lat="-39.3549897149" lon="-72.5783372205"><ele>146.01</ele><time>2024-08-13T01:58:52Z</time></trkpt><trkpt lat="-39.3550258409" lon="-72.5784135796"><ele>146.11</ele><time>2024-08-13T01:58:53Z</time></trkpt><trkpt lat="-39.3554476183" lon="-72.5795772392"><ele>146.32</ele><time>2024-08-13T01:59:04Z</time></trkpt><trkpt lat="-39.3561021611" lon="-72.5814623293"><ele>145.56</ele><time>2024-08-13T01:59:16Z</time></trkpt><trkpt lat="-39.3570477236" lon="-72.5840605516"><ele>144.42</ele><time>2024-08-13T01:59:30Z</time></trkpt><trkpt lat="-39.3580276519" lon="-72.5867686607"><ele>143.25</ele><time>2024-08-13T01:59:43Z</time></trkpt><trkpt lat="-39.3594767991" lon="-72.5906405970"><ele>140.78</ele><time>2024-08-13T02:00:01Z</time></trkpt><trkpt lat="-39.3601009995" lon="-72.5923634134"><ele>140.86</ele><time>2024-08-13T02:00:09Z</time></trkpt><trkpt lat="-39.3605061807" lon="-72.5934409071"><ele>138.67</ele><time>2024-08-13T02:00:14Z</time></trkpt><trkpt lat="-39.3619078863" lon="-72.5972458720"><ele>136.47</ele><time>2024-08-13T02:00:31Z</time></trkpt><trkpt lat="-39.3629394472" lon="-72.6001240499"><ele>134.61</ele><time>2024-08-13T02:00:44Z</time></trkpt><trkpt lat="-39.3637400866" lon="-72.6027976256"><ele>131.33</ele><time>2024-08-13T02:00:56Z</time></trkpt><trkpt lat="-39.3640575930" lon="-72.6052401122"><ele>128.37</ele><time>2024-08-13T02:01:07Z</time></trkpt><trkpt lat="-39.3640633766" lon="-72.6078396756"><ele>125.24</ele><time>2024-08-13T02:01:18Z</time></trkpt><trkpt lat="-39.3639802281" lon="-72.6097458880"><ele>121.89</ele><time>2024-08-13T02:01:26Z</time></trkpt><trkpt lat="-39.3639316969" lon="-72.6109490264"><ele>118.63</ele><time>2024-08-13T02:01:31Z</time></trkpt><trkpt lat="-39.3639050424" lon="-72.6119135320"><ele>115.31</ele><time>2024-08-13T02:01:35Z</time></trkpt><trkpt lat="-39.3638605345" lon="-72.6131185982"><ele>112.08</ele><time>2024-08-13T02:01:40Z</time></trkpt><trkpt lat="-39.3634250108" lon="-72.6156835444"><ele>110.70</ele><time>2024-08-13T02:01:51Z</time></trkpt><trkpt lat="-39.3624377064" lon="-72.6181550324"><ele>111.88</ele><time>2024-08-13T02:02:03Z</time></trkpt><trkpt lat="-39.3618842494" lon="-72.6190332044"><ele>115.03</ele><time>2024-08-13T02:02:08Z</time></trkpt><trkpt lat="-39.3612924032" lon="-72.6198236179"><ele>118.51</ele><time>2024-08-13T02:02:13Z</time></trkpt><trkpt lat="-39.3603449967" lon="-72.6207486447"><ele>120.47</ele><time>2024-08-13T02:02:21Z</time></trkpt><trkpt lat="-39.3602304161" lon="-72.6208068151"><ele>120.57</ele><time>2024-08-13T02:02:22Z</time></trkpt><trkpt lat="-39.3601132371" lon="-72.6208436117"><ele>120.54</ele><time>2024-08-13T02:02:23Z</time></trkpt><trkpt lat="-39.3599964771" lon="-72.6208651531"><ele>120.38</ele><time>2024-08-13T02:02:24Z</time></trkpt><trkpt lat="-39.3598865904" lon="-72.6208803244"><ele>119.15</ele><time>2024-08-13T02:02:25Z</time></trkpt><trkpt lat="-39.3596087303" lon="-72.6209341362"><ele>117.38</ele><time>2024-08-13T02:02:28Z</time></trkpt><trkpt lat="-39.3595403340" lon="-72.6209659036"><ele>116.63</ele><time>2024-08-13T02:02:29Z</time></trkpt><trkpt lat="-39.3593446165" lon="-72.6210889500"><ele>115.47</ele><time>2024-08-13T02:02:36Z</time></trkpt><trkpt lat="-39.3593746237" lon="-72.6210715994"><ele>115.05</ele><time>2024-08-13T02:02:52Z</time></trkpt><trkpt lat="-39.3593758810" lon="-72.6209700108"><ele>115.00</ele><time>2024-08-13T02:03:22Z</time></trkpt><trkpt lat="-39.3593101669" lon="-72.6209925581"><ele>113.83</ele><time>2024-08-13T02:03:26Z</time></trkpt><trkpt lat="-39.3592571933" lon="-72.6211003494"><ele>112.74</ele><time>2024-08-13T02:03:31Z</time></trkpt><trkpt lat="-39.3592465483" lon="-72.6211410016"><ele>112.60</ele><time>2024-08-13T02:03:32Z</time></trkpt><trkpt lat="-39.3592326343" lon="-72.6212995034"><ele>112.22</ele><time>2024-08-13T02:03:35Z</time></trkpt><trkpt lat="-39.3592431117" lon="-72.6213629544"><ele>112.14</ele><time>2024-08-13T02:03:36Z</time></trkpt><trkpt lat="-39.3592680898" lon="-72.6214352064"><ele>111.88</ele><time>2024-08-13T02:03:37Z</time></trkpt><trkpt lat="-39.3592990190" lon="-72.6215117332"><ele>111.69</ele><time>2024-08-13T02:03:38Z</time></trkpt><trkpt lat="-39.3593381625" lon="-72.6215911936"><ele>111.22</ele><time>2024-08-13T02:03:39Z</time></trkpt><trkpt lat="-39.3593788147" lon="-72.6216701511"><ele>110.67</ele><time>2024-08-13T02:03:40Z</time></trkpt><trkpt lat="-39.3598977383" lon="-72.6226330642"><ele>108.19</ele><time>2024-08-13T02:03:51Z</time></trkpt><trkpt lat="-39.3599718343" lon="-72.6227027178"><ele>107.82</ele><time>2024-08-13T02:03:52Z</time></trkpt><trkpt lat="-39.3600471038" lon="-72.6227634866"><ele>107.54</ele><time>2024-08-13T02:03:53Z</time></trkpt><trkpt lat="-39.3601237144" lon="-72.6228156220"><ele>107.43</ele><time>2024-08-13T02:03:54Z</time></trkpt><trkpt lat="-39.3602093775" lon="-72.6228522509"><ele>107.14</ele><time>2024-08-13T02:03:55Z</time></trkpt><trkpt lat="-39.3602967169" lon="-72.6228763908"><ele>107.05</ele><time>2024-08-13T02:03:56Z</time></trkpt><trkpt lat="-39.3603981379" lon="-72.6228826772"><ele>107.02</ele><time>2024-08-13T02:03:57Z</time></trkpt><trkpt lat="-39.3604966253" lon="-72.6228810847"><ele>106.94</ele><time>2024-08-13T02:03:58Z</time></trkpt><trkpt lat="-39.3605980463" lon="-72.6228798274"><ele>107.07</ele><time>2024-08-13T02:03:59Z</time></trkpt><trkpt lat="-39.3608823605" lon="-72.6229157019"><ele>108.05</ele><time>2024-08-13T02:04:02Z</time></trkpt><trkpt lat="-39.3609760702" lon="-72.6229412667"><ele>108.30</ele><time>2024-08-13T02:04:03Z</time></trkpt><trkpt lat="-39.3610690255" lon="-72.6229753811"><ele>108.51</ele><time>2024-08-13T02:04:04Z</time></trkpt><trkpt lat="-39.3619155139" lon="-72.6236464363"><ele>108.52</ele><time>2024-08-13T02:04:14Z</time></trkpt><trkpt lat="-39.3622033484" lon="-72.6239778567"><ele>107.77</ele><time>2024-08-13T02:04:18Z</time></trkpt><trkpt lat="-39.3622801267" lon="-72.6240410563"><ele>107.69</ele><time>2024-08-13T02:04:19Z</time></trkpt><trkpt lat="-39.3623615988" lon="-72.6240922697"><ele>107.54</ele><time>2024-08-13T02:04:20Z</time></trkpt><trkpt lat="-39.3624503631" lon="-72.6241278928"><ele>107.41</ele><time>2024-08-13T02:04:21Z</time></trkpt><trkpt lat="-39.3625367805" lon="-72.6241579838"><ele>107.46</ele><time>2024-08-13T02:04:22Z</time></trkpt><trkpt lat="-39.3626316637" lon="-72.6241713110"><ele>107.43</ele><time>2024-08-13T02:04:23Z</time></trkpt><trkpt lat="-39.3627221882" lon="-72.6241789386"><ele>107.43</ele><time>2024-08-13T02:04:24Z</time></trkpt><trkpt lat="-39.3628136348" lon="-72.6241775136"><ele>107.50</ele><time>2024-08-13T02:04:25Z</time></trkpt><trkpt lat="-39.3635734543" lon="-72.6243722253"><ele>108.17</ele><time>2024-08-13T02:04:35Z</time></trkpt><trkpt lat="-39.3636246677" lon="-72.6244259533"><ele>108.14</ele><time>2024-08-13T02:04:36Z</time></trkpt><trkpt lat="-39.3638524041" lon="-72.6246610656"><ele>108.10</ele><time>2024-08-13T02:04:43Z</time></trkpt><trkpt lat="-39.3638711795" lon="-72.6246443018"><ele>108.10</ele><time>2024-08-13T02:04:44Z</time></trkpt><trkpt lat="-39.3638750352" lon="-72.6246149652"><ele>108.03</ele><time>2024-08-13T02:04:45Z</time></trkpt><trkpt lat="-39.3638728559" lon="-72.6245741453"><ele>107.86</ele><time>2024-08-13T02:04:46Z</time></trkpt><trkpt lat="-39.3638703413" lon="-72.6245154720"><ele>107.54</ele><time>2024-08-13T02:04:47Z</time></trkpt><trkpt lat="-39.3638668209" lon="-72.6244485006"><ele>107.25</ele><time>2024-08-13T02:04:48Z</time></trkpt><trkpt lat="-39.3638015259" lon="-72.6239084546"><ele>105.53</ele><time>2024-08-13T02:04:56Z</time></trkpt><trkpt lat="-39.3637690879" lon="-72.6238704845"><ele>105.50</ele><time>2024-08-13T02:04:57Z</time></trkpt><trkpt lat="-39.3637396675" lon="-72.6238320116"><ele>105.37</ele><time>2024-08-13T02:04:58Z</time></trkpt><trkpt lat="-39.3632018007" lon="-72.6233086456"><ele>105.75</ele><time>2024-08-13T02:05:12Z</time></trkpt><trkpt lat="-39.3631817680" lon="-72.6232643891"><ele>105.76</ele><time>2024-08-13T02:05:13Z</time></trkpt><trkpt lat="-39.3631719612" lon="-72.6232136786"><ele>105.89</ele><time>2024-08-13T02:05:14Z</time></trkpt><trkpt lat="-39.3631660938" lon="-72.6231586095"><ele>105.81</ele><time>2024-08-13T02:05:15Z</time></trkpt><trkpt lat="-39.3631627411" lon="-72.6231018640"><ele>105.96</ele><time>2024-08-13T02:05:16Z</time></trkpt><trkpt lat="-39.3631607294" lon="-72.6230448671"><ele>105.95</ele><time>2024-08-13T02:05:17Z</time></trkpt><trkpt lat="-39.3631917424" lon="-72.6224598102"><ele>105.97</ele><time>2024-08-13T02:05:30Z</time></trkpt><trkpt lat="-39.3631898984" lon="-72.6224105246"><ele>106.18</ele><time>2024-08-13T02:05:33Z</time></trkpt><trkpt lat="-39.3631895632" lon="-72.6223808527"><ele>106.13</ele><time>2024-08-13T02:05:34Z</time></trkpt><trkpt lat="-39.3631882221" lon="-72.6223490853"><ele>106.18</ele><time>2024-08-13T02:05:35Z</time></trkpt><trkpt lat="-39.3631917424" lon="-72.6223188266"><ele>106.11</ele><time>2024-08-13T02:05:36Z</time></trkpt><trkpt lat="-39.3632037286" lon="-72.6222954411"><ele>106.17</ele><time>2024-08-13T02:05:37Z</time></trkpt><trkpt lat="-39.3632226717" lon="-72.6222844608"><ele>106.30</ele><time>2024-08-13T02:05:38Z</time></trkpt><trkpt lat="-39.3632418662" lon="-72.6222835388"><ele>106.31</ele><time>2024-08-13T02:05:39Z</time></trkpt><trkpt lat="-39.3632619828" lon="-72.6222922560"><ele>106.40</ele><time>2024-08-13T02:05:40Z</time></trkpt><trkpt lat="-39.3632841110" lon="-72.6223102771"><ele>106.46</ele><time>2024-08-13T02:05:41Z</time></trkpt><trkpt lat="-39.3633150402" lon="-72.6223342493"><ele>106.53</ele><time>2024-08-13T02:05:42Z</time></trkpt><trkpt lat="-39.3634961732" lon="-72.6224737242"><ele>106.33</ele><time>2024-08-13T02:05:51Z</time></trkpt><trkpt lat="-39.3635206483" lon="-72.6224265341"><ele>106.52</ele><time>2024-08-13T02:05:55Z</time></trkpt><trkpt lat="-39.3635244202" lon="-72.6224049926"><ele>106.49</ele><time>2024-08-13T02:05:56Z</time></trkpt><trkpt lat="-39.3635262642" lon="-72.6223814394"><ele>106.55</ele><time>2024-08-13T02:05:57Z</time></trkpt><trkpt lat="-39.3635260966" lon="-72.6223562099"><ele>106.55</ele><time>2024-08-13T02:05:58Z</time></trkpt><trkpt lat="-39.3635276891" lon="-72.6223279629"><ele>106.49</ele><time>2024-08-13T02:05:59Z</time></trkpt><trkpt lat="-39.3635299522" lon="-72.6222962793"><ele>106.44</ele><time>2024-08-13T02:06:00Z</time></trkpt><trkpt lat="-39.3635227438" lon="-72.6216015872"><ele>107.00</ele><time>2024-08-13T02:06:15Z</time></trkpt><trkpt lat="-39.3634003680" lon="-72.6213165186"><ele>107.07</ele><time>2024-08-13T02:06:24Z</time></trkpt><trkpt lat="-39.3632515892" lon="-72.6212075539"><ele>107.34</ele><time>2024-08-13T02:06:30Z</time></trkpt><trkpt lat="-39.3632375915" lon="-72.6212131698"><ele>107.20</ele><time>2024-08-13T02:06:31Z</time></trkpt><trkpt lat="-39.3632231746" lon="-72.6212318614"><ele>107.12</ele><time>2024-08-13T02:06:32Z</time></trkpt><trkpt lat="-39.3632107694" lon="-72.6212640479"><ele>107.11</ele><time>2024-08-13T02:06:33Z</time></trkpt><trkpt lat="-39.3632045668" lon="-72.6213040296"><ele>107.14</ele><time>2024-08-13T02:06:34Z</time></trkpt><trkpt lat="-39.3632026389" lon="-72.6213696599"><ele>107.15</ele><time>2024-08-13T02:06:35Z</time></trkpt><trkpt lat="-39.3632033933" lon="-72.6214375533"><ele>107.30</ele><time>2024-08-13T02:06:36Z</time></trkpt><trkpt lat="-39.3631437141" lon="-72.6217722427"><ele>107.19</ele><time>2024-08-13T02:06:43Z</time></trkpt><trkpt lat="-39.3631133717" lon="-72.6217787806"><ele>107.17</ele><time>2024-08-13T02:06:44Z</time></trkpt><trkpt lat="-39.3630764075" lon="-72.6217772719"><ele>107.21</ele><time>2024-08-13T02:06:45Z</time></trkpt><trkpt lat="-39.3625749182" lon="-72.6217439119"><ele>107.64</ele><time>2024-08-13T02:06:58Z</time></trkpt><trkpt lat="-39.3625583220" lon="-72.6217709016"><ele>107.68</ele><time>2024-08-13T02:06:59Z</time></trkpt><trkpt lat="-39.3625496887" lon="-72.6218082849"><ele>107.75</ele><time>2024-08-13T02:07:00Z</time></trkpt><trkpt lat="-39.3625444919" lon="-72.6218477637"><ele>107.69</ele><time>2024-08-13T02:07:01Z</time></trkpt><trkpt lat="-39.3625420611" lon="-72.6218863204"><ele>107.79</ele><time>2024-08-13T02:07:02Z</time></trkpt><trkpt lat="-39.3625359423" lon="-72.6219217759"><ele>107.71</ele><time>2024-08-13T02:07:03Z</time></trkpt><trkpt lat="-39.3625237048" lon="-72.6219487656"><ele>107.74</ele><time>2024-08-13T02:07:04Z</time></trkpt><trkpt lat="-39.3625089526" lon="-72.6219721511"><ele>107.79</ele><time>2024-08-13T02:07:05Z</time></trkpt><trkpt lat="-39.3624917697" lon="-72.6219883282"><ele>107.78</ele><time>2024-08-13T02:07:06Z</time></trkpt><trkpt lat="-39.3624718208" lon="-72.6220012363"><ele>107.84</ele><time>2024-08-13T02:07:07Z</time></trkpt><trkpt lat="-39.3624482676" lon="-72.6220094506"><ele>107.99</ele><time>2024-08-13T02:07:08Z</time></trkpt><trkpt lat="-39.3624231219" lon="-72.6220145635"><ele>107.87</ele><time>2024-08-13T02:07:09Z</time></trkpt><trkpt lat="-39.3623992335" lon="-72.6220166590"><ele>107.94</ele><time>2024-08-13T02:07:10Z</time></trkpt><trkpt lat="-39.3623734172" lon="-72.6220191736"><ele>108.02</ele><time>2024-08-13T02:07:11Z</time></trkpt><trkpt lat="-39.3620043620" lon="-72.6220283937"><ele>107.83</ele><time>2024-08-13T02:07:25Z</time></trkpt><trkpt lat="-39.3618100695" lon="-72.6216993202"><ele>107.63</ele><time>2024-08-13T02:07:35Z</time></trkpt><trkpt lat="-39.3618217204" lon="-72.6216674689"><ele>107.50</ele><time>2024-08-13T02:07:36Z</time></trkpt><trkpt lat="-39.3618430942" lon="-72.6216432452"><ele>107.40</ele><time>2024-08-13T02:07:37Z</time></trkpt><trkpt lat="-39.3618713412" lon="-72.6216273196"><ele>107.49</ele><time>2024-08-13T02:07:38Z</time></trkpt><trkpt lat="-39.3619021866" lon="-72.6216167584"><ele>107.34</ele><time>2024-08-13T02:07:39Z</time></trkpt><trkpt lat="-39.3619344570" lon="-72.6216082089"><ele>107.54</ele><time>2024-08-13T02:07:40Z</time></trkpt><trkpt lat="-39.3619674817" lon="-72.6216022577"><ele>107.36</ele><time>2024-08-13T02:07:41Z</time></trkpt><trkpt lat="-39.3620005064" lon="-72.6215998270"><ele>107.51</ele><time>2024-08-13T02:07:42Z</time></trkpt><trkpt lat="-39.3620364647" lon="-72.6215970609"><ele>107.32</ele><time>2024-08-13T02:07:43Z</time></trkpt><trkpt lat="-39.3625063542" lon="-72.6214837376"><ele>107.77</ele><time>2024-08-13T02:07:57Z</time></trkpt><trkpt lat="-39.3625206873" lon="-72.6214531437"><ele>107.74</ele><time>2024-08-13T02:07:58Z</time></trkpt><trkpt lat="-39.3625326734" lon="-72.6214083843"><ele>107.68</ele><time>2024-08-13T02:07:59Z</time></trkpt><trkpt lat="-39.3625387084" lon="-72.6213582605"><ele>107.69</ele><time>2024-08-13T02:08:00Z</time></trkpt><trkpt lat="-39.3625403009" lon="-72.6213055383"><ele>107.73</ele><time>2024-08-13T02:08:01Z</time></trkpt><trkpt lat="-39.3625421450" lon="-72.6212505531"><ele>107.75</ele><time>2024-08-13T02:08:02Z</time></trkpt><trkpt lat="-39.3625875749" lon="-72.6205669250"><ele>107.46</ele><time>2024-08-13T02:08:13Z</time></trkpt><trkpt lat="-39.3626212701" lon="-72.6205303799"><ele>106.95</ele><time>2024-08-13T02:08:14Z</time></trkpt><trkpt lat="-39.3626664486" lon="-72.6205216628"><ele>107.81</ele><time>2024-08-13T02:08:15Z</time></trkpt><trkpt lat="-39.3627142254" lon="-72.6205250155"><ele>107.78</ele><time>2024-08-13T02:08:16Z</time></trkpt><trkpt lat="-39.3627690431" lon="-72.6205349062"><ele>107.61</ele><time>2024-08-13T02:08:17Z</time></trkpt><trkpt lat="-39.3636597879" lon="-72.6205907296"><ele>108.12</ele><time>2024-08-13T02:08:33Z</time></trkpt><trkpt lat="-39.3639472872" lon="-72.6206001174"><ele>108.29</ele><time>2024-08-13T02:08:41Z</time></trkpt><trkpt lat="-39.3639646377" lon="-72.6205805875"><ele>108.18</ele><time>2024-08-13T02:08:42Z</time></trkpt><trkpt lat="-39.3639788870" lon="-72.6205486525"><ele>108.09</ele><time>2024-08-13T02:08:43Z</time></trkpt><trkpt lat="-39.3639915437" lon="-72.6205068268"><ele>108.10</ele><time>2024-08-13T02:08:44Z</time></trkpt><trkpt lat="-39.3639988359" lon="-72.6204593852"><ele>108.38</ele><time>2024-08-13T02:08:45Z</time></trkpt><trkpt lat="-39.3640011828" lon="-72.6204054896"><ele>108.29</ele><time>2024-08-13T02:08:46Z</time></trkpt><trkpt lat="-39.3640006799" lon="-72.6203489117"><ele>108.28</ele><time>2024-08-13T02:08:47Z</time></trkpt><trkpt lat="-39.3639812339" lon="-72.6201681141"><ele>108.38</ele><time>2024-08-13T02:08:51Z</time></trkpt><trkpt lat="-39.3639560044" lon="-72.6201407053"><ele>108.39</ele><time>2024-08-13T02:08:52Z</time></trkpt><trkpt lat="-39.3639300205" lon="-72.6201210916"><ele>108.34</ele><time>2024-08-13T02:08:53Z</time></trkpt><trkpt lat="-39.3638985045" lon="-72.6201105304"><ele>108.41</ele><time>2024-08-13T02:08:54Z</time></trkpt><trkpt lat="-39.3638650607" lon="-72.6201044116"><ele>108.48</ele><time>2024-08-13T02:08:55Z</time></trkpt><trkpt lat="-39.3638301920" lon="-72.6200998016"><ele>108.51</ele><time>2024-08-13T02:08:56Z</time></trkpt><trkpt lat="-39.3632505834" lon="-72.6201090217"><ele>108.80</ele><time>2024-08-13T02:09:10Z</time></trkpt><trkpt lat="-39.3627087772" lon="-72.6200976223"><ele>108.10</ele><time>2024-08-13T02:09:24Z</time></trkpt><trkpt lat="-39.3626505230" lon="-72.6200633403"><ele>107.65</ele><time>2024-08-13T02:09:27Z</time></trkpt><trkpt lat="-39.3626377825" lon="-72.6200344227"><ele>107.69</ele><time>2024-08-13T02:09:28Z</time></trkpt><trkpt lat="-39.3626317475" lon="-72.6199950278"><ele>107.68</ele><time>2024-08-13T02:09:29Z</time></trkpt><trkpt lat="-39.3626288977" lon="-72.6199475862"><ele>107.79</ele><time>2024-08-13T02:09:30Z</time></trkpt><trkpt lat="-39.3626294006" lon="-72.6198959537"><ele>107.74</ele><time>2024-08-13T02:09:31Z</time></trkpt><trkpt lat="-39.3626311608" lon="-72.6198428962"><ele>107.83</ele><time>2024-08-13T02:09:32Z</time></trkpt><trkpt lat="-39.3627245352" lon="-72.6196379587"><ele>107.78</ele><time>2024-08-13T02:09:38Z</time></trkpt><trkpt lat="-39.3627592362" lon="-72.6196293253"><ele>107.88</ele><time>2024-08-13T02:09:39Z</time></trkpt><trkpt lat="-39.3628773373" lon="-72.6196220331"><ele>107.93</ele><time>2024-08-13T02:09:42Z</time></trkpt><trkpt lat="-39.3635464646" lon="-72.6196456701"><ele>108.85</ele><time>2024-08-13T02:09:58Z</time></trkpt><trkpt lat="-39.3639512267" lon="-72.6196511183"><ele>109.07</ele><time>2024-08-13T02:10:08Z</time></trkpt><trkpt lat="-39.3639669847" lon="-72.6196308341"><ele>108.99</ele><time>2024-08-13T02:10:09Z</time></trkpt><trkpt lat="-39.3639833294" lon="-72.6195994858"><ele>109.03</ele><time>2024-08-13T02:10:10Z</time></trkpt><trkpt lat="-39.3639978301" lon="-72.6195587497"><ele>108.95</ele><time>2024-08-13T02:10:11Z</time></trkpt><trkpt lat="-39.3640093133" lon="-72.6195114758"><ele>109.10</ele><time>2024-08-13T02:10:12Z</time></trkpt><trkpt lat="-39.3640168570" lon="-72.6194599271"><ele>109.14</ele><time>2024-08-13T02:10:13Z</time></trkpt><trkpt lat="-39.3640221376" lon="-72.6194059476"><ele>109.35</ele><time>2024-08-13T02:10:14Z</time></trkpt><trkpt lat="-39.3640260771" lon="-72.6193543989"><ele>109.34</ele><time>2024-08-13T02:10:15Z</time></trkpt><trkpt lat="-39.3638523202" lon="-72.6191618666"><ele>109.43</ele><time>2024-08-13T02:10:24Z</time></trkpt><trkpt lat="-39.3634679262" lon="-72.6191420015"><ele>109.31</ele><time>2024-08-13T02:10:33Z</time></trkpt><trkpt lat="-39.3628314883" lon="-72.6191526465"><ele>108.99</ele><time>2024-08-13T02:10:48Z</time></trkpt><trkpt lat="-39.3627430592" lon="-72.6191073004"><ele>108.61</ele><time>2024-08-13T02:10:52Z</time></trkpt><trkpt lat="-39.3627432268" lon="-72.6190725993"><ele>108.58</ele><time>2024-08-13T02:10:53Z</time></trkpt><trkpt lat="-39.3627502676" lon="-72.6190252416"><ele>108.57</ele><time>2024-08-13T02:10:54Z</time></trkpt><trkpt lat="-39.3627630919" lon="-72.6189697534"><ele>108.70</ele><time>2024-08-13T02:10:55Z</time></trkpt><trkpt lat="-39.3627801072" lon="-72.6189173665"><ele>108.67</ele><time>2024-08-13T02:10:56Z</time></trkpt><trkpt lat="-39.3627979606" lon="-72.6188684162"><ele>108.83</ele><time>2024-08-13T02:10:57Z</time></trkpt><trkpt lat="-39.3630976975" lon="-72.6187060587"><ele>109.13</ele><time>2024-08-13T02:11:07Z</time></trkpt><trkpt lat="-39.3638534937" lon="-72.6187598705"><ele>109.90</ele><time>2024-08-13T02:11:22Z</time></trkpt><trkpt lat="-39.3639800604" lon="-72.6187529135"><ele>110.06</ele><time>2024-08-13T02:11:26Z</time></trkpt><trkpt lat="-39.3639939744" lon="-72.6187382452"><ele>110.01</ele><time>2024-08-13T02:11:27Z</time></trkpt><trkpt lat="-39.3640038650" lon="-72.6187126804"><ele>109.81</ele><time>2024-08-13T02:11:28Z</time></trkpt><trkpt lat="-39.3640117440" lon="-72.6186769735"><ele>109.78</ele><time>2024-08-13T02:11:29Z</time></trkpt><trkpt lat="-39.3640167732" lon="-72.6186276041"><ele>109.87</ele><time>2024-08-13T02:11:30Z</time></trkpt><trkpt lat="-39.3640205450" lon="-72.6185690146"><ele>109.89</ele><time>2024-08-13T02:11:31Z</time></trkpt><trkpt lat="-39.3639891967" lon="-72.6183071639"><ele>110.18</ele><time>2024-08-13T02:11:37Z</time></trkpt><trkpt lat="-39.3639630452" lon="-72.6182936691"><ele>110.05</ele><time>2024-08-13T02:11:38Z</time></trkpt><trkpt lat="-39.3639353011" lon="-72.6182853710"><ele>110.09</ele><time>2024-08-13T02:11:39Z</time></trkpt><trkpt lat="-39.3638986722" lon="-72.6182841137"><ele>110.02</ele><time>2024-08-13T02:11:40Z</time></trkpt><trkpt lat="-39.3638598640" lon="-72.6182854548"><ele>110.13</ele><time>2024-08-13T02:11:41Z</time></trkpt><trkpt lat="-39.3638189603" lon="-72.6182873826"><ele>110.05</ele><time>2024-08-13T02:11:42Z</time></trkpt><trkpt lat="-39.3632220849" lon="-72.6182918251"><ele>109.77</ele><time>2024-08-13T02:11:58Z</time></trkpt><trkpt lat="-39.3631715421" lon="-72.6182778273"><ele>109.41</ele><time>2024-08-13T02:12:01Z</time></trkpt><trkpt lat="-39.3631603941" lon="-72.6182574593"><ele>109.49</ele><time>2024-08-13T02:12:02Z</time></trkpt><trkpt lat="-39.3631520960" lon="-72.6182293799"><ele>109.52</ele><time>2024-08-13T02:12:03Z</time></trkpt><trkpt lat="-39.3631554488" lon="-72.6181939244"><ele>109.63</ele><time>2024-08-13T02:12:04Z</time></trkpt><trkpt lat="-39.3631682731" lon="-72.6181524340"><ele>109.46</ele><time>2024-08-13T02:12:05Z</time></trkpt><trkpt lat="-39.3631865457" lon="-72.6181036513"><ele>109.56</ele><time>2024-08-13T02:12:06Z</time></trkpt><trkpt lat="-39.3632090092" lon="-72.6180491690"><ele>109.69</ele><time>2024-08-13T02:12:07Z</time></trkpt><trkpt lat="-39.3633760605" lon="-72.6178302336"><ele>109.79</ele><time>2024-08-13T02:12:13Z</time></trkpt><trkpt lat="-39.3634151202" lon="-72.6178261265"><ele>109.88</ele><time>2024-08-13T02:12:14Z</time></trkpt><trkpt lat="-39.3634589575" lon="-72.6178266294"><ele>110.01</ele><time>2024-08-13T02:12:15Z</time></trkpt><trkpt lat="-39.3640046194" lon="-72.6178542897"><ele>110.83</ele><time>2024-08-13T02:12:28Z</time></trkpt><trkpt lat="-39.3640150968" lon="-72.6178436447"><ele>110.92</ele><time>2024-08-13T02:12:29Z</time></trkpt><trkpt lat="-39.3640293460" lon="-72.6178272162"><ele>110.62</ele><time>2024-08-13T02:12:30Z</time></trkpt><trkpt lat="-39.3640425894" lon="-72.6177989691"><ele>110.54</ele><time>2024-08-13T02:12:31Z</time></trkpt><trkpt lat="-39.3640536536" lon="-72.6177586522"><ele>110.71</ele><time>2024-08-13T02:12:32Z</time></trkpt><trkpt lat="-39.3640608620" lon="-72.6177075226"><ele>110.68</ele><time>2024-08-13T02:12:33Z</time></trkpt><trkpt lat="-39.3640675675" lon="-72.6176476758"><ele>110.81</ele><time>2024-08-13T02:12:34Z</time></trkpt><trkpt lat="-39.3640723452" lon="-72.6175286528"><ele>111.05</ele><time>2024-08-13T02:12:36Z</time></trkpt><trkpt lat="-39.3640650529" lon="-72.6174791157"><ele>111.17</ele><time>2024-08-13T02:12:37Z</time></trkpt><trkpt lat="-39.3640519772" lon="-72.6174425706"><ele>111.12</ele><time>2024-08-13T02:12:38Z</time></trkpt><trkpt lat="-39.3640327826" lon="-72.6174196880"><ele>111.18</ele><time>2024-08-13T02:12:39Z</time></trkpt><trkpt lat="-39.3640076369" lon="-72.6174060255"><ele>111.03</ele><time>2024-08-13T02:12:40Z</time></trkpt><trkpt lat="-39.3639733549" lon="-72.6174034271"><ele>111.02</ele><time>2024-08-13T02:12:41Z</time></trkpt><trkpt lat="-39.3639321160" lon="-72.6174049359"><ele>111.00</ele><time>2024-08-13T02:12:42Z</time></trkpt><trkpt lat="-39.3638850935" lon="-72.6174085401"><ele>110.69</ele><time>2024-08-13T02:12:43Z</time></trkpt><trkpt lat="-39.3635036331" lon="-72.6174005773"><ele>109.96</ele><time>2024-08-13T02:12:52Z</time></trkpt><trkpt lat="-39.3634939939" lon="-72.6173715759"><ele>109.98</ele><time>2024-08-13T02:12:53Z</time></trkpt><trkpt lat="-39.3634955864" lon="-72.6173285767"><ele>110.30</ele><time>2024-08-13T02:12:54Z</time></trkpt><trkpt lat="-39.3635012861" lon="-72.6172804646"><ele>110.28</ele><time>2024-08-13T02:12:55Z</time></trkpt><trkpt lat="-39.3635128532" lon="-72.6172259822"><ele>110.34</ele><time>2024-08-13T02:12:56Z</time></trkpt><trkpt lat="-39.3635255937" lon="-72.6171701588"><ele>110.34</ele><time>2024-08-13T02:12:57Z</time></trkpt><trkpt lat="-39.3635436986" lon="-72.6171160117"><ele>110.22</ele><time>2024-08-13T02:12:58Z</time></trkpt><trkpt lat="-39.3635644857" lon="-72.6170628704"><ele>110.27</ele><time>2024-08-13T02:12:59Z</time></trkpt><trkpt lat="-39.3635887932" lon="-72.6170121599"><ele>110.32</ele><time>2024-08-13T02:13:00Z</time></trkpt><trkpt lat="-39.3636173755" lon="-72.6169766206"><ele>110.31</ele><time>2024-08-13T02:13:01Z</time></trkpt><trkpt lat="-39.3636485562" lon="-72.6169488765"><ele>110.35</ele><time>2024-08-13T02:13:02Z</time></trkpt><trkpt lat="-39.3636856880" lon="-72.6169357169"><ele>110.38</ele><time>2024-08-13T02:13:03Z</time></trkpt><trkpt lat="-39.3637233227" lon="-72.6169303525"><ele>110.43</ele><time>2024-08-13T02:13:04Z</time></trkpt><trkpt lat="-39.3637691718" lon="-72.6169305202"><ele>110.63</ele><time>2024-08-13T02:13:05Z</time></trkpt><trkpt lat="-39.3639684096" lon="-72.6169516426"><ele>110.74</ele><time>2024-08-13T02:13:09Z</time></trkpt><trkpt lat="-39.3640477862" lon="-72.6169985812"><ele>110.60</ele><time>2024-08-13T02:13:11Z</time></trkpt><trkpt lat="-39.3640770391" lon="-72.6170473639"><ele>110.85</ele><time>2024-08-13T02:13:12Z</time></trkpt><trkpt lat="-39.3640963174" lon="-72.6171000861"><ele>110.93</ele><time>2024-08-13T02:13:13Z</time></trkpt><trkpt lat="-39.3640968204" lon="-72.6171654649"><ele>110.96</ele><time>2024-08-13T02:13:14Z</time></trkpt><trkpt lat="-39.3640963174" lon="-72.6172280777"><ele>110.87</ele><time>2024-08-13T02:13:15Z</time></trkpt><trkpt lat="-39.3640948087" lon="-72.6172911096"><ele>110.87</ele><time>2024-08-13T02:13:16Z</time></trkpt><trkpt lat="-39.3640909530" lon="-72.6182967704"><ele>110.95</ele><time>2024-08-13T02:13:27Z</time></trkpt><trkpt lat="-39.3640743569" lon="-72.6191336196"><ele>110.55</ele><time>2024-08-13T02:13:36Z</time></trkpt><trkpt lat="-39.3640683219" lon="-72.6196080353"><ele>110.60</ele><time>2024-08-13T02:13:43Z</time></trkpt><trkpt lat="-39.3640208803" lon="-72.6212120801"><ele>110.07</ele><time>2024-08-13T02:13:59Z</time></trkpt><trkpt lat="-39.3639918789" lon="-72.6214844920"><ele>109.85</ele><time>2024-08-13T02:14:02Z</time></trkpt><trkpt lat="-39.3639690802" lon="-72.6215642877"><ele>109.81</ele><time>2024-08-13T02:14:03Z</time></trkpt><trkpt lat="-39.3639508076" lon="-72.6216423232"><ele>109.82</ele><time>2024-08-13T02:14:04Z</time></trkpt><trkpt lat="-39.3639427610" lon="-72.6217201911"><ele>109.83</ele><time>2024-08-13T02:14:05Z</time></trkpt><trkpt lat="-39.3639408331" lon="-72.6217976399"><ele>109.76</ele><time>2024-08-13T02:14:06Z</time></trkpt><trkpt lat="-39.3639410008" lon="-72.6218728255"><ele>109.63</ele><time>2024-08-13T02:14:07Z</time></trkpt><trkpt lat="-39.3639270868" lon="-72.6227248460"><ele>109.50</ele><time>2024-08-13T02:14:19Z</time></trkpt><trkpt lat="-39.3639073893" lon="-72.6241193432"><ele>108.94</ele><time>2024-08-13T02:14:34Z</time></trkpt><trkpt lat="-39.3638954870" lon="-72.6247220021"><ele>111.13</ele><time>2024-08-13T02:14:43Z</time></trkpt><trkpt lat="-39.3639111612" lon="-72.6247738022"><ele>111.10</ele><time>2024-08-13T02:14:44Z</time></trkpt><trkpt lat="-39.3639377318" lon="-72.6248311345"><ele>111.27</ele><time>2024-08-13T02:14:45Z</time></trkpt><trkpt lat="-39.3639717624" lon="-72.6248915680"><ele>111.19</ele><time>2024-08-13T02:14:46Z</time></trkpt><trkpt lat="-39.3641793821" lon="-72.6252175402"><ele>111.18</ele><time>2024-08-13T02:14:52Z</time></trkpt><trkpt lat="-39.3642077129" lon="-72.6252353936"><ele>111.10</ele><time>2024-08-13T02:14:53Z</time></trkpt><trkpt lat="-39.3642380554" lon="-72.6252325438"><ele>111.14</ele><time>2024-08-13T02:14:54Z</time></trkpt><trkpt lat="-39.3642662186" lon="-72.6252077334"><ele>110.99</ele><time>2024-08-13T02:14:55Z</time></trkpt><trkpt lat="-39.3642966449" lon="-72.6251602918"><ele>110.46</ele><time>2024-08-13T02:14:56Z</time></trkpt><trkpt lat="-39.3643064518" lon="-72.6251056418"><ele>110.37</ele><time>2024-08-13T02:14:57Z</time></trkpt><trkpt lat="-39.3643079605" lon="-72.6250343118"><ele>109.94</ele><time>2024-08-13T02:14:58Z</time></trkpt><trkpt lat="-39.3643071223" lon="-72.6249542646"><ele>109.86</ele><time>2024-08-13T02:14:59Z</time></trkpt><trkpt lat="-39.3642927054" lon="-72.6234601904"><ele>110.77</ele><time>2024-08-13T02:15:14Z</time></trkpt><trkpt lat="-39.3642926216" lon="-72.6225847006"><ele>110.48</ele><time>2024-08-13T02:15:24Z</time></trkpt><trkpt lat="-39.3643173482" lon="-72.6214333624"><ele>110.27</ele><time>2024-08-13T02:15:35Z</time></trkpt><trkpt lat="-39.3643396441" lon="-72.6192901097"><ele>110.18</ele><time>2024-08-13T02:15:52Z</time></trkpt><trkpt lat="-39.3643995747" lon="-72.6173222065"><ele>109.90</ele><time>2024-08-13T02:16:10Z</time></trkpt><trkpt lat="-39.3643725011" lon="-72.6157619152"><ele>113.08</ele><time>2024-08-13T02:16:24Z</time></trkpt><trkpt lat="-39.3643995747" lon="-72.6145879459"><ele>116.15</ele><time>2024-08-13T02:16:36Z</time></trkpt><trkpt lat="-39.3644548114" lon="-72.6136989612"><ele>119.23</ele><time>2024-08-13T02:16:48Z</time></trkpt><trkpt lat="-39.3645141553" lon="-72.6134197600"><ele>120.55</ele><time>2024-08-13T02:16:51Z</time></trkpt><trkpt lat="-39.3645464256" lon="-72.6128106471"><ele>124.14</ele><time>2024-08-13T02:16:58Z</time></trkpt><trkpt lat="-39.3645652849" lon="-72.6119546033"><ele>125.39</ele><time>2024-08-13T02:17:10Z</time></trkpt><trkpt lat="-39.3649060931" lon="-72.6116804313"><ele>127.11</ele><time>2024-08-13T02:17:18Z</time></trkpt><trkpt lat="-39.3653445505" lon="-72.6114339195"><ele>129.38</ele><time>2024-08-13T02:17:26Z</time></trkpt><trkpt lat="-39.3654904794" lon="-72.6114306506"><ele>130.07</ele><time>2024-08-13T02:17:29Z</time></trkpt><trkpt lat="-39.3655319698" lon="-72.6114759129"><ele>130.19</ele><time>2024-08-13T02:17:30Z</time></trkpt><trkpt lat="-39.3655594625" lon="-72.6115304790"><ele>130.35</ele><time>2024-08-13T02:17:31Z</time></trkpt><trkpt lat="-39.3655771483" lon="-72.6115917508"><ele>130.49</ele><time>2024-08-13T02:17:32Z</time></trkpt><trkpt lat="-39.3655846920" lon="-72.6116596442"><ele>130.46</ele><time>2024-08-13T02:17:33Z</time></trkpt><trkpt lat="-39.3655862007" lon="-72.6117215864"><ele>130.54</ele><time>2024-08-13T02:17:34Z</time></trkpt><trkpt lat="-39.3655811716" lon="-72.6117742248"><ele>130.55</ele><time>2024-08-13T02:17:35Z</time></trkpt><trkpt lat="-39.3654998671" lon="-72.6118910685"><ele>130.38</ele><time>2024-08-13T02:17:39Z</time></trkpt><trkpt lat="-39.3650006410" lon="-72.6121716946"><ele>126.99</ele><time>2024-08-13T02:17:51Z</time></trkpt><trkpt lat="-39.3646007404" lon="-72.6124153566"><ele>124.93</ele><time>2024-08-13T02:18:02Z</time></trkpt><trkpt lat="-39.3645799533" lon="-72.6128187776"><ele>124.31</ele><time>2024-08-13T02:18:11Z</time></trkpt><trkpt lat="-39.3646781892" lon="-72.6128419954"><ele>124.77</ele><time>2024-08-13T02:18:15Z</time></trkpt><trkpt lat="-39.3651668541" lon="-72.6125730202"><ele>127.99</ele><time>2024-08-13T02:18:26Z</time></trkpt><trkpt lat="-39.3653768208" lon="-72.6124405023"><ele>129.79</ele><time>2024-08-13T02:18:30Z</time></trkpt><trkpt lat="-39.3655357417" lon="-72.6125932205"><ele>128.88</ele><time>2024-08-13T02:18:38Z</time></trkpt><trkpt lat="-39.3654488213" lon="-72.6128940471"><ele>127.19</ele><time>2024-08-13T02:18:47Z</time></trkpt><trkpt lat="-39.3649195042" lon="-72.6131665427"><ele>123.66</ele><time>2024-08-13T02:18:56Z</time></trkpt><trkpt lat="-39.3647388741" lon="-72.6132644434"><ele>122.39</ele><time>2024-08-13T02:18:59Z</time></trkpt><trkpt lat="-39.3645839766" lon="-72.6133967936"><ele>121.12</ele><time>2024-08-13T02:19:04Z</time></trkpt><trkpt lat="-39.3644722458" lon="-72.6136889029"><ele>119.90</ele><time>2024-08-13T02:19:09Z</time></trkpt><trkpt lat="-39.3646376207" lon="-72.6138277911"><ele>119.74</ele><time>2024-08-13T02:19:16Z</time></trkpt><trkpt lat="-39.3646905106" lon="-72.6137999631"><ele>120.05</ele><time>2024-08-13T02:19:17Z</time></trkpt><trkpt lat="-39.3649537861" lon="-72.6136710495"><ele>122.36</ele><time>2024-08-13T02:19:22Z</time></trkpt><trkpt lat="-39.3654014636" lon="-72.6134155691"><ele>125.98</ele><time>2024-08-13T02:19:31Z</time></trkpt><trkpt lat="-39.3657037988" lon="-72.6132526249"><ele>126.96</ele><time>2024-08-13T02:19:37Z</time></trkpt><trkpt lat="-39.3657460436" lon="-72.6132205222"><ele>127.47</ele><time>2024-08-13T02:19:38Z</time></trkpt><trkpt lat="-39.3659052160" lon="-72.6127999183"><ele>129.61</ele><time>2024-08-13T02:19:45Z</time></trkpt><trkpt lat="-39.3659080658" lon="-72.6119019650"><ele>128.10</ele><time>2024-08-13T02:19:58Z</time></trkpt><trkpt lat="-39.3659251649" lon="-72.6119089220"><ele>127.93</ele><time>2024-08-13T02:20:16Z</time></trkpt><trkpt lat="-39.3659080658" lon="-72.6119127776"><ele>128.05</ele><time>2024-08-13T02:20:46Z</time></trkpt><trkpt lat="-39.3659660686" lon="-72.6118884701"><ele>127.31</ele><time>2024-08-13T02:21:10Z</time></trkpt><trkpt lat="-39.3660065532" lon="-72.6119067427"><ele>126.83</ele><time>2024-08-13T02:21:12Z</time></trkpt><trkpt lat="-39.3660360575" lon="-72.6119354926"><ele>126.64</ele><time>2024-08-13T02:21:13Z</time></trkpt><trkpt lat="-39.3665081263" lon="-72.6123558450"><ele>123.47</ele><time>2024-08-13T02:21:21Z</time></trkpt><trkpt lat="-39.3669801950" lon="-72.6126504689"><ele>120.12</ele><time>2024-08-13T02:21:27Z</time></trkpt><trkpt lat="-39.3673869688" lon="-72.6129182708"><ele>116.70</ele><time>2024-08-13T02:21:33Z</time></trkpt><trkpt lat="-39.3679109216" lon="-72.6133304927"><ele>113.73</ele><time>2024-08-13T02:21:44Z</time></trkpt><trkpt lat="-39.3679716904" lon="-72.6134291478"><ele>113.34</ele><time>2024-08-13T02:21:47Z</time></trkpt><trkpt lat="-39.3679622188" lon="-72.6134646032"><ele>113.16</ele><time>2024-08-13T02:21:48Z</time></trkpt><trkpt lat="-39.3679407611" lon="-72.6134991366"><ele>113.00</ele><time>2024-08-13T02:21:49Z</time></trkpt><trkpt lat="-39.3679125141" lon="-72.6135304011"><ele>112.93</ele><time>2024-08-13T02:21:50Z</time></trkpt><trkpt lat="-39.3678777292" lon="-72.6135635935"><ele>112.90</ele><time>2024-08-13T02:21:51Z</time></trkpt><trkpt lat="-39.3678384181" lon="-72.6135998871"><ele>112.77</ele><time>2024-08-13T02:21:52Z</time></trkpt><trkpt lat="-39.3676483165" lon="-72.6137920003"><ele>111.97</ele><time>2024-08-13T02:22:00Z</time></trkpt><trkpt lat="-39.3676515855" lon="-72.6138109434"><ele>111.91</ele><time>2024-08-13T02:22:01Z</time></trkpt><trkpt lat="-39.3676612247" lon="-72.6138341613"><ele>111.77</ele><time>2024-08-13T02:22:02Z</time></trkpt><trkpt lat="-39.3676789943" lon="-72.6138647553"><ele>111.75</ele><time>2024-08-13T02:22:03Z</time></trkpt><trkpt lat="-39.3677014578" lon="-72.6139018033"><ele>111.66</ele><time>2024-08-13T02:22:04Z</time></trkpt><trkpt lat="-39.3679814972" lon="-72.6144146919"><ele>112.00</ele><time>2024-08-13T02:22:17Z</time></trkpt><trkpt lat="-39.3679806590" lon="-72.6144404244"><ele>111.97</ele><time>2024-08-13T02:22:18Z</time></trkpt><trkpt lat="-39.3679656554" lon="-72.6144744549"><ele>112.11</ele><time>2024-08-13T02:22:19Z</time></trkpt><trkpt lat="-39.3679415993" lon="-72.6145100780"><ele>112.05</ele><time>2024-08-13T02:22:20Z</time></trkpt><trkpt lat="-39.3679066468" lon="-72.6145468745"><ele>111.95</ele><time>2024-08-13T02:22:21Z</time></trkpt><trkpt lat="-39.3678686768" lon="-72.6145840902"><ele>112.12</ele><time>2024-08-13T02:22:22Z</time></trkpt><trkpt lat="-39.3676862027" lon="-72.6146782190"><ele>111.82</ele><time>2024-08-13T02:22:28Z</time></trkpt><trkpt lat="-39.3676689360" lon="-72.6146558393"><ele>111.87</ele><time>2024-08-13T02:22:29Z</time></trkpt><trkpt lat="-39.3676544353" lon="-72.6146320347"><ele>111.72</ele><time>2024-08-13T02:22:30Z</time></trkpt><trkpt lat="-39.3674086779" lon="-72.6142192259"><ele>111.62</ele><time>2024-08-13T02:22:43Z</time></trkpt><trkpt lat="-39.3672914151" lon="-72.6140503306"><ele>111.93</ele><time>2024-08-13T02:22:51Z</time></trkpt><trkpt lat="-39.3672676943" lon="-72.6140556112"><ele>111.97</ele><time>2024-08-13T02:22:52Z</time></trkpt><trkpt lat="-39.3672420457" lon="-72.6140686870"><ele>112.05</ele><time>2024-08-13T02:22:53Z</time></trkpt><trkpt lat="-39.3672145531" lon="-72.6140924077"><ele>112.11</ele><time>2024-08-13T02:22:54Z</time></trkpt><trkpt lat="-39.3671841267" lon="-72.6141242590"><ele>112.16</ele><time>2024-08-13T02:22:55Z</time></trkpt><trkpt lat="-39.3671501800" lon="-72.6141592115"><ele>112.11</ele><time>2024-08-13T02:22:56Z</time></trkpt><trkpt lat="-39.3669542950" lon="-72.6143727824"><ele>112.25</ele><time>2024-08-13T02:23:02Z</time></trkpt><trkpt lat="-39.3669115473" lon="-72.6143972576"><ele>112.26</ele><time>2024-08-13T02:23:03Z</time></trkpt><trkpt lat="-39.3668680452" lon="-72.6144197211"><ele>112.51</ele><time>2024-08-13T02:23:04Z</time></trkpt><trkpt lat="-39.3668260518" lon="-72.6144465432"><ele>112.78</ele><time>2024-08-13T02:23:05Z</time></trkpt><trkpt lat="-39.3667859025" lon="-72.6144764666"><ele>112.96</ele><time>2024-08-13T02:23:06Z</time></trkpt><trkpt lat="-39.3667467590" lon="-72.6145063899"><ele>113.12</ele><time>2024-08-13T02:23:07Z</time></trkpt><trkpt lat="-39.3666250538" lon="-72.6147228945"><ele>113.93</ele><time>2024-08-13T02:23:15Z</time></trkpt><trkpt lat="-39.3666446675" lon="-72.6147632115"><ele>113.88</ele><time>2024-08-13T02:23:16Z</time></trkpt><trkpt lat="-39.3666737527" lon="-72.6148103178"><ele>113.70</ele><time>2024-08-13T02:23:17Z</time></trkpt><trkpt lat="-39.3669632636" lon="-72.6153235417"><ele>111.64</ele><time>2024-08-13T02:23:27Z</time></trkpt><trkpt lat="-39.3669661134" lon="-72.6153515372"><ele>111.44</ele><time>2024-08-13T02:23:28Z</time></trkpt><trkpt lat="-39.3669551332" lon="-72.6153909322"><ele>111.34</ele><time>2024-08-13T02:23:29Z</time></trkpt><trkpt lat="-39.3669335078" lon="-72.6154286508"><ele>111.35</ele><time>2024-08-13T02:23:30Z</time></trkpt><trkpt lat="-39.3669000641" lon="-72.6154699735"><ele>111.40</ele><time>2024-08-13T02:23:31Z</time></trkpt><trkpt lat="-39.3668574840" lon="-72.6155138109"><ele>111.44</ele><time>2024-08-13T02:23:32Z</time></trkpt><trkpt lat="-39.3668127246" lon="-72.6155607495"><ele>111.45</ele><time>2024-08-13T02:23:33Z</time></trkpt><trkpt lat="-39.3667278998" lon="-72.6156329177"><ele>111.32</ele><time>2024-08-13T02:23:35Z</time></trkpt><trkpt lat="-39.3666873313" lon="-72.6156494301"><ele>111.28</ele><time>2024-08-13T02:23:36Z</time></trkpt><trkpt lat="-39.3666501995" lon="-72.6156498492"><ele>111.28</ele><time>2024-08-13T02:23:37Z</time></trkpt><trkpt lat="-39.3666191027" lon="-72.6156309061"><ele>111.48</ele><time>2024-08-13T02:23:38Z</time></trkpt><trkpt lat="-39.3665894307" lon="-72.6155988872"><ele>111.67</ele><time>2024-08-13T02:23:39Z</time></trkpt><trkpt lat="-39.3665591720" lon="-72.6155578159"><ele>111.89</ele><time>2024-08-13T02:23:40Z</time></trkpt><trkpt lat="-39.3665272370" lon="-72.6155068539"><ele>112.26</ele><time>2024-08-13T02:23:41Z</time></trkpt><trkpt lat="-39.3664951343" lon="-72.6154516172"><ele>112.42</ele><time>2024-08-13T02:23:42Z</time></trkpt><trkpt lat="-39.3664003350" lon="-72.6152701490"><ele>113.65</ele><time>2024-08-13T02:23:45Z</time></trkpt><trkpt lat="-39.3661374785" lon="-72.6147733536"><ele>116.70</ele><time>2024-08-13T02:23:53Z</time></trkpt><trkpt lat="-39.3659282662" lon="-72.6144327130"><ele>118.24</ele><time>2024-08-13T02:24:02Z</time></trkpt><trkpt lat="-39.3656423595" lon="-72.6139220875"><ele>121.56</ele><time>2024-08-13T02:24:11Z</time></trkpt><trkpt lat="-39.3655614741" lon="-72.6138173137"><ele>122.14</ele><time>2024-08-13T02:24:15Z</time></trkpt><trkpt lat="-39.3655327242" lon="-72.6138244383"><ele>122.13</ele><time>2024-08-13T02:24:16Z</time></trkpt><trkpt lat="-39.3654976878" lon="-72.6138454769"><ele>122.23</ele><time>2024-08-13T02:24:17Z</time></trkpt><trkpt lat="-39.3654546048" lon="-72.6138771605"><ele>122.36</ele><time>2024-08-13T02:24:18Z</time></trkpt><trkpt lat="-39.3654095940" lon="-72.6139158849"><ele>122.17</ele><time>2024-08-13T02:24:19Z</time></trkpt><trkpt lat="-39.3653709535" lon="-72.6139558665"><ele>122.03</ele><time>2024-08-13T02:24:20Z</time></trkpt><trkpt lat="-39.3653434608" lon="-72.6139963511"><ele>121.89</ele><time>2024-08-13T02:24:21Z</time></trkpt><trkpt lat="-39.3653314747" lon="-72.6140366681"><ele>121.82</ele><time>2024-08-13T02:24:22Z</time></trkpt><trkpt lat="-39.3653248530" lon="-72.6140777394"><ele>121.63</ele><time>2024-08-13T02:24:23Z</time></trkpt><trkpt lat="-39.3653308041" lon="-72.6141207386"><ele>121.66</ele><time>2024-08-13T02:24:24Z</time></trkpt><trkpt lat="-39.3653445505" lon="-72.6141622290"><ele>121.53</ele><time>2024-08-13T02:24:25Z</time></trkpt><trkpt lat="-39.3653710373" lon="-72.6142064855"><ele>121.39</ele><time>2024-08-13T02:24:26Z</time></trkpt><trkpt lat="-39.3653942551" lon="-72.6142514125"><ele>121.22</ele><time>2024-08-13T02:24:27Z</time></trkpt><trkpt lat="-39.3657086603" lon="-72.6147643849"><ele>118.49</ele><time>2024-08-13T02:24:39Z</time></trkpt><trkpt lat="-39.3659907952" lon="-72.6152347773"><ele>115.56</ele><time>2024-08-13T02:24:50Z</time></trkpt><trkpt lat="-39.3662918732" lon="-72.6157615799"><ele>112.95</ele><time>2024-08-13T02:25:03Z</time></trkpt><trkpt lat="-39.3663454335" lon="-72.6159360074"><ele>112.00</ele><time>2024-08-13T02:25:09Z</time></trkpt><trkpt lat="-39.3663207069" lon="-72.6159723010"><ele>111.89</ele><time>2024-08-13T02:25:10Z</time></trkpt><trkpt lat="-39.3662836589" lon="-72.6160101872"><ele>111.94</ele><time>2024-08-13T02:25:11Z</time></trkpt><trkpt lat="-39.3660738599" lon="-72.6161492430"><ele>111.89</ele><time>2024-08-13T02:25:17Z</time></trkpt><trkpt lat="-39.3660453614" lon="-72.6161225885"><ele>112.20</ele><time>2024-08-13T02:25:18Z</time></trkpt><trkpt lat="-39.3660196289" lon="-72.6160868816"><ele>112.48</ele><time>2024-08-13T02:25:19Z</time></trkpt><trkpt lat="-39.3659960758" lon="-72.6160455588"><ele>112.65</ele><time>2024-08-13T02:25:20Z</time></trkpt><trkpt lat="-39.3659722712" lon="-72.6160002965"><ele>112.74</ele><time>2024-08-13T02:25:21Z</time></trkpt><trkpt lat="-39.3658697605" lon="-72.6158568822"><ele>113.46</ele><time>2024-08-13T02:25:25Z</time></trkpt><trkpt lat="-39.3658365682" lon="-72.6158627495"><ele>113.46</ele><time>2024-08-13T02:25:26Z</time></trkpt><trkpt lat="-39.3657985143" lon="-72.6158912480"><ele>113.49</ele><time>2024-08-13T02:25:27Z</time></trkpt><trkpt lat="-39.3655939959" lon="-72.6160943415"><ele>112.99</ele><time>2024-08-13T02:25:33Z</time></trkpt><trkpt lat="-39.3655895535" lon="-72.6161322277"><ele>112.95</ele><time>2024-08-13T02:25:34Z</time></trkpt><trkpt lat="-39.3655990250" lon="-72.6161699463"><ele>112.83</ele><time>2024-08-13T02:25:35Z</time></trkpt><trkpt lat="-39.3656170461" lon="-72.6162090898"><ele>112.78</ele><time>2024-08-13T02:25:36Z</time></trkpt><trkpt lat="-39.3656373303" lon="-72.6162474789"><ele>112.67</ele><time>2024-08-13T02:25:37Z</time></trkpt><trkpt lat="-39.3656584527" lon="-72.6162854489"><ele>112.64</ele><time>2024-08-13T02:25:38Z</time></trkpt><trkpt lat="-39.3657340575" lon="-72.6164925657"><ele>111.74</ele><time>2024-08-13T02:25:45Z</time></trkpt><trkpt lat="-39.3657150306" lon="-72.6165304519"><ele>111.69</ele><time>2024-08-13T02:25:46Z</time></trkpt><trkpt lat="-39.3656851072" lon="-72.6165680028"><ele>111.72</ele><time>2024-08-13T02:25:47Z</time></trkpt><trkpt lat="-39.3655046448" lon="-72.6167184580"><ele>111.56</ele><time>2024-08-13T02:25:53Z</time></trkpt><trkpt lat="-39.3654779904" lon="-72.6167058013"><ele>111.58</ele><time>2024-08-13T02:25:54Z</time></trkpt><trkpt lat="-39.3654530961" lon="-72.6166783925"><ele>111.84</ele><time>2024-08-13T02:25:55Z</time></trkpt><trkpt lat="-39.3654284533" lon="-72.6166369859"><ele>111.93</ele><time>2024-08-13T02:25:56Z</time></trkpt><trkpt lat="-39.3654043134" lon="-72.6165872812"><ele>112.25</ele><time>2024-08-13T02:25:57Z</time></trkpt><trkpt lat="-39.3653764855" lon="-72.6165363193"><ele>112.34</ele><time>2024-08-13T02:25:58Z</time></trkpt><trkpt lat="-39.3653474841" lon="-72.6164862793"><ele>112.57</ele><time>2024-08-13T02:25:59Z</time></trkpt><trkpt lat="-39.3650910817" lon="-72.6159495022"><ele>113.29</ele><time>2024-08-13T02:26:11Z</time></trkpt><trkpt lat="-39.3651080970" lon="-72.6159174833"><ele>113.41</ele><time>2024-08-13T02:26:12Z</time></trkpt><trkpt lat="-39.3651323207" lon="-72.6158831175"><ele>113.51</ele><time>2024-08-13T02:26:13Z</time></trkpt><trkpt lat="-39.3651600648" lon="-72.6158534456"><ele>113.52</ele><time>2024-08-13T02:26:14Z</time></trkpt><trkpt lat="-39.3651882280" lon="-72.6158257853"><ele>113.54</ele><time>2024-08-13T02:26:15Z</time></trkpt><trkpt lat="-39.3656773958" lon="-72.6154000685"><ele>114.60</ele><time>2024-08-13T02:26:30Z</time></trkpt><trkpt lat="-39.3659274280" lon="-72.6151973102"><ele>116.12</ele><time>2024-08-13T02:26:40Z</time></trkpt><trkpt lat="-39.3659406714" lon="-72.6151433308"><ele>116.60</ele><time>2024-08-13T02:26:44Z</time></trkpt><trkpt lat="-39.3659354746" lon="-72.6151243877"><ele>116.85</ele><time>2024-08-13T02:26:45Z</time></trkpt><trkpt lat="-39.3659274280" lon="-72.6151030976"><ele>117.14</ele><time>2024-08-13T02:26:46Z</time></trkpt><trkpt lat="-39.3659130111" lon="-72.6150718331"><ele>117.36</ele><time>2024-08-13T02:26:47Z</time></trkpt><trkpt lat="-39.3658926431" lon="-72.6150347013"><ele>117.69</ele><time>2024-08-13T02:26:48Z</time></trkpt><trkpt lat="-39.3658709340" lon="-72.6149951387"><ele>118.20</ele><time>2024-08-13T02:26:49Z</time></trkpt><trkpt lat="-39.3657640647" lon="-72.6148363855"><ele>119.53</ele><time>2024-08-13T02:26:55Z</time></trkpt><trkpt lat="-39.3657372426" lon="-72.6148418337"><ele>119.55</ele><time>2024-08-13T02:26:56Z</time></trkpt><trkpt lat="-39.3657074869" lon="-72.6148515567"><ele>119.60</ele><time>2024-08-13T02:26:57Z</time></trkpt><trkpt lat="-39.3656792399" lon="-72.6148685720"><ele>119.62</ele><time>2024-08-13T02:26:58Z</time></trkpt><trkpt lat="-39.3656480592" lon="-72.6148923766"><ele>119.49</ele><time>2024-08-13T02:26:59Z</time></trkpt><trkpt lat="-39.3656136096" lon="-72.6149229705"><ele>119.60</ele><time>2024-08-13T02:27:00Z</time></trkpt><trkpt lat="-39.3654024694" lon="-72.6151000801"><ele>119.00</ele><time>2024-08-13T02:27:10Z</time></trkpt><trkpt lat="-39.3654697761" lon="-72.6150404848"><ele>119.46</ele><time>2024-08-13T02:27:26Z</time></trkpt><trkpt lat="-39.3653759826" lon="-72.6149518043"><ele>119.85</ele><time>2024-08-13T02:27:31Z</time></trkpt><trkpt lat="-39.3650756590" lon="-72.6144345570"><ele>121.81</ele><time>2024-08-13T02:27:44Z</time></trkpt><trkpt lat="-39.3649210967" lon="-72.6143891271"><ele>121.74</ele><time>2024-08-13T02:27:51Z</time></trkpt><trkpt lat="-39.3648744933" lon="-72.6144219004"><ele>121.39</ele><time>2024-08-13T02:27:52Z</time></trkpt><trkpt lat="-39.3648217712" lon="-72.6144664083"><ele>121.04</ele><time>2024-08-13T02:27:53Z</time></trkpt><trkpt lat="-39.3645907659" lon="-72.6146537438"><ele>118.87</ele><time>2024-08-13T02:28:01Z</time></trkpt><trkpt lat="-39.3645898439" lon="-72.6146844216"><ele>118.79</ele><time>2024-08-13T02:28:30Z</time></trkpt><trkpt lat="-39.3645464256" lon="-72.6147234812"><ele>118.98</ele><time>2024-08-13T02:28:36Z</time></trkpt><trkpt lat="-39.3644813821" lon="-72.6147963200"><ele>118.32</ele><time>2024-08-13T02:28:39Z</time></trkpt><trkpt lat="-39.3644611817" lon="-72.6148247346"><ele>118.16</ele><time>2024-08-13T02:28:40Z</time></trkpt><trkpt lat="-39.3644388858" lon="-72.6148651354"><ele>117.98</ele><time>2024-08-13T02:28:41Z</time></trkpt><trkpt lat="-39.3644242175" lon="-72.6149182767"><ele>117.92</ele><time>2024-08-13T02:28:42Z</time></trkpt><trkpt lat="-39.3644170929" lon="-72.6149803866"><ele>117.66</ele><time>2024-08-13T02:28:43Z</time></trkpt><trkpt lat="-39.3644116446" lon="-72.6150483638"><ele>117.53</ele><time>2024-08-13T02:28:44Z</time></trkpt><trkpt lat="-39.3644102197" lon="-72.6151219569"><ele>117.23</ele><time>2024-08-13T02:28:45Z</time></trkpt><trkpt lat="-39.3644134048" lon="-72.6153774373"><ele>115.99</ele><time>2024-08-13T02:28:51Z</time></trkpt><trkpt lat="-39.3644250557" lon="-72.6153932791"><ele>116.00</ele><time>2024-08-13T02:28:52Z</time></trkpt><trkpt lat="-39.3644424900" lon="-72.6154050138"><ele>115.88</ele><time>2024-08-13T02:28:53Z</time></trkpt><trkpt lat="-39.3644651212" lon="-72.6154051814"><ele>115.79</ele><time>2024-08-13T02:28:54Z</time></trkpt><trkpt lat="-39.3644888420" lon="-72.6153894234"><ele>115.82</ele><time>2024-08-13T02:28:55Z</time></trkpt><trkpt lat="-39.3645175919" lon="-72.6153638586"><ele>115.98</ele><time>2024-08-13T02:28:56Z</time></trkpt><trkpt lat="-39.3645518739" lon="-72.6153281517"><ele>116.17</ele><time>2024-08-13T02:28:57Z</time></trkpt><trkpt lat="-39.3645889219" lon="-72.6152890921"><ele>116.38</ele><time>2024-08-13T02:28:58Z</time></trkpt><trkpt lat="-39.3649829552" lon="-72.6149858348"><ele>118.87</ele><time>2024-08-13T02:29:09Z</time></trkpt><trkpt lat="-39.3650060892" lon="-72.6150149200"><ele>118.80</ele><time>2024-08-13T02:29:10Z</time></trkpt><trkpt lat="-39.3650322407" lon="-72.6150540635"><ele>118.84</ele><time>2024-08-13T02:29:11Z</time></trkpt><trkpt lat="-39.3650568835" lon="-72.6150983199"><ele>118.56</ele><time>2024-08-13T02:29:12Z</time></trkpt><trkpt lat="-39.3650807720" lon="-72.6151434984"><ele>118.32</ele><time>2024-08-13T02:29:13Z</time></trkpt><trkpt lat="-39.3651490845" lon="-72.6153035928"><ele>117.57</ele><time>2024-08-13T02:29:18Z</time></trkpt><trkpt lat="-39.3651433010" lon="-72.6153374556"><ele>117.45</ele><time>2024-08-13T02:29:19Z</time></trkpt><trkpt lat="-39.3651244417" lon="-72.6153736655"><ele>117.25</ele><time>2024-08-13T02:29:20Z</time></trkpt><trkpt lat="-39.3650956079" lon="-72.6154069416"><ele>117.12</ele><time>2024-08-13T02:29:21Z</time></trkpt><trkpt lat="-39.3650615774" lon="-72.6154402178"><ele>116.94</ele><time>2024-08-13T02:29:22Z</time></trkpt><trkpt lat="-39.3650268763" lon="-72.6154735778"><ele>116.72</ele><time>2024-08-13T02:29:23Z</time></trkpt><trkpt lat="-39.3646225333" lon="-72.6159005519"><ele>115.29</ele><time>2024-08-13T02:29:34Z</time></trkpt><trkpt lat="-39.3646196835" lon="-72.6159438863"><ele>115.31</ele><time>2024-08-13T02:29:35Z</time></trkpt><trkpt lat="-39.3646235391" lon="-72.6159857120"><ele>115.27</ele><time>2024-08-13T02:29:36Z</time></trkpt><trkpt lat="-39.3646374531" lon="-72.6160257775"><ele>115.25</ele><time>2024-08-13T02:29:37Z</time></trkpt><trkpt lat="-39.3646615092" lon="-72.6160717104"><ele>115.07</ele><time>2024-08-13T02:29:38Z</time></trkpt><trkpt lat="-39.3646896724" lon="-72.6161224209"><ele>114.94</ele><time>2024-08-13T02:29:39Z</time></trkpt><trkpt lat="-39.3651734758" lon="-72.6169331186"><ele>112.74</ele><time>2024-08-13T02:29:53Z</time></trkpt><trkpt lat="-39.3651886471" lon="-72.6170135848"><ele>112.48</ele><time>2024-08-13T02:29:56Z</time></trkpt><trkpt lat="-39.3651756551" lon="-72.6170436759"><ele>112.74</ele><time>2024-08-13T02:29:57Z</time></trkpt><trkpt lat="-39.3651521020" lon="-72.6170793828"><ele>112.77</ele><time>2024-08-13T02:29:58Z</time></trkpt><trkpt lat="-39.3651223462" lon="-72.6171142515"><ele>112.74</ele><time>2024-08-13T02:29:59Z</time></trkpt><trkpt lat="-39.3650857173" lon="-72.6171481982"><ele>112.80</ele><time>2024-08-13T02:30:00Z</time></trkpt><trkpt lat="-39.3650460709" lon="-72.6171854977"><ele>112.74</ele><time>2024-08-13T02:30:01Z</time></trkpt><trkpt lat="-39.3646148220" lon="-72.6175761782"><ele>112.57</ele><time>2024-08-13T02:30:14Z</time></trkpt><trkpt lat="-39.3644181825" lon="-72.6179054193"><ele>112.64</ele><time>2024-08-13T02:30:24Z</time></trkpt><trkpt lat="-39.3644025922" lon="-72.6184957568"><ele>112.84</ele><time>2024-08-13T02:30:35Z</time></trkpt><trkpt lat="-39.3644253910" lon="-72.6187747903"><ele>113.08</ele><time>2024-08-13T02:30:41Z</time></trkpt><trkpt lat="-39.3644466810" lon="-72.6187832560"><ele>113.11</ele><time>2024-08-13T02:30:42Z</time></trkpt><trkpt lat="-39.3644757662" lon="-72.6187749580"><ele>113.10</ele><time>2024-08-13T02:30:43Z</time></trkpt><trkpt lat="-39.3645064440" lon="-72.6187499799"><ele>113.23</ele><time>2024-08-13T02:30:44Z</time></trkpt><trkpt lat="-39.3645383790" lon="-72.6187120937"><ele>113.25</ele><time>2024-08-13T02:30:45Z</time></trkpt><trkpt lat="-39.3645762652" lon="-72.6186715253"><ele>113.28</ele><time>2024-08-13T02:30:46Z</time></trkpt><trkpt lat="-39.3646164145" lon="-72.6186343096"><ele>113.33</ele><time>2024-08-13T02:30:47Z</time></trkpt><trkpt lat="-39.3652355857" lon="-72.6180698723"><ele>114.03</ele><time>2024-08-13T02:31:03Z</time></trkpt><trkpt lat="-39.3655805010" lon="-72.6177646872"><ele>113.82</ele><time>2024-08-13T02:31:15Z</time></trkpt><trkpt lat="-39.3658353109" lon="-72.6175393816"><ele>114.20</ele><time>2024-08-13T02:31:25Z</time></trkpt><trkpt lat="-39.3663886841" lon="-72.6170487050"><ele>114.80</ele><time>2024-08-13T02:31:41Z</time></trkpt><trkpt lat="-39.3666433264" lon="-72.6168180350"><ele>115.04</ele><time>2024-08-13T02:31:51Z</time></trkpt><trkpt lat="-39.3671644293" lon="-72.6163292024"><ele>115.53</ele><time>2024-08-13T02:32:06Z</time></trkpt><trkpt lat="-39.3675474823" lon="-72.6159872208"><ele>116.09</ele><time>2024-08-13T02:32:19Z</time></trkpt><trkpt lat="-39.3679340556" lon="-72.6156160701"><ele>116.48</ele><time>2024-08-13T02:32:31Z</time></trkpt><trkpt lat="-39.3679416832" lon="-72.6155780163"><ele>116.48</ele><time>2024-08-13T02:32:32Z</time></trkpt><trkpt lat="-39.3679331336" lon="-72.6155419741"><ele>116.48</ele><time>2024-08-13T02:32:33Z</time></trkpt><trkpt lat="-39.3679153640" lon="-72.6155070215"><ele>116.49</ele><time>2024-08-13T02:32:34Z</time></trkpt><trkpt lat="-39.3678930681" lon="-72.6154656149"><ele>116.49</ele><time>2024-08-13T02:32:35Z</time></trkpt><trkpt lat="-39.3675904814" lon="-72.6148757804"><ele>115.94</ele><time>2024-08-13T02:32:48Z</time></trkpt><trkpt lat="-39.3675898947" lon="-72.6148482040"><ele>115.94</ele><time>2024-08-13T02:32:49Z</time></trkpt><trkpt lat="-39.3676012103" lon="-72.6148146763"><ele>115.94</ele><time>2024-08-13T02:32:50Z</time></trkpt><trkpt lat="-39.3676254340" lon="-72.6147794724"><ele>115.94</ele><time>2024-08-13T02:32:51Z</time></trkpt><trkpt lat="-39.3676618114" lon="-72.6147434302"><ele>115.94</ele><time>2024-08-13T02:32:52Z</time></trkpt><trkpt lat="-39.3677052297" lon="-72.6147011016"><ele>115.95</ele><time>2024-08-13T02:32:53Z</time></trkpt><trkpt lat="-39.3683423381" lon="-72.6141418610"><ele>116.73</ele><time>2024-08-13T02:33:05Z</time></trkpt><trkpt lat="-39.3684399035" lon="-72.6140680164"><ele>116.76</ele><time>2024-08-13T02:33:12Z</time></trkpt><trkpt lat="-39.3684919551" lon="-72.6139664277"><ele>117.34</ele><time>2024-08-13T02:33:35Z</time></trkpt><trkpt lat="-39.3685127422" lon="-72.6139427070"><ele>117.43</ele><time>2024-08-13T02:33:36Z</time></trkpt><trkpt lat="-39.3689438235" lon="-72.6134288125"><ele>116.82</ele><time>2024-08-13T02:33:52Z</time></trkpt><trkpt lat="-39.3688657042" lon="-72.6131108031"><ele>116.43</ele><time>2024-08-13T02:34:03Z</time></trkpt><trkpt lat="-39.3688296620" lon="-72.6130729169"><ele>116.65</ele><time>2024-08-13T02:34:05Z</time></trkpt><trkpt lat="-39.3688190170" lon="-72.6130656246"><ele>116.57</ele><time>2024-08-13T02:34:06Z</time></trkpt><trkpt lat="-39.3688123114" lon="-72.6130546443"><ele>116.23</ele><time>2024-08-13T02:34:07Z</time></trkpt><trkpt lat="-39.3688033428" lon="-72.6130583324"><ele>116.42</ele><time>2024-08-13T02:34:08Z</time></trkpt><trkpt lat="-39.3685958069" lon="-72.6132801175"><ele>116.96</ele><time>2024-08-13T02:34:19Z</time></trkpt><trkpt lat="-39.3682373967" lon="-72.6136142202"><ele>117.25</ele><time>2024-08-13T02:34:31Z</time></trkpt><trkpt lat="-39.3682016060" lon="-72.6135858893"><ele>117.42</ele><time>2024-08-13T02:34:32Z</time></trkpt><trkpt lat="-39.3681666534" lon="-72.6135514397"><ele>117.47</ele><time>2024-08-13T02:34:33Z</time></trkpt><trkpt lat="-39.3680643942" lon="-72.6134064328"><ele>117.59</ele><time>2024-08-13T02:34:37Z</time></trkpt><trkpt lat="-39.3680693395" lon="-72.6133683790"><ele>117.57</ele><time>2024-08-13T02:34:38Z</time></trkpt><trkpt lat="-39.3680877797" lon="-72.6133279782"><ele>117.54</ele><time>2024-08-13T02:34:39Z</time></trkpt><trkpt lat="-39.3681152724" lon="-72.6132909302"><ele>117.46</ele><time>2024-08-13T02:34:40Z</time></trkpt><trkpt lat="-39.3681467045" lon="-72.6132559776"><ele>117.34</ele><time>2024-08-13T02:34:41Z</time></trkpt><trkpt lat="-39.3681812380" lon="-72.6132191811"><ele>117.21</ele><time>2024-08-13T02:34:42Z</time></trkpt><trkpt lat="-39.3685518019" lon="-72.6128065400"><ele>116.32</ele><time>2024-08-13T02:34:55Z</time></trkpt><trkpt lat="-39.3688252196" lon="-72.6124705933"><ele>115.98</ele><time>2024-08-13T02:35:05Z</time></trkpt><trkpt lat="-39.3688333500" lon="-72.6124300249"><ele>115.99</ele><time>2024-08-13T02:35:06Z</time></trkpt><trkpt lat="-39.3688322604" lon="-72.6123844273"><ele>115.98</ele><time>2024-08-13T02:35:07Z</time></trkpt><trkpt lat="-39.3688063603" lon="-72.6120493189"><ele>115.68</ele><time>2024-08-13T02:35:15Z</time></trkpt><trkpt lat="-39.3687894288" lon="-72.6120322198"><ele>115.71</ele><time>2024-08-13T02:35:16Z</time></trkpt><trkpt lat="-39.3687719945" lon="-72.6120251790"><ele>115.60</ele><time>2024-08-13T02:35:17Z</time></trkpt><trkpt lat="-39.3687590864" lon="-72.6120312978"><ele>115.54</ele><time>2024-08-13T02:35:18Z</time></trkpt><trkpt lat="-39.3685362954" lon="-72.6122928131"><ele>115.69</ele><time>2024-08-13T02:35:27Z</time></trkpt><trkpt lat="-39.3680462893" lon="-72.6128467731"><ele>116.42</ele><time>2024-08-13T02:35:42Z</time></trkpt><trkpt lat="-39.3677323870" lon="-72.6131416485"><ele>118.16</ele><time>2024-08-13T02:35:53Z</time></trkpt><trkpt lat="-39.3676991109" lon="-72.6131232921"><ele>118.51</ele><time>2024-08-13T02:35:54Z</time></trkpt><trkpt lat="-39.3675332330" lon="-72.6130005810"><ele>119.36</ele><time>2024-08-13T02:35:58Z</time></trkpt><trkpt lat="-39.3674879707" lon="-72.6129685622"><ele>119.72</ele><time>2024-08-13T02:35:59Z</time></trkpt><trkpt lat="-39.3671060912" lon="-72.6127285045"><ele>122.79</ele><time>2024-08-13T02:36:08Z</time></trkpt><trkpt lat="-39.3670560513" lon="-72.6127402391"><ele>122.84</ele><time>2024-08-13T02:36:10Z</time></trkpt><trkpt lat="-39.3670358509" lon="-72.6127603557"><ele>122.82</ele><time>2024-08-13T02:36:11Z</time></trkpt><trkpt lat="-39.3668243755" lon="-72.6130477712"><ele>122.19</ele><time>2024-08-13T02:36:22Z</time></trkpt><trkpt lat="-39.3668264709" lon="-72.6130711567"><ele>122.11</ele><time>2024-08-13T02:36:23Z</time></trkpt><trkpt lat="-39.3668343499" lon="-72.6130939554"><ele>122.06</ele><time>2024-08-13T02:36:24Z</time></trkpt><trkpt lat="-39.3668482639" lon="-72.6131138206"><ele>122.07</ele><time>2024-08-13T02:36:25Z</time></trkpt><trkpt lat="-39.3668729905" lon="-72.6131331827"><ele>121.91</ele><time>2024-08-13T02:36:26Z</time></trkpt><trkpt lat="-39.3669016566" lon="-72.6131521259"><ele>121.43</ele><time>2024-08-13T02:36:27Z</time></trkpt><trkpt lat="-39.3671441451" lon="-72.6132853143"><ele>118.41</ele><time>2024-08-13T02:36:34Z</time></trkpt><trkpt lat="-39.3672513496" lon="-72.6133511122"><ele>117.41</ele><time>2024-08-13T02:36:44Z</time></trkpt><trkpt lat="-39.3672898225" lon="-72.6133920159"><ele>117.21</ele><time>2024-08-13T02:36:56Z</time></trkpt><trkpt lat="-39.3673269544" lon="-72.6134204306"><ele>116.97</ele><time>2024-08-13T02:36:58Z</time></trkpt><trkpt lat="-39.3675958458" lon="-72.6137140486"><ele>115.67</ele><time>2024-08-13T02:37:11Z</time></trkpt><trkpt lat="-39.3675960973" lon="-72.6137464866"><ele>115.53</ele><time>2024-08-13T02:37:12Z</time></trkpt><trkpt lat="-39.3675870448" lon="-72.6137814391"><ele>115.57</ele><time>2024-08-13T02:37:13Z</time></trkpt><trkpt lat="-39.3675652519" lon="-72.6138152182"><ele>115.49</ele><time>2024-08-13T02:37:14Z</time></trkpt><trkpt lat="-39.3675314728" lon="-72.6138494164"><ele>115.76</ele><time>2024-08-13T02:37:15Z</time></trkpt><trkpt lat="-39.3674923293" lon="-72.6138826087"><ele>115.86</ele><time>2024-08-13T02:37:16Z</time></trkpt><trkpt lat="-39.3672972824" lon="-72.6139613986"><ele>115.78</ele><time>2024-08-13T02:37:22Z</time></trkpt><trkpt lat="-39.3672704604" lon="-72.6139343251"><ele>115.94</ele><time>2024-08-13T02:37:23Z</time></trkpt><trkpt lat="-39.3672445603" lon="-72.6139011327"><ele>116.06</ele><time>2024-08-13T02:37:24Z</time></trkpt><trkpt lat="-39.3672172353" lon="-72.6138712931"><ele>116.20</ele><time>2024-08-13T02:37:25Z</time></trkpt><trkpt lat="-39.3671864737" lon="-72.6138439681"><ele>116.42</ele><time>2024-08-13T02:37:26Z</time></trkpt><trkpt lat="-39.3671516050" lon="-72.6138183195"><ele>116.65</ele><time>2024-08-13T02:37:27Z</time></trkpt><trkpt lat="-39.3671139702" lon="-72.6137922518"><ele>116.88</ele><time>2024-08-13T02:37:28Z</time></trkpt><trkpt lat="-39.3670776766" lon="-72.6137628313"><ele>117.12</ele><time>2024-08-13T02:37:29Z</time></trkpt><trkpt lat="-39.3670403771" lon="-72.6137344167"><ele>117.44</ele><time>2024-08-13T02:37:30Z</time></trkpt><trkpt lat="-39.3670045864" lon="-72.6137125399"><ele>117.86</ele><time>2024-08-13T02:37:31Z</time></trkpt><trkpt lat="-39.3668024987" lon="-72.6135718077"><ele>121.03</ele><time>2024-08-13T02:37:37Z</time></trkpt><trkpt lat="-39.3666813802" lon="-72.6134853065"><ele>123.01</ele><time>2024-08-13T02:37:41Z</time></trkpt><trkpt lat="-39.3666714896" lon="-72.6134648547"><ele>123.22</ele><time>2024-08-13T02:37:42Z</time></trkpt><trkpt lat="-39.3666685559" lon="-72.6134397089"><ele>123.65</ele><time>2024-08-13T02:37:43Z</time></trkpt><trkpt lat="-39.3666757643" lon="-72.6134015713"><ele>123.62</ele><time>2024-08-13T02:37:44Z</time></trkpt><trkpt lat="-39.3666911032" lon="-72.6133518666"><ele>123.62</ele><time>2024-08-13T02:37:45Z</time></trkpt><trkpt lat="-39.3668582384" lon="-72.6129342802"><ele>121.98</ele><time>2024-08-13T02:37:52Z</time></trkpt><trkpt lat="-39.3668937776" lon="-72.6128893532"><ele>122.10</ele><time>2024-08-13T02:37:53Z</time></trkpt><trkpt lat="-39.3671149760" lon="-72.6127209608"><ele>122.33</ele><time>2024-08-13T02:38:00Z</time></trkpt><trkpt lat="-39.3671586458" lon="-72.6127383951"><ele>122.24</ele><time>2024-08-13T02:38:01Z</time></trkpt><trkpt lat="-39.3672691192" lon="-72.6128026843"><ele>121.93</ele><time>2024-08-13T02:38:03Z</time></trkpt><trkpt lat="-39.3677850254" lon="-72.6131794509"><ele>118.87</ele><time>2024-08-13T02:38:11Z</time></trkpt><trkpt lat="-39.3687137403" lon="-72.6142660808"><ele>117.27</ele><time>2024-08-13T02:38:25Z</time></trkpt><trkpt lat="-39.3688951246" lon="-72.6145694219"><ele>117.14</ele><time>2024-08-13T02:38:29Z</time></trkpt><trkpt lat="-39.3689157441" lon="-72.6146296877"><ele>117.05</ele><time>2024-08-13T02:38:30Z</time></trkpt><trkpt lat="-39.3689319212" lon="-72.6146736089"><ele>117.06</ele><time>2024-08-13T02:38:31Z</time></trkpt><trkpt lat="-39.3689453322" lon="-72.6146980841"><ele>117.07</ele><time>2024-08-13T02:38:32Z</time></trkpt><trkpt lat="-39.3689393811" lon="-72.6146994252"><ele>116.88</ele><time>2024-08-13T02:38:45Z</time></trkpt><trkpt lat="-39.3689423986" lon="-72.6146805659"><ele>116.99</ele><time>2024-08-13T02:39:20Z</time></trkpt><trkpt lat="-39.3689244613" lon="-72.6146916300"><ele>116.90</ele><time>2024-08-13T02:39:52Z</time></trkpt><trkpt lat="-39.3690214399" lon="-72.6148552448"><ele>116.85</ele><time>2024-08-13T02:40:02Z</time></trkpt><trkpt lat="-39.3691742420" lon="-72.6151243038"><ele>117.15</ele><time>2024-08-13T02:40:06Z</time></trkpt><trkpt lat="-39.3692065123" lon="-72.6152157504"><ele>117.26</ele><time>2024-08-13T02:40:07Z</time></trkpt><trkpt lat="-39.3692309037" lon="-72.6153124776"><ele>117.33</ele><time>2024-08-13T02:40:08Z</time></trkpt><trkpt lat="-39.3692513555" lon="-72.6154078636"><ele>117.37</ele><time>2024-08-13T02:40:09Z</time></trkpt><trkpt lat="-39.3692671973" lon="-72.6154965442"><ele>117.44</ele><time>2024-08-13T02:40:10Z</time></trkpt><trkpt lat="-39.3692524452" lon="-72.6159241889"><ele>117.44</ele><time>2024-08-13T02:40:17Z</time></trkpt><trkpt lat="-39.3692130502" lon="-72.6159605663"><ele>117.60</ele><time>2024-08-13T02:40:18Z</time></trkpt><trkpt lat="-39.3691656087" lon="-72.6159968600"><ele>117.59</ele><time>2024-08-13T02:40:19Z</time></trkpt><trkpt lat="-39.3688030075" lon="-72.6162681822"><ele>117.16</ele><time>2024-08-13T02:40:26Z</time></trkpt><trkpt lat="-39.3687549792" lon="-72.6162829343"><ele>116.95</ele><time>2024-08-13T02:40:27Z</time></trkpt><trkpt lat="-39.3687074538" lon="-72.6162825990"><ele>116.68</ele><time>2024-08-13T02:40:28Z</time></trkpt><trkpt lat="-39.3686601799" lon="-72.6162566151"><ele>116.71</ele><time>2024-08-13T02:40:29Z</time></trkpt><trkpt lat="-39.3686087988" lon="-72.6162130293"><ele>116.83</ele><time>2024-08-13T02:40:30Z</time></trkpt><trkpt lat="-39.3685508799" lon="-72.6161629893"><ele>116.86</ele><time>2024-08-13T02:40:31Z</time></trkpt><trkpt lat="-39.3683786318" lon="-72.6160321478"><ele>116.83</ele><time>2024-08-13T02:40:34Z</time></trkpt><trkpt lat="-39.3683172762" lon="-72.6160138752"><ele>116.91</ele><time>2024-08-13T02:40:35Z</time></trkpt><trkpt lat="-39.3682518136" lon="-72.6160170604"><ele>116.98</ele><time>2024-08-13T02:40:36Z</time></trkpt><trkpt lat="-39.3681862671" lon="-72.6160390209"><ele>116.91</ele><time>2024-08-13T02:40:37Z</time></trkpt><trkpt lat="-39.3681219779" lon="-72.6160790026"><ele>116.96</ele><time>2024-08-13T02:40:38Z</time></trkpt><trkpt lat="-39.3680606224" lon="-72.6161335688"><ele>116.81</ele><time>2024-08-13T02:40:39Z</time></trkpt><trkpt lat="-39.3680003565" lon="-72.6161921583"><ele>116.82</ele><time>2024-08-13T02:40:40Z</time></trkpt><trkpt lat="-39.3669748306" lon="-72.6170922909"><ele>116.36</ele><time>2024-08-13T02:40:56Z</time></trkpt><trkpt lat="-39.3659389112" lon="-72.6180060860"><ele>116.00</ele><time>2024-08-13T02:41:12Z</time></trkpt><trkpt lat="-39.3658431061" lon="-72.6180957723"><ele>115.63</ele><time>2024-08-13T02:41:18Z</time></trkpt><trkpt lat="-39.3658358138" lon="-72.6181237679"><ele>115.35</ele><time>2024-08-13T02:41:20Z</time></trkpt><trkpt lat="-39.3658307008" lon="-72.6181521825"><ele>115.44</ele><time>2024-08-13T02:41:21Z</time></trkpt><trkpt lat="-39.3658337183" lon="-72.6181843691"><ele>115.50</ele><time>2024-08-13T02:41:22Z</time></trkpt><trkpt lat="-39.3658493087" lon="-72.6182315592"><ele>115.63</ele><time>2024-08-13T02:41:23Z</time></trkpt><trkpt lat="-39.3658683356" lon="-72.6182670984"><ele>115.57</ele><time>2024-08-13T02:41:24Z</time></trkpt><trkpt lat="-39.3658951577" lon="-72.6183174737"><ele>115.59</ele><time>2024-08-13T02:41:25Z</time></trkpt><trkpt lat="-39.3660104927" lon="-72.6184569485"><ele>115.83</ele><time>2024-08-13T02:41:29Z</time></trkpt><trkpt lat="-39.3660449423" lon="-72.6184568647"><ele>115.93</ele><time>2024-08-13T02:41:30Z</time></trkpt><trkpt lat="-39.3660829961" lon="-72.6184360776"><ele>115.74</ele><time>2024-08-13T02:41:31Z</time></trkpt><trkpt lat="-39.3661232293" lon="-72.6184035558"><ele>115.55</ele><time>2024-08-13T02:41:32Z</time></trkpt><trkpt lat="-39.3661634624" lon="-72.6183660049"><ele>115.46</ele><time>2024-08-13T02:41:33Z</time></trkpt><trkpt lat="-39.3662050366" lon="-72.6183289569"><ele>115.45</ele><time>2024-08-13T02:41:34Z</time></trkpt><trkpt lat="-39.3666983955" lon="-72.6178672817"><ele>116.08</ele><time>2024-08-13T02:41:46Z</time></trkpt><trkpt lat="-39.3672881462" lon="-72.6173566561"><ele>116.20</ele><time>2024-08-13T02:42:00Z</time></trkpt><trkpt lat="-39.3673367612" lon="-72.6173857413"><ele>116.36</ele><time>2024-08-13T02:42:02Z</time></trkpt><trkpt lat="-39.3673605658" lon="-72.6174266450"><ele>116.43</ele><time>2024-08-13T02:42:03Z</time></trkpt><trkpt lat="-39.3674743082" lon="-72.6176157407"><ele>116.48</ele><time>2024-08-13T02:42:09Z</time></trkpt><trkpt lat="-39.3674933352" lon="-72.6176242065"><ele>116.45</ele><time>2024-08-13T02:42:10Z</time></trkpt><trkpt lat="-39.3675186485" lon="-72.6176193450"><ele>116.74</ele><time>2024-08-13T02:42:11Z</time></trkpt><trkpt lat="-39.3675484881" lon="-72.6176024135"><ele>116.68</ele><time>2024-08-13T02:42:12Z</time></trkpt><trkpt lat="-39.3675836083" lon="-72.6175764296"><ele>116.80</ele><time>2024-08-13T02:42:13Z</time></trkpt><trkpt lat="-39.3677610531" lon="-72.6174871624"><ele>116.86</ele><time>2024-08-13T02:42:18Z</time></trkpt><trkpt lat="-39.3677920662" lon="-72.6175076980"><ele>116.96</ele><time>2024-08-13T02:42:19Z</time></trkpt><trkpt lat="-39.3678124342" lon="-72.6175481826"><ele>116.99</ele><time>2024-08-13T02:42:20Z</time></trkpt><trkpt lat="-39.3678238336" lon="-72.6176072750"><ele>117.05</ele><time>2024-08-13T02:42:21Z</time></trkpt><trkpt lat="-39.3678339757" lon="-72.6176632661"><ele>117.01</ele><time>2024-08-13T02:42:22Z</time></trkpt><trkpt lat="-39.3679473829" lon="-72.6182796713"><ele>116.46</ele><time>2024-08-13T02:42:32Z</time></trkpt><trkpt lat="-39.3679784797" lon="-72.6182887238"><ele>116.42</ele><time>2024-08-13T02:42:33Z</time></trkpt><trkpt lat="-39.3680161983" lon="-72.6182800066"><ele>116.54</ele><time>2024-08-13T02:42:34Z</time></trkpt><trkpt lat="-39.3680543359" lon="-72.6182514243"><ele>116.55</ele><time>2024-08-13T02:42:35Z</time></trkpt><trkpt lat="-39.3680964131" lon="-72.6182142925"><ele>116.63</ele><time>2024-08-13T02:42:36Z</time></trkpt><trkpt lat="-39.3681416754" lon="-72.6181737240"><ele>116.63</ele><time>2024-08-13T02:42:37Z</time></trkpt><trkpt lat="-39.3682946451" lon="-72.6180686988"><ele>116.72</ele><time>2024-08-13T02:42:40Z</time></trkpt><trkpt lat="-39.3683559168" lon="-72.6180462353"><ele>116.74</ele><time>2024-08-13T02:42:41Z</time></trkpt><trkpt lat="-39.3686002493" lon="-72.6179493405"><ele>117.04</ele><time>2024-08-13T02:42:45Z</time></trkpt><trkpt lat="-39.3686499540" lon="-72.6179050840"><ele>117.13</ele><time>2024-08-13T02:42:46Z</time></trkpt><trkpt lat="-39.3686865829" lon="-72.6178536192"><ele>117.05</ele><time>2024-08-13T02:42:47Z</time></trkpt><trkpt lat="-39.3687121477" lon="-72.6178004779"><ele>116.89</ele><time>2024-08-13T02:42:48Z</time></trkpt><trkpt lat="-39.3687304202" lon="-72.6177500188"><ele>116.90</ele><time>2024-08-13T02:42:49Z</time></trkpt><trkpt lat="-39.3687445857" lon="-72.6177038345"><ele>116.80</ele><time>2024-08-13T02:42:50Z</time></trkpt><trkpt lat="-39.3687610980" lon="-72.6176552195"><ele>116.85</ele><time>2024-08-13T02:42:51Z</time></trkpt><trkpt lat="-39.3687830586" lon="-72.6176076103"><ele>117.00</ele><time>2024-08-13T02:42:52Z</time></trkpt><trkpt lat="-39.3688123114" lon="-72.6175635215"><ele>117.01</ele><time>2024-08-13T02:42:53Z</time></trkpt><trkpt lat="-39.3688508682" lon="-72.6175193489"><ele>117.06</ele><time>2024-08-13T02:42:54Z</time></trkpt><trkpt lat="-39.3688880838" lon="-72.6174767688"><ele>117.14</ele><time>2024-08-13T02:42:55Z</time></trkpt><trkpt lat="-39.3694023136" lon="-72.6170003414"><ele>118.01</ele><time>2024-08-13T02:43:06Z</time></trkpt><trkpt lat="-39.3694531079" lon="-72.6170105673"><ele>117.84</ele><time>2024-08-13T02:43:08Z</time></trkpt><trkpt lat="-39.3694774155" lon="-72.6170372218"><ele>117.77</ele><time>2024-08-13T02:43:09Z</time></trkpt><trkpt lat="-39.3694976158" lon="-72.6170793828"><ele>117.90</ele><time>2024-08-13T02:43:10Z</time></trkpt><trkpt lat="-39.3695147987" lon="-72.6171310991"><ele>117.96</ele><time>2024-08-13T02:43:11Z</time></trkpt><trkpt lat="-39.3695283774" lon="-72.6171891019"><ele>118.09</ele><time>2024-08-13T02:43:12Z</time></trkpt><trkpt lat="-39.3695420399" lon="-72.6172560733"><ele>118.05</ele><time>2024-08-13T02:43:13Z</time></trkpt><trkpt lat="-39.3696102686" lon="-72.6179259550"><ele>118.08</ele><time>2024-08-13T02:43:21Z</time></trkpt><trkpt lat="-39.3695862964" lon="-72.6179926749"><ele>118.06</ele><time>2024-08-13T02:43:22Z</time></trkpt><trkpt lat="-39.3695557024" lon="-72.6180493366"><ele>118.19</ele><time>2024-08-13T02:43:23Z</time></trkpt><trkpt lat="-39.3695169780" lon="-72.6181005500"><ele>118.35</ele><time>2024-08-13T02:43:24Z</time></trkpt><trkpt lat="-39.3694731407" lon="-72.6181478240"><ele>118.35</ele><time>2024-08-13T02:43:25Z</time></trkpt><trkpt lat="-39.3694291357" lon="-72.6181912422"><ele>118.34</ele><time>2024-08-13T02:43:26Z</time></trkpt><trkpt lat="-39.3692214321" lon="-72.6183805056"><ele>118.10</ele><time>2024-08-13T02:43:31Z</time></trkpt><trkpt lat="-39.3691832945" lon="-72.6183978561"><ele>118.03</ele><time>2024-08-13T02:43:32Z</time></trkpt><trkpt lat="-39.3691451568" lon="-72.6184057351"><ele>118.18</ele><time>2024-08-13T02:43:33Z</time></trkpt><trkpt lat="-39.3691074383" lon="-72.6184064895"><ele>118.10</ele><time>2024-08-13T02:43:34Z</time></trkpt><trkpt lat="-39.3690703064" lon="-72.6184058189"><ele>118.09</ele><time>2024-08-13T02:43:35Z</time></trkpt><trkpt lat="-39.3688645307" lon="-72.6183585450"><ele>118.05</ele><time>2024-08-13T02:43:40Z</time></trkpt><trkpt lat="-39.3688179273" lon="-72.6183563657"><ele>118.00</ele><time>2024-08-13T02:43:41Z</time></trkpt><trkpt lat="-39.3687715754" lon="-72.6183634903"><ele>118.01</ele><time>2024-08-13T02:43:42Z</time></trkpt><trkpt lat="-39.3687218707" lon="-72.6183856186"><ele>118.14</ele><time>2024-08-13T02:43:43Z</time></trkpt><trkpt lat="-39.3686749320" lon="-72.6184199844"><ele>118.08</ele><time>2024-08-13T02:43:44Z</time></trkpt><trkpt lat="-39.3686275743" lon="-72.6184607204"><ele>118.05</ele><time>2024-08-13T02:43:45Z</time></trkpt><trkpt lat="-39.3679354805" lon="-72.6191423368"><ele>117.90</ele><time>2024-08-13T02:43:58Z</time></trkpt><trkpt lat="-39.3671081029" lon="-72.6198591571"><ele>117.71</ele><time>2024-08-13T02:44:12Z</time></trkpt><trkpt lat="-39.3669135589" lon="-72.6200336684"><ele>117.51</ele><time>2024-08-13T02:44:20Z</time></trkpt><trkpt lat="-39.3664403167" lon="-72.6204897277"><ele>117.65</ele><time>2024-08-13T02:44:29Z</time></trkpt><trkpt lat="-39.3655660842" lon="-72.6213523932"><ele>116.67</ele><time>2024-08-13T02:44:43Z</time></trkpt><trkpt lat="-39.3651678599" lon="-72.6217132341"><ele>116.24</ele><time>2024-08-13T02:44:51Z</time></trkpt><trkpt lat="-39.3651424628" lon="-72.6217407268"><ele>116.27</ele><time>2024-08-13T02:44:52Z</time></trkpt><trkpt lat="-39.3651220109" lon="-72.6217615977"><ele>116.19</ele><time>2024-08-13T02:44:53Z</time></trkpt><trkpt lat="-39.3647286482" lon="-72.6221313234"><ele>116.13</ele><time>2024-08-13T02:45:03Z</time></trkpt><trkpt lat="-39.3643181864" lon="-72.6226388477"><ele>115.68</ele><time>2024-08-13T02:45:15Z</time></trkpt><trkpt lat="-39.3643177673" lon="-72.6227040589"><ele>115.78</ele><time>2024-08-13T02:45:16Z</time></trkpt><trkpt lat="-39.3643454276" lon="-72.6230742037"><ele>115.84</ele><time>2024-08-13T02:45:23Z</time></trkpt><trkpt lat="-39.3643701542" lon="-72.6230881177"><ele>115.89</ele><time>2024-08-13T02:45:24Z</time></trkpt><trkpt lat="-39.3643997423" lon="-72.6230782270"><ele>115.89</ele><time>2024-08-13T02:45:25Z</time></trkpt><trkpt lat="-39.3644371256" lon="-72.6230571046"><ele>115.87</ele><time>2024-08-13T02:45:26Z</time></trkpt><trkpt lat="-39.3644795381" lon="-72.6230202243"><ele>115.98</ele><time>2024-08-13T02:45:27Z</time></trkpt><trkpt lat="-39.3645252194" lon="-72.6229758002"><ele>116.05</ele><time>2024-08-13T02:45:28Z</time></trkpt><trkpt lat="-39.3650138006" lon="-72.6224619057"><ele>116.18</ele><time>2024-08-13T02:45:40Z</time></trkpt><trkpt lat="-39.3650398683" lon="-72.6224140450"><ele>116.26</ele><time>2024-08-13T02:45:41Z</time></trkpt><trkpt lat="-39.3650643434" lon="-72.6223622449"><ele>116.32</ele><time>2024-08-13T02:45:42Z</time></trkpt><trkpt lat="-39.3650901597" lon="-72.6223079301"><ele>116.28</ele><time>2024-08-13T02:45:43Z</time></trkpt><trkpt lat="-39.3651164789" lon="-72.6222553756"><ele>116.27</ele><time>2024-08-13T02:45:44Z</time></trkpt><trkpt lat="-39.3651474081" lon="-72.6222052518"><ele>116.50</ele><time>2024-08-13T02:45:45Z</time></trkpt><trkpt lat="-39.3651857134" lon="-72.6221619174"><ele>116.40</ele><time>2024-08-13T02:45:46Z</time></trkpt><trkpt lat="-39.3652256113" lon="-72.6221204270"><ele>116.47</ele><time>2024-08-13T02:45:47Z</time></trkpt><trkpt lat="-39.3657176290" lon="-72.6215681434"><ele>116.31</ele><time>2024-08-13T02:46:00Z</time></trkpt><trkpt lat="-39.3657992687" lon="-72.6214485336"><ele>116.55</ele><time>2024-08-13T02:46:03Z</time></trkpt><trkpt lat="-39.3661853392" lon="-72.6211668178"><ele>116.73</ele><time>2024-08-13T02:46:14Z</time></trkpt><trkpt lat="-39.3662137538" lon="-72.6212029438"><ele>116.77</ele><time>2024-08-13T02:46:15Z</time></trkpt><trkpt lat="-39.3662395701" lon="-72.6212434284"><ele>116.75</ele><time>2024-08-13T02:46:16Z</time></trkpt><trkpt lat="-39.3662663084" lon="-72.6212915406"><ele>116.71</ele><time>2024-08-13T02:46:17Z</time></trkpt><trkpt lat="-39.3662951421" lon="-72.6213427540"><ele>116.59</ele><time>2024-08-13T02:46:18Z</time></trkpt><trkpt lat="-39.3664608523" lon="-72.6215932891"><ele>116.31</ele><time>2024-08-13T02:46:24Z</time></trkpt><trkpt lat="-39.3664865848" lon="-72.6215999108"><ele>116.25</ele><time>2024-08-13T02:46:25Z</time></trkpt><trkpt lat="-39.3665102217" lon="-72.6215989888"><ele>116.26</ele><time>2024-08-13T02:46:26Z</time></trkpt><trkpt lat="-39.3665324338" lon="-72.6215828955"><ele>116.35</ele><time>2024-08-13T02:46:27Z</time></trkpt><trkpt lat="-39.3665589206" lon="-72.6215601806"><ele>116.45</ele><time>2024-08-13T02:46:28Z</time></trkpt><trkpt lat="-39.3670175783" lon="-72.6211076416"><ele>117.38</ele><time>2024-08-13T02:46:41Z</time></trkpt><trkpt lat="-39.3673305586" lon="-72.6208162867"><ele>117.54</ele><time>2024-08-13T02:46:53Z</time></trkpt><trkpt lat="-39.3673358392" lon="-72.6207968406"><ele>117.52</ele><time>2024-08-13T02:46:54Z</time></trkpt><trkpt lat="-39.3673389405" lon="-72.6207705215"><ele>117.67</ele><time>2024-08-13T02:46:55Z</time></trkpt><trkpt lat="-39.3673308939" lon="-72.6207351498"><ele>117.65</ele><time>2024-08-13T02:46:56Z</time></trkpt><trkpt lat="-39.3673130404" lon="-72.6206926536"><ele>117.63</ele><time>2024-08-13T02:46:57Z</time></trkpt><trkpt lat="-39.3672912475" lon="-72.6206545997"><ele>117.75</ele><time>2024-08-13T02:46:58Z</time></trkpt><trkpt lat="-39.3672646768" lon="-72.6206120197"><ele>117.72</ele><time>2024-08-13T02:46:59Z</time></trkpt><trkpt lat="-39.3672334123" lon="-72.6204958465"><ele>117.74</ele><time>2024-08-13T02:47:02Z</time></trkpt><trkpt lat="-39.3672516011" lon="-72.6204595529"><ele>117.70</ele><time>2024-08-13T02:47:03Z</time></trkpt><trkpt lat="-39.3673153035" lon="-72.6203925814"><ele>117.81</ele><time>2024-08-13T02:47:05Z</time></trkpt><trkpt lat="-39.3673531059" lon="-72.6203592215"><ele>117.80</ele><time>2024-08-13T02:47:06Z</time></trkpt><trkpt lat="-39.3675593846" lon="-72.6201712154"><ele>117.90</ele><time>2024-08-13T02:47:12Z</time></trkpt><trkpt lat="-39.3676558603" lon="-72.6202476583"><ele>117.89</ele><time>2024-08-13T02:47:16Z</time></trkpt><trkpt lat="-39.3677107617" lon="-72.6203479897"><ele>117.84</ele><time>2024-08-13T02:47:19Z</time></trkpt><trkpt lat="-39.3677956704" lon="-72.6203599758"><ele>118.00</ele><time>2024-08-13T02:47:22Z</time></trkpt><trkpt lat="-39.3678249232" lon="-72.6203351654"><ele>117.97</ele><time>2024-08-13T02:47:23Z</time></trkpt><trkpt lat="-39.3678550981" lon="-72.6203064993"><ele>118.01</ele><time>2024-08-13T02:47:24Z</time></trkpt><trkpt lat="-39.3684631214" lon="-72.6197409723"><ele>118.40</ele><time>2024-08-13T02:47:39Z</time></trkpt><trkpt lat="-39.3689636886" lon="-72.6193031017"><ele>118.55</ele><time>2024-08-13T02:47:51Z</time></trkpt><trkpt lat="-39.3689791113" lon="-72.6193102263"><ele>118.59</ele><time>2024-08-13T02:47:52Z</time></trkpt><trkpt lat="-39.3689937796" lon="-72.6193279121"><ele>118.63</ele><time>2024-08-13T02:47:53Z</time></trkpt><trkpt lat="-39.3690011557" lon="-72.6193471905"><ele>118.47</ele><time>2024-08-13T02:47:54Z</time></trkpt><trkpt lat="-39.3690049276" lon="-72.6193733420"><ele>118.58</ele><time>2024-08-13T02:47:55Z</time></trkpt><trkpt lat="-39.3690116331" lon="-72.6194068696"><ele>118.70</ele><time>2024-08-13T02:47:56Z</time></trkpt><trkpt lat="-39.3690807838" lon="-72.6198883262"><ele>118.36</ele><time>2024-08-13T02:48:09Z</time></trkpt><trkpt lat="-39.3688754272" lon="-72.6201446448"><ele>118.36</ele><time>2024-08-13T02:48:20Z</time></trkpt><trkpt lat="-39.3681814056" lon="-72.6207899675"><ele>118.11</ele><time>2024-08-13T02:48:37Z</time></trkpt><trkpt lat="-39.3676540162" lon="-72.6212624554"><ele>117.42</ele><time>2024-08-13T02:48:50Z</time></trkpt><trkpt lat="-39.3676482327" lon="-72.6212816499"><ele>117.40</ele><time>2024-08-13T02:48:51Z</time></trkpt><trkpt lat="-39.3676499929" lon="-72.6213129144"><ele>117.32</ele><time>2024-08-13T02:48:52Z</time></trkpt><trkpt lat="-39.3676566985" lon="-72.6213499624"><ele>117.42</ele><time>2024-08-13T02:48:53Z</time></trkpt><trkpt lat="-39.3676741328" lon="-72.6213949732"><ele>117.42</ele><time>2024-08-13T02:48:54Z</time></trkpt><trkpt lat="-39.3677015416" lon="-72.6214504614"><ele>117.59</ele><time>2024-08-13T02:48:55Z</time></trkpt><trkpt lat="-39.3677343987" lon="-72.6215125713"><ele>117.56</ele><time>2024-08-13T02:48:56Z</time></trkpt><trkpt lat="-39.3682172801" lon="-72.6223816909"><ele>117.39</ele><time>2024-08-13T02:49:08Z</time></trkpt><trkpt lat="-39.3683723453" lon="-72.6226088405"><ele>117.06</ele><time>2024-08-13T02:49:16Z</time></trkpt><trkpt lat="-39.3685052823" lon="-72.6225872990"><ele>117.34</ele><time>2024-08-13T02:49:20Z</time></trkpt><trkpt lat="-39.3685518857" lon="-72.6225499157"><ele>117.39</ele><time>2024-08-13T02:49:21Z</time></trkpt><trkpt lat="-39.3691889104" lon="-72.6219280623"><ele>117.96</ele><time>2024-08-13T02:49:30Z</time></trkpt><trkpt lat="-39.3700199760" lon="-72.6210836694"><ele>117.84</ele><time>2024-08-13T02:49:43Z</time></trkpt><trkpt lat="-39.3701616302" lon="-72.6209097449"><ele>118.08</ele><time>2024-08-13T02:49:49Z</time></trkpt><trkpt lat="-39.3701600377" lon="-72.6208538376"><ele>118.13</ele><time>2024-08-13T02:49:50Z</time></trkpt><trkpt lat="-39.3701508176" lon="-72.6207999419"><ele>118.23</ele><time>2024-08-13T02:49:51Z</time></trkpt><trkpt lat="-39.3701378256" lon="-72.6207516622"><ele>118.09</ele><time>2024-08-13T02:49:52Z</time></trkpt><trkpt lat="-39.3701217324" lon="-72.6207068190"><ele>117.94</ele><time>2024-08-13T02:49:53Z</time></trkpt><trkpt lat="-39.3701102491" lon="-72.6206665020"><ele>117.90</ele><time>2024-08-13T02:49:54Z</time></trkpt><trkpt lat="-39.3701058906" lon="-72.6206232514"><ele>117.82</ele><time>2024-08-13T02:49:55Z</time></trkpt><trkpt lat="-39.3701137695" lon="-72.6205704454"><ele>117.95</ele><time>2024-08-13T02:49:56Z</time></trkpt><trkpt lat="-39.3701354787" lon="-72.6205101795"><ele>118.00</ele><time>2024-08-13T02:49:57Z</time></trkpt><trkpt lat="-39.3701689225" lon="-72.6204401907"><ele>118.01</ele><time>2024-08-13T02:49:58Z</time></trkpt><trkpt lat="-39.3702158611" lon="-72.6203711238"><ele>117.84</ele><time>2024-08-13T02:49:59Z</time></trkpt><trkpt lat="-39.3702703435" lon="-72.6202971116"><ele>117.67</ele><time>2024-08-13T02:50:00Z</time></trkpt><trkpt lat="-39.3711209390" lon="-72.6192349568"><ele>116.45</ele><time>2024-08-13T02:50:12Z</time></trkpt><trkpt lat="-39.3719303794" lon="-72.6178126317"><ele>114.70</ele><time>2024-08-13T02:50:25Z</time></trkpt><trkpt lat="-39.3728300091" lon="-72.6160919107"><ele>114.93</ele><time>2024-08-13T02:50:40Z</time></trkpt><trkpt lat="-39.3731636927" lon="-72.6155314129"><ele>115.03</ele><time>2024-08-13T02:50:45Z</time></trkpt><trkpt lat="-39.3734388705" lon="-72.6145130955"><ele>113.52</ele><time>2024-08-13T02:50:54Z</time></trkpt><trkpt lat="-39.3738864642" lon="-72.6127287559"><ele>113.86</ele><time>2024-08-13T02:51:10Z</time></trkpt><trkpt lat="-39.3740546890" lon="-72.6111469232"><ele>115.11</ele><time>2024-08-13T02:51:23Z</time></trkpt><trkpt lat="-39.3740460556" lon="-72.6092433091"><ele>116.60</ele><time>2024-08-13T02:51:38Z</time></trkpt><trkpt lat="-39.3738738075" lon="-72.6072616596"><ele>117.35</ele><time>2024-08-13T02:51:53Z</time></trkpt><trkpt lat="-39.3736092746" lon="-72.6054900605"><ele>117.88</ele><time>2024-08-13T02:52:08Z</time></trkpt><trkpt lat="-39.3734498508" lon="-72.6045167539"><ele>118.65</ele><time>2024-08-13T02:52:17Z</time></trkpt><trkpt lat="-39.3734133057" lon="-72.6044147462"><ele>118.68</ele><time>2024-08-13T02:52:18Z</time></trkpt><trkpt lat="-39.3733727373" lon="-72.6043115649"><ele>118.81</ele><time>2024-08-13T02:52:19Z</time></trkpt><trkpt lat="-39.3733263016" lon="-72.6042145025"><ele>118.72</ele><time>2024-08-13T02:52:20Z</time></trkpt><trkpt lat="-39.3732731603" lon="-72.6041229721"><ele>118.74</ele><time>2024-08-13T02:52:21Z</time></trkpt><trkpt lat="-39.3724083155" lon="-72.6026387047"><ele>119.33</ele><time>2024-08-13T02:52:37Z</time></trkpt><trkpt lat="-39.3723301124" lon="-72.6023071166"><ele>119.21</ele><time>2024-08-13T02:52:40Z</time></trkpt><trkpt lat="-39.3723167852" lon="-72.6021848246"><ele>119.24</ele><time>2024-08-13T02:52:41Z</time></trkpt><trkpt lat="-39.3723134324" lon="-72.6020595990"><ele>119.17</ele><time>2024-08-13T02:52:42Z</time></trkpt><trkpt lat="-39.3723229039" lon="-72.6019333676"><ele>119.09</ele><time>2024-08-13T02:52:43Z</time></trkpt><trkpt lat="-39.3723395001" lon="-72.6018071361"><ele>119.06</ele><time>2024-08-13T02:52:44Z</time></trkpt><trkpt lat="-39.3723689206" lon="-72.6016785577"><ele>118.89</ele><time>2024-08-13T02:52:45Z</time></trkpt><trkpt lat="-39.3724054657" lon="-72.6015524101"><ele>118.92</ele><time>2024-08-13T02:52:46Z</time></trkpt><trkpt lat="-39.3724478781" lon="-72.6014298666"><ele>118.75</ele><time>2024-08-13T02:52:47Z</time></trkpt><trkpt lat="-39.3724943139" lon="-72.6013082452"><ele>118.78</ele><time>2024-08-13T02:52:48Z</time></trkpt><trkpt lat="-39.3733518664" lon="-72.5992248394"><ele>120.38</ele><time>2024-08-13T02:53:06Z</time></trkpt><trkpt lat="-39.3738443032" lon="-72.5976768695"><ele>121.39</ele><time>2024-08-13T02:53:20Z</time></trkpt><trkpt lat="-39.3741447106" lon="-72.5960670412"><ele>122.36</ele><time>2024-08-13T02:53:33Z</time></trkpt><trkpt lat="-39.3745676614" lon="-72.5936797913"><ele>123.18</ele><time>2024-08-13T02:53:52Z</time></trkpt><trkpt lat="-39.3748736847" lon="-72.5919433124"><ele>123.72</ele><time>2024-08-13T02:54:06Z</time></trkpt><trkpt lat="-39.3752144091" lon="-72.5900754891"><ele>124.11</ele><time>2024-08-13T02:54:22Z</time></trkpt><trkpt lat="-39.3753361981" lon="-72.5892424956"><ele>124.22</ele><time>2024-08-13T02:54:31Z</time></trkpt><trkpt lat="-39.3753250502" lon="-72.5892111473"><ele>123.94</ele><time>2024-08-13T02:54:32Z</time></trkpt><trkpt lat="-39.3753250502" lon="-72.5892466027"><ele>123.79</ele><time>2024-08-13T02:54:42Z</time></trkpt><trkpt lat="-39.3753170036" lon="-72.5892799627"><ele>123.90</ele><time>2024-08-13T02:54:43Z</time></trkpt><trkpt lat="-39.3753081188" lon="-72.5893173460"><ele>123.78</ele><time>2024-08-13T02:54:44Z</time></trkpt><trkpt lat="-39.3753009103" lon="-72.5893720798"><ele>124.09</ele><time>2024-08-13T02:54:45Z</time></trkpt><trkpt lat="-39.3752913550" lon="-72.5894382969"><ele>123.98</ele><time>2024-08-13T02:54:46Z</time></trkpt><trkpt lat="-39.3751431629" lon="-72.5904072449"><ele>123.78</ele><time>2024-08-13T02:54:56Z</time></trkpt><trkpt lat="-39.3748609442" lon="-72.5919545442"><ele>123.67</ele><time>2024-08-13T02:55:09Z</time></trkpt><trkpt lat="-39.3744985946" lon="-72.5939236209"><ele>123.11</ele><time>2024-08-13T02:55:25Z</time></trkpt><trkpt lat="-39.3741802499" lon="-72.5957687292"><ele>122.49</ele><time>2024-08-13T02:55:40Z</time></trkpt><trkpt lat="-39.3738209177" lon="-72.5977730937"><ele>121.84</ele><time>2024-08-13T02:55:57Z</time></trkpt><trkpt lat="-39.3732797820" lon="-72.5994654838"><ele>120.89</ele><time>2024-08-13T02:56:12Z</time></trkpt><trkpt lat="-39.3726325314" lon="-72.6010609791"><ele>119.58</ele><time>2024-08-13T02:56:27Z</time></trkpt><trkpt lat="-39.3723073136" lon="-72.6022615191"><ele>120.12</ele><time>2024-08-13T02:56:38Z</time></trkpt><trkpt lat="-39.3723135162" lon="-72.6023815479"><ele>120.12</ele><time>2024-08-13T02:56:39Z</time></trkpt><trkpt lat="-39.3723286875" lon="-72.6024999004"><ele>120.18</ele><time>2024-08-13T02:56:40Z</time></trkpt><trkpt lat="-39.3723513186" lon="-72.6026182529"><ele>120.30</ele><time>2024-08-13T02:56:41Z</time></trkpt><trkpt lat="-39.3723796494" lon="-72.6027359348"><ele>120.20</ele><time>2024-08-13T02:56:42Z</time></trkpt><trkpt lat="-39.3724177871" lon="-72.6028491743"><ele>120.28</ele><time>2024-08-13T02:56:43Z</time></trkpt><trkpt lat="-39.3724639714" lon="-72.6029614080"><ele>120.30</ele><time>2024-08-13T02:56:44Z</time></trkpt><trkpt lat="-39.3725135922" lon="-72.6030710433"><ele>120.30</ele><time>2024-08-13T02:56:45Z</time></trkpt><trkpt lat="-39.3733338453" lon="-72.6043424103"><ele>119.57</ele><time>2024-08-13T02:56:58Z</time></trkpt><trkpt lat="-39.3736046646" lon="-72.6053638291"><ele>119.13</ele><time>2024-08-13T02:57:07Z</time></trkpt><trkpt lat="-39.3739388511" lon="-72.6075489074"><ele>118.45</ele><time>2024-08-13T02:57:26Z</time></trkpt><trkpt lat="-39.3740641605" lon="-72.6091538742"><ele>117.79</ele><time>2024-08-13T02:57:39Z</time></trkpt><trkpt lat="-39.3740525097" lon="-72.6113028266"><ele>116.48</ele><time>2024-08-13T02:57:56Z</time></trkpt><trkpt lat="-39.3738386035" lon="-72.6129802130"><ele>114.47</ele><time>2024-08-13T02:58:09Z</time></trkpt><trkpt lat="-39.3733196799" lon="-72.6150132436"><ele>114.77</ele><time>2024-08-13T02:58:26Z</time></trkpt><trkpt lat="-39.3730121478" lon="-72.6158629172"><ele>115.46</ele><time>2024-08-13T02:58:34Z</time></trkpt><trkpt lat="-39.3722737860" lon="-72.6171176881"><ele>115.41</ele><time>2024-08-13T02:58:48Z</time></trkpt><trkpt lat="-39.3713844661" lon="-72.6188910473"><ele>116.31</ele><time>2024-08-13T02:59:06Z</time></trkpt><trkpt lat="-39.3704549130" lon="-72.6201194152"><ele>117.79</ele><time>2024-08-13T02:59:21Z</time></trkpt><trkpt lat="-39.3699351512" lon="-72.6209755428"><ele>118.82</ele><time>2024-08-13T02:59:33Z</time></trkpt><trkpt lat="-39.3698950019" lon="-72.6210588589"><ele>119.03</ele><time>2024-08-13T02:59:34Z</time></trkpt><trkpt lat="-39.3698482309" lon="-72.6211348828"><ele>119.19</ele><time>2024-08-13T02:59:35Z</time></trkpt><trkpt lat="-39.3697932456" lon="-72.6211997587"><ele>119.04</ele><time>2024-08-13T02:59:36Z</time></trkpt><trkpt lat="-39.3697347399" lon="-72.6212609466"><ele>119.66</ele><time>2024-08-13T02:59:37Z</time></trkpt><trkpt lat="-39.3696754798" lon="-72.6213197038"><ele>119.29</ele><time>2024-08-13T02:59:38Z</time></trkpt><trkpt lat="-39.3684982415" lon="-72.6224348322"><ele>118.86</ele><time>2024-08-13T02:59:57Z</time></trkpt><trkpt lat="-39.3675219174" lon="-72.6233796403"><ele>118.20</ele><time>2024-08-13T03:00:14Z</time></trkpt><trkpt lat="-39.3664968107" lon="-72.6243604906"><ele>117.97</ele><time>2024-08-13T03:00:30Z</time></trkpt><trkpt lat="-39.3657480553" lon="-72.6251213998"><ele>117.64</ele><time>2024-08-13T03:00:43Z</time></trkpt><trkpt lat="-39.3657204788" lon="-72.6251820009"><ele>117.52</ele><time>2024-08-13T03:00:44Z</time></trkpt><trkpt lat="-39.3657131027" lon="-72.6252439432"><ele>117.52</ele><time>2024-08-13T03:00:45Z</time></trkpt><trkpt lat="-39.3657193054" lon="-72.6253112499"><ele>117.46</ele><time>2024-08-13T03:00:46Z</time></trkpt><trkpt lat="-39.3657467142" lon="-72.6253821608"><ele>117.34</ele><time>2024-08-13T03:00:47Z</time></trkpt><trkpt lat="-39.3657825049" lon="-72.6254501380"><ele>117.20</ele><time>2024-08-13T03:00:48Z</time></trkpt><trkpt lat="-39.3658259232" lon="-72.6255188696"><ele>117.20</ele><time>2024-08-13T03:00:49Z</time></trkpt><trkpt lat="-39.3658684194" lon="-72.6255942229"><ele>117.14</ele><time>2024-08-13T03:00:50Z</time></trkpt><trkpt lat="-39.3662880175" lon="-72.6262505259"><ele>116.78</ele><time>2024-08-13T03:00:59Z</time></trkpt><trkpt lat="-39.3663314357" lon="-72.6262874063"><ele>116.72</ele><time>2024-08-13T03:01:00Z</time></trkpt><trkpt lat="-39.3663791288" lon="-72.6263061818"><ele>116.64</ele><time>2024-08-13T03:01:01Z</time></trkpt><trkpt lat="-39.3664264865" lon="-72.6263107918"><ele>116.72</ele><time>2024-08-13T03:01:02Z</time></trkpt><trkpt lat="-39.3664753530" lon="-72.6262973808"><ele>116.54</ele><time>2024-08-13T03:01:03Z</time></trkpt><trkpt lat="-39.3665212858" lon="-72.6262696367"><ele>116.33</ele><time>2024-08-13T03:01:04Z</time></trkpt><trkpt lat="-39.3665699009" lon="-72.6262267213"><ele>116.61</ele><time>2024-08-13T03:01:05Z</time></trkpt><trkpt lat="-39.3666196056" lon="-72.6261831354"><ele>116.64</ele><time>2024-08-13T03:01:06Z</time></trkpt><trkpt lat="-39.3674109410" lon="-72.6254094020"><ele>117.63</ele><time>2024-08-13T03:01:21Z</time></trkpt><trkpt lat="-39.3681049626" lon="-72.6247256063"><ele>118.24</ele><time>2024-08-13T03:01:35Z</time></trkpt><trkpt lat="-39.3683856726" lon="-72.6244365145"><ele>118.65</ele><time>2024-08-13T03:01:44Z</time></trkpt><trkpt lat="-39.3689604197" lon="-72.6238771062"><ele>119.02</ele><time>2024-08-13T03:01:57Z</time></trkpt><trkpt lat="-39.3691381998" lon="-72.6237166766"><ele>119.26</ele><time>2024-08-13T03:02:08Z</time></trkpt><trkpt lat="-39.3696294632" lon="-72.6232460327"><ele>119.53</ele><time>2024-08-13T03:02:19Z</time></trkpt><trkpt lat="-39.3701207265" lon="-72.6227853633"><ele>119.84</ele><time>2024-08-13T03:02:32Z</time></trkpt><trkpt lat="-39.3707879260" lon="-72.6221506856"><ele>120.53</ele><time>2024-08-13T03:02:46Z</time></trkpt><trkpt lat="-39.3709384650" lon="-72.6222403720"><ele>120.52</ele><time>2024-08-13T03:02:52Z</time></trkpt><trkpt lat="-39.3709700648" lon="-72.6222948544"><ele>120.50</ele><time>2024-08-13T03:02:53Z</time></trkpt><trkpt lat="-39.3713810295" lon="-72.6230593678"><ele>118.14</ele><time>2024-08-13T03:03:06Z</time></trkpt><trkpt lat="-39.3713392876" lon="-72.6234233100"><ele>118.12</ele><time>2024-08-13T03:03:14Z</time></trkpt><trkpt lat="-39.3707816396" lon="-72.6239486039"><ele>119.13</ele><time>2024-08-13T03:03:26Z</time></trkpt><trkpt lat="-39.3702749535" lon="-72.6243889052"><ele>119.37</ele><time>2024-08-13T03:03:37Z</time></trkpt><trkpt lat="-39.3697033916" lon="-72.6249165460"><ele>118.95</ele><time>2024-08-13T03:03:50Z</time></trkpt><trkpt lat="-39.3691660278" lon="-72.6254201308"><ele>119.32</ele><time>2024-08-13T03:04:01Z</time></trkpt><trkpt lat="-39.3687678874" lon="-72.6257885154"><ele>119.36</ele><time>2024-08-13T03:04:11Z</time></trkpt><trkpt lat="-39.3681988399" lon="-72.6263418887"><ele>118.65</ele><time>2024-08-13T03:04:22Z</time></trkpt><trkpt lat="-39.3673196621" lon="-72.6271870360"><ele>117.13</ele><time>2024-08-13T03:04:37Z</time></trkpt><trkpt lat="-39.3670875672" lon="-72.6274187956"><ele>116.61</ele><time>2024-08-13T03:04:44Z</time></trkpt><trkpt lat="-39.3670698814" lon="-72.6275951508"><ele>116.64</ele><time>2024-08-13T03:04:48Z</time></trkpt><trkpt lat="-39.3670910876" lon="-72.6276541594"><ele>116.76</ele><time>2024-08-13T03:04:49Z</time></trkpt><trkpt lat="-39.3671272974" lon="-72.6277165208"><ele>116.76</ele><time>2024-08-13T03:04:50Z</time></trkpt><trkpt lat="-39.3676333129" lon="-72.6285052579"><ele>116.70</ele><time>2024-08-13T03:05:02Z</time></trkpt><trkpt lat="-39.3676804192" lon="-72.6285225246"><ele>116.67</ele><time>2024-08-13T03:05:03Z</time></trkpt><trkpt lat="-39.3677349854" lon="-72.6285199262"><ele>116.83</ele><time>2024-08-13T03:05:04Z</time></trkpt><trkpt lat="-39.3677927367" lon="-72.6285019889"><ele>116.85</ele><time>2024-08-13T03:05:05Z</time></trkpt><trkpt lat="-39.3678478058" lon="-72.6284702215"><ele>116.87</ele><time>2024-08-13T03:05:06Z</time></trkpt><trkpt lat="-39.3679036293" lon="-72.6284253784"><ele>117.07</ele><time>2024-08-13T03:05:07Z</time></trkpt><trkpt lat="-39.3679592852" lon="-72.6283724047"><ele>117.07</ele><time>2024-08-13T03:05:08Z</time></trkpt><trkpt lat="-39.3690077774" lon="-72.6273304503"><ele>118.24</ele><time>2024-08-13T03:05:26Z</time></trkpt><trkpt lat="-39.3694225978" lon="-72.6269291248"><ele>118.43</ele><time>2024-08-13T03:05:36Z</time></trkpt><trkpt lat="-39.3697624840" lon="-72.6265790965"><ele>118.77</ele><time>2024-08-13T03:05:45Z</time></trkpt><trkpt lat="-39.3703301065" lon="-72.6260734163"><ele>118.11</ele><time>2024-08-13T03:05:57Z</time></trkpt><trkpt lat="-39.3704280071" lon="-72.6261209417"><ele>118.37</ele><time>2024-08-13T03:06:00Z</time></trkpt><trkpt lat="-39.3704589363" lon="-72.6261710655"><ele>118.03</ele><time>2024-08-13T03:06:01Z</time></trkpt><trkpt lat="-39.3704909552" lon="-72.6262273081"><ele>118.24</ele><time>2024-08-13T03:06:02Z</time></trkpt><trkpt lat="-39.3709480204" lon="-72.6270640735"><ele>116.48</ele><time>2024-08-13T03:06:15Z</time></trkpt><trkpt lat="-39.3713696301" lon="-72.6278171036"><ele>113.46</ele><time>2024-08-13T03:06:24Z</time></trkpt><trkpt lat="-39.3716326542" lon="-72.6283120550"><ele>111.06</ele><time>2024-08-13T03:06:32Z</time></trkpt><trkpt lat="-39.3716169801" lon="-72.6283583231"><ele>112.74</ele><time>2024-08-13T03:06:33Z</time></trkpt><trkpt lat="-39.3715896551" lon="-72.6284022443"><ele>113.03</ele><time>2024-08-13T03:06:34Z</time></trkpt><trkpt lat="-39.3715540320" lon="-72.6284470037"><ele>112.82</ele><time>2024-08-13T03:06:35Z</time></trkpt><trkpt lat="-39.3715093564" lon="-72.6284946967"><ele>112.76</ele><time>2024-08-13T03:06:36Z</time></trkpt><trkpt lat="-39.3710383773" lon="-72.6289196592"><ele>115.79</ele><time>2024-08-13T03:06:44Z</time></trkpt><trkpt lat="-39.3707984872" lon="-72.6291221660"><ele>117.31</ele><time>2024-08-13T03:06:53Z</time></trkpt><trkpt lat="-39.3707411550" lon="-72.6291827671"><ele>117.42</ele><time>2024-08-13T03:06:55Z</time></trkpt><trkpt lat="-39.3706804700" lon="-72.6292654965"><ele>117.20</ele><time>2024-08-13T03:06:57Z</time></trkpt><trkpt lat="-39.3706202041" lon="-72.6293579489"><ele>117.22</ele><time>2024-08-13T03:06:59Z</time></trkpt><trkpt lat="-39.3705160171" lon="-72.6294543408"><ele>116.85</ele><time>2024-08-13T03:07:08Z</time></trkpt><trkpt lat="-39.3704594392" lon="-72.6294686738"><ele>117.02</ele><time>2024-08-13T03:07:38Z</time></trkpt><trkpt lat="-39.3704394903" lon="-72.6294839289"><ele>116.76</ele><time>2024-08-13T03:07:39Z</time></trkpt><trkpt lat="-39.3704117462" lon="-72.6295042131"><ele>116.25</ele><time>2024-08-13T03:07:40Z</time></trkpt><trkpt lat="-39.3699462991" lon="-72.6299210452"><ele>117.57</ele><time>2024-08-13T03:07:50Z</time></trkpt><trkpt lat="-39.3692219350" lon="-72.6305903401"><ele>116.62</ele><time>2024-08-13T03:08:03Z</time></trkpt><trkpt lat="-39.3691019062" lon="-72.6307108719"><ele>116.10</ele><time>2024-08-13T03:08:10Z</time></trkpt><trkpt lat="-39.3690995593" lon="-72.6307357661"><ele>115.96</ele><time>2024-08-13T03:08:37Z</time></trkpt><trkpt lat="-39.3690487649" lon="-72.6307347603"><ele>115.97</ele><time>2024-08-13T03:08:57Z</time></trkpt><trkpt lat="-39.3690223619" lon="-72.6307682879"><ele>116.04</ele><time>2024-08-13T03:09:03Z</time></trkpt><trkpt lat="-39.3690075260" lon="-72.6307881530"><ele>115.99</ele><time>2024-08-13T03:09:04Z</time></trkpt><trkpt lat="-39.3689884990" lon="-72.6308173221"><ele>116.02</ele><time>2024-08-13T03:09:05Z</time></trkpt><trkpt lat="-39.3688657880" lon="-72.6309671905"><ele>116.02</ele><time>2024-08-13T03:09:09Z</time></trkpt><trkpt lat="-39.3683482893" lon="-72.6314617228"><ele>115.82</ele><time>2024-08-13T03:09:20Z</time></trkpt><trkpt lat="-39.3683170248" lon="-72.6314879581"><ele>115.79</ele><time>2024-08-13T03:09:27Z</time></trkpt><trkpt lat="-39.3683430925" lon="-72.6314148679"><ele>115.97</ele><time>2024-08-13T03:09:36Z</time></trkpt><trkpt lat="-39.3684360478" lon="-72.6313661691"><ele>115.95</ele><time>2024-08-13T03:09:40Z</time></trkpt><trkpt lat="-39.3689297419" lon="-72.6308789290"><ele>116.05</ele><time>2024-08-13T03:09:52Z</time></trkpt><trkpt lat="-39.3689730763" lon="-72.6308214292"><ele>116.25</ele><time>2024-08-13T03:09:54Z</time></trkpt><trkpt lat="-39.3689111341" lon="-72.6305381209"><ele>116.75</ele><time>2024-08-13T03:09:59Z</time></trkpt><trkpt lat="-39.3684564997" lon="-72.6297634654"><ele>116.71</ele><time>2024-08-13T03:10:09Z</time></trkpt><trkpt lat="-39.3684190325" lon="-72.6297317818"><ele>116.76</ele><time>2024-08-13T03:10:10Z</time></trkpt><trkpt lat="-39.3683789670" lon="-72.6297166105"><ele>116.81</ele><time>2024-08-13T03:10:11Z</time></trkpt><trkpt lat="-39.3683330342" lon="-72.6297207177"><ele>116.82</ele><time>2024-08-13T03:10:12Z</time></trkpt><trkpt lat="-39.3682858441" lon="-72.6297391579"><ele>116.76</ele><time>2024-08-13T03:10:13Z</time></trkpt><trkpt lat="-39.3682363909" lon="-72.6297737751"><ele>116.83</ele><time>2024-08-13T03:10:14Z</time></trkpt><trkpt lat="-39.3681838363" lon="-72.6298178639"><ele>116.87</ele><time>2024-08-13T03:10:15Z</time></trkpt><trkpt lat="-39.3675533496" lon="-72.6304284856"><ele>116.68</ele><time>2024-08-13T03:10:27Z</time></trkpt><trkpt lat="-39.3673906568" lon="-72.6305570640"><ele>116.00</ele><time>2024-08-13T03:10:36Z</time></trkpt><trkpt lat="-39.3673804309" lon="-72.6306522824"><ele>116.24</ele><time>2024-08-13T03:10:47Z</time></trkpt><trkpt lat="-39.3674119469" lon="-72.6307291444"><ele>115.97</ele><time>2024-08-13T03:10:49Z</time></trkpt><trkpt lat="-39.3677852768" lon="-72.6313659176"><ele>116.32</ele><time>2024-08-13T03:10:58Z</time></trkpt><trkpt lat="-39.3679784797" lon="-72.6317011937"><ele>116.10</ele><time>2024-08-13T03:11:03Z</time></trkpt><trkpt lat="-39.3679907173" lon="-72.6317462884"><ele>116.10</ele><time>2024-08-13T03:11:04Z</time></trkpt><trkpt lat="-39.3679767195" lon="-72.6317817438"><ele>116.01</ele><time>2024-08-13T03:11:05Z</time></trkpt><trkpt lat="-39.3679519091" lon="-72.6318146847"><ele>116.18</ele><time>2024-08-13T03:11:06Z</time></trkpt><trkpt lat="-39.3679199740" lon="-72.6318456978"><ele>116.29</ele><time>2024-08-13T03:11:07Z</time></trkpt><trkpt lat="-39.3678784836" lon="-72.6318847574"><ele>116.28</ele><time>2024-08-13T03:11:08Z</time></trkpt><trkpt lat="-39.3673510104" lon="-72.6323681418"><ele>115.95</ele><time>2024-08-13T03:11:17Z</time></trkpt><trkpt lat="-39.3673078436" lon="-72.6323761884"><ele>115.95</ele><time>2024-08-13T03:11:18Z</time></trkpt><trkpt lat="-39.3672699574" lon="-72.6323643699"><ele>115.89</ele><time>2024-08-13T03:11:19Z</time></trkpt><trkpt lat="-39.3672376871" lon="-72.6323432475"><ele>115.91</ele><time>2024-08-13T03:11:20Z</time></trkpt><trkpt lat="-39.3672056682" lon="-72.6323154196"><ele>116.07</ele><time>2024-08-13T03:11:21Z</time></trkpt><trkpt lat="-39.3671701290" lon="-72.6322834007"><ele>116.07</ele><time>2024-08-13T03:11:22Z</time></trkpt><trkpt lat="-39.3666934501" lon="-72.6316951588"><ele>116.27</ele><time>2024-08-13T03:11:35Z</time></trkpt><trkpt lat="-39.3665649556" lon="-72.6314297877"><ele>116.22</ele><time>2024-08-13T03:11:41Z</time></trkpt><trkpt lat="-39.3665788695" lon="-72.6313865371"><ele>116.15</ele><time>2024-08-13T03:11:42Z</time></trkpt><trkpt lat="-39.3666079547" lon="-72.6313411910"><ele>116.12</ele><time>2024-08-13T03:11:43Z</time></trkpt><trkpt lat="-39.3666496966" lon="-72.6312944200"><ele>116.08</ele><time>2024-08-13T03:11:44Z</time></trkpt><trkpt lat="-39.3666995689" lon="-72.6312436257"><ele>116.22</ele><time>2024-08-13T03:11:45Z</time></trkpt><trkpt lat="-39.3672984559" lon="-72.6306739915"><ele>116.45</ele><time>2024-08-13T03:11:56Z</time></trkpt><trkpt lat="-39.3673739769" lon="-72.6306737401"><ele>116.48</ele><time>2024-08-13T03:11:59Z</time></trkpt><trkpt lat="-39.3674027268" lon="-72.6307001431"><ele>116.53</ele><time>2024-08-13T03:12:00Z</time></trkpt><trkpt lat="-39.3674380984" lon="-72.6307497639"><ele>116.57</ele><time>2024-08-13T03:12:01Z</time></trkpt><trkpt lat="-39.3674800918" lon="-72.6308195852"><ele>116.78</ele><time>2024-08-13T03:12:02Z</time></trkpt><trkpt lat="-39.3675285392" lon="-72.6309002191"><ele>116.83</ele><time>2024-08-13T03:12:03Z</time></trkpt><trkpt lat="-39.3682995066" lon="-72.6322100591"><ele>116.86</ele><time>2024-08-13T03:12:17Z</time></trkpt><trkpt lat="-39.3686143309" lon="-72.6327565592"><ele>116.63</ele><time>2024-08-13T03:12:26Z</time></trkpt><trkpt lat="-39.3686428294" lon="-72.6327723172"><ele>116.83</ele><time>2024-08-13T03:12:32Z</time></trkpt><trkpt lat="-39.3686653767" lon="-72.6327734906"><ele>116.83</ele><time>2024-08-13T03:12:33Z</time></trkpt><trkpt lat="-39.3686925340" lon="-72.6327723172"><ele>117.05</ele><time>2024-08-13T03:12:34Z</time></trkpt><trkpt lat="-39.3687310908" lon="-72.6327625103"><ele>116.98</ele><time>2024-08-13T03:12:35Z</time></trkpt><trkpt lat="-39.3687755149" lon="-72.6327428129"><ele>117.08</ele><time>2024-08-13T03:12:36Z</time></trkpt><trkpt lat="-39.3688254710" lon="-72.6327056810"><ele>117.10</ele><time>2024-08-13T03:12:37Z</time></trkpt><trkpt lat="-39.3688774388" lon="-72.6326600835"><ele>117.16</ele><time>2024-08-13T03:12:38Z</time></trkpt><trkpt lat="-39.3694872223" lon="-72.6320663095"><ele>117.05</ele><time>2024-08-13T03:12:50Z</time></trkpt><trkpt lat="-39.3695206661" lon="-72.6319943927"><ele>117.01</ele><time>2024-08-13T03:12:59Z</time></trkpt><trkpt lat="-39.3695469014" lon="-72.6319446880"><ele>117.19</ele><time>2024-08-13T03:13:19Z</time></trkpt><trkpt lat="-39.3696023058" lon="-72.6318858471"><ele>117.35</ele><time>2024-08-13T03:13:21Z</time></trkpt><trkpt lat="-39.3701671623" lon="-72.6313847769"><ele>117.95</ele><time>2024-08-13T03:13:32Z</time></trkpt><trkpt lat="-39.3711713143" lon="-72.6304780226"><ele>117.48</ele><time>2024-08-13T03:13:49Z</time></trkpt><trkpt lat="-39.3718476500" lon="-72.6297960710"><ele>114.27</ele><time>2024-08-13T03:14:00Z</time></trkpt><trkpt lat="-39.3723378237" lon="-72.6294024568"><ele>111.99</ele><time>2024-08-13T03:14:10Z</time></trkpt><trkpt lat="-39.3723710999" lon="-72.6294308715"><ele>112.14</ele><time>2024-08-13T03:14:11Z</time></trkpt><trkpt lat="-39.3724076450" lon="-72.6294777263"><ele>112.08</ele><time>2024-08-13T03:14:12Z</time></trkpt><trkpt lat="-39.3728036061" lon="-72.6301801298"><ele>111.71</ele><time>2024-08-13T03:14:21Z</time></trkpt><trkpt lat="-39.3729267363" lon="-72.6304497756"><ele>111.25</ele><time>2024-08-13T03:14:25Z</time></trkpt><trkpt lat="-39.3729187734" lon="-72.6305067725"><ele>111.26</ele><time>2024-08-13T03:14:26Z</time></trkpt><trkpt lat="-39.3728906941" lon="-72.6305673737"><ele>111.35</ele><time>2024-08-13T03:14:27Z</time></trkpt><trkpt lat="-39.3728497066" lon="-72.6306238677"><ele>111.31</ele><time>2024-08-13T03:14:28Z</time></trkpt><trkpt lat="-39.3727974873" lon="-72.6306802779"><ele>111.54</ele><time>2024-08-13T03:14:29Z</time></trkpt><trkpt lat="-39.3727446813" lon="-72.6307361852"><ele>111.64</ele><time>2024-08-13T03:14:30Z</time></trkpt><trkpt lat="-39.3723392487" lon="-72.6311375946"><ele>112.72</ele><time>2024-08-13T03:14:37Z</time></trkpt><trkpt lat="-39.3722891249" lon="-72.6311915740"><ele>113.06</ele><time>2024-08-13T03:14:38Z</time></trkpt><trkpt lat="-39.3720297888" lon="-72.6314186398"><ele>114.50</ele><time>2024-08-13T03:14:45Z</time></trkpt><trkpt lat="-39.3713745754" lon="-72.6320673153"><ele>116.86</ele><time>2024-08-13T03:14:57Z</time></trkpt><trkpt lat="-39.3710394669" lon="-72.6323762722"><ele>117.72</ele><time>2024-08-13T03:15:06Z</time></trkpt><trkpt lat="-39.3704291806" lon="-72.6329608262"><ele>117.14</ele><time>2024-08-13T03:15:17Z</time></trkpt><trkpt lat="-39.3700334709" lon="-72.6333174761"><ele>117.28</ele><time>2024-08-13T03:15:26Z</time></trkpt><trkpt lat="-39.3694377691" lon="-72.6338848472"><ele>116.11</ele><time>2024-08-13T03:15:37Z</time></trkpt><trkpt lat="-39.3693665229" lon="-72.6340679079"><ele>116.24</ele><time>2024-08-13T03:15:43Z</time></trkpt><trkpt lat="-39.3693866394" lon="-72.6341162715"><ele>116.42</ele><time>2024-08-13T03:15:44Z</time></trkpt><trkpt lat="-39.3694180716" lon="-72.6341738552"><ele>116.40</ele><time>2024-08-13T03:15:45Z</time></trkpt><trkpt lat="-39.3699029647" lon="-72.6349972934"><ele>116.67</ele><time>2024-08-13T03:15:56Z</time></trkpt><trkpt lat="-39.3699401803" lon="-72.6350365207"><ele>116.67</ele><time>2024-08-13T03:15:57Z</time></trkpt><trkpt lat="-39.3699839339" lon="-72.6350565534"><ele>116.65</ele><time>2024-08-13T03:15:58Z</time></trkpt><trkpt lat="-39.3700302858" lon="-72.6350546256"><ele>116.55</ele><time>2024-08-13T03:15:59Z</time></trkpt><trkpt lat="-39.3700763863" lon="-72.6350332517"><ele>116.48</ele><time>2024-08-13T03:16:00Z</time></trkpt><trkpt lat="-39.3701210618" lon="-72.6350009814"><ele>116.56</ele><time>2024-08-13T03:16:01Z</time></trkpt><trkpt lat="-39.3701682519" lon="-72.6349587366"><ele>116.69</ele><time>2024-08-13T03:16:02Z</time></trkpt><trkpt lat="-39.3702177890" lon="-72.6349130552"><ele>116.85</ele><time>2024-08-13T03:16:03Z</time></trkpt><trkpt lat="-39.3707178533" lon="-72.6343984064"><ele>117.37</ele><time>2024-08-13T03:16:13Z</time></trkpt><trkpt lat="-39.3707802147" lon="-72.6343225501"><ele>117.95</ele><time>2024-08-13T03:16:20Z</time></trkpt><trkpt lat="-39.3707204517" lon="-72.6342880167"><ele>117.39</ele><time>2024-08-13T03:16:50Z</time></trkpt><trkpt lat="-39.3707656302" lon="-72.6343074627"><ele>117.57</ele><time>2024-08-13T03:17:28Z</time></trkpt><trkpt lat="-39.3707864173" lon="-72.6343226340"><ele>117.71</ele><time>2024-08-13T03:18:09Z</time></trkpt><trkpt lat="-39.3707936257" lon="-72.6343233883"><ele>117.97</ele><time>2024-08-13T03:18:41Z</time></trkpt><trkpt lat="-39.3707791250" lon="-72.6343321055"><ele>118.06</ele><time>2024-08-13T03:19:09Z</time></trkpt><trkpt lat="-39.3707949668" lon="-72.6342519745"><ele>118.49</ele><time>2024-08-13T03:19:40Z</time></trkpt><trkpt lat="-39.3712542951" lon="-72.6338342205"><ele>118.49</ele><time>2024-08-13T03:19:52Z</time></trkpt><trkpt lat="-39.3718212470" lon="-72.6332545280"><ele>115.43</ele><time>2024-08-13T03:20:03Z</time></trkpt><trkpt lat="-39.3722748756" lon="-72.6327991392"><ele>115.32</ele><time>2024-08-13T03:20:12Z</time></trkpt><trkpt lat="-39.3727243133" lon="-72.6323801279"><ele>114.68</ele><time>2024-08-13T03:20:21Z</time></trkpt><trkpt lat="-39.3731639441" lon="-72.6319443528"><ele>114.33</ele><time>2024-08-13T03:20:29Z</time></trkpt><trkpt lat="-39.3736602366" lon="-72.6315107569"><ele>113.59</ele><time>2024-08-13T03:20:38Z</time></trkpt><trkpt lat="-39.3738915771" lon="-72.6312887203"><ele>113.44</ele><time>2024-08-13T03:20:42Z</time></trkpt><trkpt lat="-39.3745224830" lon="-72.6307288930"><ele>113.04</ele><time>2024-08-13T03:20:54Z</time></trkpt><trkpt lat="-39.3752038479" lon="-72.6300690696"><ele>111.85</ele><time>2024-08-13T03:21:05Z</time></trkpt><trkpt lat="-39.3753092922" lon="-72.6299776230"><ele>111.39</ele><time>2024-08-13T03:21:07Z</time></trkpt><trkpt lat="-39.3753632717" lon="-72.6299570035"><ele>111.37</ele><time>2024-08-13T03:21:08Z</time></trkpt><trkpt lat="-39.3754163291" lon="-72.6299559139"><ele>111.42</ele><time>2024-08-13T03:21:09Z</time></trkpt><trkpt lat="-39.3754619267" lon="-72.6299969852"><ele>111.52</ele><time>2024-08-13T03:21:10Z</time></trkpt><trkpt lat="-39.3754995614" lon="-72.6300480310"><ele>111.51</ele><time>2024-08-13T03:21:11Z</time></trkpt><trkpt lat="-39.3755326699" lon="-72.6301105600"><ele>111.48</ele><time>2024-08-13T03:21:12Z</time></trkpt><trkpt lat="-39.3755686283" lon="-72.6301793754"><ele>111.69</ele><time>2024-08-13T03:21:13Z</time></trkpt><trkpt lat="-39.3759921659" lon="-72.6309418771"><ele>111.70</ele><time>2024-08-13T03:21:23Z</time></trkpt><trkpt lat="-39.3760032300" lon="-72.6309979521"><ele>111.75</ele><time>2024-08-13T03:21:24Z</time></trkpt><trkpt lat="-39.3759962730" lon="-72.6310538594"><ele>111.63</ele><time>2024-08-13T03:21:25Z</time></trkpt><trkpt lat="-39.3759719655" lon="-72.6311027259"><ele>111.75</ele><time>2024-08-13T03:21:26Z</time></trkpt><trkpt lat="-39.3759325705" lon="-72.6311493292"><ele>111.91</ele><time>2024-08-13T03:21:27Z</time></trkpt><trkpt lat="-39.3758868054" lon="-72.6311977766"><ele>111.94</ele><time>2024-08-13T03:21:28Z</time></trkpt><trkpt lat="-39.3752968032" lon="-72.6317839231"><ele>112.30</ele><time>2024-08-13T03:21:38Z</time></trkpt><trkpt lat="-39.3749455176" lon="-72.6321233064"><ele>112.76</ele><time>2024-08-13T03:21:46Z</time></trkpt><trkpt lat="-39.3743161205" lon="-72.6327285636"><ele>113.57</ele><time>2024-08-13T03:21:57Z</time></trkpt><trkpt lat="-39.3738560379" lon="-72.6331655961"><ele>114.24</ele><time>2024-08-13T03:22:06Z</time></trkpt><trkpt lat="-39.3733620085" lon="-72.6336235832"><ele>114.52</ele><time>2024-08-13T03:22:16Z</time></trkpt><trkpt lat="-39.3733278103" lon="-72.6336544286"><ele>114.64</ele><time>2024-08-13T03:22:17Z</time></trkpt><trkpt lat="-39.3728724215" lon="-72.6341034472"><ele>114.70</ele><time>2024-08-13T03:22:25Z</time></trkpt><trkpt lat="-39.3719410244" lon="-72.6350136381"><ele>115.88</ele><time>2024-08-13T03:22:38Z</time></trkpt><trkpt lat="-39.3716488313" lon="-72.6352921687"><ele>116.94</ele><time>2024-08-13T03:22:45Z</time></trkpt><trkpt lat="-39.3715879787" lon="-72.6353526022"><ele>117.39</ele><time>2024-08-13T03:22:47Z</time></trkpt><trkpt lat="-39.3715509307" lon="-72.6353904046"><ele>117.50</ele><time>2024-08-13T03:22:48Z</time></trkpt><trkpt lat="-39.3715077639" lon="-72.6354324818"><ele>117.51</ele><time>2024-08-13T03:22:49Z</time></trkpt><trkpt lat="-39.3708697334" lon="-72.6360255852"><ele>118.20</ele><time>2024-08-13T03:22:59Z</time></trkpt><trkpt lat="-39.3706834875" lon="-72.6362284273"><ele>118.29</ele><time>2024-08-13T03:23:05Z</time></trkpt><trkpt lat="-39.3706753571" lon="-72.6362830773"><ele>118.31</ele><time>2024-08-13T03:23:06Z</time></trkpt><trkpt lat="-39.3706895225" lon="-72.6363487914"><ele>118.41</ele><time>2024-08-13T03:23:07Z</time></trkpt><trkpt lat="-39.3707145844" lon="-72.6364197023"><ele>118.53</ele><time>2024-08-13T03:23:08Z</time></trkpt><trkpt lat="-39.3707485311" lon="-72.6364880987"><ele>118.52</ele><time>2024-08-13T03:23:09Z</time></trkpt><trkpt lat="-39.3707920332" lon="-72.6365657151"><ele>118.42</ele><time>2024-08-13T03:23:10Z</time></trkpt><trkpt lat="-39.3708424922" lon="-72.6366488636"><ele>118.35</ele><time>2024-08-13T03:23:11Z</time></trkpt><trkpt lat="-39.3712537922" lon="-72.6373207569"><ele>117.65</ele><time>2024-08-13T03:23:19Z</time></trkpt><trkpt lat="-39.3713038322" lon="-72.6373692043"><ele>117.46</ele><time>2024-08-13T03:23:20Z</time></trkpt><trkpt lat="-39.3713640142" lon="-72.6373875607"><ele>117.48</ele><time>2024-08-13T03:23:21Z</time></trkpt><trkpt lat="-39.3714222685" lon="-72.6373777539"><ele>117.37</ele><time>2024-08-13T03:23:22Z</time></trkpt><trkpt lat="-39.3714858871" lon="-72.6373485010"><ele>117.40</ele><time>2024-08-13T03:23:23Z</time></trkpt><trkpt lat="-39.3715527747" lon="-72.6373054180"><ele>117.22</ele><time>2024-08-13T03:23:24Z</time></trkpt><trkpt lat="-39.3716194108" lon="-72.6372524444"><ele>116.98</ele><time>2024-08-13T03:23:25Z</time></trkpt><trkpt lat="-39.3716870528" lon="-72.6371929329"><ele>116.81</ele><time>2024-08-13T03:23:26Z</time></trkpt><trkpt lat="-39.3726772908" lon="-72.6362002641"><ele>114.65</ele><time>2024-08-13T03:23:39Z</time></trkpt><trkpt lat="-39.3737420440" lon="-72.6351793483"><ele>114.68</ele><time>2024-08-13T03:23:52Z</time></trkpt><trkpt lat="-39.3747467827" lon="-72.6342084724"><ele>114.02</ele><time>2024-08-13T03:24:06Z</time></trkpt><trkpt lat="-39.3758924212" lon="-72.6330813579"><ele>112.63</ele><time>2024-08-13T03:24:21Z</time></trkpt><trkpt lat="-39.3769849185" lon="-72.6319238171"><ele>115.11</ele><time>2024-08-13T03:24:35Z</time></trkpt><trkpt lat="-39.3779158127" lon="-72.6310339943"><ele>115.37</ele><time>2024-08-13T03:24:48Z</time></trkpt><trkpt lat="-39.3781695329" lon="-72.6308005583"><ele>115.10</ele><time>2024-08-13T03:24:54Z</time></trkpt><trkpt lat="-39.3782322295" lon="-72.6307780948"><ele>115.19</ele><time>2024-08-13T03:24:55Z</time></trkpt><trkpt lat="-39.3791558314" lon="-72.6304128114"><ele>114.20</ele><time>2024-08-13T03:25:06Z</time></trkpt><trkpt lat="-39.3802095205" lon="-72.6299653854"><ele>114.29</ele><time>2024-08-13T03:25:20Z</time></trkpt><trkpt lat="-39.3802919984" lon="-72.6299334504"><ele>114.21</ele><time>2024-08-13T03:25:22Z</time></trkpt><trkpt lat="-39.3803355005" lon="-72.6299140882"><ele>114.47</ele><time>2024-08-13T03:25:23Z</time></trkpt><trkpt lat="-39.3810122553" lon="-72.6296319533"><ele>114.98</ele><time>2024-08-13T03:25:33Z</time></trkpt><trkpt lat="-39.3820181675" lon="-72.6292016264"><ele>115.32</ele><time>2024-08-13T03:25:48Z</time></trkpt><trkpt lat="-39.3826808408" lon="-72.6289028116"><ele>115.29</ele><time>2024-08-13T03:25:59Z</time></trkpt><trkpt lat="-39.3835673947" lon="-72.6285236981"><ele>116.10</ele><time>2024-08-13T03:26:11Z</time></trkpt><trkpt lat="-39.3836971465" lon="-72.6284773462"><ele>116.12</ele><time>2024-08-13T03:26:18Z</time></trkpt><trkpt lat="-39.3836939614" lon="-72.6284335088"><ele>116.17</ele><time>2024-08-13T03:26:41Z</time></trkpt><trkpt lat="-39.3837016728" lon="-72.6284095366"><ele>116.19</ele><time>2024-08-13T03:26:42Z</time></trkpt><trkpt lat="-39.3837042712" lon="-72.6283754222"><ele>116.35</ele><time>2024-08-13T03:26:43Z</time></trkpt><trkpt lat="-39.3836937100" lon="-72.6283331774"><ele>116.24</ele><time>2024-08-13T03:26:44Z</time></trkpt><trkpt lat="-39.3836764432" lon="-72.6282956265"><ele>116.30</ele><time>2024-08-13T03:26:45Z</time></trkpt><trkpt lat="-39.3836438376" lon="-72.6282583270"><ele>116.26</ele><time>2024-08-13T03:26:46Z</time></trkpt><trkpt lat="-39.3836022634" lon="-72.6282180939"><ele>116.28</ele><time>2024-08-13T03:26:47Z</time></trkpt><trkpt lat="-39.3832104933" lon="-72.6277344581"><ele>116.19</ele><time>2024-08-13T03:26:58Z</time></trkpt><trkpt lat="-39.3828891311" lon="-72.6276701689"><ele>116.07</ele><time>2024-08-13T03:27:07Z</time></trkpt><trkpt lat="-39.3824274559" lon="-72.6278716698"><ele>115.61</ele><time>2024-08-13T03:27:17Z</time></trkpt><trkpt lat="-39.3822639249" lon="-72.6279426645"><ele>115.13</ele><time>2024-08-13T03:27:25Z</time></trkpt><trkpt lat="-39.3822203390" lon="-72.6279148366"><ele>115.18</ele><time>2024-08-13T03:27:30Z</time></trkpt><trkpt lat="-39.3822039943" lon="-72.6278896071"><ele>115.35</ele><time>2024-08-13T03:27:31Z</time></trkpt><trkpt lat="-39.3821845483" lon="-72.6278570015"><ele>115.40</ele><time>2024-08-13T03:27:32Z</time></trkpt><trkpt lat="-39.3821652699" lon="-72.6278050337"><ele>115.33</ele><time>2024-08-13T03:27:33Z</time></trkpt><trkpt lat="-39.3821463268" lon="-72.6277418341"><ele>115.41</ele><time>2024-08-13T03:27:34Z</time></trkpt><trkpt lat="-39.3821257912" lon="-72.6276656426"><ele>115.53</ele><time>2024-08-13T03:27:35Z</time></trkpt><trkpt lat="-39.3820268009" lon="-72.6271692663"><ele>115.67</ele><time>2024-08-13T03:27:41Z</time></trkpt><trkpt lat="-39.3820085283" lon="-72.6271253452"><ele>115.60</ele><time>2024-08-13T03:27:42Z</time></trkpt><trkpt lat="-39.3819807004" lon="-72.6270980202"><ele>115.72</ele><time>2024-08-13T03:27:43Z</time></trkpt><trkpt lat="-39.3819451611" lon="-72.6270855311"><ele>115.66</ele><time>2024-08-13T03:27:44Z</time></trkpt><trkpt lat="-39.3819019943" lon="-72.6270930748"><ele>115.73</ele><time>2024-08-13T03:27:45Z</time></trkpt><trkpt lat="-39.3818486016" lon="-72.6271117665"><ele>115.81</ele><time>2024-08-13T03:27:46Z</time></trkpt><trkpt lat="-39.3817957956" lon="-72.6271325536"><ele>115.83</ele><time>2024-08-13T03:27:47Z</time></trkpt><trkpt lat="-39.3817518745" lon="-72.6271563582"><ele>115.80</ele><time>2024-08-13T03:27:48Z</time></trkpt><trkpt lat="-39.3817202747" lon="-72.6271771453"><ele>115.78</ele><time>2024-08-13T03:27:49Z</time></trkpt><trkpt lat="-39.3817028403" lon="-72.6272006147"><ele>115.82</ele><time>2024-08-13T03:27:50Z</time></trkpt><trkpt lat="-39.3816961348" lon="-72.6272358187"><ele>115.90</ele><time>2024-08-13T03:27:51Z</time></trkpt><trkpt lat="-39.3817014154" lon="-72.6272811648"><ele>115.97</ele><time>2024-08-13T03:27:52Z</time></trkpt><trkpt lat="-39.3817105517" lon="-72.6273346413"><ele>115.97</ele><time>2024-08-13T03:27:53Z</time></trkpt><trkpt lat="-39.3818866555" lon="-72.6280055288"><ele>115.79</ele><time>2024-08-13T03:28:02Z</time></trkpt><trkpt lat="-39.3818952050" lon="-72.6280731708"><ele>115.52</ele><time>2024-08-13T03:28:04Z</time></trkpt><trkpt lat="-39.3818807881" lon="-72.6281004120"><ele>115.57</ele><time>2024-08-13T03:28:05Z</time></trkpt><trkpt lat="-39.3818483502" lon="-72.6281258930"><ele>115.65</ele><time>2024-08-13T03:28:06Z</time></trkpt><trkpt lat="-39.3818040099" lon="-72.6281479374"><ele>115.63</ele><time>2024-08-13T03:28:07Z</time></trkpt><trkpt lat="-39.3817553110" lon="-72.6281710714"><ele>115.61</ele><time>2024-08-13T03:28:08Z</time></trkpt><trkpt lat="-39.3813591823" lon="-72.6283549704"><ele>115.53</ele><time>2024-08-13T03:28:18Z</time></trkpt><trkpt lat="-39.3813518900" lon="-72.6283770148"><ele>115.49</ele><time>2024-08-13T03:28:19Z</time></trkpt><trkpt lat="-39.3813561648" lon="-72.6284087822"><ele>115.48</ele><time>2024-08-13T03:28:20Z</time></trkpt><trkpt lat="-39.3813649658" lon="-72.6284482609"><ele>115.51</ele><time>2024-08-13T03:28:21Z</time></trkpt><trkpt lat="-39.3813747726" lon="-72.6284894999"><ele>115.50</ele><time>2024-08-13T03:28:22Z</time></trkpt><trkpt lat="-39.3814669736" lon="-72.6287887339"><ele>115.56</ele><time>2024-08-13T03:28:35Z</time></trkpt><trkpt lat="-39.3815757707" lon="-72.6291724574"><ele>115.44</ele><time>2024-08-13T03:28:47Z</time></trkpt><trkpt lat="-39.3815891817" lon="-72.6292416919"><ele>115.28</ele><time>2024-08-13T03:28:50Z</time></trkpt><trkpt lat="-39.3815848231" lon="-72.6292765606"><ele>115.23</ele><time>2024-08-13T03:28:51Z</time></trkpt><trkpt lat="-39.3815689813" lon="-72.6293089148"><ele>115.30</ele><time>2024-08-13T03:28:52Z</time></trkpt><trkpt lat="-39.3815449253" lon="-72.6293365750"><ele>115.30</ele><time>2024-08-13T03:28:53Z</time></trkpt><trkpt lat="-39.3815162592" lon="-72.6293583680"><ele>115.26</ele><time>2024-08-13T03:28:54Z</time></trkpt><trkpt lat="-39.3814948015" lon="-72.6293756347"><ele>115.28</ele><time>2024-08-13T03:28:55Z</time></trkpt><trkpt lat="-39.3813770358" lon="-72.6294229086"><ele>115.31</ele><time>2024-08-13T03:29:03Z</time></trkpt><trkpt lat="-39.3808105029" lon="-72.6296719350"><ele>115.22</ele><time>2024-08-13T03:29:16Z</time></trkpt><trkpt lat="-39.3805124424" lon="-72.6297621243"><ele>114.85</ele><time>2024-08-13T03:29:24Z</time></trkpt><trkpt lat="-39.3804897275" lon="-72.6297303569"><ele>114.91</ele><time>2024-08-13T03:29:25Z</time></trkpt><trkpt lat="-39.3804711197" lon="-72.6296850946"><ele>114.95</ele><time>2024-08-13T03:29:26Z</time></trkpt><trkpt lat="-39.3804546911" lon="-72.6296260022"><ele>115.08</ele><time>2024-08-13T03:29:27Z</time></trkpt><trkpt lat="-39.3804416992" lon="-72.6295643952"><ele>115.16</ele><time>2024-08-13T03:29:28Z</time></trkpt><trkpt lat="-39.3804266118" lon="-72.6295052189"><ele>115.14</ele><time>2024-08-13T03:29:29Z</time></trkpt><trkpt lat="-39.3804102670" lon="-72.6294524968"><ele>115.16</ele><time>2024-08-13T03:29:30Z</time></trkpt><trkpt lat="-39.3803924136" lon="-72.6294027921"><ele>115.16</ele><time>2024-08-13T03:29:31Z</time></trkpt><trkpt lat="-39.3803566229" lon="-72.6292901393"><ele>115.25</ele><time>2024-08-13T03:29:33Z</time></trkpt><trkpt lat="-39.3801034056" lon="-72.6282557286"><ele>115.32</ele><time>2024-08-13T03:29:45Z</time></trkpt><trkpt lat="-39.3800444808" lon="-72.6279079635"><ele>114.84</ele><time>2024-08-13T03:29:51Z</time></trkpt><trkpt lat="-39.3800662737" lon="-72.6278741844"><ele>114.92</ele><time>2024-08-13T03:29:52Z</time></trkpt><trkpt lat="-39.3800977059" lon="-72.6278509665"><ele>115.01</ele><time>2024-08-13T03:29:53Z</time></trkpt><trkpt lat="-39.3801368494" lon="-72.6278323587"><ele>115.13</ele><time>2024-08-13T03:29:54Z</time></trkpt><trkpt lat="-39.3801793456" lon="-72.6278128289"><ele>115.14</ele><time>2024-08-13T03:29:55Z</time></trkpt><trkpt lat="-39.3804267794" lon="-72.6276958175"><ele>115.08</ele><time>2024-08-13T03:30:04Z</time></trkpt><trkpt lat="-39.3805406056" lon="-72.6276347134"><ele>115.26</ele><time>2024-08-13T03:30:07Z</time></trkpt><trkpt lat="-39.3805882987" lon="-72.6276138425"><ele>115.29</ele><time>2024-08-13T03:30:08Z</time></trkpt><trkpt lat="-39.3810027838" lon="-72.6274505630"><ele>115.02</ele><time>2024-08-13T03:30:18Z</time></trkpt><trkpt lat="-39.3810748681" lon="-72.6273891237"><ele>114.97</ele><time>2024-08-13T03:30:21Z</time></trkpt><trkpt lat="-39.3810811546" lon="-72.6273638941"><ele>114.77</ele><time>2024-08-13T03:30:22Z</time></trkpt><trkpt lat="-39.3810818251" lon="-72.6273432747"><ele>114.82</ele><time>2024-08-13T03:30:23Z</time></trkpt><trkpt lat="-39.3810772151" lon="-72.6273229066"><ele>114.88</ele><time>2024-08-13T03:30:24Z</time></trkpt><trkpt lat="-39.3810679950" lon="-72.6272957493"><ele>114.96</ele><time>2024-08-13T03:30:25Z</time></trkpt><trkpt lat="-39.3810556736" lon="-72.6272652391"><ele>115.06</ele><time>2024-08-13T03:30:26Z</time></trkpt><trkpt lat="-39.3809404224" lon="-72.6268275362"><ele>115.06</ele><time>2024-08-13T03:30:37Z</time></trkpt><trkpt lat="-39.3809764646" lon="-72.6268937532"><ele>114.82</ele><time>2024-08-13T03:30:45Z</time></trkpt><trkpt lat="-39.3810085673" lon="-72.6269555278"><ele>114.64</ele><time>2024-08-13T03:31:01Z</time></trkpt><trkpt lat="-39.3810213078" lon="-72.6269487385"><ele>114.69</ele><time>2024-08-13T03:31:02Z</time></trkpt><trkpt lat="-39.3810408376" lon="-72.6269406918"><ele>114.76</ele><time>2024-08-13T03:31:03Z</time></trkpt><trkpt lat="-39.3810633849" lon="-72.6269306336"><ele>114.74</ele><time>2024-08-13T03:31:04Z</time></trkpt><trkpt lat="-39.3810942303" lon="-72.6269136183"><ele>114.86</ele><time>2024-08-13T03:31:05Z</time></trkpt><trkpt lat="-39.3815929536" lon="-72.6266857982"><ele>115.11</ele><time>2024-08-13T03:31:16Z</time></trkpt><trkpt lat="-39.3816455081" lon="-72.6266964432"><ele>115.10</ele><time>2024-08-13T03:31:18Z</time></trkpt><trkpt lat="-39.3816704024" lon="-72.6267303061"><ele>115.07</ele><time>2024-08-13T03:31:19Z</time></trkpt><trkpt lat="-39.3816901837" lon="-72.6267862972"><ele>115.07</ele><time>2024-08-13T03:31:20Z</time></trkpt><trkpt lat="-39.3817082047" lon="-72.6268542744"><ele>115.16</ele><time>2024-08-13T03:31:21Z</time></trkpt><trkpt lat="-39.3817248009" lon="-72.6269261912"><ele>115.14</ele><time>2024-08-13T03:31:22Z</time></trkpt><trkpt lat="-39.3817385472" lon="-72.6269927435"><ele>115.12</ele><time>2024-08-13T03:31:23Z</time></trkpt><trkpt lat="-39.3817510363" lon="-72.6271207351"><ele>114.83</ele><time>2024-08-13T03:31:26Z</time></trkpt><trkpt lat="-39.3817336019" lon="-72.6271495689"><ele>114.87</ele><time>2024-08-13T03:31:27Z</time></trkpt><trkpt lat="-39.3817111384" lon="-72.6271721162"><ele>114.99</ele><time>2024-08-13T03:31:28Z</time></trkpt><trkpt lat="-39.3816900160" lon="-72.6271877065"><ele>114.97</ele><time>2024-08-13T03:31:29Z</time></trkpt><trkpt lat="-39.3816639483" lon="-72.6272072364"><ele>114.97</ele><time>2024-08-13T03:31:30Z</time></trkpt><trkpt lat="-39.3811897002" lon="-72.6274142694"><ele>114.64</ele><time>2024-08-13T03:31:38Z</time></trkpt><trkpt lat="-39.3810196314" lon="-72.6275156904"><ele>114.53</ele><time>2024-08-13T03:31:41Z</time></trkpt><trkpt lat="-39.3804670963" lon="-72.6277356315"><ele>114.65</ele><time>2024-08-13T03:31:50Z</time></trkpt><trkpt lat="-39.3804401066" lon="-72.6277513895"><ele>114.55</ele><time>2024-08-13T03:31:51Z</time></trkpt><trkpt lat="-39.3804350775" lon="-72.6278796326"><ele>114.29</ele><time>2024-08-13T03:31:58Z</time></trkpt><trkpt lat="-39.3806119356" lon="-72.6285722293"><ele>114.74</ele><time>2024-08-13T03:32:09Z</time></trkpt><trkpt lat="-39.3808715232" lon="-72.6295181271"><ele>114.02</ele><time>2024-08-13T03:32:21Z</time></trkpt><trkpt lat="-39.3809136841" lon="-72.6296154410"><ele>113.63</ele><time>2024-08-13T03:32:24Z</time></trkpt><trkpt lat="-39.3809353095" lon="-72.6296270918"><ele>113.73</ele><time>2024-08-13T03:32:25Z</time></trkpt><trkpt lat="-39.3809686694" lon="-72.6296275109"><ele>113.76</ele><time>2024-08-13T03:32:26Z</time></trkpt><trkpt lat="-39.3810686655" lon="-72.6296561770"><ele>113.94</ele><time>2024-08-13T03:32:29Z</time></trkpt><trkpt lat="-39.3810961582" lon="-72.6297138445"><ele>114.15</ele><time>2024-08-13T03:32:30Z</time></trkpt><trkpt lat="-39.3811203819" lon="-72.6297876891"><ele>114.26</ele><time>2024-08-13T03:32:31Z</time></trkpt><trkpt lat="-39.3811425939" lon="-72.6298708376"><ele>114.19</ele><time>2024-08-13T03:32:32Z</time></trkpt><trkpt lat="-39.3811653927" lon="-72.6299570035"><ele>114.12</ele><time>2024-08-13T03:32:33Z</time></trkpt><trkpt lat="-39.3813476991" lon="-72.6307296474"><ele>113.52</ele><time>2024-08-13T03:32:43Z</time></trkpt><trkpt lat="-39.3814971484" lon="-72.6312975213"><ele>113.74</ele><time>2024-08-13T03:32:51Z</time></trkpt><trkpt lat="-39.3816075381" lon="-72.6319360547"><ele>112.96</ele><time>2024-08-13T03:32:59Z</time></trkpt><trkpt lat="-39.3815964740" lon="-72.6319780480"><ele>112.96</ele><time>2024-08-13T03:33:00Z</time></trkpt><trkpt lat="-39.3815765250" lon="-72.6320243999"><ele>113.08</ele><time>2024-08-13T03:33:01Z</time></trkpt><trkpt lat="-39.3815449253" lon="-72.6320772059"><ele>113.04</ele><time>2024-08-13T03:33:02Z</time></trkpt><trkpt lat="-39.3815093022" lon="-72.6321345381"><ele>113.06</ele><time>2024-08-13T03:33:03Z</time></trkpt><trkpt lat="-39.3813681509" lon="-72.6323176827"><ele>112.68</ele><time>2024-08-13T03:33:07Z</time></trkpt><trkpt lat="-39.3813296780" lon="-72.6323191077"><ele>112.65</ele><time>2024-08-13T03:33:08Z</time></trkpt><trkpt lat="-39.3812967371" lon="-72.6322944649"><ele>112.70</ele><time>2024-08-13T03:33:09Z</time></trkpt><trkpt lat="-39.3812709209" lon="-72.6322389767"><ele>112.90</ele><time>2024-08-13T03:33:10Z</time></trkpt><trkpt lat="-39.3812523130" lon="-72.6321650483"><ele>112.92</ele><time>2024-08-13T03:33:11Z</time></trkpt><trkpt lat="-39.3812337052" lon="-72.6320753619"><ele>113.01</ele><time>2024-08-13T03:33:12Z</time></trkpt><trkpt lat="-39.3809313700" lon="-72.6308555435"><ele>113.62</ele><time>2024-08-13T03:33:24Z</time></trkpt><trkpt lat="-39.3806982692" lon="-72.6298785489"><ele>113.48</ele><time>2024-08-13T03:33:34Z</time></trkpt><trkpt lat="-39.3805912323" lon="-72.6297608670"><ele>113.36</ele><time>2024-08-13T03:33:39Z</time></trkpt><trkpt lat="-39.3805452157" lon="-72.6297661476"><ele>113.47</ele><time>2024-08-13T03:33:40Z</time></trkpt><trkpt lat="-39.3804891407" lon="-72.6297867671"><ele>113.36</ele><time>2024-08-13T03:33:41Z</time></trkpt><trkpt lat="-39.3798778486" lon="-72.6300726738"><ele>113.18</ele><time>2024-08-13T03:33:51Z</time></trkpt><trkpt lat="-39.3798258808" lon="-72.6300919522"><ele>112.89</ele><time>2024-08-13T03:33:52Z</time></trkpt><trkpt lat="-39.3797775172" lon="-72.6300844923"><ele>112.82</ele><time>2024-08-13T03:33:53Z</time></trkpt><trkpt lat="-39.3797396310" lon="-72.6300584245"><ele>112.89</ele><time>2024-08-13T03:33:54Z</time></trkpt><trkpt lat="-39.3797184248" lon="-72.6300145034"><ele>112.98</ele><time>2024-08-13T03:33:55Z</time></trkpt><trkpt lat="-39.3797090370" lon="-72.6299729291"><ele>113.03</ele><time>2024-08-13T03:33:56Z</time></trkpt><trkpt lat="-39.3797042593" lon="-72.6299417485"><ele>112.99</ele><time>2024-08-13T03:33:57Z</time></trkpt><trkpt lat="-39.3796108849" lon="-72.6295933127"><ele>113.08</ele><time>2024-08-13T03:34:06Z</time></trkpt><trkpt lat="-39.3793344498" lon="-72.6285107061"><ele>113.38</ele><time>2024-08-13T03:34:18Z</time></trkpt><trkpt lat="-39.3792850804" lon="-72.6282883342"><ele>113.24</ele><time>2024-08-13T03:34:21Z</time></trkpt><trkpt lat="-39.3792663887" lon="-72.6282071974"><ele>113.23</ele><time>2024-08-13T03:34:23Z</time></trkpt><trkpt lat="-39.3792462721" lon="-72.6281914394"><ele>113.15</ele><time>2024-08-13T03:34:24Z</time></trkpt><trkpt lat="-39.3792311847" lon="-72.6281876676"><ele>113.20</ele><time>2024-08-13T03:34:25Z</time></trkpt><trkpt lat="-39.3792191148" lon="-72.6281907689"><ele>113.23</ele><time>2024-08-13T03:34:26Z</time></trkpt><trkpt lat="-39.3792096432" lon="-72.6281968039"><ele>113.32</ele><time>2024-08-13T03:34:27Z</time></trkpt><trkpt lat="-39.3791958131" lon="-72.6282038447"><ele>113.30</ele><time>2024-08-13T03:34:28Z</time></trkpt><trkpt lat="-39.3791764509" lon="-72.6282149088"><ele>113.41</ele><time>2024-08-13T03:34:29Z</time></trkpt><trkpt lat="-39.3791540712" lon="-72.6282293256"><ele>113.30</ele><time>2024-08-13T03:34:30Z</time></trkpt><trkpt lat="-39.3791294284" lon="-72.6282433234"><ele>113.29</ele><time>2024-08-13T03:34:31Z</time></trkpt><trkpt lat="-39.3791031931" lon="-72.6282560639"><ele>113.25</ele><time>2024-08-13T03:34:32Z</time></trkpt><trkpt lat="-39.3790763710" lon="-72.6282673795"><ele>113.32</ele><time>2024-08-13T03:34:33Z</time></trkpt><trkpt lat="-39.3787073996" lon="-72.6284573972"><ele>113.48</ele><time>2024-08-13T03:34:48Z</time></trkpt><trkpt lat="-39.3782604765" lon="-72.6286630053"><ele>113.65</ele><time>2024-08-13T03:35:05Z</time></trkpt><trkpt lat="-39.3780021463" lon="-72.6287512667"><ele>114.07</ele><time>2024-08-13T03:35:16Z</time></trkpt><trkpt lat="-39.3779751565" lon="-72.6287081838"><ele>114.13</ele><time>2024-08-13T03:35:18Z</time></trkpt><trkpt lat="-39.3779660203" lon="-72.6286593173"><ele>114.17</ele><time>2024-08-13T03:35:19Z</time></trkpt><trkpt lat="-39.3779636733" lon="-72.6286064275"><ele>114.21</ele><time>2024-08-13T03:35:20Z</time></trkpt><trkpt lat="-39.3779642601" lon="-72.6285469998"><ele>114.24</ele><time>2024-08-13T03:35:21Z</time></trkpt><trkpt lat="-39.3779624999" lon="-72.6278066263"><ele>114.86</ele><time>2024-08-13T03:35:28Z</time></trkpt><trkpt lat="-39.3780180719" lon="-72.6259809639"><ele>115.48</ele><time>2024-08-13T03:35:41Z</time></trkpt><trkpt lat="-39.3780547008" lon="-72.6258486975"><ele>115.64</ele><time>2024-08-13T03:35:42Z</time></trkpt><trkpt lat="-39.3780977000" lon="-72.6257223822"><ele>115.61</ele><time>2024-08-13T03:35:43Z</time></trkpt><trkpt lat="-39.3781538587" lon="-72.6255999226"><ele>115.81</ele><time>2024-08-13T03:35:44Z</time></trkpt><trkpt lat="-39.3782199919" lon="-72.6254822407"><ele>115.83</ele><time>2024-08-13T03:35:45Z</time></trkpt><trkpt lat="-39.3782937527" lon="-72.6253648102"><ele>116.03</ele><time>2024-08-13T03:35:46Z</time></trkpt><trkpt lat="-39.3783737998" lon="-72.6252488885"><ele>115.92</ele><time>2024-08-13T03:35:47Z</time></trkpt><trkpt lat="-39.3795305025" lon="-72.6236419100"><ele>115.29</ele><time>2024-08-13T03:36:01Z</time></trkpt><trkpt lat="-39.3807356525" lon="-72.6219503582"><ele>115.86</ele><time>2024-08-13T03:36:17Z</time></trkpt><trkpt lat="-39.3813730124" lon="-72.6210480463"><ele>118.04</ele><time>2024-08-13T03:36:26Z</time></trkpt><trkpt lat="-39.3821267970" lon="-72.6199806109"><ele>117.39</ele><time>2024-08-13T03:36:36Z</time></trkpt><trkpt lat="-39.3831742834" lon="-72.6185627282"><ele>118.35</ele><time>2024-08-13T03:36:48Z</time></trkpt><trkpt lat="-39.3841571454" lon="-72.6172355376"><ele>118.62</ele><time>2024-08-13T03:37:00Z</time></trkpt><trkpt lat="-39.3845717981" lon="-72.6166666579"><ele>118.10</ele><time>2024-08-13T03:37:08Z</time></trkpt><trkpt lat="-39.3845688645" lon="-72.6166573539"><ele>118.18</ele><time>2024-08-13T03:37:09Z</time></trkpt><trkpt lat="-39.3845795095" lon="-72.6167140994"><ele>117.99</ele><time>2024-08-13T03:37:17Z</time></trkpt><trkpt lat="-39.3845361751" lon="-72.6167633850"><ele>118.08</ele><time>2024-08-13T03:37:19Z</time></trkpt><trkpt lat="-39.3844501767" lon="-72.6169168577"><ele>118.20</ele><time>2024-08-13T03:37:22Z</time></trkpt><trkpt lat="-39.3839136511" lon="-72.6177083608"><ele>118.30</ele><time>2024-08-13T03:37:31Z</time></trkpt><trkpt lat="-39.3827116024" lon="-72.6193319354"><ele>117.98</ele><time>2024-08-13T03:37:47Z</time></trkpt><trkpt lat="-39.3815526366" lon="-72.6208986808"><ele>117.82</ele><time>2024-08-13T03:38:01Z</time></trkpt><trkpt lat="-39.3807011191" lon="-72.6221253723"><ele>116.45</ele><time>2024-08-13T03:38:11Z</time></trkpt><trkpt lat="-39.3792508822" lon="-72.6240797807"><ele>116.09</ele><time>2024-08-13T03:38:26Z</time></trkpt><trkpt lat="-39.3781434651" lon="-72.6256186981"><ele>116.36</ele><time>2024-08-13T03:38:39Z</time></trkpt><trkpt lat="-39.3780828640" lon="-72.6257433370"><ele>116.48</ele><time>2024-08-13T03:38:40Z</time></trkpt><trkpt lat="-39.3779875617" lon="-72.6260108035"><ele>116.25</ele><time>2024-08-13T03:38:42Z</time></trkpt><trkpt lat="-39.3779566325" lon="-72.6261522062"><ele>116.19</ele><time>2024-08-13T03:38:43Z</time></trkpt><trkpt lat="-39.3779365998" lon="-72.6262968779"><ele>116.07</ele><time>2024-08-13T03:38:44Z</time></trkpt><trkpt lat="-39.3779275473" lon="-72.6264449023"><ele>116.03</ele><time>2024-08-13T03:38:45Z</time></trkpt><trkpt lat="-39.3779252004" lon="-72.6265912503"><ele>115.88</ele><time>2024-08-13T03:38:46Z</time></trkpt><trkpt lat="-39.3779521901" lon="-72.6280572452"><ele>115.34</ele><time>2024-08-13T03:38:58Z</time></trkpt><trkpt lat="-39.3780044932" lon="-72.6301840693"><ele>114.28</ele><time>2024-08-13T03:39:17Z</time></trkpt><trkpt lat="-39.3780284654" lon="-72.6302986499"><ele>114.20</ele><time>2024-08-13T03:39:20Z</time></trkpt><trkpt lat="-39.3780519348" lon="-72.6303092949"><ele>114.05</ele><time>2024-08-13T03:39:21Z</time></trkpt><trkpt lat="-39.3780806009" lon="-72.6303108037"><ele>114.17</ele><time>2024-08-13T03:39:22Z</time></trkpt><trkpt lat="-39.3781159725" lon="-72.6303000748"><ele>114.21</ele><time>2024-08-13T03:39:23Z</time></trkpt><trkpt lat="-39.3781587202" lon="-72.6302754320"><ele>114.20</ele><time>2024-08-13T03:39:24Z</time></trkpt><trkpt lat="-39.3782090954" lon="-72.6302421559"><ele>114.36</ele><time>2024-08-13T03:39:25Z</time></trkpt><trkpt lat="-39.3789425120" lon="-72.6298858412"><ele>113.92</ele><time>2024-08-13T03:39:38Z</time></trkpt><trkpt lat="-39.3792954739" lon="-72.6297261659"><ele>113.63</ele><time>2024-08-13T03:39:45Z</time></trkpt><trkpt lat="-39.3794281594" lon="-72.6296715997"><ele>113.32</ele><time>2024-08-13T03:39:48Z</time></trkpt><trkpt lat="-39.3795996532" lon="-72.6296417601"><ele>113.12</ele><time>2024-08-13T03:39:54Z</time></trkpt><trkpt lat="-39.3796175905" lon="-72.6296715997"><ele>113.23</ele><time>2024-08-13T03:39:55Z</time></trkpt><trkpt lat="-39.3796319235" lon="-72.6297146827"><ele>113.20</ele><time>2024-08-13T03:39:56Z</time></trkpt><trkpt lat="-39.3797627650" lon="-72.6302077062"><ele>112.95</ele><time>2024-08-13T03:40:05Z</time></trkpt><trkpt lat="-39.3798784353" lon="-72.6306659449"><ele>113.42</ele><time>2024-08-13T03:40:13Z</time></trkpt><trkpt lat="-39.3798689637" lon="-72.6307076029"><ele>113.20</ele><time>2024-08-13T03:40:14Z</time></trkpt><trkpt lat="-39.3798454106" lon="-72.6307403762"><ele>113.25</ele><time>2024-08-13T03:40:15Z</time></trkpt><trkpt lat="-39.3798129726" lon="-72.6307585649"><ele>113.39</ele><time>2024-08-13T03:40:16Z</time></trkpt><trkpt lat="-39.3797744997" lon="-72.6307702158"><ele>113.50</ele><time>2024-08-13T03:40:17Z</time></trkpt><trkpt lat="-39.3797273096" lon="-72.6307837944"><ele>113.49</ele><time>2024-08-13T03:40:18Z</time></trkpt><trkpt lat="-39.3790422566" lon="-72.6310829446"><ele>113.91</ele><time>2024-08-13T03:40:29Z</time></trkpt><trkpt lat="-39.3781784177" lon="-72.6314506587"><ele>113.89</ele><time>2024-08-13T03:40:43Z</time></trkpt><trkpt lat="-39.3781615701" lon="-72.6314807497"><ele>113.84</ele><time>2024-08-13T03:40:44Z</time></trkpt><trkpt lat="-39.3781530205" lon="-72.6315268502"><ele>114.01</ele><time>2024-08-13T03:40:45Z</time></trkpt><trkpt lat="-39.3781587202" lon="-72.6315821707"><ele>114.02</ele><time>2024-08-13T03:40:46Z</time></trkpt><trkpt lat="-39.3781806808" lon="-72.6316461246"><ele>113.97</ele><time>2024-08-13T03:40:47Z</time></trkpt><trkpt lat="-39.3782033958" lon="-72.6317187957"><ele>114.07</ele><time>2024-08-13T03:40:48Z</time></trkpt><trkpt lat="-39.3782792520" lon="-72.6318974979"><ele>113.93</ele><time>2024-08-13T03:40:51Z</time></trkpt><trkpt lat="-39.3783176411" lon="-72.6319207158"><ele>113.83</ele><time>2024-08-13T03:40:52Z</time></trkpt><trkpt lat="-39.3783660047" lon="-72.6319223922"><ele>113.85</ele><time>2024-08-13T03:40:53Z</time></trkpt><trkpt lat="-39.3784200680" lon="-72.6319027785"><ele>113.83</ele><time>2024-08-13T03:40:54Z</time></trkpt><trkpt lat="-39.3784784060" lon="-72.6318743639"><ele>113.85</ele><time>2024-08-13T03:40:55Z</time></trkpt><trkpt lat="-39.3785462994" lon="-72.6318383217"><ele>113.74</ele><time>2024-08-13T03:40:56Z</time></trkpt><trkpt lat="-39.3794585019" lon="-72.6314312965"><ele>113.27</ele><time>2024-08-13T03:41:09Z</time></trkpt><trkpt lat="-39.3800335843" lon="-72.6312314719"><ele>113.12</ele><time>2024-08-13T03:41:19Z</time></trkpt><trkpt lat="-39.3800761644" lon="-72.6313137822"><ele>113.34</ele><time>2024-08-13T03:41:21Z</time></trkpt><trkpt lat="-39.3800920900" lon="-72.6313759759"><ele>113.42</ele><time>2024-08-13T03:41:22Z</time></trkpt><trkpt lat="-39.3801102787" lon="-72.6314431988"><ele>113.37</ele><time>2024-08-13T03:41:23Z</time></trkpt><trkpt lat="-39.3801424652" lon="-72.6315802429"><ele>113.26</ele><time>2024-08-13T03:41:25Z</time></trkpt><trkpt lat="-39.3801377714" lon="-72.6316427719"><ele>113.22</ele><time>2024-08-13T03:41:26Z</time></trkpt><trkpt lat="-39.3801115360" lon="-72.6316997688"><ele>113.06</ele><time>2024-08-13T03:41:27Z</time></trkpt><trkpt lat="-39.3800772540" lon="-72.6317420136"><ele>113.20</ele><time>2024-08-13T03:41:28Z</time></trkpt><trkpt lat="-39.3800338358" lon="-72.6317764632"><ele>113.11</ele><time>2024-08-13T03:41:29Z</time></trkpt><trkpt lat="-39.3799802754" lon="-72.6318037044"><ele>113.18</ele><time>2024-08-13T03:41:30Z</time></trkpt><trkpt lat="-39.3799193390" lon="-72.6318288501"><ele>113.07</ele><time>2024-08-13T03:41:31Z</time></trkpt><trkpt lat="-39.3790002633" lon="-72.6322440058"><ele>113.27</ele><time>2024-08-13T03:41:43Z</time></trkpt><trkpt lat="-39.3784893863" lon="-72.6324249711"><ele>113.35</ele><time>2024-08-13T03:41:52Z</time></trkpt><trkpt lat="-39.3784152064" lon="-72.6323237177"><ele>113.67</ele><time>2024-08-13T03:41:55Z</time></trkpt><trkpt lat="-39.3783935811" lon="-72.6322598476"><ele>113.65</ele><time>2024-08-13T03:41:56Z</time></trkpt><trkpt lat="-39.3783720396" lon="-72.6321810577"><ele>113.82</ele><time>2024-08-13T03:41:57Z</time></trkpt><trkpt lat="-39.3780478276" lon="-72.6311004627"><ele>114.20</ele><time>2024-08-13T03:42:08Z</time></trkpt><trkpt lat="-39.3780195806" lon="-72.6310396940"><ele>114.10</ele><time>2024-08-13T03:42:09Z</time></trkpt><trkpt lat="-39.3779844604" lon="-72.6309956890"><ele>114.16</ele><time>2024-08-13T03:42:10Z</time></trkpt><trkpt lat="-39.3779378571" lon="-72.6309798472"><ele>114.23</ele><time>2024-08-13T03:42:11Z</time></trkpt><trkpt lat="-39.3778866436" lon="-72.6309899054"><ele>114.25</ele><time>2024-08-13T03:42:12Z</time></trkpt><trkpt lat="-39.3778293952" lon="-72.6310287137"><ele>114.25</ele><time>2024-08-13T03:42:13Z</time></trkpt><trkpt lat="-39.3777663633" lon="-72.6310826093"><ele>114.33</ele><time>2024-08-13T03:42:14Z</time></trkpt><trkpt lat="-39.3776961230" lon="-72.6311440486"><ele>114.37</ele><time>2024-08-13T03:42:15Z</time></trkpt><trkpt lat="-39.3768265005" lon="-72.6319903694"><ele>114.15</ele><time>2024-08-13T03:42:26Z</time></trkpt><trkpt lat="-39.3766793981" lon="-72.6321772020"><ele>113.60</ele><time>2024-08-13T03:42:29Z</time></trkpt><trkpt lat="-39.3766575214" lon="-72.6322253980"><ele>113.32</ele><time>2024-08-13T03:42:30Z</time></trkpt><trkpt lat="-39.3766481336" lon="-72.6322641224"><ele>113.05</ele><time>2024-08-13T03:42:31Z</time></trkpt><trkpt lat="-39.3766479660" lon="-72.6322932914"><ele>112.87</ele><time>2024-08-13T03:42:32Z</time></trkpt><trkpt lat="-39.3766555097" lon="-72.6323215384"><ele>112.76</ele><time>2024-08-13T03:42:33Z</time></trkpt><trkpt lat="-39.3766753748" lon="-72.6323574968"><ele>112.92</ele><time>2024-08-13T03:42:34Z</time></trkpt><trkpt lat="-39.3767038733" lon="-72.6324030105"><ele>112.65</ele><time>2024-08-13T03:42:35Z</time></trkpt><trkpt lat="-39.3767442740" lon="-72.6324600074"><ele>112.05</ele><time>2024-08-13T03:42:36Z</time></trkpt><trkpt lat="-39.3772480264" lon="-72.6333491597"><ele>110.49</ele><time>2024-08-13T03:42:47Z</time></trkpt><trkpt lat="-39.3772715796" lon="-72.6334120240"><ele>110.36</ele><time>2024-08-13T03:42:48Z</time></trkpt><trkpt lat="-39.3772764411" lon="-72.6334664226"><ele>110.10</ele><time>2024-08-13T03:42:49Z</time></trkpt><trkpt lat="-39.3772659637" lon="-72.6335164625"><ele>110.08</ele><time>2024-08-13T03:42:50Z</time></trkpt><trkpt lat="-39.3772384711" lon="-72.6335668378"><ele>110.07</ele><time>2024-08-13T03:42:51Z</time></trkpt><trkpt lat="-39.3771995790" lon="-72.6336159557"><ele>110.26</ele><time>2024-08-13T03:42:52Z</time></trkpt><trkpt lat="-39.3771503773" lon="-72.6336668339"><ele>110.25</ele><time>2024-08-13T03:42:53Z</time></trkpt><trkpt lat="-39.3770954758" lon="-72.6337231603"><ele>110.28</ele><time>2024-08-13T03:42:54Z</time></trkpt><trkpt lat="-39.3764579482" lon="-72.6343076304"><ele>109.81</ele><time>2024-08-13T03:43:05Z</time></trkpt><trkpt lat="-39.3757835403" lon="-72.6349701360"><ele>109.81</ele><time>2024-08-13T03:43:16Z</time></trkpt><trkpt lat="-39.3752193544" lon="-72.6355180610"><ele>110.48</ele><time>2024-08-13T03:43:26Z</time></trkpt><trkpt lat="-39.3750214577" lon="-72.6357102580"><ele>112.07</ele><time>2024-08-13T03:43:33Z</time></trkpt><trkpt lat="-39.3750083819" lon="-72.6357069053"><ele>112.15</ele><time>2024-08-13T03:44:00Z</time></trkpt><trkpt lat="-39.3747458607" lon="-72.6359282713"><ele>112.70</ele><time>2024-08-13T03:44:09Z</time></trkpt><trkpt lat="-39.3743107561" lon="-72.6363512222"><ele>113.45</ele><time>2024-08-13T03:44:16Z</time></trkpt><trkpt lat="-39.3738526851" lon="-72.6367948763"><ele>112.74</ele><time>2024-08-13T03:44:25Z</time></trkpt><trkpt lat="-39.3734080251" lon="-72.6372462418"><ele>113.31</ele><time>2024-08-13T03:44:33Z</time></trkpt><trkpt lat="-39.3729927018" lon="-72.6376419514"><ele>112.51</ele><time>2024-08-13T03:44:41Z</time></trkpt><trkpt lat="-39.3728928734" lon="-72.6377473120"><ele>112.69</ele><time>2024-08-13T03:44:44Z</time></trkpt><trkpt lat="-39.3728476949" lon="-72.6378003694"><ele>112.79</ele><time>2024-08-13T03:44:45Z</time></trkpt><trkpt lat="-39.3722371571" lon="-72.6383952331"><ele>114.32</ele><time>2024-08-13T03:44:54Z</time></trkpt><trkpt lat="-39.3720227480" lon="-72.6386593468"><ele>114.74</ele><time>2024-08-13T03:45:01Z</time></trkpt><trkpt lat="-39.3720315490" lon="-72.6387150027"><ele>114.73</ele><time>2024-08-13T03:45:02Z</time></trkpt><trkpt lat="-39.3720577843" lon="-72.6387688983"><ele>114.61</ele><time>2024-08-13T03:45:03Z</time></trkpt><trkpt lat="-39.3720948324" lon="-72.6388306729"><ele>114.67</ele><time>2024-08-13T03:45:04Z</time></trkpt><trkpt lat="-39.3721423578" lon="-72.6389058586"><ele>114.69</ele><time>2024-08-13T03:45:05Z</time></trkpt><trkpt lat="-39.3726051226" lon="-72.6396507584"><ele>114.16</ele><time>2024-08-13T03:45:14Z</time></trkpt><trkpt lat="-39.3726425059" lon="-72.6396834478"><ele>114.04</ele><time>2024-08-13T03:45:15Z</time></trkpt><trkpt lat="-39.3726750277" lon="-72.6396936737"><ele>114.02</ele><time>2024-08-13T03:45:16Z</time></trkpt><trkpt lat="-39.3727041129" lon="-72.6396924164"><ele>113.90</ele><time>2024-08-13T03:45:17Z</time></trkpt><trkpt lat="-39.3727280013" lon="-72.6396838669"><ele>113.83</ele><time>2024-08-13T03:45:18Z</time></trkpt><trkpt lat="-39.3727466092" lon="-72.6396736410"><ele>113.70</ele><time>2024-08-13T03:45:19Z</time></trkpt><trkpt lat="-39.3728314340" lon="-72.6395907439"><ele>113.74</ele><time>2024-08-13T03:45:29Z</time></trkpt><trkpt lat="-39.3728546519" lon="-72.6395678613"><ele>113.85</ele><time>2024-08-13T03:45:30Z</time></trkpt><trkpt lat="-39.3728536461" lon="-72.6395672746"><ele>113.65</ele><time>2024-08-13T03:45:39Z</time></trkpt><trkpt lat="-39.3728367146" lon="-72.6395874750"><ele>113.82</ele><time>2024-08-13T03:45:40Z</time></trkpt><trkpt lat="-39.3727278337" lon="-72.6396681089"><ele>113.94</ele><time>2024-08-13T03:45:47Z</time></trkpt><trkpt lat="-39.3727114052" lon="-72.6396608166"><ele>114.02</ele><time>2024-08-13T03:45:48Z</time></trkpt><trkpt lat="-39.3727096450" lon="-72.6396696176"><ele>113.88</ele><time>2024-08-13T03:45:51Z</time></trkpt><trkpt lat="-39.3727107346" lon="-72.6397022232"><ele>113.81</ele><time>2024-08-13T03:45:52Z</time></trkpt><trkpt lat="-39.3727123272" lon="-72.6397361699"><ele>113.91</ele><time>2024-08-13T03:45:53Z</time></trkpt><trkpt lat="-39.3727177754" lon="-72.6397807617"><ele>114.07</ele><time>2024-08-13T03:45:54Z</time></trkpt><trkpt lat="-39.3727364670" lon="-72.6398411952"><ele>114.15</ele><time>2024-08-13T03:45:55Z</time></trkpt><trkpt lat="-39.3727696594" lon="-72.6399069093"><ele>114.13</ele><time>2024-08-13T03:45:56Z</time></trkpt><trkpt lat="-39.3728176877" lon="-72.6399884652"><ele>114.22</ele><time>2024-08-13T03:45:57Z</time></trkpt><trkpt lat="-39.3732616771" lon="-72.6407347061"><ele>113.30</ele><time>2024-08-13T03:46:07Z</time></trkpt><trkpt lat="-39.3733105436" lon="-72.6407741848"><ele>113.34</ele><time>2024-08-13T03:46:09Z</time></trkpt><trkpt lat="-39.3733464181" lon="-72.6407704130"><ele>113.29</ele><time>2024-08-13T03:46:10Z</time></trkpt><trkpt lat="-39.3733863160" lon="-72.6407517213"><ele>113.35</ele><time>2024-08-13T03:46:11Z</time></trkpt><trkpt lat="-39.3734326679" lon="-72.6407145895"><ele>113.22</ele><time>2024-08-13T03:46:12Z</time></trkpt><trkpt lat="-39.3734897487" lon="-72.6406629570"><ele>113.20</ele><time>2024-08-13T03:46:13Z</time></trkpt><trkpt lat="-39.3743038829" lon="-72.6398753095"><ele>112.55</ele><time>2024-08-13T03:46:24Z</time></trkpt><trkpt lat="-39.3754703086" lon="-72.6387683116"><ele>112.87</ele><time>2024-08-13T03:46:39Z</time></trkpt><trkpt lat="-39.3760285433" lon="-72.6382638048"><ele>111.77</ele><time>2024-08-13T03:46:48Z</time></trkpt><trkpt lat="-39.3760189041" lon="-72.6382778026"><ele>111.74</ele><time>2024-08-13T03:47:00Z</time></trkpt><trkpt lat="-39.3760217540" lon="-72.6382544171"><ele>111.91</ele><time>2024-08-13T03:47:07Z</time></trkpt><trkpt lat="-39.3760247715" lon="-72.6382247452"><ele>111.99</ele><time>2024-08-13T03:47:08Z</time></trkpt><trkpt lat="-39.3760239333" lon="-72.6381901279"><ele>112.03</ele><time>2024-08-13T03:47:09Z</time></trkpt><trkpt lat="-39.3760111090" lon="-72.6381451171"><ele>111.91</ele><time>2024-08-13T03:47:10Z</time></trkpt><trkpt lat="-39.3759803474" lon="-72.6380899642"><ele>112.08</ele><time>2024-08-13T03:47:11Z</time></trkpt><trkpt lat="-39.3759369291" lon="-72.6380218193"><ele>112.18</ele><time>2024-08-13T03:47:12Z</time></trkpt><trkpt lat="-39.3753560632" lon="-72.6370216906"><ele>112.72</ele><time>2024-08-13T03:47:23Z</time></trkpt><trkpt lat="-39.3747115787" lon="-72.6359095797"><ele>113.58</ele><time>2024-08-13T03:47:34Z</time></trkpt><trkpt lat="-39.3741451297" lon="-72.6349154860"><ele>113.55</ele><time>2024-08-13T03:47:44Z</time></trkpt><trkpt lat="-39.3740329798" lon="-72.6348239556"><ele>113.33</ele><time>2024-08-13T03:47:49Z</time></trkpt><trkpt lat="-39.3739947584" lon="-72.6348363608"><ele>113.33</ele><time>2024-08-13T03:47:50Z</time></trkpt><trkpt lat="-39.3739541899" lon="-72.6348611712"><ele>113.24</ele><time>2024-08-13T03:47:51Z</time></trkpt><trkpt lat="-39.3739122804" lon="-72.6348946989"><ele>113.15</ele><time>2024-08-13T03:47:52Z</time></trkpt><trkpt lat="-39.3738665152" lon="-72.6349381171"><ele>113.29</ele><time>2024-08-13T03:47:53Z</time></trkpt><trkpt lat="-39.3736783415" lon="-72.6351069286"><ele>112.82</ele><time>2024-08-13T03:47:58Z</time></trkpt><trkpt lat="-39.3736636732" lon="-72.6350980438"><ele>113.10</ele><time>2024-08-13T03:47:59Z</time></trkpt><trkpt lat="-39.3736563809" lon="-72.6350912545"><ele>112.97</ele><time>2024-08-13T03:48:10Z</time></trkpt><trkpt lat="-39.3736694567" lon="-72.6351131313"><ele>112.89</ele><time>2024-08-13T03:48:18Z</time></trkpt><trkpt lat="-39.3737329915" lon="-72.6350534521"><ele>113.00</ele><time>2024-08-13T03:48:20Z</time></trkpt><trkpt lat="-39.3737831991" lon="-72.6350135542"><ele>113.07</ele><time>2024-08-13T03:48:21Z</time></trkpt><trkpt lat="-39.3738389388" lon="-72.6349673700"><ele>113.17</ele><time>2024-08-13T03:48:22Z</time></trkpt><trkpt lat="-39.3738956843" lon="-72.6349183358"><ele>113.24</ele><time>2024-08-13T03:48:23Z</time></trkpt><trkpt lat="-39.3739860412" lon="-72.6348194294"><ele>113.50</ele><time>2024-08-13T03:48:25Z</time></trkpt><trkpt lat="-39.3740073312" lon="-72.6347616781"><ele>113.32</ele><time>2024-08-13T03:48:26Z</time></trkpt><trkpt lat="-39.3740027212" lon="-72.6347014122"><ele>113.57</ele><time>2024-08-13T03:48:27Z</time></trkpt><trkpt lat="-39.3739758991" lon="-72.6346421521"><ele>113.72</ele><time>2024-08-13T03:48:28Z</time></trkpt><trkpt lat="-39.3739357498" lon="-72.6345797908"><ele>113.75</ele><time>2024-08-13T03:48:29Z</time></trkpt><trkpt lat="-39.3738926668" lon="-72.6345092151"><ele>113.72</ele><time>2024-08-13T03:48:30Z</time></trkpt><trkpt lat="-39.3733042572" lon="-72.6334913168"><ele>114.69</ele><time>2024-08-13T03:48:40Z</time></trkpt><trkpt lat="-39.3721945770" lon="-72.6315685082"><ele>115.37</ele><time>2024-08-13T03:48:56Z</time></trkpt><trkpt lat="-39.3720603827" lon="-72.6313303784"><ele>115.29</ele><time>2024-08-13T03:48:59Z</time></trkpt><trkpt lat="-39.3720178027" lon="-72.6312908996"><ele>115.32</ele><time>2024-08-13T03:49:00Z</time></trkpt><trkpt lat="-39.3719768152" lon="-72.6312846970"><ele>115.37</ele><time>2024-08-13T03:49:01Z</time></trkpt><trkpt lat="-39.3719452992" lon="-72.6312960126"><ele>115.44</ele><time>2024-08-13T03:49:02Z</time></trkpt><trkpt lat="-39.3719280325" lon="-72.6313088369"><ele>115.41</ele><time>2024-08-13T03:49:03Z</time></trkpt><trkpt lat="-39.3719039764" lon="-72.6313704439"><ele>115.56</ele><time>2024-08-13T03:49:17Z</time></trkpt><trkpt lat="-39.3716425449" lon="-72.6316737011"><ele>116.52</ele><time>2024-08-13T03:49:24Z</time></trkpt><trkpt lat="-39.3711730745" lon="-72.6321486197"><ele>118.59</ele><time>2024-08-13T03:49:33Z</time></trkpt><trkpt lat="-39.3707450945" lon="-72.6325802878"><ele>118.88</ele><time>2024-08-13T03:49:39Z</time></trkpt><trkpt lat="-39.3703342974" lon="-72.6329758298"><ele>118.22</ele><time>2024-08-13T03:49:46Z</time></trkpt><trkpt lat="-39.3698613066" lon="-72.6334366668"><ele>118.55</ele><time>2024-08-13T03:49:53Z</time></trkpt><trkpt lat="-39.3693479989" lon="-72.6338818297"><ele>116.63</ele><time>2024-08-13T03:50:01Z</time></trkpt><trkpt lat="-39.3693088554" lon="-72.6338654850"><ele>116.76</ele><time>2024-08-13T03:50:02Z</time></trkpt><trkpt lat="-39.3692654371" lon="-72.6338179596"><ele>116.97</ele><time>2024-08-13T03:50:03Z</time></trkpt><trkpt lat="-39.3692143913" lon="-72.6337444503"><ele>117.13</ele><time>2024-08-13T03:50:04Z</time></trkpt><trkpt lat="-39.3691555504" lon="-72.6336500701"><ele>117.23</ele><time>2024-08-13T03:50:05Z</time></trkpt><trkpt lat="-39.3690964580" lon="-72.6335463021"><ele>117.22</ele><time>2024-08-13T03:50:06Z</time></trkpt><trkpt lat="-39.3687308393" lon="-72.6329630055"><ele>117.36</ele><time>2024-08-13T03:50:13Z</time></trkpt><trkpt lat="-39.3686842360" lon="-72.6328820363"><ele>117.44</ele><time>2024-08-13T03:50:18Z</time></trkpt><trkpt lat="-39.3686614372" lon="-72.6328691281"><ele>117.54</ele><time>2024-08-13T03:50:19Z</time></trkpt><trkpt lat="-39.3686258979" lon="-72.6328623388"><ele>117.74</ele><time>2024-08-13T03:50:20Z</time></trkpt><trkpt lat="-39.3685857486" lon="-72.6328705531"><ele>117.78</ele><time>2024-08-13T03:50:21Z</time></trkpt><trkpt lat="-39.3685425818" lon="-72.6328919269"><ele>117.84</ele><time>2024-08-13T03:50:22Z</time></trkpt><trkpt lat="-39.3685005885" lon="-72.6329258736"><ele>117.96</ele><time>2024-08-13T03:50:23Z</time></trkpt><trkpt lat="-39.3684658874" lon="-72.6329553779"><ele>117.79</ele><time>2024-08-13T03:50:24Z</time></trkpt><trkpt lat="-39.3684384786" lon="-72.6329709683"><ele>117.71</ele><time>2024-08-13T03:50:25Z</time></trkpt><trkpt lat="-39.3684186973" lon="-72.6329796854"><ele>117.62</ele><time>2024-08-13T03:50:26Z</time></trkpt><trkpt lat="-39.3684062921" lon="-72.6329867262"><ele>117.61</ele><time>2024-08-13T03:50:27Z</time></trkpt><trkpt lat="-39.3683767039" lon="-72.6330338325"><ele>117.54</ele><time>2024-08-13T03:50:39Z</time></trkpt><trkpt lat="-39.3684010115" lon="-72.6330249477"><ele>117.34</ele><time>2024-08-13T03:51:06Z</time></trkpt><trkpt lat="-39.3684043642" lon="-72.6330372691"><ele>117.09</ele><time>2024-08-13T03:51:36Z</time></trkpt><trkpt lat="-39.3683962338" lon="-72.6330316532"><ele>116.99</ele><time>2024-08-13T03:52:07Z</time></trkpt><trkpt lat="-39.3684037775" lon="-72.6330386102"><ele>116.73</ele><time>2024-08-13T03:52:34Z</time></trkpt><trkpt lat="-39.3684000056" lon="-72.6330313180"><ele>116.55</ele><time>2024-08-13T03:52:59Z</time></trkpt><trkpt lat="-39.3683747761" lon="-72.6330246124"><ele>116.68</ele><time>2024-08-13T03:53:28Z</time></trkpt><trkpt lat="-39.3684010953" lon="-72.6330370177"><ele>116.52</ele><time>2024-08-13T03:54:00Z</time></trkpt><trkpt lat="-39.3684005085" lon="-72.6330511831"><ele>116.33</ele><time>2024-08-13T03:54:30Z</time></trkpt><trkpt lat="-39.3683852535" lon="-72.6330573857"><ele>116.95</ele><time>2024-08-13T03:54:56Z</time></trkpt><trkpt lat="-39.3683578447" lon="-72.6330148056"><ele>116.90</ele><time>2024-08-13T03:55:37Z</time></trkpt><trkpt lat="-39.3682639673" lon="-72.6331432164"><ele>116.50</ele><time>2024-08-13T03:55:43Z</time></trkpt><trkpt lat="-39.3682268355" lon="-72.6331761573"><ele>116.63</ele><time>2024-08-13T03:55:44Z</time></trkpt><trkpt lat="-39.3678944092" lon="-72.6334917359"><ele>116.53</ele><time>2024-08-13T03:55:57Z</time></trkpt><trkpt lat="-39.3675483204" lon="-72.6338432729"><ele>116.59</ele><time>2024-08-13T03:56:06Z</time></trkpt><trkpt lat="-39.3667657860" lon="-72.6345755998"><ele>116.63</ele><time>2024-08-13T03:56:14Z</time></trkpt><trkpt lat="-39.3658208940" lon="-72.6354698651"><ele>115.83</ele><time>2024-08-13T03:56:23Z</time></trkpt><trkpt lat="-39.3653420359" lon="-72.6359246671"><ele>115.69</ele><time>2024-08-13T03:56:30Z</time></trkpt><trkpt lat="-39.3642664701" lon="-72.6369437389"><ele>115.49</ele><time>2024-08-13T03:56:40Z</time></trkpt><trkpt lat="-39.3630810175" lon="-72.6380694285"><ele>115.84</ele><time>2024-08-13T03:56:50Z</time></trkpt><trkpt lat="-39.3614952452" lon="-72.6395342499"><ele>115.48</ele><time>2024-08-13T03:57:02Z</time></trkpt><trkpt lat="-39.3613695167" lon="-72.6395830326"><ele>115.15</ele><time>2024-08-13T03:57:03Z</time></trkpt><trkpt lat="-39.3612406030" lon="-72.6395946834"><ele>114.89</ele><time>2024-08-13T03:57:04Z</time></trkpt><trkpt lat="-39.3611116055" lon="-72.6395686995"><ele>114.95</ele><time>2024-08-13T03:57:05Z</time></trkpt><trkpt lat="-39.3609861284" lon="-72.6395123731"><ele>114.92</ele><time>2024-08-13T03:57:06Z</time></trkpt><trkpt lat="-39.3608681951" lon="-72.6394428872"><ele>114.81</ele><time>2024-08-13T03:57:07Z</time></trkpt><trkpt lat="-39.3607617449" lon="-72.6393682044"><ele>114.66</ele><time>2024-08-13T03:57:08Z</time></trkpt><trkpt lat="-39.3606663588" lon="-72.6393028256"><ele>114.54</ele><time>2024-08-13T03:57:09Z</time></trkpt><trkpt lat="-39.3605730683" lon="-72.6392630115"><ele>114.54</ele><time>2024-08-13T03:57:10Z</time></trkpt><trkpt lat="-39.3604860641" lon="-72.6392576471"><ele>114.37</ele><time>2024-08-13T03:57:11Z</time></trkpt><trkpt lat="-39.3604043406" lon="-72.6392877381"><ele>114.32</ele><time>2024-08-13T03:57:12Z</time></trkpt><trkpt lat="-39.3603326753" lon="-72.6393481717"><ele>114.25</ele><time>2024-08-13T03:57:13Z</time></trkpt><trkpt lat="-39.3602622673" lon="-72.6394124608"><ele>114.07</ele><time>2024-08-13T03:57:14Z</time></trkpt><trkpt lat="-39.3601911888" lon="-72.6394619979"><ele>113.98</ele><time>2024-08-13T03:57:15Z</time></trkpt><trkpt lat="-39.3601108063" lon="-72.6394873951"><ele>114.06</ele><time>2024-08-13T03:57:16Z</time></trkpt><trkpt lat="-39.3600196112" lon="-72.6394912507"><ele>114.18</ele><time>2024-08-13T03:57:17Z</time></trkpt><trkpt lat="-39.3596683256" lon="-72.6394355949"><ele>114.40</ele><time>2024-08-13T03:57:20Z</time></trkpt><trkpt lat="-39.3595342990" lon="-72.6393782627"><ele>114.68</ele><time>2024-08-13T03:57:21Z</time></trkpt><trkpt lat="-39.3588937540" lon="-72.6389842294"><ele>118.36</ele><time>2024-08-13T03:57:26Z</time></trkpt><trkpt lat="-39.3585112877" lon="-72.6385860052"><ele>120.53</ele><time>2024-08-13T03:57:29Z</time></trkpt><trkpt lat="-39.3577785417" lon="-72.6373027358"><ele>121.20</ele><time>2024-08-13T03:57:35Z</time></trkpt><trkpt lat="-39.3570579495" lon="-72.6351001393"><ele>121.16</ele><time>2024-08-13T03:57:43Z</time></trkpt><trkpt lat="-39.3568757270" lon="-72.6341337059"><ele>119.02</ele><time>2024-08-13T03:57:46Z</time></trkpt><trkpt lat="-39.3566470686" lon="-72.6312763989"><ele>119.96</ele><time>2024-08-13T03:57:54Z</time></trkpt><trkpt lat="-39.3568638247" lon="-72.6283212751"><ele>120.94</ele><time>2024-08-13T03:58:02Z</time></trkpt><trkpt lat="-39.3575290963" lon="-72.6258423273"><ele>124.57</ele><time>2024-08-13T03:58:09Z</time></trkpt><trkpt lat="-39.3580887560" lon="-72.6245672721"><ele>128.33</ele><time>2024-08-13T03:58:13Z</time></trkpt><trkpt lat="-39.3589421175" lon="-72.6231674943"><ele>131.40</ele><time>2024-08-13T03:58:18Z</time></trkpt><trkpt lat="-39.3610346597" lon="-72.6207983494"><ele>129.82</ele><time>2024-08-13T03:58:28Z</time></trkpt><trkpt lat="-39.3618777953" lon="-72.6198049262"><ele>125.88</ele><time>2024-08-13T03:58:32Z</time></trkpt><trkpt lat="-39.3624407239" lon="-72.6189783867"><ele>122.88</ele><time>2024-08-13T03:58:35Z</time></trkpt><trkpt lat="-39.3629340827" lon="-72.6180670224"><ele>121.63</ele><time>2024-08-13T03:58:38Z</time></trkpt><trkpt lat="-39.3637192156" lon="-72.6157116238"><ele>122.24</ele><time>2024-08-13T03:58:45Z</time></trkpt><trkpt lat="-39.3640003446" lon="-72.6132030040"><ele>123.78</ele><time>2024-08-13T03:58:52Z</time></trkpt><trkpt lat="-39.3640477862" lon="-72.6110830531"><ele>127.54</ele><time>2024-08-13T03:58:58Z</time></trkpt><trkpt lat="-39.3640655559" lon="-72.6100544259"><ele>130.72</ele><time>2024-08-13T03:59:01Z</time></trkpt><trkpt lat="-39.3640935514" lon="-72.6087316778"><ele>134.39</ele><time>2024-08-13T03:59:05Z</time></trkpt><trkpt lat="-39.3641209602" lon="-72.6068088692"><ele>137.79</ele><time>2024-08-13T03:59:11Z</time></trkpt><trkpt lat="-39.3640577607" lon="-72.6045355294"><ele>140.87</ele><time>2024-08-13T03:59:18Z</time></trkpt><trkpt lat="-39.3635519966" lon="-72.6016181242"><ele>144.04</ele><time>2024-08-13T03:59:27Z</time></trkpt><trkpt lat="-39.3626747467" lon="-72.5988705363"><ele>146.63</ele><time>2024-08-13T03:59:36Z</time></trkpt><trkpt lat="-39.3616075628" lon="-72.5960045122"><ele>147.67</ele><time>2024-08-13T03:59:47Z</time></trkpt><trkpt lat="-39.3607081007" lon="-72.5935547333"><ele>150.20</ele><time>2024-08-13T03:59:56Z</time></trkpt><trkpt lat="-39.3589894753" lon="-72.5888960715"><ele>150.05</ele><time>2024-08-13T04:00:12Z</time></trkpt><trkpt lat="-39.3568994477" lon="-72.5832197629"><ele>150.05</ele><time>2024-08-13T04:00:30Z</time></trkpt><trkpt lat="-39.3556282483" lon="-72.5797559414"><ele>150.07</ele><time>2024-08-13T04:00:41Z</time></trkpt></trkseg></trk></gpx>