<?xml version="1.0" encoding="UTF-8" standalone="no" ?><gpx xmlns="http://www.topografix.com/GPX/1/1" xmlns:gpxx="http://www.garmin.com/xmlschemas/GpxExtensions/v3" xmlns:gpxtrkx="http://www.garmin.com/xmlschemas/TrackStatsExtension/v1" xmlns:wptx1="http://www.garmin.com/xmlschemas/WaypointExtension/v1" xmlns:gpxtpx="http://www.garmin.com/xmlschemas/TrackPointExtension/v1" creator="GPSMAP 64sx" version="1.1" xmlns:xsi="http://www.w3.org/2001/XMLSchema-instance" xsi:schemaLocation="http://www.topografix.com/GPX/1/1 http://www.topografix.com/GPX/1/1/gpx.xsd http://www.garmin.com/xmlschemas/GpxExtensions/v3 http://www8.garmin.com/xmlschemas/GpxExtensionsv3.xsd http://www.garmin.com/xmlschemas/TrackStatsExtension/v1 http://www8.garmin.com/xmlschemas/TrackStatsExtension.xsd http://www.garmin.com/xmlschemas/WaypointExtension/v1 http://www8.garmin.com/xmlschemas/WaypointExtensionv1.xsd http://www.garmin.com/xmlschemas/TrackPointExtension/v1 http://www.garmin.com/xmlschemas/TrackPointExtensionv1.xsd"><metadata><link href="http://www.garmin.com"><text>Garmin International</text></link><time>2024-08-29T04:20:26Z</time></metadata><trk><name>GPS 240828 LONCO2</name><extensions><gpxx:TrackExtension><gpxx:DisplayColor>Cyan</gpxx:DisplayColor></gpxx:TrackExtension><gpxtrkx:TrackStatsExtension><gpxtrkx:Distance>49527.000</gpxtrkx:Distance><gpxtrkx:TotalElapsedTime>7934</gpxtrkx:TotalElapsedTime><gpxtrkx:MovingTime>7767</gpxtrkx:MovingTime><gpxtrkx:StoppedTime>164</gpxtrkx:StoppedTime><gpxtrkx:MovingSpeed>6.377</gpxtrkx:MovingSpeed><gpxtrkx:MaxSpeed>22.356</gpxtrkx:MaxSpeed><gpxtrkx:MaxElevation>151.921</gpxtrkx:MaxElevation><gpxtrkx:MinElevation>105.030</gpxtrkx:MinElevation><gpxtrkx:Ascent>160.000</gpxtrkx:Ascent><gpxtrkx:Descent>199.045</gpxtrkx:Descent><gpxtrkx:AvgAscentRate>0.049</gpxtrkx:AvgAscentRate><gpxtrkx:MaxAscentRate>0.582</gpxtrkx:MaxAscentRate><gpxtrkx:AvgDescentRate>0.058</gpxtrkx:AvgDescentRate><gpxtrkx:MaxDescentRate>-0.959</gpxtrkx:MaxDescentRate></gpxtrkx:TrackStatsExtension></extensions><trkseg><trkpt lat="-39.3541910872" lon="-72.5777342264"><ele>151.84</ele><time>2024-08-29T02:08:12Z</time></trkpt><trkpt lat="-39.3542335834" lon="-72.5776773971"><ele>151.28</ele><time>2024-08-29T02:08:32Z</time></trkpt><trkpt lat="-39.3542869762" lon="-72.5777611323"><ele>151.24</ele><time>2024-08-29T02:08:37Z</time></trkpt><trkpt lat="-39.3543089367" lon="-72.5777746271"><ele>151.24</ele><time>2024-08-29T02:08:38Z</time></trkpt><trkpt lat="-39.3545826897" lon="-72.5780194625"><ele>150.61</ele><time>2024-08-29T02:08:48Z</time></trkpt><trkpt lat="-39.3546895590" lon="-72.5780878589"><ele>150.36</ele><time>2024-08-29T02:08:51Z</time></trkpt><trkpt lat="-39.3547851127" lon="-72.5781279244"><ele>150.32</ele><time>2024-08-29T02:08:53Z</time></trkpt><trkpt lat="-39.3548307102" lon="-72.5781555846"><ele>150.32</ele><time>2024-08-29T02:08:54Z</time></trkpt><trkpt lat="-39.3548758049" lon="-72.5781897828"><ele>150.31</ele><time>2024-08-29T02:08:55Z</time></trkpt><trkpt lat="-39.3549181335" lon="-72.5782375596"><ele>150.21</ele><time>2024-08-29T02:08:56Z</time></trkpt><trkpt lat="-39.3549519964" lon="-72.5783015974"><ele>150.28</ele><time>2024-08-29T02:08:57Z</time></trkpt><trkpt lat="-39.3549803272" lon="-72.5783740170"><ele>150.40</ele><time>2024-08-29T02:08:58Z</time></trkpt><trkpt lat="-39.3550074846" lon="-72.5784610212"><ele>150.31</ele><time>2024-08-29T02:08:59Z</time></trkpt><trkpt lat="-39.3550385814" lon="-72.5785619393"><ele>150.28</ele><time>2024-08-29T02:09:00Z</time></trkpt><trkpt lat="-39.3554732669" lon="-72.5797894690"><ele>151.11</ele><time>2024-08-29T02:09:09Z</time></trkpt><trkpt lat="-39.3563608266" lon="-72.5822341349"><ele>150.07</ele><time>2024-08-29T02:09:22Z</time></trkpt><trkpt lat="-39.3576082215" lon="-72.5856399536"><ele>148.42</ele><time>2024-08-29T02:09:38Z</time></trkpt><trkpt lat="-39.3592213187" lon="-72.5900445599"><ele>145.99</ele><time>2024-08-29T02:09:57Z</time></trkpt><trkpt lat="-39.3604804482" lon="-72.5935303420"><ele>143.91</ele><time>2024-08-29T02:10:12Z</time></trkpt><trkpt lat="-39.3617429305" lon="-72.5969952531"><ele>141.61</ele><time>2024-08-29T02:10:27Z</time></trkpt><trkpt lat="-39.3629857991" lon="-72.6004474238"><ele>138.88</ele><time>2024-08-29T02:10:42Z</time></trkpt><trkpt lat="-39.3637068942" lon="-72.6029573847"><ele>135.70</ele><time>2024-08-29T02:10:53Z</time></trkpt><trkpt lat="-39.3639009353" lon="-72.6045142394"><ele>133.07</ele><time>2024-08-29T02:11:01Z</time></trkpt><trkpt lat="-39.3639729358" lon="-72.6057584491"><ele>130.66</ele><time>2024-08-29T02:11:11Z</time></trkpt><trkpt lat="-39.3639408331" lon="-72.6074850373"><ele>128.25</ele><time>2024-08-29T02:11:27Z</time></trkpt><trkpt lat="-39.3638864346" lon="-72.6094082650"><ele>125.22</ele><time>2024-08-29T02:11:44Z</time></trkpt><trkpt lat="-39.3638551701" lon="-72.6104530692"><ele>122.21</ele><time>2024-08-29T02:11:53Z</time></trkpt><trkpt lat="-39.3638315331" lon="-72.6113734022"><ele>118.97</ele><time>2024-08-29T02:12:01Z</time></trkpt><trkpt lat="-39.3638075609" lon="-72.6124188770"><ele>115.82</ele><time>2024-08-29T02:12:10Z</time></trkpt><trkpt lat="-39.3635821715" lon="-72.6146721002"><ele>113.10</ele><time>2024-08-29T02:12:31Z</time></trkpt><trkpt lat="-39.3629477452" lon="-72.6168672368"><ele>112.29</ele><time>2024-08-29T02:12:52Z</time></trkpt><trkpt lat="-39.3621611036" lon="-72.6184696890"><ele>115.44</ele><time>2024-08-29T02:13:08Z</time></trkpt><trkpt lat="-39.3617018592" lon="-72.6191787142"><ele>118.63</ele><time>2024-08-29T02:13:16Z</time></trkpt><trkpt lat="-39.3610844482" lon="-72.6199386176"><ele>121.72</ele><time>2024-08-29T02:13:26Z</time></trkpt><trkpt lat="-39.3605114613" lon="-72.6205349900"><ele>123.26</ele><time>2024-08-29T02:13:35Z</time></trkpt><trkpt lat="-39.3597510550" lon="-72.6207885426"><ele>121.61</ele><time>2024-08-29T02:13:46Z</time></trkpt><trkpt lat="-39.3593880348" lon="-72.6209792309"><ele>123.45</ele><time>2024-08-29T02:13:55Z</time></trkpt><trkpt lat="-39.3593749590" lon="-72.6209752914"><ele>123.39</ele><time>2024-08-29T02:14:07Z</time></trkpt><trkpt lat="-39.3593331333" lon="-72.6210006885"><ele>123.27</ele><time>2024-08-29T02:14:12Z</time></trkpt><trkpt lat="-39.3592857756" lon="-72.6210244931"><ele>118.49</ele><time>2024-08-29T02:14:14Z</time></trkpt><trkpt lat="-39.3592628930" lon="-72.6210455317"><ele>117.54</ele><time>2024-08-29T02:14:15Z</time></trkpt><trkpt lat="-39.3592345621" lon="-72.6210813224"><ele>116.81</ele><time>2024-08-29T02:14:17Z</time></trkpt><trkpt lat="-39.3591949157" lon="-72.6211669855"><ele>116.15</ele><time>2024-08-29T02:14:20Z</time></trkpt><trkpt lat="-39.3591933232" lon="-72.6212190371"><ele>116.14</ele><time>2024-08-29T02:14:21Z</time></trkpt><trkpt lat="-39.3592012860" lon="-72.6212837454"><ele>115.97</ele><time>2024-08-29T02:14:22Z</time></trkpt><trkpt lat="-39.3592221569" lon="-72.6213546563"><ele>115.78</ele><time>2024-08-29T02:14:23Z</time></trkpt><trkpt lat="-39.3592534214" lon="-72.6214285847"><ele>115.66</ele><time>2024-08-29T02:14:24Z</time></trkpt><trkpt lat="-39.3592903018" lon="-72.6215072069"><ele>115.15</ele><time>2024-08-29T02:14:25Z</time></trkpt><trkpt lat="-39.3593326304" lon="-72.6215926185"><ele>114.69</ele><time>2024-08-29T02:14:26Z</time></trkpt><trkpt lat="-39.3598718382" lon="-72.6225491613"><ele>112.22</ele><time>2024-08-29T02:14:37Z</time></trkpt><trkpt lat="-39.3599362951" lon="-72.6226209942"><ele>112.05</ele><time>2024-08-29T02:14:38Z</time></trkpt><trkpt lat="-39.3600099720" lon="-72.6226810925"><ele>111.81</ele><time>2024-08-29T02:14:39Z</time></trkpt><trkpt lat="-39.3600857444" lon="-72.6227374189"><ele>111.48</ele><time>2024-08-29T02:14:40Z</time></trkpt><trkpt lat="-39.3601673003" lon="-72.6227852795"><ele>111.23</ele><time>2024-08-29T02:14:41Z</time></trkpt><trkpt lat="-39.3602506164" lon="-72.6228194777"><ele>111.01</ele><time>2024-08-29T02:14:42Z</time></trkpt><trkpt lat="-39.3603417277" lon="-72.6228402648"><ele>110.81</ele><time>2024-08-29T02:14:43Z</time></trkpt><trkpt lat="-39.3604338448" lon="-72.6228514966"><ele>110.66</ele><time>2024-08-29T02:14:44Z</time></trkpt><trkpt lat="-39.3605231959" lon="-72.6228632312"><ele>110.69</ele><time>2024-08-29T02:14:45Z</time></trkpt><trkpt lat="-39.3609460630" lon="-72.6229198929"><ele>111.81</ele><time>2024-08-29T02:14:50Z</time></trkpt><trkpt lat="-39.3610305525" lon="-72.6229464635"><ele>112.28</ele><time>2024-08-29T02:14:51Z</time></trkpt><trkpt lat="-39.3618337903" lon="-72.6235115714"><ele>112.28</ele><time>2024-08-29T02:15:01Z</time></trkpt><trkpt lat="-39.3623080384" lon="-72.6239942852"><ele>111.27</ele><time>2024-08-29T02:15:08Z</time></trkpt><trkpt lat="-39.3623900972" lon="-72.6240449958"><ele>111.16</ele><time>2024-08-29T02:15:09Z</time></trkpt><trkpt lat="-39.3624723237" lon="-72.6240824629"><ele>111.06</ele><time>2024-08-29T02:15:10Z</time></trkpt><trkpt lat="-39.3625558075" lon="-72.6241060160"><ele>111.12</ele><time>2024-08-29T02:15:11Z</time></trkpt><trkpt lat="-39.3626453262" lon="-72.6241215225"><ele>111.15</ele><time>2024-08-29T02:15:12Z</time></trkpt><trkpt lat="-39.3627352640" lon="-72.6241320837"><ele>111.21</ele><time>2024-08-29T02:15:13Z</time></trkpt><trkpt lat="-39.3632590491" lon="-72.6241783518"><ele>111.79</ele><time>2024-08-29T02:15:19Z</time></trkpt><trkpt lat="-39.3633469753" lon="-72.6242102869"><ele>111.89</ele><time>2024-08-29T02:15:20Z</time></trkpt><trkpt lat="-39.3634245079" lon="-72.6242444012"><ele>111.91</ele><time>2024-08-29T02:15:21Z</time></trkpt><trkpt lat="-39.3634957541" lon="-72.6242858917"><ele>111.97</ele><time>2024-08-29T02:15:22Z</time></trkpt><trkpt lat="-39.3635610491" lon="-72.6243309863"><ele>111.94</ele><time>2024-08-29T02:15:23Z</time></trkpt><trkpt lat="-39.3636203092" lon="-72.6243787631"><ele>111.98</ele><time>2024-08-29T02:15:24Z</time></trkpt><trkpt lat="-39.3636721931" lon="-72.6244290546"><ele>112.15</ele><time>2024-08-29T02:15:25Z</time></trkpt><trkpt lat="-39.3637173716" lon="-72.6244811062"><ele>112.06</ele><time>2024-08-29T02:15:26Z</time></trkpt><trkpt lat="-39.3637550063" lon="-72.6245267875"><ele>112.12</ele><time>2024-08-29T02:15:27Z</time></trkpt><trkpt lat="-39.3637884501" lon="-72.6245652605"><ele>111.90</ele><time>2024-08-29T02:15:28Z</time></trkpt><trkpt lat="-39.3638201337" lon="-72.6245886460"><ele>111.83</ele><time>2024-08-29T02:15:29Z</time></trkpt><trkpt lat="-39.3638500571" lon="-72.6245923340"><ele>111.94</ele><time>2024-08-29T02:15:30Z</time></trkpt><trkpt lat="-39.3638738617" lon="-72.6245749835"><ele>111.94</ele><time>2024-08-29T02:15:31Z</time></trkpt><trkpt lat="-39.3638906255" lon="-72.6245431323"><ele>111.81</ele><time>2024-08-29T02:15:32Z</time></trkpt><trkpt lat="-39.3638993427" lon="-72.6244964451"><ele>111.70</ele><time>2024-08-29T02:15:33Z</time></trkpt><trkpt lat="-39.3639001809" lon="-72.6244324073"><ele>111.54</ele><time>2024-08-29T02:15:34Z</time></trkpt><trkpt lat="-39.3639007676" lon="-72.6243605744"><ele>111.23</ele><time>2024-08-29T02:15:35Z</time></trkpt><trkpt lat="-39.3638996780" lon="-72.6239871606"><ele>109.87</ele><time>2024-08-29T02:15:40Z</time></trkpt><trkpt lat="-39.3638850097" lon="-72.6239304151"><ele>109.83</ele><time>2024-08-29T02:15:41Z</time></trkpt><trkpt lat="-39.3638630491" lon="-72.6238810457"><ele>109.64</ele><time>2024-08-29T02:15:42Z</time></trkpt><trkpt lat="-39.3638358917" lon="-72.6238399744"><ele>109.67</ele><time>2024-08-29T02:15:43Z</time></trkpt><trkpt lat="-39.3638038728" lon="-72.6238103025"><ele>109.69</ele><time>2024-08-29T02:15:44Z</time></trkpt><trkpt lat="-39.3637676630" lon="-72.6237805467"><ele>109.75</ele><time>2024-08-29T02:15:45Z</time></trkpt><trkpt lat="-39.3637295254" lon="-72.6237510424"><ele>109.79</ele><time>2024-08-29T02:15:46Z</time></trkpt><trkpt lat="-39.3636934832" lon="-72.6237204485"><ele>109.75</ele><time>2024-08-29T02:15:47Z</time></trkpt><trkpt lat="-39.3636581954" lon="-72.6236850768"><ele>109.72</ele><time>2024-08-29T02:15:48Z</time></trkpt><trkpt lat="-39.3636205606" lon="-72.6236474421"><ele>109.72</ele><time>2024-08-29T02:15:49Z</time></trkpt><trkpt lat="-39.3632566184" lon="-72.6233204640"><ele>110.00</ele><time>2024-08-29T02:15:57Z</time></trkpt><trkpt lat="-39.3632242642" lon="-72.6232609525"><ele>110.17</ele><time>2024-08-29T02:15:58Z</time></trkpt><trkpt lat="-39.3632046506" lon="-72.6231888682"><ele>110.19</ele><time>2024-08-29T02:15:59Z</time></trkpt><trkpt lat="-39.3631971907" lon="-72.6231108326"><ele>110.21</ele><time>2024-08-29T02:16:00Z</time></trkpt><trkpt lat="-39.3631949276" lon="-72.6230233256"><ele>110.32</ele><time>2024-08-29T02:16:01Z</time></trkpt><trkpt lat="-39.3632270303" lon="-72.6222521067"><ele>110.36</ele><time>2024-08-29T02:16:12Z</time></trkpt><trkpt lat="-39.3632468954" lon="-72.6222377736"><ele>110.24</ele><time>2024-08-29T02:16:13Z</time></trkpt><trkpt lat="-39.3632712867" lon="-72.6222348399"><ele>110.33</ele><time>2024-08-29T02:16:14Z</time></trkpt><trkpt lat="-39.3632997014" lon="-72.6222507656"><ele>110.41</ele><time>2024-08-29T02:16:15Z</time></trkpt><trkpt lat="-39.3633332290" lon="-72.6222808566"><ele>110.41</ele><time>2024-08-29T02:16:16Z</time></trkpt><trkpt lat="-39.3633674271" lon="-72.6223147195"><ele>110.47</ele><time>2024-08-29T02:16:17Z</time></trkpt><trkpt lat="-39.3635175470" lon="-72.6224443037"><ele>110.39</ele><time>2024-08-29T02:16:23Z</time></trkpt><trkpt lat="-39.3635310419" lon="-72.6224386040"><ele>110.36</ele><time>2024-08-29T02:16:24Z</time></trkpt><trkpt lat="-39.3635431118" lon="-72.6224177331"><ele>110.26</ele><time>2024-08-29T02:16:26Z</time></trkpt><trkpt lat="-39.3635460455" lon="-72.6223871391"><ele>110.27</ele><time>2024-08-29T02:16:28Z</time></trkpt><trkpt lat="-39.3635555170" lon="-72.6219256315"><ele>110.81</ele><time>2024-08-29T02:16:36Z</time></trkpt><trkpt lat="-39.3635483924" lon="-72.6214397326"><ele>110.74</ele><time>2024-08-29T02:16:46Z</time></trkpt><trkpt lat="-39.3632987794" lon="-72.6211781334"><ele>110.63</ele><time>2024-08-29T02:16:54Z</time></trkpt><trkpt lat="-39.3632808421" lon="-72.6211726852"><ele>110.47</ele><time>2024-08-29T02:16:55Z</time></trkpt><trkpt lat="-39.3632602226" lon="-72.6211780496"><ele>110.44</ele><time>2024-08-29T02:16:56Z</time></trkpt><trkpt lat="-39.3632391840" lon="-72.6212001778"><ele>110.23</ele><time>2024-08-29T02:16:57Z</time></trkpt><trkpt lat="-39.3632227555" lon="-72.6212421712"><ele>110.20</ele><time>2024-08-29T02:16:58Z</time></trkpt><trkpt lat="-39.3632145412" lon="-72.6212897804"><ele>110.29</ele><time>2024-08-29T02:16:59Z</time></trkpt><trkpt lat="-39.3632117752" lon="-72.6213511359"><ele>110.42</ele><time>2024-08-29T02:17:00Z</time></trkpt><trkpt lat="-39.3632112723" lon="-72.6214130782"><ele>110.48</ele><time>2024-08-29T02:17:01Z</time></trkpt><trkpt lat="-39.3631851207" lon="-72.6216768567"><ele>110.28</ele><time>2024-08-29T02:17:07Z</time></trkpt><trkpt lat="-39.3631631602" lon="-72.6216963027"><ele>110.24</ele><time>2024-08-29T02:17:08Z</time></trkpt><trkpt lat="-39.3631344941" lon="-72.6217054389"><ele>110.39</ele><time>2024-08-29T02:17:09Z</time></trkpt><trkpt lat="-39.3630945124" lon="-72.6217065286"><ele>110.54</ele><time>2024-08-29T02:17:10Z</time></trkpt><trkpt lat="-39.3630418740" lon="-72.6217076182"><ele>110.61</ele><time>2024-08-29T02:17:11Z</time></trkpt><trkpt lat="-39.3625754211" lon="-72.6217172574"><ele>110.53</ele><time>2024-08-29T02:17:22Z</time></trkpt><trkpt lat="-39.3625473417" lon="-72.6217802055"><ele>110.66</ele><time>2024-08-29T02:17:24Z</time></trkpt><trkpt lat="-39.3625428155" lon="-72.6218248811"><ele>110.82</ele><time>2024-08-29T02:17:25Z</time></trkpt><trkpt lat="-39.3625375349" lon="-72.6218620967"><ele>110.70</ele><time>2024-08-29T02:17:26Z</time></trkpt><trkpt lat="-39.3625283986" lon="-72.6218916848"><ele>110.83</ele><time>2024-08-29T02:17:27Z</time></trkpt><trkpt lat="-39.3625105452" lon="-72.6219098736"><ele>110.81</ele><time>2024-08-29T02:17:28Z</time></trkpt><trkpt lat="-39.3624885846" lon="-72.6219268050"><ele>110.85</ele><time>2024-08-29T02:17:29Z</time></trkpt><trkpt lat="-39.3624521233" lon="-72.6219444908"><ele>110.94</ele><time>2024-08-29T02:17:30Z</time></trkpt><trkpt lat="-39.3624092918" lon="-72.6219573151"><ele>110.98</ele><time>2024-08-29T02:17:31Z</time></trkpt><trkpt lat="-39.3623601738" lon="-72.6219692174"><ele>111.04</ele><time>2024-08-29T02:17:32Z</time></trkpt><trkpt lat="-39.3621980678" lon="-72.6220081933"><ele>111.15</ele><time>2024-08-29T02:17:35Z</time></trkpt><trkpt lat="-39.3621429987" lon="-72.6220197603"><ele>111.09</ele><time>2024-08-29T02:17:36Z</time></trkpt><trkpt lat="-39.3620950542" lon="-72.6220299862"><ele>110.95</ele><time>2024-08-29T02:17:37Z</time></trkpt><trkpt lat="-39.3620517198" lon="-72.6220294833"><ele>110.82</ele><time>2024-08-29T02:17:38Z</time></trkpt><trkpt lat="-39.3620128278" lon="-72.6220163237"><ele>110.75</ele><time>2024-08-29T02:17:39Z</time></trkpt><trkpt lat="-39.3619782943" lon="-72.6219874062"><ele>110.76</ele><time>2024-08-29T02:17:40Z</time></trkpt><trkpt lat="-39.3619447667" lon="-72.6219486818"><ele>110.70</ele><time>2024-08-29T02:17:41Z</time></trkpt><trkpt lat="-39.3618005142" lon="-72.6217451692"><ele>110.50</ele><time>2024-08-29T02:17:46Z</time></trkpt><trkpt lat="-39.3618000112" lon="-72.6217077021"><ele>110.43</ele><time>2024-08-29T02:17:47Z</time></trkpt><trkpt lat="-39.3618135061" lon="-72.6216760185"><ele>110.53</ele><time>2024-08-29T02:17:48Z</time></trkpt><trkpt lat="-39.3618369754" lon="-72.6216491964"><ele>110.34</ele><time>2024-08-29T02:17:49Z</time></trkpt><trkpt lat="-39.3618741911" lon="-72.6216278225"><ele>110.29</ele><time>2024-08-29T02:17:50Z</time></trkpt><trkpt lat="-39.3619208783" lon="-72.6216069516"><ele>110.29</ele><time>2024-08-29T02:17:51Z</time></trkpt><trkpt lat="-39.3619777914" lon="-72.6215890143"><ele>110.31</ele><time>2024-08-29T02:17:52Z</time></trkpt><trkpt lat="-39.3625094555" lon="-72.6214986574"><ele>110.44</ele><time>2024-08-29T02:18:03Z</time></trkpt><trkpt lat="-39.3625465874" lon="-72.6214475278"><ele>110.59</ele><time>2024-08-29T02:18:05Z</time></trkpt><trkpt lat="-39.3625598308" lon="-72.6213989127"><ele>110.51</ele><time>2024-08-29T02:18:06Z</time></trkpt><trkpt lat="-39.3625715654" lon="-72.6213327795"><ele>110.70</ele><time>2024-08-29T02:18:07Z</time></trkpt><trkpt lat="-39.3625777680" lon="-72.6212427579"><ele>110.72</ele><time>2024-08-29T02:18:08Z</time></trkpt><trkpt lat="-39.3625791930" lon="-72.6211401634"><ele>110.78</ele><time>2024-08-29T02:18:09Z</time></trkpt><trkpt lat="-39.3625786901" lon="-72.6210333779"><ele>110.92</ele><time>2024-08-29T02:18:10Z</time></trkpt><trkpt lat="-39.3625834677" lon="-72.6206574496"><ele>110.63</ele><time>2024-08-29T02:18:14Z</time></trkpt><trkpt lat="-39.3625998963" lon="-72.6205987763"><ele>110.50</ele><time>2024-08-29T02:18:15Z</time></trkpt><trkpt lat="-39.3626289815" lon="-72.6205583755"><ele>110.34</ele><time>2024-08-29T02:18:16Z</time></trkpt><trkpt lat="-39.3626698852" lon="-72.6205355767"><ele>110.16</ele><time>2024-08-29T02:18:17Z</time></trkpt><trkpt lat="-39.3627278041" lon="-72.6205288712"><ele>110.29</ele><time>2024-08-29T02:18:18Z</time></trkpt><trkpt lat="-39.3627972063" lon="-72.6205300447"><ele>110.38</ele><time>2024-08-29T02:18:19Z</time></trkpt><trkpt lat="-39.3628735654" lon="-72.6205339842"><ele>110.54</ele><time>2024-08-29T02:18:20Z</time></trkpt><trkpt lat="-39.3639193755" lon="-72.6205951720"><ele>110.70</ele><time>2024-08-29T02:18:35Z</time></trkpt><trkpt lat="-39.3640194554" lon="-72.6204887219"><ele>110.63</ele><time>2024-08-29T02:18:40Z</time></trkpt><trkpt lat="-39.3640311062" lon="-72.6204261091"><ele>110.59</ele><time>2024-08-29T02:18:41Z</time></trkpt><trkpt lat="-39.3640362192" lon="-72.6203524321"><ele>110.93</ele><time>2024-08-29T02:18:42Z</time></trkpt><trkpt lat="-39.3640016019" lon="-72.6201402023"><ele>110.83</ele><time>2024-08-29T02:18:46Z</time></trkpt><trkpt lat="-39.3639772106" lon="-72.6201210916"><ele>110.66</ele><time>2024-08-29T02:18:47Z</time></trkpt><trkpt lat="-39.3639426772" lon="-72.6201091055"><ele>110.63</ele><time>2024-08-29T02:18:48Z</time></trkpt><trkpt lat="-39.3638989236" lon="-72.6201019809"><ele>110.76</ele><time>2024-08-29T02:18:49Z</time></trkpt><trkpt lat="-39.3638524879" lon="-72.6200999692"><ele>110.95</ele><time>2024-08-29T02:18:50Z</time></trkpt><trkpt lat="-39.3637997657" lon="-72.6201002207"><ele>110.98</ele><time>2024-08-29T02:18:51Z</time></trkpt><trkpt lat="-39.3630401138" lon="-72.6200892404"><ele>111.05</ele><time>2024-08-29T02:19:03Z</time></trkpt><trkpt lat="-39.3626413029" lon="-72.6200442296"><ele>110.24</ele><time>2024-08-29T02:19:12Z</time></trkpt><trkpt lat="-39.3626315799" lon="-72.6200049184"><ele>110.17</ele><time>2024-08-29T02:19:13Z</time></trkpt><trkpt lat="-39.3626320828" lon="-72.6199469995"><ele>110.04</ele><time>2024-08-29T02:19:14Z</time></trkpt><trkpt lat="-39.3626435660" lon="-72.6198064350"><ele>109.99</ele><time>2024-08-29T02:19:16Z</time></trkpt><trkpt lat="-39.3626558874" lon="-72.6197422296"><ele>110.10</ele><time>2024-08-29T02:19:17Z</time></trkpt><trkpt lat="-39.3626795243" lon="-72.6196945366"><ele>109.92</ele><time>2024-08-29T02:19:18Z</time></trkpt><trkpt lat="-39.3627143931" lon="-72.6196630206"><ele>110.02</ele><time>2024-08-29T02:19:19Z</time></trkpt><trkpt lat="-39.3627597392" lon="-72.6196441613"><ele>110.09</ele><time>2024-08-29T02:19:20Z</time></trkpt><trkpt lat="-39.3628158141" lon="-72.6196375396"><ele>110.00</ele><time>2024-08-29T02:19:21Z</time></trkpt><trkpt lat="-39.3628827017" lon="-72.6196374558"><ele>110.10</ele><time>2024-08-29T02:19:22Z</time></trkpt><trkpt lat="-39.3637187965" lon="-72.6196609251"><ele>110.83</ele><time>2024-08-29T02:19:34Z</time></trkpt><trkpt lat="-39.3640265800" lon="-72.6196512859"><ele>110.82</ele><time>2024-08-29T02:19:42Z</time></trkpt><trkpt lat="-39.3640464451" lon="-72.6196084544"><ele>110.83</ele><time>2024-08-29T02:19:43Z</time></trkpt><trkpt lat="-39.3640582636" lon="-72.6195506193"><ele>110.93</ele><time>2024-08-29T02:19:44Z</time></trkpt><trkpt lat="-39.3640650529" lon="-72.6194830611"><ele>111.04</ele><time>2024-08-29T02:19:45Z</time></trkpt><trkpt lat="-39.3640681542" lon="-72.6194134075"><ele>111.23</ele><time>2024-08-29T02:19:46Z</time></trkpt><trkpt lat="-39.3640400749" lon="-72.6192279160"><ele>111.16</ele><time>2024-08-29T02:19:50Z</time></trkpt><trkpt lat="-39.3640127499" lon="-72.6192053687"><ele>111.20</ele><time>2024-08-29T02:19:51Z</time></trkpt><trkpt lat="-39.3639793899" lon="-72.6191904489"><ele>111.33</ele><time>2024-08-29T02:19:52Z</time></trkpt><trkpt lat="-39.3639389891" lon="-72.6191815641"><ele>111.14</ele><time>2024-08-29T02:19:53Z</time></trkpt><trkpt lat="-39.3638933077" lon="-72.6191750262"><ele>111.29</ele><time>2024-08-29T02:19:54Z</time></trkpt><trkpt lat="-39.3638448603" lon="-72.6191718411"><ele>111.31</ele><time>2024-08-29T02:19:55Z</time></trkpt><trkpt lat="-39.3637937307" lon="-72.6191699132"><ele>111.31</ele><time>2024-08-29T02:19:56Z</time></trkpt><trkpt lat="-39.3631747272" lon="-72.6191515569"><ele>110.67</ele><time>2024-08-29T02:20:10Z</time></trkpt><trkpt lat="-39.3627756648" lon="-72.6191179454"><ele>109.97</ele><time>2024-08-29T02:20:19Z</time></trkpt><trkpt lat="-39.3627634272" lon="-72.6191010978"><ele>110.10</ele><time>2024-08-29T02:20:20Z</time></trkpt><trkpt lat="-39.3627547100" lon="-72.6190739404"><ele>110.10</ele><time>2024-08-29T02:20:21Z</time></trkpt><trkpt lat="-39.3627551291" lon="-72.6190341264"><ele>110.14</ele><time>2024-08-29T02:20:22Z</time></trkpt><trkpt lat="-39.3627666123" lon="-72.6189840864"><ele>110.10</ele><time>2024-08-29T02:20:23Z</time></trkpt><trkpt lat="-39.3627862260" lon="-72.6189259160"><ele>110.26</ele><time>2024-08-29T02:20:24Z</time></trkpt><trkpt lat="-39.3628116231" lon="-72.6188652311"><ele>110.34</ele><time>2024-08-29T02:20:25Z</time></trkpt><trkpt lat="-39.3628397863" lon="-72.6188099943"><ele>110.39</ele><time>2024-08-29T02:20:26Z</time></trkpt><trkpt lat="-39.3628676143" lon="-72.6187663246"><ele>110.50</ele><time>2024-08-29T02:20:27Z</time></trkpt><trkpt lat="-39.3628972024" lon="-72.6187377423"><ele>110.43</ele><time>2024-08-29T02:20:28Z</time></trkpt><trkpt lat="-39.3629326578" lon="-72.6187219005"><ele>110.29</ele><time>2024-08-29T02:20:29Z</time></trkpt><trkpt lat="-39.3629737291" lon="-72.6187167875"><ele>110.32</ele><time>2024-08-29T02:20:30Z</time></trkpt><trkpt lat="-39.3630232662" lon="-72.6187169552"><ele>110.31</ele><time>2024-08-29T02:20:31Z</time></trkpt><trkpt lat="-39.3639407493" lon="-72.6187488902"><ele>111.06</ele><time>2024-08-29T02:20:46Z</time></trkpt><trkpt lat="-39.3639934715" lon="-72.6187602896"><ele>111.12</ele><time>2024-08-29T02:20:48Z</time></trkpt><trkpt lat="-39.3640151806" lon="-72.6187558472"><ele>111.02</ele><time>2024-08-29T02:20:49Z</time></trkpt><trkpt lat="-39.3640356325" lon="-72.6187381614"><ele>111.06</ele><time>2024-08-29T02:20:50Z</time></trkpt><trkpt lat="-39.3640527315" lon="-72.6187026221"><ele>111.00</ele><time>2024-08-29T02:20:51Z</time></trkpt><trkpt lat="-39.3640632927" lon="-72.6186561864"><ele>111.09</ele><time>2024-08-29T02:20:52Z</time></trkpt><trkpt lat="-39.3640699983" lon="-72.6185975131"><ele>111.09</ele><time>2024-08-29T02:20:53Z</time></trkpt><trkpt lat="-39.3640725967" lon="-72.6185322180"><ele>111.30</ele><time>2024-08-29T02:20:54Z</time></trkpt><trkpt lat="-39.3640741892" lon="-72.6184665039"><ele>111.36</ele><time>2024-08-29T02:20:55Z</time></trkpt><trkpt lat="-39.3640698306" lon="-72.6184114348"><ele>111.36</ele><time>2024-08-29T02:20:56Z</time></trkpt><trkpt lat="-39.3640568387" lon="-72.6183705311"><ele>111.30</ele><time>2024-08-29T02:20:57Z</time></trkpt><trkpt lat="-39.3640347943" lon="-72.6183355786"><ele>111.25</ele><time>2024-08-29T02:20:58Z</time></trkpt><trkpt lat="-39.3640043680" lon="-72.6183095109"><ele>111.27</ele><time>2024-08-29T02:20:59Z</time></trkpt><trkpt lat="-39.3639637996" lon="-72.6182974409"><ele>111.28</ele><time>2024-08-29T02:21:00Z</time></trkpt><trkpt lat="-39.3639133405" lon="-72.6182909869"><ele>111.33</ele><time>2024-08-29T02:21:01Z</time></trkpt><trkpt lat="-39.3632856198" lon="-72.6182798389"><ele>110.91</ele><time>2024-08-29T02:21:12Z</time></trkpt><trkpt lat="-39.3631702010" lon="-72.6182327326"><ele>110.57</ele><time>2024-08-29T02:21:17Z</time></trkpt><trkpt lat="-39.3631721288" lon="-72.6181960199"><ele>110.59</ele><time>2024-08-29T02:21:18Z</time></trkpt><trkpt lat="-39.3631822709" lon="-72.6181519311"><ele>110.58</ele><time>2024-08-29T02:21:19Z</time></trkpt><trkpt lat="-39.3631999567" lon="-72.6181002986"><ele>110.74</ele><time>2024-08-29T02:21:20Z</time></trkpt><trkpt lat="-39.3632237613" lon="-72.6180404518"><ele>110.69</ele><time>2024-08-29T02:21:21Z</time></trkpt><trkpt lat="-39.3634511624" lon="-72.6178281382"><ele>110.89</ele><time>2024-08-29T02:21:28Z</time></trkpt><trkpt lat="-39.3635017052" lon="-72.6178217679"><ele>111.07</ele><time>2024-08-29T02:21:29Z</time></trkpt><trkpt lat="-39.3640063796" lon="-72.6178568043"><ele>111.50</ele><time>2024-08-29T02:21:39Z</time></trkpt><trkpt lat="-39.3640161026" lon="-72.6178613305"><ele>111.42</ele><time>2024-08-29T02:21:44Z</time></trkpt><trkpt lat="-39.3640679866" lon="-72.6177909225"><ele>111.48</ele><time>2024-08-29T02:21:47Z</time></trkpt><trkpt lat="-39.3640776258" lon="-72.6177344285"><ele>111.56</ele><time>2024-08-29T02:21:48Z</time></trkpt><trkpt lat="-39.3640825711" lon="-72.6176680438"><ele>111.75</ele><time>2024-08-29T02:21:49Z</time></trkpt><trkpt lat="-39.3640627060" lon="-72.6174568199"><ele>111.60</ele><time>2024-08-29T02:21:53Z</time></trkpt><trkpt lat="-39.3640341237" lon="-72.6174300816"><ele>111.84</ele><time>2024-08-29T02:21:54Z</time></trkpt><trkpt lat="-39.3639953993" lon="-72.6174170896"><ele>111.84</ele><time>2024-08-29T02:21:55Z</time></trkpt><trkpt lat="-39.3639489636" lon="-72.6174072828"><ele>112.02</ele><time>2024-08-29T02:21:56Z</time></trkpt><trkpt lat="-39.3638950679" lon="-72.6173960511"><ele>112.06</ele><time>2024-08-29T02:21:57Z</time></trkpt><trkpt lat="-39.3638327066" lon="-72.6173900999"><ele>112.01</ele><time>2024-08-29T02:21:58Z</time></trkpt><trkpt lat="-39.3637691718" lon="-72.6173865795"><ele>111.93</ele><time>2024-08-29T02:21:59Z</time></trkpt><trkpt lat="-39.3635177147" lon="-72.6173524652"><ele>111.36</ele><time>2024-08-29T02:22:06Z</time></trkpt><trkpt lat="-39.3635080755" lon="-72.6173225418"><ele>111.43</ele><time>2024-08-29T02:22:07Z</time></trkpt><trkpt lat="-39.3635098357" lon="-72.6172823086"><ele>111.28</ele><time>2024-08-29T02:22:08Z</time></trkpt><trkpt lat="-39.3635211512" lon="-72.6172283292"><ele>111.32</ele><time>2024-08-29T02:22:09Z</time></trkpt><trkpt lat="-39.3635398429" lon="-72.6171632018"><ele>111.54</ele><time>2024-08-29T02:22:10Z</time></trkpt><trkpt lat="-39.3635626417" lon="-72.6170969848"><ele>111.73</ele><time>2024-08-29T02:22:11Z</time></trkpt><trkpt lat="-39.3635913078" lon="-72.6170354616"><ele>111.75</ele><time>2024-08-29T02:22:12Z</time></trkpt><trkpt lat="-39.3636242487" lon="-72.6169866789"><ele>111.80</ele><time>2024-08-29T02:22:13Z</time></trkpt><trkpt lat="-39.3636653200" lon="-72.6169546600"><ele>111.80</ele><time>2024-08-29T02:22:14Z</time></trkpt><trkpt lat="-39.3637142703" lon="-72.6169383153"><ele>111.85</ele><time>2024-08-29T02:22:15Z</time></trkpt><trkpt lat="-39.3637686688" lon="-72.6169346273"><ele>111.80</ele><time>2024-08-29T02:22:16Z</time></trkpt><trkpt lat="-39.3638261687" lon="-72.6169364713"><ele>111.75</ele><time>2024-08-29T02:22:17Z</time></trkpt><trkpt lat="-39.3639846705" lon="-72.6169636287"><ele>111.81</ele><time>2024-08-29T02:22:20Z</time></trkpt><trkpt lat="-39.3640203774" lon="-72.6169955637"><ele>111.92</ele><time>2024-08-29T02:22:21Z</time></trkpt><trkpt lat="-39.3640430085" lon="-72.6170439273"><ele>112.30</ele><time>2024-08-29T02:22:22Z</time></trkpt><trkpt lat="-39.3640537374" lon="-72.6171090547"><ele>112.27</ele><time>2024-08-29T02:22:23Z</time></trkpt><trkpt lat="-39.3640544079" lon="-72.6171911135"><ele>112.26</ele><time>2024-08-29T02:22:24Z</time></trkpt><trkpt lat="-39.3640505522" lon="-72.6172834821"><ele>112.22</ele><time>2024-08-29T02:22:25Z</time></trkpt><trkpt lat="-39.3640539888" lon="-72.6184577029"><ele>112.12</ele><time>2024-08-29T02:22:37Z</time></trkpt><trkpt lat="-39.3640007637" lon="-72.6199707203"><ele>111.48</ele><time>2024-08-29T02:22:53Z</time></trkpt><trkpt lat="-39.3639979977" lon="-72.6210794784"><ele>111.22</ele><time>2024-08-29T02:23:06Z</time></trkpt><trkpt lat="-39.3639515620" lon="-72.6215074584"><ele>110.90</ele><time>2024-08-29T02:23:12Z</time></trkpt><trkpt lat="-39.3639213033" lon="-72.6216357015"><ele>110.71</ele><time>2024-08-29T02:23:15Z</time></trkpt><trkpt lat="-39.3639208842" lon="-72.6216619369"><ele>110.78</ele><time>2024-08-29T02:23:16Z</time></trkpt><trkpt lat="-39.3639156874" lon="-72.6216799580"><ele>110.67</ele><time>2024-08-29T02:23:17Z</time></trkpt><trkpt lat="-39.3639112450" lon="-72.6216957998"><ele>110.82</ele><time>2024-08-29T02:23:18Z</time></trkpt><trkpt lat="-39.3639083952" lon="-72.6217085402"><ele>110.79</ele><time>2024-08-29T02:23:19Z</time></trkpt><trkpt lat="-39.3639042042" lon="-72.6217387989"><ele>110.84</ele><time>2024-08-29T02:23:25Z</time></trkpt><trkpt lat="-39.3639059644" lon="-72.6217548922"><ele>110.67</ele><time>2024-08-29T02:23:26Z</time></trkpt><trkpt lat="-39.3639078084" lon="-72.6217791159"><ele>110.62</ele><time>2024-08-29T02:23:27Z</time></trkpt><trkpt lat="-39.3639101554" lon="-72.6218141522"><ele>110.64</ele><time>2024-08-29T02:23:28Z</time></trkpt><trkpt lat="-39.3639114127" lon="-72.6218559779"><ele>110.63</ele><time>2024-08-29T02:23:29Z</time></trkpt><trkpt lat="-39.3639109097" lon="-72.6219028328"><ele>110.69</ele><time>2024-08-29T02:23:30Z</time></trkpt><trkpt lat="-39.3638928048" lon="-72.6227326412"><ele>110.79</ele><time>2024-08-29T02:23:41Z</time></trkpt><trkpt lat="-39.3638645578" lon="-72.6244248636"><ele>111.38</ele><time>2024-08-29T02:23:59Z</time></trkpt><trkpt lat="-39.3638513982" lon="-72.6246898994"><ele>112.52</ele><time>2024-08-29T02:24:06Z</time></trkpt><trkpt lat="-39.3638726044" lon="-72.6247440465"><ele>112.42</ele><time>2024-08-29T02:24:07Z</time></trkpt><trkpt lat="-39.3639037851" lon="-72.6248049829"><ele>112.62</ele><time>2024-08-29T02:24:08Z</time></trkpt><trkpt lat="-39.3639432639" lon="-72.6248759776"><ele>112.89</ele><time>2024-08-29T02:24:09Z</time></trkpt><trkpt lat="-39.3641932122" lon="-72.6252441946"><ele>112.35</ele><time>2024-08-29T02:24:15Z</time></trkpt><trkpt lat="-39.3642263208" lon="-72.6252514031"><ele>112.46</ele><time>2024-08-29T02:24:16Z</time></trkpt><trkpt lat="-39.3642563280" lon="-72.6252320409"><ele>112.13</ele><time>2024-08-29T02:24:17Z</time></trkpt><trkpt lat="-39.3642803840" lon="-72.6251891255"><ele>111.90</ele><time>2024-08-29T02:24:18Z</time></trkpt><trkpt lat="-39.3642920349" lon="-72.6251256745"><ele>111.77</ele><time>2024-08-29T02:24:19Z</time></trkpt><trkpt lat="-39.3642963096" lon="-72.6250477228"><ele>111.65</ele><time>2024-08-29T02:24:20Z</time></trkpt><trkpt lat="-39.3642952200" lon="-72.6249568630"><ele>111.46</ele><time>2024-08-29T02:24:21Z</time></trkpt><trkpt lat="-39.3643108103" lon="-72.6236087177"><ele>112.02</ele><time>2024-08-29T02:24:35Z</time></trkpt><trkpt lat="-39.3643252272" lon="-72.6225319784"><ele>112.09</ele><time>2024-08-29T02:24:48Z</time></trkpt><trkpt lat="-39.3643780332" lon="-72.6213382278"><ele>111.81</ele><time>2024-08-29T02:25:00Z</time></trkpt><trkpt lat="-39.3643917795" lon="-72.6190982480"><ele>111.71</ele><time>2024-08-29T02:25:22Z</time></trkpt><trkpt lat="-39.3644025922" lon="-72.6179604046"><ele>111.59</ele><time>2024-08-29T02:25:33Z</time></trkpt><trkpt lat="-39.3644008320" lon="-72.6158332452"><ele>114.25</ele><time>2024-08-29T02:25:54Z</time></trkpt><trkpt lat="-39.3644175958" lon="-72.6146569289"><ele>117.35</ele><time>2024-08-29T02:26:06Z</time></trkpt><trkpt lat="-39.3644462619" lon="-72.6138240192"><ele>120.32</ele><time>2024-08-29T02:26:15Z</time></trkpt><trkpt lat="-39.3645248003" lon="-72.6134841330"><ele>121.36</ele><time>2024-08-29T02:26:19Z</time></trkpt><trkpt lat="-39.3645612616" lon="-72.6129502896"><ele>125.12</ele><time>2024-08-29T02:26:25Z</time></trkpt><trkpt lat="-39.3645624351" lon="-72.6127795503"><ele>125.89</ele><time>2024-08-29T02:26:27Z</time></trkpt><trkpt lat="-39.3645725772" lon="-72.6120399311"><ele>127.09</ele><time>2024-08-29T02:26:36Z</time></trkpt><trkpt lat="-39.3646952882" lon="-72.6118062437"><ele>127.49</ele><time>2024-08-29T02:26:41Z</time></trkpt><trkpt lat="-39.3653293792" lon="-72.6114356797"><ele>131.07</ele><time>2024-08-29T02:26:51Z</time></trkpt><trkpt lat="-39.3655022979" lon="-72.6116372645"><ele>131.76</ele><time>2024-08-29T02:26:58Z</time></trkpt><trkpt lat="-39.3653155491" lon="-72.6119774859"><ele>131.51</ele><time>2024-08-29T02:27:07Z</time></trkpt><trkpt lat="-39.3648286443" lon="-72.6122681703"><ele>128.06</ele><time>2024-08-29T02:27:17Z</time></trkpt><trkpt lat="-39.3646296579" lon="-72.6123716030"><ele>126.36</ele><time>2024-08-29T02:27:24Z</time></trkpt><trkpt lat="-39.3645738345" lon="-72.6125559211"><ele>126.34</ele><time>2024-08-29T02:27:29Z</time></trkpt><trkpt lat="-39.3645766005" lon="-72.6128032710"><ele>125.85</ele><time>2024-08-29T02:27:34Z</time></trkpt><trkpt lat="-39.3646945339" lon="-72.6128279977"><ele>125.92</ele><time>2024-08-29T02:27:38Z</time></trkpt><trkpt lat="-39.3651013076" lon="-72.6126059610"><ele>129.44</ele><time>2024-08-29T02:27:46Z</time></trkpt><trkpt lat="-39.3654580414" lon="-72.6124011073"><ele>131.88</ele><time>2024-08-29T02:27:54Z</time></trkpt><trkpt lat="-39.3655115180" lon="-72.6125581842"><ele>131.02</ele><time>2024-08-29T02:27:59Z</time></trkpt><trkpt lat="-39.3655065726" lon="-72.6126889419"><ele>130.52</ele><time>2024-08-29T02:28:01Z</time></trkpt><trkpt lat="-39.3654458039" lon="-72.6128564123"><ele>129.21</ele><time>2024-08-29T02:28:05Z</time></trkpt><trkpt lat="-39.3652441353" lon="-72.6129687298"><ele>128.33</ele><time>2024-08-29T02:28:10Z</time></trkpt><trkpt lat="-39.3648249563" lon="-72.6132006571"><ele>125.22</ele><time>2024-08-29T02:28:18Z</time></trkpt><trkpt lat="-39.3645558972" lon="-72.6133581530"><ele>122.65</ele><time>2024-08-29T02:28:27Z</time></trkpt><trkpt lat="-39.3644325156" lon="-72.6137718000"><ele>120.71</ele><time>2024-08-29T02:28:34Z</time></trkpt><trkpt lat="-39.3646335136" lon="-72.6138273720"><ele>121.46</ele><time>2024-08-29T02:28:40Z</time></trkpt><trkpt lat="-39.3650689535" lon="-72.6135716401"><ele>125.04</ele><time>2024-08-29T02:28:48Z</time></trkpt><trkpt lat="-39.3653155491" lon="-72.6134394575"><ele>127.05</ele><time>2024-08-29T02:28:52Z</time></trkpt><trkpt lat="-39.3656900525" lon="-72.6132603362"><ele>129.06</ele><time>2024-08-29T02:28:58Z</time></trkpt><trkpt lat="-39.3658874463" lon="-72.6130017545"><ele>130.94</ele><time>2024-08-29T02:29:03Z</time></trkpt><trkpt lat="-39.3659207225" lon="-72.6127903629"><ele>131.73</ele><time>2024-08-29T02:29:06Z</time></trkpt><trkpt lat="-39.3659308646" lon="-72.6118770707"><ele>130.58</ele><time>2024-08-29T02:29:19Z</time></trkpt><trkpt lat="-39.3659767136" lon="-72.6118522603"><ele>129.98</ele><time>2024-08-29T02:29:21Z</time></trkpt><trkpt lat="-39.3660089839" lon="-72.6118603069"><ele>129.65</ele><time>2024-08-29T02:29:22Z</time></trkpt><trkpt lat="-39.3660440203" lon="-72.6118887216"><ele>129.33</ele><time>2024-08-29T02:29:23Z</time></trkpt><trkpt lat="-39.3660821579" lon="-72.6119314693"><ele>129.04</ele><time>2024-08-29T02:29:24Z</time></trkpt><trkpt lat="-39.3661268335" lon="-72.6119837724"><ele>128.58</ele><time>2024-08-29T02:29:25Z</time></trkpt><trkpt lat="-39.3665200286" lon="-72.6123362314"><ele>125.39</ele><time>2024-08-29T02:29:32Z</time></trkpt><trkpt lat="-39.3669968750" lon="-72.6126506366"><ele>122.06</ele><time>2024-08-29T02:29:39Z</time></trkpt><trkpt lat="-39.3674039841" lon="-72.6129033510"><ele>118.95</ele><time>2024-08-29T02:29:46Z</time></trkpt><trkpt lat="-39.3678854406" lon="-72.6132862363"><ele>116.18</ele><time>2024-08-29T02:29:56Z</time></trkpt><trkpt lat="-39.3679223210" lon="-72.6133206859"><ele>116.09</ele><time>2024-08-29T02:29:57Z</time></trkpt><trkpt lat="-39.3679407611" lon="-72.6133545488"><ele>115.78</ele><time>2024-08-29T02:29:58Z</time></trkpt><trkpt lat="-39.3679472990" lon="-72.6133878250"><ele>115.62</ele><time>2024-08-29T02:29:59Z</time></trkpt><trkpt lat="-39.3679415993" lon="-72.6134231966"><ele>115.64</ele><time>2024-08-29T02:30:00Z</time></trkpt><trkpt lat="-39.3679255061" lon="-72.6134618372"><ele>115.51</ele><time>2024-08-29T02:30:01Z</time></trkpt><trkpt lat="-39.3678994384" lon="-72.6134980470"><ele>115.31</ele><time>2024-08-29T02:30:02Z</time></trkpt><trkpt lat="-39.3678642344" lon="-72.6135324966"><ele>115.22</ele><time>2024-08-29T02:30:03Z</time></trkpt><trkpt lat="-39.3678250071" lon="-72.6135647669"><ele>115.09</ele><time>2024-08-29T02:30:04Z</time></trkpt><trkpt lat="-39.3677876238" lon="-72.6135958638"><ele>114.82</ele><time>2024-08-29T02:30:05Z</time></trkpt><trkpt lat="-39.3677500729" lon="-72.6136242785"><ele>114.70</ele><time>2024-08-29T02:30:06Z</time></trkpt><trkpt lat="-39.3677143659" lon="-72.6136468258"><ele>114.49</ele><time>2024-08-29T02:30:07Z</time></trkpt><trkpt lat="-39.3676850293" lon="-72.6136689540"><ele>114.24</ele><time>2024-08-29T02:30:08Z</time></trkpt><trkpt lat="-39.3676610570" lon="-72.6136961114"><ele>114.11</ele><time>2024-08-29T02:30:09Z</time></trkpt><trkpt lat="-39.3676448800" lon="-72.6137213409"><ele>113.93</ele><time>2024-08-29T02:30:10Z</time></trkpt><trkpt lat="-39.3676383421" lon="-72.6137482468"><ele>113.77</ele><time>2024-08-29T02:30:11Z</time></trkpt><trkpt lat="-39.3676403537" lon="-72.6137750689"><ele>113.71</ele><time>2024-08-29T02:30:12Z</time></trkpt><trkpt lat="-39.3676509149" lon="-72.6138014719"><ele>113.70</ele><time>2024-08-29T02:30:13Z</time></trkpt><trkpt lat="-39.3676673435" lon="-72.6138321497"><ele>113.57</ele><time>2024-08-29T02:30:14Z</time></trkpt><trkpt lat="-39.3676866218" lon="-72.6138722152"><ele>113.69</ele><time>2024-08-29T02:30:15Z</time></trkpt><trkpt lat="-39.3677068222" lon="-72.6139128674"><ele>113.74</ele><time>2024-08-29T02:30:16Z</time></trkpt><trkpt lat="-39.3679477181" lon="-72.6144063100"><ele>114.33</ele><time>2024-08-29T02:30:29Z</time></trkpt><trkpt lat="-39.3679327145" lon="-72.6144421007"><ele>114.32</ele><time>2024-08-29T02:30:30Z</time></trkpt><trkpt lat="-39.3679038808" lon="-72.6144768018"><ele>114.24</ele><time>2024-08-29T02:30:31Z</time></trkpt><trkpt lat="-39.3678627256" lon="-72.6145177055"><ele>114.35</ele><time>2024-08-29T02:30:32Z</time></trkpt><trkpt lat="-39.3678191397" lon="-72.6145588607"><ele>114.47</ele><time>2024-08-29T02:30:33Z</time></trkpt><trkpt lat="-39.3676946685" lon="-72.6146434341"><ele>114.14</ele><time>2024-08-29T02:30:37Z</time></trkpt><trkpt lat="-39.3676761445" lon="-72.6146287657"><ele>114.01</ele><time>2024-08-29T02:30:38Z</time></trkpt><trkpt lat="-39.3676590454" lon="-72.6146068051"><ele>114.16</ele><time>2024-08-29T02:30:39Z</time></trkpt><trkpt lat="-39.3674458936" lon="-72.6142100058"><ele>114.05</ele><time>2024-08-29T02:30:48Z</time></trkpt><trkpt lat="-39.3672836199" lon="-72.6140103489"><ele>114.04</ele><time>2024-08-29T02:30:57Z</time></trkpt><trkpt lat="-39.3670584820" lon="-72.6142095029"><ele>114.63</ele><time>2024-08-29T02:31:03Z</time></trkpt><trkpt lat="-39.3670180812" lon="-72.6142548490"><ele>114.57</ele><time>2024-08-29T02:31:04Z</time></trkpt><trkpt lat="-39.3669739924" lon="-72.6142933220"><ele>114.84</ele><time>2024-08-29T02:31:05Z</time></trkpt><trkpt lat="-39.3665956333" lon="-72.6145877782"><ele>116.21</ele><time>2024-08-29T02:31:15Z</time></trkpt><trkpt lat="-39.3666001596" lon="-72.6146186236"><ele>116.16</ele><time>2024-08-29T02:31:16Z</time></trkpt><trkpt lat="-39.3666109722" lon="-72.6146549173"><ele>116.16</ele><time>2024-08-29T02:31:17Z</time></trkpt><trkpt lat="-39.3666260596" lon="-72.6146948989"><ele>116.32</ele><time>2024-08-29T02:31:18Z</time></trkpt><trkpt lat="-39.3666455895" lon="-72.6147376467"><ele>116.16</ele><time>2024-08-29T02:31:19Z</time></trkpt><trkpt lat="-39.3666678015" lon="-72.6147824898"><ele>115.84</ele><time>2024-08-29T02:31:20Z</time></trkpt><trkpt lat="-39.3666932825" lon="-72.6148287579"><ele>115.70</ele><time>2024-08-29T02:31:21Z</time></trkpt><trkpt lat="-39.3669490982" lon="-72.6153238770"><ele>113.82</ele><time>2024-08-29T02:31:33Z</time></trkpt><trkpt lat="-39.3669349328" lon="-72.6153546385"><ele>113.80</ele><time>2024-08-29T02:31:34Z</time></trkpt><trkpt lat="-39.3669087812" lon="-72.6153895073"><ele>113.76</ele><time>2024-08-29T02:31:35Z</time></trkpt><trkpt lat="-39.3668692186" lon="-72.6154299080"><ele>113.73</ele><time>2024-08-29T02:31:36Z</time></trkpt><trkpt lat="-39.3668219447" lon="-72.6154756732"><ele>113.80</ele><time>2024-08-29T02:31:37Z</time></trkpt><trkpt lat="-39.3666405603" lon="-72.6155909244"><ele>113.70</ele><time>2024-08-29T02:31:42Z</time></trkpt><trkpt lat="-39.3666149955" lon="-72.6155752502"><ele>113.63</ele><time>2024-08-29T02:31:43Z</time></trkpt><trkpt lat="-39.3665921129" lon="-72.6155470032"><ele>113.86</ele><time>2024-08-29T02:31:44Z</time></trkpt><trkpt lat="-39.3665674701" lon="-72.6155072730"><ele>113.96</ele><time>2024-08-29T02:31:45Z</time></trkpt><trkpt lat="-39.3665426597" lon="-72.6154626813"><ele>114.18</ele><time>2024-08-29T02:31:46Z</time></trkpt><trkpt lat="-39.3662715890" lon="-72.6149932947"><ele>117.28</ele><time>2024-08-29T02:31:55Z</time></trkpt><trkpt lat="-39.3660352193" lon="-72.6145369839"><ele>120.39</ele><time>2024-08-29T02:32:04Z</time></trkpt><trkpt lat="-39.3660017755" lon="-72.6144844294"><ele>120.18</ele><time>2024-08-29T02:32:09Z</time></trkpt><trkpt lat="-39.3659710139" lon="-72.6144421007"><ele>120.39</ele><time>2024-08-29T02:32:11Z</time></trkpt><trkpt lat="-39.3659490533" lon="-72.6144143566"><ele>120.32</ele><time>2024-08-29T02:32:12Z</time></trkpt><trkpt lat="-39.3659256678" lon="-72.6143791527"><ele>120.52</ele><time>2024-08-29T02:32:13Z</time></trkpt><trkpt lat="-39.3656322174" lon="-72.6138676889"><ele>123.68</ele><time>2024-08-29T02:32:23Z</time></trkpt><trkpt lat="-39.3655316345" lon="-72.6137725543"><ele>124.11</ele><time>2024-08-29T02:32:29Z</time></trkpt><trkpt lat="-39.3654926587" lon="-72.6137909945"><ele>124.01</ele><time>2024-08-29T02:32:30Z</time></trkpt><trkpt lat="-39.3654507492" lon="-72.6138209179"><ele>124.03</ele><time>2024-08-29T02:32:31Z</time></trkpt><trkpt lat="-39.3654064089" lon="-72.6138603967"><ele>124.09</ele><time>2024-08-29T02:32:32Z</time></trkpt><trkpt lat="-39.3653674331" lon="-72.6138992049"><ele>124.04</ele><time>2024-08-29T02:32:33Z</time></trkpt><trkpt lat="-39.3653047364" lon="-72.6140056551"><ele>123.67</ele><time>2024-08-29T02:32:36Z</time></trkpt><trkpt lat="-39.3653076701" lon="-72.6140384283"><ele>123.55</ele><time>2024-08-29T02:32:37Z</time></trkpt><trkpt lat="-39.3653186504" lon="-72.6140714530"><ele>123.43</ele><time>2024-08-29T02:32:38Z</time></trkpt><trkpt lat="-39.3653326482" lon="-72.6141079143"><ele>123.31</ele><time>2024-08-29T02:32:39Z</time></trkpt><trkpt lat="-39.3653529324" lon="-72.6141469739"><ele>123.21</ele><time>2024-08-29T02:32:40Z</time></trkpt><trkpt lat="-39.3653758988" lon="-72.6141865365"><ele>123.06</ele><time>2024-08-29T02:32:41Z</time></trkpt><trkpt lat="-39.3656602129" lon="-72.6146798953"><ele>120.73</ele><time>2024-08-29T02:32:52Z</time></trkpt><trkpt lat="-39.3658819981" lon="-72.6150511298"><ele>118.91</ele><time>2024-08-29T02:33:03Z</time></trkpt><trkpt lat="-39.3660231493" lon="-72.6153011620"><ele>117.07</ele><time>2024-08-29T02:33:07Z</time></trkpt><trkpt lat="-39.3663088046" lon="-72.6158215944"><ele>113.88</ele><time>2024-08-29T02:33:16Z</time></trkpt><trkpt lat="-39.3663388956" lon="-72.6159118675"><ele>112.81</ele><time>2024-08-29T02:33:21Z</time></trkpt><trkpt lat="-39.3663308490" lon="-72.6159394439"><ele>112.82</ele><time>2024-08-29T02:33:22Z</time></trkpt><trkpt lat="-39.3663107324" lon="-72.6159706246"><ele>112.91</ele><time>2024-08-29T02:33:23Z</time></trkpt><trkpt lat="-39.3662773725" lon="-72.6160015538"><ele>112.92</ele><time>2024-08-29T02:33:24Z</time></trkpt><trkpt lat="-39.3662343733" lon="-72.6160339918"><ele>112.98</ele><time>2024-08-29T02:33:25Z</time></trkpt><trkpt lat="-39.3660866003" lon="-72.6161266956"><ele>112.97</ele><time>2024-08-29T02:33:29Z</time></trkpt><trkpt lat="-39.3660596944" lon="-72.6161154639"><ele>113.07</ele><time>2024-08-29T02:33:30Z</time></trkpt><trkpt lat="-39.3660363927" lon="-72.6160859596"><ele>113.19</ele><time>2024-08-29T02:33:31Z</time></trkpt><trkpt lat="-39.3660115823" lon="-72.6160433795"><ele>113.38</ele><time>2024-08-29T02:33:32Z</time></trkpt><trkpt lat="-39.3659875263" lon="-72.6159927528"><ele>113.79</ele><time>2024-08-29T02:33:33Z</time></trkpt><trkpt lat="-39.3659641407" lon="-72.6159432158"><ele>113.78</ele><time>2024-08-29T02:33:34Z</time></trkpt><trkpt lat="-39.3658580258" lon="-72.6158375200"><ele>114.25</ele><time>2024-08-29T02:33:38Z</time></trkpt><trkpt lat="-39.3658266775" lon="-72.6158518530"><ele>114.15</ele><time>2024-08-29T02:33:39Z</time></trkpt><trkpt lat="-39.3657890428" lon="-72.6158760767"><ele>114.18</ele><time>2024-08-29T02:33:40Z</time></trkpt><trkpt lat="-39.3656005338" lon="-72.6161565352"><ele>113.80</ele><time>2024-08-29T02:33:49Z</time></trkpt><trkpt lat="-39.3657092471" lon="-72.6164313778"><ele>113.28</ele><time>2024-08-29T02:33:56Z</time></trkpt><trkpt lat="-39.3656960875" lon="-72.6164768077"><ele>112.99</ele><time>2024-08-29T02:33:57Z</time></trkpt><trkpt lat="-39.3656680081" lon="-72.6165201422"><ele>113.04</ele><time>2024-08-29T02:33:58Z</time></trkpt><trkpt lat="-39.3656256795" lon="-72.6165622193"><ele>112.86</ele><time>2024-08-29T02:33:59Z</time></trkpt><trkpt lat="-39.3655755557" lon="-72.6166048832"><ele>112.99</ele><time>2024-08-29T02:34:00Z</time></trkpt><trkpt lat="-39.3654688541" lon="-72.6166712679"><ele>112.89</ele><time>2024-08-29T02:34:03Z</time></trkpt><trkpt lat="-39.3654431216" lon="-72.6166572701"><ele>113.07</ele><time>2024-08-29T02:34:04Z</time></trkpt><trkpt lat="-39.3654179759" lon="-72.6166274305"><ele>113.10</ele><time>2024-08-29T02:34:05Z</time></trkpt><trkpt lat="-39.3653907347" lon="-72.6165832579"><ele>113.19</ele><time>2024-08-29T02:34:06Z</time></trkpt><trkpt lat="-39.3653610628" lon="-72.6165317092"><ele>113.27</ele><time>2024-08-29T02:34:07Z</time></trkpt><trkpt lat="-39.3650760781" lon="-72.6159656793"><ele>114.32</ele><time>2024-08-29T02:34:18Z</time></trkpt><trkpt lat="-39.3650836218" lon="-72.6159345824"><ele>114.48</ele><time>2024-08-29T02:34:19Z</time></trkpt><trkpt lat="-39.3651017267" lon="-72.6159093529"><ele>114.49</ele><time>2024-08-29T02:34:20Z</time></trkpt><trkpt lat="-39.3654815108" lon="-72.6155459974"><ele>115.37</ele><time>2024-08-29T02:34:31Z</time></trkpt><trkpt lat="-39.3658936489" lon="-72.6151726674"><ele>116.83</ele><time>2024-08-29T02:34:42Z</time></trkpt><trkpt lat="-39.3659086525" lon="-72.6150932070"><ele>117.23</ele><time>2024-08-29T02:34:45Z</time></trkpt><trkpt lat="-39.3658991810" lon="-72.6150595117"><ele>117.44</ele><time>2024-08-29T02:34:46Z</time></trkpt><trkpt lat="-39.3658841774" lon="-72.6150270738"><ele>117.75</ele><time>2024-08-29T02:34:47Z</time></trkpt><trkpt lat="-39.3657571916" lon="-72.6147938054"><ele>119.98</ele><time>2024-08-29T02:34:55Z</time></trkpt><trkpt lat="-39.3657077383" lon="-72.6147792209"><ele>120.00</ele><time>2024-08-29T02:34:57Z</time></trkpt><trkpt lat="-39.3656737078" lon="-72.6147872675"><ele>120.00</ele><time>2024-08-29T02:34:58Z</time></trkpt><trkpt lat="-39.3656371627" lon="-72.6148092281"><ele>120.00</ele><time>2024-08-29T02:34:59Z</time></trkpt><trkpt lat="-39.3655987736" lon="-72.6148438454"><ele>120.18</ele><time>2024-08-29T02:35:00Z</time></trkpt><trkpt lat="-39.3655605521" lon="-72.6148812287"><ele>120.19</ele><time>2024-08-29T02:35:01Z</time></trkpt><trkpt lat="-39.3655238394" lon="-72.6149171032"><ele>120.30</ele><time>2024-08-29T02:35:02Z</time></trkpt><trkpt lat="-39.3654408585" lon="-72.6149744354"><ele>120.03</ele><time>2024-08-29T02:35:07Z</time></trkpt><trkpt lat="-39.3654216640" lon="-72.6149739325"><ele>120.06</ele><time>2024-08-29T02:35:08Z</time></trkpt><trkpt lat="-39.3654019665" lon="-72.6149611920"><ele>120.20</ele><time>2024-08-29T02:35:09Z</time></trkpt><trkpt lat="-39.3653832749" lon="-72.6149353758"><ele>120.15</ele><time>2024-08-29T02:35:10Z</time></trkpt><trkpt lat="-39.3653619010" lon="-72.6149005909"><ele>120.29</ele><time>2024-08-29T02:35:11Z</time></trkpt><trkpt lat="-39.3653400242" lon="-72.6148591004"><ele>120.54</ele><time>2024-08-29T02:35:12Z</time></trkpt><trkpt lat="-39.3650636729" lon="-72.6143514086"><ele>122.46</ele><time>2024-08-29T02:35:21Z</time></trkpt><trkpt lat="-39.3649362680" lon="-72.6143206470"><ele>122.06</ele><time>2024-08-29T02:35:27Z</time></trkpt><trkpt lat="-39.3648939393" lon="-72.6143462956"><ele>121.82</ele><time>2024-08-29T02:35:28Z</time></trkpt><trkpt lat="-39.3648488447" lon="-72.6143809129"><ele>121.62</ele><time>2024-08-29T02:35:29Z</time></trkpt><trkpt lat="-39.3648034148" lon="-72.6144226547"><ele>121.32</ele><time>2024-08-29T02:35:30Z</time></trkpt><trkpt lat="-39.3647536263" lon="-72.6144643966"><ele>121.15</ele><time>2024-08-29T02:35:31Z</time></trkpt><trkpt lat="-39.3644743413" lon="-72.6146857627"><ele>118.94</ele><time>2024-08-29T02:35:37Z</time></trkpt><trkpt lat="-39.3644428253" lon="-72.6147210505"><ele>118.59</ele><time>2024-08-29T02:35:38Z</time></trkpt><trkpt lat="-39.3644136563" lon="-72.6147635467"><ele>118.33</ele><time>2024-08-29T02:35:39Z</time></trkpt><trkpt lat="-39.3643927854" lon="-72.6148098987"><ele>118.16</ele><time>2024-08-29T02:35:40Z</time></trkpt><trkpt lat="-39.3643812183" lon="-72.6148670632"><ele>117.99</ele><time>2024-08-29T02:35:41Z</time></trkpt><trkpt lat="-39.3643755186" lon="-72.6149305981"><ele>117.79</ele><time>2024-08-29T02:35:42Z</time></trkpt><trkpt lat="-39.3643719144" lon="-72.6149975695"><ele>117.57</ele><time>2024-08-29T02:35:43Z</time></trkpt><trkpt lat="-39.3643849902" lon="-72.6153116394"><ele>116.44</ele><time>2024-08-29T02:35:49Z</time></trkpt><trkpt lat="-39.3644046038" lon="-72.6153238770"><ele>116.11</ele><time>2024-08-29T02:35:50Z</time></trkpt><trkpt lat="-39.3644305039" lon="-72.6153206918"><ele>116.08</ele><time>2024-08-29T02:35:51Z</time></trkpt><trkpt lat="-39.3644631095" lon="-72.6153038442"><ele>116.27</ele><time>2024-08-29T02:35:52Z</time></trkpt><trkpt lat="-39.3644973915" lon="-72.6152812131"><ele>116.43</ele><time>2024-08-29T02:35:53Z</time></trkpt><trkpt lat="-39.3645307515" lon="-72.6152539719"><ele>116.56</ele><time>2024-08-29T02:35:54Z</time></trkpt><trkpt lat="-39.3645662908" lon="-72.6152242161"><ele>116.79</ele><time>2024-08-29T02:35:55Z</time></trkpt><trkpt lat="-39.3646398839" lon="-72.6151512936"><ele>117.35</ele><time>2024-08-29T02:35:57Z</time></trkpt><trkpt lat="-39.3649378605" lon="-72.6149299275"><ele>119.41</ele><time>2024-08-29T02:36:06Z</time></trkpt><trkpt lat="-39.3649636768" lon="-72.6149502117"><ele>119.53</ele><time>2024-08-29T02:36:07Z</time></trkpt><trkpt lat="-39.3649881519" lon="-72.6149815600"><ele>119.48</ele><time>2024-08-29T02:36:08Z</time></trkpt><trkpt lat="-39.3650111184" lon="-72.6150170993"><ele>119.29</ele><time>2024-08-29T02:36:09Z</time></trkpt><trkpt lat="-39.3650374375" lon="-72.6150559075"><ele>119.11</ele><time>2024-08-29T02:36:10Z</time></trkpt><trkpt lat="-39.3651254475" lon="-72.6152334362"><ele>117.74</ele><time>2024-08-29T02:36:16Z</time></trkpt><trkpt lat="-39.3651199993" lon="-72.6152656227"><ele>117.60</ele><time>2024-08-29T02:36:17Z</time></trkpt><trkpt lat="-39.3651023135" lon="-72.6153021678"><ele>117.44</ele><time>2024-08-29T02:36:18Z</time></trkpt><trkpt lat="-39.3650738150" lon="-72.6153387129"><ele>117.14</ele><time>2024-08-29T02:36:19Z</time></trkpt><trkpt lat="-39.3650394492" lon="-72.6153742522"><ele>117.02</ele><time>2024-08-29T02:36:20Z</time></trkpt><trkpt lat="-39.3650019821" lon="-72.6154099591"><ele>116.83</ele><time>2024-08-29T02:36:21Z</time></trkpt><trkpt lat="-39.3646800332" lon="-72.6157054212"><ele>115.66</ele><time>2024-08-29T02:36:29Z</time></trkpt><trkpt lat="-39.3645797856" lon="-72.6159054972"><ele>115.16</ele><time>2024-08-29T02:36:35Z</time></trkpt><trkpt lat="-39.3645965494" lon="-72.6159486640"><ele>115.32</ele><time>2024-08-29T02:36:36Z</time></trkpt><trkpt lat="-39.3646174204" lon="-72.6159912441"><ele>115.39</ele><time>2024-08-29T02:36:37Z</time></trkpt><trkpt lat="-39.3650103640" lon="-72.6166803204"><ele>113.09</ele><time>2024-08-29T02:36:50Z</time></trkpt><trkpt lat="-39.3651510123" lon="-72.6170057897"><ele>112.44</ele><time>2024-08-29T02:36:59Z</time></trkpt><trkpt lat="-39.3651368469" lon="-72.6170429215"><ele>112.57</ele><time>2024-08-29T02:37:00Z</time></trkpt><trkpt lat="-39.3651103601" lon="-72.6170780417"><ele>112.49</ele><time>2024-08-29T02:37:01Z</time></trkpt><trkpt lat="-39.3650734797" lon="-72.6171135809"><ele>112.48</ele><time>2024-08-29T02:37:02Z</time></trkpt><trkpt lat="-39.3650319055" lon="-72.6171507966"><ele>112.39</ele><time>2024-08-29T02:37:03Z</time></trkpt><trkpt lat="-39.3645463418" lon="-72.6175694726"><ele>112.32</ele><time>2024-08-29T02:37:13Z</time></trkpt><trkpt lat="-39.3643789552" lon="-72.6177081093"><ele>112.07</ele><time>2024-08-29T02:37:20Z</time></trkpt><trkpt lat="-39.3643699028" lon="-72.6177604124"><ele>112.20</ele><time>2024-08-29T02:37:21Z</time></trkpt><trkpt lat="-39.3643622752" lon="-72.6178253721"><ele>112.22</ele><time>2024-08-29T02:37:22Z</time></trkpt><trkpt lat="-39.3643413205" lon="-72.6186294481"><ele>112.50</ele><time>2024-08-29T02:37:32Z</time></trkpt><trkpt lat="-39.3643636163" lon="-72.6187079865"><ele>112.39</ele><time>2024-08-29T02:37:34Z</time></trkpt><trkpt lat="-39.3643849902" lon="-72.6187346410"><ele>112.32</ele><time>2024-08-29T02:37:35Z</time></trkpt><trkpt lat="-39.3644087948" lon="-72.6187517401"><ele>112.34</ele><time>2024-08-29T02:37:36Z</time></trkpt><trkpt lat="-39.3644351140" lon="-72.6187540032"><ele>112.41</ele><time>2024-08-29T02:37:37Z</time></trkpt><trkpt lat="-39.3644632772" lon="-72.6187404245"><ele>112.49</ele><time>2024-08-29T02:37:38Z</time></trkpt><trkpt lat="-39.3644935358" lon="-72.6187159494"><ele>112.60</ele><time>2024-08-29T02:37:39Z</time></trkpt><trkpt lat="-39.3645253871" lon="-72.6186863612"><ele>112.63</ele><time>2024-08-29T02:37:40Z</time></trkpt><trkpt lat="-39.3650904950" lon="-72.6181624085"><ele>113.06</ele><time>2024-08-29T02:37:54Z</time></trkpt><trkpt lat="-39.3655202352" lon="-72.6177452412"><ele>112.95</ele><time>2024-08-29T02:38:06Z</time></trkpt><trkpt lat="-39.3655606359" lon="-72.6177076064"><ele>112.74</ele><time>2024-08-29T02:38:12Z</time></trkpt><trkpt lat="-39.3656106759" lon="-72.6176712289"><ele>112.85</ele><time>2024-08-29T02:38:14Z</time></trkpt><trkpt lat="-39.3661182839" lon="-72.6172214560"><ele>113.41</ele><time>2024-08-29T02:38:28Z</time></trkpt><trkpt lat="-39.3664185237" lon="-72.6169377286"><ele>113.41</ele><time>2024-08-29T02:38:41Z</time></trkpt><trkpt lat="-39.3667638581" lon="-72.6166086551"><ele>113.99</ele><time>2024-08-29T02:38:53Z</time></trkpt><trkpt lat="-39.3671118747" lon="-72.6163101755"><ele>114.38</ele><time>2024-08-29T02:39:02Z</time></trkpt><trkpt lat="-39.3671448156" lon="-72.6162773184"><ele>114.46</ele><time>2024-08-29T02:39:03Z</time></trkpt><trkpt lat="-39.3677256815" lon="-72.6157563832"><ele>114.99</ele><time>2024-08-29T02:39:16Z</time></trkpt><trkpt lat="-39.3679307867" lon="-72.6154934429"><ele>114.60</ele><time>2024-08-29T02:39:24Z</time></trkpt><trkpt lat="-39.3679167051" lon="-72.6154447440"><ele>114.63</ele><time>2024-08-29T02:39:25Z</time></trkpt><trkpt lat="-39.3678877875" lon="-72.6153890043"><ele>114.65</ele><time>2024-08-29T02:39:26Z</time></trkpt><trkpt lat="-39.3675608933" lon="-72.6148218010"><ele>114.42</ele><time>2024-08-29T02:39:37Z</time></trkpt><trkpt lat="-39.3676086701" lon="-72.6146933064"><ele>114.61</ele><time>2024-08-29T02:39:40Z</time></trkpt><trkpt lat="-39.3676493224" lon="-72.6146427635"><ele>114.66</ele><time>2024-08-29T02:39:41Z</time></trkpt><trkpt lat="-39.3677001167" lon="-72.6145928074"><ele>114.78</ele><time>2024-08-29T02:39:42Z</time></trkpt><trkpt lat="-39.3684039451" lon="-72.6140281186"><ele>115.51</ele><time>2024-08-29T02:39:55Z</time></trkpt><trkpt lat="-39.3685657997" lon="-72.6138166431"><ele>115.96</ele><time>2024-08-29T02:40:03Z</time></trkpt><trkpt lat="-39.3689527083" lon="-72.6133774314"><ele>115.64</ele><time>2024-08-29T02:40:17Z</time></trkpt><trkpt lat="-39.3690009043" lon="-72.6132872421"><ele>115.50</ele><time>2024-08-29T02:40:21Z</time></trkpt><trkpt lat="-39.3689989764" lon="-72.6132505294"><ele>115.39</ele><time>2024-08-29T02:40:22Z</time></trkpt><trkpt lat="-39.3689910974" lon="-72.6132057700"><ele>115.41</ele><time>2024-08-29T02:40:23Z</time></trkpt><trkpt lat="-39.3689781893" lon="-72.6131611783"><ele>115.48</ele><time>2024-08-29T02:40:24Z</time></trkpt><trkpt lat="-39.3689602520" lon="-72.6131185144"><ele>115.34</ele><time>2024-08-29T02:40:25Z</time></trkpt><trkpt lat="-39.3689408060" lon="-72.6130772755"><ele>115.35</ele><time>2024-08-29T02:40:26Z</time></trkpt><trkpt lat="-39.3689252157" lon="-72.6130420715"><ele>115.36</ele><time>2024-08-29T02:40:27Z</time></trkpt><trkpt lat="-39.3688600045" lon="-72.6129438356"><ele>115.23</ele><time>2024-08-29T02:40:31Z</time></trkpt><trkpt lat="-39.3688420672" lon="-72.6129432488"><ele>115.29</ele><time>2024-08-29T02:40:32Z</time></trkpt><trkpt lat="-39.3688257225" lon="-72.6129520498"><ele>115.25</ele><time>2024-08-29T02:40:33Z</time></trkpt><trkpt lat="-39.3688091263" lon="-72.6129667182"><ele>115.18</ele><time>2024-08-29T02:40:34Z</time></trkpt><trkpt lat="-39.3687901832" lon="-72.6129842363"><ele>115.23</ele><time>2024-08-29T02:40:35Z</time></trkpt><trkpt lat="-39.3683710881" lon="-72.6134177484"><ele>116.32</ele><time>2024-08-29T02:40:49Z</time></trkpt><trkpt lat="-39.3682523165" lon="-72.6135223545"><ele>116.53</ele><time>2024-08-29T02:40:55Z</time></trkpt><trkpt lat="-39.3682219740" lon="-72.6135099493"><ele>116.69</ele><time>2024-08-29T02:40:56Z</time></trkpt><trkpt lat="-39.3681860156" lon="-72.6134850550"><ele>116.70</ele><time>2024-08-29T02:40:57Z</time></trkpt><trkpt lat="-39.3680436909" lon="-72.6133282296"><ele>117.02</ele><time>2024-08-29T02:41:02Z</time></trkpt><trkpt lat="-39.3680434395" lon="-72.6132983901"><ele>117.02</ele><time>2024-08-29T02:41:03Z</time></trkpt><trkpt lat="-39.3680536654" lon="-72.6132721547"><ele>116.91</ele><time>2024-08-29T02:41:04Z</time></trkpt><trkpt lat="-39.3680700939" lon="-72.6132429857"><ele>116.85</ele><time>2024-08-29T02:41:05Z</time></trkpt><trkpt lat="-39.3680968322" lon="-72.6132107992"><ele>116.63</ele><time>2024-08-29T02:41:06Z</time></trkpt><trkpt lat="-39.3681278452" lon="-72.6131763496"><ele>116.59</ele><time>2024-08-29T02:41:07Z</time></trkpt><trkpt lat="-39.3685536459" lon="-72.6127069630"><ele>115.76</ele><time>2024-08-29T02:41:21Z</time></trkpt><trkpt lat="-39.3688009121" lon="-72.6124439389"><ele>115.33</ele><time>2024-08-29T02:41:31Z</time></trkpt><trkpt lat="-39.3687857408" lon="-72.6120530069"><ele>115.10</ele><time>2024-08-29T02:41:42Z</time></trkpt><trkpt lat="-39.3687504530" lon="-72.6120276097"><ele>115.18</ele><time>2024-08-29T02:41:44Z</time></trkpt><trkpt lat="-39.3687264808" lon="-72.6120375842"><ele>115.13</ele><time>2024-08-29T02:41:45Z</time></trkpt><trkpt lat="-39.3687012512" lon="-72.6120599639"><ele>115.29</ele><time>2024-08-29T02:41:46Z</time></trkpt><trkpt lat="-39.3686760217" lon="-72.6120879594"><ele>115.33</ele><time>2024-08-29T02:41:47Z</time></trkpt><trkpt lat="-39.3686496187" lon="-72.6121162903"><ele>115.27</ele><time>2024-08-29T02:41:48Z</time></trkpt><trkpt lat="-39.3686221261" lon="-72.6121443696"><ele>115.41</ele><time>2024-08-29T02:41:49Z</time></trkpt><trkpt lat="-39.3682642188" lon="-72.6125474554"><ele>115.75</ele><time>2024-08-29T02:42:01Z</time></trkpt><trkpt lat="-39.3679457903" lon="-72.6128852461"><ele>116.55</ele><time>2024-08-29T02:42:13Z</time></trkpt><trkpt lat="-39.3677514978" lon="-72.6130613498"><ele>117.88</ele><time>2024-08-29T02:42:22Z</time></trkpt><trkpt lat="-39.3677218258" lon="-72.6130541414"><ele>118.10</ele><time>2024-08-29T02:42:23Z</time></trkpt><trkpt lat="-39.3676896393" lon="-72.6130377129"><ele>118.28</ele><time>2024-08-29T02:42:24Z</time></trkpt><trkpt lat="-39.3676530104" lon="-72.6130117290"><ele>118.31</ele><time>2024-08-29T02:42:25Z</time></trkpt><trkpt lat="-39.3676085863" lon="-72.6129761059"><ele>118.45</ele><time>2024-08-29T02:42:26Z</time></trkpt><trkpt lat="-39.3671529461" lon="-72.6126824040"><ele>121.84</ele><time>2024-08-29T02:42:36Z</time></trkpt><trkpt lat="-39.3668578193" lon="-72.6128316857"><ele>122.17</ele><time>2024-08-29T02:42:45Z</time></trkpt><trkpt lat="-39.3668170832" lon="-72.6130499505"><ele>121.60</ele><time>2024-08-29T02:42:53Z</time></trkpt><trkpt lat="-39.3668365292" lon="-72.6130673010"><ele>121.48</ele><time>2024-08-29T02:42:54Z</time></trkpt><trkpt lat="-39.3668651115" lon="-72.6130860765"><ele>120.79</ele><time>2024-08-29T02:42:55Z</time></trkpt><trkpt lat="-39.3672173191" lon="-72.6133480947"><ele>117.71</ele><time>2024-08-29T02:43:04Z</time></trkpt><trkpt lat="-39.3675503321" lon="-72.6136727259"><ele>115.41</ele><time>2024-08-29T02:43:15Z</time></trkpt><trkpt lat="-39.3675541040" lon="-72.6136961114"><ele>115.41</ele><time>2024-08-29T02:43:16Z</time></trkpt><trkpt lat="-39.3675460573" lon="-72.6137276273"><ele>115.27</ele><time>2024-08-29T02:43:17Z</time></trkpt><trkpt lat="-39.3675207440" lon="-72.6137615740"><ele>115.39</ele><time>2024-08-29T02:43:18Z</time></trkpt><trkpt lat="-39.3674805947" lon="-72.6138028130"><ele>115.49</ele><time>2024-08-29T02:43:19Z</time></trkpt><trkpt lat="-39.3674366735" lon="-72.6138482429"><ele>115.55</ele><time>2024-08-29T02:43:20Z</time></trkpt><trkpt lat="-39.3673541956" lon="-72.6139183156"><ele>115.82</ele><time>2024-08-29T02:43:22Z</time></trkpt><trkpt lat="-39.3673237693" lon="-72.6139391027"><ele>115.72</ele><time>2024-08-29T02:43:23Z</time></trkpt><trkpt lat="-39.3673011381" lon="-72.6139429584"><ele>115.71</ele><time>2024-08-29T02:43:24Z</time></trkpt><trkpt lat="-39.3672797643" lon="-72.6139298826"><ele>115.69</ele><time>2024-08-29T02:43:25Z</time></trkpt><trkpt lat="-39.3672593962" lon="-72.6139079221"><ele>115.75</ele><time>2024-08-29T02:43:26Z</time></trkpt><trkpt lat="-39.3672395311" lon="-72.6138798427"><ele>115.71</ele><time>2024-08-29T02:43:27Z</time></trkpt><trkpt lat="-39.3668926880" lon="-72.6136076823"><ele>118.76</ele><time>2024-08-29T02:43:37Z</time></trkpt><trkpt lat="-39.3667133152" lon="-72.6134839654"><ele>121.83</ele><time>2024-08-29T02:43:42Z</time></trkpt><trkpt lat="-39.3666717410" lon="-72.6134431455"><ele>122.82</ele><time>2024-08-29T02:43:44Z</time></trkpt><trkpt lat="-39.3666588329" lon="-72.6134234481"><ele>123.34</ele><time>2024-08-29T02:43:45Z</time></trkpt><trkpt lat="-39.3666541390" lon="-72.6133974642"><ele>123.64</ele><time>2024-08-29T02:43:46Z</time></trkpt><trkpt lat="-39.3666581623" lon="-72.6133651100"><ele>123.45</ele><time>2024-08-29T02:43:47Z</time></trkpt><trkpt lat="-39.3666723277" lon="-72.6133239549"><ele>123.21</ele><time>2024-08-29T02:43:48Z</time></trkpt><trkpt lat="-39.3666907679" lon="-72.6132734120"><ele>123.06</ele><time>2024-08-29T02:43:49Z</time></trkpt><trkpt lat="-39.3668347690" lon="-72.6129158400"><ele>121.95</ele><time>2024-08-29T02:43:56Z</time></trkpt><trkpt lat="-39.3668665364" lon="-72.6128720026"><ele>121.98</ele><time>2024-08-29T02:43:57Z</time></trkpt><trkpt lat="-39.3670549616" lon="-72.6127039455"><ele>122.54</ele><time>2024-08-29T02:44:04Z</time></trkpt><trkpt lat="-39.3670987152" lon="-72.6127148420"><ele>122.46</ele><time>2024-08-29T02:44:05Z</time></trkpt><trkpt lat="-39.3671443127" lon="-72.6127381437"><ele>122.21</ele><time>2024-08-29T02:44:06Z</time></trkpt><trkpt lat="-39.3671941012" lon="-72.6127718389"><ele>121.99</ele><time>2024-08-29T02:44:07Z</time></trkpt><trkpt lat="-39.3672457337" lon="-72.6128110662"><ele>121.72</ele><time>2024-08-29T02:44:08Z</time></trkpt><trkpt lat="-39.3676696066" lon="-72.6131174248"><ele>118.58</ele><time>2024-08-29T02:44:16Z</time></trkpt><trkpt lat="-39.3683746085" lon="-72.6138479915"><ele>117.01</ele><time>2024-08-29T02:44:30Z</time></trkpt><trkpt lat="-39.3688942865" lon="-72.6146341302"><ele>116.51</ele><time>2024-08-29T02:44:44Z</time></trkpt><trkpt lat="-39.3691434804" lon="-72.6151023433"><ele>116.38</ele><time>2024-08-29T02:44:52Z</time></trkpt><trkpt lat="-39.3691652734" lon="-72.6151580829"><ele>116.46</ele><time>2024-08-29T02:44:53Z</time></trkpt><trkpt lat="-39.3691834621" lon="-72.6152127329"><ele>116.10</ele><time>2024-08-29T02:44:54Z</time></trkpt><trkpt lat="-39.3692290597" lon="-72.6154127251"><ele>116.29</ele><time>2024-08-29T02:45:03Z</time></trkpt><trkpt lat="-39.3692225218" lon="-72.6154251304"><ele>116.36</ele><time>2024-08-29T02:45:33Z</time></trkpt><trkpt lat="-39.3692315742" lon="-72.6154640224"><ele>116.44</ele><time>2024-08-29T02:45:36Z</time></trkpt><trkpt lat="-39.3692363519" lon="-72.6154879108"><ele>116.49</ele><time>2024-08-29T02:45:37Z</time></trkpt><trkpt lat="-39.3692455720" lon="-72.6155526191"><ele>116.51</ele><time>2024-08-29T02:45:39Z</time></trkpt><trkpt lat="-39.3692512717" lon="-72.6155921817"><ele>116.64</ele><time>2024-08-29T02:45:40Z</time></trkpt><trkpt lat="-39.3692620844" lon="-72.6158288866"><ele>116.72</ele><time>2024-08-29T02:45:46Z</time></trkpt><trkpt lat="-39.3692395370" lon="-72.6158577204"><ele>116.73</ele><time>2024-08-29T02:45:47Z</time></trkpt><trkpt lat="-39.3687909376" lon="-72.6162252668"><ele>116.33</ele><time>2024-08-29T02:45:58Z</time></trkpt><trkpt lat="-39.3687521294" lon="-72.6162413601"><ele>116.34</ele><time>2024-08-29T02:45:59Z</time></trkpt><trkpt lat="-39.3687167577" lon="-72.6162393484"><ele>116.30</ele><time>2024-08-29T02:46:00Z</time></trkpt><trkpt lat="-39.3686812185" lon="-72.6162260212"><ele>116.07</ele><time>2024-08-29T02:46:01Z</time></trkpt><trkpt lat="-39.3686418235" lon="-72.6162002049"><ele>116.13</ele><time>2024-08-29T02:46:02Z</time></trkpt><trkpt lat="-39.3686004169" lon="-72.6161658391"><ele>116.10</ele><time>2024-08-29T02:46:03Z</time></trkpt><trkpt lat="-39.3685571663" lon="-72.6161279529"><ele>116.15</ele><time>2024-08-29T02:46:04Z</time></trkpt><trkpt lat="-39.3683466967" lon="-72.6159655955"><ele>115.96</ele><time>2024-08-29T02:46:09Z</time></trkpt><trkpt lat="-39.3683033623" lon="-72.6159500889"><ele>115.89</ele><time>2024-08-29T02:46:10Z</time></trkpt><trkpt lat="-39.3682576809" lon="-72.6159442216"><ele>115.90</ele><time>2024-08-29T02:46:11Z</time></trkpt><trkpt lat="-39.3682139274" lon="-72.6159484126"><ele>115.80</ele><time>2024-08-29T02:46:12Z</time></trkpt><trkpt lat="-39.3681656476" lon="-72.6159645058"><ele>115.93</ele><time>2024-08-29T02:46:13Z</time></trkpt><trkpt lat="-39.3681184575" lon="-72.6159941778"><ele>116.07</ele><time>2024-08-29T02:46:14Z</time></trkpt><trkpt lat="-39.3680716865" lon="-72.6160348300"><ele>115.97</ele><time>2024-08-29T02:46:15Z</time></trkpt><trkpt lat="-39.3680232391" lon="-72.6160816010"><ele>116.04</ele><time>2024-08-29T02:46:16Z</time></trkpt><trkpt lat="-39.3671846297" lon="-72.6168254111"><ele>115.95</ele><time>2024-08-29T02:46:30Z</time></trkpt><trkpt lat="-39.3662482034" lon="-72.6176519506"><ele>115.43</ele><time>2024-08-29T02:46:46Z</time></trkpt><trkpt lat="-39.3658059742" lon="-72.6180263702"><ele>114.49</ele><time>2024-08-29T02:46:57Z</time></trkpt><trkpt lat="-39.3657940719" lon="-72.6180971973"><ele>114.61</ele><time>2024-08-29T02:46:59Z</time></trkpt><trkpt lat="-39.3658115901" lon="-72.6181526016"><ele>114.64</ele><time>2024-08-29T02:47:00Z</time></trkpt><trkpt lat="-39.3658305332" lon="-72.6181985345"><ele>114.79</ele><time>2024-08-29T02:47:01Z</time></trkpt><trkpt lat="-39.3658598699" lon="-72.6182557829"><ele>114.92</ele><time>2024-08-29T02:47:02Z</time></trkpt><trkpt lat="-39.3658895418" lon="-72.6183098461"><ele>115.05</ele><time>2024-08-29T02:47:03Z</time></trkpt><trkpt lat="-39.3659204710" lon="-72.6183551922"><ele>115.01</ele><time>2024-08-29T02:47:04Z</time></trkpt><trkpt lat="-39.3659520708" lon="-72.6183819305"><ele>114.93</ele><time>2024-08-29T02:47:05Z</time></trkpt><trkpt lat="-39.3659830000" lon="-72.6183924079"><ele>115.01</ele><time>2024-08-29T02:47:06Z</time></trkpt><trkpt lat="-39.3660156894" lon="-72.6183914859"><ele>114.82</ele><time>2024-08-29T02:47:07Z</time></trkpt><trkpt lat="-39.3660505582" lon="-72.6183779910"><ele>114.90</ele><time>2024-08-29T02:47:08Z</time></trkpt><trkpt lat="-39.3660893664" lon="-72.6183513366"><ele>114.86</ele><time>2024-08-29T02:47:09Z</time></trkpt><trkpt lat="-39.3661320303" lon="-72.6183158811"><ele>114.94</ele><time>2024-08-29T02:47:10Z</time></trkpt><trkpt lat="-39.3661782146" lon="-72.6182739716"><ele>115.18</ele><time>2024-08-29T02:47:11Z</time></trkpt><trkpt lat="-39.3669519480" lon="-72.6176009886"><ele>115.65</ele><time>2024-08-29T02:47:27Z</time></trkpt><trkpt lat="-39.3672567140" lon="-72.6173488609"><ele>115.57</ele><time>2024-08-29T02:47:37Z</time></trkpt><trkpt lat="-39.3672766630" lon="-72.6173553988"><ele>115.74</ele><time>2024-08-29T02:47:38Z</time></trkpt><trkpt lat="-39.3672974501" lon="-72.6173703186"><ele>115.72</ele><time>2024-08-29T02:47:39Z</time></trkpt><trkpt lat="-39.3673141301" lon="-72.6173983980"><ele>115.75</ele><time>2024-08-29T02:47:40Z</time></trkpt><trkpt lat="-39.3673318997" lon="-72.6174311712"><ele>115.83</ele><time>2024-08-29T02:47:41Z</time></trkpt><trkpt lat="-39.3673505075" lon="-72.6174672134"><ele>115.73</ele><time>2024-08-29T02:47:42Z</time></trkpt><trkpt lat="-39.3675022200" lon="-72.6176570635"><ele>115.82</ele><time>2024-08-29T02:47:49Z</time></trkpt><trkpt lat="-39.3675370887" lon="-72.6176484302"><ele>115.82</ele><time>2024-08-29T02:47:50Z</time></trkpt><trkpt lat="-39.3675710354" lon="-72.6176286489"><ele>116.01</ele><time>2024-08-29T02:47:51Z</time></trkpt><trkpt lat="-39.3677393440" lon="-72.6175305806"><ele>116.47</ele><time>2024-08-29T02:47:56Z</time></trkpt><trkpt lat="-39.3677659146" lon="-72.6175554749"><ele>116.49</ele><time>2024-08-29T02:47:57Z</time></trkpt><trkpt lat="-39.3677837681" lon="-72.6176044252"><ele>116.37</ele><time>2024-08-29T02:47:58Z</time></trkpt><trkpt lat="-39.3678087462" lon="-72.6177462470"><ele>116.45</ele><time>2024-08-29T02:48:00Z</time></trkpt><trkpt lat="-39.3678778131" lon="-72.6182583813"><ele>115.81</ele><time>2024-08-29T02:48:07Z</time></trkpt><trkpt lat="-39.3679026235" lon="-72.6182794198"><ele>115.67</ele><time>2024-08-29T02:48:08Z</time></trkpt><trkpt lat="-39.3679353967" lon="-72.6182887238"><ele>115.62</ele><time>2024-08-29T02:48:09Z</time></trkpt><trkpt lat="-39.3679745402" lon="-72.6182782464"><ele>115.53</ele><time>2024-08-29T02:48:10Z</time></trkpt><trkpt lat="-39.3680233229" lon="-72.6182459760"><ele>115.72</ele><time>2024-08-29T02:48:11Z</time></trkpt><trkpt lat="-39.3680779729" lon="-72.6182025578"><ele>115.82</ele><time>2024-08-29T02:48:12Z</time></trkpt><trkpt lat="-39.3682490475" lon="-72.6180699561"><ele>116.11</ele><time>2024-08-29T02:48:15Z</time></trkpt><trkpt lat="-39.3683150969" lon="-72.6180414576"><ele>116.12</ele><time>2024-08-29T02:48:16Z</time></trkpt><trkpt lat="-39.3685757741" lon="-72.6179392822"><ele>115.92</ele><time>2024-08-29T02:48:20Z</time></trkpt><trkpt lat="-39.3686289154" lon="-72.6178916730"><ele>116.08</ele><time>2024-08-29T02:48:21Z</time></trkpt><trkpt lat="-39.3686714955" lon="-72.6178317424"><ele>116.09</ele><time>2024-08-29T02:48:22Z</time></trkpt><trkpt lat="-39.3687017541" lon="-72.6177634299"><ele>116.06</ele><time>2024-08-29T02:48:23Z</time></trkpt><trkpt lat="-39.3687253911" lon="-72.6176872384"><ele>116.04</ele><time>2024-08-29T02:48:24Z</time></trkpt><trkpt lat="-39.3687509559" lon="-72.6176135615"><ele>116.18</ele><time>2024-08-29T02:48:25Z</time></trkpt><trkpt lat="-39.3687858246" lon="-72.6175471768"><ele>116.28</ele><time>2024-08-29T02:48:26Z</time></trkpt><trkpt lat="-39.3688291591" lon="-72.6174890064"><ele>116.24</ele><time>2024-08-29T02:48:27Z</time></trkpt><trkpt lat="-39.3688791152" lon="-72.6174332667"><ele>116.27</ele><time>2024-08-29T02:48:28Z</time></trkpt><trkpt lat="-39.3689333461" lon="-72.6173778623"><ele>116.36</ele><time>2024-08-29T02:48:29Z</time></trkpt><trkpt lat="-39.3694054149" lon="-72.6169881038"><ele>116.83</ele><time>2024-08-29T02:48:39Z</time></trkpt><trkpt lat="-39.3694335781" lon="-72.6170084719"><ele>116.83</ele><time>2024-08-29T02:48:40Z</time></trkpt><trkpt lat="-39.3694557901" lon="-72.6170508005"><ele>116.70</ele><time>2024-08-29T02:48:41Z</time></trkpt><trkpt lat="-39.3694733921" lon="-72.6171129104"><ele>116.74</ele><time>2024-08-29T02:48:42Z</time></trkpt><trkpt lat="-39.3694846239" lon="-72.6171936281"><ele>116.83</ele><time>2024-08-29T02:48:43Z</time></trkpt><trkpt lat="-39.3694956042" lon="-72.6172844879"><ele>116.86</ele><time>2024-08-29T02:48:44Z</time></trkpt><trkpt lat="-39.3695365917" lon="-72.6176535431"><ele>117.07</ele><time>2024-08-29T02:48:48Z</time></trkpt><trkpt lat="-39.3695453927" lon="-72.6177339256"><ele>117.16</ele><time>2024-08-29T02:48:49Z</time></trkpt><trkpt lat="-39.3695576303" lon="-72.6178685389"><ele>117.07</ele><time>2024-08-29T02:48:51Z</time></trkpt><trkpt lat="-39.3695505057" lon="-72.6179180760"><ele>117.04</ele><time>2024-08-29T02:48:52Z</time></trkpt><trkpt lat="-39.3695342448" lon="-72.6179680321"><ele>117.23</ele><time>2024-08-29T02:48:53Z</time></trkpt><trkpt lat="-39.3695030641" lon="-72.6180179045"><ele>117.02</ele><time>2024-08-29T02:48:54Z</time></trkpt><trkpt lat="-39.3694597296" lon="-72.6180635858"><ele>117.07</ele><time>2024-08-29T02:48:55Z</time></trkpt><trkpt lat="-39.3694126233" lon="-72.6181111950"><ele>117.14</ele><time>2024-08-29T02:48:56Z</time></trkpt><trkpt lat="-39.3691909220" lon="-72.6183180604"><ele>117.02</ele><time>2024-08-29T02:49:01Z</time></trkpt><trkpt lat="-39.3691469170" lon="-72.6183340698"><ele>117.00</ele><time>2024-08-29T02:49:02Z</time></trkpt><trkpt lat="-39.3690954521" lon="-72.6183370873"><ele>116.98</ele><time>2024-08-29T02:49:03Z</time></trkpt><trkpt lat="-39.3687937874" lon="-72.6183051523"><ele>116.65</ele><time>2024-08-29T02:49:08Z</time></trkpt><trkpt lat="-39.3687388860" lon="-72.6183115225"><ele>116.60</ele><time>2024-08-29T02:49:09Z</time></trkpt><trkpt lat="-39.3686854932" lon="-72.6183289569"><ele>116.58</ele><time>2024-08-29T02:49:10Z</time></trkpt><trkpt lat="-39.3686331902" lon="-72.6183624007"><ele>116.55</ele><time>2024-08-29T02:49:11Z</time></trkpt><trkpt lat="-39.3685806356" lon="-72.6184088364"><ele>116.69</ele><time>2024-08-29T02:49:12Z</time></trkpt><trkpt lat="-39.3685276620" lon="-72.6184617262"><ele>116.69</ele><time>2024-08-29T02:49:13Z</time></trkpt><trkpt lat="-39.3684726767" lon="-72.6185175497"><ele>116.68</ele><time>2024-08-29T02:49:14Z</time></trkpt><trkpt lat="-39.3674107734" lon="-72.6195154991"><ele>116.39</ele><time>2024-08-29T02:49:31Z</time></trkpt><trkpt lat="-39.3669635151" lon="-72.6199345943"><ele>115.88</ele><time>2024-08-29T02:49:41Z</time></trkpt><trkpt lat="-39.3669244554" lon="-72.6199584827"><ele>115.75</ele><time>2024-08-29T02:49:51Z</time></trkpt><trkpt lat="-39.3668698054" lon="-72.6200122107"><ele>115.70</ele><time>2024-08-29T02:49:53Z</time></trkpt><trkpt lat="-39.3664073758" lon="-72.6204452198"><ele>115.99</ele><time>2024-08-29T02:50:01Z</time></trkpt><trkpt lat="-39.3655131944" lon="-72.6213189494"><ele>114.80</ele><time>2024-08-29T02:50:17Z</time></trkpt><trkpt lat="-39.3651631661" lon="-72.6216457598"><ele>114.52</ele><time>2024-08-29T02:50:28Z</time></trkpt><trkpt lat="-39.3646651134" lon="-72.6221271325"><ele>114.11</ele><time>2024-08-29T02:50:39Z</time></trkpt><trkpt lat="-39.3643329386" lon="-72.6224215887"><ele>113.54</ele><time>2024-08-29T02:50:49Z</time></trkpt><trkpt lat="-39.3642790429" lon="-72.6226148754"><ele>113.56</ele><time>2024-08-29T02:50:54Z</time></trkpt><trkpt lat="-39.3642948847" lon="-72.6230324619"><ele>113.89</ele><time>2024-08-29T02:51:04Z</time></trkpt><trkpt lat="-39.3643238023" lon="-72.6230476331"><ele>113.88</ele><time>2024-08-29T02:51:05Z</time></trkpt><trkpt lat="-39.3643574137" lon="-72.6230434421"><ele>113.89</ele><time>2024-08-29T02:51:06Z</time></trkpt><trkpt lat="-39.3643897679" lon="-72.6230262592"><ele>113.91</ele><time>2024-08-29T02:51:07Z</time></trkpt><trkpt lat="-39.3644266482" lon="-72.6229964197"><ele>114.07</ele><time>2024-08-29T02:51:08Z</time></trkpt><trkpt lat="-39.3644730002" lon="-72.6229565218"><ele>114.20</ele><time>2024-08-29T02:51:09Z</time></trkpt><trkpt lat="-39.3645206932" lon="-72.6229119301"><ele>114.36</ele><time>2024-08-29T02:51:10Z</time></trkpt><trkpt lat="-39.3649782613" lon="-72.6224432979"><ele>114.33</ele><time>2024-08-29T02:51:22Z</time></trkpt><trkpt lat="-39.3650052510" lon="-72.6224002987"><ele>114.22</ele><time>2024-08-29T02:51:23Z</time></trkpt><trkpt lat="-39.3650251161" lon="-72.6223503426"><ele>114.45</ele><time>2024-08-29T02:51:24Z</time></trkpt><trkpt lat="-39.3650939316" lon="-72.6222134661"><ele>114.62</ele><time>2024-08-29T02:51:27Z</time></trkpt><trkpt lat="-39.3651253637" lon="-72.6221779268"><ele>114.67</ele><time>2024-08-29T02:51:28Z</time></trkpt><trkpt lat="-39.3654036429" lon="-72.6218948700"><ele>114.90</ele><time>2024-08-29T02:51:36Z</time></trkpt><trkpt lat="-39.3654425349" lon="-72.6218574867"><ele>114.88</ele><time>2024-08-29T02:51:37Z</time></trkpt><trkpt lat="-39.3657072354" lon="-72.6215213723"><ele>114.45</ele><time>2024-08-29T02:51:47Z</time></trkpt><trkpt lat="-39.3657353986" lon="-72.6214797143"><ele>114.69</ele><time>2024-08-29T02:51:48Z</time></trkpt><trkpt lat="-39.3657751288" lon="-72.6214367989"><ele>114.83</ele><time>2024-08-29T02:51:49Z</time></trkpt><trkpt lat="-39.3660534080" lon="-72.6211720984"><ele>115.49</ele><time>2024-08-29T02:51:55Z</time></trkpt><trkpt lat="-39.3660870194" lon="-72.6211534906"><ele>115.35</ele><time>2024-08-29T02:51:56Z</time></trkpt><trkpt lat="-39.3661176972" lon="-72.6211491320"><ele>115.26</ele><time>2024-08-29T02:51:57Z</time></trkpt><trkpt lat="-39.3661483750" lon="-72.6211588550"><ele>115.18</ele><time>2024-08-29T02:51:58Z</time></trkpt><trkpt lat="-39.3661806453" lon="-72.6211874373"><ele>115.25</ele><time>2024-08-29T02:51:59Z</time></trkpt><trkpt lat="-39.3662077188" lon="-72.6212316100"><ele>115.29</ele><time>2024-08-29T02:52:00Z</time></trkpt><trkpt lat="-39.3662397377" lon="-72.6212936360"><ele>115.24</ele><time>2024-08-29T02:52:01Z</time></trkpt><trkpt lat="-39.3664448429" lon="-72.6216061972"><ele>114.62</ele><time>2024-08-29T02:52:08Z</time></trkpt><trkpt lat="-39.3664710782" lon="-72.6215993240"><ele>114.43</ele><time>2024-08-29T02:52:09Z</time></trkpt><trkpt lat="-39.3664958887" lon="-72.6215837337"><ele>114.39</ele><time>2024-08-29T02:52:10Z</time></trkpt><trkpt lat="-39.3665210344" lon="-72.6215623599"><ele>114.56</ele><time>2024-08-29T02:52:11Z</time></trkpt><trkpt lat="-39.3665457610" lon="-72.6215362083"><ele>114.69</ele><time>2024-08-29T02:52:12Z</time></trkpt><trkpt lat="-39.3665719125" lon="-72.6215091348"><ele>114.83</ele><time>2024-08-29T02:52:13Z</time></trkpt><trkpt lat="-39.3668702245" lon="-72.6212137565"><ele>115.53</ele><time>2024-08-29T02:52:24Z</time></trkpt><trkpt lat="-39.3672694545" lon="-72.6208234951"><ele>116.10</ele><time>2024-08-29T02:52:38Z</time></trkpt><trkpt lat="-39.3672968633" lon="-72.6207902189"><ele>115.86</ele><time>2024-08-29T02:52:41Z</time></trkpt><trkpt lat="-39.3673032336" lon="-72.6207620557"><ele>115.89</ele><time>2024-08-29T02:52:42Z</time></trkpt><trkpt lat="-39.3672974501" lon="-72.6207212359"><ele>115.91</ele><time>2024-08-29T02:52:43Z</time></trkpt><trkpt lat="-39.3672824465" lon="-72.6206811704"><ele>116.13</ele><time>2024-08-29T02:52:44Z</time></trkpt><trkpt lat="-39.3672651798" lon="-72.6206439547"><ele>116.03</ele><time>2024-08-29T02:52:45Z</time></trkpt><trkpt lat="-39.3672417104" lon="-72.6206027996"><ele>116.16</ele><time>2024-08-29T02:52:46Z</time></trkpt><trkpt lat="-39.3672128767" lon="-72.6204634085"><ele>116.24</ele><time>2024-08-29T02:52:50Z</time></trkpt><trkpt lat="-39.3675282877" lon="-72.6201662701"><ele>116.61</ele><time>2024-08-29T02:53:01Z</time></trkpt><trkpt lat="-39.3675826862" lon="-72.6201627497"><ele>116.30</ele><time>2024-08-29T02:53:08Z</time></trkpt><trkpt lat="-39.3676150404" lon="-72.6201956067"><ele>116.45</ele><time>2024-08-29T02:53:10Z</time></trkpt><trkpt lat="-39.3676328938" lon="-72.6202205848"><ele>116.50</ele><time>2024-08-29T02:53:11Z</time></trkpt><trkpt lat="-39.3676517531" lon="-72.6202525198"><ele>116.55</ele><time>2024-08-29T02:53:12Z</time></trkpt><trkpt lat="-39.3676683493" lon="-72.6202879753"><ele>116.46</ele><time>2024-08-29T02:53:13Z</time></trkpt><trkpt lat="-39.3677452952" lon="-72.6203593891"><ele>116.34</ele><time>2024-08-29T02:53:17Z</time></trkpt><trkpt lat="-39.3677684292" lon="-72.6203477383"><ele>116.35</ele><time>2024-08-29T02:53:18Z</time></trkpt><trkpt lat="-39.3677949160" lon="-72.6203282923"><ele>116.45</ele><time>2024-08-29T02:53:19Z</time></trkpt><trkpt lat="-39.3678262644" lon="-72.6202995423"><ele>116.44</ele><time>2024-08-29T02:53:20Z</time></trkpt><trkpt lat="-39.3678612169" lon="-72.6202676073"><ele>116.49</ele><time>2024-08-29T02:53:21Z</time></trkpt><trkpt lat="-39.3684830703" lon="-72.6196993142"><ele>116.92</ele><time>2024-08-29T02:53:35Z</time></trkpt><trkpt lat="-39.3689341005" lon="-72.6192903612"><ele>117.23</ele><time>2024-08-29T02:53:47Z</time></trkpt><trkpt lat="-39.3689484335" lon="-72.6192910317"><ele>117.17</ele><time>2024-08-29T02:53:48Z</time></trkpt><trkpt lat="-39.3689617608" lon="-72.6192968152"><ele>117.19</ele><time>2024-08-29T02:53:49Z</time></trkpt><trkpt lat="-39.3689731602" lon="-72.6193113159"><ele>117.22</ele><time>2024-08-29T02:53:50Z</time></trkpt><trkpt lat="-39.3689810392" lon="-72.6193275768"><ele>117.12</ele><time>2024-08-29T02:53:51Z</time></trkpt><trkpt lat="-39.3689848110" lon="-72.6193515491"><ele>117.11</ele><time>2024-08-29T02:53:52Z</time></trkpt><trkpt lat="-39.3689896725" lon="-72.6193863340"><ele>117.03</ele><time>2024-08-29T02:53:53Z</time></trkpt><trkpt lat="-39.3690699711" lon="-72.6198735740"><ele>116.85</ele><time>2024-08-29T02:54:04Z</time></trkpt><trkpt lat="-39.3687811308" lon="-72.6201506797"><ele>116.75</ele><time>2024-08-29T02:54:13Z</time></trkpt><trkpt lat="-39.3680949882" lon="-72.6207875367"><ele>116.58</ele><time>2024-08-29T02:54:27Z</time></trkpt><trkpt lat="-39.3676953390" lon="-72.6211611181"><ele>116.18</ele><time>2024-08-29T02:54:40Z</time></trkpt><trkpt lat="-39.3676390126" lon="-72.6212494634"><ele>115.81</ele><time>2024-08-29T02:54:46Z</time></trkpt><trkpt lat="-39.3676403537" lon="-72.6212834939"><ele>115.80</ele><time>2024-08-29T02:54:47Z</time></trkpt><trkpt lat="-39.3676491547" lon="-72.6213188656"><ele>115.98</ele><time>2024-08-29T02:54:48Z</time></trkpt><trkpt lat="-39.3676660862" lon="-72.6213614456"><ele>115.89</ele><time>2024-08-29T02:54:49Z</time></trkpt><trkpt lat="-39.3676893041" lon="-72.6214119047"><ele>115.99</ele><time>2024-08-29T02:54:50Z</time></trkpt><trkpt lat="-39.3680820800" lon="-72.6221345086"><ele>116.21</ele><time>2024-08-29T02:55:00Z</time></trkpt><trkpt lat="-39.3682759535" lon="-72.6225007139"><ele>115.56</ele><time>2024-08-29T02:55:09Z</time></trkpt><trkpt lat="-39.3683965690" lon="-72.6225925796"><ele>115.79</ele><time>2024-08-29T02:55:14Z</time></trkpt><trkpt lat="-39.3684414122" lon="-72.6225866284"><ele>115.96</ele><time>2024-08-29T02:55:15Z</time></trkpt><trkpt lat="-39.3684861716" lon="-72.6225660928"><ele>116.06</ele><time>2024-08-29T02:55:16Z</time></trkpt><trkpt lat="-39.3685297575" lon="-72.6225349121"><ele>116.01</ele><time>2024-08-29T02:55:17Z</time></trkpt><trkpt lat="-39.3685728405" lon="-72.6224971097"><ele>115.89</ele><time>2024-08-29T02:55:18Z</time></trkpt><trkpt lat="-39.3686160911" lon="-72.6224577148"><ele>116.14</ele><time>2024-08-29T02:55:19Z</time></trkpt><trkpt lat="-39.3693459034" lon="-72.6217538025"><ele>116.45</ele><time>2024-08-29T02:55:33Z</time></trkpt><trkpt lat="-39.3699883763" lon="-72.6210892014"><ele>116.22</ele><time>2024-08-29T02:55:46Z</time></trkpt><trkpt lat="-39.3701225705" lon="-72.6209144387"><ele>116.19</ele><time>2024-08-29T02:55:53Z</time></trkpt><trkpt lat="-39.3701274320" lon="-72.6208675001"><ele>116.32</ele><time>2024-08-29T02:55:54Z</time></trkpt><trkpt lat="-39.3701228220" lon="-72.6208143588"><ele>116.53</ele><time>2024-08-29T02:55:55Z</time></trkpt><trkpt lat="-39.3701096624" lon="-72.6207699347"><ele>116.46</ele><time>2024-08-29T02:55:56Z</time></trkpt><trkpt lat="-39.3700958323" lon="-72.6207362395"><ele>116.41</ele><time>2024-08-29T02:55:57Z</time></trkpt><trkpt lat="-39.3700878695" lon="-72.6207162067"><ele>116.36</ele><time>2024-08-29T02:55:58Z</time></trkpt><trkpt lat="-39.3700816669" lon="-72.6206949167"><ele>116.27</ele><time>2024-08-29T02:55:59Z</time></trkpt><trkpt lat="-39.3701050524" lon="-72.6205361634"><ele>116.39</ele><time>2024-08-29T02:56:03Z</time></trkpt><trkpt lat="-39.3701368198" lon="-72.6204848662"><ele>116.40</ele><time>2024-08-29T02:56:04Z</time></trkpt><trkpt lat="-39.3701762985" lon="-72.6204327308"><ele>116.14</ele><time>2024-08-29T02:56:05Z</time></trkpt><trkpt lat="-39.3707828969" lon="-72.6196584944"><ele>114.97</ele><time>2024-08-29T02:56:16Z</time></trkpt><trkpt lat="-39.3716285471" lon="-72.6183577068"><ele>113.17</ele><time>2024-08-29T02:56:31Z</time></trkpt><trkpt lat="-39.3723213952" lon="-72.6169355493"><ele>112.61</ele><time>2024-08-29T02:56:46Z</time></trkpt><trkpt lat="-39.3730913568" lon="-72.6156084426"><ele>113.05</ele><time>2024-08-29T02:57:01Z</time></trkpt><trkpt lat="-39.3734363560" lon="-72.6143420208"><ele>111.71</ele><time>2024-08-29T02:57:13Z</time></trkpt><trkpt lat="-39.3739105202" lon="-72.6124349702"><ele>112.09</ele><time>2024-08-29T02:57:31Z</time></trkpt><trkpt lat="-39.3740238436" lon="-72.6109311730"><ele>113.72</ele><time>2024-08-29T02:57:45Z</time></trkpt><trkpt lat="-39.3740185630" lon="-72.6091300696"><ele>114.78</ele><time>2024-08-29T02:58:01Z</time></trkpt><trkpt lat="-39.3738559540" lon="-72.6072692871"><ele>115.43</ele><time>2024-08-29T02:58:18Z</time></trkpt><trkpt lat="-39.3735701311" lon="-72.6052736398"><ele>116.08</ele><time>2024-08-29T02:58:36Z</time></trkpt><trkpt lat="-39.3732535467" lon="-72.6040194556"><ele>116.88</ele><time>2024-08-29T02:58:48Z</time></trkpt><trkpt lat="-39.3724406697" lon="-72.6027006470"><ele>117.16</ele><time>2024-08-29T02:59:03Z</time></trkpt><trkpt lat="-39.3723042961" lon="-72.6021725871"><ele>117.42</ele><time>2024-08-29T02:59:08Z</time></trkpt><trkpt lat="-39.3723006919" lon="-72.6020585932"><ele>117.53</ele><time>2024-08-29T02:59:09Z</time></trkpt><trkpt lat="-39.3723027036" lon="-72.6019448508"><ele>117.32</ele><time>2024-08-29T02:59:10Z</time></trkpt><trkpt lat="-39.3723166175" lon="-72.6018334553"><ele>117.20</ele><time>2024-08-29T02:59:11Z</time></trkpt><trkpt lat="-39.3723371532" lon="-72.6017233171"><ele>117.05</ele><time>2024-08-29T02:59:12Z</time></trkpt><trkpt lat="-39.3723631371" lon="-72.6016156934"><ele>116.93</ele><time>2024-08-29T02:59:13Z</time></trkpt><trkpt lat="-39.3723943178" lon="-72.6015122607"><ele>116.79</ele><time>2024-08-29T02:59:14Z</time></trkpt><trkpt lat="-39.3724271748" lon="-72.6014096662"><ele>116.78</ele><time>2024-08-29T02:59:15Z</time></trkpt><trkpt lat="-39.3729889300" lon="-72.6000655442"><ele>117.46</ele><time>2024-08-29T02:59:29Z</time></trkpt><trkpt lat="-39.3736186624" lon="-72.5984950271"><ele>119.17</ele><time>2024-08-29T02:59:45Z</time></trkpt><trkpt lat="-39.3739781622" lon="-72.5968887191"><ele>119.41</ele><time>2024-08-29T03:00:00Z</time></trkpt><trkpt lat="-39.3743754644" lon="-72.5947202370"><ele>119.78</ele><time>2024-08-29T03:00:20Z</time></trkpt><trkpt lat="-39.3749224674" lon="-72.5916798692"><ele>120.69</ele><time>2024-08-29T03:00:48Z</time></trkpt><trkpt lat="-39.3752310891" lon="-72.5899661891"><ele>121.26</ele><time>2024-08-29T03:01:04Z</time></trkpt><trkpt lat="-39.3753603380" lon="-72.5892691500"><ele>120.95</ele><time>2024-08-29T03:01:13Z</time></trkpt><trkpt lat="-39.3752791174" lon="-72.5891664717"><ele>120.92</ele><time>2024-08-29T03:01:21Z</time></trkpt><trkpt lat="-39.3752990663" lon="-72.5891954731"><ele>121.25</ele><time>2024-08-29T03:01:46Z</time></trkpt><trkpt lat="-39.3753005750" lon="-72.5892255642"><ele>120.98</ele><time>2024-08-29T03:01:50Z</time></trkpt><trkpt lat="-39.3752741721" lon="-72.5893455092"><ele>121.05</ele><time>2024-08-29T03:01:53Z</time></trkpt><trkpt lat="-39.3751430791" lon="-72.5900777522"><ele>121.28</ele><time>2024-08-29T03:02:01Z</time></trkpt><trkpt lat="-39.3748244829" lon="-72.5918248761"><ele>120.99</ele><time>2024-08-29T03:02:16Z</time></trkpt><trkpt lat="-39.3744857702" lon="-72.5937035121"><ele>119.99</ele><time>2024-08-29T03:02:33Z</time></trkpt><trkpt lat="-39.3741471414" lon="-72.5956823956"><ele>119.31</ele><time>2024-08-29T03:02:51Z</time></trkpt><trkpt lat="-39.3738496676" lon="-72.5973475445"><ele>118.69</ele><time>2024-08-29T03:03:06Z</time></trkpt><trkpt lat="-39.3733765930" lon="-72.5990235060"><ele>117.94</ele><time>2024-08-29T03:03:22Z</time></trkpt><trkpt lat="-39.3727191165" lon="-72.6006423868"><ele>116.52</ele><time>2024-08-29T03:03:38Z</time></trkpt><trkpt lat="-39.3722980097" lon="-72.6017533243"><ele>116.24</ele><time>2024-08-29T03:03:49Z</time></trkpt><trkpt lat="-39.3722478021" lon="-72.6020791288"><ele>116.80</ele><time>2024-08-29T03:03:52Z</time></trkpt><trkpt lat="-39.3722471315" lon="-72.6021885127"><ele>116.87</ele><time>2024-08-29T03:03:53Z</time></trkpt><trkpt lat="-39.3722550105" lon="-72.6023025904"><ele>117.00</ele><time>2024-08-29T03:03:54Z</time></trkpt><trkpt lat="-39.3722700980" lon="-72.6024205238"><ele>116.92</ele><time>2024-08-29T03:03:55Z</time></trkpt><trkpt lat="-39.3722949084" lon="-72.6025330927"><ele>117.10</ele><time>2024-08-29T03:03:56Z</time></trkpt><trkpt lat="-39.3723270111" lon="-72.6026453264"><ele>117.08</ele><time>2024-08-29T03:03:57Z</time></trkpt><trkpt lat="-39.3723650649" lon="-72.6027564704"><ele>117.23</ele><time>2024-08-29T03:03:58Z</time></trkpt><trkpt lat="-39.3724092375" lon="-72.6028622501"><ele>117.19</ele><time>2024-08-29T03:03:59Z</time></trkpt><trkpt lat="-39.3724559247" lon="-72.6029634196"><ele>117.06</ele><time>2024-08-29T03:04:00Z</time></trkpt><trkpt lat="-39.3732358608" lon="-72.6042160951"><ele>116.18</ele><time>2024-08-29T03:04:14Z</time></trkpt><trkpt lat="-39.3733299896" lon="-72.6044081245"><ele>116.08</ele><time>2024-08-29T03:04:16Z</time></trkpt><trkpt lat="-39.3733696360" lon="-72.6045108028"><ele>115.93</ele><time>2024-08-29T03:04:17Z</time></trkpt><trkpt lat="-39.3734031636" lon="-72.6046170015"><ele>115.93</ele><time>2024-08-29T03:04:18Z</time></trkpt><trkpt lat="-39.3734310754" lon="-72.6047226135"><ele>115.76</ele><time>2024-08-29T03:04:19Z</time></trkpt><trkpt lat="-39.3734522816" lon="-72.6048283093"><ele>115.70</ele><time>2024-08-29T03:04:20Z</time></trkpt><trkpt lat="-39.3736702949" lon="-72.6063733455"><ele>115.12</ele><time>2024-08-29T03:04:34Z</time></trkpt><trkpt lat="-39.3739487417" lon="-72.6085975673"><ele>114.19</ele><time>2024-08-29T03:04:54Z</time></trkpt><trkpt lat="-39.3739809282" lon="-72.6104156021"><ele>113.55</ele><time>2024-08-29T03:05:10Z</time></trkpt><trkpt lat="-39.3739393540" lon="-72.6118972711"><ele>111.73</ele><time>2024-08-29T03:05:23Z</time></trkpt><trkpt lat="-39.3735948578" lon="-72.6136226859"><ele>110.97</ele><time>2024-08-29T03:05:39Z</time></trkpt><trkpt lat="-39.3728979863" lon="-72.6158999652"><ele>112.43</ele><time>2024-08-29T03:06:01Z</time></trkpt><trkpt lat="-39.3722149450" lon="-72.6170882676"><ele>112.09</ele><time>2024-08-29T03:06:14Z</time></trkpt><trkpt lat="-39.3714471627" lon="-72.6186023746"><ele>112.80</ele><time>2024-08-29T03:06:30Z</time></trkpt><trkpt lat="-39.3703844212" lon="-72.6200848818"><ele>114.83</ele><time>2024-08-29T03:06:48Z</time></trkpt><trkpt lat="-39.3700552639" lon="-72.6205343194"><ele>116.12</ele><time>2024-08-29T03:06:54Z</time></trkpt><trkpt lat="-39.3700224906" lon="-72.6206019614"><ele>116.27</ele><time>2024-08-29T03:06:55Z</time></trkpt><trkpt lat="-39.3699961714" lon="-72.6206686813"><ele>116.53</ele><time>2024-08-29T03:06:56Z</time></trkpt><trkpt lat="-39.3699742947" lon="-72.6207334734"><ele>116.56</ele><time>2024-08-29T03:06:57Z</time></trkpt><trkpt lat="-39.3699550163" lon="-72.6207996067"><ele>116.50</ele><time>2024-08-29T03:06:58Z</time></trkpt><trkpt lat="-39.3698787410" lon="-72.6210060529"><ele>116.32</ele><time>2024-08-29T03:07:01Z</time></trkpt><trkpt lat="-39.3698381726" lon="-72.6210701745"><ele>116.26</ele><time>2024-08-29T03:07:02Z</time></trkpt><trkpt lat="-39.3697910663" lon="-72.6211281773"><ele>116.32</ele><time>2024-08-29T03:07:03Z</time></trkpt><trkpt lat="-39.3697357457" lon="-72.6211843360"><ele>116.24</ele><time>2024-08-29T03:07:04Z</time></trkpt><trkpt lat="-39.3696765695" lon="-72.6212397404"><ele>116.16</ele><time>2024-08-29T03:07:05Z</time></trkpt><trkpt lat="-39.3687873334" lon="-72.6220818702"><ele>115.88</ele><time>2024-08-29T03:07:19Z</time></trkpt><trkpt lat="-39.3677355722" lon="-72.6231062226"><ele>115.45</ele><time>2024-08-29T03:07:36Z</time></trkpt><trkpt lat="-39.3671199214" lon="-72.6236764435"><ele>115.52</ele><time>2024-08-29T03:07:46Z</time></trkpt><trkpt lat="-39.3659503106" lon="-72.6247945894"><ele>115.09</ele><time>2024-08-29T03:08:03Z</time></trkpt><trkpt lat="-39.3656891305" lon="-72.6250545122"><ele>114.67</ele><time>2024-08-29T03:08:08Z</time></trkpt><trkpt lat="-39.3656624760" lon="-72.6251141913"><ele>114.77</ele><time>2024-08-29T03:08:09Z</time></trkpt><trkpt lat="-39.3656505737" lon="-72.6251835097"><ele>114.67</ele><time>2024-08-29T03:08:10Z</time></trkpt><trkpt lat="-39.3656582013" lon="-72.6252493914"><ele>114.62</ele><time>2024-08-29T03:08:11Z</time></trkpt><trkpt lat="-39.3656817544" lon="-72.6253129262"><ele>114.55</ele><time>2024-08-29T03:08:12Z</time></trkpt><trkpt lat="-39.3657151144" lon="-72.6253745332"><ele>114.60</ele><time>2024-08-29T03:08:13Z</time></trkpt><trkpt lat="-39.3657518271" lon="-72.6254345477"><ele>114.57</ele><time>2024-08-29T03:08:14Z</time></trkpt><trkpt lat="-39.3657889590" lon="-72.6254958194"><ele>114.57</ele><time>2024-08-29T03:08:15Z</time></trkpt><trkpt lat="-39.3662549090" lon="-72.6262405515"><ele>113.99</ele><time>2024-08-29T03:08:27Z</time></trkpt><trkpt lat="-39.3662937172" lon="-72.6262747496"><ele>113.89</ele><time>2024-08-29T03:08:28Z</time></trkpt><trkpt lat="-39.3663336150" lon="-72.6262963749"><ele>113.90</ele><time>2024-08-29T03:08:29Z</time></trkpt><trkpt lat="-39.3663766980" lon="-72.6262999792"><ele>113.96</ele><time>2024-08-29T03:08:30Z</time></trkpt><trkpt lat="-39.3664257322" lon="-72.6262803655"><ele>113.91</ele><time>2024-08-29T03:08:31Z</time></trkpt><trkpt lat="-39.3664702401" lon="-72.6262485981"><ele>113.92</ele><time>2024-08-29T03:08:32Z</time></trkpt><trkpt lat="-39.3665195256" lon="-72.6262061018"><ele>113.89</ele><time>2024-08-29T03:08:33Z</time></trkpt><trkpt lat="-39.3665693142" lon="-72.6261602528"><ele>114.04</ele><time>2024-08-29T03:08:34Z</time></trkpt><trkpt lat="-39.3674226757" lon="-72.6253361441"><ele>115.15</ele><time>2024-08-29T03:08:51Z</time></trkpt><trkpt lat="-39.3680580240" lon="-72.6247130334"><ele>115.54</ele><time>2024-08-29T03:09:03Z</time></trkpt><trkpt lat="-39.3682209682" lon="-72.6245663501"><ele>115.70</ele><time>2024-08-29T03:09:10Z</time></trkpt><trkpt lat="-39.3687714916" lon="-72.6240249630"><ele>116.22</ele><time>2024-08-29T03:09:21Z</time></trkpt><trkpt lat="-39.3690076098" lon="-72.6237922814"><ele>116.09</ele><time>2024-08-29T03:09:29Z</time></trkpt><trkpt lat="-39.3694330752" lon="-72.6233814005"><ele>116.54</ele><time>2024-08-29T03:09:40Z</time></trkpt><trkpt lat="-39.3700905517" lon="-72.6227535959"><ele>116.96</ele><time>2024-08-29T03:09:56Z</time></trkpt><trkpt lat="-39.3706910312" lon="-72.6221990492"><ele>117.51</ele><time>2024-08-29T03:10:09Z</time></trkpt><trkpt lat="-39.3707798794" lon="-72.6221511047"><ele>117.35</ele><time>2024-08-29T03:10:15Z</time></trkpt><trkpt lat="-39.3708023429" lon="-72.6221650187"><ele>117.39</ele><time>2024-08-29T03:10:16Z</time></trkpt><trkpt lat="-39.3708209507" lon="-72.6221920084"><ele>117.41</ele><time>2024-08-29T03:10:17Z</time></trkpt><trkpt lat="-39.3708391394" lon="-72.6222267095"><ele>117.26</ele><time>2024-08-29T03:10:18Z</time></trkpt><trkpt lat="-39.3708581664" lon="-72.6222619135"><ele>117.26</ele><time>2024-08-29T03:10:19Z</time></trkpt><trkpt lat="-39.3708774447" lon="-72.6222963631"><ele>117.03</ele><time>2024-08-29T03:10:20Z</time></trkpt><trkpt lat="-39.3712116312" lon="-72.6229009498"><ele>115.24</ele><time>2024-08-29T03:10:33Z</time></trkpt><trkpt lat="-39.3713256251" lon="-72.6233037002"><ele>114.43</ele><time>2024-08-29T03:10:42Z</time></trkpt><trkpt lat="-39.3713060115" lon="-72.6233336236"><ele>114.45</ele><time>2024-08-29T03:10:43Z</time></trkpt><trkpt lat="-39.3712824583" lon="-72.6233611163"><ele>114.39</ele><time>2024-08-29T03:10:44Z</time></trkpt><trkpt lat="-39.3712578993" lon="-72.6233836636"><ele>114.34</ele><time>2024-08-29T03:10:45Z</time></trkpt><trkpt lat="-39.3712324183" lon="-72.6234062947"><ele>114.34</ele><time>2024-08-29T03:10:46Z</time></trkpt><trkpt lat="-39.3708159216" lon="-72.6238253061"><ele>115.52</ele><time>2024-08-29T03:11:00Z</time></trkpt><trkpt lat="-39.3703612871" lon="-72.6242291462"><ele>116.27</ele><time>2024-08-29T03:11:12Z</time></trkpt><trkpt lat="-39.3697532639" lon="-72.6247846987"><ele>115.80</ele><time>2024-08-29T03:11:26Z</time></trkpt><trkpt lat="-39.3693673611" lon="-72.6251351461"><ele>115.92</ele><time>2024-08-29T03:11:35Z</time></trkpt><trkpt lat="-39.3687622715" lon="-72.6256970689"><ele>115.93</ele><time>2024-08-29T03:11:48Z</time></trkpt><trkpt lat="-39.3682539929" lon="-72.6262113824"><ele>115.55</ele><time>2024-08-29T03:11:58Z</time></trkpt><trkpt lat="-39.3676314689" lon="-72.6268397737"><ele>114.39</ele><time>2024-08-29T03:12:11Z</time></trkpt><trkpt lat="-39.3670993019" lon="-72.6273185480"><ele>113.10</ele><time>2024-08-29T03:12:23Z</time></trkpt><trkpt lat="-39.3670276366" lon="-72.6275052968"><ele>113.06</ele><time>2024-08-29T03:12:29Z</time></trkpt><trkpt lat="-39.3670396227" lon="-72.6275663171"><ele>113.00</ele><time>2024-08-29T03:12:30Z</time></trkpt><trkpt lat="-39.3670648523" lon="-72.6276275050"><ele>113.01</ele><time>2024-08-29T03:12:31Z</time></trkpt><trkpt lat="-39.3671010621" lon="-72.6276877709"><ele>113.19</ele><time>2024-08-29T03:12:32Z</time></trkpt><trkpt lat="-39.3671383616" lon="-72.6277483720"><ele>113.37</ele><time>2024-08-29T03:12:33Z</time></trkpt><trkpt lat="-39.3675954267" lon="-72.6284852251"><ele>113.34</ele><time>2024-08-29T03:12:45Z</time></trkpt><trkpt lat="-39.3676385097" lon="-72.6285123825"><ele>113.18</ele><time>2024-08-29T03:12:46Z</time></trkpt><trkpt lat="-39.3676869571" lon="-72.6285170764"><ele>113.37</ele><time>2024-08-29T03:12:47Z</time></trkpt><trkpt lat="-39.3677366618" lon="-72.6285019889"><ele>113.37</ele><time>2024-08-29T03:12:48Z</time></trkpt><trkpt lat="-39.3677899707" lon="-72.6284679584"><ele>113.36</ele><time>2024-08-29T03:12:49Z</time></trkpt><trkpt lat="-39.3678427767" lon="-72.6284219418"><ele>113.59</ele><time>2024-08-29T03:12:50Z</time></trkpt><trkpt lat="-39.3678950798" lon="-72.6283698063"><ele>113.69</ele><time>2024-08-29T03:12:51Z</time></trkpt><trkpt lat="-39.3686894327" lon="-72.6275869366"><ele>114.68</ele><time>2024-08-29T03:13:04Z</time></trkpt><trkpt lat="-39.3693370186" lon="-72.6269631553"><ele>115.20</ele><time>2024-08-29T03:13:16Z</time></trkpt><trkpt lat="-39.3696313072" lon="-72.6266849600"><ele>115.39</ele><time>2024-08-29T03:13:24Z</time></trkpt><trkpt lat="-39.3702020310" lon="-72.6261216961"><ele>114.95</ele><time>2024-08-29T03:13:35Z</time></trkpt><trkpt lat="-39.3703135103" lon="-72.6260711532"><ele>114.81</ele><time>2024-08-29T03:13:39Z</time></trkpt><trkpt lat="-39.3703479599" lon="-72.6260937005"><ele>114.77</ele><time>2024-08-29T03:13:40Z</time></trkpt><trkpt lat="-39.3703797273" lon="-72.6261291560"><ele>114.80</ele><time>2024-08-29T03:13:41Z</time></trkpt><trkpt lat="-39.3704145122" lon="-72.6261773519"><ele>114.85</ele><time>2024-08-29T03:13:42Z</time></trkpt><trkpt lat="-39.3704501353" lon="-72.6262338459"><ele>114.83</ele><time>2024-08-29T03:13:43Z</time></trkpt><trkpt lat="-39.3704859260" lon="-72.6262950338"><ele>114.93</ele><time>2024-08-29T03:13:44Z</time></trkpt><trkpt lat="-39.3711222801" lon="-72.6274225675"><ele>111.78</ele><time>2024-08-29T03:14:00Z</time></trkpt><trkpt lat="-39.3715161458" lon="-72.6280991547"><ele>108.67</ele><time>2024-08-29T03:14:10Z</time></trkpt><trkpt lat="-39.3715702929" lon="-72.6282341033"><ele>108.56</ele><time>2024-08-29T03:14:13Z</time></trkpt><trkpt lat="-39.3715574685" lon="-72.6282864064"><ele>108.63</ele><time>2024-08-29T03:14:14Z</time></trkpt><trkpt lat="-39.3715321552" lon="-72.6283389609"><ele>108.61</ele><time>2024-08-29T03:14:15Z</time></trkpt><trkpt lat="-39.3714870606" lon="-72.6283893362"><ele>108.86</ele><time>2024-08-29T03:14:16Z</time></trkpt><trkpt lat="-39.3714331649" lon="-72.6284396276"><ele>109.00</ele><time>2024-08-29T03:14:17Z</time></trkpt><trkpt lat="-39.3710175063" lon="-72.6288115326"><ele>112.04</ele><time>2024-08-29T03:14:24Z</time></trkpt><trkpt lat="-39.3708885927" lon="-72.6289337408"><ele>113.44</ele><time>2024-08-29T03:14:27Z</time></trkpt><trkpt lat="-39.3707254808" lon="-72.6290821005"><ele>114.15</ele><time>2024-08-29T03:14:34Z</time></trkpt><trkpt lat="-39.3702433538" lon="-72.6295341365"><ele>114.66</ele><time>2024-08-29T03:14:42Z</time></trkpt><trkpt lat="-39.3691001460" lon="-72.6306188386"><ele>113.31</ele><time>2024-08-29T03:15:01Z</time></trkpt><trkpt lat="-39.3688698951" lon="-72.6308344211"><ele>113.07</ele><time>2024-08-29T03:15:09Z</time></trkpt><trkpt lat="-39.3682265002" lon="-72.6314327214"><ele>112.88</ele><time>2024-08-29T03:15:21Z</time></trkpt><trkpt lat="-39.3681530748" lon="-72.6314999443"><ele>112.66</ele><time>2024-08-29T03:15:27Z</time></trkpt><trkpt lat="-39.3681900389" lon="-72.6314671710"><ele>112.53</ele><time>2024-08-29T03:15:29Z</time></trkpt><trkpt lat="-39.3683681544" lon="-72.6312439609"><ele>112.66</ele><time>2024-08-29T03:15:46Z</time></trkpt><trkpt lat="-39.3683751114" lon="-72.6312512532"><ele>112.58</ele><time>2024-08-29T03:15:50Z</time></trkpt><trkpt lat="-39.3684522249" lon="-72.6312392671"><ele>112.63</ele><time>2024-08-29T03:15:54Z</time></trkpt><trkpt lat="-39.3688123953" lon="-72.6308953576"><ele>112.74</ele><time>2024-08-29T03:16:03Z</time></trkpt><trkpt lat="-39.3688702304" lon="-72.6308344211"><ele>112.69</ele><time>2024-08-29T03:16:06Z</time></trkpt><trkpt lat="-39.3688869104" lon="-72.6305511966"><ele>112.96</ele><time>2024-08-29T03:16:11Z</time></trkpt><trkpt lat="-39.3682707567" lon="-72.6294290274"><ele>113.46</ele><time>2024-08-29T03:16:26Z</time></trkpt><trkpt lat="-39.3675401900" lon="-72.6281613484"><ele>114.07</ele><time>2024-08-29T03:16:41Z</time></trkpt><trkpt lat="-39.3668141495" lon="-72.6268892270"><ele>114.16</ele><time>2024-08-29T03:16:56Z</time></trkpt><trkpt lat="-39.3661609478" lon="-72.6257652137"><ele>114.57</ele><time>2024-08-29T03:17:10Z</time></trkpt><trkpt lat="-39.3658459559" lon="-72.6252311189"><ele>114.64</ele><time>2024-08-29T03:17:21Z</time></trkpt><trkpt lat="-39.3657307886" lon="-72.6251214836"><ele>114.72</ele><time>2024-08-29T03:17:26Z</time></trkpt><trkpt lat="-39.3656872027" lon="-72.6251167059"><ele>114.85</ele><time>2024-08-29T03:17:27Z</time></trkpt><trkpt lat="-39.3656390905" lon="-72.6251299493"><ele>114.89</ele><time>2024-08-29T03:17:28Z</time></trkpt><trkpt lat="-39.3655918166" lon="-72.6251571067"><ele>114.94</ele><time>2024-08-29T03:17:29Z</time></trkpt><trkpt lat="-39.3655428663" lon="-72.6251985971"><ele>114.94</ele><time>2024-08-29T03:17:30Z</time></trkpt><trkpt lat="-39.3654899765" lon="-72.6252468769"><ele>115.18</ele><time>2024-08-29T03:17:31Z</time></trkpt><trkpt lat="-39.3648692127" lon="-72.6258432493"><ele>114.75</ele><time>2024-08-29T03:17:44Z</time></trkpt><trkpt lat="-39.3647563923" lon="-72.6260458399"><ele>114.57</ele><time>2024-08-29T03:17:51Z</time></trkpt><trkpt lat="-39.3647625949" lon="-72.6260991488"><ele>114.69</ele><time>2024-08-29T03:17:52Z</time></trkpt><trkpt lat="-39.3647786044" lon="-72.6261527929"><ele>114.68</ele><time>2024-08-29T03:17:53Z</time></trkpt><trkpt lat="-39.3648038339" lon="-72.6262051798"><ele>114.62</ele><time>2024-08-29T03:17:54Z</time></trkpt><trkpt lat="-39.3648365233" lon="-72.6262625959"><ele>114.51</ele><time>2024-08-29T03:17:55Z</time></trkpt><trkpt lat="-39.3653515074" lon="-72.6271471381"><ele>114.46</ele><time>2024-08-29T03:18:07Z</time></trkpt><trkpt lat="-39.3659413420" lon="-72.6281916909"><ele>113.99</ele><time>2024-08-29T03:18:22Z</time></trkpt><trkpt lat="-39.3665456772" lon="-72.6292243414"><ele>113.69</ele><time>2024-08-29T03:18:37Z</time></trkpt><trkpt lat="-39.3671314046" lon="-72.6302516274"><ele>113.58</ele><time>2024-08-29T03:18:52Z</time></trkpt><trkpt lat="-39.3677782360" lon="-72.6313868724"><ele>113.38</ele><time>2024-08-29T03:19:09Z</time></trkpt><trkpt lat="-39.3679167051" lon="-72.6316759642"><ele>113.28</ele><time>2024-08-29T03:19:15Z</time></trkpt><trkpt lat="-39.3679129332" lon="-72.6317124255"><ele>113.33</ele><time>2024-08-29T03:19:16Z</time></trkpt><trkpt lat="-39.3678966723" lon="-72.6317465398"><ele>113.37</ele><time>2024-08-29T03:19:17Z</time></trkpt><trkpt lat="-39.3678670004" lon="-72.6317797322"><ele>113.34</ele><time>2024-08-29T03:19:18Z</time></trkpt><trkpt lat="-39.3678271025" lon="-72.6318156905"><ele>113.45</ele><time>2024-08-29T03:19:19Z</time></trkpt><trkpt lat="-39.3672888167" lon="-72.6323128212"><ele>112.91</ele><time>2024-08-29T03:19:32Z</time></trkpt><trkpt lat="-39.3669983000" lon="-72.6320788823"><ele>112.96</ele><time>2024-08-29T03:19:42Z</time></trkpt><trkpt lat="-39.3666453380" lon="-72.6315969229"><ele>113.29</ele><time>2024-08-29T03:19:56Z</time></trkpt><trkpt lat="-39.3665554002" lon="-72.6313986070"><ele>113.18</ele><time>2024-08-29T03:20:03Z</time></trkpt><trkpt lat="-39.3665644526" lon="-72.6313665882"><ele>113.06</ele><time>2024-08-29T03:20:04Z</time></trkpt><trkpt lat="-39.3665833119" lon="-72.6313337311"><ele>113.01</ele><time>2024-08-29T03:20:05Z</time></trkpt><trkpt lat="-39.3666133191" lon="-72.6312999520"><ele>112.98</ele><time>2024-08-29T03:20:06Z</time></trkpt><trkpt lat="-39.3666491937" lon="-72.6312653348"><ele>112.90</ele><time>2024-08-29T03:20:07Z</time></trkpt><trkpt lat="-39.3672250304" lon="-72.6307169907"><ele>113.41</ele><time>2024-08-29T03:20:21Z</time></trkpt><trkpt lat="-39.3672982883" lon="-72.6306385361"><ele>113.31</ele><time>2024-08-29T03:20:25Z</time></trkpt><trkpt lat="-39.3673144653" lon="-72.6306345128"><ele>113.33</ele><time>2024-08-29T03:20:26Z</time></trkpt><trkpt lat="-39.3673402816" lon="-72.6306378655"><ele>113.39</ele><time>2024-08-29T03:20:27Z</time></trkpt><trkpt lat="-39.3673700374" lon="-72.6306485943"><ele>113.45</ele><time>2024-08-29T03:20:28Z</time></trkpt><trkpt lat="-39.3673997093" lon="-72.6306727342"><ele>113.40</ele><time>2024-08-29T03:20:29Z</time></trkpt><trkpt lat="-39.3674295489" lon="-72.6307115424"><ele>113.43</ele><time>2024-08-29T03:20:30Z</time></trkpt><trkpt lat="-39.3674588855" lon="-72.6307576429"><ele>113.52</ele><time>2024-08-29T03:20:31Z</time></trkpt><trkpt lat="-39.3674898148" lon="-72.6308096107"><ele>113.57</ele><time>2024-08-29T03:20:32Z</time></trkpt><trkpt lat="-39.3679887056" lon="-72.6316807419"><ele>113.53</ele><time>2024-08-29T03:20:46Z</time></trkpt><trkpt lat="-39.3684386462" lon="-72.6324526314"><ele>113.43</ele><time>2024-08-29T03:20:59Z</time></trkpt><trkpt lat="-39.3685491197" lon="-72.6326553896"><ele>113.37</ele><time>2024-08-29T03:21:09Z</time></trkpt><trkpt lat="-39.3685058691" lon="-72.6327184215"><ele>113.24</ele><time>2024-08-29T03:21:31Z</time></trkpt><trkpt lat="-39.3685185257" lon="-72.6327363588"><ele>113.15</ele><time>2024-08-29T03:21:32Z</time></trkpt><trkpt lat="-39.3685885146" lon="-72.6327895839"><ele>113.36</ele><time>2024-08-29T03:21:35Z</time></trkpt><trkpt lat="-39.3686215393" lon="-72.6327909250"><ele>113.40</ele><time>2024-08-29T03:21:36Z</time></trkpt><trkpt lat="-39.3686583359" lon="-72.6327792741"><ele>113.59</ele><time>2024-08-29T03:21:37Z</time></trkpt><trkpt lat="-39.3686954677" lon="-72.6327570621"><ele>113.50</ele><time>2024-08-29T03:21:38Z</time></trkpt><trkpt lat="-39.3687368743" lon="-72.6327215228"><ele>113.51</ele><time>2024-08-29T03:21:39Z</time></trkpt><trkpt lat="-39.3687811308" lon="-72.6326800324"><ele>113.57</ele><time>2024-08-29T03:21:40Z</time></trkpt><trkpt lat="-39.3688248005" lon="-72.6326371171"><ele>113.69</ele><time>2024-08-29T03:21:41Z</time></trkpt><trkpt lat="-39.3692902476" lon="-72.6321963128"><ele>113.72</ele><time>2024-08-29T03:21:51Z</time></trkpt><trkpt lat="-39.3694474082" lon="-72.6320250705"><ele>113.59</ele><time>2024-08-29T03:22:01Z</time></trkpt><trkpt lat="-39.3695027288" lon="-72.6319733541"><ele>113.59</ele><time>2024-08-29T03:22:18Z</time></trkpt><trkpt lat="-39.3695225939" lon="-72.6319572609"><ele>113.69</ele><time>2024-08-29T03:22:19Z</time></trkpt><trkpt lat="-39.3695888948" lon="-72.6318977494"><ele>113.93</ele><time>2024-08-29T03:22:21Z</time></trkpt><trkpt lat="-39.3702791445" lon="-72.6312458888"><ele>114.64</ele><time>2024-08-29T03:22:34Z</time></trkpt><trkpt lat="-39.3712233659" lon="-72.6303120609"><ele>114.29</ele><time>2024-08-29T03:22:50Z</time></trkpt><trkpt lat="-39.3718192354" lon="-72.6297191251"><ele>110.44</ele><time>2024-08-29T03:23:00Z</time></trkpt><trkpt lat="-39.3719462212" lon="-72.6296013594"><ele>109.76</ele><time>2024-08-29T03:23:02Z</time></trkpt><trkpt lat="-39.3722408451" lon="-72.6293715276"><ele>108.86</ele><time>2024-08-29T03:23:09Z</time></trkpt><trkpt lat="-39.3722766358" lon="-72.6293825079"><ele>108.94</ele><time>2024-08-29T03:23:10Z</time></trkpt><trkpt lat="-39.3723145220" lon="-72.6294152811"><ele>108.99</ele><time>2024-08-29T03:23:11Z</time></trkpt><trkpt lat="-39.3723542523" lon="-72.6294662431"><ele>108.89</ele><time>2024-08-29T03:23:12Z</time></trkpt><trkpt lat="-39.3723944016" lon="-72.6295347232"><ele>108.88</ele><time>2024-08-29T03:23:13Z</time></trkpt><trkpt lat="-39.3724371493" lon="-72.6296093222"><ele>109.02</ele><time>2024-08-29T03:23:14Z</time></trkpt><trkpt lat="-39.3728317693" lon="-72.6303471811"><ele>108.54</ele><time>2024-08-29T03:23:25Z</time></trkpt><trkpt lat="-39.3728380557" lon="-72.6304685511"><ele>108.61</ele><time>2024-08-29T03:23:28Z</time></trkpt><trkpt lat="-39.3728102278" lon="-72.6305145677"><ele>108.53</ele><time>2024-08-29T03:23:29Z</time></trkpt><trkpt lat="-39.3727610260" lon="-72.6305683795"><ele>108.63</ele><time>2024-08-29T03:23:30Z</time></trkpt><trkpt lat="-39.3721732032" lon="-72.6311535202"><ele>110.03</ele><time>2024-08-29T03:23:40Z</time></trkpt><trkpt lat="-39.3717784155" lon="-72.6315229945"><ele>111.70</ele><time>2024-08-29T03:23:49Z</time></trkpt><trkpt lat="-39.3712105416" lon="-72.6320969034"><ele>114.14</ele><time>2024-08-29T03:24:01Z</time></trkpt><trkpt lat="-39.3707882613" lon="-72.6324874163"><ele>114.65</ele><time>2024-08-29T03:24:09Z</time></trkpt><trkpt lat="-39.3703430146" lon="-72.6329105347"><ele>113.90</ele><time>2024-08-29T03:24:20Z</time></trkpt><trkpt lat="-39.3700213172" lon="-72.6332215872"><ele>113.97</ele><time>2024-08-29T03:24:28Z</time></trkpt><trkpt lat="-39.3694231007" lon="-72.6338105835"><ele>112.91</ele><time>2024-08-29T03:24:41Z</time></trkpt><trkpt lat="-39.3693232723" lon="-72.6339570992"><ele>112.47</ele><time>2024-08-29T03:24:46Z</time></trkpt><trkpt lat="-39.3693202548" lon="-72.6340152696"><ele>112.65</ele><time>2024-08-29T03:24:47Z</time></trkpt><trkpt lat="-39.3693376053" lon="-72.6340803970"><ele>112.79</ele><time>2024-08-29T03:24:48Z</time></trkpt><trkpt lat="-39.3693698756" lon="-72.6341350470"><ele>112.81</ele><time>2024-08-29T03:24:49Z</time></trkpt><trkpt lat="-39.3694091868" lon="-72.6341974083"><ele>113.06</ele><time>2024-08-29T03:24:50Z</time></trkpt><trkpt lat="-39.3698415253" lon="-72.6349508576"><ele>113.17</ele><time>2024-08-29T03:25:01Z</time></trkpt><trkpt lat="-39.3698720355" lon="-72.6349906716"><ele>113.01</ele><time>2024-08-29T03:25:02Z</time></trkpt><trkpt lat="-39.3699084967" lon="-72.6350133028"><ele>113.01</ele><time>2024-08-29T03:25:03Z</time></trkpt><trkpt lat="-39.3699491490" lon="-72.6350153144"><ele>113.00</ele><time>2024-08-29T03:25:04Z</time></trkpt><trkpt lat="-39.3699917290" lon="-72.6349918451"><ele>112.89</ele><time>2024-08-29T03:25:05Z</time></trkpt><trkpt lat="-39.3700390868" lon="-72.6349549647"><ele>112.80</ele><time>2024-08-29T03:25:06Z</time></trkpt><trkpt lat="-39.3706944678" lon="-72.6343029365"><ele>114.01</ele><time>2024-08-29T03:25:18Z</time></trkpt><trkpt lat="-39.3708603457" lon="-72.6341600250"><ele>113.84</ele><time>2024-08-29T03:25:25Z</time></trkpt><trkpt lat="-39.3713570572" lon="-72.6336689293"><ele>113.34</ele><time>2024-08-29T03:25:35Z</time></trkpt><trkpt lat="-39.3717737217" lon="-72.6332824398"><ele>110.84</ele><time>2024-08-29T03:25:45Z</time></trkpt><trkpt lat="-39.3721783999" lon="-72.6328859758"><ele>110.83</ele><time>2024-08-29T03:25:53Z</time></trkpt><trkpt lat="-39.3726565037" lon="-72.6324432436"><ele>110.06</ele><time>2024-08-29T03:26:04Z</time></trkpt><trkpt lat="-39.3730830587" lon="-72.6320298482"><ele>109.78</ele><time>2024-08-29T03:26:12Z</time></trkpt><trkpt lat="-39.3735049199" lon="-72.6316379942"><ele>108.78</ele><time>2024-08-29T03:26:22Z</time></trkpt><trkpt lat="-39.3738332391" lon="-72.6312989462"><ele>108.88</ele><time>2024-08-29T03:26:30Z</time></trkpt><trkpt lat="-39.3743689265" lon="-72.6308080181"><ele>108.15</ele><time>2024-08-29T03:26:43Z</time></trkpt><trkpt lat="-39.3745150231" lon="-72.6306863129"><ele>108.28</ele><time>2024-08-29T03:26:48Z</time></trkpt><trkpt lat="-39.3745490536" lon="-72.6306494325"><ele>108.28</ele><time>2024-08-29T03:26:49Z</time></trkpt><trkpt lat="-39.3750748504" lon="-72.6301631145"><ele>107.77</ele><time>2024-08-29T03:26:59Z</time></trkpt><trkpt lat="-39.3752533011" lon="-72.6299974043"><ele>107.22</ele><time>2024-08-29T03:27:03Z</time></trkpt><trkpt lat="-39.3752888404" lon="-72.6299824845"><ele>107.03</ele><time>2024-08-29T03:27:04Z</time></trkpt><trkpt lat="-39.3753260560" lon="-72.6299842447"><ele>106.98</ele><time>2024-08-29T03:27:05Z</time></trkpt><trkpt lat="-39.3753629364" lon="-72.6300077979"><ele>106.96</ele><time>2024-08-29T03:27:06Z</time></trkpt><trkpt lat="-39.3754003197" lon="-72.6300554909"><ele>107.09</ele><time>2024-08-29T03:27:07Z</time></trkpt><trkpt lat="-39.3754408881" lon="-72.6301182713"><ele>107.01</ele><time>2024-08-29T03:27:08Z</time></trkpt><trkpt lat="-39.3754824623" lon="-72.6301923674"><ele>107.11</ele><time>2024-08-29T03:27:09Z</time></trkpt><trkpt lat="-39.3758710474" lon="-72.6309079304"><ele>107.39</ele><time>2024-08-29T03:27:19Z</time></trkpt><trkpt lat="-39.3759001326" lon="-72.6310555357"><ele>107.36</ele><time>2024-08-29T03:27:22Z</time></trkpt><trkpt lat="-39.3758786749" lon="-72.6311010495"><ele>107.41</ele><time>2024-08-29T03:27:23Z</time></trkpt><trkpt lat="-39.3758430518" lon="-72.6311456412"><ele>107.28</ele><time>2024-08-29T03:27:24Z</time></trkpt><trkpt lat="-39.3757941853" lon="-72.6311928313"><ele>107.48</ele><time>2024-08-29T03:27:25Z</time></trkpt><trkpt lat="-39.3757376075" lon="-72.6312431227"><ele>107.45</ele><time>2024-08-29T03:27:26Z</time></trkpt><trkpt lat="-39.3751331046" lon="-72.6318181213"><ele>107.81</ele><time>2024-08-29T03:27:38Z</time></trkpt><trkpt lat="-39.3746689986" lon="-72.6322574168"><ele>108.38</ele><time>2024-08-29T03:27:48Z</time></trkpt><trkpt lat="-39.3742359057" lon="-72.6326918509"><ele>108.85</ele><time>2024-08-29T03:27:58Z</time></trkpt><trkpt lat="-39.3738387711" lon="-72.6330816932"><ele>109.54</ele><time>2024-08-29T03:28:06Z</time></trkpt><trkpt lat="-39.3734034989" lon="-72.6335278619"><ele>109.75</ele><time>2024-08-29T03:28:17Z</time></trkpt><trkpt lat="-39.3731003255" lon="-72.6338061411"><ele>109.92</ele><time>2024-08-29T03:28:26Z</time></trkpt><trkpt lat="-39.3722317927" lon="-72.6346500311"><ele>110.08</ele><time>2024-08-29T03:28:41Z</time></trkpt><trkpt lat="-39.3716824427" lon="-72.6351776719"><ele>111.70</ele><time>2024-08-29T03:28:52Z</time></trkpt><trkpt lat="-39.3716133758" lon="-72.6352484990"><ele>111.97</ele><time>2024-08-29T03:28:55Z</time></trkpt><trkpt lat="-39.3711061031" lon="-72.6357130241"><ele>113.15</ele><time>2024-08-29T03:29:04Z</time></trkpt><trkpt lat="-39.3707104772" lon="-72.6360739488"><ele>113.50</ele><time>2024-08-29T03:29:13Z</time></trkpt><trkpt lat="-39.3706246465" lon="-72.6361859310"><ele>113.39</ele><time>2024-08-29T03:29:17Z</time></trkpt><trkpt lat="-39.3706151750" lon="-72.6362404972"><ele>113.53</ele><time>2024-08-29T03:29:18Z</time></trkpt><trkpt lat="-39.3706217129" lon="-72.6363065466"><ele>113.57</ele><time>2024-08-29T03:29:19Z</time></trkpt><trkpt lat="-39.3706437573" lon="-72.6363670640"><ele>113.62</ele><time>2024-08-29T03:29:20Z</time></trkpt><trkpt lat="-39.3706762791" lon="-72.6364234742"><ele>113.77</ele><time>2024-08-29T03:29:21Z</time></trkpt><trkpt lat="-39.3707195297" lon="-72.6364900265"><ele>113.68</ele><time>2024-08-29T03:29:22Z</time></trkpt><trkpt lat="-39.3712229468" lon="-72.6373494230"><ele>112.88</ele><time>2024-08-29T03:29:34Z</time></trkpt><trkpt lat="-39.3712578993" lon="-72.6373904943"><ele>112.72</ele><time>2024-08-29T03:29:35Z</time></trkpt><trkpt lat="-39.3712935224" lon="-72.6374153886"><ele>112.66</ele><time>2024-08-29T03:29:36Z</time></trkpt><trkpt lat="-39.3713364378" lon="-72.6374148019"><ele>112.52</ele><time>2024-08-29T03:29:37Z</time></trkpt><trkpt lat="-39.3713805266" lon="-72.6373955235"><ele>112.37</ele><time>2024-08-29T03:29:38Z</time></trkpt><trkpt lat="-39.3714302313" lon="-72.6373608224"><ele>112.21</ele><time>2024-08-29T03:29:39Z</time></trkpt><trkpt lat="-39.3714814447" lon="-72.6373170689"><ele>112.24</ele><time>2024-08-29T03:29:40Z</time></trkpt><trkpt lat="-39.3715339154" lon="-72.6372690406"><ele>112.19</ele><time>2024-08-29T03:29:41Z</time></trkpt><trkpt lat="-39.3724928889" lon="-72.6363413315"><ele>110.09</ele><time>2024-08-29T03:29:57Z</time></trkpt><trkpt lat="-39.3738761544" lon="-72.6350180805"><ele>109.72</ele><time>2024-08-29T03:30:18Z</time></trkpt><trkpt lat="-39.3744867761" lon="-72.6344295871"><ele>109.02</ele><time>2024-08-29T03:30:31Z</time></trkpt><trkpt lat="-39.3749777041" lon="-72.6339627989"><ele>108.42</ele><time>2024-08-29T03:30:40Z</time></trkpt><trkpt lat="-39.3763667531" lon="-72.6325751748"><ele>108.20</ele><time>2024-08-29T03:31:02Z</time></trkpt><trkpt lat="-39.3775257189" lon="-72.6313802507"><ele>110.44</ele><time>2024-08-29T03:31:20Z</time></trkpt><trkpt lat="-39.3779168185" lon="-72.6310122851"><ele>109.82</ele><time>2024-08-29T03:31:29Z</time></trkpt><trkpt lat="-39.3779378571" lon="-72.6309930068"><ele>109.50</ele><time>2024-08-29T03:31:31Z</time></trkpt><trkpt lat="-39.3779578060" lon="-72.6309742313"><ele>109.53</ele><time>2024-08-29T03:31:32Z</time></trkpt><trkpt lat="-39.3779830355" lon="-72.6309506781"><ele>109.52</ele><time>2024-08-29T03:31:33Z</time></trkpt><trkpt lat="-39.3780122045" lon="-72.6309253648"><ele>109.56</ele><time>2024-08-29T03:31:34Z</time></trkpt><trkpt lat="-39.3780476600" lon="-72.6309004705"><ele>109.61</ele><time>2024-08-29T03:31:35Z</time></trkpt><trkpt lat="-39.3780892342" lon="-72.6308782585"><ele>109.66</ele><time>2024-08-29T03:31:36Z</time></trkpt><trkpt lat="-39.3781405315" lon="-72.6308545377"><ele>109.62</ele><time>2024-08-29T03:31:37Z</time></trkpt><trkpt lat="-39.3790725153" lon="-72.6304563135"><ele>108.95</ele><time>2024-08-29T03:31:50Z</time></trkpt><trkpt lat="-39.3799936026" lon="-72.6300598495"><ele>108.86</ele><time>2024-08-29T03:32:03Z</time></trkpt><trkpt lat="-39.3805735465" lon="-72.6298008487"><ele>109.22</ele><time>2024-08-29T03:32:13Z</time></trkpt><trkpt lat="-39.3817039300" lon="-72.6293134410"><ele>109.72</ele><time>2024-08-29T03:32:29Z</time></trkpt><trkpt lat="-39.3820858933" lon="-72.6291421987"><ele>109.69</ele><time>2024-08-29T03:32:38Z</time></trkpt><trkpt lat="-39.3829421885" lon="-72.6287885662"><ele>110.17</ele><time>2024-08-29T03:32:51Z</time></trkpt><trkpt lat="-39.3836637866" lon="-72.6284500211"><ele>110.49</ele><time>2024-08-29T03:33:04Z</time></trkpt><trkpt lat="-39.3836731743" lon="-72.6284135599"><ele>110.63</ele><time>2024-08-29T03:33:05Z</time></trkpt><trkpt lat="-39.3836723361" lon="-72.6283745002"><ele>110.58</ele><time>2024-08-29T03:33:06Z</time></trkpt><trkpt lat="-39.3836575840" lon="-72.6283342671"><ele>110.49</ele><time>2024-08-29T03:33:07Z</time></trkpt><trkpt lat="-39.3836321030" lon="-72.6282975543"><ele>110.48</ele><time>2024-08-29T03:33:08Z</time></trkpt><trkpt lat="-39.3835999165" lon="-72.6282657869"><ele>110.53</ele><time>2024-08-29T03:33:09Z</time></trkpt><trkpt lat="-39.3835638743" lon="-72.6282307506"><ele>110.47</ele><time>2024-08-29T03:33:10Z</time></trkpt><trkpt lat="-39.3831722718" lon="-72.6277784631"><ele>110.55</ele><time>2024-08-29T03:33:21Z</time></trkpt><trkpt lat="-39.3828908075" lon="-72.6276352163"><ele>110.30</ele><time>2024-08-29T03:33:31Z</time></trkpt><trkpt lat="-39.3825297151" lon="-72.6277860068"><ele>109.93</ele><time>2024-08-29T03:33:43Z</time></trkpt><trkpt lat="-39.3821902480" lon="-72.6279237214"><ele>109.26</ele><time>2024-08-29T03:33:55Z</time></trkpt><trkpt lat="-39.3820757512" lon="-72.6279766113"><ele>109.38</ele><time>2024-08-29T03:34:03Z</time></trkpt><trkpt lat="-39.3818582408" lon="-72.6280665491"><ele>109.42</ele><time>2024-08-29T03:34:18Z</time></trkpt><trkpt lat="-39.3815688137" lon="-72.6281909365"><ele>108.94</ele><time>2024-08-29T03:34:33Z</time></trkpt><trkpt lat="-39.3812979944" lon="-72.6282974705"><ele>108.92</ele><time>2024-08-29T03:34:45Z</time></trkpt><trkpt lat="-39.3812838290" lon="-72.6283158269"><ele>109.00</ele><time>2024-08-29T03:34:46Z</time></trkpt><trkpt lat="-39.3812772911" lon="-72.6283392962"><ele>109.04</ele><time>2024-08-29T03:34:47Z</time></trkpt><trkpt lat="-39.3812769558" lon="-72.6283614244"><ele>109.00</ele><time>2024-08-29T03:34:48Z</time></trkpt><trkpt lat="-39.3812813982" lon="-72.6283853129"><ele>109.01</ele><time>2024-08-29T03:34:49Z</time></trkpt><trkpt lat="-39.3812895287" lon="-72.6284128055"><ele>109.02</ele><time>2024-08-29T03:34:50Z</time></trkpt><trkpt lat="-39.3813010119" lon="-72.6284435671"><ele>109.08</ele><time>2024-08-29T03:34:51Z</time></trkpt><trkpt lat="-39.3813138362" lon="-72.6284760889"><ele>109.05</ele><time>2024-08-29T03:34:52Z</time></trkpt><trkpt lat="-39.3815221265" lon="-72.6291485690"><ele>109.16</ele><time>2024-08-29T03:35:10Z</time></trkpt><trkpt lat="-39.3815349508" lon="-72.6292600483"><ele>108.79</ele><time>2024-08-29T03:35:15Z</time></trkpt><trkpt lat="-39.3815247249" lon="-72.6292869542"><ele>108.95</ele><time>2024-08-29T03:35:16Z</time></trkpt><trkpt lat="-39.3815124035" lon="-72.6293095853"><ele>109.05</ele><time>2024-08-29T03:35:17Z</time></trkpt><trkpt lat="-39.3814897723" lon="-72.6293278579"><ele>109.06</ele><time>2024-08-29T03:35:18Z</time></trkpt><trkpt lat="-39.3814581726" lon="-72.6293448731"><ele>109.02</ele><time>2024-08-29T03:35:19Z</time></trkpt><trkpt lat="-39.3808515742" lon="-72.6295856014"><ele>108.83</ele><time>2024-08-29T03:35:31Z</time></trkpt><trkpt lat="-39.3805058207" lon="-72.6297342125"><ele>108.59</ele><time>2024-08-29T03:35:42Z</time></trkpt><trkpt lat="-39.3804941699" lon="-72.6297454443"><ele>108.51</ele><time>2024-08-29T03:35:50Z</time></trkpt><trkpt lat="-39.3804786634" lon="-72.6297391579"><ele>108.61</ele><time>2024-08-29T03:35:51Z</time></trkpt><trkpt lat="-39.3804613966" lon="-72.6297195442"><ele>108.48</ele><time>2024-08-29T03:35:52Z</time></trkpt><trkpt lat="-39.3804458901" lon="-72.6296913810"><ele>108.48</ele><time>2024-08-29T03:35:53Z</time></trkpt><trkpt lat="-39.3804325629" lon="-72.6296562608"><ele>108.51</ele><time>2024-08-29T03:35:54Z</time></trkpt><trkpt lat="-39.3804219179" lon="-72.6296130102"><ele>108.59</ele><time>2024-08-29T03:35:55Z</time></trkpt><trkpt lat="-39.3804123625" lon="-72.6295688376"><ele>108.62</ele><time>2024-08-29T03:35:56Z</time></trkpt><trkpt lat="-39.3802352529" lon="-72.6289329864"><ele>109.00</ele><time>2024-08-29T03:36:10Z</time></trkpt><trkpt lat="-39.3800851330" lon="-72.6283989754"><ele>109.26</ele><time>2024-08-29T03:36:19Z</time></trkpt><trkpt lat="-39.3800657708" lon="-72.6283393800"><ele>109.25</ele><time>2024-08-29T03:36:20Z</time></trkpt><trkpt lat="-39.3800022360" lon="-72.6278979890"><ele>109.15</ele><time>2024-08-29T03:36:30Z</time></trkpt><trkpt lat="-39.3800307345" lon="-72.6278744359"><ele>109.17</ele><time>2024-08-29T03:36:31Z</time></trkpt><trkpt lat="-39.3800690398" lon="-72.6278549898"><ele>109.34</ele><time>2024-08-29T03:36:32Z</time></trkpt><trkpt lat="-39.3806986883" lon="-72.6276214700"><ele>109.88</ele><time>2024-08-29T03:36:43Z</time></trkpt><trkpt lat="-39.3810291868" lon="-72.6274266746"><ele>108.97</ele><time>2024-08-29T03:36:52Z</time></trkpt><trkpt lat="-39.3810309470" lon="-72.6273933146"><ele>109.02</ele><time>2024-08-29T03:36:53Z</time></trkpt><trkpt lat="-39.3810265884" lon="-72.6273559313"><ele>109.21</ele><time>2024-08-29T03:36:54Z</time></trkpt><trkpt lat="-39.3810184579" lon="-72.6273241639"><ele>109.28</ele><time>2024-08-29T03:36:55Z</time></trkpt><trkpt lat="-39.3810078967" lon="-72.6272926480"><ele>109.29</ele><time>2024-08-29T03:36:56Z</time></trkpt><trkpt lat="-39.3809467088" lon="-72.6270048134"><ele>109.40</ele><time>2024-08-29T03:37:04Z</time></trkpt><trkpt lat="-39.3809659872" lon="-72.6269791648"><ele>109.54</ele><time>2024-08-29T03:37:05Z</time></trkpt><trkpt lat="-39.3809881154" lon="-72.6269633230"><ele>109.43</ele><time>2024-08-29T03:37:06Z</time></trkpt><trkpt lat="-39.3810192961" lon="-72.6269474812"><ele>109.53</ele><time>2024-08-29T03:37:07Z</time></trkpt><trkpt lat="-39.3810550030" lon="-72.6269305497"><ele>109.50</ele><time>2024-08-29T03:37:08Z</time></trkpt><trkpt lat="-39.3810923863" lon="-72.6269130316"><ele>109.60</ele><time>2024-08-29T03:37:09Z</time></trkpt><trkpt lat="-39.3815731723" lon="-72.6267000474"><ele>109.87</ele><time>2024-08-29T03:37:23Z</time></trkpt><trkpt lat="-39.3816165067" lon="-72.6267023943"><ele>109.82</ele><time>2024-08-29T03:37:33Z</time></trkpt><trkpt lat="-39.3816301692" lon="-72.6267142128"><ele>109.89</ele><time>2024-08-29T03:37:34Z</time></trkpt><trkpt lat="-39.3816413172" lon="-72.6267388556"><ele>109.82</ele><time>2024-08-29T03:37:35Z</time></trkpt><trkpt lat="-39.3817203585" lon="-72.6270986907"><ele>109.77</ele><time>2024-08-29T03:37:44Z</time></trkpt><trkpt lat="-39.3817014154" lon="-72.6271305420"><ele>109.76</ele><time>2024-08-29T03:37:45Z</time></trkpt><trkpt lat="-39.3816733360" lon="-72.6271566097"><ele>109.82</ele><time>2024-08-29T03:37:46Z</time></trkpt><trkpt lat="-39.3816429935" lon="-72.6271756366"><ele>109.87</ele><time>2024-08-29T03:37:47Z</time></trkpt><trkpt lat="-39.3816068675" lon="-72.6271940768"><ele>109.86</ele><time>2024-08-29T03:37:48Z</time></trkpt><trkpt lat="-39.3810554221" lon="-72.6274433546"><ele>109.12</ele><time>2024-08-29T03:38:02Z</time></trkpt><trkpt lat="-39.3806220777" lon="-72.6276207995"><ele>109.39</ele><time>2024-08-29T03:38:13Z</time></trkpt><trkpt lat="-39.3803990353" lon="-72.6277135033"><ele>109.38</ele><time>2024-08-29T03:38:19Z</time></trkpt><trkpt lat="-39.3803870492" lon="-72.6277456060"><ele>109.45</ele><time>2024-08-29T03:38:20Z</time></trkpt><trkpt lat="-39.3803836964" lon="-72.6277813129"><ele>109.39</ele><time>2024-08-29T03:38:21Z</time></trkpt><trkpt lat="-39.3803858757" lon="-72.6278156787"><ele>109.33</ele><time>2024-08-29T03:38:22Z</time></trkpt><trkpt lat="-39.3803914078" lon="-72.6278498769"><ele>109.34</ele><time>2024-08-29T03:38:23Z</time></trkpt><trkpt lat="-39.3804005440" lon="-72.6278861705"><ele>109.41</ele><time>2024-08-29T03:38:24Z</time></trkpt><trkpt lat="-39.3804126978" lon="-72.6279256493"><ele>109.46</ele><time>2024-08-29T03:38:25Z</time></trkpt><trkpt lat="-39.3805924058" lon="-72.6286051702"><ele>109.83</ele><time>2024-08-29T03:38:39Z</time></trkpt><trkpt lat="-39.3808190525" lon="-72.6294015348"><ele>109.42</ele><time>2024-08-29T03:38:55Z</time></trkpt><trkpt lat="-39.3809770513" lon="-72.6296068914"><ele>109.40</ele><time>2024-08-29T03:39:05Z</time></trkpt><trkpt lat="-39.3810283486" lon="-72.6296343841"><ele>109.46</ele><time>2024-08-29T03:39:07Z</time></trkpt><trkpt lat="-39.3810441066" lon="-72.6296709292"><ele>109.44</ele><time>2024-08-29T03:39:08Z</time></trkpt><trkpt lat="-39.3810565956" lon="-72.6297081448"><ele>109.38</ele><time>2024-08-29T03:39:09Z</time></trkpt><trkpt lat="-39.3812577613" lon="-72.6304175053"><ele>109.57</ele><time>2024-08-29T03:39:20Z</time></trkpt><trkpt lat="-39.3813661393" lon="-72.6308311522"><ele>109.23</ele><time>2024-08-29T03:39:30Z</time></trkpt><trkpt lat="-39.3815746810" lon="-72.6315640658"><ele>109.00</ele><time>2024-08-29T03:39:41Z</time></trkpt><trkpt lat="-39.3815716635" lon="-72.6319899503"><ele>108.66</ele><time>2024-08-29T03:39:51Z</time></trkpt><trkpt lat="-39.3813207094" lon="-72.6322875917"><ele>108.64</ele><time>2024-08-29T03:39:59Z</time></trkpt><trkpt lat="-39.3812917080" lon="-72.6322768629"><ele>108.60</ele><time>2024-08-29T03:40:00Z</time></trkpt><trkpt lat="-39.3812702503" lon="-72.6322533935"><ele>108.54</ele><time>2024-08-29T03:40:01Z</time></trkpt><trkpt lat="-39.3812502176" lon="-72.6322210394"><ele>108.45</ele><time>2024-08-29T03:40:02Z</time></trkpt><trkpt lat="-39.3812319450" lon="-72.6321803872"><ele>108.51</ele><time>2024-08-29T03:40:03Z</time></trkpt><trkpt lat="-39.3812159356" lon="-72.6321306825"><ele>108.43</ele><time>2024-08-29T03:40:04Z</time></trkpt><trkpt lat="-39.3812021893" lon="-72.6320756972"><ele>108.51</ele><time>2024-08-29T03:40:05Z</time></trkpt><trkpt lat="-39.3809269276" lon="-72.6309866365"><ele>109.02</ele><time>2024-08-29T03:40:22Z</time></trkpt><trkpt lat="-39.3806634843" lon="-72.6298932172"><ele>109.36</ele><time>2024-08-29T03:40:37Z</time></trkpt><trkpt lat="-39.3806210719" lon="-72.6297977474"><ele>109.09</ele><time>2024-08-29T03:40:41Z</time></trkpt><trkpt lat="-39.3805941660" lon="-72.6297775470"><ele>109.04</ele><time>2024-08-29T03:40:42Z</time></trkpt><trkpt lat="-39.3805646617" lon="-72.6297615375"><ele>109.09</ele><time>2024-08-29T03:40:43Z</time></trkpt><trkpt lat="-39.3805278651" lon="-72.6297584362"><ele>109.20</ele><time>2024-08-29T03:40:44Z</time></trkpt><trkpt lat="-39.3804827705" lon="-72.6297676563"><ele>109.14</ele><time>2024-08-29T03:40:45Z</time></trkpt><trkpt lat="-39.3804329820" lon="-72.6297834981"><ele>109.17</ele><time>2024-08-29T03:40:46Z</time></trkpt><trkpt lat="-39.3803823553" lon="-72.6298025250"><ele>109.10</ele><time>2024-08-29T03:40:47Z</time></trkpt><trkpt lat="-39.3797748350" lon="-72.6300560776"><ele>108.94</ele><time>2024-08-29T03:41:00Z</time></trkpt><trkpt lat="-39.3797149882" lon="-72.6300453488"><ele>108.90</ele><time>2024-08-29T03:41:02Z</time></trkpt><trkpt lat="-39.3796926923" lon="-72.6300220471"><ele>108.92</ele><time>2024-08-29T03:41:03Z</time></trkpt><trkpt lat="-39.3796734978" lon="-72.6299888548"><ele>108.84</ele><time>2024-08-29T03:41:04Z</time></trkpt><trkpt lat="-39.3796579912" lon="-72.6299480349"><ele>108.94</ele><time>2024-08-29T03:41:05Z</time></trkpt><trkpt lat="-39.3796450831" lon="-72.6299008448"><ele>109.13</ele><time>2024-08-29T03:41:06Z</time></trkpt><trkpt lat="-39.3794310931" lon="-72.6290732156"><ele>109.11</ele><time>2024-08-29T03:41:22Z</time></trkpt><trkpt lat="-39.3792465236" lon="-72.6282670442"><ele>109.21</ele><time>2024-08-29T03:41:37Z</time></trkpt><trkpt lat="-39.3792072125" lon="-72.6282008272"><ele>109.09</ele><time>2024-08-29T03:41:40Z</time></trkpt><trkpt lat="-39.3791957293" lon="-72.6281956304"><ele>109.12</ele><time>2024-08-29T03:41:41Z</time></trkpt><trkpt lat="-39.3791835755" lon="-72.6281952951"><ele>109.17</ele><time>2024-08-29T03:41:42Z</time></trkpt><trkpt lat="-39.3791684043" lon="-72.6281979773"><ele>109.09</ele><time>2024-08-29T03:41:43Z</time></trkpt><trkpt lat="-39.3791506346" lon="-72.6282030903"><ele>109.20</ele><time>2024-08-29T03:41:44Z</time></trkpt><trkpt lat="-39.3791326974" lon="-72.6282087062"><ele>109.09</ele><time>2024-08-29T03:41:45Z</time></trkpt><trkpt lat="-39.3791162688" lon="-72.6282149926"><ele>109.24</ele><time>2024-08-29T03:41:46Z</time></trkpt><trkpt lat="-39.3790999241" lon="-72.6282213628"><ele>109.16</ele><time>2024-08-29T03:41:47Z</time></trkpt><trkpt lat="-39.3788555078" lon="-72.6283351891"><ele>109.30</ele><time>2024-08-29T03:42:01Z</time></trkpt><trkpt lat="-39.3784883805" lon="-72.6285204291"><ele>109.41</ele><time>2024-08-29T03:42:16Z</time></trkpt><trkpt lat="-39.3781195767" lon="-72.6286921743"><ele>109.34</ele><time>2024-08-29T03:42:32Z</time></trkpt><trkpt lat="-39.3780017272" lon="-72.6287400350"><ele>109.99</ele><time>2024-08-29T03:42:39Z</time></trkpt><trkpt lat="-39.3779568002" lon="-72.6286733150"><ele>109.83</ele><time>2024-08-29T03:42:44Z</time></trkpt><trkpt lat="-39.3779568002" lon="-72.6286441460"><ele>109.97</ele><time>2024-08-29T03:42:45Z</time></trkpt><trkpt lat="-39.3779564649" lon="-72.6286126301"><ele>109.81</ele><time>2024-08-29T03:42:46Z</time></trkpt><trkpt lat="-39.3779552076" lon="-72.6285749953"><ele>109.81</ele><time>2024-08-29T03:42:47Z</time></trkpt><trkpt lat="-39.3779514357" lon="-72.6278021000"><ele>109.90</ele><time>2024-08-29T03:43:01Z</time></trkpt><trkpt lat="-39.3779403716" lon="-72.6268836111"><ele>110.21</ele><time>2024-08-29T03:43:17Z</time></trkpt><trkpt lat="-39.3780258670" lon="-72.6259124000"><ele>110.45</ele><time>2024-08-29T03:43:32Z</time></trkpt><trkpt lat="-39.3785255123" lon="-72.6250761375"><ele>111.05</ele><time>2024-08-29T03:43:44Z</time></trkpt><trkpt lat="-39.3794093840" lon="-72.6238436624"><ele>110.18</ele><time>2024-08-29T03:44:01Z</time></trkpt><trkpt lat="-39.3805814255" lon="-72.6221969537"><ele>110.55</ele><time>2024-08-29T03:44:23Z</time></trkpt><trkpt lat="-39.3815876730" lon="-72.6207785681"><ele>112.96</ele><time>2024-08-29T03:44:42Z</time></trkpt><trkpt lat="-39.3824091833" lon="-72.6197082829"><ele>112.50</ele><time>2024-08-29T03:44:57Z</time></trkpt><trkpt lat="-39.3835951388" lon="-72.6180722192"><ele>113.22</ele><time>2024-08-29T03:45:19Z</time></trkpt><trkpt lat="-39.3847160507" lon="-72.6165659912"><ele>113.45</ele><time>2024-08-29T03:45:40Z</time></trkpt><trkpt lat="-39.3848489877" lon="-72.6163732074"><ele>112.88</ele><time>2024-08-29T03:45:48Z</time></trkpt><trkpt lat="-39.3848287873" lon="-72.6164281089"><ele>112.78</ele><time>2024-08-29T03:45:57Z</time></trkpt><trkpt lat="-39.3848127779" lon="-72.6164225768"><ele>112.77</ele><time>2024-08-29T03:45:58Z</time></trkpt><trkpt lat="-39.3847904820" lon="-72.6164250914"><ele>112.88</ele><time>2024-08-29T03:45:59Z</time></trkpt><trkpt lat="-39.3847675156" lon="-72.6164408494"><ele>112.97</ele><time>2024-08-29T03:46:00Z</time></trkpt><trkpt lat="-39.3847435433" lon="-72.6164654922"><ele>112.91</ele><time>2024-08-29T03:46:01Z</time></trkpt><trkpt lat="-39.3847186491" lon="-72.6164907217"><ele>112.96</ele><time>2024-08-29T03:46:02Z</time></trkpt><trkpt lat="-39.3843176588" lon="-72.6169825718"><ele>113.46</ele><time>2024-08-29T03:46:13Z</time></trkpt><trkpt lat="-39.3837260641" lon="-72.6177670341"><ele>113.30</ele><time>2024-08-29T03:46:26Z</time></trkpt><trkpt lat="-39.3830631394" lon="-72.6186934859"><ele>113.23</ele><time>2024-08-29T03:46:38Z</time></trkpt><trkpt lat="-39.3821651023" lon="-72.6199223567"><ele>112.61</ele><time>2024-08-29T03:46:53Z</time></trkpt><trkpt lat="-39.3812979106" lon="-72.6211233158"><ele>113.45</ele><time>2024-08-29T03:47:08Z</time></trkpt><trkpt lat="-39.3805184774" lon="-72.6221893262"><ele>110.97</ele><time>2024-08-29T03:47:21Z</time></trkpt><trkpt lat="-39.3795841467" lon="-72.6235127449"><ele>110.90</ele><time>2024-08-29T03:47:37Z</time></trkpt><trkpt lat="-39.3784690183" lon="-72.6250918955"><ele>111.04</ele><time>2024-08-29T03:47:56Z</time></trkpt><trkpt lat="-39.3779674452" lon="-72.6259707380"><ele>111.01</ele><time>2024-08-29T03:48:07Z</time></trkpt><trkpt lat="-39.3779414613" lon="-72.6260762662"><ele>110.97</ele><time>2024-08-29T03:48:08Z</time></trkpt><trkpt lat="-39.3779211771" lon="-72.6261869911"><ele>110.88</ele><time>2024-08-29T03:48:09Z</time></trkpt><trkpt lat="-39.3779076822" lon="-72.6262992248"><ele>110.88</ele><time>2024-08-29T03:48:10Z</time></trkpt><trkpt lat="-39.3779000547" lon="-72.6264143083"><ele>110.74</ele><time>2024-08-29T03:48:11Z</time></trkpt><trkpt lat="-39.3778960314" lon="-72.6265302300"><ele>110.68</ele><time>2024-08-29T03:48:12Z</time></trkpt><trkpt lat="-39.3778968696" lon="-72.6277650520"><ele>110.28</ele><time>2024-08-29T03:48:24Z</time></trkpt><trkpt lat="-39.3778819498" lon="-72.6278391480"><ele>109.72</ele><time>2024-08-29T03:48:31Z</time></trkpt><trkpt lat="-39.3778744899" lon="-72.6278299280"><ele>109.82</ele><time>2024-08-29T03:49:01Z</time></trkpt><trkpt lat="-39.3778588157" lon="-72.6278585102"><ele>109.51</ele><time>2024-08-29T03:49:35Z</time></trkpt><trkpt lat="-39.3778594863" lon="-72.6278913673"><ele>109.64</ele><time>2024-08-29T03:49:36Z</time></trkpt><trkpt lat="-39.3778584804" lon="-72.6279380545"><ele>109.59</ele><time>2024-08-29T03:49:37Z</time></trkpt><trkpt lat="-39.3778590672" lon="-72.6279932912"><ele>109.67</ele><time>2024-08-29T03:49:38Z</time></trkpt><trkpt lat="-39.3778798543" lon="-72.6280544791"><ele>109.71</ele><time>2024-08-29T03:49:39Z</time></trkpt><trkpt lat="-39.3778912537" lon="-72.6281226240"><ele>109.72</ele><time>2024-08-29T03:49:40Z</time></trkpt><trkpt lat="-39.3778923433" lon="-72.6281990670"><ele>109.82</ele><time>2024-08-29T03:49:41Z</time></trkpt><trkpt lat="-39.3779391143" lon="-72.6292100921"><ele>109.72</ele><time>2024-08-29T03:49:52Z</time></trkpt><trkpt lat="-39.3779829517" lon="-72.6302429941"><ele>109.17</ele><time>2024-08-29T03:50:06Z</time></trkpt><trkpt lat="-39.3780051637" lon="-72.6302630268"><ele>108.99</ele><time>2024-08-29T03:50:07Z</time></trkpt><trkpt lat="-39.3780355062" lon="-72.6302696485"><ele>108.97</ele><time>2024-08-29T03:50:08Z</time></trkpt><trkpt lat="-39.3780737277" lon="-72.6302622724"><ele>108.98</ele><time>2024-08-29T03:50:09Z</time></trkpt><trkpt lat="-39.3786830083" lon="-72.6299975719"><ele>109.27</ele><time>2024-08-29T03:50:18Z</time></trkpt><trkpt lat="-39.3795424048" lon="-72.6296503097"><ele>108.29</ele><time>2024-08-29T03:50:32Z</time></trkpt><trkpt lat="-39.3795711547" lon="-72.6296640560"><ele>108.33</ele><time>2024-08-29T03:50:33Z</time></trkpt><trkpt lat="-39.3795986474" lon="-72.6296977513"><ele>108.33</ele><time>2024-08-29T03:50:34Z</time></trkpt><trkpt lat="-39.3796211947" lon="-72.6297453605"><ele>108.35</ele><time>2024-08-29T03:50:35Z</time></trkpt><trkpt lat="-39.3796386290" lon="-72.6298043691"><ele>108.39</ele><time>2024-08-29T03:50:36Z</time></trkpt><trkpt lat="-39.3796561472" lon="-72.6298671495"><ele>108.35</ele><time>2024-08-29T03:50:37Z</time></trkpt><trkpt lat="-39.3797395471" lon="-72.6301875897"><ele>107.89</ele><time>2024-08-29T03:50:45Z</time></trkpt><trkpt lat="-39.3798361067" lon="-72.6306822896"><ele>108.47</ele><time>2024-08-29T03:50:54Z</time></trkpt><trkpt lat="-39.3798098713" lon="-72.6307180803"><ele>108.52</ele><time>2024-08-29T03:50:55Z</time></trkpt><trkpt lat="-39.3797728233" lon="-72.6307456568"><ele>108.61</ele><time>2024-08-29T03:50:56Z</time></trkpt><trkpt lat="-39.3797271419" lon="-72.6307698805"><ele>108.61</ele><time>2024-08-29T03:50:57Z</time></trkpt><trkpt lat="-39.3796716537" lon="-72.6307914220"><ele>108.58</ele><time>2024-08-29T03:50:58Z</time></trkpt><trkpt lat="-39.3796101306" lon="-72.6308137178"><ele>108.61</ele><time>2024-08-29T03:50:59Z</time></trkpt><trkpt lat="-39.3786802422" lon="-72.6312028896"><ele>109.12</ele><time>2024-08-29T03:51:12Z</time></trkpt><trkpt lat="-39.3781670183" lon="-72.6314112637"><ele>108.50</ele><time>2024-08-29T03:51:22Z</time></trkpt><trkpt lat="-39.3781574629" lon="-72.6314223278"><ele>108.53</ele><time>2024-08-29T03:51:23Z</time></trkpt><trkpt lat="-39.3781450577" lon="-72.6314499881"><ele>108.55</ele><time>2024-08-29T03:51:24Z</time></trkpt><trkpt lat="-39.3781404477" lon="-72.6314934064"><ele>108.57</ele><time>2024-08-29T03:51:25Z</time></trkpt><trkpt lat="-39.3781474046" lon="-72.6315524150"><ele>108.69</ele><time>2024-08-29T03:51:26Z</time></trkpt><trkpt lat="-39.3781665992" lon="-72.6316213142"><ele>108.76</ele><time>2024-08-29T03:51:27Z</time></trkpt><trkpt lat="-39.3781884760" lon="-72.6316925604"><ele>108.81</ele><time>2024-08-29T03:51:28Z</time></trkpt><trkpt lat="-39.3782335706" lon="-72.6318165287"><ele>108.90</ele><time>2024-08-29T03:51:30Z</time></trkpt><trkpt lat="-39.3782578781" lon="-72.6318603661"><ele>108.74</ele><time>2024-08-29T03:51:31Z</time></trkpt><trkpt lat="-39.3782860413" lon="-72.6318939775"><ele>108.64</ele><time>2024-08-29T03:51:32Z</time></trkpt><trkpt lat="-39.3783216644" lon="-72.6319107413"><ele>108.60</ele><time>2024-08-29T03:51:33Z</time></trkpt><trkpt lat="-39.3783632386" lon="-72.6319139265"><ele>108.63</ele><time>2024-08-29T03:51:34Z</time></trkpt><trkpt lat="-39.3784093391" lon="-72.6319006830"><ele>108.52</ele><time>2024-08-29T03:51:35Z</time></trkpt><trkpt lat="-39.3784644082" lon="-72.6318767108"><ele>108.48</ele><time>2024-08-29T03:51:36Z</time></trkpt><trkpt lat="-39.3794144969" lon="-72.6314727031"><ele>107.95</ele><time>2024-08-29T03:51:50Z</time></trkpt><trkpt lat="-39.3799973745" lon="-72.6312916540"><ele>107.93</ele><time>2024-08-29T03:52:02Z</time></trkpt><trkpt lat="-39.3800224364" lon="-72.6313264389"><ele>108.09</ele><time>2024-08-29T03:52:03Z</time></trkpt><trkpt lat="-39.3800416309" lon="-72.6313717011"><ele>108.11</ele><time>2024-08-29T03:52:04Z</time></trkpt><trkpt lat="-39.3800590653" lon="-72.6314276084"><ele>108.20</ele><time>2024-08-29T03:52:05Z</time></trkpt><trkpt lat="-39.3800765835" lon="-72.6314897183"><ele>108.20</ele><time>2024-08-29T03:52:06Z</time></trkpt><trkpt lat="-39.3801075965" lon="-72.6316079870"><ele>108.19</ele><time>2024-08-29T03:52:08Z</time></trkpt><trkpt lat="-39.3801103625" lon="-72.6316579431"><ele>108.22</ele><time>2024-08-29T03:52:09Z</time></trkpt><trkpt lat="-39.3801041599" lon="-72.6317006070"><ele>108.22</ele><time>2024-08-29T03:52:10Z</time></trkpt><trkpt lat="-39.3800827023" lon="-72.6317368168"><ele>108.10</ele><time>2024-08-29T03:52:11Z</time></trkpt><trkpt lat="-39.3800539523" lon="-72.6317585260"><ele>108.07</ele><time>2024-08-29T03:52:12Z</time></trkpt><trkpt lat="-39.3800105341" lon="-72.6317824982"><ele>107.99</ele><time>2024-08-29T03:52:13Z</time></trkpt><trkpt lat="-39.3793769460" lon="-72.6320342068"><ele>108.07</ele><time>2024-08-29T03:52:22Z</time></trkpt><trkpt lat="-39.3785418570" lon="-72.6323927846"><ele>108.51</ele><time>2024-08-29T03:52:36Z</time></trkpt><trkpt lat="-39.3783894740" lon="-72.6323357038"><ele>108.42</ele><time>2024-08-29T03:52:42Z</time></trkpt><trkpt lat="-39.3783659209" lon="-72.6322781201"><ele>108.59</ele><time>2024-08-29T03:52:43Z</time></trkpt><trkpt lat="-39.3781158887" lon="-72.6314418577"><ele>109.08</ele><time>2024-08-29T03:52:53Z</time></trkpt><trkpt lat="-39.3779530283" lon="-72.6309663523"><ele>109.04</ele><time>2024-08-29T03:53:01Z</time></trkpt><trkpt lat="-39.3779134657" lon="-72.6309476607"><ele>108.88</ele><time>2024-08-29T03:53:02Z</time></trkpt><trkpt lat="-39.3778688740" lon="-72.6309547853"><ele>109.00</ele><time>2024-08-29T03:53:03Z</time></trkpt><trkpt lat="-39.3778227735" lon="-72.6309862174"><ele>109.08</ele><time>2024-08-29T03:53:04Z</time></trkpt><trkpt lat="-39.3777717277" lon="-72.6310334075"><ele>109.05</ele><time>2024-08-29T03:53:05Z</time></trkpt><trkpt lat="-39.3777143955" lon="-72.6310868002"><ele>109.36</ele><time>2024-08-29T03:53:06Z</time></trkpt><trkpt lat="-39.3768315297" lon="-72.6319435146"><ele>109.30</ele><time>2024-08-29T03:53:20Z</time></trkpt><trkpt lat="-39.3766549230" lon="-72.6321379747"><ele>108.51</ele><time>2024-08-29T03:53:24Z</time></trkpt><trkpt lat="-39.3766313698" lon="-72.6321833208"><ele>108.22</ele><time>2024-08-29T03:53:25Z</time></trkpt><trkpt lat="-39.3766204733" lon="-72.6322273258"><ele>108.13</ele><time>2024-08-29T03:53:26Z</time></trkpt><trkpt lat="-39.3766203895" lon="-72.6322655473"><ele>107.92</ele><time>2024-08-29T03:53:27Z</time></trkpt><trkpt lat="-39.3766265921" lon="-72.6323030982"><ele>107.80</ele><time>2024-08-29T03:53:28Z</time></trkpt><trkpt lat="-39.3766402546" lon="-72.6323436666"><ele>107.82</ele><time>2024-08-29T03:53:29Z</time></trkpt><trkpt lat="-39.3766609579" lon="-72.6323936228"><ele>107.71</ele><time>2024-08-29T03:53:30Z</time></trkpt><trkpt lat="-39.3766919710" lon="-72.6324583311"><ele>107.42</ele><time>2024-08-29T03:53:31Z</time></trkpt><trkpt lat="-39.3767296057" lon="-72.6325336006"><ele>107.03</ele><time>2024-08-29T03:53:32Z</time></trkpt><trkpt lat="-39.3772144150" lon="-72.6334197354"><ele>105.97</ele><time>2024-08-29T03:53:43Z</time></trkpt><trkpt lat="-39.3772236351" lon="-72.6334690209"><ele>105.90</ele><time>2024-08-29T03:53:44Z</time></trkpt><trkpt lat="-39.3772162590" lon="-72.6335152891"><ele>105.74</ele><time>2024-08-29T03:53:45Z</time></trkpt><trkpt lat="-39.3771923706" lon="-72.6335600484"><ele>105.65</ele><time>2024-08-29T03:53:46Z</time></trkpt><trkpt lat="-39.3771573342" lon="-72.6336037181"><ele>105.65</ele><time>2024-08-29T03:53:47Z</time></trkpt><trkpt lat="-39.3771110661" lon="-72.6336491480"><ele>105.64</ele><time>2024-08-29T03:53:48Z</time></trkpt><trkpt lat="-39.3770571705" lon="-72.6336978469"><ele>105.64</ele><time>2024-08-29T03:53:49Z</time></trkpt><trkpt lat="-39.3764405139" lon="-72.6342780422"><ele>105.14</ele><time>2024-08-29T03:53:59Z</time></trkpt><trkpt lat="-39.3758428842" lon="-72.6348642725"><ele>105.39</ele><time>2024-08-29T03:54:09Z</time></trkpt><trkpt lat="-39.3754959572" lon="-72.6351984590"><ele>105.15</ele><time>2024-08-29T03:54:17Z</time></trkpt><trkpt lat="-39.3747773767" lon="-72.6358843502"><ele>108.05</ele><time>2024-08-29T03:54:30Z</time></trkpt><trkpt lat="-39.3745824974" lon="-72.6360736974"><ele>108.13</ele><time>2024-08-29T03:54:37Z</time></trkpt><trkpt lat="-39.3739318103" lon="-72.6366927009"><ele>108.49</ele><time>2024-08-29T03:54:47Z</time></trkpt><trkpt lat="-39.3736918364" lon="-72.6369564794"><ele>108.22</ele><time>2024-08-29T03:54:54Z</time></trkpt><trkpt lat="-39.3730085436" lon="-72.6375825237"><ele>108.07</ele><time>2024-08-29T03:55:06Z</time></trkpt><trkpt lat="-39.3727669772" lon="-72.6378214918"><ele>107.89</ele><time>2024-08-29T03:55:14Z</time></trkpt><trkpt lat="-39.3721160386" lon="-72.6384441834"><ele>109.53</ele><time>2024-08-29T03:55:26Z</time></trkpt><trkpt lat="-39.3719732948" lon="-72.6386086363"><ele>109.59</ele><time>2024-08-29T03:55:33Z</time></trkpt><trkpt lat="-39.3719691876" lon="-72.6386619452"><ele>109.65</ele><time>2024-08-29T03:55:34Z</time></trkpt><trkpt lat="-39.3719776534" lon="-72.6387196127"><ele>109.63</ele><time>2024-08-29T03:55:35Z</time></trkpt><trkpt lat="-39.3720044754" lon="-72.6387807168"><ele>109.72</ele><time>2024-08-29T03:55:36Z</time></trkpt><trkpt lat="-39.3720450439" lon="-72.6388479397"><ele>109.76</ele><time>2024-08-29T03:55:37Z</time></trkpt><trkpt lat="-39.3720938265" lon="-72.6389228739"><ele>109.85</ele><time>2024-08-29T03:55:38Z</time></trkpt><trkpt lat="-39.3727753591" lon="-72.6400635671"><ele>109.59</ele><time>2024-08-29T03:55:52Z</time></trkpt><trkpt lat="-39.3731928617" lon="-72.6407780405"><ele>108.59</ele><time>2024-08-29T03:56:03Z</time></trkpt><trkpt lat="-39.3732613418" lon="-72.6408394799"><ele>108.44</ele><time>2024-08-29T03:56:07Z</time></trkpt><trkpt lat="-39.3732978031" lon="-72.6408395637"><ele>108.39</ele><time>2024-08-29T03:56:08Z</time></trkpt><trkpt lat="-39.3733372819" lon="-72.6408239733"><ele>108.36</ele><time>2024-08-29T03:56:09Z</time></trkpt><trkpt lat="-39.3733766768" lon="-72.6407939661"><ele>108.36</ele><time>2024-08-29T03:56:10Z</time></trkpt><trkpt lat="-39.3734178320" lon="-72.6407563314"><ele>108.28</ele><time>2024-08-29T03:56:11Z</time></trkpt><trkpt lat="-39.3741325568" lon="-72.6400677580"><ele>107.46</ele><time>2024-08-29T03:56:25Z</time></trkpt><trkpt lat="-39.3751507904" lon="-72.6390901767"><ele>108.14</ele><time>2024-08-29T03:56:43Z</time></trkpt><trkpt lat="-39.3759536091" lon="-72.6383448578"><ele>107.23</ele><time>2024-08-29T03:56:56Z</time></trkpt><trkpt lat="-39.3759821914" lon="-72.6383000985"><ele>107.14</ele><time>2024-08-29T03:56:57Z</time></trkpt><trkpt lat="-39.3759974465" lon="-72.6382514834"><ele>107.14</ele><time>2024-08-29T03:56:58Z</time></trkpt><trkpt lat="-39.3759947643" lon="-72.6381959952"><ele>107.04</ele><time>2024-08-29T03:56:59Z</time></trkpt><trkpt lat="-39.3759742286" lon="-72.6381375734"><ele>106.80</ele><time>2024-08-29T03:57:00Z</time></trkpt><trkpt lat="-39.3759398628" lon="-72.6380743738"><ele>106.89</ele><time>2024-08-29T03:57:01Z</time></trkpt><trkpt lat="-39.3758991268" lon="-72.6380054746"><ele>106.91</ele><time>2024-08-29T03:57:02Z</time></trkpt><trkpt lat="-39.3752260599" lon="-72.6368237939"><ele>107.62</ele><time>2024-08-29T03:57:17Z</time></trkpt><trkpt lat="-39.3742963392" lon="-72.6352101937"><ele>108.20</ele><time>2024-08-29T03:57:37Z</time></trkpt><trkpt lat="-39.3741178047" lon="-72.6349003147"><ele>107.87</ele><time>2024-08-29T03:57:45Z</time></trkpt><trkpt lat="-39.3738574628" lon="-72.6345134899"><ele>108.33</ele><time>2024-08-29T03:57:53Z</time></trkpt><trkpt lat="-39.3731963821" lon="-72.6333741378"><ele>109.06</ele><time>2024-08-29T03:58:07Z</time></trkpt><trkpt lat="-39.3723262567" lon="-72.6319042873"><ele>109.33</ele><time>2024-08-29T03:58:24Z</time></trkpt><trkpt lat="-39.3719649967" lon="-72.6313504949"><ele>109.41</ele><time>2024-08-29T03:58:34Z</time></trkpt><trkpt lat="-39.3719276134" lon="-72.6313691027"><ele>109.37</ele><time>2024-08-29T03:58:35Z</time></trkpt><trkpt lat="-39.3718873803" lon="-72.6314044744"><ele>109.47</ele><time>2024-08-29T03:58:36Z</time></trkpt><trkpt lat="-39.3713055085" lon="-72.6319971588"><ele>111.89</ele><time>2024-08-29T03:58:47Z</time></trkpt><trkpt lat="-39.3709757645" lon="-72.6323165931"><ele>112.83</ele><time>2024-08-29T03:58:55Z</time></trkpt><trkpt lat="-39.3703558389" lon="-72.6329170726"><ele>112.44</ele><time>2024-08-29T03:59:08Z</time></trkpt><trkpt lat="-39.3700408470" lon="-72.6332004648"><ele>112.30</ele><time>2024-08-29T03:59:16Z</time></trkpt><trkpt lat="-39.3694018107" lon="-72.6338045485"><ele>110.92</ele><time>2024-08-29T03:59:30Z</time></trkpt><trkpt lat="-39.3693466578" lon="-72.6338239945"><ele>110.87</ele><time>2024-08-29T03:59:32Z</time></trkpt><trkpt lat="-39.3693099450" lon="-72.6338187978"><ele>110.84</ele><time>2024-08-29T03:59:33Z</time></trkpt><trkpt lat="-39.3692710530" lon="-72.6337930653"><ele>110.83</ele><time>2024-08-29T03:59:34Z</time></trkpt><trkpt lat="-39.3692307360" lon="-72.6337450370"><ele>110.88</ele><time>2024-08-29T03:59:35Z</time></trkpt><trkpt lat="-39.3691895809" lon="-72.6336832624"><ele>111.05</ele><time>2024-08-29T03:59:36Z</time></trkpt><trkpt lat="-39.3691462465" lon="-72.6336084120"><ele>111.08</ele><time>2024-08-29T03:59:37Z</time></trkpt><trkpt lat="-39.3687911052" lon="-72.6330373529"><ele>111.44</ele><time>2024-08-29T03:59:47Z</time></trkpt><trkpt lat="-39.3687709887" lon="-72.6329974551"><ele>111.15</ele><time>2024-08-29T03:59:51Z</time></trkpt><trkpt lat="-39.3687064480" lon="-72.6328937709"><ele>111.46</ele><time>2024-08-29T03:59:54Z</time></trkpt><trkpt lat="-39.3686735071" lon="-72.6328670327"><ele>111.51</ele><time>2024-08-29T03:59:55Z</time></trkpt><trkpt lat="-39.3686352856" lon="-72.6328502689"><ele>111.58</ele><time>2024-08-29T03:59:56Z</time></trkpt><trkpt lat="-39.3685920350" lon="-72.6328490116"><ele>111.67</ele><time>2024-08-29T03:59:57Z</time></trkpt><trkpt lat="-39.3685457669" lon="-72.6328680385"><ele>111.68</ele><time>2024-08-29T03:59:58Z</time></trkpt><trkpt lat="-39.3684984092" lon="-72.6329020690"><ele>111.57</ele><time>2024-08-29T03:59:59Z</time></trkpt><trkpt lat="-39.3684482854" lon="-72.6329458226"><ele>111.74</ele><time>2024-08-29T04:00:00Z</time></trkpt><trkpt lat="-39.3683947250" lon="-72.6329946890"><ele>111.87</ele><time>2024-08-29T04:00:01Z</time></trkpt><trkpt lat="-39.3678974267" lon="-72.6334659196"><ele>112.00</ele><time>2024-08-29T04:00:12Z</time></trkpt><trkpt lat="-39.3676598836" lon="-72.6336887106"><ele>111.90</ele><time>2024-08-29T04:00:19Z</time></trkpt><trkpt lat="-39.3674327340" lon="-72.6339099929"><ele>111.39</ele><time>2024-08-29T04:00:24Z</time></trkpt><trkpt lat="-39.3674098514" lon="-72.6339555904"><ele>111.13</ele><time>2024-08-29T04:00:25Z</time></trkpt><trkpt lat="-39.3674033135" lon="-72.6340064686"><ele>111.16</ele><time>2024-08-29T04:00:26Z</time></trkpt><trkpt lat="-39.3674115278" lon="-72.6340612862"><ele>111.09</ele><time>2024-08-29T04:00:27Z</time></trkpt><trkpt lat="-39.3674328178" lon="-72.6341207977"><ele>111.01</ele><time>2024-08-29T04:00:28Z</time></trkpt><trkpt lat="-39.3674643338" lon="-72.6341843326"><ele>110.97</ele><time>2024-08-29T04:00:29Z</time></trkpt><trkpt lat="-39.3675049860" lon="-72.6342540700"><ele>111.00</ele><time>2024-08-29T04:00:30Z</time></trkpt><trkpt lat="-39.3681080639" lon="-72.6352918334"><ele>110.86</ele><time>2024-08-29T04:00:43Z</time></trkpt><trkpt lat="-39.3687702343" lon="-72.6364337001"><ele>110.61</ele><time>2024-08-29T04:00:57Z</time></trkpt><trkpt lat="-39.3693204224" lon="-72.6374035701"><ele>110.29</ele><time>2024-08-29T04:01:10Z</time></trkpt><trkpt lat="-39.3693231046" lon="-72.6374518499"><ele>110.24</ele><time>2024-08-29T04:01:11Z</time></trkpt><trkpt lat="-39.3693063408" lon="-72.6374961901"><ele>110.18</ele><time>2024-08-29T04:01:12Z</time></trkpt><trkpt lat="-39.3692705501" lon="-72.6375375129"><ele>110.19</ele><time>2024-08-29T04:01:13Z</time></trkpt><trkpt lat="-39.3692214321" lon="-72.6375799254"><ele>110.19</ele><time>2024-08-29T04:01:14Z</time></trkpt><trkpt lat="-39.3691643514" lon="-72.6376274507"><ele>110.21</ele><time>2024-08-29T04:01:15Z</time></trkpt><trkpt lat="-39.3683628738" lon="-72.6383307762"><ele>109.76</ele><time>2024-08-29T04:01:28Z</time></trkpt><trkpt lat="-39.3676642422" lon="-72.6389833912"><ele>109.06</ele><time>2024-08-29T04:01:42Z</time></trkpt><trkpt lat="-39.3675595522" lon="-72.6389899291"><ele>109.14</ele><time>2024-08-29T04:01:45Z</time></trkpt><trkpt lat="-39.3675268628" lon="-72.6389556471"><ele>109.20</ele><time>2024-08-29T04:01:46Z</time></trkpt><trkpt lat="-39.3674957659" lon="-72.6389082056"><ele>109.18</ele><time>2024-08-29T04:01:47Z</time></trkpt><trkpt lat="-39.3670102023" lon="-72.6380359009"><ele>109.60</ele><time>2024-08-29T04:02:01Z</time></trkpt><trkpt lat="-39.3668440729" lon="-72.6379498187"><ele>109.37</ele><time>2024-08-29T04:02:07Z</time></trkpt><trkpt lat="-39.3667994812" lon="-72.6379758026"><ele>109.41</ele><time>2024-08-29T04:02:08Z</time></trkpt><trkpt lat="-39.3667513691" lon="-72.6380177960"><ele>109.44</ele><time>2024-08-29T04:02:09Z</time></trkpt><trkpt lat="-39.3659983389" lon="-72.6387398131"><ele>109.13</ele><time>2024-08-29T04:02:22Z</time></trkpt><trkpt lat="-39.3649890739" lon="-72.6392951980"><ele>109.32</ele><time>2024-08-29T04:02:37Z</time></trkpt><trkpt lat="-39.3645487726" lon="-72.6394773368"><ele>109.71</ele><time>2024-08-29T04:02:44Z</time></trkpt><trkpt lat="-39.3642835692" lon="-72.6395246945"><ele>109.04</ele><time>2024-08-29T04:02:53Z</time></trkpt><trkpt lat="-39.3642642070" lon="-72.6395417936"><ele>109.14</ele><time>2024-08-29T04:02:54Z</time></trkpt><trkpt lat="-39.3642537296" lon="-72.6395676937"><ele>109.16</ele><time>2024-08-29T04:02:55Z</time></trkpt><trkpt lat="-39.3642512988" lon="-72.6395961083"><ele>109.25</ele><time>2024-08-29T04:02:56Z</time></trkpt><trkpt lat="-39.3642542325" lon="-72.6396193262"><ele>109.29</ele><time>2024-08-29T04:02:57Z</time></trkpt><trkpt lat="-39.3642688170" lon="-72.6395702921"><ele>108.98</ele><time>2024-08-29T04:03:07Z</time></trkpt><trkpt lat="-39.3642925378" lon="-72.6395645086"><ele>109.09</ele><time>2024-08-29T04:03:08Z</time></trkpt><trkpt lat="-39.3643265683" lon="-72.6395522710"><ele>109.12</ele><time>2024-08-29T04:03:09Z</time></trkpt><trkpt lat="-39.3643621076" lon="-72.6395387761"><ele>109.36</ele><time>2024-08-29T04:03:10Z</time></trkpt><trkpt lat="-39.3644023407" lon="-72.6395253651"><ele>109.15</ele><time>2024-08-29T04:03:11Z</time></trkpt><trkpt lat="-39.3650605716" lon="-72.6392614190"><ele>109.43</ele><time>2024-08-29T04:03:23Z</time></trkpt><trkpt lat="-39.3659838382" lon="-72.6387909427"><ele>109.48</ele><time>2024-08-29T04:03:37Z</time></trkpt><trkpt lat="-39.3667354435" lon="-72.6380915567"><ele>109.62</ele><time>2024-08-29T04:03:49Z</time></trkpt><trkpt lat="-39.3674025591" lon="-72.6374282967"><ele>110.34</ele><time>2024-08-29T04:04:01Z</time></trkpt><trkpt lat="-39.3677514140" lon="-72.6371267159"><ele>110.14</ele><time>2024-08-29T04:04:08Z</time></trkpt><trkpt lat="-39.3677810859" lon="-72.6370871533"><ele>110.07</ele><time>2024-08-29T04:04:09Z</time></trkpt><trkpt lat="-39.3677944969" lon="-72.6370430645"><ele>110.04</ele><time>2024-08-29T04:04:10Z</time></trkpt><trkpt lat="-39.3677934911" lon="-72.6369935274"><ele>109.99</ele><time>2024-08-29T04:04:11Z</time></trkpt><trkpt lat="-39.3677794095" lon="-72.6369419787"><ele>109.91</ele><time>2024-08-29T04:04:12Z</time></trkpt><trkpt lat="-39.3677526712" lon="-72.6368876640"><ele>109.96</ele><time>2024-08-29T04:04:13Z</time></trkpt><trkpt lat="-39.3677159585" lon="-72.6368251350"><ele>109.91</ele><time>2024-08-29T04:04:14Z</time></trkpt><trkpt lat="-39.3672448955" lon="-72.6360224839"><ele>110.36</ele><time>2024-08-29T04:04:27Z</time></trkpt><trkpt lat="-39.3669983838" lon="-72.6356502436"><ele>110.55</ele><time>2024-08-29T04:04:35Z</time></trkpt><trkpt lat="-39.3665704876" lon="-72.6349289808"><ele>110.57</ele><time>2024-08-29T04:04:47Z</time></trkpt><trkpt lat="-39.3664624449" lon="-72.6347208582"><ele>110.80</ele><time>2024-08-29T04:04:54Z</time></trkpt><trkpt lat="-39.3659872748" lon="-72.6338944864"><ele>110.52</ele><time>2024-08-29T04:05:05Z</time></trkpt><trkpt lat="-39.3657232448" lon="-72.6334500778"><ele>110.41</ele><time>2024-08-29T04:05:13Z</time></trkpt><trkpt lat="-39.3652287126" lon="-72.6325879991"><ele>110.60</ele><time>2024-08-29T04:05:27Z</time></trkpt><trkpt lat="-39.3648268003" lon="-72.6318905409"><ele>110.95</ele><time>2024-08-29T04:05:37Z</time></trkpt><trkpt lat="-39.3645973038" lon="-72.6314942446"><ele>110.74</ele><time>2024-08-29T04:05:46Z</time></trkpt><trkpt lat="-39.3643047754" lon="-72.6309847087"><ele>111.48</ele><time>2024-08-29T04:05:54Z</time></trkpt><trkpt lat="-39.3637971673" lon="-72.6301112305"><ele>111.56</ele><time>2024-08-29T04:06:07Z</time></trkpt><trkpt lat="-39.3633090053" lon="-72.6292836014"><ele>110.77</ele><time>2024-08-29T04:06:21Z</time></trkpt><trkpt lat="-39.3632088415" lon="-72.6292731240"><ele>110.93</ele><time>2024-08-29T04:06:24Z</time></trkpt><trkpt lat="-39.3631696980" lon="-72.6292993594"><ele>110.84</ele><time>2024-08-29T04:06:25Z</time></trkpt><trkpt lat="-39.3631220050" lon="-72.6293418556"><ele>110.93</ele><time>2024-08-29T04:06:26Z</time></trkpt><trkpt lat="-39.3626718968" lon="-72.6297961548"><ele>110.73</ele><time>2024-08-29T04:06:35Z</time></trkpt><trkpt lat="-39.3624576554" lon="-72.6300193649"><ele>110.67</ele><time>2024-08-29T04:06:40Z</time></trkpt><trkpt lat="-39.3624434061" lon="-72.6300702430"><ele>110.62</ele><time>2024-08-29T04:06:41Z</time></trkpt><trkpt lat="-39.3624450825" lon="-72.6301253121"><ele>110.51</ele><time>2024-08-29T04:06:42Z</time></trkpt><trkpt lat="-39.3624645285" lon="-72.6301859133"><ele>110.74</ele><time>2024-08-29T04:06:43Z</time></trkpt><trkpt lat="-39.3624970503" lon="-72.6302507054"><ele>110.76</ele><time>2024-08-29T04:06:44Z</time></trkpt><trkpt lat="-39.3625382055" lon="-72.6303230412"><ele>110.94</ele><time>2024-08-29T04:06:45Z</time></trkpt><trkpt lat="-39.3629759923" lon="-72.6310940925"><ele>110.99</ele><time>2024-08-29T04:06:56Z</time></trkpt><trkpt lat="-39.3633038085" lon="-72.6316998526"><ele>111.15</ele><time>2024-08-29T04:07:05Z</time></trkpt><trkpt lat="-39.3636722770" lon="-72.6323571615"><ele>110.63</ele><time>2024-08-29T04:07:16Z</time></trkpt><trkpt lat="-39.3640179466" lon="-72.6329458226"><ele>111.17</ele><time>2024-08-29T04:07:24Z</time></trkpt><trkpt lat="-39.3642989919" lon="-72.6334464736"><ele>110.46</ele><time>2024-08-29T04:07:33Z</time></trkpt><trkpt lat="-39.3645046838" lon="-72.6337929815"><ele>111.03</ele><time>2024-08-29T04:07:40Z</time></trkpt><trkpt lat="-39.3650597334" lon="-72.6347284857"><ele>110.20</ele><time>2024-08-29T04:07:54Z</time></trkpt><trkpt lat="-39.3655512482" lon="-72.6355700288"><ele>110.83</ele><time>2024-08-29T04:08:06Z</time></trkpt><trkpt lat="-39.3655879609" lon="-72.6357053127"><ele>110.81</ele><time>2024-08-29T04:08:11Z</time></trkpt><trkpt lat="-39.3655697722" lon="-72.6357440371"><ele>110.84</ele><time>2024-08-29T04:08:12Z</time></trkpt><trkpt lat="-39.3655333109" lon="-72.6357836835"><ele>110.76</ele><time>2024-08-29T04:08:13Z</time></trkpt><trkpt lat="-39.3654815108" lon="-72.6358295325"><ele>110.75</ele><time>2024-08-29T04:08:14Z</time></trkpt><trkpt lat="-39.3654204067" lon="-72.6358845178"><ele>110.84</ele><time>2024-08-29T04:08:15Z</time></trkpt><trkpt lat="-39.3648162391" lon="-72.6364304312"><ele>110.47</ele><time>2024-08-29T04:08:25Z</time></trkpt><trkpt lat="-39.3647739105" lon="-72.6364461891"><ele>110.47</ele><time>2024-08-29T04:08:26Z</time></trkpt><trkpt lat="-39.3647329230" lon="-72.6364417467"><ele>110.55</ele><time>2024-08-29T04:08:27Z</time></trkpt><trkpt lat="-39.3646936119" lon="-72.6364137512"><ele>110.50</ele><time>2024-08-29T04:08:28Z</time></trkpt><trkpt lat="-39.3646547198" lon="-72.6363676507"><ele>110.59</ele><time>2024-08-29T04:08:29Z</time></trkpt><trkpt lat="-39.3646151572" lon="-72.6363080554"><ele>110.43</ele><time>2024-08-29T04:08:30Z</time></trkpt><trkpt lat="-39.3645740021" lon="-72.6362378150"><ele>110.49</ele><time>2024-08-29T04:08:31Z</time></trkpt><trkpt lat="-39.3641627021" lon="-72.6354430430"><ele>110.10</ele><time>2024-08-29T04:08:41Z</time></trkpt><trkpt lat="-39.3637247477" lon="-72.6346508693"><ele>110.46</ele><time>2024-08-29T04:08:52Z</time></trkpt><trkpt lat="-39.3635263480" lon="-72.6343247294"><ele>110.19</ele><time>2024-08-29T04:09:00Z</time></trkpt><trkpt lat="-39.3633969314" lon="-72.6341611147"><ele>110.43</ele><time>2024-08-29T04:09:05Z</time></trkpt><trkpt lat="-39.3629932590" lon="-72.6334525086"><ele>110.18</ele><time>2024-08-29T04:09:18Z</time></trkpt><trkpt lat="-39.3628324103" lon="-72.6331542805"><ele>109.79</ele><time>2024-08-29T04:09:28Z</time></trkpt><trkpt lat="-39.3624971341" lon="-72.6325284038"><ele>110.59</ele><time>2024-08-29T04:09:38Z</time></trkpt><trkpt lat="-39.3621663842" lon="-72.6319498010"><ele>110.44</ele><time>2024-08-29T04:09:49Z</time></trkpt><trkpt lat="-39.3617003504" lon="-72.6311340742"><ele>110.83</ele><time>2024-08-29T04:10:01Z</time></trkpt><trkpt lat="-39.3615516555" lon="-72.6309430506"><ele>110.42</ele><time>2024-08-29T04:10:08Z</time></trkpt><trkpt lat="-39.3614536710" lon="-72.6309866365"><ele>110.47</ele><time>2024-08-29T04:10:11Z</time></trkpt><trkpt lat="-39.3608755711" lon="-72.6315438654"><ele>110.79</ele><time>2024-08-29T04:10:23Z</time></trkpt><trkpt lat="-39.3606837094" lon="-72.6317736134"><ele>110.46</ele><time>2024-08-29T04:10:29Z</time></trkpt><trkpt lat="-39.3606837932" lon="-72.6318239048"><ele>110.32</ele><time>2024-08-29T04:10:30Z</time></trkpt><trkpt lat="-39.3606991321" lon="-72.6318809856"><ele>110.40</ele><time>2024-08-29T04:10:31Z</time></trkpt><trkpt lat="-39.3607241940" lon="-72.6319384854"><ele>110.43</ele><time>2024-08-29T04:10:32Z</time></trkpt><trkpt lat="-39.3607564643" lon="-72.6319966558"><ele>110.51</ele><time>2024-08-29T04:10:33Z</time></trkpt><trkpt lat="-39.3607925903" lon="-72.6320571732"><ele>110.59</ele><time>2024-08-29T04:10:34Z</time></trkpt><trkpt lat="-39.3613000307" lon="-72.6329191681"><ele>110.11</ele><time>2024-08-29T04:10:49Z</time></trkpt><trkpt lat="-39.3617810681" lon="-72.6336926501"><ele>110.09</ele><time>2024-08-29T04:11:00Z</time></trkpt><trkpt lat="-39.3619529810" lon="-72.6340011880"><ele>109.44</ele><time>2024-08-29T04:11:08Z</time></trkpt><trkpt lat="-39.3622898497" lon="-72.6345890108"><ele>110.19</ele><time>2024-08-29T04:11:18Z</time></trkpt><trkpt lat="-39.3626686279" lon="-72.6352331601"><ele>110.30</ele><time>2024-08-29T04:11:30Z</time></trkpt><trkpt lat="-39.3631195743" lon="-72.6360062230"><ele>110.46</ele><time>2024-08-29T04:11:43Z</time></trkpt><trkpt lat="-39.3632763159" lon="-72.6362750307"><ele>110.30</ele><time>2024-08-29T04:11:51Z</time></trkpt><trkpt lat="-39.3636857718" lon="-72.6369571500"><ele>110.66</ele><time>2024-08-29T04:12:02Z</time></trkpt><trkpt lat="-39.3638432678" lon="-72.6372703817"><ele>110.52</ele><time>2024-08-29T04:12:10Z</time></trkpt><trkpt lat="-39.3638425134" lon="-72.6373008918"><ele>110.61</ele><time>2024-08-29T04:12:11Z</time></trkpt><trkpt lat="-39.3638288509" lon="-72.6373377722"><ele>110.65</ele><time>2024-08-29T04:12:12Z</time></trkpt><trkpt lat="-39.3638023641" lon="-72.6373763289"><ele>110.64</ele><time>2024-08-29T04:12:13Z</time></trkpt><trkpt lat="-39.3637602869" lon="-72.6374170650"><ele>110.77</ele><time>2024-08-29T04:12:14Z</time></trkpt><trkpt lat="-39.3637076486" lon="-72.6374621596"><ele>110.82</ele><time>2024-08-29T04:12:15Z</time></trkpt><trkpt lat="-39.3630717136" lon="-72.6380512398"><ele>110.81</ele><time>2024-08-29T04:12:26Z</time></trkpt><trkpt lat="-39.3630039040" lon="-72.6380557660"><ele>110.63</ele><time>2024-08-29T04:12:28Z</time></trkpt><trkpt lat="-39.3629748188" lon="-72.6380271837"><ele>110.70</ele><time>2024-08-29T04:12:29Z</time></trkpt><trkpt lat="-39.3629464880" lon="-72.6379846875"><ele>110.59</ele><time>2024-08-29T04:12:30Z</time></trkpt><trkpt lat="-39.3624993134" lon="-72.6371858083"><ele>109.86</ele><time>2024-08-29T04:12:43Z</time></trkpt><trkpt lat="-39.3617934734" lon="-72.6359544229"><ele>110.08</ele><time>2024-08-29T04:12:59Z</time></trkpt><trkpt lat="-39.3611820973" lon="-72.6349220239"><ele>109.91</ele><time>2024-08-29T04:13:14Z</time></trkpt><trkpt lat="-39.3611626513" lon="-72.6348494366"><ele>109.86</ele><time>2024-08-29T04:13:16Z</time></trkpt><trkpt lat="-39.3611684348" lon="-72.6348070242"><ele>109.74</ele><time>2024-08-29T04:13:17Z</time></trkpt><trkpt lat="-39.3611948378" lon="-72.6347653661"><ele>109.75</ele><time>2024-08-29T04:13:18Z</time></trkpt><trkpt lat="-39.3612273596" lon="-72.6347299945"><ele>109.72</ele><time>2024-08-29T04:13:19Z</time></trkpt><trkpt lat="-39.3612693530" lon="-72.6346910186"><ele>109.70</ele><time>2024-08-29T04:13:20Z</time></trkpt><trkpt lat="-39.3620009255" lon="-72.6340065524"><ele>109.57</ele><time>2024-08-29T04:13:34Z</time></trkpt><trkpt lat="-39.3626569770" lon="-72.6333709527"><ele>109.81</ele><time>2024-08-29T04:13:48Z</time></trkpt><trkpt lat="-39.3631805107" lon="-72.6328718103"><ele>110.42</ele><time>2024-08-29T04:14:01Z</time></trkpt><trkpt lat="-39.3635867815" lon="-72.6324931160"><ele>110.66</ele><time>2024-08-29T04:14:12Z</time></trkpt><trkpt lat="-39.3642375525" lon="-72.6318554208"><ele>111.67</ele><time>2024-08-29T04:14:24Z</time></trkpt><trkpt lat="-39.3650538661" lon="-72.6310531050"><ele>112.04</ele><time>2024-08-29T04:14:40Z</time></trkpt><trkpt lat="-39.3652935885" lon="-72.6309439726"><ele>112.15</ele><time>2024-08-29T04:14:47Z</time></trkpt><trkpt lat="-39.3653341569" lon="-72.6309819426"><ele>112.08</ele><time>2024-08-29T04:14:48Z</time></trkpt><trkpt lat="-39.3653774913" lon="-72.6310275402"><ele>112.13</ele><time>2024-08-29T04:14:49Z</time></trkpt><trkpt lat="-39.3661181163" lon="-72.6318417583"><ele>112.07</ele><time>2024-08-29T04:15:03Z</time></trkpt><trkpt lat="-39.3668271415" lon="-72.6330288872"><ele>111.74</ele><time>2024-08-29T04:15:19Z</time></trkpt><trkpt lat="-39.3672831170" lon="-72.6338594500"><ele>111.76</ele><time>2024-08-29T04:15:31Z</time></trkpt><trkpt lat="-39.3673229311" lon="-72.6340548322"><ele>111.78</ele><time>2024-08-29T04:15:38Z</time></trkpt><trkpt lat="-39.3672951870" lon="-72.6340907067"><ele>111.72</ele><time>2024-08-29T04:15:39Z</time></trkpt><trkpt lat="-39.3672576360" lon="-72.6341255754"><ele>111.68</ele><time>2024-08-29T04:15:40Z</time></trkpt><trkpt lat="-39.3666321784" lon="-72.6347036753"><ele>111.75</ele><time>2024-08-29T04:15:51Z</time></trkpt><trkpt lat="-39.3657755479" lon="-72.6355079189"><ele>111.09</ele><time>2024-08-29T04:16:06Z</time></trkpt><trkpt lat="-39.3651980348" lon="-72.6360461209"><ele>111.15</ele><time>2024-08-29T04:16:16Z</time></trkpt><trkpt lat="-39.3639795575" lon="-72.6371957827"><ele>110.83</ele><time>2024-08-29T04:16:33Z</time></trkpt><trkpt lat="-39.3624829687" lon="-72.6386068761"><ele>110.88</ele><time>2024-08-29T04:16:53Z</time></trkpt><trkpt lat="-39.3614748772" lon="-72.6395174861"><ele>110.80</ele><time>2024-08-29T04:17:07Z</time></trkpt><trkpt lat="-39.3613939080" lon="-72.6395510137"><ele>110.82</ele><time>2024-08-29T04:17:08Z</time></trkpt><trkpt lat="-39.3613078259" lon="-72.6395710465"><ele>110.88</ele><time>2024-08-29T04:17:09Z</time></trkpt><trkpt lat="-39.3612149544" lon="-72.6395688672"><ele>110.78</ele><time>2024-08-29T04:17:10Z</time></trkpt><trkpt lat="-39.3611211609" lon="-72.6395490859"><ele>110.60</ele><time>2024-08-29T04:17:11Z</time></trkpt><trkpt lat="-39.3610307202" lon="-72.6395176537"><ele>110.67</ele><time>2024-08-29T04:17:12Z</time></trkpt><trkpt lat="-39.3609474041" lon="-72.6394718885"><ele>110.62</ele><time>2024-08-29T04:17:13Z</time></trkpt><trkpt lat="-39.3608695362" lon="-72.6394164842"><ele>110.67</ele><time>2024-08-29T04:17:14Z</time></trkpt><trkpt lat="-39.3607958592" lon="-72.6393631753"><ele>110.52</ele><time>2024-08-29T04:17:15Z</time></trkpt><trkpt lat="-39.3605488446" lon="-72.6392084453"><ele>110.17</ele><time>2024-08-29T04:17:19Z</time></trkpt><trkpt lat="-39.3604908418" lon="-72.6391999796"><ele>110.11</ele><time>2024-08-29T04:17:20Z</time></trkpt><trkpt lat="-39.3604330067" lon="-72.6392135583"><ele>109.95</ele><time>2024-08-29T04:17:21Z</time></trkpt><trkpt lat="-39.3603787757" lon="-72.6392451581"><ele>109.95</ele><time>2024-08-29T04:17:22Z</time></trkpt><trkpt lat="-39.3603290711" lon="-72.6392898336"><ele>110.01</ele><time>2024-08-29T04:17:23Z</time></trkpt><trkpt lat="-39.3602813780" lon="-72.6393374428"><ele>110.10</ele><time>2024-08-29T04:17:24Z</time></trkpt><trkpt lat="-39.3601872493" lon="-72.6394258719"><ele>110.07</ele><time>2024-08-29T04:17:26Z</time></trkpt><trkpt lat="-39.3601332698" lon="-72.6394539513"><ele>110.10</ele><time>2024-08-29T04:17:27Z</time></trkpt><trkpt lat="-39.3600737583" lon="-72.6394697931"><ele>110.12</ele><time>2024-08-29T04:17:28Z</time></trkpt><trkpt lat="-39.3600091338" lon="-72.6394746546"><ele>110.17</ele><time>2024-08-29T04:17:29Z</time></trkpt><trkpt lat="-39.3599416595" lon="-72.6394786779"><ele>110.10</ele><time>2024-08-29T04:17:30Z</time></trkpt><trkpt lat="-39.3598038610" lon="-72.6394978724"><ele>109.92</ele><time>2024-08-29T04:17:32Z</time></trkpt><trkpt lat="-39.3597384822" lon="-72.6395200845"><ele>109.83</ele><time>2024-08-29T04:17:33Z</time></trkpt><trkpt lat="-39.3596786354" lon="-72.6395501755"><ele>109.75</ele><time>2024-08-29T04:17:34Z</time></trkpt><trkpt lat="-39.3596233986" lon="-72.6395901572"><ele>109.82</ele><time>2024-08-29T04:17:35Z</time></trkpt><trkpt lat="-39.3595708441" lon="-72.6396399457"><ele>109.73</ele><time>2024-08-29T04:17:36Z</time></trkpt><trkpt lat="-39.3595186248" lon="-72.6396938413"><ele>109.80</ele><time>2024-08-29T04:17:37Z</time></trkpt><trkpt lat="-39.3593779765" lon="-72.6398932468"><ele>110.33</ele><time>2024-08-29T04:17:40Z</time></trkpt><trkpt lat="-39.3593892083" lon="-72.6400228310"><ele>110.41</ele><time>2024-08-29T04:17:41Z</time></trkpt><trkpt lat="-39.3593968358" lon="-72.6401291136"><ele>110.64</ele><time>2024-08-29T04:17:42Z</time></trkpt><trkpt lat="-39.3594140187" lon="-72.6402325463"><ele>110.85</ele><time>2024-08-29T04:17:43Z</time></trkpt><trkpt lat="-39.3594450317" lon="-72.6403385773"><ele>110.85</ele><time>2024-08-29T04:17:44Z</time></trkpt><trkpt lat="-39.3594857678" lon="-72.6404353045"><ele>110.94</ele><time>2024-08-29T04:17:45Z</time></trkpt><trkpt lat="-39.3595343828" lon="-72.6405206323"><ele>110.89</ele><time>2024-08-29T04:17:46Z</time></trkpt><trkpt lat="-39.3595943134" lon="-72.6405974105"><ele>110.84</ele><time>2024-08-29T04:17:47Z</time></trkpt><trkpt lat="-39.3596589379" lon="-72.6406590175"><ele>110.89</ele><time>2024-08-29T04:17:48Z</time></trkpt><trkpt lat="-39.3597309384" lon="-72.6407119073"><ele>111.05</ele><time>2024-08-29T04:17:49Z</time></trkpt><trkpt lat="-39.3598040286" lon="-72.6407551579"><ele>111.17</ele><time>2024-08-29T04:17:50Z</time></trkpt><trkpt lat="-39.3598810583" lon="-72.6407874282"><ele>111.20</ele><time>2024-08-29T04:17:51Z</time></trkpt><trkpt lat="-39.3599551544" lon="-72.6408098917"><ele>111.37</ele><time>2024-08-29T04:17:52Z</time></trkpt><trkpt lat="-39.3600295018" lon="-72.6408259850"><ele>111.42</ele><time>2024-08-29T04:17:53Z</time></trkpt><trkpt lat="-39.3606175762" lon="-72.6409537252"><ele>112.28</ele><time>2024-08-29T04:18:04Z</time></trkpt><trkpt lat="-39.3606526125" lon="-72.6409362908"><ele>112.22</ele><time>2024-08-29T04:18:16Z</time></trkpt><trkpt lat="-39.3606540374" lon="-72.6409119833"><ele>112.10</ele><time>2024-08-29T04:18:42Z</time></trkpt><trkpt lat="-39.3606519420" lon="-72.6409079600"><ele>112.24</ele><time>2024-08-29T04:19:06Z</time></trkpt><trkpt lat="-39.3606529478" lon="-72.6409518812"><ele>111.87</ele><time>2024-08-29T04:19:31Z</time></trkpt><trkpt lat="-39.3606540374" lon="-72.6409706566"><ele>111.80</ele><time>2024-08-29T04:19:57Z</time></trkpt><trkpt lat="-39.3606726453" lon="-72.6409340277"><ele>112.18</ele><time>2024-08-29T04:20:24Z</time></trkpt></trkseg></trk></gpx>