<?xml version="1.0" encoding="UTF-8" standalone="no" ?><gpx xmlns="http://www.topografix.com/GPX/1/1" xmlns:gpxx="http://www.garmin.com/xmlschemas/GpxExtensions/v3" xmlns:gpxtrkx="http://www.garmin.com/xmlschemas/TrackStatsExtension/v1" xmlns:wptx1="http://www.garmin.com/xmlschemas/WaypointExtension/v1" xmlns:gpxtpx="http://www.garmin.com/xmlschemas/TrackPointExtension/v1" creator="GPSMAP 64sx" version="1.1" xmlns:xsi="http://www.w3.org/2001/XMLSchema-instance" xsi:schemaLocation="http://www.topografix.com/GPX/1/1 http://www.topografix.com/GPX/1/1/gpx.xsd http://www.garmin.com/xmlschemas/GpxExtensions/v3 http://www8.garmin.com/xmlschemas/GpxExtensionsv3.xsd http://www.garmin.com/xmlschemas/TrackStatsExtension/v1 http://www8.garmin.com/xmlschemas/TrackStatsExtension.xsd http://www.garmin.com/xmlschemas/WaypointExtension/v1 http://www8.garmin.com/xmlschemas/WaypointExtensionv1.xsd http://www.garmin.com/xmlschemas/TrackPointExtension/v1 http://www.garmin.com/xmlschemas/TrackPointExtensionv1.xsd"><metadata><link href="http://www.garmin.com"><text>Garmin International</text></link><time>2024-07-31T03:48:35Z</time></metadata><trk><name>LONCO 240730</name><extensions><gpxx:TrackExtension><gpxx:DisplayColor>Cyan</gpxx:DisplayColor></gpxx:TrackExtension><gpxtrkx:TrackStatsExtension><gpxtrkx:Distance>49143.000</gpxtrkx:Distance><gpxtrkx:TotalElapsedTime>7730</gpxtrkx:TotalElapsedTime><gpxtrkx:MovingTime>7127</gpxtrkx:MovingTime><gpxtrkx:StoppedTime>600</gpxtrkx:StoppedTime><gpxtrkx:MovingSpeed>6.895</gpxtrkx:MovingSpeed><gpxtrkx:MaxSpeed>21.893</gpxtrkx:MaxSpeed><gpxtrkx:MaxElevation>152.943</gpxtrkx:MaxElevation><gpxtrkx:MinElevation>104.378</gpxtrkx:MinElevation><gpxtrkx:Ascent>175.000</gpxtrkx:Ascent><gpxtrkx:Descent>212.084</gpxtrkx:Descent><gpxtrkx:AvgAscentRate>0.060</gpxtrkx:AvgAscentRate><gpxtrkx:MaxAscentRate>0.499</gpxtrkx:MaxAscentRate><gpxtrkx:AvgDescentRate>0.073</gpxtrkx:AvgDescentRate><gpxtrkx:MaxDescentRate>-0.636</gpxtrkx:MaxDescentRate></gpxtrkx:TrackStatsExtension></extensions><trkseg><trkpt lat="-39.3541466631" lon="-72.5778133515"><ele>146.29</ele><time>2024-07-31T01:39:45Z</time></trkpt><trkpt lat="-39.3541458249" lon="-72.5778132677"><ele>146.29</ele><time>2024-07-31T01:39:46Z</time></trkpt><trkpt lat="-39.3541438133" lon="-72.5778128486"><ele>152.08</ele><time>2024-07-31T01:39:49Z</time></trkpt><trkpt lat="-39.3541433942" lon="-72.5778128486"><ele>152.08</ele><time>2024-07-31T01:39:50Z</time></trkpt><trkpt lat="-39.3541477527" lon="-72.5778028741"><ele>151.90</ele><time>2024-07-31T01:40:43Z</time></trkpt><trkpt lat="-39.3541685399" lon="-72.5777842663"><ele>151.31</ele><time>2024-07-31T01:41:24Z</time></trkpt><trkpt lat="-39.3541820347" lon="-72.5777831767"><ele>151.60</ele><time>2024-07-31T01:42:26Z</time></trkpt><trkpt lat="-39.3541737366" lon="-72.5777864456"><ele>151.83</ele><time>2024-07-31T01:42:54Z</time></trkpt><trkpt lat="-39.3541853037" lon="-72.5777886249"><ele>152.08</ele><time>2024-07-31T01:43:36Z</time></trkpt><trkpt lat="-39.3541998882" lon="-72.5777794886"><ele>152.05</ele><time>2024-07-31T01:44:18Z</time></trkpt><trkpt lat="-39.3541890755" lon="-72.5777833443"><ele>152.06</ele><time>2024-07-31T01:44:47Z</time></trkpt><trkpt lat="-39.3542084377" lon="-72.5777323823"><ele>152.13</ele><time>2024-07-31T01:45:13Z</time></trkpt><trkpt lat="-39.3542397860" lon="-72.5777701847"><ele>152.25</ele><time>2024-07-31T01:45:16Z</time></trkpt><trkpt lat="-39.3544299714" lon="-72.5777932350"><ele>151.92</ele><time>2024-07-31T01:45:22Z</time></trkpt><trkpt lat="-39.3544643372" lon="-72.5778311212"><ele>151.80</ele><time>2024-07-31T01:45:23Z</time></trkpt><trkpt lat="-39.3545008823" lon="-72.5778825022"><ele>151.77</ele><time>2024-07-31T01:45:24Z</time></trkpt><trkpt lat="-39.3545440491" lon="-72.5779417623"><ele>151.79</ele><time>2024-07-31T01:45:25Z</time></trkpt><trkpt lat="-39.3545980286" lon="-72.5779999327"><ele>151.78</ele><time>2024-07-31T01:45:26Z</time></trkpt><trkpt lat="-39.3546581268" lon="-72.5780467037"><ele>151.89</ele><time>2024-07-31T01:45:27Z</time></trkpt><trkpt lat="-39.3547199853" lon="-72.5780813210"><ele>151.82</ele><time>2024-07-31T01:45:28Z</time></trkpt><trkpt lat="-39.3547787424" lon="-72.5781124178"><ele>151.53</ele><time>2024-07-31T01:45:29Z</time></trkpt><trkpt lat="-39.3548327219" lon="-72.5781510584"><ele>151.27</ele><time>2024-07-31T01:45:30Z</time></trkpt><trkpt lat="-39.3548775651" lon="-72.5782049540"><ele>151.11</ele><time>2024-07-31T01:45:31Z</time></trkpt><trkpt lat="-39.3549131881" lon="-72.5782793015"><ele>151.16</ele><time>2024-07-31T01:45:32Z</time></trkpt><trkpt lat="-39.3549443688" lon="-72.5783705804"><ele>151.21</ele><time>2024-07-31T01:45:33Z</time></trkpt><trkpt lat="-39.3549810816" lon="-72.5784774497"><ele>151.19</ele><time>2024-07-31T01:45:34Z</time></trkpt><trkpt lat="-39.3555328622" lon="-72.5800110865"><ele>152.47</ele><time>2024-07-31T01:45:45Z</time></trkpt><trkpt lat="-39.3565844558" lon="-72.5828761049"><ele>151.86</ele><time>2024-07-31T01:46:01Z</time></trkpt><trkpt lat="-39.3574849237" lon="-72.5853610039"><ele>149.80</ele><time>2024-07-31T01:46:16Z</time></trkpt><trkpt lat="-39.3589045666" lon="-72.5892194454"><ele>148.16</ele><time>2024-07-31T01:46:40Z</time></trkpt><trkpt lat="-39.3603123073" lon="-72.5930714328"><ele>146.71</ele><time>2024-07-31T01:47:01Z</time></trkpt><trkpt lat="-39.3619587645" lon="-72.5975608639"><ele>145.52</ele><time>2024-07-31T01:47:23Z</time></trkpt><trkpt lat="-39.3631701171" lon="-72.6009284612"><ele>142.49</ele><time>2024-07-31T01:47:39Z</time></trkpt><trkpt lat="-39.3638291862" lon="-72.6037297770"><ele>140.55</ele><time>2024-07-31T01:47:51Z</time></trkpt><trkpt lat="-39.3639964052" lon="-72.6056851074"><ele>137.41</ele><time>2024-07-31T01:47:59Z</time></trkpt><trkpt lat="-39.3639648054" lon="-72.6077270228"><ele>133.89</ele><time>2024-07-31T01:48:08Z</time></trkpt><trkpt lat="-39.3639299367" lon="-72.6088097971"><ele>132.21</ele><time>2024-07-31T01:48:13Z</time></trkpt><trkpt lat="-39.3638907094" lon="-72.6103534084"><ele>128.65</ele><time>2024-07-31T01:48:20Z</time></trkpt><trkpt lat="-39.3638539966" lon="-72.6115069259"><ele>125.07</ele><time>2024-07-31T01:48:25Z</time></trkpt><trkpt lat="-39.3638476264" lon="-72.6117432117"><ele>124.80</ele><time>2024-07-31T01:48:26Z</time></trkpt><trkpt lat="-39.3637848459" lon="-72.6131994836"><ele>121.42</ele><time>2024-07-31T01:48:32Z</time></trkpt><trkpt lat="-39.3633917347" lon="-72.6155287307"><ele>119.14</ele><time>2024-07-31T01:48:42Z</time></trkpt><trkpt lat="-39.3625118863" lon="-72.6178430580"><ele>120.53</ele><time>2024-07-31T01:48:53Z</time></trkpt><trkpt lat="-39.3617586046" lon="-72.6191088092"><ele>123.75</ele><time>2024-07-31T01:49:00Z</time></trkpt><trkpt lat="-39.3614221551" lon="-72.6195619348"><ele>125.31</ele><time>2024-07-31T01:49:03Z</time></trkpt><trkpt lat="-39.3604988884" lon="-72.6205478143"><ele>127.04</ele><time>2024-07-31T01:49:12Z</time></trkpt><trkpt lat="-39.3604029156" lon="-72.6206202339"><ele>126.96</ele><time>2024-07-31T01:49:13Z</time></trkpt><trkpt lat="-39.3603061046" lon="-72.6206760574"><ele>126.96</ele><time>2024-07-31T01:49:14Z</time></trkpt><trkpt lat="-39.3602083717" lon="-72.6207162067"><ele>127.04</ele><time>2024-07-31T01:49:15Z</time></trkpt><trkpt lat="-39.3601158354" lon="-72.6207414363"><ele>127.07</ele><time>2024-07-31T01:49:16Z</time></trkpt><trkpt lat="-39.3600294180" lon="-72.6207531709"><ele>126.89</ele><time>2024-07-31T01:49:17Z</time></trkpt><trkpt lat="-39.3599502090" lon="-72.6207574457"><ele>126.62</ele><time>2024-07-31T01:49:18Z</time></trkpt><trkpt lat="-39.3595738616" lon="-72.6208518259"><ele>123.28</ele><time>2024-07-31T01:49:25Z</time></trkpt><trkpt lat="-39.3593509030" lon="-72.6209995989"><ele>120.84</ele><time>2024-07-31T01:49:37Z</time></trkpt><trkpt lat="-39.3593706843" lon="-72.6209703460"><ele>120.79</ele><time>2024-07-31T01:50:00Z</time></trkpt><trkpt lat="-39.3593355641" lon="-72.6209925581"><ele>120.74</ele><time>2024-07-31T01:50:03Z</time></trkpt><trkpt lat="-39.3592954986" lon="-72.6210203860"><ele>120.76</ele><time>2024-07-31T01:50:05Z</time></trkpt><trkpt lat="-39.3591727875" lon="-72.6211791392"><ele>119.05</ele><time>2024-07-31T01:50:13Z</time></trkpt><trkpt lat="-39.3591712788" lon="-72.6212251559"><ele>118.92</ele><time>2024-07-31T01:50:14Z</time></trkpt><trkpt lat="-39.3591780681" lon="-72.6212735195"><ele>118.92</ele><time>2024-07-31T01:50:15Z</time></trkpt><trkpt lat="-39.3591963407" lon="-72.6213295944"><ele>118.74</ele><time>2024-07-31T01:50:16Z</time></trkpt><trkpt lat="-39.3592243362" lon="-72.6213919558"><ele>118.55</ele><time>2024-07-31T01:50:17Z</time></trkpt><trkpt lat="-39.3592566904" lon="-72.6214601006"><ele>118.35</ele><time>2024-07-31T01:50:18Z</time></trkpt><trkpt lat="-39.3597457744" lon="-72.6223915815"><ele>116.06</ele><time>2024-07-31T01:50:28Z</time></trkpt><trkpt lat="-39.3598718382" lon="-72.6225753129"><ele>115.58</ele><time>2024-07-31T01:50:30Z</time></trkpt><trkpt lat="-39.3599443417" lon="-72.6226535160"><ele>115.21</ele><time>2024-07-31T01:50:31Z</time></trkpt><trkpt lat="-39.3600248080" lon="-72.6227199007"><ele>114.98</ele><time>2024-07-31T01:50:32Z</time></trkpt><trkpt lat="-39.3601123150" lon="-72.6227713656"><ele>114.69</ele><time>2024-07-31T01:50:33Z</time></trkpt><trkpt lat="-39.3602042645" lon="-72.6228041388"><ele>114.40</ele><time>2024-07-31T01:50:34Z</time></trkpt><trkpt lat="-39.3602987286" lon="-72.6228235010"><ele>114.18</ele><time>2024-07-31T01:50:35Z</time></trkpt><trkpt lat="-39.3603947014" lon="-72.6228356548"><ele>114.00</ele><time>2024-07-31T01:50:36Z</time></trkpt><trkpt lat="-39.3613965064" lon="-72.6231153589"><ele>115.96</ele><time>2024-07-31T01:50:47Z</time></trkpt><trkpt lat="-39.3621297553" lon="-72.6238648687"><ele>114.71</ele><time>2024-07-31T01:50:57Z</time></trkpt><trkpt lat="-39.3622051924" lon="-72.6239346061"><ele>114.64</ele><time>2024-07-31T01:50:58Z</time></trkpt><trkpt lat="-39.3622849043" lon="-72.6239948720"><ele>114.48</ele><time>2024-07-31T01:50:59Z</time></trkpt><trkpt lat="-39.3623676337" lon="-72.6240440737"><ele>114.27</ele><time>2024-07-31T01:51:00Z</time></trkpt><trkpt lat="-39.3624530453" lon="-72.6240832172"><ele>114.38</ele><time>2024-07-31T01:51:01Z</time></trkpt><trkpt lat="-39.3625409715" lon="-72.6241115481"><ele>114.27</ele><time>2024-07-31T01:51:02Z</time></trkpt><trkpt lat="-39.3626300711" lon="-72.6241273060"><ele>114.47</ele><time>2024-07-31T01:51:03Z</time></trkpt><trkpt lat="-39.3627189193" lon="-72.6241346821"><ele>114.54</ele><time>2024-07-31T01:51:04Z</time></trkpt><trkpt lat="-39.3634925690" lon="-72.6242923457"><ele>114.86</ele><time>2024-07-31T01:51:14Z</time></trkpt><trkpt lat="-39.3635515776" lon="-72.6243399549"><ele>114.86</ele><time>2024-07-31T01:51:15Z</time></trkpt><trkpt lat="-39.3636046350" lon="-72.6243935153"><ele>114.89</ele><time>2024-07-31T01:51:16Z</time></trkpt><trkpt lat="-39.3636515737" lon="-72.6244499255"><ele>114.90</ele><time>2024-07-31T01:51:17Z</time></trkpt><trkpt lat="-39.3636917230" lon="-72.6245022286"><ele>114.77</ele><time>2024-07-31T01:51:18Z</time></trkpt><trkpt lat="-39.3637884501" lon="-72.6245758217"><ele>114.51</ele><time>2024-07-31T01:51:21Z</time></trkpt><trkpt lat="-39.3638107460" lon="-72.6245572977"><ele>114.53</ele><time>2024-07-31T01:51:22Z</time></trkpt><trkpt lat="-39.3638267554" lon="-72.6245245244"><ele>114.35</ele><time>2024-07-31T01:51:23Z</time></trkpt><trkpt lat="-39.3638357241" lon="-72.6244755741"><ele>114.21</ele><time>2024-07-31T01:51:24Z</time></trkpt><trkpt lat="-39.3638389930" lon="-72.6244184095"><ele>113.96</ele><time>2024-07-31T01:51:25Z</time></trkpt><trkpt lat="-39.3638410047" lon="-72.6243529469"><ele>113.68</ele><time>2024-07-31T01:51:26Z</time></trkpt><trkpt lat="-39.3638401665" lon="-72.6239950396"><ele>112.29</ele><time>2024-07-31T01:51:31Z</time></trkpt><trkpt lat="-39.3638235703" lon="-72.6239377912"><ele>112.21</ele><time>2024-07-31T01:51:32Z</time></trkpt><trkpt lat="-39.3637969159" lon="-72.6238900982"><ele>112.29</ele><time>2024-07-31T01:51:33Z</time></trkpt><trkpt lat="-39.3637590297" lon="-72.6238499489"><ele>112.21</ele><time>2024-07-31T01:51:34Z</time></trkpt><trkpt lat="-39.3637188803" lon="-72.6238145772"><ele>112.24</ele><time>2024-07-31T01:51:35Z</time></trkpt><trkpt lat="-39.3632376753" lon="-72.6233767066"><ele>112.67</ele><time>2024-07-31T01:51:46Z</time></trkpt><trkpt lat="-39.3632048182" lon="-72.6233365573"><ele>112.58</ele><time>2024-07-31T01:51:47Z</time></trkpt><trkpt lat="-39.3631811813" lon="-72.6232868526"><ele>112.40</ele><time>2024-07-31T01:51:48Z</time></trkpt><trkpt lat="-39.3631697819" lon="-72.6232389919"><ele>112.53</ele><time>2024-07-31T01:51:49Z</time></trkpt><trkpt lat="-39.3631650042" lon="-72.6231886167"><ele>112.46</ele><time>2024-07-31T01:51:50Z</time></trkpt><trkpt lat="-39.3631620705" lon="-72.6231361460"><ele>112.52</ele><time>2024-07-31T01:51:51Z</time></trkpt><trkpt lat="-39.3631545268" lon="-72.6230250858"><ele>112.51</ele><time>2024-07-31T01:51:53Z</time></trkpt><trkpt lat="-39.3631859589" lon="-72.6223090198"><ele>112.63</ele><time>2024-07-31T01:52:05Z</time></trkpt><trkpt lat="-39.3631979451" lon="-72.6222913340"><ele>112.56</ele><time>2024-07-31T01:52:06Z</time></trkpt><trkpt lat="-39.3632133678" lon="-72.6222801022"><ele>112.43</ele><time>2024-07-31T01:52:07Z</time></trkpt><trkpt lat="-39.3632327300" lon="-72.6222765818"><ele>112.42</ele><time>2024-07-31T01:52:08Z</time></trkpt><trkpt lat="-39.3632561155" lon="-72.6222818624"><ele>112.52</ele><time>2024-07-31T01:52:09Z</time></trkpt><trkpt lat="-39.3632815126" lon="-72.6222956087"><ele>112.51</ele><time>2024-07-31T01:52:10Z</time></trkpt><trkpt lat="-39.3633069098" lon="-72.6223158929"><ele>112.78</ele><time>2024-07-31T01:52:11Z</time></trkpt><trkpt lat="-39.3633338995" lon="-72.6223388594"><ele>112.77</ele><time>2024-07-31T01:52:12Z</time></trkpt><trkpt lat="-39.3634949997" lon="-72.6224659290"><ele>112.70</ele><time>2024-07-31T01:52:20Z</time></trkpt><trkpt lat="-39.3635058962" lon="-72.6224589720"><ele>112.67</ele><time>2024-07-31T01:52:21Z</time></trkpt><trkpt lat="-39.3635131046" lon="-72.6224471536"><ele>112.68</ele><time>2024-07-31T01:52:22Z</time></trkpt><trkpt lat="-39.3635172956" lon="-72.6224326529"><ele>112.67</ele><time>2024-07-31T01:52:23Z</time></trkpt><trkpt lat="-39.3635182176" lon="-72.6224184874"><ele>112.55</ele><time>2024-07-31T01:52:24Z</time></trkpt><trkpt lat="-39.3635177985" lon="-72.6224034000"><ele>112.61</ele><time>2024-07-31T01:52:25Z</time></trkpt><trkpt lat="-39.3635152839" lon="-72.6223895699"><ele>112.64</ele><time>2024-07-31T01:52:26Z</time></trkpt><trkpt lat="-39.3635126855" lon="-72.6223723032"><ele>112.55</ele><time>2024-07-31T01:52:27Z</time></trkpt><trkpt lat="-39.3635131046" lon="-72.6223484986"><ele>112.54</ele><time>2024-07-31T01:52:28Z</time></trkpt><trkpt lat="-39.3635156192" lon="-72.6223200001"><ele>112.53</ele><time>2024-07-31T01:52:29Z</time></trkpt><trkpt lat="-39.3635172956" lon="-72.6222881489"><ele>112.65</ele><time>2024-07-31T01:52:30Z</time></trkpt><trkpt lat="-39.3635213189" lon="-72.6216754317"><ele>113.01</ele><time>2024-07-31T01:52:46Z</time></trkpt><trkpt lat="-39.3634690996" lon="-72.6213877648"><ele>113.08</ele><time>2024-07-31T01:52:57Z</time></trkpt><trkpt lat="-39.3632436264" lon="-72.6211995073"><ele>112.87</ele><time>2024-07-31T01:53:08Z</time></trkpt><trkpt lat="-39.3632312212" lon="-72.6212031953"><ele>112.90</ele><time>2024-07-31T01:53:09Z</time></trkpt><trkpt lat="-39.3632188998" lon="-72.6212117448"><ele>112.88</ele><time>2024-07-31T01:53:10Z</time></trkpt><trkpt lat="-39.3632092606" lon="-72.6212266646"><ele>112.81</ele><time>2024-07-31T01:53:11Z</time></trkpt><trkpt lat="-39.3632028904" lon="-72.6212529000"><ele>112.84</ele><time>2024-07-31T01:53:12Z</time></trkpt><trkpt lat="-39.3632004596" lon="-72.6212855056"><ele>112.96</ele><time>2024-07-31T01:53:13Z</time></trkpt><trkpt lat="-39.3631986994" lon="-72.6213264093"><ele>112.82</ele><time>2024-07-31T01:53:14Z</time></trkpt><trkpt lat="-39.3631471507" lon="-72.6217325963"><ele>112.59</ele><time>2024-07-31T01:53:23Z</time></trkpt><trkpt lat="-39.3631300516" lon="-72.6217442472"><ele>112.61</ele><time>2024-07-31T01:53:24Z</time></trkpt><trkpt lat="-39.3631131202" lon="-72.6217492763"><ele>112.64</ele><time>2024-07-31T01:53:25Z</time></trkpt><trkpt lat="-39.3630941771" lon="-72.6217504498"><ele>112.58</ele><time>2024-07-31T01:53:26Z</time></trkpt><trkpt lat="-39.3630731385" lon="-72.6217507850"><ele>112.63</ele><time>2024-07-31T01:53:27Z</time></trkpt><trkpt lat="-39.3625969626" lon="-72.6217224542"><ele>113.10</ele><time>2024-07-31T01:53:41Z</time></trkpt><trkpt lat="-39.3625551369" lon="-72.6217512880"><ele>112.94</ele><time>2024-07-31T01:53:44Z</time></trkpt><trkpt lat="-39.3625456654" lon="-72.6217873301"><ele>113.16</ele><time>2024-07-31T01:53:45Z</time></trkpt><trkpt lat="-39.3625421450" lon="-72.6218347717"><ele>113.20</ele><time>2024-07-31T01:53:46Z</time></trkpt><trkpt lat="-39.3625361938" lon="-72.6218867395"><ele>113.17</ele><time>2024-07-31T01:53:47Z</time></trkpt><trkpt lat="-39.3625199329" lon="-72.6219356898"><ele>113.18</ele><time>2024-07-31T01:53:48Z</time></trkpt><trkpt lat="-39.3624889199" lon="-72.6219727378"><ele>113.17</ele><time>2024-07-31T01:53:49Z</time></trkpt><trkpt lat="-39.3624465074" lon="-72.6219961233"><ele>113.27</ele><time>2024-07-31T01:53:50Z</time></trkpt><trkpt lat="-39.3623953778" lon="-72.6220088638"><ele>113.32</ele><time>2024-07-31T01:53:51Z</time></trkpt><trkpt lat="-39.3623384647" lon="-72.6220204309"><ele>113.47</ele><time>2024-07-31T01:53:52Z</time></trkpt><trkpt lat="-39.3619808089" lon="-72.6220476720"><ele>113.19</ele><time>2024-07-31T01:53:59Z</time></trkpt><trkpt lat="-39.3619518075" lon="-72.6220192574"><ele>113.11</ele><time>2024-07-31T01:54:00Z</time></trkpt><trkpt lat="-39.3619218841" lon="-72.6219839696"><ele>113.06</ele><time>2024-07-31T01:54:01Z</time></trkpt><trkpt lat="-39.3617694173" lon="-72.6217764337"><ele>113.02</ele><time>2024-07-31T01:54:06Z</time></trkpt><trkpt lat="-39.3617682438" lon="-72.6217374578"><ele>112.90</ele><time>2024-07-31T01:54:07Z</time></trkpt><trkpt lat="-39.3617862649" lon="-72.6217012480"><ele>112.81</ele><time>2024-07-31T01:54:08Z</time></trkpt><trkpt lat="-39.3618207145" lon="-72.6216738392"><ele>112.92</ele><time>2024-07-31T01:54:09Z</time></trkpt><trkpt lat="-39.3618667312" lon="-72.6216567401"><ele>112.84</ele><time>2024-07-31T01:54:10Z</time></trkpt><trkpt lat="-39.3619190343" lon="-72.6216443349"><ele>112.90</ele><time>2024-07-31T01:54:11Z</time></trkpt><trkpt lat="-39.3624689709" lon="-72.6215438358"><ele>113.32</ele><time>2024-07-31T01:54:21Z</time></trkpt><trkpt lat="-39.3625055999" lon="-72.6215087995"><ele>113.14</ele><time>2024-07-31T01:54:23Z</time></trkpt><trkpt lat="-39.3625210226" lon="-72.6214639563"><ele>113.11</ele><time>2024-07-31T01:54:24Z</time></trkpt><trkpt lat="-39.3625309970" lon="-72.6214061212"><ele>113.20</ele><time>2024-07-31T01:54:25Z</time></trkpt><trkpt lat="-39.3625380378" lon="-72.6213370543"><ele>113.33</ele><time>2024-07-31T01:54:26Z</time></trkpt><trkpt lat="-39.3625417259" lon="-72.6212654728"><ele>113.25</ele><time>2024-07-31T01:54:27Z</time></trkpt><trkpt lat="-39.3625431508" lon="-72.6211930532"><ele>113.37</ele><time>2024-07-31T01:54:28Z</time></trkpt><trkpt lat="-39.3625612557" lon="-72.6206770632"><ele>113.18</ele><time>2024-07-31T01:54:35Z</time></trkpt><trkpt lat="-39.3625759240" lon="-72.6206309628"><ele>112.96</ele><time>2024-07-31T01:54:36Z</time></trkpt><trkpt lat="-39.3626073562" lon="-72.6206000336"><ele>112.81</ele><time>2024-07-31T01:54:37Z</time></trkpt><trkpt lat="-39.3626522832" lon="-72.6205831859"><ele>112.77</ele><time>2024-07-31T01:54:38Z</time></trkpt><trkpt lat="-39.3627000600" lon="-72.6205792464"><ele>112.85</ele><time>2024-07-31T01:54:39Z</time></trkpt><trkpt lat="-39.3627536204" lon="-72.6205787435"><ele>112.96</ele><time>2024-07-31T01:54:40Z</time></trkpt><trkpt lat="-39.3636215664" lon="-72.6205986086"><ele>113.23</ele><time>2024-07-31T01:54:56Z</time></trkpt><trkpt lat="-39.3639318645" lon="-72.6205892209"><ele>112.98</ele><time>2024-07-31T01:55:05Z</time></trkpt><trkpt lat="-39.3639893644" lon="-72.6204329822"><ele>113.28</ele><time>2024-07-31T01:55:09Z</time></trkpt><trkpt lat="-39.3639514782" lon="-72.6201436389"><ele>113.61</ele><time>2024-07-31T01:55:15Z</time></trkpt><trkpt lat="-39.3639269192" lon="-72.6201287191"><ele>113.34</ele><time>2024-07-31T01:55:16Z</time></trkpt><trkpt lat="-39.3638986722" lon="-72.6201207563"><ele>113.21</ele><time>2024-07-31T01:55:17Z</time></trkpt><trkpt lat="-39.3638663180" lon="-72.6201163139"><ele>113.26</ele><time>2024-07-31T01:55:18Z</time></trkpt><trkpt lat="-39.3638305273" lon="-72.6201137993"><ele>113.35</ele><time>2024-07-31T01:55:19Z</time></trkpt><trkpt lat="-39.3631810974" lon="-72.6201034058"><ele>113.67</ele><time>2024-07-31T01:55:32Z</time></trkpt><trkpt lat="-39.3626351003" lon="-72.6200803556"><ele>112.04</ele><time>2024-07-31T01:55:45Z</time></trkpt><trkpt lat="-39.3626213539" lon="-72.6200562995"><ele>112.04</ele><time>2024-07-31T01:55:46Z</time></trkpt><trkpt lat="-39.3626137264" lon="-72.6200197544"><ele>111.84</ele><time>2024-07-31T01:55:47Z</time></trkpt><trkpt lat="-39.3626125529" lon="-72.6199748274"><ele>112.05</ele><time>2024-07-31T01:55:48Z</time></trkpt><trkpt lat="-39.3626143131" lon="-72.6199234463"><ele>111.90</ele><time>2024-07-31T01:55:49Z</time></trkpt><trkpt lat="-39.3626531214" lon="-72.6196761802"><ele>111.99</ele><time>2024-07-31T01:55:54Z</time></trkpt><trkpt lat="-39.3626834638" lon="-72.6196494419"><ele>111.74</ele><time>2024-07-31T01:55:55Z</time></trkpt><trkpt lat="-39.3627245352" lon="-72.6196365338"><ele>111.67</ele><time>2024-07-31T01:55:56Z</time></trkpt><trkpt lat="-39.3627734017" lon="-72.6196330972"><ele>111.90</ele><time>2024-07-31T01:55:57Z</time></trkpt><trkpt lat="-39.3628281355" lon="-72.6196325943"><ele>112.19</ele><time>2024-07-31T01:55:58Z</time></trkpt><trkpt lat="-39.3637120910" lon="-72.6196418982"><ele>113.36</ele><time>2024-07-31T01:56:15Z</time></trkpt><trkpt lat="-39.3639751151" lon="-72.6196104661"><ele>112.96</ele><time>2024-07-31T01:56:24Z</time></trkpt><trkpt lat="-39.3639992550" lon="-72.6194710750"><ele>113.24</ele><time>2024-07-31T01:56:27Z</time></trkpt><trkpt lat="-39.3639923818" lon="-72.6192470267"><ele>113.62</ele><time>2024-07-31T01:56:31Z</time></trkpt><trkpt lat="-39.3639730196" lon="-72.6192168519"><ele>113.57</ele><time>2024-07-31T01:56:32Z</time></trkpt><trkpt lat="-39.3639473710" lon="-72.6192028541"><ele>113.54</ele><time>2024-07-31T01:56:33Z</time></trkpt><trkpt lat="-39.3639124185" lon="-72.6191970706"><ele>113.35</ele><time>2024-07-31T01:56:34Z</time></trkpt><trkpt lat="-39.3638675753" lon="-72.6191918738"><ele>113.49</ele><time>2024-07-31T01:56:35Z</time></trkpt><trkpt lat="-39.3633273616" lon="-72.6191998366"><ele>112.95</ele><time>2024-07-31T01:56:45Z</time></trkpt><trkpt lat="-39.3629671913" lon="-72.6191658061"><ele>112.26</ele><time>2024-07-31T01:56:55Z</time></trkpt><trkpt lat="-39.3627345935" lon="-72.6191584300"><ele>111.87</ele><time>2024-07-31T01:57:04Z</time></trkpt><trkpt lat="-39.3627224397" lon="-72.6191445999"><ele>111.73</ele><time>2024-07-31T01:57:05Z</time></trkpt><trkpt lat="-39.3627142254" lon="-72.6191178616"><ele>111.68</ele><time>2024-07-31T01:57:06Z</time></trkpt><trkpt lat="-39.3627147283" lon="-72.6190782152"><ele>111.81</ele><time>2024-07-31T01:57:07Z</time></trkpt><trkpt lat="-39.3627241999" lon="-72.6190349646"><ele>111.80</ele><time>2024-07-31T01:57:08Z</time></trkpt><trkpt lat="-39.3627386168" lon="-72.6189891156"><ele>111.82</ele><time>2024-07-31T01:57:09Z</time></trkpt><trkpt lat="-39.3627549615" lon="-72.6189385727"><ele>111.91</ele><time>2024-07-31T01:57:10Z</time></trkpt><trkpt lat="-39.3628185801" lon="-72.6187897939"><ele>112.05</ele><time>2024-07-31T01:57:13Z</time></trkpt><trkpt lat="-39.3628489226" lon="-72.6187560149"><ele>112.12</ele><time>2024-07-31T01:57:14Z</time></trkpt><trkpt lat="-39.3628842942" lon="-72.6187311206"><ele>112.08</ele><time>2024-07-31T01:57:15Z</time></trkpt><trkpt lat="-39.3629198335" lon="-72.6187187992"><ele>112.03</ele><time>2024-07-31T01:57:16Z</time></trkpt><trkpt lat="-39.3629562110" lon="-72.6187154464"><ele>112.04</ele><time>2024-07-31T01:57:17Z</time></trkpt><trkpt lat="-39.3629937619" lon="-72.6187152788"><ele>112.28</ele><time>2024-07-31T01:57:18Z</time></trkpt><trkpt lat="-39.3630350847" lon="-72.6187173743"><ele>112.29</ele><time>2024-07-31T01:57:19Z</time></trkpt><trkpt lat="-39.3638079800" lon="-72.6187389996"><ele>112.99</ele><time>2024-07-31T01:57:36Z</time></trkpt><trkpt lat="-39.3639518134" lon="-72.6187431905"><ele>112.83</ele><time>2024-07-31T01:57:42Z</time></trkpt><trkpt lat="-39.3639666494" lon="-72.6187287737"><ele>112.87</ele><time>2024-07-31T01:57:43Z</time></trkpt><trkpt lat="-39.3639816530" lon="-72.6187027898"><ele>112.82</ele><time>2024-07-31T01:57:44Z</time></trkpt><trkpt lat="-39.3639942259" lon="-72.6186658256"><ele>112.91</ele><time>2024-07-31T01:57:45Z</time></trkpt><trkpt lat="-39.3640032783" lon="-72.6186206471"><ele>113.01</ele><time>2024-07-31T01:57:46Z</time></trkpt><trkpt lat="-39.3640094809" lon="-72.6185680088"><ele>112.93</ele><time>2024-07-31T01:57:47Z</time></trkpt><trkpt lat="-39.3640135881" lon="-72.6185121853"><ele>113.19</ele><time>2024-07-31T01:57:48Z</time></trkpt><trkpt lat="-39.3640150130" lon="-72.6184612233"><ele>113.12</ele><time>2024-07-31T01:57:49Z</time></trkpt><trkpt lat="-39.3639966566" lon="-72.6183504984"><ele>113.02</ele><time>2024-07-31T01:57:52Z</time></trkpt><trkpt lat="-39.3639768753" lon="-72.6183291245"><ele>113.13</ele><time>2024-07-31T01:57:53Z</time></trkpt><trkpt lat="-39.3639503885" lon="-72.6183174737"><ele>113.08</ele><time>2024-07-31T01:57:54Z</time></trkpt><trkpt lat="-39.3639176153" lon="-72.6183108520"><ele>112.95</ele><time>2024-07-31T01:57:55Z</time></trkpt><trkpt lat="-39.3638816569" lon="-72.6183064096"><ele>112.95</ele><time>2024-07-31T01:57:56Z</time></trkpt><trkpt lat="-39.3638456147" lon="-72.6183034759"><ele>113.02</ele><time>2024-07-31T01:57:57Z</time></trkpt><trkpt lat="-39.3631629925" lon="-72.6183016319"><ele>112.31</ele><time>2024-07-31T01:58:13Z</time></trkpt><trkpt lat="-39.3631439656" lon="-72.6182927471"><ele>112.11</ele><time>2024-07-31T01:58:14Z</time></trkpt><trkpt lat="-39.3631298002" lon="-72.6182750612"><ele>112.04</ele><time>2024-07-31T01:58:15Z</time></trkpt><trkpt lat="-39.3631220888" lon="-72.6182504185"><ele>112.02</ele><time>2024-07-31T01:58:16Z</time></trkpt><trkpt lat="-39.3631229270" lon="-72.6182190701"><ele>111.84</ele><time>2024-07-31T01:58:17Z</time></trkpt><trkpt lat="-39.3631337397" lon="-72.6181805972"><ele>111.87</ele><time>2024-07-31T01:58:18Z</time></trkpt><trkpt lat="-39.3631505873" lon="-72.6181386039"><ele>112.13</ele><time>2024-07-31T01:58:19Z</time></trkpt><trkpt lat="-39.3631691113" lon="-72.6180923358"><ele>112.21</ele><time>2024-07-31T01:58:20Z</time></trkpt><trkpt lat="-39.3634274416" lon="-72.6178291440"><ele>112.30</ele><time>2024-07-31T01:58:30Z</time></trkpt><trkpt lat="-39.3639328703" lon="-72.6178618334"><ele>112.93</ele><time>2024-07-31T01:58:43Z</time></trkpt><trkpt lat="-39.3639746122" lon="-72.6178459078"><ele>112.76</ele><time>2024-07-31T01:58:46Z</time></trkpt><trkpt lat="-39.3639893644" lon="-72.6178249530"><ele>112.76</ele><time>2024-07-31T01:58:47Z</time></trkpt><trkpt lat="-39.3640026916" lon="-72.6177911740"><ele>112.89</ele><time>2024-07-31T01:58:48Z</time></trkpt><trkpt lat="-39.3640124984" lon="-72.6177493483"><ele>112.81</ele><time>2024-07-31T01:58:49Z</time></trkpt><trkpt lat="-39.3640192878" lon="-72.6177003980"><ele>112.94</ele><time>2024-07-31T01:58:50Z</time></trkpt><trkpt lat="-39.3640243169" lon="-72.6176441554"><ele>113.01</ele><time>2024-07-31T01:58:51Z</time></trkpt><trkpt lat="-39.3640272506" lon="-72.6175873261"><ele>113.01</ele><time>2024-07-31T01:58:52Z</time></trkpt><trkpt lat="-39.3639891967" lon="-72.6174450014"><ele>113.11</ele><time>2024-07-31T01:58:56Z</time></trkpt><trkpt lat="-39.3639653921" lon="-72.6174364518"><ele>113.01</ele><time>2024-07-31T01:58:57Z</time></trkpt><trkpt lat="-39.3639342953" lon="-72.6174337696"><ele>112.93</ele><time>2024-07-31T01:58:58Z</time></trkpt><trkpt lat="-39.3634839356" lon="-72.6174193528"><ele>112.36</ele><time>2024-07-31T01:59:10Z</time></trkpt><trkpt lat="-39.3634607177" lon="-72.6173856575"><ele>112.31</ele><time>2024-07-31T01:59:12Z</time></trkpt><trkpt lat="-39.3634566944" lon="-72.6173590869"><ele>112.20</ele><time>2024-07-31T01:59:13Z</time></trkpt><trkpt lat="-39.3634597119" lon="-72.6173249725"><ele>112.37</ele><time>2024-07-31T01:59:14Z</time></trkpt><trkpt lat="-39.3634672556" lon="-72.6172833983"><ele>112.24</ele><time>2024-07-31T01:59:15Z</time></trkpt><trkpt lat="-39.3634773139" lon="-72.6172393933"><ele>112.44</ele><time>2024-07-31T01:59:16Z</time></trkpt><trkpt lat="-39.3635421898" lon="-72.6170601882"><ele>112.49</ele><time>2024-07-31T01:59:20Z</time></trkpt><trkpt lat="-39.3635695148" lon="-72.6170217991"><ele>112.47</ele><time>2024-07-31T01:59:21Z</time></trkpt><trkpt lat="-39.3636056408" lon="-72.6169900317"><ele>112.54</ele><time>2024-07-31T01:59:22Z</time></trkpt><trkpt lat="-39.3636473827" lon="-72.6169695798"><ele>112.62</ele><time>2024-07-31T01:59:23Z</time></trkpt><trkpt lat="-39.3636916392" lon="-72.6169604436"><ele>112.72</ele><time>2024-07-31T01:59:24Z</time></trkpt><trkpt lat="-39.3637385778" lon="-72.6169610303"><ele>112.66</ele><time>2024-07-31T01:59:25Z</time></trkpt><trkpt lat="-39.3637867738" lon="-72.6169661433"><ele>112.77</ele><time>2024-07-31T01:59:26Z</time></trkpt><trkpt lat="-39.3639262486" lon="-72.6169787161"><ele>112.87</ele><time>2024-07-31T01:59:29Z</time></trkpt><trkpt lat="-39.3639639672" lon="-72.6169923786"><ele>112.71</ele><time>2024-07-31T01:59:30Z</time></trkpt><trkpt lat="-39.3639944773" lon="-72.6170193683"><ele>112.88</ele><time>2024-07-31T01:59:31Z</time></trkpt><trkpt lat="-39.3640126660" lon="-72.6170601882"><ele>112.85</ele><time>2024-07-31T01:59:32Z</time></trkpt><trkpt lat="-39.3640192878" lon="-72.6171114855"><ele>112.98</ele><time>2024-07-31T01:59:33Z</time></trkpt><trkpt lat="-39.3640204612" lon="-72.6171673089"><ele>112.99</ele><time>2024-07-31T01:59:34Z</time></trkpt><trkpt lat="-39.3640208803" lon="-72.6172298379"><ele>112.99</ele><time>2024-07-31T01:59:35Z</time></trkpt><trkpt lat="-39.3639977463" lon="-72.6183932461"><ele>113.11</ele><time>2024-07-31T01:59:48Z</time></trkpt><trkpt lat="-39.3639779650" lon="-72.6200575568"><ele>112.43</ele><time>2024-07-31T02:00:05Z</time></trkpt><trkpt lat="-39.3639284279" lon="-72.6214147545"><ele>111.55</ele><time>2024-07-31T02:00:21Z</time></trkpt><trkpt lat="-39.3639145978" lon="-72.6214886829"><ele>111.55</ele><time>2024-07-31T02:00:22Z</time></trkpt><trkpt lat="-39.3638515659" lon="-72.6225341577"><ele>111.05</ele><time>2024-07-31T02:00:36Z</time></trkpt><trkpt lat="-39.3638225645" lon="-72.6242601592"><ele>110.74</ele><time>2024-07-31T02:00:54Z</time></trkpt><trkpt lat="-39.3637902942" lon="-72.6246080082"><ele>111.85</ele><time>2024-07-31T02:01:01Z</time></trkpt><trkpt lat="-39.3637937307" lon="-72.6246862952"><ele>112.14</ele><time>2024-07-31T02:01:03Z</time></trkpt><trkpt lat="-39.3638115004" lon="-72.6247320604"><ele>112.16</ele><time>2024-07-31T02:01:04Z</time></trkpt><trkpt lat="-39.3638401665" lon="-72.6247846987"><ele>112.26</ele><time>2024-07-31T02:01:05Z</time></trkpt><trkpt lat="-39.3638778012" lon="-72.6248436235"><ele>112.18</ele><time>2024-07-31T02:01:06Z</time></trkpt><trkpt lat="-39.3639197107" lon="-72.6249068230"><ele>112.25</ele><time>2024-07-31T02:01:07Z</time></trkpt><trkpt lat="-39.3641164340" lon="-72.6251928136"><ele>112.30</ele><time>2024-07-31T02:01:12Z</time></trkpt><trkpt lat="-39.3641554099" lon="-72.6252155285"><ele>112.36</ele><time>2024-07-31T02:01:13Z</time></trkpt><trkpt lat="-39.3641905300" lon="-72.6252155285"><ele>112.15</ele><time>2024-07-31T02:01:14Z</time></trkpt><trkpt lat="-39.3642168492" lon="-72.6251943223"><ele>112.01</ele><time>2024-07-31T02:01:15Z</time></trkpt><trkpt lat="-39.3642351218" lon="-72.6251557656"><ele>111.78</ele><time>2024-07-31T02:01:16Z</time></trkpt><trkpt lat="-39.3642422464" lon="-72.6251125149"><ele>111.66</ele><time>2024-07-31T02:01:17Z</time></trkpt><trkpt lat="-39.3642443419" lon="-72.6250624750"><ele>111.38</ele><time>2024-07-31T02:01:18Z</time></trkpt><trkpt lat="-39.3642448448" lon="-72.6250073221"><ele>111.13</ele><time>2024-07-31T02:01:19Z</time></trkpt><trkpt lat="-39.3642564118" lon="-72.6241547149"><ele>111.11</ele><time>2024-07-31T02:01:32Z</time></trkpt><trkpt lat="-39.3642820604" lon="-72.6230544224"><ele>111.27</ele><time>2024-07-31T02:01:52Z</time></trkpt><trkpt lat="-39.3642813060" lon="-72.6223976165"><ele>111.26</ele><time>2024-07-31T02:02:04Z</time></trkpt><trkpt lat="-39.3643222097" lon="-72.6208882872"><ele>111.42</ele><time>2024-07-31T02:02:21Z</time></trkpt><trkpt lat="-39.3643357884" lon="-72.6189596113"><ele>111.55</ele><time>2024-07-31T02:02:39Z</time></trkpt><trkpt lat="-39.3643719982" lon="-72.6172634494"><ele>111.15</ele><time>2024-07-31T02:02:56Z</time></trkpt><trkpt lat="-39.3643642869" lon="-72.6155382022"><ele>114.20</ele><time>2024-07-31T02:03:13Z</time></trkpt><trkpt lat="-39.3643885944" lon="-72.6145982556"><ele>116.61</ele><time>2024-07-31T02:03:25Z</time></trkpt><trkpt lat="-39.3644023407" lon="-72.6143488940"><ele>118.57</ele><time>2024-07-31T02:03:28Z</time></trkpt><trkpt lat="-39.3644170091" lon="-72.6138166431"><ele>119.58</ele><time>2024-07-31T02:03:34Z</time></trkpt><trkpt lat="-39.3645022530" lon="-72.6134837978"><ele>120.92</ele><time>2024-07-31T02:03:38Z</time></trkpt><trkpt lat="-39.3645307515" lon="-72.6127638761"><ele>124.79</ele><time>2024-07-31T02:03:47Z</time></trkpt><trkpt lat="-39.3645410612" lon="-72.6120360754"><ele>125.43</ele><time>2024-07-31T02:03:56Z</time></trkpt><trkpt lat="-39.3647198472" lon="-72.6118099317"><ele>126.12</ele><time>2024-07-31T02:04:02Z</time></trkpt><trkpt lat="-39.3653038982" lon="-72.6114880666"><ele>129.29</ele><time>2024-07-31T02:04:14Z</time></trkpt><trkpt lat="-39.3655016273" lon="-72.6116475742"><ele>130.27</ele><time>2024-07-31T02:04:22Z</time></trkpt><trkpt lat="-39.3654964305" lon="-72.6117096841"><ele>130.56</ele><time>2024-07-31T02:04:23Z</time></trkpt><trkpt lat="-39.3653075863" lon="-72.6119846106"><ele>129.95</ele><time>2024-07-31T02:04:32Z</time></trkpt><trkpt lat="-39.3648975436" lon="-72.6122232433"><ele>126.92</ele><time>2024-07-31T02:04:44Z</time></trkpt><trkpt lat="-39.3645898439" lon="-72.6123863552"><ele>124.62</ele><time>2024-07-31T02:04:55Z</time></trkpt><trkpt lat="-39.3645754270" lon="-72.6124023646"><ele>124.52</ele><time>2024-07-31T02:04:56Z</time></trkpt><trkpt lat="-39.3645554781" lon="-72.6128039416"><ele>124.30</ele><time>2024-07-31T02:05:04Z</time></trkpt><trkpt lat="-39.3646510318" lon="-72.6128239743"><ele>124.24</ele><time>2024-07-31T02:05:08Z</time></trkpt><trkpt lat="-39.3650941830" lon="-72.6125891134"><ele>127.67</ele><time>2024-07-31T02:05:17Z</time></trkpt><trkpt lat="-39.3654264417" lon="-72.6124039572"><ele>129.75</ele><time>2024-07-31T02:05:27Z</time></trkpt><trkpt lat="-39.3654826004" lon="-72.6124873571"><ele>129.37</ele><time>2024-07-31T02:05:32Z</time></trkpt><trkpt lat="-39.3654893897" lon="-72.6125729363"><ele>129.00</ele><time>2024-07-31T02:05:34Z</time></trkpt><trkpt lat="-39.3654671777" lon="-72.6128458511"><ele>127.51</ele><time>2024-07-31T02:05:39Z</time></trkpt><trkpt lat="-39.3651129585" lon="-72.6130644511"><ele>125.72</ele><time>2024-07-31T02:05:50Z</time></trkpt><trkpt lat="-39.3646840565" lon="-72.6133019943"><ele>123.03</ele><time>2024-07-31T02:05:58Z</time></trkpt><trkpt lat="-39.3644999061" lon="-72.6135041658"><ele>121.32</ele><time>2024-07-31T02:06:06Z</time></trkpt><trkpt lat="-39.3644426577" lon="-72.6136744022"><ele>120.76</ele><time>2024-07-31T02:06:09Z</time></trkpt><trkpt lat="-39.3645664584" lon="-72.6138426270"><ele>120.29</ele><time>2024-07-31T02:06:16Z</time></trkpt><trkpt lat="-39.3649923429" lon="-72.6136127114"><ele>123.79</ele><time>2024-07-31T02:06:25Z</time></trkpt><trkpt lat="-39.3654469773" lon="-72.6133699715"><ele>127.14</ele><time>2024-07-31T02:06:35Z</time></trkpt><trkpt lat="-39.3656083290" lon="-72.6132889185"><ele>127.74</ele><time>2024-07-31T02:06:38Z</time></trkpt><trkpt lat="-39.3658685032" lon="-72.6128261536"><ele>130.81</ele><time>2024-07-31T02:06:48Z</time></trkpt><trkpt lat="-39.3658750411" lon="-72.6119646616"><ele>129.99</ele><time>2024-07-31T02:06:59Z</time></trkpt><trkpt lat="-39.3658808246" lon="-72.6119178068"><ele>129.68</ele><time>2024-07-31T02:07:00Z</time></trkpt><trkpt lat="-39.3659339659" lon="-72.6118465606"><ele>128.49</ele><time>2024-07-31T02:07:03Z</time></trkpt><trkpt lat="-39.3659643084" lon="-72.6118514221"><ele>128.14</ele><time>2024-07-31T02:07:04Z</time></trkpt><trkpt lat="-39.3659954052" lon="-72.6118728798"><ele>127.79</ele><time>2024-07-31T02:07:05Z</time></trkpt><trkpt lat="-39.3660257477" lon="-72.6119055692"><ele>127.63</ele><time>2024-07-31T02:07:06Z</time></trkpt><trkpt lat="-39.3660599459" lon="-72.6119452156"><ele>127.42</ele><time>2024-07-31T02:07:07Z</time></trkpt><trkpt lat="-39.3665102217" lon="-72.6123582758"><ele>124.26</ele><time>2024-07-31T02:07:17Z</time></trkpt><trkpt lat="-39.3668558076" lon="-72.6125912927"><ele>121.24</ele><time>2024-07-31T02:07:26Z</time></trkpt><trkpt lat="-39.3668940291" lon="-72.6126180310"><ele>120.71</ele><time>2024-07-31T02:07:36Z</time></trkpt><trkpt lat="-39.3669378664" lon="-72.6126457751"><ele>120.59</ele><time>2024-07-31T02:07:39Z</time></trkpt><trkpt lat="-39.3673358392" lon="-72.6128964778"><ele>118.75</ele><time>2024-07-31T02:07:48Z</time></trkpt><trkpt lat="-39.3675125297" lon="-72.6130150817"><ele>116.82</ele><time>2024-07-31T02:07:52Z</time></trkpt><trkpt lat="-39.3678916432" lon="-72.6133128069"><ele>115.35</ele><time>2024-07-31T02:07:59Z</time></trkpt><trkpt lat="-39.3679143582" lon="-72.6133446582"><ele>115.12</ele><time>2024-07-31T02:08:00Z</time></trkpt><trkpt lat="-39.3679246679" lon="-72.6133730728"><ele>114.84</ele><time>2024-07-31T02:08:01Z</time></trkpt><trkpt lat="-39.3679260928" lon="-72.6134019904"><ele>114.68</ele><time>2024-07-31T02:08:02Z</time></trkpt><trkpt lat="-39.3679184653" lon="-72.6134319976"><ele>114.46</ele><time>2024-07-31T02:08:03Z</time></trkpt><trkpt lat="-39.3678991869" lon="-72.6134614181"><ele>114.33</ele><time>2024-07-31T02:08:04Z</time></trkpt><trkpt lat="-39.3678724486" lon="-72.6134914253"><ele>114.32</ele><time>2024-07-31T02:08:05Z</time></trkpt><trkpt lat="-39.3678421900" lon="-72.6135219354"><ele>114.15</ele><time>2024-07-31T02:08:06Z</time></trkpt><trkpt lat="-39.3676236738" lon="-72.6137290522"><ele>113.49</ele><time>2024-07-31T02:08:13Z</time></trkpt><trkpt lat="-39.3676216621" lon="-72.6137546171"><ele>113.29</ele><time>2024-07-31T02:08:14Z</time></trkpt><trkpt lat="-39.3676256016" lon="-72.6137728896"><ele>113.26</ele><time>2024-07-31T02:08:15Z</time></trkpt><trkpt lat="-39.3676349893" lon="-72.6137888152"><ele>113.11</ele><time>2024-07-31T02:08:16Z</time></trkpt><trkpt lat="-39.3676490709" lon="-72.6138096862"><ele>112.81</ele><time>2024-07-31T02:08:17Z</time></trkpt><trkpt lat="-39.3676654156" lon="-72.6138397772"><ele>112.72</ele><time>2024-07-31T02:08:18Z</time></trkpt><trkpt lat="-39.3679143582" lon="-72.6143282745"><ele>113.57</ele><time>2024-07-31T02:08:29Z</time></trkpt><trkpt lat="-39.3679349776" lon="-72.6144253369"><ele>113.32</ele><time>2024-07-31T02:08:34Z</time></trkpt><trkpt lat="-39.3679203093" lon="-72.6144568529"><ele>113.33</ele><time>2024-07-31T02:08:35Z</time></trkpt><trkpt lat="-39.3678949121" lon="-72.6144864410"><ele>113.40</ele><time>2024-07-31T02:08:36Z</time></trkpt><trkpt lat="-39.3676674273" lon="-72.6146643050"><ele>113.13</ele><time>2024-07-31T02:08:45Z</time></trkpt><trkpt lat="-39.3676530942" lon="-72.6146594435"><ele>113.03</ele><time>2024-07-31T02:08:46Z</time></trkpt><trkpt lat="-39.3676389288" lon="-72.6146490499"><ele>113.13</ele><time>2024-07-31T02:08:47Z</time></trkpt><trkpt lat="-39.3676263560" lon="-72.6146337111"><ele>113.21</ele><time>2024-07-31T02:08:48Z</time></trkpt><trkpt lat="-39.3676155433" lon="-72.6146166958"><ele>113.25</ele><time>2024-07-31T02:08:49Z</time></trkpt><trkpt lat="-39.3675976060" lon="-72.6146090683"><ele>113.15</ele><time>2024-07-31T02:09:03Z</time></trkpt><trkpt lat="-39.3674406130" lon="-72.6143216528"><ele>113.22</ele><time>2024-07-31T02:09:13Z</time></trkpt><trkpt lat="-39.3672887329" lon="-72.6140602212"><ele>113.16</ele><time>2024-07-31T02:09:23Z</time></trkpt><trkpt lat="-39.3672661018" lon="-72.6140610594"><ele>113.26</ele><time>2024-07-31T02:09:24Z</time></trkpt><trkpt lat="-39.3672382738" lon="-72.6140714530"><ele>113.31</ele><time>2024-07-31T02:09:25Z</time></trkpt><trkpt lat="-39.3669513613" lon="-72.6143358182"><ele>113.57</ele><time>2024-07-31T02:09:34Z</time></trkpt><trkpt lat="-39.3669141456" lon="-72.6143628079"><ele>113.59</ele><time>2024-07-31T02:09:35Z</time></trkpt><trkpt lat="-39.3668750860" lon="-72.6143834274"><ele>113.83</ele><time>2024-07-31T02:09:36Z</time></trkpt><trkpt lat="-39.3665867485" lon="-72.6145954896"><ele>114.77</ele><time>2024-07-31T02:09:46Z</time></trkpt><trkpt lat="-39.3665850721" lon="-72.6146135945"><ele>114.95</ele><time>2024-07-31T02:09:47Z</time></trkpt><trkpt lat="-39.3665874191" lon="-72.6146312803"><ele>114.89</ele><time>2024-07-31T02:09:48Z</time></trkpt><trkpt lat="-39.3665936217" lon="-72.6146513131"><ele>114.83</ele><time>2024-07-31T02:09:49Z</time></trkpt><trkpt lat="-39.3666034285" lon="-72.6146767102"><ele>114.89</ele><time>2024-07-31T02:09:50Z</time></trkpt><trkpt lat="-39.3666172586" lon="-72.6147078909"><ele>114.87</ele><time>2024-07-31T02:09:51Z</time></trkpt><trkpt lat="-39.3668893352" lon="-72.6152179297"><ele>113.82</ele><time>2024-07-31T02:10:00Z</time></trkpt><trkpt lat="-39.3669153191" lon="-72.6153832208"><ele>112.24</ele><time>2024-07-31T02:10:06Z</time></trkpt><trkpt lat="-39.3668889161" lon="-72.6154162455"><ele>112.33</ele><time>2024-07-31T02:10:07Z</time></trkpt><trkpt lat="-39.3666336872" lon="-72.6156304032"><ele>112.17</ele><time>2024-07-31T02:10:14Z</time></trkpt><trkpt lat="-39.3666137382" lon="-72.6156240329"><ele>112.09</ele><time>2024-07-31T02:10:15Z</time></trkpt><trkpt lat="-39.3665928673" lon="-72.6156059280"><ele>112.05</ele><time>2024-07-31T02:10:16Z</time></trkpt><trkpt lat="-39.3665706553" lon="-72.6155771781"><ele>112.34</ele><time>2024-07-31T02:10:17Z</time></trkpt><trkpt lat="-39.3665481918" lon="-72.6155419741"><ele>112.62</ele><time>2024-07-31T02:10:18Z</time></trkpt><trkpt lat="-39.3665265664" lon="-72.6155028306"><ele>113.03</ele><time>2024-07-31T02:10:19Z</time></trkpt><trkpt lat="-39.3662147596" lon="-72.6149465237"><ele>116.31</ele><time>2024-07-31T02:10:31Z</time></trkpt><trkpt lat="-39.3659904599" lon="-72.6145389955"><ele>118.69</ele><time>2024-07-31T02:10:41Z</time></trkpt><trkpt lat="-39.3657241669" lon="-72.6141131949"><ele>120.92</ele><time>2024-07-31T02:10:52Z</time></trkpt><trkpt lat="-39.3655723706" lon="-72.6138300542"><ele>122.33</ele><time>2024-07-31T02:11:00Z</time></trkpt><trkpt lat="-39.3655380886" lon="-72.6138137933"><ele>122.43</ele><time>2024-07-31T02:11:02Z</time></trkpt><trkpt lat="-39.3655095901" lon="-72.6138183195"><ele>122.52</ele><time>2024-07-31T02:11:03Z</time></trkpt><trkpt lat="-39.3654792476" lon="-72.6138338260"><ele>122.47</ele><time>2024-07-31T02:11:04Z</time></trkpt><trkpt lat="-39.3654477317" lon="-72.6138578821"><ele>122.53</ele><time>2024-07-31T02:11:05Z</time></trkpt><trkpt lat="-39.3654138688" lon="-72.6138879731"><ele>122.41</ele><time>2024-07-31T02:11:06Z</time></trkpt><trkpt lat="-39.3653020542" lon="-72.6140272804"><ele>122.21</ele><time>2024-07-31T02:11:10Z</time></trkpt><trkpt lat="-39.3653019704" lon="-72.6140633225"><ele>122.29</ele><time>2024-07-31T02:11:11Z</time></trkpt><trkpt lat="-39.3653109390" lon="-72.6140939165"><ele>122.18</ele><time>2024-07-31T02:11:12Z</time></trkpt><trkpt lat="-39.3653254397" lon="-72.6141229179"><ele>121.89</ele><time>2024-07-31T02:11:13Z</time></trkpt><trkpt lat="-39.3653439637" lon="-72.6141537633"><ele>121.91</ele><time>2024-07-31T02:11:14Z</time></trkpt><trkpt lat="-39.3656446226" lon="-72.6146986708"><ele>119.31</ele><time>2024-07-31T02:11:26Z</time></trkpt><trkpt lat="-39.3656728696" lon="-72.6147450227"><ele>118.50</ele><time>2024-07-31T02:11:35Z</time></trkpt><trkpt lat="-39.3657165393" lon="-72.6147959009"><ele>118.47</ele><time>2024-07-31T02:11:38Z</time></trkpt><trkpt lat="-39.3657323811" lon="-72.6148149278"><ele>118.46</ele><time>2024-07-31T02:11:39Z</time></trkpt><trkpt lat="-39.3660097383" lon="-72.6152983122"><ele>115.71</ele><time>2024-07-31T02:11:49Z</time></trkpt><trkpt lat="-39.3662926275" lon="-72.6157987118"><ele>112.62</ele><time>2024-07-31T02:11:58Z</time></trkpt><trkpt lat="-39.3663326930" lon="-72.6158844586"><ele>111.50</ele><time>2024-07-31T02:12:01Z</time></trkpt><trkpt lat="-39.3663314357" lon="-72.6159109455"><ele>111.29</ele><time>2024-07-31T02:12:02Z</time></trkpt><trkpt lat="-39.3663207907" lon="-72.6159393601"><ele>111.11</ele><time>2024-07-31T02:12:03Z</time></trkpt><trkpt lat="-39.3662983272" lon="-72.6159723010"><ele>111.12</ele><time>2024-07-31T02:12:04Z</time></trkpt><trkpt lat="-39.3662666436" lon="-72.6160065830"><ele>111.11</ele><time>2024-07-31T02:12:05Z</time></trkpt><trkpt lat="-39.3662287574" lon="-72.6160428766"><ele>111.28</ele><time>2024-07-31T02:12:06Z</time></trkpt><trkpt lat="-39.3660852592" lon="-72.6161498297"><ele>111.18</ele><time>2024-07-31T02:12:10Z</time></trkpt><trkpt lat="-39.3660626281" lon="-72.6161430404"><ele>110.99</ele><time>2024-07-31T02:12:11Z</time></trkpt><trkpt lat="-39.3660404999" lon="-72.6161259413"><ele>111.03</ele><time>2024-07-31T02:12:12Z</time></trkpt><trkpt lat="-39.3660163600" lon="-72.6160965208"><ele>111.50</ele><time>2024-07-31T02:12:13Z</time></trkpt><trkpt lat="-39.3659936450" lon="-72.6160590537"><ele>111.38</ele><time>2024-07-31T02:12:14Z</time></trkpt><trkpt lat="-39.3659722712" lon="-72.6160154678"><ele>111.90</ele><time>2024-07-31T02:12:15Z</time></trkpt><trkpt lat="-39.3659514841" lon="-72.6159650926"><ele>112.14</ele><time>2024-07-31T02:12:16Z</time></trkpt><trkpt lat="-39.3659301102" lon="-72.6159139629"><ele>112.41</ele><time>2024-07-31T02:12:17Z</time></trkpt><trkpt lat="-39.3658825848" lon="-72.6158469077"><ele>112.63</ele><time>2024-07-31T02:12:19Z</time></trkpt><trkpt lat="-39.3658553436" lon="-72.6158438064"><ele>112.66</ele><time>2024-07-31T02:12:20Z</time></trkpt><trkpt lat="-39.3658244982" lon="-72.6158567145"><ele>112.60</ele><time>2024-07-31T02:12:21Z</time></trkpt><trkpt lat="-39.3657901324" lon="-72.6158826984"><ele>112.75</ele><time>2024-07-31T02:12:22Z</time></trkpt><trkpt lat="-39.3657512404" lon="-72.6159164775"><ele>112.59</ele><time>2024-07-31T02:12:23Z</time></trkpt><trkpt lat="-39.3655860331" lon="-72.6160760690"><ele>112.26</ele><time>2024-07-31T02:12:28Z</time></trkpt><trkpt lat="-39.3655850273" lon="-72.6161117759"><ele>112.12</ele><time>2024-07-31T02:12:29Z</time></trkpt><trkpt lat="-39.3655914813" lon="-72.6161476504"><ele>112.03</ele><time>2024-07-31T02:12:30Z</time></trkpt><trkpt lat="-39.3656043895" lon="-72.6161837764"><ele>111.88</ele><time>2024-07-31T02:12:31Z</time></trkpt><trkpt lat="-39.3656222429" lon="-72.6162187289"><ele>111.80</ele><time>2024-07-31T02:12:32Z</time></trkpt><trkpt lat="-39.3656424433" lon="-72.6162540168"><ele>111.51</ele><time>2024-07-31T02:12:33Z</time></trkpt><trkpt lat="-39.3657319620" lon="-72.6164396759"><ele>110.93</ele><time>2024-07-31T02:12:39Z</time></trkpt><trkpt lat="-39.3657305371" lon="-72.6164694317"><ele>110.75</ele><time>2024-07-31T02:12:40Z</time></trkpt><trkpt lat="-39.3657198921" lon="-72.6165020373"><ele>110.64</ele><time>2024-07-31T02:12:41Z</time></trkpt><trkpt lat="-39.3656968419" lon="-72.6165343076"><ele>110.83</ele><time>2024-07-31T02:12:42Z</time></trkpt><trkpt lat="-39.3656665832" lon="-72.6165649854"><ele>110.82</ele><time>2024-07-31T02:12:43Z</time></trkpt><trkpt lat="-39.3656309601" lon="-72.6165990159"><ele>110.93</ele><time>2024-07-31T02:12:44Z</time></trkpt><trkpt lat="-39.3655118532" lon="-72.6166981738"><ele>110.92</ele><time>2024-07-31T02:12:47Z</time></trkpt><trkpt lat="-39.3654763978" lon="-72.6167021133"><ele>110.69</ele><time>2024-07-31T02:12:48Z</time></trkpt><trkpt lat="-39.3654479831" lon="-72.6166866906"><ele>110.59</ele><time>2024-07-31T02:12:49Z</time></trkpt><trkpt lat="-39.3654232565" lon="-72.6166577730"><ele>110.67</ele><time>2024-07-31T02:12:50Z</time></trkpt><trkpt lat="-39.3653966859" lon="-72.6166182943"><ele>110.65</ele><time>2024-07-31T02:12:51Z</time></trkpt><trkpt lat="-39.3650689535" lon="-72.6160448045"><ele>112.24</ele><time>2024-07-31T02:13:00Z</time></trkpt><trkpt lat="-39.3650637567" lon="-72.6159914955"><ele>112.13</ele><time>2024-07-31T02:13:01Z</time></trkpt><trkpt lat="-39.3650776707" lon="-72.6159438025"><ele>112.01</ele><time>2024-07-31T02:13:02Z</time></trkpt><trkpt lat="-39.3651074264" lon="-72.6159028988"><ele>112.02</ele><time>2024-07-31T02:13:03Z</time></trkpt><trkpt lat="-39.3651443906" lon="-72.6158659346"><ele>112.05</ele><time>2024-07-31T02:13:04Z</time></trkpt><trkpt lat="-39.3651852105" lon="-72.6158308145"><ele>112.28</ele><time>2024-07-31T02:13:05Z</time></trkpt><trkpt lat="-39.3658422679" lon="-72.6152557321"><ele>114.43</ele><time>2024-07-31T02:13:18Z</time></trkpt><trkpt lat="-39.3659155257" lon="-72.6151587535"><ele>115.14</ele><time>2024-07-31T02:13:23Z</time></trkpt><trkpt lat="-39.3659094907" lon="-72.6151287463"><ele>115.46</ele><time>2024-07-31T02:13:24Z</time></trkpt><trkpt lat="-39.3658954091" lon="-72.6150963921"><ele>115.66</ele><time>2024-07-31T02:13:25Z</time></trkpt><trkpt lat="-39.3658763822" lon="-72.6150610205"><ele>115.85</ele><time>2024-07-31T02:13:26Z</time></trkpt><trkpt lat="-39.3658537511" lon="-72.6150219608"><ele>116.11</ele><time>2024-07-31T02:13:27Z</time></trkpt><trkpt lat="-39.3656781502" lon="-72.6148315240"><ele>118.19</ele><time>2024-07-31T02:13:36Z</time></trkpt><trkpt lat="-39.3656074069" lon="-72.6148788817"><ele>118.30</ele><time>2024-07-31T02:13:38Z</time></trkpt><trkpt lat="-39.3654390145" lon="-72.6150206197"><ele>117.97</ele><time>2024-07-31T02:13:43Z</time></trkpt><trkpt lat="-39.3654132821" lon="-72.6150158420"><ele>117.87</ele><time>2024-07-31T02:13:44Z</time></trkpt><trkpt lat="-39.3653883878" lon="-72.6149968151"><ele>117.89</ele><time>2024-07-31T02:13:45Z</time></trkpt><trkpt lat="-39.3653621525" lon="-72.6149643771"><ele>117.94</ele><time>2024-07-31T02:13:46Z</time></trkpt><trkpt lat="-39.3653357495" lon="-72.6149211265"><ele>118.17</ele><time>2024-07-31T02:13:47Z</time></trkpt><trkpt lat="-39.3653093465" lon="-72.6148740202"><ele>118.38</ele><time>2024-07-31T02:13:48Z</time></trkpt><trkpt lat="-39.3650126271" lon="-72.6143515762"><ele>120.81</ele><time>2024-07-31T02:13:59Z</time></trkpt><trkpt lat="-39.3649350107" lon="-72.6143435296"><ele>120.59</ele><time>2024-07-31T02:14:02Z</time></trkpt><trkpt lat="-39.3648970407" lon="-72.6143632270"><ele>120.32</ele><time>2024-07-31T02:14:03Z</time></trkpt><trkpt lat="-39.3648516946" lon="-72.6143942401"><ele>120.24</ele><time>2024-07-31T02:14:04Z</time></trkpt><trkpt lat="-39.3644642830" lon="-72.6147221401"><ele>117.12</ele><time>2024-07-31T02:14:12Z</time></trkpt><trkpt lat="-39.3643966410" lon="-72.6148161851"><ele>116.59</ele><time>2024-07-31T02:14:15Z</time></trkpt><trkpt lat="-39.3643821403" lon="-72.6148755290"><ele>116.54</ele><time>2024-07-31T02:14:16Z</time></trkpt><trkpt lat="-39.3643735070" lon="-72.6149445120"><ele>116.49</ele><time>2024-07-31T02:14:17Z</time></trkpt><trkpt lat="-39.3643961381" lon="-72.6153418142"><ele>114.85</ele><time>2024-07-31T02:14:24Z</time></trkpt><trkpt lat="-39.3644224573" lon="-72.6153477654"><ele>114.72</ele><time>2024-07-31T02:14:25Z</time></trkpt><trkpt lat="-39.3644492794" lon="-72.6153387129"><ele>114.60</ele><time>2024-07-31T02:14:26Z</time></trkpt><trkpt lat="-39.3644797057" lon="-72.6153165009"><ele>114.68</ele><time>2024-07-31T02:14:27Z</time></trkpt><trkpt lat="-39.3645159155" lon="-72.6152872480"><ele>114.90</ele><time>2024-07-31T02:14:28Z</time></trkpt><trkpt lat="-39.3648749124" lon="-72.6149707474"><ele>117.28</ele><time>2024-07-31T02:14:35Z</time></trkpt><trkpt lat="-39.3649192527" lon="-72.6149636228"><ele>117.36</ele><time>2024-07-31T02:14:36Z</time></trkpt><trkpt lat="-39.3649579771" lon="-72.6149839070"><ele>117.39</ele><time>2024-07-31T02:14:37Z</time></trkpt><trkpt lat="-39.3649903312" lon="-72.6150276605"><ele>117.40</ele><time>2024-07-31T02:14:38Z</time></trkpt><trkpt lat="-39.3650204223" lon="-72.6150834840"><ele>117.32</ele><time>2024-07-31T02:14:39Z</time></trkpt><trkpt lat="-39.3651120365" lon="-72.6153041795"><ele>116.09</ele><time>2024-07-31T02:14:45Z</time></trkpt><trkpt lat="-39.3650977872" lon="-72.6153413113"><ele>115.94</ele><time>2024-07-31T02:14:46Z</time></trkpt><trkpt lat="-39.3650696240" lon="-72.6153773535"><ele>115.97</ele><time>2024-07-31T02:14:47Z</time></trkpt><trkpt lat="-39.3650321569" lon="-72.6154101267"><ele>115.85</ele><time>2024-07-31T02:14:48Z</time></trkpt><trkpt lat="-39.3649917562" lon="-72.6154434867"><ele>115.90</ele><time>2024-07-31T02:14:49Z</time></trkpt><trkpt lat="-39.3649162352" lon="-72.6155170798"><ele>115.48</ele><time>2024-07-31T02:14:51Z</time></trkpt><trkpt lat="-39.3646412250" lon="-72.6157861389"><ele>114.64</ele><time>2024-07-31T02:14:58Z</time></trkpt><trkpt lat="-39.3646142352" lon="-72.6158251148"><ele>114.65</ele><time>2024-07-31T02:14:59Z</time></trkpt><trkpt lat="-39.3646005727" lon="-72.6158680301"><ele>114.49</ele><time>2024-07-31T02:15:00Z</time></trkpt><trkpt lat="-39.3646025844" lon="-72.6159145497"><ele>114.52</ele><time>2024-07-31T02:15:01Z</time></trkpt><trkpt lat="-39.3646161631" lon="-72.6159555372"><ele>114.50</ele><time>2024-07-31T02:15:02Z</time></trkpt><trkpt lat="-39.3646396324" lon="-72.6160054933"><ele>114.46</ele><time>2024-07-31T02:15:03Z</time></trkpt><trkpt lat="-39.3646688014" lon="-72.6160631608"><ele>114.41</ele><time>2024-07-31T02:15:04Z</time></trkpt><trkpt lat="-39.3651495036" lon="-72.6169567555"><ele>111.72</ele><time>2024-07-31T02:15:18Z</time></trkpt><trkpt lat="-39.3651571311" lon="-72.6169875171"><ele>111.29</ele><time>2024-07-31T02:15:19Z</time></trkpt><trkpt lat="-39.3651562929" lon="-72.6170217991"><ele>111.23</ele><time>2024-07-31T02:15:20Z</time></trkpt><trkpt lat="-39.3651420437" lon="-72.6170587633"><ele>111.14</ele><time>2024-07-31T02:15:21Z</time></trkpt><trkpt lat="-39.3651111983" lon="-72.6170971524"><ele>111.26</ele><time>2024-07-31T02:15:22Z</time></trkpt><trkpt lat="-39.3650697079" lon="-72.6171359606"><ele>111.46</ele><time>2024-07-31T02:15:23Z</time></trkpt><trkpt lat="-39.3650248647" lon="-72.6171758585"><ele>111.50</ele><time>2024-07-31T02:15:24Z</time></trkpt><trkpt lat="-39.3645018339" lon="-72.6176508609"><ele>111.67</ele><time>2024-07-31T02:15:33Z</time></trkpt><trkpt lat="-39.3643967248" lon="-72.6177770924"><ele>111.31</ele><time>2024-07-31T02:15:37Z</time></trkpt><trkpt lat="-39.3643816374" lon="-72.6178418007"><ele>111.43</ele><time>2024-07-31T02:15:38Z</time></trkpt><trkpt lat="-39.3643731717" lon="-72.6179199200"><ele>111.60</ele><time>2024-07-31T02:15:39Z</time></trkpt><trkpt lat="-39.3643696513" lon="-72.6180076785"><ele>111.79</ele><time>2024-07-31T02:15:40Z</time></trkpt><trkpt lat="-39.3643677235" lon="-72.6181004662"><ele>111.89</ele><time>2024-07-31T02:15:41Z</time></trkpt><trkpt lat="-39.3643570784" lon="-72.6186759677"><ele>111.76</ele><time>2024-07-31T02:15:48Z</time></trkpt><trkpt lat="-39.3643712439" lon="-72.6187223196"><ele>111.84</ele><time>2024-07-31T02:15:49Z</time></trkpt><trkpt lat="-39.3643930368" lon="-72.6187499799"><ele>111.75</ele><time>2024-07-31T02:15:50Z</time></trkpt><trkpt lat="-39.3644191045" lon="-72.6187588647"><ele>111.65</ele><time>2024-07-31T02:15:51Z</time></trkpt><trkpt lat="-39.3644472677" lon="-72.6187490579"><ele>111.69</ele><time>2024-07-31T02:15:52Z</time></trkpt><trkpt lat="-39.3644793704" lon="-72.6187215652"><ele>111.75</ele><time>2024-07-31T02:15:53Z</time></trkpt><trkpt lat="-39.3645156641" lon="-72.6186851040"><ele>111.76</ele><time>2024-07-31T02:15:54Z</time></trkpt><trkpt lat="-39.3651101924" lon="-72.6181328204"><ele>112.26</ele><time>2024-07-31T02:16:08Z</time></trkpt><trkpt lat="-39.3655234203" lon="-72.6177702192"><ele>112.10</ele><time>2024-07-31T02:16:23Z</time></trkpt><trkpt lat="-39.3655442074" lon="-72.6177527010"><ele>111.87</ele><time>2024-07-31T02:16:29Z</time></trkpt><trkpt lat="-39.3655804172" lon="-72.6177188382"><ele>111.96</ele><time>2024-07-31T02:16:31Z</time></trkpt><trkpt lat="-39.3660083972" lon="-72.6173446700"><ele>112.95</ele><time>2024-07-31T02:16:42Z</time></trkpt><trkpt lat="-39.3664383888" lon="-72.6169787161"><ele>112.79</ele><time>2024-07-31T02:16:52Z</time></trkpt><trkpt lat="-39.3669185881" lon="-72.6165434439"><ele>113.47</ele><time>2024-07-31T02:17:05Z</time></trkpt><trkpt lat="-39.3674062472" lon="-72.6161065791"><ele>114.13</ele><time>2024-07-31T02:17:19Z</time></trkpt><trkpt lat="-39.3679243326" lon="-72.6156141423"><ele>113.97</ele><time>2024-07-31T02:17:34Z</time></trkpt><trkpt lat="-39.3679165374" lon="-72.6155577321"><ele>113.91</ele><time>2024-07-31T02:17:36Z</time></trkpt><trkpt lat="-39.3678956665" lon="-72.6155210193"><ele>114.03</ele><time>2024-07-31T02:17:37Z</time></trkpt><trkpt lat="-39.3675782438" lon="-72.6149461884"><ele>113.91</ele><time>2024-07-31T02:17:49Z</time></trkpt><trkpt lat="-39.3675599713" lon="-72.6148682367"><ele>113.33</ele><time>2024-07-31T02:17:53Z</time></trkpt><trkpt lat="-39.3675691914" lon="-72.6148312725"><ele>113.27</ele><time>2024-07-31T02:17:54Z</time></trkpt><trkpt lat="-39.3675909843" lon="-72.6147956494"><ele>113.54</ele><time>2024-07-31T02:17:55Z</time></trkpt><trkpt lat="-39.3676245958" lon="-72.6147586852"><ele>113.69</ele><time>2024-07-31T02:17:56Z</time></trkpt><trkpt lat="-39.3676655833" lon="-72.6147184521"><ele>113.68</ele><time>2024-07-31T02:17:57Z</time></trkpt><trkpt lat="-39.3683648016" lon="-72.6140922401"><ele>114.89</ele><time>2024-07-31T02:18:13Z</time></trkpt><trkpt lat="-39.3684947211" lon="-72.6139318105"><ele>115.01</ele><time>2024-07-31T02:18:21Z</time></trkpt><trkpt lat="-39.3687158357" lon="-72.6136589795"><ele>114.84</ele><time>2024-07-31T02:18:34Z</time></trkpt><trkpt lat="-39.3689614255" lon="-72.6134030800"><ele>114.61</ele><time>2024-07-31T02:18:46Z</time></trkpt><trkpt lat="-39.3689027522" lon="-72.6131171733"><ele>114.43</ele><time>2024-07-31T02:18:59Z</time></trkpt><trkpt lat="-39.3688220344" lon="-72.6129983179"><ele>114.43</ele><time>2024-07-31T02:19:09Z</time></trkpt><trkpt lat="-39.3687652890" lon="-72.6130556501"><ele>114.62</ele><time>2024-07-31T02:19:18Z</time></trkpt><trkpt lat="-39.3683648854" lon="-72.6134687103"><ele>115.25</ele><time>2024-07-31T02:19:32Z</time></trkpt><trkpt lat="-39.3682055455" lon="-72.6135966182"><ele>115.06</ele><time>2024-07-31T02:19:39Z</time></trkpt><trkpt lat="-39.3681721855" lon="-72.6135740709"><ele>115.21</ele><time>2024-07-31T02:19:40Z</time></trkpt><trkpt lat="-39.3681409210" lon="-72.6135433093"><ele>115.27</ele><time>2024-07-31T02:19:41Z</time></trkpt><trkpt lat="-39.3681086507" lon="-72.6135080215"><ele>115.37</ele><time>2024-07-31T02:19:42Z</time></trkpt><trkpt lat="-39.3680773862" lon="-72.6134734042"><ele>115.43</ele><time>2024-07-31T02:19:43Z</time></trkpt><trkpt lat="-39.3680246640" lon="-72.6133703906"><ele>115.40</ele><time>2024-07-31T02:19:46Z</time></trkpt><trkpt lat="-39.3680290226" lon="-72.6133415569"><ele>115.25</ele><time>2024-07-31T02:19:47Z</time></trkpt><trkpt lat="-39.3680440262" lon="-72.6133129746"><ele>115.13</ele><time>2024-07-31T02:19:48Z</time></trkpt><trkpt lat="-39.3680669926" lon="-72.6132835541"><ele>115.13</ele><time>2024-07-31T02:19:49Z</time></trkpt><trkpt lat="-39.3680929765" lon="-72.6132544689"><ele>115.08</ele><time>2024-07-31T02:19:50Z</time></trkpt><trkpt lat="-39.3684388138" lon="-72.6128769480"><ele>113.97</ele><time>2024-07-31T02:20:03Z</time></trkpt><trkpt lat="-39.3687981460" lon="-72.6124830823"><ele>113.66</ele><time>2024-07-31T02:20:19Z</time></trkpt><trkpt lat="-39.3687641155" lon="-72.6120910607"><ele>113.45</ele><time>2024-07-31T02:20:30Z</time></trkpt><trkpt lat="-39.3687509559" lon="-72.6120821759"><ele>113.36</ele><time>2024-07-31T02:20:31Z</time></trkpt><trkpt lat="-39.3687367067" lon="-72.6120777335"><ele>113.50</ele><time>2024-07-31T02:20:32Z</time></trkpt><trkpt lat="-39.3687226251" lon="-72.6120799966"><ele>113.50</ele><time>2024-07-31T02:20:33Z</time></trkpt><trkpt lat="-39.3687103037" lon="-72.6120893843"><ele>113.37</ele><time>2024-07-31T02:20:34Z</time></trkpt><trkpt lat="-39.3686963897" lon="-72.6121032145"><ele>113.42</ele><time>2024-07-31T02:20:35Z</time></trkpt><trkpt lat="-39.3683637958" lon="-72.6124648936"><ele>113.61</ele><time>2024-07-31T02:20:50Z</time></trkpt><trkpt lat="-39.3678843509" lon="-72.6129945461"><ele>115.05</ele><time>2024-07-31T02:21:04Z</time></trkpt><trkpt lat="-39.3677166291" lon="-72.6131307520"><ele>115.67</ele><time>2024-07-31T02:21:12Z</time></trkpt><trkpt lat="-39.3676845264" lon="-72.6131191012"><ele>115.88</ele><time>2024-07-31T02:21:13Z</time></trkpt><trkpt lat="-39.3676474784" lon="-72.6130947098"><ele>116.04</ele><time>2024-07-31T02:21:14Z</time></trkpt><trkpt lat="-39.3672029860" lon="-72.6127883513"><ele>118.73</ele><time>2024-07-31T02:21:24Z</time></trkpt><trkpt lat="-39.3670060951" lon="-72.6127158478"><ele>119.97</ele><time>2024-07-31T02:21:31Z</time></trkpt><trkpt lat="-39.3669986352" lon="-72.6127259899"><ele>119.88</ele><time>2024-07-31T02:21:32Z</time></trkpt><trkpt lat="-39.3669895828" lon="-72.6127374731"><ele>119.85</ele><time>2024-07-31T02:21:33Z</time></trkpt><trkpt lat="-39.3669786025" lon="-72.6127510518"><ele>119.87</ele><time>2024-07-31T02:21:34Z</time></trkpt><trkpt lat="-39.3669648562" lon="-72.6127673965"><ele>119.72</ele><time>2024-07-31T02:21:35Z</time></trkpt><trkpt lat="-39.3667991459" lon="-72.6130408142"><ele>119.18</ele><time>2024-07-31T02:21:45Z</time></trkpt><trkpt lat="-39.3668081984" lon="-72.6130638644"><ele>119.11</ele><time>2024-07-31T02:21:46Z</time></trkpt><trkpt lat="-39.3668259680" lon="-72.6130855735"><ele>118.98</ele><time>2024-07-31T02:21:47Z</time></trkpt><trkpt lat="-39.3668522034" lon="-72.6131094620"><ele>118.75</ele><time>2024-07-31T02:21:48Z</time></trkpt><trkpt lat="-39.3668891676" lon="-72.6131342724"><ele>118.42</ele><time>2024-07-31T02:21:49Z</time></trkpt><trkpt lat="-39.3669325020" lon="-72.6131597534"><ele>118.08</ele><time>2024-07-31T02:21:50Z</time></trkpt><trkpt lat="-39.3669767585" lon="-72.6131899282"><ele>117.79</ele><time>2024-07-31T02:21:51Z</time></trkpt><trkpt lat="-39.3672277126" lon="-72.6133693010"><ele>115.02</ele><time>2024-07-31T02:21:59Z</time></trkpt><trkpt lat="-39.3675121944" lon="-72.6135822013"><ele>113.39</ele><time>2024-07-31T02:22:07Z</time></trkpt><trkpt lat="-39.3675400224" lon="-72.6136182435"><ele>113.27</ele><time>2024-07-31T02:22:08Z</time></trkpt><trkpt lat="-39.3675578758" lon="-72.6136486698"><ele>113.22</ele><time>2024-07-31T02:22:09Z</time></trkpt><trkpt lat="-39.3675672635" lon="-72.6136689540"><ele>113.01</ele><time>2024-07-31T02:22:10Z</time></trkpt><trkpt lat="-39.3675748073" lon="-72.6136840414"><ele>112.82</ele><time>2024-07-31T02:22:11Z</time></trkpt><trkpt lat="-39.3675770704" lon="-72.6137535274"><ele>112.51</ele><time>2024-07-31T02:22:14Z</time></trkpt><trkpt lat="-39.3675616477" lon="-72.6137811039"><ele>112.45</ele><time>2024-07-31T02:22:15Z</time></trkpt><trkpt lat="-39.3675362505" lon="-72.6138101891"><ele>112.58</ele><time>2024-07-31T02:22:16Z</time></trkpt><trkpt lat="-39.3675057404" lon="-72.6138391905"><ele>112.54</ele><time>2024-07-31T02:22:17Z</time></trkpt><trkpt lat="-39.3674691953" lon="-72.6138693653"><ele>112.61</ele><time>2024-07-31T02:22:18Z</time></trkpt><trkpt lat="-39.3673230987" lon="-72.6139576267"><ele>112.97</ele><time>2024-07-31T02:22:22Z</time></trkpt><trkpt lat="-39.3672913313" lon="-72.6139483228"><ele>112.85</ele><time>2024-07-31T02:22:23Z</time></trkpt><trkpt lat="-39.3672610726" lon="-72.6139250211"><ele>113.17</ele><time>2024-07-31T02:22:24Z</time></trkpt><trkpt lat="-39.3668959569" lon="-72.6136565488"><ele>116.31</ele><time>2024-07-31T02:22:34Z</time></trkpt><trkpt lat="-39.3666743394" lon="-72.6135147270"><ele>119.87</ele><time>2024-07-31T02:22:40Z</time></trkpt><trkpt lat="-39.3666407280" lon="-72.6134858932"><ele>120.44</ele><time>2024-07-31T02:22:42Z</time></trkpt><trkpt lat="-39.3666326813" lon="-72.6134642679"><ele>120.55</ele><time>2024-07-31T02:22:43Z</time></trkpt><trkpt lat="-39.3666311726" lon="-72.6134407986"><ele>120.86</ele><time>2024-07-31T02:22:44Z</time></trkpt><trkpt lat="-39.3666347768" lon="-72.6134134736"><ele>120.87</ele><time>2024-07-31T02:22:45Z</time></trkpt><trkpt lat="-39.3666438293" lon="-72.6133781020"><ele>120.82</ele><time>2024-07-31T02:22:46Z</time></trkpt><trkpt lat="-39.3666564859" lon="-72.6133388747"><ele>120.83</ele><time>2024-07-31T02:22:47Z</time></trkpt><trkpt lat="-39.3666734174" lon="-72.6132928580"><ele>120.86</ele><time>2024-07-31T02:22:48Z</time></trkpt><trkpt lat="-39.3668185081" lon="-72.6129442547"><ele>119.42</ele><time>2024-07-31T02:22:54Z</time></trkpt><trkpt lat="-39.3668539636" lon="-72.6128958073"><ele>119.45</ele><time>2024-07-31T02:22:55Z</time></trkpt><trkpt lat="-39.3668931909" lon="-72.6128539816"><ele>119.68</ele><time>2024-07-31T02:22:56Z</time></trkpt><trkpt lat="-39.3670369405" lon="-72.6127198711"><ele>119.57</ele><time>2024-07-31T02:23:02Z</time></trkpt><trkpt lat="-39.3670705520" lon="-72.6127193682"><ele>119.55</ele><time>2024-07-31T02:23:03Z</time></trkpt><trkpt lat="-39.3671088573" lon="-72.6127300132"><ele>119.54</ele><time>2024-07-31T02:23:04Z</time></trkpt><trkpt lat="-39.3671530299" lon="-72.6127538178"><ele>119.42</ele><time>2024-07-31T02:23:05Z</time></trkpt><trkpt lat="-39.3672023155" lon="-72.6127873454"><ele>119.13</ele><time>2024-07-31T02:23:06Z</time></trkpt><trkpt lat="-39.3672543671" lon="-72.6128253993"><ele>118.92</ele><time>2024-07-31T02:23:07Z</time></trkpt><trkpt lat="-39.3676763121" lon="-72.6131341886"><ele>116.35</ele><time>2024-07-31T02:23:15Z</time></trkpt><trkpt lat="-39.3685159273" lon="-72.6140210778"><ele>114.96</ele><time>2024-07-31T02:23:28Z</time></trkpt><trkpt lat="-39.3691817019" lon="-72.6151676383"><ele>114.28</ele><time>2024-07-31T02:23:42Z</time></trkpt><trkpt lat="-39.3692065962" lon="-72.6152558159"><ele>114.38</ele><time>2024-07-31T02:23:43Z</time></trkpt><trkpt lat="-39.3692267966" lon="-72.6153444126"><ele>114.30</ele><time>2024-07-31T02:23:44Z</time></trkpt><trkpt lat="-39.3692418840" lon="-72.6154329255"><ele>114.49</ele><time>2024-07-31T02:23:45Z</time></trkpt><trkpt lat="-39.3692544568" lon="-72.6155200135"><ele>114.47</ele><time>2024-07-31T02:23:46Z</time></trkpt><trkpt lat="-39.3692833744" lon="-72.6157626696"><ele>114.33</ele><time>2024-07-31T02:23:49Z</time></trkpt><trkpt lat="-39.3692807760" lon="-72.6158277132"><ele>114.23</ele><time>2024-07-31T02:23:50Z</time></trkpt><trkpt lat="-39.3692633417" lon="-72.6158770826"><ele>114.12</ele><time>2024-07-31T02:23:51Z</time></trkpt><trkpt lat="-39.3692335859" lon="-72.6159140468"><ele>114.09</ele><time>2024-07-31T02:23:52Z</time></trkpt><trkpt lat="-39.3691972923" lon="-72.6159471553"><ele>114.33</ele><time>2024-07-31T02:23:53Z</time></trkpt><trkpt lat="-39.3687525485" lon="-72.6162700262"><ele>113.53</ele><time>2024-07-31T02:24:04Z</time></trkpt><trkpt lat="-39.3687127344" lon="-72.6162545197"><ele>113.36</ele><time>2024-07-31T02:24:05Z</time></trkpt><trkpt lat="-39.3686702382" lon="-72.6162272785"><ele>113.30</ele><time>2024-07-31T02:24:06Z</time></trkpt><trkpt lat="-39.3683638796" lon="-72.6160151325"><ele>113.42</ele><time>2024-07-31T02:24:13Z</time></trkpt><trkpt lat="-39.3683211319" lon="-72.6159994584"><ele>113.45</ele><time>2024-07-31T02:24:14Z</time></trkpt><trkpt lat="-39.3682790548" lon="-72.6159941778"><ele>113.31</ele><time>2024-07-31T02:24:15Z</time></trkpt><trkpt lat="-39.3682394084" lon="-72.6159974467"><ele>113.31</ele><time>2024-07-31T02:24:16Z</time></trkpt><trkpt lat="-39.3682004325" lon="-72.6160090137"><ele>113.25</ele><time>2024-07-31T02:24:17Z</time></trkpt><trkpt lat="-39.3681615405" lon="-72.6160310581"><ele>113.37</ele><time>2024-07-31T02:24:18Z</time></trkpt><trkpt lat="-39.3681240734" lon="-72.6160600595"><ele>113.33</ele><time>2024-07-31T02:24:19Z</time></trkpt><trkpt lat="-39.3676199857" lon="-72.6165255904"><ele>112.98</ele><time>2024-07-31T02:24:32Z</time></trkpt><trkpt lat="-39.3667984754" lon="-72.6172028482"><ele>112.97</ele><time>2024-07-31T02:24:47Z</time></trkpt><trkpt lat="-39.3659941480" lon="-72.6179028209"><ele>112.04</ele><time>2024-07-31T02:25:02Z</time></trkpt><trkpt lat="-39.3658269290" lon="-72.6180350035"><ele>111.14</ele><time>2024-07-31T02:25:09Z</time></trkpt><trkpt lat="-39.3658187985" lon="-72.6180591434"><ele>111.14</ele><time>2024-07-31T02:25:11Z</time></trkpt><trkpt lat="-39.3658188824" lon="-72.6180939283"><ele>111.11</ele><time>2024-07-31T02:25:12Z</time></trkpt><trkpt lat="-39.3658238277" lon="-72.6181294676"><ele>111.25</ele><time>2024-07-31T02:25:13Z</time></trkpt><trkpt lat="-39.3658356462" lon="-72.6181707904"><ele>111.34</ele><time>2024-07-31T02:25:14Z</time></trkpt><trkpt lat="-39.3658600375" lon="-72.6182245184"><ele>111.32</ele><time>2024-07-31T02:25:15Z</time></trkpt><trkpt lat="-39.3658877816" lon="-72.6182787493"><ele>111.55</ele><time>2024-07-31T02:25:16Z</time></trkpt><trkpt lat="-39.3659510650" lon="-72.6183774881"><ele>111.66</ele><time>2024-07-31T02:25:18Z</time></trkpt><trkpt lat="-39.3659832515" lon="-72.6184021309"><ele>111.71</ele><time>2024-07-31T02:25:19Z</time></trkpt><trkpt lat="-39.3660123367" lon="-72.6184020471"><ele>111.72</ele><time>2024-07-31T02:25:20Z</time></trkpt><trkpt lat="-39.3660415057" lon="-72.6183844451"><ele>111.41</ele><time>2024-07-31T02:25:21Z</time></trkpt><trkpt lat="-39.3660734408" lon="-72.6183593832"><ele>111.40</ele><time>2024-07-31T02:25:22Z</time></trkpt><trkpt lat="-39.3666808773" lon="-72.6178390346"><ele>111.90</ele><time>2024-07-31T02:25:38Z</time></trkpt><trkpt lat="-39.3672446441" lon="-72.6173603442"><ele>111.92</ele><time>2024-07-31T02:25:54Z</time></trkpt><trkpt lat="-39.3672700413" lon="-72.6173661277"><ele>111.82</ele><time>2024-07-31T02:25:55Z</time></trkpt><trkpt lat="-39.3672971986" lon="-72.6173883397"><ele>111.83</ele><time>2024-07-31T02:25:56Z</time></trkpt><trkpt lat="-39.3673223443" lon="-72.6174256392"><ele>111.89</ele><time>2024-07-31T02:25:57Z</time></trkpt><trkpt lat="-39.3673457298" lon="-72.6174705662"><ele>112.04</ele><time>2024-07-31T02:25:58Z</time></trkpt><trkpt lat="-39.3673686124" lon="-72.6175170857"><ele>112.04</ele><time>2024-07-31T02:25:59Z</time></trkpt><trkpt lat="-39.3674453907" lon="-72.6176371146"><ele>111.94</ele><time>2024-07-31T02:26:05Z</time></trkpt><trkpt lat="-39.3675121944" lon="-72.6176400483"><ele>112.13</ele><time>2024-07-31T02:26:08Z</time></trkpt><trkpt lat="-39.3675397709" lon="-72.6176250447"><ele>112.36</ele><time>2024-07-31T02:26:09Z</time></trkpt><trkpt lat="-39.3675690237" lon="-72.6176029164"><ele>112.44</ele><time>2024-07-31T02:26:10Z</time></trkpt><trkpt lat="-39.3676888850" lon="-72.6175173372"><ele>112.63</ele><time>2024-07-31T02:26:14Z</time></trkpt><trkpt lat="-39.3677188084" lon="-72.6175232045"><ele>112.48</ele><time>2024-07-31T02:26:15Z</time></trkpt><trkpt lat="-39.3677458819" lon="-72.6175481826"><ele>112.45</ele><time>2024-07-31T02:26:16Z</time></trkpt><trkpt lat="-39.3677657470" lon="-72.6175923552"><ele>112.30</ele><time>2024-07-31T02:26:17Z</time></trkpt><trkpt lat="-39.3677779846" lon="-72.6176418085"><ele>112.48</ele><time>2024-07-31T02:26:18Z</time></trkpt><trkpt lat="-39.3677893840" lon="-72.6177009009"><ele>112.42</ele><time>2024-07-31T02:26:19Z</time></trkpt><trkpt lat="-39.3678754661" lon="-72.6182663441"><ele>111.92</ele><time>2024-07-31T02:26:28Z</time></trkpt><trkpt lat="-39.3678926490" lon="-72.6182808448"><ele>111.70</ele><time>2024-07-31T02:26:29Z</time></trkpt><trkpt lat="-39.3679178786" lon="-72.6182852872"><ele>111.76</ele><time>2024-07-31T02:26:30Z</time></trkpt><trkpt lat="-39.3679545075" lon="-72.6182770729"><ele>111.63</ele><time>2024-07-31T02:26:31Z</time></trkpt><trkpt lat="-39.3679945730" lon="-72.6182596385"><ele>111.99</ele><time>2024-07-31T02:26:32Z</time></trkpt><trkpt lat="-39.3680410087" lon="-72.6182315592"><ele>111.81</ele><time>2024-07-31T02:26:33Z</time></trkpt><trkpt lat="-39.3680904619" lon="-72.6181950141"><ele>112.03</ele><time>2024-07-31T02:26:34Z</time></trkpt><trkpt lat="-39.3681401666" lon="-72.6181541942"><ele>112.04</ele><time>2024-07-31T02:26:35Z</time></trkpt><trkpt lat="-39.3682421744" lon="-72.6180769131"><ele>112.10</ele><time>2024-07-31T02:26:37Z</time></trkpt><trkpt lat="-39.3682994228" lon="-72.6180513483"><ele>112.28</ele><time>2024-07-31T02:26:38Z</time></trkpt><trkpt lat="-39.3683586828" lon="-72.6180348359"><ele>112.23</ele><time>2024-07-31T02:26:39Z</time></trkpt><trkpt lat="-39.3685330264" lon="-72.6179825328"><ele>112.64</ele><time>2024-07-31T02:26:42Z</time></trkpt><trkpt lat="-39.3685854971" lon="-72.6179492567"><ele>112.59</ele><time>2024-07-31T02:26:43Z</time></trkpt><trkpt lat="-39.3686300889" lon="-72.6179062575"><ele>112.75</ele><time>2024-07-31T02:26:44Z</time></trkpt><trkpt lat="-39.3686651252" lon="-72.6178507693"><ele>112.87</ele><time>2024-07-31T02:26:45Z</time></trkpt><trkpt lat="-39.3686906062" lon="-72.6177859772"><ele>112.85</ele><time>2024-07-31T02:26:46Z</time></trkpt><trkpt lat="-39.3687103037" lon="-72.6177161559"><ele>112.71</ele><time>2024-07-31T02:26:47Z</time></trkpt><trkpt lat="-39.3687294982" lon="-72.6176506933"><ele>112.74</ele><time>2024-07-31T02:26:48Z</time></trkpt><trkpt lat="-39.3687558174" lon="-72.6175931096"><ele>112.56</ele><time>2024-07-31T02:26:49Z</time></trkpt><trkpt lat="-39.3687921111" lon="-72.6175418962"><ele>112.44</ele><time>2024-07-31T02:26:50Z</time></trkpt><trkpt lat="-39.3688342720" lon="-72.6174918562"><ele>112.68</ele><time>2024-07-31T02:26:51Z</time></trkpt><trkpt lat="-39.3693782575" lon="-72.6170062926"><ele>113.42</ele><time>2024-07-31T02:27:03Z</time></trkpt><trkpt lat="-39.3694112822" lon="-72.6170139201"><ele>113.29</ele><time>2024-07-31T02:27:04Z</time></trkpt><trkpt lat="-39.3694397807" lon="-72.6170410775"><ele>113.11</ele><time>2024-07-31T02:27:05Z</time></trkpt><trkpt lat="-39.3694556225" lon="-72.6170797180"><ele>113.20</ele><time>2024-07-31T02:27:06Z</time></trkpt><trkpt lat="-39.3694686145" lon="-72.6171320211"><ele>113.19</ele><time>2024-07-31T02:27:07Z</time></trkpt><trkpt lat="-39.3694793433" lon="-72.6171924546"><ele>113.30</ele><time>2024-07-31T02:27:08Z</time></trkpt><trkpt lat="-39.3694889825" lon="-72.6172582526"><ele>113.55</ele><time>2024-07-31T02:27:09Z</time></trkpt><trkpt lat="-39.3695712090" lon="-72.6178858895"><ele>113.86</ele><time>2024-07-31T02:27:17Z</time></trkpt><trkpt lat="-39.3695614859" lon="-72.6179522742"><ele>113.87</ele><time>2024-07-31T02:27:18Z</time></trkpt><trkpt lat="-39.3695303053" lon="-72.6180158090"><ele>113.79</ele><time>2024-07-31T02:27:19Z</time></trkpt><trkpt lat="-39.3694930058" lon="-72.6180617418"><ele>113.89</ele><time>2024-07-31T02:27:20Z</time></trkpt><trkpt lat="-39.3694478273" lon="-72.6181087643"><ele>114.16</ele><time>2024-07-31T02:27:21Z</time></trkpt><trkpt lat="-39.3692009803" lon="-72.6183434576"><ele>114.24</ele><time>2024-07-31T02:27:26Z</time></trkpt><trkpt lat="-39.3691509403" lon="-72.6183691062"><ele>114.13</ele><time>2024-07-31T02:27:27Z</time></trkpt><trkpt lat="-39.3691002298" lon="-72.6183786616"><ele>113.96</ele><time>2024-07-31T02:27:28Z</time></trkpt><trkpt lat="-39.3690487649" lon="-72.6183773205"><ele>113.92</ele><time>2024-07-31T02:27:29Z</time></trkpt><trkpt lat="-39.3689957913" lon="-72.6183709502"><ele>113.92</ele><time>2024-07-31T02:27:30Z</time></trkpt><trkpt lat="-39.3687781133" lon="-72.6183389314"><ele>114.00</ele><time>2024-07-31T02:27:34Z</time></trkpt><trkpt lat="-39.3687235471" lon="-72.6183463074"><ele>114.05</ele><time>2024-07-31T02:27:35Z</time></trkpt><trkpt lat="-39.3686691485" lon="-72.6183721237"><ele>114.05</ele><time>2024-07-31T02:27:36Z</time></trkpt><trkpt lat="-39.3686162587" lon="-72.6184128597"><ele>114.11</ele><time>2024-07-31T02:27:37Z</time></trkpt><trkpt lat="-39.3685633689" lon="-72.6184628997"><ele>114.22</ele><time>2024-07-31T02:27:38Z</time></trkpt><trkpt lat="-39.3675806746" lon="-72.6193946321"><ele>114.29</ele><time>2024-07-31T02:27:54Z</time></trkpt><trkpt lat="-39.3669565581" lon="-72.6199728157"><ele>113.45</ele><time>2024-07-31T02:28:07Z</time></trkpt><trkpt lat="-39.3666614313" lon="-72.6202631649"><ele>113.81</ele><time>2024-07-31T02:28:15Z</time></trkpt><trkpt lat="-39.3659886997" lon="-72.6208937354"><ele>113.39</ele><time>2024-07-31T02:28:29Z</time></trkpt><trkpt lat="-39.3653618172" lon="-72.6214974001"><ele>112.29</ele><time>2024-07-31T02:28:42Z</time></trkpt><trkpt lat="-39.3647569790" lon="-72.6220809482"><ele>112.00</ele><time>2024-07-31T02:28:55Z</time></trkpt><trkpt lat="-39.3643523008" lon="-72.6224477403"><ele>111.02</ele><time>2024-07-31T02:29:05Z</time></trkpt><trkpt lat="-39.3642901909" lon="-72.6225822698"><ele>111.26</ele><time>2024-07-31T02:29:09Z</time></trkpt><trkpt lat="-39.3642861675" lon="-72.6226453856"><ele>111.20</ele><time>2024-07-31T02:29:10Z</time></trkpt><trkpt lat="-39.3643107265" lon="-72.6230729464"><ele>111.24</ele><time>2024-07-31T02:29:18Z</time></trkpt><trkpt lat="-39.3643310107" lon="-72.6230865251"><ele>111.31</ele><time>2024-07-31T02:29:19Z</time></trkpt><trkpt lat="-39.3643550668" lon="-72.6230845973"><ele>111.12</ele><time>2024-07-31T02:29:20Z</time></trkpt><trkpt lat="-39.3643812183" lon="-72.6230665762"><ele>111.21</ele><time>2024-07-31T02:29:21Z</time></trkpt><trkpt lat="-39.3644102197" lon="-72.6230401732"><ele>111.05</ele><time>2024-07-31T02:29:22Z</time></trkpt><trkpt lat="-39.3644406460" lon="-72.6230100822"><ele>111.25</ele><time>2024-07-31T02:29:23Z</time></trkpt><trkpt lat="-39.3648461625" lon="-72.6226119418"><ele>111.19</ele><time>2024-07-31T02:29:37Z</time></trkpt><trkpt lat="-39.3649104517" lon="-72.6225517597"><ele>111.30</ele><time>2024-07-31T02:29:39Z</time></trkpt><trkpt lat="-39.3649970368" lon="-72.6224365085"><ele>111.45</ele><time>2024-07-31T02:29:42Z</time></trkpt><trkpt lat="-39.3650189973" lon="-72.6223872229"><ele>111.49</ele><time>2024-07-31T02:29:43Z</time></trkpt><trkpt lat="-39.3650709651" lon="-72.6222789288"><ele>111.67</ele><time>2024-07-31T02:29:45Z</time></trkpt><trkpt lat="-39.3651068397" lon="-72.6222306490"><ele>111.67</ele><time>2024-07-31T02:29:46Z</time></trkpt><trkpt lat="-39.3656432815" lon="-72.6216929499"><ele>111.80</ele><time>2024-07-31T02:29:58Z</time></trkpt><trkpt lat="-39.3657040503" lon="-72.6215474401"><ele>111.61</ele><time>2024-07-31T02:30:01Z</time></trkpt><trkpt lat="-39.3657441158" lon="-72.6214982383"><ele>111.96</ele><time>2024-07-31T02:30:02Z</time></trkpt><trkpt lat="-39.3661208823" lon="-72.6211684104"><ele>112.20</ele><time>2024-07-31T02:30:11Z</time></trkpt><trkpt lat="-39.3661555834" lon="-72.6211907901"><ele>112.05</ele><time>2024-07-31T02:30:12Z</time></trkpt><trkpt lat="-39.3661912903" lon="-72.6212367229"><ele>112.07</ele><time>2024-07-31T02:30:13Z</time></trkpt><trkpt lat="-39.3662257399" lon="-72.6212945580"><ele>112.12</ele><time>2024-07-31T02:30:14Z</time></trkpt><trkpt lat="-39.3662627041" lon="-72.6213619485"><ele>112.22</ele><time>2024-07-31T02:30:15Z</time></trkpt><trkpt lat="-39.3664618582" lon="-72.6216101367"><ele>111.69</ele><time>2024-07-31T02:30:23Z</time></trkpt><trkpt lat="-39.3666642811" lon="-72.6214099769"><ele>112.07</ele><time>2024-07-31T02:30:34Z</time></trkpt><trkpt lat="-39.3669598270" lon="-72.6211422589"><ele>112.86</ele><time>2024-07-31T02:30:45Z</time></trkpt><trkpt lat="-39.3672993779" lon="-72.6208074018"><ele>113.30</ele><time>2024-07-31T02:30:55Z</time></trkpt><trkpt lat="-39.3673059158" lon="-72.6207800768"><ele>113.37</ele><time>2024-07-31T02:30:56Z</time></trkpt><trkpt lat="-39.3673034851" lon="-72.6207451243"><ele>113.51</ele><time>2024-07-31T02:30:57Z</time></trkpt><trkpt lat="-39.3672896549" lon="-72.6206972636"><ele>113.72</ele><time>2024-07-31T02:30:58Z</time></trkpt><trkpt lat="-39.3672723882" lon="-72.6206594612"><ele>113.65</ele><time>2024-07-31T02:30:59Z</time></trkpt><trkpt lat="-39.3672485836" lon="-72.6206167974"><ele>113.60</ele><time>2024-07-31T02:31:00Z</time></trkpt><trkpt lat="-39.3672279641" lon="-72.6205805037"><ele>113.63</ele><time>2024-07-31T02:31:01Z</time></trkpt><trkpt lat="-39.3672125414" lon="-72.6204905659"><ele>113.32</ele><time>2024-07-31T02:31:04Z</time></trkpt><trkpt lat="-39.3675117753" lon="-72.6201779209"><ele>113.87</ele><time>2024-07-31T02:31:14Z</time></trkpt><trkpt lat="-39.3675759807" lon="-72.6201580558"><ele>113.83</ele><time>2024-07-31T02:31:16Z</time></trkpt><trkpt lat="-39.3676039763" lon="-72.6201806031"><ele>113.73</ele><time>2024-07-31T02:31:17Z</time></trkpt><trkpt lat="-39.3676271103" lon="-72.6202157233"><ele>113.71</ele><time>2024-07-31T02:31:18Z</time></trkpt><trkpt lat="-39.3677026313" lon="-72.6203555334"><ele>114.03</ele><time>2024-07-31T02:31:22Z</time></trkpt><trkpt lat="-39.3677232508" lon="-72.6203655917"><ele>113.95</ele><time>2024-07-31T02:31:23Z</time></trkpt><trkpt lat="-39.3677423615" lon="-72.6203618199"><ele>114.00</ele><time>2024-07-31T02:31:24Z</time></trkpt><trkpt lat="-39.3677611370" lon="-72.6203495823"><ele>113.83</ele><time>2024-07-31T02:31:25Z</time></trkpt><trkpt lat="-39.3677817564" lon="-72.6203309745"><ele>113.69</ele><time>2024-07-31T02:31:26Z</time></trkpt><trkpt lat="-39.3682814017" lon="-72.6198702212"><ele>114.16</ele><time>2024-07-31T02:31:42Z</time></trkpt><trkpt lat="-39.3688985612" lon="-72.6192984916"><ele>114.66</ele><time>2024-07-31T02:32:01Z</time></trkpt><trkpt lat="-39.3689285684" lon="-72.6192860864"><ele>114.63</ele><time>2024-07-31T02:32:04Z</time></trkpt><trkpt lat="-39.3689443264" lon="-72.6192907803"><ele>114.43</ele><time>2024-07-31T02:32:05Z</time></trkpt><trkpt lat="-39.3689720705" lon="-72.6193238050"><ele>114.60</ele><time>2024-07-31T02:32:07Z</time></trkpt><trkpt lat="-39.3689800333" lon="-72.6193504594"><ele>114.56</ele><time>2024-07-31T02:32:08Z</time></trkpt><trkpt lat="-39.3690527882" lon="-72.6197986398"><ele>114.67</ele><time>2024-07-31T02:32:20Z</time></trkpt><trkpt lat="-39.3689459190" lon="-72.6200525276"><ele>114.66</ele><time>2024-07-31T02:32:30Z</time></trkpt><trkpt lat="-39.3683416676" lon="-72.6206162944"><ele>114.89</ele><time>2024-07-31T02:32:46Z</time></trkpt><trkpt lat="-39.3677389249" lon="-72.6211769599"><ele>114.42</ele><time>2024-07-31T02:33:01Z</time></trkpt><trkpt lat="-39.3676453829" lon="-72.6212956477"><ele>113.94</ele><time>2024-07-31T02:33:07Z</time></trkpt><trkpt lat="-39.3676490709" lon="-72.6213326957"><ele>114.05</ele><time>2024-07-31T02:33:08Z</time></trkpt><trkpt lat="-39.3676618952" lon="-72.6213679835"><ele>114.11</ele><time>2024-07-31T02:33:09Z</time></trkpt><trkpt lat="-39.3676794134" lon="-72.6214005891"><ele>114.02</ele><time>2024-07-31T02:33:10Z</time></trkpt><trkpt lat="-39.3676980212" lon="-72.6214337815"><ele>113.92</ele><time>2024-07-31T02:33:11Z</time></trkpt><trkpt lat="-39.3680480495" lon="-72.6220707223"><ele>114.59</ele><time>2024-07-31T02:33:21Z</time></trkpt><trkpt lat="-39.3682683259" lon="-72.6225116942"><ele>113.43</ele><time>2024-07-31T02:33:29Z</time></trkpt><trkpt lat="-39.3684201222" lon="-72.6225873828"><ele>113.79</ele><time>2024-07-31T02:33:35Z</time></trkpt><trkpt lat="-39.3684684858" lon="-72.6225627400"><ele>113.87</ele><time>2024-07-31T02:33:36Z</time></trkpt><trkpt lat="-39.3685208727" lon="-72.6225240156"><ele>114.02</ele><time>2024-07-31T02:33:37Z</time></trkpt><trkpt lat="-39.3685775343" lon="-72.6224759035"><ele>114.20</ele><time>2024-07-31T02:33:38Z</time></trkpt><trkpt lat="-39.3686357047" lon="-72.6224224269"><ele>114.22</ele><time>2024-07-31T02:33:39Z</time></trkpt><trkpt lat="-39.3696759827" lon="-72.6214242261"><ele>114.70</ele><time>2024-07-31T02:33:56Z</time></trkpt><trkpt lat="-39.3700697646" lon="-72.6210153569"><ele>114.26</ele><time>2024-07-31T02:34:07Z</time></trkpt><trkpt lat="-39.3701141886" lon="-72.6209370699"><ele>114.30</ele><time>2024-07-31T02:34:10Z</time></trkpt><trkpt lat="-39.3701194692" lon="-72.6208917238"><ele>114.57</ele><time>2024-07-31T02:34:11Z</time></trkpt><trkpt lat="-39.3701145239" lon="-72.6208381634"><ele>114.56</ele><time>2024-07-31T02:34:12Z</time></trkpt><trkpt lat="-39.3701035436" lon="-72.6207903866"><ele>114.69</ele><time>2024-07-31T02:34:13Z</time></trkpt><trkpt lat="-39.3700914737" lon="-72.6207509916"><ele>114.70</ele><time>2024-07-31T02:34:14Z</time></trkpt><trkpt lat="-39.3700826727" lon="-72.6207276061"><ele>114.59</ele><time>2024-07-31T02:34:15Z</time></trkpt><trkpt lat="-39.3700762186" lon="-72.6207104232"><ele>114.39</ele><time>2024-07-31T02:34:16Z</time></trkpt><trkpt lat="-39.3700690940" lon="-72.6206837688"><ele>114.15</ele><time>2024-07-31T02:34:17Z</time></trkpt><trkpt lat="-39.3700667471" lon="-72.6206426974"><ele>114.25</ele><time>2024-07-31T02:34:18Z</time></trkpt><trkpt lat="-39.3700757157" lon="-72.6205955911"><ele>114.23</ele><time>2024-07-31T02:34:19Z</time></trkpt><trkpt lat="-39.3700985983" lon="-72.6205461379"><ele>114.14</ele><time>2024-07-31T02:34:20Z</time></trkpt><trkpt lat="-39.3701295275" lon="-72.6204972714"><ele>114.26</ele><time>2024-07-31T02:34:21Z</time></trkpt><trkpt lat="-39.3701685034" lon="-72.6204428729"><ele>114.12</ele><time>2024-07-31T02:34:22Z</time></trkpt><trkpt lat="-39.3708435819" lon="-72.6195881702"><ele>113.22</ele><time>2024-07-31T02:34:34Z</time></trkpt><trkpt lat="-39.3716697022" lon="-72.6182696130"><ele>111.87</ele><time>2024-07-31T02:34:48Z</time></trkpt><trkpt lat="-39.3724658154" lon="-72.6166605391"><ele>112.73</ele><time>2024-07-31T02:35:00Z</time></trkpt><trkpt lat="-39.3730346113" lon="-72.6157452352"><ele>112.91</ele><time>2024-07-31T02:35:07Z</time></trkpt><trkpt lat="-39.3731027562" lon="-72.6156060118"><ele>112.90</ele><time>2024-07-31T02:35:08Z</time></trkpt><trkpt lat="-39.3731600884" lon="-72.6154584903"><ele>112.91</ele><time>2024-07-31T02:35:09Z</time></trkpt><trkpt lat="-39.3736637570" lon="-72.6135698799"><ele>112.09</ele><time>2024-07-31T02:35:20Z</time></trkpt><trkpt lat="-39.3740377575" lon="-72.6111724880"><ele>113.84</ele><time>2024-07-31T02:35:33Z</time></trkpt><trkpt lat="-39.3739106879" lon="-72.6076315530"><ele>116.47</ele><time>2024-07-31T02:35:51Z</time></trkpt><trkpt lat="-39.3734132219" lon="-72.6044465974"><ele>117.04</ele><time>2024-07-31T02:36:07Z</time></trkpt><trkpt lat="-39.3733480107" lon="-72.6042785402"><ele>117.07</ele><time>2024-07-31T02:36:08Z</time></trkpt><trkpt lat="-39.3732665386" lon="-72.6041170210"><ele>117.08</ele><time>2024-07-31T02:36:09Z</time></trkpt><trkpt lat="-39.3731721584" lon="-72.6039611176"><ele>117.16</ele><time>2024-07-31T02:36:10Z</time></trkpt><trkpt lat="-39.3730712403" lon="-72.6038086507"><ele>117.39</ele><time>2024-07-31T02:36:11Z</time></trkpt><trkpt lat="-39.3723428529" lon="-72.6024760958"><ele>117.81</ele><time>2024-07-31T02:36:19Z</time></trkpt><trkpt lat="-39.3723079003" lon="-72.6022869162"><ele>117.48</ele><time>2024-07-31T02:36:20Z</time></trkpt><trkpt lat="-39.3722969200" lon="-72.6020942163"><ele>117.27</ele><time>2024-07-31T02:36:21Z</time></trkpt><trkpt lat="-39.3723095767" lon="-72.6018999238"><ele>117.12</ele><time>2024-07-31T02:36:22Z</time></trkpt><trkpt lat="-39.3723436911" lon="-72.6017076429"><ele>117.18</ele><time>2024-07-31T02:36:23Z</time></trkpt><trkpt lat="-39.3723960780" lon="-72.6015181281"><ele>117.11</ele><time>2024-07-31T02:36:24Z</time></trkpt><trkpt lat="-39.3724615406" lon="-72.6013300382"><ele>117.05</ele><time>2024-07-31T02:36:25Z</time></trkpt><trkpt lat="-39.3725342955" lon="-72.6011426188"><ele>117.17</ele><time>2024-07-31T02:36:26Z</time></trkpt><trkpt lat="-39.3729324359" lon="-72.6001716591"><ele>119.45</ele><time>2024-07-31T02:36:31Z</time></trkpt><trkpt lat="-39.3738759868" lon="-72.5973534957"><ele>120.60</ele><time>2024-07-31T02:36:45Z</time></trkpt><trkpt lat="-39.3747162726" lon="-72.5926271919"><ele>121.52</ele><time>2024-07-31T02:37:08Z</time></trkpt><trkpt lat="-39.3753763475" lon="-72.5888822414"><ele>123.18</ele><time>2024-07-31T02:37:28Z</time></trkpt><trkpt lat="-39.3757787626" lon="-72.5867075566"><ele>121.27</ele><time>2024-07-31T02:37:41Z</time></trkpt><trkpt lat="-39.3758500926" lon="-72.5863709394"><ele>119.54</ele><time>2024-07-31T02:37:46Z</time></trkpt><trkpt lat="-39.3758402858" lon="-72.5863447040"><ele>119.45</ele><time>2024-07-31T02:37:47Z</time></trkpt><trkpt lat="-39.3758224323" lon="-72.5863300357"><ele>119.33</ele><time>2024-07-31T02:37:48Z</time></trkpt><trkpt lat="-39.3758334126" lon="-72.5863241684"><ele>119.11</ele><time>2024-07-31T02:37:52Z</time></trkpt><trkpt lat="-39.3758166488" lon="-72.5863400102"><ele>119.19</ele><time>2024-07-31T02:37:54Z</time></trkpt><trkpt lat="-39.3758030701" lon="-72.5863677543"><ele>119.16</ele><time>2024-07-31T02:37:55Z</time></trkpt><trkpt lat="-39.3757943530" lon="-72.5864148606"><ele>119.06</ele><time>2024-07-31T02:37:56Z</time></trkpt><trkpt lat="-39.3757853843" lon="-72.5864849333"><ele>119.23</ele><time>2024-07-31T02:37:57Z</time></trkpt><trkpt lat="-39.3756548781" lon="-72.5871901028"><ele>119.49</ele><time>2024-07-31T02:38:04Z</time></trkpt><trkpt lat="-39.3756109569" lon="-72.5874095410"><ele>118.72</ele><time>2024-07-31T02:38:11Z</time></trkpt><trkpt lat="-39.3756036647" lon="-72.5874324236"><ele>118.85</ele><time>2024-07-31T02:39:06Z</time></trkpt><trkpt lat="-39.3756076042" lon="-72.5874445774"><ele>118.64</ele><time>2024-07-31T02:39:26Z</time></trkpt><trkpt lat="-39.3756033294" lon="-72.5875683781"><ele>118.75</ele><time>2024-07-31T02:39:29Z</time></trkpt><trkpt lat="-39.3755957019" lon="-72.5876354333"><ele>118.80</ele><time>2024-07-31T02:39:30Z</time></trkpt><trkpt lat="-39.3754578196" lon="-72.5884544291"><ele>120.59</ele><time>2024-07-31T02:39:37Z</time></trkpt><trkpt lat="-39.3750371318" lon="-72.5908856001"><ele>121.46</ele><time>2024-07-31T02:39:50Z</time></trkpt><trkpt lat="-39.3744921405" lon="-72.5939334277"><ele>121.80</ele><time>2024-07-31T02:40:04Z</time></trkpt><trkpt lat="-39.3736770004" lon="-72.5983282272"><ele>120.61</ele><time>2024-07-31T02:40:23Z</time></trkpt><trkpt lat="-39.3728777021" lon="-72.6004312467"><ele>119.11</ele><time>2024-07-31T02:40:33Z</time></trkpt><trkpt lat="-39.3723426852" lon="-72.6018465310"><ele>117.24</ele><time>2024-07-31T02:40:40Z</time></trkpt><trkpt lat="-39.3723141029" lon="-72.6020451821"><ele>117.14</ele><time>2024-07-31T02:40:41Z</time></trkpt><trkpt lat="-39.3723076489" lon="-72.6022437494"><ele>117.46</ele><time>2024-07-31T02:40:42Z</time></trkpt><trkpt lat="-39.3723260891" lon="-72.6024370361"><ele>117.53</ele><time>2024-07-31T02:40:43Z</time></trkpt><trkpt lat="-39.3723663222" lon="-72.6026242878"><ele>117.58</ele><time>2024-07-31T02:40:44Z</time></trkpt><trkpt lat="-39.3724246603" lon="-72.6028041635"><ele>117.33</ele><time>2024-07-31T02:40:45Z</time></trkpt><trkpt lat="-39.3724999297" lon="-72.6029759925"><ele>117.04</ele><time>2024-07-31T02:40:46Z</time></trkpt><trkpt lat="-39.3725865986" lon="-72.6031428762"><ele>117.06</ele><time>2024-07-31T02:40:47Z</time></trkpt><trkpt lat="-39.3732887506" lon="-72.6042718347"><ele>117.15</ele><time>2024-07-31T02:40:54Z</time></trkpt><trkpt lat="-39.3733652774" lon="-72.6044484414"><ele>116.69</ele><time>2024-07-31T02:40:55Z</time></trkpt><trkpt lat="-39.3734265491" lon="-72.6046382915"><ele>116.33</ele><time>2024-07-31T02:40:56Z</time></trkpt><trkpt lat="-39.3734729849" lon="-72.6048385352"><ele>116.42</ele><time>2024-07-31T02:40:57Z</time></trkpt><trkpt lat="-39.3735076021" lon="-72.6050452329"><ele>116.63</ele><time>2024-07-31T02:40:58Z</time></trkpt><trkpt lat="-39.3735376094" lon="-72.6052556187"><ele>116.89</ele><time>2024-07-31T02:40:59Z</time></trkpt><trkpt lat="-39.3739785813" lon="-72.6084840763"><ele>115.68</ele><time>2024-07-31T02:41:14Z</time></trkpt><trkpt lat="-39.3740173895" lon="-72.6114272140"><ele>114.17</ele><time>2024-07-31T02:41:27Z</time></trkpt><trkpt lat="-39.3737433851" lon="-72.6132506970"><ele>111.16</ele><time>2024-07-31T02:41:36Z</time></trkpt><trkpt lat="-39.3730448373" lon="-72.6157825347"><ele>111.13</ele><time>2024-07-31T02:41:51Z</time></trkpt><trkpt lat="-39.3729764409" lon="-72.6159126218"><ele>111.09</ele><time>2024-07-31T02:41:52Z</time></trkpt><trkpt lat="-39.3729022611" lon="-72.6160297170"><ele>110.98</ele><time>2024-07-31T02:41:53Z</time></trkpt><trkpt lat="-39.3728241418" lon="-72.6161353290"><ele>110.89</ele><time>2024-07-31T02:41:54Z</time></trkpt><trkpt lat="-39.3727460224" lon="-72.6162353251"><ele>110.89</ele><time>2024-07-31T02:41:55Z</time></trkpt><trkpt lat="-39.3721250072" lon="-72.6173963025"><ele>110.49</ele><time>2024-07-31T02:42:05Z</time></trkpt><trkpt lat="-39.3708148319" lon="-72.6196470112"><ele>112.14</ele><time>2024-07-31T02:42:25Z</time></trkpt><trkpt lat="-39.3700314593" lon="-72.6206757221"><ele>113.71</ele><time>2024-07-31T02:42:37Z</time></trkpt><trkpt lat="-39.3699938245" lon="-72.6207634807"><ele>113.98</ele><time>2024-07-31T02:42:38Z</time></trkpt><trkpt lat="-39.3699639849" lon="-72.6208565198"><ele>114.03</ele><time>2024-07-31T02:42:39Z</time></trkpt><trkpt lat="-39.3699000310" lon="-72.6210479625"><ele>113.82</ele><time>2024-07-31T02:42:41Z</time></trkpt><trkpt lat="-39.3698518351" lon="-72.6211379003"><ele>113.62</ele><time>2024-07-31T02:42:42Z</time></trkpt><trkpt lat="-39.3697897252" lon="-72.6212176960"><ele>113.77</ele><time>2024-07-31T02:42:43Z</time></trkpt><trkpt lat="-39.3697189819" lon="-72.6212912891"><ele>113.94</ele><time>2024-07-31T02:42:44Z</time></trkpt><trkpt lat="-39.3696437962" lon="-72.6213640440"><ele>114.01</ele><time>2024-07-31T02:42:45Z</time></trkpt><trkpt lat="-39.3683647178" lon="-72.6225830242"><ele>113.82</ele><time>2024-07-31T02:43:00Z</time></trkpt><trkpt lat="-39.3676092569" lon="-72.6233084779"><ele>112.31</ele><time>2024-07-31T02:43:11Z</time></trkpt><trkpt lat="-39.3668528739" lon="-72.6240386255"><ele>113.23</ele><time>2024-07-31T02:43:20Z</time></trkpt><trkpt lat="-39.3658630550" lon="-72.6249851938"><ele>111.55</ele><time>2024-07-31T02:43:33Z</time></trkpt><trkpt lat="-39.3657619692" lon="-72.6250960026"><ele>111.19</ele><time>2024-07-31T02:43:35Z</time></trkpt><trkpt lat="-39.3657319620" lon="-72.6251561847"><ele>111.11</ele><time>2024-07-31T02:43:36Z</time></trkpt><trkpt lat="-39.3657200597" lon="-72.6252227370"><ele>111.02</ele><time>2024-07-31T02:43:37Z</time></trkpt><trkpt lat="-39.3657271843" lon="-72.6252879482"><ele>110.98</ele><time>2024-07-31T02:43:38Z</time></trkpt><trkpt lat="-39.3657511566" lon="-72.6253495552"><ele>110.79</ele><time>2024-07-31T02:43:39Z</time></trkpt><trkpt lat="-39.3657848518" lon="-72.6254063006"><ele>110.64</ele><time>2024-07-31T02:43:40Z</time></trkpt><trkpt lat="-39.3658229057" lon="-72.6254627109"><ele>110.58</ele><time>2024-07-31T02:43:41Z</time></trkpt><trkpt lat="-39.3662607763" lon="-72.6262418926"><ele>110.22</ele><time>2024-07-31T02:43:52Z</time></trkpt><trkpt lat="-39.3662994169" lon="-72.6262775157"><ele>110.22</ele><time>2024-07-31T02:43:53Z</time></trkpt><trkpt lat="-39.3663381413" lon="-72.6262925193"><ele>110.23</ele><time>2024-07-31T02:43:54Z</time></trkpt><trkpt lat="-39.3663802184" lon="-72.6262915134"><ele>110.04</ele><time>2024-07-31T02:43:55Z</time></trkpt><trkpt lat="-39.3664267380" lon="-72.6262754202"><ele>110.06</ele><time>2024-07-31T02:43:56Z</time></trkpt><trkpt lat="-39.3664733414" lon="-72.6262452453"><ele>110.06</ele><time>2024-07-31T02:43:57Z</time></trkpt><trkpt lat="-39.3665194418" lon="-72.6262057666"><ele>110.08</ele><time>2024-07-31T02:43:58Z</time></trkpt><trkpt lat="-39.3665662967" lon="-72.6261605043"><ele>110.03</ele><time>2024-07-31T02:43:59Z</time></trkpt><trkpt lat="-39.3672270421" lon="-72.6255425066"><ele>110.79</ele><time>2024-07-31T02:44:12Z</time></trkpt><trkpt lat="-39.3675183132" lon="-72.6252639759"><ele>111.45</ele><time>2024-07-31T02:44:20Z</time></trkpt><trkpt lat="-39.3681189604" lon="-72.6246922463"><ele>111.29</ele><time>2024-07-31T02:44:33Z</time></trkpt><trkpt lat="-39.3683769554" lon="-72.6244476624"><ele>111.94</ele><time>2024-07-31T02:44:41Z</time></trkpt><trkpt lat="-39.3689930253" lon="-72.6238538045"><ele>112.29</ele><time>2024-07-31T02:44:54Z</time></trkpt><trkpt lat="-39.3693062570" lon="-72.6235383097"><ele>112.86</ele><time>2024-07-31T02:45:02Z</time></trkpt><trkpt lat="-39.3699335586" lon="-72.6229410991"><ele>112.62</ele><time>2024-07-31T02:45:15Z</time></trkpt><trkpt lat="-39.3705606926" lon="-72.6223492529"><ele>113.80</ele><time>2024-07-31T02:45:27Z</time></trkpt><trkpt lat="-39.3707778677" lon="-72.6221657731"><ele>113.26</ele><time>2024-07-31T02:45:36Z</time></trkpt><trkpt lat="-39.3708029296" lon="-72.6221723948"><ele>113.20</ele><time>2024-07-31T02:45:37Z</time></trkpt><trkpt lat="-39.3708279915" lon="-72.6221909188"><ele>113.24</ele><time>2024-07-31T02:45:38Z</time></trkpt><trkpt lat="-39.3708496168" lon="-72.6222174056"><ele>113.37</ele><time>2024-07-31T02:45:39Z</time></trkpt><trkpt lat="-39.3712273054" lon="-72.6228486467"><ele>111.29</ele><time>2024-07-31T02:45:54Z</time></trkpt><trkpt lat="-39.3713381141" lon="-72.6233452745"><ele>110.38</ele><time>2024-07-31T02:46:06Z</time></trkpt><trkpt lat="-39.3709262274" lon="-72.6237450074"><ele>111.31</ele><time>2024-07-31T02:46:17Z</time></trkpt><trkpt lat="-39.3705593515" lon="-72.6240935270"><ele>112.14</ele><time>2024-07-31T02:46:28Z</time></trkpt><trkpt lat="-39.3701628037" lon="-72.6244552061"><ele>113.25</ele><time>2024-07-31T02:46:35Z</time></trkpt><trkpt lat="-39.3697058223" lon="-72.6248913165"><ele>111.81</ele><time>2024-07-31T02:46:44Z</time></trkpt><trkpt lat="-39.3691894133" lon="-72.6253908779"><ele>112.93</ele><time>2024-07-31T02:46:53Z</time></trkpt><trkpt lat="-39.3687889259" lon="-72.6257732604"><ele>112.21</ele><time>2024-07-31T02:47:02Z</time></trkpt><trkpt lat="-39.3682217225" lon="-72.6263194252"><ele>112.69</ele><time>2024-07-31T02:47:10Z</time></trkpt><trkpt lat="-39.3671650998" lon="-72.6273209788"><ele>110.09</ele><time>2024-07-31T02:47:24Z</time></trkpt><trkpt lat="-39.3670517765" lon="-72.6274378225"><ele>109.02</ele><time>2024-07-31T02:47:30Z</time></trkpt><trkpt lat="-39.3670386169" lon="-72.6274752058"><ele>109.20</ele><time>2024-07-31T02:47:31Z</time></trkpt><trkpt lat="-39.3670375273" lon="-72.6275228150"><ele>109.42</ele><time>2024-07-31T02:47:32Z</time></trkpt><trkpt lat="-39.3670544587" lon="-72.6275764592"><ele>109.44</ele><time>2024-07-31T02:47:33Z</time></trkpt><trkpt lat="-39.3670851365" lon="-72.6276348811"><ele>109.44</ele><time>2024-07-31T02:47:34Z</time></trkpt><trkpt lat="-39.3671248667" lon="-72.6277002599"><ele>109.50</ele><time>2024-07-31T02:47:35Z</time></trkpt><trkpt lat="-39.3675853685" lon="-72.6284777652"><ele>109.88</ele><time>2024-07-31T02:47:45Z</time></trkpt><trkpt lat="-39.3676251825" lon="-72.6285052579"><ele>109.78</ele><time>2024-07-31T02:47:46Z</time></trkpt><trkpt lat="-39.3676704448" lon="-72.6285116281"><ele>109.78</ele><time>2024-07-31T02:47:47Z</time></trkpt><trkpt lat="-39.3677219935" lon="-72.6285024919"><ele>109.76</ele><time>2024-07-31T02:47:48Z</time></trkpt><trkpt lat="-39.3677788228" lon="-72.6284781005"><ele>109.74</ele><time>2024-07-31T02:47:49Z</time></trkpt><trkpt lat="-39.3678388372" lon="-72.6284385379"><ele>109.97</ele><time>2024-07-31T02:47:50Z</time></trkpt><trkpt lat="-39.3679014500" lon="-72.6283854805"><ele>110.11</ele><time>2024-07-31T02:47:51Z</time></trkpt><trkpt lat="-39.3679670803" lon="-72.6283243764"><ele>110.28</ele><time>2024-07-31T02:47:52Z</time></trkpt><trkpt lat="-39.3690509442" lon="-72.6272783987"><ele>111.85</ele><time>2024-07-31T02:48:06Z</time></trkpt><trkpt lat="-39.3694230169" lon="-72.6269127801"><ele>111.00</ele><time>2024-07-31T02:48:14Z</time></trkpt><trkpt lat="-39.3697923236" lon="-72.6265485026"><ele>111.76</ele><time>2024-07-31T02:48:22Z</time></trkpt><trkpt lat="-39.3702881970" lon="-72.6260808762"><ele>110.98</ele><time>2024-07-31T02:48:32Z</time></trkpt><trkpt lat="-39.3703487143" lon="-72.6260824688"><ele>110.73</ele><time>2024-07-31T02:48:34Z</time></trkpt><trkpt lat="-39.3703814875" lon="-72.6261089556"><ele>110.66</ele><time>2024-07-31T02:48:35Z</time></trkpt><trkpt lat="-39.3704115786" lon="-72.6261441596"><ele>110.70</ele><time>2024-07-31T02:48:36Z</time></trkpt><trkpt lat="-39.3704427592" lon="-72.6261921879"><ele>110.69</ele><time>2024-07-31T02:48:37Z</time></trkpt><trkpt lat="-39.3704796396" lon="-72.6262435690"><ele>110.72</ele><time>2024-07-31T02:48:38Z</time></trkpt><trkpt lat="-39.3710052688" lon="-72.6272063144"><ele>108.96</ele><time>2024-07-31T02:48:52Z</time></trkpt><trkpt lat="-39.3714465760" lon="-72.6279875077"><ele>105.80</ele><time>2024-07-31T02:49:02Z</time></trkpt><trkpt lat="-39.3715919182" lon="-72.6282516215"><ele>104.71</ele><time>2024-07-31T02:49:07Z</time></trkpt><trkpt lat="-39.3715936784" lon="-72.6283066906"><ele>104.62</ele><time>2024-07-31T02:49:08Z</time></trkpt><trkpt lat="-39.3715772498" lon="-72.6283599157"><ele>104.62</ele><time>2024-07-31T02:49:09Z</time></trkpt><trkpt lat="-39.3715386931" lon="-72.6284055971"><ele>104.85</ele><time>2024-07-31T02:49:10Z</time></trkpt><trkpt lat="-39.3714880664" lon="-72.6284485124"><ele>105.15</ele><time>2024-07-31T02:49:11Z</time></trkpt><trkpt lat="-39.3714323267" lon="-72.6284942776"><ele>105.32</ele><time>2024-07-31T02:49:12Z</time></trkpt><trkpt lat="-39.3710140698" lon="-72.6288751513"><ele>108.61</ele><time>2024-07-31T02:49:19Z</time></trkpt><trkpt lat="-39.3708669674" lon="-72.6290169731"><ele>109.88</ele><time>2024-07-31T02:49:22Z</time></trkpt><trkpt lat="-39.3707082141" lon="-72.6291620638"><ele>109.98</ele><time>2024-07-31T02:49:28Z</time></trkpt><trkpt lat="-39.3700404279" lon="-72.6297942270"><ele>110.33</ele><time>2024-07-31T02:49:39Z</time></trkpt><trkpt lat="-39.3691657763" lon="-72.6306172460"><ele>109.57</ele><time>2024-07-31T02:49:53Z</time></trkpt><trkpt lat="-39.3690366950" lon="-72.6307356823"><ele>108.48</ele><time>2024-07-31T02:50:00Z</time></trkpt><trkpt lat="-39.3689859007" lon="-72.6307867281"><ele>108.60</ele><time>2024-07-31T02:50:02Z</time></trkpt><trkpt lat="-39.3685646262" lon="-72.6312235929"><ele>109.38</ele><time>2024-07-31T02:50:10Z</time></trkpt><trkpt lat="-39.3681275100" lon="-72.6316419337"><ele>108.13</ele><time>2024-07-31T02:50:20Z</time></trkpt><trkpt lat="-39.3678161222" lon="-72.6319265831"><ele>108.63</ele><time>2024-07-31T02:50:29Z</time></trkpt><trkpt lat="-39.3673172314" lon="-72.6323773619"><ele>108.35</ele><time>2024-07-31T02:50:39Z</time></trkpt><trkpt lat="-39.3672807701" lon="-72.6323952992"><ele>108.19</ele><time>2024-07-31T02:50:40Z</time></trkpt><trkpt lat="-39.3672471587" lon="-72.6323908567"><ele>108.08</ele><time>2024-07-31T02:50:41Z</time></trkpt><trkpt lat="-39.3672141340" lon="-72.6323694829"><ele>107.93</ele><time>2024-07-31T02:50:42Z</time></trkpt><trkpt lat="-39.3671798520" lon="-72.6323376317"><ele>108.01</ele><time>2024-07-31T02:50:43Z</time></trkpt><trkpt lat="-39.3671426363" lon="-72.6323019248"><ele>108.09</ele><time>2024-07-31T02:50:44Z</time></trkpt><trkpt lat="-39.3666349445" lon="-72.6316727791"><ele>108.50</ele><time>2024-07-31T02:50:57Z</time></trkpt><trkpt lat="-39.3665306736" lon="-72.6314614713"><ele>108.15</ele><time>2024-07-31T02:51:02Z</time></trkpt><trkpt lat="-39.3665382173" lon="-72.6314155385"><ele>108.07</ele><time>2024-07-31T02:51:03Z</time></trkpt><trkpt lat="-39.3665632792" lon="-72.6313727908"><ele>107.87</ele><time>2024-07-31T02:51:04Z</time></trkpt><trkpt lat="-39.3666010816" lon="-72.6313303784"><ele>107.88</ele><time>2024-07-31T02:51:05Z</time></trkpt><trkpt lat="-39.3666460924" lon="-72.6312853675"><ele>108.07</ele><time>2024-07-31T02:51:06Z</time></trkpt><trkpt lat="-39.3672207557" lon="-72.6307325810"><ele>108.52</ele><time>2024-07-31T02:51:17Z</time></trkpt><trkpt lat="-39.3673290499" lon="-72.6306910068"><ele>108.00</ele><time>2024-07-31T02:51:22Z</time></trkpt><trkpt lat="-39.3673566263" lon="-72.6307170745"><ele>108.17</ele><time>2024-07-31T02:51:23Z</time></trkpt><trkpt lat="-39.3673824426" lon="-72.6307568885"><ele>108.18</ele><time>2024-07-31T02:51:24Z</time></trkpt><trkpt lat="-39.3677472230" lon="-72.6313929074"><ele>108.76</ele><time>2024-07-31T02:51:36Z</time></trkpt><trkpt lat="-39.3684815615" lon="-72.6325995661"><ele>108.65</ele><time>2024-07-31T02:51:52Z</time></trkpt><trkpt lat="-39.3685628660" lon="-72.6327316649"><ele>108.09</ele><time>2024-07-31T02:51:59Z</time></trkpt><trkpt lat="-39.3685869221" lon="-72.6327392925"><ele>108.17</ele><time>2024-07-31T02:52:30Z</time></trkpt><trkpt lat="-39.3686581682" lon="-72.6327972114"><ele>108.47</ele><time>2024-07-31T02:52:33Z</time></trkpt><trkpt lat="-39.3686992396" lon="-72.6328001451"><ele>108.70</ele><time>2024-07-31T02:52:34Z</time></trkpt><trkpt lat="-39.3687462620" lon="-72.6327822916"><ele>108.91</ele><time>2024-07-31T02:52:35Z</time></trkpt><trkpt lat="-39.3687992357" lon="-72.6327473391"><ele>108.97</ele><time>2024-07-31T02:52:36Z</time></trkpt><trkpt lat="-39.3688594177" lon="-72.6326984726"><ele>109.13</ele><time>2024-07-31T02:52:37Z</time></trkpt><trkpt lat="-39.3689237069" lon="-72.6326400507"><ele>109.23</ele><time>2024-07-31T02:52:38Z</time></trkpt><trkpt lat="-39.3694853783" lon="-72.6320979092"><ele>109.31</ele><time>2024-07-31T02:52:47Z</time></trkpt><trkpt lat="-39.3694971129" lon="-72.6320593525"><ele>108.80</ele><time>2024-07-31T02:52:56Z</time></trkpt><trkpt lat="-39.3695022259" lon="-72.6320173591"><ele>108.88</ele><time>2024-07-31T02:53:17Z</time></trkpt><trkpt lat="-39.3695841171" lon="-72.6319348812"><ele>109.23</ele><time>2024-07-31T02:53:20Z</time></trkpt><trkpt lat="-39.3700514082" lon="-72.6314847730"><ele>110.69</ele><time>2024-07-31T02:53:28Z</time></trkpt><trkpt lat="-39.3705078866" lon="-72.6310645882"><ele>110.29</ele><time>2024-07-31T02:53:38Z</time></trkpt><trkpt lat="-39.3707830645" lon="-72.6307854708"><ele>110.71</ele><time>2024-07-31T02:53:45Z</time></trkpt><trkpt lat="-39.3715448957" lon="-72.6300564129"><ele>109.12</ele><time>2024-07-31T02:53:57Z</time></trkpt><trkpt lat="-39.3720053975" lon="-72.6295881998"><ele>106.08</ele><time>2024-07-31T02:54:04Z</time></trkpt><trkpt lat="-39.3722594529" lon="-72.6294016186"><ele>104.52</ele><time>2024-07-31T02:54:11Z</time></trkpt><trkpt lat="-39.3722943217" lon="-72.6294172090"><ele>104.51</ele><time>2024-07-31T02:54:12Z</time></trkpt><trkpt lat="-39.3723287713" lon="-72.6294581965"><ele>104.63</ele><time>2024-07-31T02:54:13Z</time></trkpt><trkpt lat="-39.3727007601" lon="-72.6301175170"><ele>105.56</ele><time>2024-07-31T02:54:21Z</time></trkpt><trkpt lat="-39.3728673086" lon="-72.6304388791"><ele>104.99</ele><time>2024-07-31T02:54:25Z</time></trkpt><trkpt lat="-39.3728689849" lon="-72.6305043418"><ele>104.55</ele><time>2024-07-31T02:54:26Z</time></trkpt><trkpt lat="-39.3728461023" lon="-72.6305620931"><ele>104.44</ele><time>2024-07-31T02:54:27Z</time></trkpt><trkpt lat="-39.3728041090" lon="-72.6306138095"><ele>104.63</ele><time>2024-07-31T02:54:28Z</time></trkpt><trkpt lat="-39.3727501296" lon="-72.6306657773"><ele>105.05</ele><time>2024-07-31T02:54:29Z</time></trkpt><trkpt lat="-39.3726887740" lon="-72.6307214331"><ele>105.14</ele><time>2024-07-31T02:54:30Z</time></trkpt><trkpt lat="-39.3721387535" lon="-72.6312941685"><ele>107.06</ele><time>2024-07-31T02:54:39Z</time></trkpt><trkpt lat="-39.3717379309" lon="-72.6316914707"><ele>108.75</ele><time>2024-07-31T02:54:47Z</time></trkpt><trkpt lat="-39.3712600786" lon="-72.6321439259"><ele>110.60</ele><time>2024-07-31T02:54:56Z</time></trkpt><trkpt lat="-39.3709813803" lon="-72.6324081235"><ele>111.07</ele><time>2024-07-31T02:55:05Z</time></trkpt><trkpt lat="-39.3703962397" lon="-72.6329614129"><ele>110.95</ele><time>2024-07-31T02:55:16Z</time></trkpt><trkpt lat="-39.3700952455" lon="-72.6332491636"><ele>111.33</ele><time>2024-07-31T02:55:24Z</time></trkpt><trkpt lat="-39.3694263697" lon="-72.6338847633"><ele>109.90</ele><time>2024-07-31T02:55:37Z</time></trkpt><trkpt lat="-39.3693395332" lon="-72.6340560056"><ele>110.17</ele><time>2024-07-31T02:55:43Z</time></trkpt><trkpt lat="-39.3693609908" lon="-72.6341074705"><ele>110.17</ele><time>2024-07-31T02:55:44Z</time></trkpt><trkpt lat="-39.3693899084" lon="-72.6341559179"><ele>110.18</ele><time>2024-07-31T02:55:45Z</time></trkpt><trkpt lat="-39.3698408548" lon="-72.6349268854"><ele>111.11</ele><time>2024-07-31T02:55:55Z</time></trkpt><trkpt lat="-39.3699189741" lon="-72.6350324973"><ele>110.90</ele><time>2024-07-31T02:55:57Z</time></trkpt><trkpt lat="-39.3699658290" lon="-72.6350438129"><ele>110.90</ele><time>2024-07-31T02:55:58Z</time></trkpt><trkpt lat="-39.3700140249" lon="-72.6350293960"><ele>110.97</ele><time>2024-07-31T02:55:59Z</time></trkpt><trkpt lat="-39.3700612988" lon="-72.6349925157"><ele>110.84</ele><time>2024-07-31T02:56:00Z</time></trkpt><trkpt lat="-39.3701083213" lon="-72.6349418052"><ele>110.91</ele><time>2024-07-31T02:56:01Z</time></trkpt><trkpt lat="-39.3701597862" lon="-72.6348845568"><ele>111.03</ele><time>2024-07-31T02:56:02Z</time></trkpt><trkpt lat="-39.3707662169" lon="-72.6342917886"><ele>111.63</ele><time>2024-07-31T02:56:13Z</time></trkpt><trkpt lat="-39.3708078749" lon="-72.6342460234"><ele>111.35</ele><time>2024-07-31T02:56:21Z</time></trkpt><trkpt lat="-39.3708144128" lon="-72.6342422515"><ele>111.42</ele><time>2024-07-31T02:56:25Z</time></trkpt><trkpt lat="-39.3708797079" lon="-72.6341791358"><ele>111.76</ele><time>2024-07-31T02:56:28Z</time></trkpt><trkpt lat="-39.3713723961" lon="-72.6337100007"><ele>111.12</ele><time>2024-07-31T02:56:39Z</time></trkpt><trkpt lat="-39.3718291260" lon="-72.6332727168"><ele>108.68</ele><time>2024-07-31T02:56:50Z</time></trkpt><trkpt lat="-39.3723630533" lon="-72.6327610854"><ele>109.17</ele><time>2024-07-31T02:56:59Z</time></trkpt><trkpt lat="-39.3726430926" lon="-72.6325014979"><ele>107.99</ele><time>2024-07-31T02:57:07Z</time></trkpt><trkpt lat="-39.3728889339" lon="-72.6322829816"><ele>108.48</ele><time>2024-07-31T02:57:14Z</time></trkpt><trkpt lat="-39.3734914251" lon="-72.6317216456"><ele>107.58</ele><time>2024-07-31T02:57:24Z</time></trkpt><trkpt lat="-39.3737050798" lon="-72.6315130200"><ele>107.57</ele><time>2024-07-31T02:57:31Z</time></trkpt><trkpt lat="-39.3742875382" lon="-72.6309670229"><ele>107.13</ele><time>2024-07-31T02:57:42Z</time></trkpt><trkpt lat="-39.3744980078" lon="-72.6307706349"><ele>106.74</ele><time>2024-07-31T02:57:49Z</time></trkpt><trkpt lat="-39.3750090525" lon="-72.6302752644"><ele>106.94</ele><time>2024-07-31T02:57:57Z</time></trkpt><trkpt lat="-39.3752591684" lon="-72.6300347876"><ele>105.80</ele><time>2024-07-31T02:58:01Z</time></trkpt><trkpt lat="-39.3753008265" lon="-72.6300125755"><ele>105.34</ele><time>2024-07-31T02:58:02Z</time></trkpt><trkpt lat="-39.3753373716" lon="-72.6300169341"><ele>104.99</ele><time>2024-07-31T02:58:03Z</time></trkpt><trkpt lat="-39.3753714021" lon="-72.6300476119"><ele>104.91</ele><time>2024-07-31T02:58:04Z</time></trkpt><trkpt lat="-39.3754081987" lon="-72.6301010046"><ele>105.01</ele><time>2024-07-31T02:58:05Z</time></trkpt><trkpt lat="-39.3754469231" lon="-72.6301644556"><ele>105.22</ele><time>2024-07-31T02:58:06Z</time></trkpt><trkpt lat="-39.3754848931" lon="-72.6302295830"><ele>105.45</ele><time>2024-07-31T02:58:07Z</time></trkpt><trkpt lat="-39.3759096880" lon="-72.6309640054"><ele>106.06</ele><time>2024-07-31T02:58:16Z</time></trkpt><trkpt lat="-39.3759249430" lon="-72.6310258638"><ele>106.00</ele><time>2024-07-31T02:58:17Z</time></trkpt><trkpt lat="-39.3759243563" lon="-72.6310808491"><ele>105.69</ele><time>2024-07-31T02:58:18Z</time></trkpt><trkpt lat="-39.3759032339" lon="-72.6311359182"><ele>105.52</ele><time>2024-07-31T02:58:19Z</time></trkpt><trkpt lat="-39.3758658506" lon="-72.6311882213"><ele>105.42</ele><time>2024-07-31T02:58:20Z</time></trkpt><trkpt lat="-39.3758165650" lon="-72.6312404405"><ele>105.80</ele><time>2024-07-31T02:58:21Z</time></trkpt><trkpt lat="-39.3757577240" lon="-72.6312997006"><ele>106.03</ele><time>2024-07-31T02:58:22Z</time></trkpt><trkpt lat="-39.3751631118" lon="-72.6318923011"><ele>106.39</ele><time>2024-07-31T02:58:32Z</time></trkpt><trkpt lat="-39.3747741915" lon="-72.6322818920"><ele>107.19</ele><time>2024-07-31T02:58:40Z</time></trkpt><trkpt lat="-39.3742979318" lon="-72.6327356044"><ele>107.18</ele><time>2024-07-31T02:58:48Z</time></trkpt><trkpt lat="-39.3739921600" lon="-72.6330386940"><ele>108.06</ele><time>2024-07-31T02:58:56Z</time></trkpt><trkpt lat="-39.3733930215" lon="-72.6335934922"><ele>108.49</ele><time>2024-07-31T02:59:07Z</time></trkpt><trkpt lat="-39.3729953840" lon="-72.6339735277"><ele>109.29</ele><time>2024-07-31T02:59:14Z</time></trkpt><trkpt lat="-39.3717890605" lon="-72.6351138018"><ele>110.72</ele><time>2024-07-31T02:59:30Z</time></trkpt><trkpt lat="-39.3716539443" lon="-72.6352402847"><ele>110.56</ele><time>2024-07-31T02:59:35Z</time></trkpt><trkpt lat="-39.3713703845" lon="-72.6355285384"><ele>111.75</ele><time>2024-07-31T02:59:42Z</time></trkpt><trkpt lat="-39.3707486987" lon="-72.6361372322"><ele>112.55</ele><time>2024-07-31T02:59:52Z</time></trkpt><trkpt lat="-39.3706483673" lon="-72.6362637989"><ele>112.28</ele><time>2024-07-31T02:59:57Z</time></trkpt><trkpt lat="-39.3706472777" lon="-72.6363173593"><ele>112.49</ele><time>2024-07-31T02:59:58Z</time></trkpt><trkpt lat="-39.3706679810" lon="-72.6363739371"><ele>112.62</ele><time>2024-07-31T02:59:59Z</time></trkpt><trkpt lat="-39.3707041070" lon="-72.6364372205"><ele>112.52</ele><time>2024-07-31T03:00:00Z</time></trkpt><trkpt lat="-39.3707518000" lon="-72.6365178544"><ele>112.54</ele><time>2024-07-31T03:00:01Z</time></trkpt><trkpt lat="-39.3712815363" lon="-72.6373643428"><ele>112.63</ele><time>2024-07-31T03:00:10Z</time></trkpt><trkpt lat="-39.3713410478" lon="-72.6373982057"><ele>112.35</ele><time>2024-07-31T03:00:11Z</time></trkpt><trkpt lat="-39.3713990506" lon="-72.6374015585"><ele>112.01</ele><time>2024-07-31T03:00:12Z</time></trkpt><trkpt lat="-39.3714534491" lon="-72.6373807713"><ele>111.97</ele><time>2024-07-31T03:00:13Z</time></trkpt><trkpt lat="-39.3715086859" lon="-72.6373441424"><ele>111.81</ele><time>2024-07-31T03:00:14Z</time></trkpt><trkpt lat="-39.3715657666" lon="-72.6372972038"><ele>111.62</ele><time>2024-07-31T03:00:15Z</time></trkpt><trkpt lat="-39.3716251105" lon="-72.6372443140"><ele>111.50</ele><time>2024-07-31T03:00:16Z</time></trkpt><trkpt lat="-39.3726638798" lon="-72.6362280082"><ele>109.60</ele><time>2024-07-31T03:00:32Z</time></trkpt><trkpt lat="-39.3738108594" lon="-72.6351303142"><ele>109.69</ele><time>2024-07-31T03:00:48Z</time></trkpt><trkpt lat="-39.3745066412" lon="-72.6344292518"><ele>108.73</ele><time>2024-07-31T03:01:01Z</time></trkpt><trkpt lat="-39.3749801349" lon="-72.6339600328"><ele>108.52</ele><time>2024-07-31T03:01:10Z</time></trkpt><trkpt lat="-39.3760608975" lon="-72.6329081878"><ele>108.39</ele><time>2024-07-31T03:01:26Z</time></trkpt><trkpt lat="-39.3771065399" lon="-72.6317812409"><ele>110.98</ele><time>2024-07-31T03:01:41Z</time></trkpt><trkpt lat="-39.3779126275" lon="-72.6310160570"><ele>110.21</ele><time>2024-07-31T03:01:56Z</time></trkpt><trkpt lat="-39.3782444671" lon="-72.6308128797"><ele>110.24</ele><time>2024-07-31T03:02:04Z</time></trkpt><trkpt lat="-39.3793122377" lon="-72.6303518750"><ele>110.42</ele><time>2024-07-31T03:02:16Z</time></trkpt><trkpt lat="-39.3802399468" lon="-72.6299599372"><ele>109.61</ele><time>2024-07-31T03:02:28Z</time></trkpt><trkpt lat="-39.3808611296" lon="-72.6296897884"><ele>110.89</ele><time>2024-07-31T03:02:37Z</time></trkpt><trkpt lat="-39.3816089630" lon="-72.6293737907"><ele>110.30</ele><time>2024-07-31T03:02:48Z</time></trkpt><trkpt lat="-39.3820499349" lon="-72.6291661710"><ele>110.20</ele><time>2024-07-31T03:02:58Z</time></trkpt><trkpt lat="-39.3827237561" lon="-72.6288567111"><ele>110.33</ele><time>2024-07-31T03:03:12Z</time></trkpt><trkpt lat="-39.3833956495" lon="-72.6285977103"><ele>111.53</ele><time>2024-07-31T03:03:24Z</time></trkpt><trkpt lat="-39.3837140780" lon="-72.6284194272"><ele>111.51</ele><time>2024-07-31T03:03:34Z</time></trkpt><trkpt lat="-39.3835432548" lon="-72.6282113884"><ele>111.43</ele><time>2024-07-31T03:03:46Z</time></trkpt><trkpt lat="-39.3832425121" lon="-72.6278346218"><ele>111.33</ele><time>2024-07-31T03:04:00Z</time></trkpt><trkpt lat="-39.3829922285" lon="-72.6276427601"><ele>111.24</ele><time>2024-07-31T03:04:11Z</time></trkpt><trkpt lat="-39.3826733809" lon="-72.6277938019"><ele>111.07</ele><time>2024-07-31T03:04:21Z</time></trkpt><trkpt lat="-39.3822882324" lon="-72.6279518008"><ele>110.59</ele><time>2024-07-31T03:04:31Z</time></trkpt><trkpt lat="-39.3821219355" lon="-72.6280308422"><ele>110.54</ele><time>2024-07-31T03:04:41Z</time></trkpt><trkpt lat="-39.3819766771" lon="-72.6280947123"><ele>110.60</ele><time>2024-07-31T03:04:57Z</time></trkpt><trkpt lat="-39.3817513715" lon="-72.6281968039"><ele>110.53</ele><time>2024-07-31T03:05:09Z</time></trkpt><trkpt lat="-39.3813761976" lon="-72.6283624303"><ele>110.30</ele><time>2024-07-31T03:05:20Z</time></trkpt><trkpt lat="-39.3813684024" lon="-72.6283750031"><ele>110.36</ele><time>2024-07-31T03:05:21Z</time></trkpt><trkpt lat="-39.3813668936" lon="-72.6283969637"><ele>110.32</ele><time>2024-07-31T03:05:22Z</time></trkpt><trkpt lat="-39.3813746050" lon="-72.6284251269"><ele>110.42</ele><time>2024-07-31T03:05:23Z</time></trkpt><trkpt lat="-39.3815204501" lon="-72.6289741416"><ele>110.63</ele><time>2024-07-31T03:05:36Z</time></trkpt><trkpt lat="-39.3815975636" lon="-72.6293417718"><ele>110.24</ele><time>2024-07-31T03:05:47Z</time></trkpt><trkpt lat="-39.3815815542" lon="-72.6293714438"><ele>110.35</ele><time>2024-07-31T03:05:48Z</time></trkpt><trkpt lat="-39.3815527204" lon="-72.6293992717"><ele>110.31</ele><time>2024-07-31T03:05:49Z</time></trkpt><trkpt lat="-39.3815160915" lon="-72.6294198912"><ele>110.35</ele><time>2024-07-31T03:05:50Z</time></trkpt><trkpt lat="-39.3814724218" lon="-72.6294400077"><ele>110.27</ele><time>2024-07-31T03:05:51Z</time></trkpt><trkpt lat="-39.3814217113" lon="-72.6294566877"><ele>110.50</ele><time>2024-07-31T03:05:52Z</time></trkpt><trkpt lat="-39.3813673127" lon="-72.6294737868"><ele>110.54</ele><time>2024-07-31T03:05:53Z</time></trkpt><trkpt lat="-39.3806486484" lon="-72.6297587715"><ele>110.48</ele><time>2024-07-31T03:06:04Z</time></trkpt><trkpt lat="-39.3805319723" lon="-72.6297689136"><ele>109.84</ele><time>2024-07-31T03:06:07Z</time></trkpt><trkpt lat="-39.3805084191" lon="-72.6297389902"><ele>109.89</ele><time>2024-07-31T03:06:08Z</time></trkpt><trkpt lat="-39.3804877158" lon="-72.6296975836"><ele>110.02</ele><time>2024-07-31T03:06:09Z</time></trkpt><trkpt lat="-39.3804700300" lon="-72.6296462864"><ele>110.15</ele><time>2024-07-31T03:06:10Z</time></trkpt><trkpt lat="-39.3804541044" lon="-72.6295903791"><ele>110.27</ele><time>2024-07-31T03:06:11Z</time></trkpt><trkpt lat="-39.3802008871" lon="-72.6287119556"><ele>110.98</ele><time>2024-07-31T03:06:23Z</time></trkpt><trkpt lat="-39.3800174911" lon="-72.6279993262"><ele>110.25</ele><time>2024-07-31T03:06:33Z</time></trkpt><trkpt lat="-39.3800309859" lon="-72.6279281639"><ele>109.91</ele><time>2024-07-31T03:06:36Z</time></trkpt><trkpt lat="-39.3800545391" lon="-72.6278964803"><ele>109.99</ele><time>2024-07-31T03:06:37Z</time></trkpt><trkpt lat="-39.3800906651" lon="-72.6278714184"><ele>110.05</ele><time>2024-07-31T03:06:38Z</time></trkpt><trkpt lat="-39.3801344186" lon="-72.6278516371"><ele>110.18</ele><time>2024-07-31T03:06:39Z</time></trkpt><trkpt lat="-39.3801863864" lon="-72.6278300118"><ele>110.39</ele><time>2024-07-31T03:06:40Z</time></trkpt><trkpt lat="-39.3808699306" lon="-72.6275600307"><ele>110.62</ele><time>2024-07-31T03:06:51Z</time></trkpt><trkpt lat="-39.3810451124" lon="-72.6274777204"><ele>110.17</ele><time>2024-07-31T03:06:56Z</time></trkpt><trkpt lat="-39.3810536619" lon="-72.6274560113"><ele>110.17</ele><time>2024-07-31T03:06:57Z</time></trkpt><trkpt lat="-39.3810544163" lon="-72.6274264231"><ele>110.07</ele><time>2024-07-31T03:06:58Z</time></trkpt><trkpt lat="-39.3810470402" lon="-72.6273886207"><ele>110.06</ele><time>2024-07-31T03:06:59Z</time></trkpt><trkpt lat="-39.3810339645" lon="-72.6273462083"><ele>110.20</ele><time>2024-07-31T03:07:00Z</time></trkpt><trkpt lat="-39.3810186256" lon="-72.6272973418"><ele>110.09</ele><time>2024-07-31T03:07:01Z</time></trkpt><trkpt lat="-39.3810021970" lon="-72.6272417698"><ele>110.25</ele><time>2024-07-31T03:07:02Z</time></trkpt><trkpt lat="-39.3809672445" lon="-72.6270086691"><ele>110.03</ele><time>2024-07-31T03:07:09Z</time></trkpt><trkpt lat="-39.3809794821" lon="-72.6269951742"><ele>109.91</ele><time>2024-07-31T03:07:10Z</time></trkpt><trkpt lat="-39.3809951562" lon="-72.6269828528"><ele>109.98</ele><time>2024-07-31T03:07:11Z</time></trkpt><trkpt lat="-39.3810120039" lon="-72.6269724593"><ele>110.07</ele><time>2024-07-31T03:07:12Z</time></trkpt><trkpt lat="-39.3810271751" lon="-72.6269653346"><ele>109.96</ele><time>2024-07-31T03:07:13Z</time></trkpt><trkpt lat="-39.3810411729" lon="-72.6269592158"><ele>109.96</ele><time>2024-07-31T03:07:14Z</time></trkpt><trkpt lat="-39.3811157718" lon="-72.6269283704"><ele>109.79</ele><time>2024-07-31T03:07:21Z</time></trkpt><trkpt lat="-39.3811803963" lon="-72.6269016322"><ele>110.03</ele><time>2024-07-31T03:07:24Z</time></trkpt><trkpt lat="-39.3812996708" lon="-72.6268531848"><ele>109.83</ele><time>2024-07-31T03:07:35Z</time></trkpt><trkpt lat="-39.3812745251" lon="-72.6268444676"><ele>109.82</ele><time>2024-07-31T03:07:56Z</time></trkpt><trkpt lat="-39.3812708370" lon="-72.6267931703"><ele>109.76</ele><time>2024-07-31T03:08:01Z</time></trkpt><trkpt lat="-39.3812399916" lon="-72.6266864687"><ele>109.72</ele><time>2024-07-31T03:08:13Z</time></trkpt><trkpt lat="-39.3812622037" lon="-72.6267539430"><ele>109.63</ele><time>2024-07-31T03:08:20Z</time></trkpt><trkpt lat="-39.3812657241" lon="-72.6267691143"><ele>109.67</ele><time>2024-07-31T03:08:21Z</time></trkpt><trkpt lat="-39.3812699988" lon="-72.6267834473"><ele>109.71</ele><time>2024-07-31T03:08:22Z</time></trkpt><trkpt lat="-39.3812926300" lon="-72.6268282067"><ele>109.49</ele><time>2024-07-31T03:08:39Z</time></trkpt><trkpt lat="-39.3812757824" lon="-72.6268280391"><ele>109.44</ele><time>2024-07-31T03:08:42Z</time></trkpt><trkpt lat="-39.3812115770" lon="-72.6268650871"><ele>109.60</ele><time>2024-07-31T03:08:45Z</time></trkpt><trkpt lat="-39.3809964973" lon="-72.6270400174"><ele>109.41</ele><time>2024-07-31T03:08:56Z</time></trkpt><trkpt lat="-39.3810046278" lon="-72.6270797476"><ele>109.34</ele><time>2024-07-31T03:08:57Z</time></trkpt><trkpt lat="-39.3810938951" lon="-72.6274042949"><ele>109.11</ele><time>2024-07-31T03:09:07Z</time></trkpt><trkpt lat="-39.3811057974" lon="-72.6274158619"><ele>109.25</ele><time>2024-07-31T03:09:08Z</time></trkpt><trkpt lat="-39.3811411690" lon="-72.6274187956"><ele>109.09</ele><time>2024-07-31T03:09:16Z</time></trkpt><trkpt lat="-39.3812106550" lon="-72.6273876987"><ele>109.29</ele><time>2024-07-31T03:09:19Z</time></trkpt><trkpt lat="-39.3816225417" lon="-72.6272201445"><ele>110.34</ele><time>2024-07-31T03:09:30Z</time></trkpt><trkpt lat="-39.3817289919" lon="-72.6271238364"><ele>110.26</ele><time>2024-07-31T03:09:34Z</time></trkpt><trkpt lat="-39.3817318417" lon="-72.6270859502"><ele>110.28</ele><time>2024-07-31T03:09:35Z</time></trkpt><trkpt lat="-39.3817239627" lon="-72.6270401012"><ele>110.30</ele><time>2024-07-31T03:09:36Z</time></trkpt><trkpt lat="-39.3816051912" lon="-72.6267303061"><ele>110.26</ele><time>2024-07-31T03:09:44Z</time></trkpt><trkpt lat="-39.3815805484" lon="-72.6267334912"><ele>110.27</ele><time>2024-07-31T03:09:45Z</time></trkpt><trkpt lat="-39.3815549836" lon="-72.6267420407"><ele>110.14</ele><time>2024-07-31T03:09:46Z</time></trkpt><trkpt lat="-39.3814992439" lon="-72.6267718803"><ele>110.18</ele><time>2024-07-31T03:09:54Z</time></trkpt><trkpt lat="-39.3815347832" lon="-72.6267553680"><ele>110.08</ele><time>2024-07-31T03:09:56Z</time></trkpt><trkpt lat="-39.3816271517" lon="-72.6267036516"><ele>110.15</ele><time>2024-07-31T03:10:03Z</time></trkpt><trkpt lat="-39.3816427421" lon="-72.6266808528"><ele>110.00</ele><time>2024-07-31T03:10:09Z</time></trkpt><trkpt lat="-39.3816834781" lon="-72.6267871354"><ele>110.23</ele><time>2024-07-31T03:10:12Z</time></trkpt><trkpt lat="-39.3817572389" lon="-72.6271361578"><ele>110.00</ele><time>2024-07-31T03:10:21Z</time></trkpt><trkpt lat="-39.3815619405" lon="-72.6272726990"><ele>110.52</ele><time>2024-07-31T03:10:30Z</time></trkpt><trkpt lat="-39.3813138362" lon="-72.6273606252"><ele>110.58</ele><time>2024-07-31T03:10:35Z</time></trkpt><trkpt lat="-39.3811093178" lon="-72.6274618786"><ele>110.06</ele><time>2024-07-31T03:10:39Z</time></trkpt><trkpt lat="-39.3810549192" lon="-72.6274980884"><ele>110.02</ele><time>2024-07-31T03:10:40Z</time></trkpt><trkpt lat="-39.3809946533" lon="-72.6275291014"><ele>110.19</ele><time>2024-07-31T03:10:41Z</time></trkpt><trkpt lat="-39.3809284363" lon="-72.6275534090"><ele>110.29</ele><time>2024-07-31T03:10:42Z</time></trkpt><trkpt lat="-39.3808567710" lon="-72.6275757886"><ele>110.43</ele><time>2024-07-31T03:10:43Z</time></trkpt><trkpt lat="-39.3804594688" lon="-72.6277390681"><ele>110.70</ele><time>2024-07-31T03:10:49Z</time></trkpt><trkpt lat="-39.3804325629" lon="-72.6277642976"><ele>110.48</ele><time>2024-07-31T03:10:50Z</time></trkpt><trkpt lat="-39.3804220017" lon="-72.6277969871"><ele>110.35</ele><time>2024-07-31T03:10:51Z</time></trkpt><trkpt lat="-39.3804262765" lon="-72.6278344542"><ele>110.22</ele><time>2024-07-31T03:10:52Z</time></trkpt><trkpt lat="-39.3804356642" lon="-72.6278759446"><ele>110.17</ele><time>2024-07-31T03:10:53Z</time></trkpt><trkpt lat="-39.3806178030" lon="-72.6285823714"><ele>110.63</ele><time>2024-07-31T03:11:05Z</time></trkpt><trkpt lat="-39.3808510713" lon="-72.6294928975"><ele>110.12</ele><time>2024-07-31T03:11:19Z</time></trkpt><trkpt lat="-39.3808897957" lon="-72.6296561770"><ele>109.73</ele><time>2024-07-31T03:11:25Z</time></trkpt><trkpt lat="-39.3809062243" lon="-72.6296696719"><ele>109.88</ele><time>2024-07-31T03:11:26Z</time></trkpt><trkpt lat="-39.3809289392" lon="-72.6296755392"><ele>110.00</ele><time>2024-07-31T03:11:27Z</time></trkpt><trkpt lat="-39.3809529115" lon="-72.6296690851"><ele>110.10</ele><time>2024-07-31T03:11:28Z</time></trkpt><trkpt lat="-39.3809773866" lon="-72.6296580210"><ele>110.00</ele><time>2024-07-31T03:11:29Z</time></trkpt><trkpt lat="-39.3810321204" lon="-72.6296626311"><ele>109.89</ele><time>2024-07-31T03:11:31Z</time></trkpt><trkpt lat="-39.3810542487" lon="-72.6296892855"><ele>109.94</ele><time>2024-07-31T03:11:32Z</time></trkpt><trkpt lat="-39.3810715992" lon="-72.6297311950"><ele>109.80</ele><time>2024-07-31T03:11:33Z</time></trkpt><trkpt lat="-39.3810861837" lon="-72.6297831628"><ele>109.89</ele><time>2024-07-31T03:11:34Z</time></trkpt><trkpt lat="-39.3811012711" lon="-72.6298394892"><ele>110.05</ele><time>2024-07-31T03:11:35Z</time></trkpt><trkpt lat="-39.3813195359" lon="-72.6306633465"><ele>110.08</ele><time>2024-07-31T03:11:47Z</time></trkpt><trkpt lat="-39.3814299256" lon="-72.6310510095"><ele>110.14</ele><time>2024-07-31T03:11:55Z</time></trkpt><trkpt lat="-39.3816432450" lon="-72.6318613719"><ele>109.69</ele><time>2024-07-31T03:12:04Z</time></trkpt><trkpt lat="-39.3816361204" lon="-72.6319581829"><ele>109.23</ele><time>2024-07-31T03:12:06Z</time></trkpt><trkpt lat="-39.3816115614" lon="-72.6320089772"><ele>109.20</ele><time>2024-07-31T03:12:07Z</time></trkpt><trkpt lat="-39.3815750163" lon="-72.6320677344"><ele>109.46</ele><time>2024-07-31T03:12:08Z</time></trkpt><trkpt lat="-39.3813423347" lon="-72.6323491987"><ele>108.96</ele><time>2024-07-31T03:12:15Z</time></trkpt><trkpt lat="-39.3813080527" lon="-72.6323332731"><ele>108.99</ele><time>2024-07-31T03:12:17Z</time></trkpt><trkpt lat="-39.3812918756" lon="-72.6323082112"><ele>109.05</ele><time>2024-07-31T03:12:18Z</time></trkpt><trkpt lat="-39.3812786322" lon="-72.6322709117"><ele>109.13</ele><time>2024-07-31T03:12:19Z</time></trkpt><trkpt lat="-39.3810868543" lon="-72.6315588690"><ele>110.06</ele><time>2024-07-31T03:12:29Z</time></trkpt><trkpt lat="-39.3807449564" lon="-72.6302175969"><ele>110.60</ele><time>2024-07-31T03:12:44Z</time></trkpt><trkpt lat="-39.3806191441" lon="-72.6298122481"><ele>109.85</ele><time>2024-07-31T03:12:52Z</time></trkpt><trkpt lat="-39.3805787433" lon="-72.6297962386"><ele>109.86</ele><time>2024-07-31T03:12:53Z</time></trkpt><trkpt lat="-39.3805292062" lon="-72.6297985017"><ele>110.00</ele><time>2024-07-31T03:12:54Z</time></trkpt><trkpt lat="-39.3804721255" lon="-72.6298171934"><ele>109.92</ele><time>2024-07-31T03:12:55Z</time></trkpt><trkpt lat="-39.3804105185" lon="-72.6298440155"><ele>110.09</ele><time>2024-07-31T03:12:56Z</time></trkpt><trkpt lat="-39.3798018247" lon="-72.6301062014"><ele>109.78</ele><time>2024-07-31T03:13:07Z</time></trkpt><trkpt lat="-39.3797610048" lon="-72.6301022619"><ele>109.63</ele><time>2024-07-31T03:13:08Z</time></trkpt><trkpt lat="-39.3797285669" lon="-72.6300721709"><ele>109.48</ele><time>2024-07-31T03:13:09Z</time></trkpt><trkpt lat="-39.3797056843" lon="-72.6300193649"><ele>109.63</ele><time>2024-07-31T03:13:10Z</time></trkpt><trkpt lat="-39.3796879146" lon="-72.6299576741"><ele>109.83</ele><time>2024-07-31T03:13:11Z</time></trkpt><trkpt lat="-39.3796719052" lon="-72.6298963185"><ele>110.02</ele><time>2024-07-31T03:13:12Z</time></trkpt><trkpt lat="-39.3794817198" lon="-72.6292111818"><ele>110.37</ele><time>2024-07-31T03:13:23Z</time></trkpt><trkpt lat="-39.3792642094" lon="-72.6283882465"><ele>110.31</ele><time>2024-07-31T03:13:33Z</time></trkpt><trkpt lat="-39.3791963998" lon="-72.6282264758"><ele>109.65</ele><time>2024-07-31T03:13:40Z</time></trkpt><trkpt lat="-39.3791802227" lon="-72.6282341033"><ele>109.80</ele><time>2024-07-31T03:13:42Z</time></trkpt><trkpt lat="-39.3788568489" lon="-72.6284069382"><ele>110.03</ele><time>2024-07-31T03:13:58Z</time></trkpt><trkpt lat="-39.3783748895" lon="-72.6286377758"><ele>110.41</ele><time>2024-07-31T03:14:16Z</time></trkpt><trkpt lat="-39.3780371826" lon="-72.6287732273"><ele>110.87</ele><time>2024-07-31T03:14:32Z</time></trkpt><trkpt lat="-39.3780192453" lon="-72.6287648454"><ele>110.82</ele><time>2024-07-31T03:14:37Z</time></trkpt><trkpt lat="-39.3779954407" lon="-72.6286443137"><ele>111.11</ele><time>2024-07-31T03:14:41Z</time></trkpt><trkpt lat="-39.3779852986" lon="-72.6278173551"><ele>112.32</ele><time>2024-07-31T03:14:50Z</time></trkpt><trkpt lat="-39.3779697921" lon="-72.6263620891"><ele>112.36</ele><time>2024-07-31T03:15:06Z</time></trkpt><trkpt lat="-39.3781610671" lon="-72.6256368030"><ele>113.00</ele><time>2024-07-31T03:15:14Z</time></trkpt><trkpt lat="-39.3790207990" lon="-72.6244214270"><ele>112.41</ele><time>2024-07-31T03:15:29Z</time></trkpt><trkpt lat="-39.3801524397" lon="-72.6228312124"><ele>112.62</ele><time>2024-07-31T03:15:49Z</time></trkpt><trkpt lat="-39.3812953122" lon="-72.6212207973"><ele>115.06</ele><time>2024-07-31T03:16:08Z</time></trkpt><trkpt lat="-39.3820578977" lon="-72.6201883983"><ele>114.35</ele><time>2024-07-31T03:16:21Z</time></trkpt><trkpt lat="-39.3829470500" lon="-72.6189555041"><ele>114.84</ele><time>2024-07-31T03:16:37Z</time></trkpt><trkpt lat="-39.3838477693" lon="-72.6177331712"><ele>115.01</ele><time>2024-07-31T03:16:54Z</time></trkpt><trkpt lat="-39.3848835211" lon="-72.6163690165"><ele>115.16</ele><time>2024-07-31T03:17:13Z</time></trkpt><trkpt lat="-39.3856690731" lon="-72.6154113840"><ele>114.71</ele><time>2024-07-31T03:17:29Z</time></trkpt><trkpt lat="-39.3859792035" lon="-72.6150115672"><ele>114.43</ele><time>2024-07-31T03:17:36Z</time></trkpt><trkpt lat="-39.3860057741" lon="-72.6149857510"><ele>114.31</ele><time>2024-07-31T03:17:37Z</time></trkpt><trkpt lat="-39.3860265613" lon="-72.6149730943"><ele>114.12</ele><time>2024-07-31T03:17:38Z</time></trkpt><trkpt lat="-39.3860606756" lon="-72.6149363816"><ele>114.23</ele><time>2024-07-31T03:17:42Z</time></trkpt><trkpt lat="-39.3860605080" lon="-72.6149221323"><ele>114.25</ele><time>2024-07-31T03:17:43Z</time></trkpt><trkpt lat="-39.3860693928" lon="-72.6149845775"><ele>114.09</ele><time>2024-07-31T03:17:56Z</time></trkpt><trkpt lat="-39.3860610947" lon="-72.6149709150"><ele>114.22</ele><time>2024-07-31T03:18:12Z</time></trkpt><trkpt lat="-39.3860552274" lon="-72.6149830688"><ele>112.81</ele><time>2024-07-31T03:18:37Z</time></trkpt><trkpt lat="-39.3860475160" lon="-72.6149878465"><ele>114.55</ele><time>2024-07-31T03:18:42Z</time></trkpt><trkpt lat="-39.3860153295" lon="-72.6149920374"><ele>114.18</ele><time>2024-07-31T03:19:11Z</time></trkpt><trkpt lat="-39.3860029243" lon="-72.6149893552"><ele>114.29</ele><time>2024-07-31T03:19:12Z</time></trkpt><trkpt lat="-39.3857589271" lon="-72.6152363699"><ele>114.07</ele><time>2024-07-31T03:19:21Z</time></trkpt><trkpt lat="-39.3850500695" lon="-72.6161261927"><ele>114.62</ele><time>2024-07-31T03:19:38Z</time></trkpt><trkpt lat="-39.3842691276" lon="-72.6171530597"><ele>115.32</ele><time>2024-07-31T03:19:53Z</time></trkpt><trkpt lat="-39.3833182845" lon="-72.6184376702"><ele>115.26</ele><time>2024-07-31T03:20:09Z</time></trkpt><trkpt lat="-39.3823974486" lon="-72.6196866576"><ele>115.54</ele><time>2024-07-31T03:20:22Z</time></trkpt><trkpt lat="-39.3812021054" lon="-72.6213301811"><ele>115.81</ele><time>2024-07-31T03:20:39Z</time></trkpt><trkpt lat="-39.3803203292" lon="-72.6225805935"><ele>113.74</ele><time>2024-07-31T03:20:50Z</time></trkpt><trkpt lat="-39.3792046979" lon="-72.6241809502"><ele>113.31</ele><time>2024-07-31T03:21:04Z</time></trkpt><trkpt lat="-39.3781247735" lon="-72.6257321052"><ele>113.09</ele><time>2024-07-31T03:21:20Z</time></trkpt><trkpt lat="-39.3780775834" lon="-72.6258325204"><ele>113.07</ele><time>2024-07-31T03:21:21Z</time></trkpt><trkpt lat="-39.3780382723" lon="-72.6259383000"><ele>113.10</ele><time>2024-07-31T03:21:22Z</time></trkpt><trkpt lat="-39.3780056667" lon="-72.6260511205"><ele>113.02</ele><time>2024-07-31T03:21:23Z</time></trkpt><trkpt lat="-39.3779809400" lon="-72.6261667069"><ele>113.19</ele><time>2024-07-31T03:21:24Z</time></trkpt><trkpt lat="-39.3779642601" lon="-72.6262849756"><ele>112.90</ele><time>2024-07-31T03:21:25Z</time></trkpt><trkpt lat="-39.3779530283" lon="-72.6264050044"><ele>112.77</ele><time>2024-07-31T03:21:26Z</time></trkpt><trkpt lat="-39.3779598176" lon="-72.6278480329"><ele>112.56</ele><time>2024-07-31T03:21:38Z</time></trkpt><trkpt lat="-39.3780246936" lon="-72.6301036868"><ele>111.76</ele><time>2024-07-31T03:21:56Z</time></trkpt><trkpt lat="-39.3780273758" lon="-72.6302548964"><ele>111.69</ele><time>2024-07-31T03:21:58Z</time></trkpt><trkpt lat="-39.3780406192" lon="-72.6302928664"><ele>111.41</ele><time>2024-07-31T03:21:59Z</time></trkpt><trkpt lat="-39.3780629151" lon="-72.6303072833"><ele>111.53</ele><time>2024-07-31T03:22:00Z</time></trkpt><trkpt lat="-39.3780971970" lon="-72.6303030085"><ele>111.43</ele><time>2024-07-31T03:22:01Z</time></trkpt><trkpt lat="-39.3781389389" lon="-72.6302852388"><ele>111.42</ele><time>2024-07-31T03:22:02Z</time></trkpt><trkpt lat="-39.3781867158" lon="-72.6302616857"><ele>111.45</ele><time>2024-07-31T03:22:03Z</time></trkpt><trkpt lat="-39.3789894506" lon="-72.6299028564"><ele>111.60</ele><time>2024-07-31T03:22:16Z</time></trkpt><trkpt lat="-39.3796148244" lon="-72.6296558417"><ele>110.30</ele><time>2024-07-31T03:22:29Z</time></trkpt><trkpt lat="-39.3796351925" lon="-72.6296887826"><ele>110.31</ele><time>2024-07-31T03:22:30Z</time></trkpt><trkpt lat="-39.3796508666" lon="-72.6297360566"><ele>110.36</ele><time>2024-07-31T03:22:31Z</time></trkpt><trkpt lat="-39.3797933590" lon="-72.6302589197"><ele>110.33</ele><time>2024-07-31T03:22:41Z</time></trkpt><trkpt lat="-39.3799086940" lon="-72.6306779310"><ele>110.67</ele><time>2024-07-31T03:22:50Z</time></trkpt><trkpt lat="-39.3799153995" lon="-72.6307283062"><ele>110.54</ele><time>2024-07-31T03:22:54Z</time></trkpt><trkpt lat="-39.3798625935" lon="-72.6307914220"><ele>110.66</ele><time>2024-07-31T03:22:58Z</time></trkpt><trkpt lat="-39.3794675544" lon="-72.6309438888"><ele>111.11</ele><time>2024-07-31T03:23:08Z</time></trkpt><trkpt lat="-39.3787685875" lon="-72.6312338188"><ele>111.58</ele><time>2024-07-31T03:23:22Z</time></trkpt><trkpt lat="-39.3782273680" lon="-72.6314748824"><ele>111.52</ele><time>2024-07-31T03:23:33Z</time></trkpt><trkpt lat="-39.3782059941" lon="-72.6314920653"><ele>111.13</ele><time>2024-07-31T03:23:35Z</time></trkpt><trkpt lat="-39.3781904876" lon="-72.6315182168"><ele>111.29</ele><time>2024-07-31T03:23:36Z</time></trkpt><trkpt lat="-39.3781818543" lon="-72.6315576956"><ele>111.34</ele><time>2024-07-31T03:23:37Z</time></trkpt><trkpt lat="-39.3781824410" lon="-72.6316070650"><ele>111.55</ele><time>2024-07-31T03:23:38Z</time></trkpt><trkpt lat="-39.3781944271" lon="-72.6316658221"><ele>111.52</ele><time>2024-07-31T03:23:39Z</time></trkpt><trkpt lat="-39.3782143760" lon="-72.6317349728"><ele>111.50</ele><time>2024-07-31T03:23:40Z</time></trkpt><trkpt lat="-39.3782914896" lon="-72.6319290977"><ele>111.65</ele><time>2024-07-31T03:23:43Z</time></trkpt><trkpt lat="-39.3783308845" lon="-72.6319614518"><ele>111.77</ele><time>2024-07-31T03:23:44Z</time></trkpt><trkpt lat="-39.3783749733" lon="-72.6319701690"><ele>111.75</ele><time>2024-07-31T03:23:45Z</time></trkpt><trkpt lat="-39.3784226663" lon="-72.6319604460"><ele>111.51</ele><time>2024-07-31T03:23:46Z</time></trkpt><trkpt lat="-39.3784744665" lon="-72.6319408324"><ele>111.57</ele><time>2024-07-31T03:23:47Z</time></trkpt><trkpt lat="-39.3785295356" lon="-72.6319172792"><ele>111.57</ele><time>2024-07-31T03:23:48Z</time></trkpt><trkpt lat="-39.3787167035" lon="-72.6318189595"><ele>110.83</ele><time>2024-07-31T03:23:56Z</time></trkpt><trkpt lat="-39.3787535839" lon="-72.6317978371"><ele>111.00</ele><time>2024-07-31T03:24:10Z</time></trkpt><trkpt lat="-39.3787939847" lon="-72.6317751221"><ele>110.94</ele><time>2024-07-31T03:24:12Z</time></trkpt><trkpt lat="-39.3788209744" lon="-72.6317608729"><ele>111.01</ele><time>2024-07-31T03:24:13Z</time></trkpt><trkpt lat="-39.3792845774" lon="-72.6315351482"><ele>111.47</ele><time>2024-07-31T03:24:22Z</time></trkpt><trkpt lat="-39.3800036609" lon="-72.6312620658"><ele>111.21</ele><time>2024-07-31T03:24:33Z</time></trkpt><trkpt lat="-39.3800350931" lon="-72.6312863734"><ele>110.90</ele><time>2024-07-31T03:24:34Z</time></trkpt><trkpt lat="-39.3800607417" lon="-72.6313323900"><ele>110.96</ele><time>2024-07-31T03:24:35Z</time></trkpt><trkpt lat="-39.3800797686" lon="-72.6313930750"><ele>111.05</ele><time>2024-07-31T03:24:36Z</time></trkpt><trkpt lat="-39.3800972030" lon="-72.6314604655"><ele>111.21</ele><time>2024-07-31T03:24:37Z</time></trkpt><trkpt lat="-39.3801428843" lon="-72.6316540036"><ele>111.29</ele><time>2024-07-31T03:24:40Z</time></trkpt><trkpt lat="-39.3801334966" lon="-72.6317125931"><ele>111.07</ele><time>2024-07-31T03:24:41Z</time></trkpt><trkpt lat="-39.3800993823" lon="-72.6317640580"><ele>110.95</ele><time>2024-07-31T03:24:42Z</time></trkpt><trkpt lat="-39.3800517730" lon="-72.6317984238"><ele>111.04</ele><time>2024-07-31T03:24:43Z</time></trkpt><trkpt lat="-39.3799914233" lon="-72.6318296045"><ele>111.04</ele><time>2024-07-31T03:24:44Z</time></trkpt><trkpt lat="-39.3799212668" lon="-72.6318595279"><ele>111.44</ele><time>2024-07-31T03:24:45Z</time></trkpt><trkpt lat="-39.3798437342" lon="-72.6318889484"><ele>111.57</ele><time>2024-07-31T03:24:46Z</time></trkpt><trkpt lat="-39.3788912147" lon="-72.6323042717"><ele>111.71</ele><time>2024-07-31T03:24:59Z</time></trkpt><trkpt lat="-39.3784790765" lon="-72.6324546430"><ele>111.26</ele><time>2024-07-31T03:25:07Z</time></trkpt><trkpt lat="-39.3784505781" lon="-72.6324372925"><ele>111.34</ele><time>2024-07-31T03:25:08Z</time></trkpt><trkpt lat="-39.3784247618" lon="-72.6324027590"><ele>111.50</ele><time>2024-07-31T03:25:09Z</time></trkpt><trkpt lat="-39.3784003705" lon="-72.6323521324"><ele>111.69</ele><time>2024-07-31T03:25:10Z</time></trkpt><trkpt lat="-39.3781872187" lon="-72.6316378266"><ele>113.29</ele><time>2024-07-31T03:25:17Z</time></trkpt><trkpt lat="-39.3779958598" lon="-72.6310585532"><ele>112.41</ele><time>2024-07-31T03:25:24Z</time></trkpt><trkpt lat="-39.3779619131" lon="-72.6310277916"><ele>112.29</ele><time>2024-07-31T03:25:25Z</time></trkpt><trkpt lat="-39.3779177405" lon="-72.6310178172"><ele>112.31</ele><time>2024-07-31T03:25:26Z</time></trkpt><trkpt lat="-39.3778677005" lon="-72.6310302224"><ele>112.35</ele><time>2024-07-31T03:25:27Z</time></trkpt><trkpt lat="-39.3778160680" lon="-72.6310650911"><ele>112.39</ele><time>2024-07-31T03:25:28Z</time></trkpt><trkpt lat="-39.3777572270" lon="-72.6311182324"><ele>112.59</ele><time>2024-07-31T03:25:29Z</time></trkpt><trkpt lat="-39.3776947819" lon="-72.6311783306"><ele>112.71</ele><time>2024-07-31T03:25:30Z</time></trkpt><trkpt lat="-39.3768865988" lon="-72.6319534890"><ele>113.23</ele><time>2024-07-31T03:25:40Z</time></trkpt><trkpt lat="-39.3766620476" lon="-72.6322023477"><ele>112.10</ele><time>2024-07-31T03:25:44Z</time></trkpt><trkpt lat="-39.3766372371" lon="-72.6322569139"><ele>111.76</ele><time>2024-07-31T03:25:45Z</time></trkpt><trkpt lat="-39.3766268436" lon="-72.6323036011"><ele>111.49</ele><time>2024-07-31T03:25:46Z</time></trkpt><trkpt lat="-39.3766280171" lon="-72.6323396433"><ele>111.14</ele><time>2024-07-31T03:25:47Z</time></trkpt><trkpt lat="-39.3766376562" lon="-72.6323700696"><ele>111.05</ele><time>2024-07-31T03:25:48Z</time></trkpt><trkpt lat="-39.3766539171" lon="-72.6324036811"><ele>110.89</ele><time>2024-07-31T03:25:49Z</time></trkpt><trkpt lat="-39.3766769674" lon="-72.6324469317"><ele>110.61</ele><time>2024-07-31T03:25:50Z</time></trkpt><trkpt lat="-39.3767044600" lon="-72.6325015817"><ele>110.33</ele><time>2024-07-31T03:25:51Z</time></trkpt><trkpt lat="-39.3771535624" lon="-72.6333080046"><ele>109.36</ele><time>2024-07-31T03:26:01Z</time></trkpt><trkpt lat="-39.3772296701" lon="-72.6334574539"><ele>108.93</ele><time>2024-07-31T03:26:03Z</time></trkpt><trkpt lat="-39.3772466015" lon="-72.6335155405"><ele>108.77</ele><time>2024-07-31T03:26:04Z</time></trkpt><trkpt lat="-39.3772462662" lon="-72.6335623953"><ele>108.24</ele><time>2024-07-31T03:26:05Z</time></trkpt><trkpt lat="-39.3772272393" lon="-72.6336047240"><ele>108.25</ele><time>2024-07-31T03:26:06Z</time></trkpt><trkpt lat="-39.3771970645" lon="-72.6336442027"><ele>108.18</ele><time>2024-07-31T03:26:07Z</time></trkpt><trkpt lat="-39.3771611061" lon="-72.6336838491"><ele>108.19</ele><time>2024-07-31T03:26:08Z</time></trkpt><trkpt lat="-39.3765597045" lon="-72.6342383958"><ele>108.00</ele><time>2024-07-31T03:26:20Z</time></trkpt><trkpt lat="-39.3761287909" lon="-72.6346646994"><ele>108.35</ele><time>2024-07-31T03:26:29Z</time></trkpt><trkpt lat="-39.3755639344" lon="-72.6352199167"><ele>107.42</ele><time>2024-07-31T03:26:41Z</time></trkpt><trkpt lat="-39.3750111479" lon="-72.6357600465"><ele>110.69</ele><time>2024-07-31T03:26:50Z</time></trkpt><trkpt lat="-39.3749461044" lon="-72.6358243357"><ele>110.93</ele><time>2024-07-31T03:26:51Z</time></trkpt><trkpt lat="-39.3747418374" lon="-72.6360222325"><ele>110.31</ele><time>2024-07-31T03:26:57Z</time></trkpt><trkpt lat="-39.3743100017" lon="-72.6364357956"><ele>111.98</ele><time>2024-07-31T03:27:04Z</time></trkpt><trkpt lat="-39.3739135377" lon="-72.6368155796"><ele>110.29</ele><time>2024-07-31T03:27:11Z</time></trkpt><trkpt lat="-39.3735485896" lon="-72.6371580642"><ele>111.17</ele><time>2024-07-31T03:27:18Z</time></trkpt><trkpt lat="-39.3730474357" lon="-72.6376369223"><ele>110.01</ele><time>2024-07-31T03:27:26Z</time></trkpt><trkpt lat="-39.3726955634" lon="-72.6379789878"><ele>110.87</ele><time>2024-07-31T03:27:34Z</time></trkpt><trkpt lat="-39.3723659031" lon="-72.6383129228"><ele>111.78</ele><time>2024-07-31T03:27:39Z</time></trkpt><trkpt lat="-39.3720371649" lon="-72.6386043616"><ele>111.77</ele><time>2024-07-31T03:27:46Z</time></trkpt><trkpt lat="-39.3720207363" lon="-72.6386462711"><ele>111.84</ele><time>2024-07-31T03:27:47Z</time></trkpt><trkpt lat="-39.3720147014" lon="-72.6387032680"><ele>112.08</ele><time>2024-07-31T03:27:48Z</time></trkpt><trkpt lat="-39.3720262684" lon="-72.6387741789"><ele>112.14</ele><time>2024-07-31T03:27:49Z</time></trkpt><trkpt lat="-39.3720533419" lon="-72.6388440002"><ele>112.25</ele><time>2024-07-31T03:27:50Z</time></trkpt><trkpt lat="-39.3720932398" lon="-72.6389156654"><ele>112.36</ele><time>2024-07-31T03:27:51Z</time></trkpt><trkpt lat="-39.3721409328" lon="-72.6389911026"><ele>112.22</ele><time>2024-07-31T03:27:52Z</time></trkpt><trkpt lat="-39.3726871815" lon="-72.6398493256"><ele>111.70</ele><time>2024-07-31T03:28:03Z</time></trkpt><trkpt lat="-39.3731615134" lon="-72.6406645495"><ele>112.38</ele><time>2024-07-31T03:28:11Z</time></trkpt><trkpt lat="-39.3733020779" lon="-72.6408706605"><ele>110.69</ele><time>2024-07-31T03:28:16Z</time></trkpt><trkpt lat="-39.3733416405" lon="-72.6408694871"><ele>110.81</ele><time>2024-07-31T03:28:17Z</time></trkpt><trkpt lat="-39.3733891658" lon="-72.6408450119"><ele>110.79</ele><time>2024-07-31T03:28:18Z</time></trkpt><trkpt lat="-39.3734438997" lon="-72.6408037730"><ele>111.07</ele><time>2024-07-31T03:28:19Z</time></trkpt><trkpt lat="-39.3735071830" lon="-72.6407455187"><ele>111.13</ele><time>2024-07-31T03:28:20Z</time></trkpt><trkpt lat="-39.3735770043" lon="-72.6406773739"><ele>111.05</ele><time>2024-07-31T03:28:21Z</time></trkpt><trkpt lat="-39.3742162921" lon="-72.6400665008"><ele>110.27</ele><time>2024-07-31T03:28:30Z</time></trkpt><trkpt lat="-39.3751057796" lon="-72.6392147318"><ele>110.81</ele><time>2024-07-31T03:28:45Z</time></trkpt><trkpt lat="-39.3759837002" lon="-72.6383852586"><ele>110.42</ele><time>2024-07-31T03:28:57Z</time></trkpt><trkpt lat="-39.3760168087" lon="-72.6383337937"><ele>110.12</ele><time>2024-07-31T03:28:58Z</time></trkpt><trkpt lat="-39.3760273699" lon="-72.6382743660"><ele>109.96</ele><time>2024-07-31T03:28:59Z</time></trkpt><trkpt lat="-39.3760181498" lon="-72.6382088196"><ele>109.93</ele><time>2024-07-31T03:29:00Z</time></trkpt><trkpt lat="-39.3759947643" lon="-72.6381395012"><ele>109.87</ele><time>2024-07-31T03:29:01Z</time></trkpt><trkpt lat="-39.3759596441" lon="-72.6380671654"><ele>109.91</ele><time>2024-07-31T03:29:02Z</time></trkpt><trkpt lat="-39.3759152200" lon="-72.6379910577"><ele>110.11</ele><time>2024-07-31T03:29:03Z</time></trkpt><trkpt lat="-39.3758645933" lon="-72.6379095856"><ele>110.09</ele><time>2024-07-31T03:29:04Z</time></trkpt><trkpt lat="-39.3754687998" lon="-72.6372281369"><ele>109.71</ele><time>2024-07-31T03:29:14Z</time></trkpt><trkpt lat="-39.3752609286" lon="-72.6369012427"><ele>110.57</ele><time>2024-07-31T03:29:21Z</time></trkpt><trkpt lat="-39.3746225629" lon="-72.6358024590"><ele>111.47</ele><time>2024-07-31T03:29:34Z</time></trkpt><trkpt lat="-39.3741364125" lon="-72.6349429786"><ele>110.72</ele><time>2024-07-31T03:29:45Z</time></trkpt><trkpt lat="-39.3739071675" lon="-72.6345915254"><ele>111.19</ele><time>2024-07-31T03:29:53Z</time></trkpt><trkpt lat="-39.3733836338" lon="-72.6336654928"><ele>111.99</ele><time>2024-07-31T03:30:03Z</time></trkpt><trkpt lat="-39.3726988323" lon="-72.6324805431"><ele>111.87</ele><time>2024-07-31T03:30:16Z</time></trkpt><trkpt lat="-39.3721554335" lon="-72.6315806620"><ele>112.91</ele><time>2024-07-31T03:30:26Z</time></trkpt><trkpt lat="-39.3720481452" lon="-72.6313916501"><ele>112.65</ele><time>2024-07-31T03:30:29Z</time></trkpt><trkpt lat="-39.3720178027" lon="-72.6313670911"><ele>112.47</ele><time>2024-07-31T03:30:30Z</time></trkpt><trkpt lat="-39.3719845265" lon="-72.6313654985"><ele>112.56</ele><time>2024-07-31T03:30:31Z</time></trkpt><trkpt lat="-39.3719511665" lon="-72.6313899737"><ele>112.58</ele><time>2024-07-31T03:30:32Z</time></trkpt><trkpt lat="-39.3719122745" lon="-72.6314299554"><ele>112.90</ele><time>2024-07-31T03:30:33Z</time></trkpt><trkpt lat="-39.3718670961" lon="-72.6314778998"><ele>113.17</ele><time>2024-07-31T03:30:34Z</time></trkpt><trkpt lat="-39.3712812010" lon="-72.6320632920"><ele>115.34</ele><time>2024-07-31T03:30:46Z</time></trkpt><trkpt lat="-39.3710068613" lon="-72.6323346142"><ele>116.00</ele><time>2024-07-31T03:30:56Z</time></trkpt><trkpt lat="-39.3703633826" lon="-72.6329503488"><ele>115.52</ele><time>2024-07-31T03:31:09Z</time></trkpt><trkpt lat="-39.3699938245" lon="-72.6332804281"><ele>116.36</ele><time>2024-07-31T03:31:16Z</time></trkpt><trkpt lat="-39.3694051635" lon="-72.6338298619"><ele>114.42</ele><time>2024-07-31T03:31:25Z</time></trkpt><trkpt lat="-39.3693874776" lon="-72.6338459551"><ele>114.14</ele><time>2024-07-31T03:31:26Z</time></trkpt><trkpt lat="-39.3693182431" lon="-72.6338522416"><ele>114.00</ele><time>2024-07-31T03:31:28Z</time></trkpt><trkpt lat="-39.3692754954" lon="-72.6338193845"><ele>114.11</ele><time>2024-07-31T03:31:29Z</time></trkpt><trkpt lat="-39.3692332506" lon="-72.6337669976"><ele>114.32</ele><time>2024-07-31T03:31:30Z</time></trkpt><trkpt lat="-39.3691898324" lon="-72.6336965058"><ele>114.58</ele><time>2024-07-31T03:31:31Z</time></trkpt><trkpt lat="-39.3691428099" lon="-72.6336152013"><ele>114.79</ele><time>2024-07-31T03:31:32Z</time></trkpt><trkpt lat="-39.3690447416" lon="-72.6334532630"><ele>115.15</ele><time>2024-07-31T03:31:34Z</time></trkpt><trkpt lat="-39.3689912651" lon="-72.6333871298"><ele>115.21</ele><time>2024-07-31T03:31:35Z</time></trkpt><trkpt lat="-39.3689432368" lon="-72.6333271153"><ele>115.09</ele><time>2024-07-31T03:31:36Z</time></trkpt><trkpt lat="-39.3689061888" lon="-72.6332709566"><ele>115.03</ele><time>2024-07-31T03:31:37Z</time></trkpt><trkpt lat="-39.3688799534" lon="-72.6332243532"><ele>114.91</ele><time>2024-07-31T03:31:38Z</time></trkpt><trkpt lat="-39.3688554782" lon="-72.6331728883"><ele>114.63</ele><time>2024-07-31T03:31:45Z</time></trkpt><trkpt lat="-39.3688522093" lon="-72.6331647579"><ele>114.58</ele><time>2024-07-31T03:31:53Z</time></trkpt><trkpt lat="-39.3688025046" lon="-72.6330818608"><ele>114.78</ele><time>2024-07-31T03:31:56Z</time></trkpt><trkpt lat="-39.3686942942" lon="-72.6329153962"><ele>115.30</ele><time>2024-07-31T03:32:00Z</time></trkpt><trkpt lat="-39.3686524685" lon="-72.6328959502"><ele>115.52</ele><time>2024-07-31T03:32:01Z</time></trkpt><trkpt lat="-39.3686046079" lon="-72.6328950282"><ele>115.68</ele><time>2024-07-31T03:32:02Z</time></trkpt><trkpt lat="-39.3685543165" lon="-72.6329168212"><ele>115.82</ele><time>2024-07-31T03:32:03Z</time></trkpt><trkpt lat="-39.3685035221" lon="-72.6329560485"><ele>115.78</ele><time>2024-07-31T03:32:04Z</time></trkpt><trkpt lat="-39.3684504647" lon="-72.6330049988"><ele>115.89</ele><time>2024-07-31T03:32:05Z</time></trkpt><trkpt lat="-39.3683942221" lon="-72.6330583077"><ele>115.90</ele><time>2024-07-31T03:32:06Z</time></trkpt><trkpt lat="-39.3679503165" lon="-72.6334865391"><ele>115.84</ele><time>2024-07-31T03:32:17Z</time></trkpt><trkpt lat="-39.3677623942" lon="-72.6336701866"><ele>116.25</ele><time>2024-07-31T03:32:27Z</time></trkpt><trkpt lat="-39.3674645014" lon="-72.6339703426"><ele>115.26</ele><time>2024-07-31T03:32:33Z</time></trkpt><trkpt lat="-39.3674488273" lon="-72.6340282615"><ele>115.15</ele><time>2024-07-31T03:32:34Z</time></trkpt><trkpt lat="-39.3674525991" lon="-72.6340928022"><ele>115.07</ele><time>2024-07-31T03:32:35Z</time></trkpt><trkpt lat="-39.3674762361" lon="-72.6341631263"><ele>115.06</ele><time>2024-07-31T03:32:36Z</time></trkpt><trkpt lat="-39.3675148766" lon="-72.6342406590"><ele>114.99</ele><time>2024-07-31T03:32:37Z</time></trkpt><trkpt lat="-39.3675608095" lon="-72.6343233045"><ele>115.21</ele><time>2024-07-31T03:32:38Z</time></trkpt><trkpt lat="-39.3681595288" lon="-72.6353570446"><ele>114.62</ele><time>2024-07-31T03:32:51Z</time></trkpt><trkpt lat="-39.3685910292" lon="-72.6360910479"><ele>114.94</ele><time>2024-07-31T03:33:02Z</time></trkpt><trkpt lat="-39.3691366073" lon="-72.6370246243"><ele>116.09</ele><time>2024-07-31T03:33:11Z</time></trkpt><trkpt lat="-39.3693593983" lon="-72.6374689490"><ele>114.18</ele><time>2024-07-31T03:33:17Z</time></trkpt><trkpt lat="-39.3693470769" lon="-72.6375106908"><ele>114.08</ele><time>2024-07-31T03:33:18Z</time></trkpt><trkpt lat="-39.3693178240" lon="-72.6375494152"><ele>114.12</ele><time>2024-07-31T03:33:19Z</time></trkpt><trkpt lat="-39.3687326834" lon="-72.6380812470"><ele>114.63</ele><time>2024-07-31T03:33:29Z</time></trkpt><trkpt lat="-39.3685813900" lon="-72.6382063050"><ele>113.98</ele><time>2024-07-31T03:33:32Z</time></trkpt><trkpt lat="-39.3685341161" lon="-72.6382174529"><ele>113.68</ele><time>2024-07-31T03:33:33Z</time></trkpt><trkpt lat="-39.3684932124" lon="-72.6382044610"><ele>113.62</ele><time>2024-07-31T03:33:34Z</time></trkpt><trkpt lat="-39.3684694078" lon="-72.6381847635"><ele>113.71</ele><time>2024-07-31T03:33:35Z</time></trkpt><trkpt lat="-39.3684745207" lon="-72.6381921396"><ele>113.56</ele><time>2024-07-31T03:33:38Z</time></trkpt><trkpt lat="-39.3684902787" lon="-72.6382019464"><ele>113.27</ele><time>2024-07-31T03:33:39Z</time></trkpt><trkpt lat="-39.3685051147" lon="-72.6382088196"><ele>113.27</ele><time>2024-07-31T03:33:40Z</time></trkpt><trkpt lat="-39.3685179390" lon="-72.6382114179"><ele>113.18</ele><time>2024-07-31T03:33:41Z</time></trkpt><trkpt lat="-39.3685080484" lon="-72.6382172853"><ele>113.13</ele><time>2024-07-31T03:33:44Z</time></trkpt><trkpt lat="-39.3684614450" lon="-72.6382762101"><ele>113.35</ele><time>2024-07-31T03:33:46Z</time></trkpt><trkpt lat="-39.3684271630" lon="-72.6383202989"><ele>113.45</ele><time>2024-07-31T03:33:47Z</time></trkpt><trkpt lat="-39.3683790509" lon="-72.6383688301"><ele>113.59</ele><time>2024-07-31T03:33:48Z</time></trkpt><trkpt lat="-39.3677530065" lon="-72.6389553957"><ele>114.01</ele><time>2024-07-31T03:33:57Z</time></trkpt><trkpt lat="-39.3676546868" lon="-72.6390345208"><ele>113.70</ele><time>2024-07-31T03:33:59Z</time></trkpt><trkpt lat="-39.3676152080" lon="-72.6390384603"><ele>113.24</ele><time>2024-07-31T03:34:00Z</time></trkpt><trkpt lat="-39.3675763998" lon="-72.6390145719"><ele>113.01</ele><time>2024-07-31T03:34:01Z</time></trkpt><trkpt lat="-39.3675370887" lon="-72.6389702316"><ele>113.09</ele><time>2024-07-31T03:34:02Z</time></trkpt><trkpt lat="-39.3674982805" lon="-72.6389120612"><ele>113.27</ele><time>2024-07-31T03:34:03Z</time></trkpt><trkpt lat="-39.3674565386" lon="-72.6388429943"><ele>113.41</ele><time>2024-07-31T03:34:04Z</time></trkpt><trkpt lat="-39.3670350965" lon="-72.6380721945"><ele>113.80</ele><time>2024-07-31T03:34:13Z</time></trkpt><trkpt lat="-39.3669174984" lon="-72.6379771437"><ele>113.49</ele><time>2024-07-31T03:34:18Z</time></trkpt><trkpt lat="-39.3668606691" lon="-72.6380021218"><ele>113.67</ele><time>2024-07-31T03:34:19Z</time></trkpt><trkpt lat="-39.3668116350" lon="-72.6380436961"><ele>113.81</ele><time>2024-07-31T03:34:20Z</time></trkpt><trkpt lat="-39.3659849279" lon="-72.6388263982"><ele>114.03</ele><time>2024-07-31T03:34:32Z</time></trkpt><trkpt lat="-39.3650356773" lon="-72.6393309887"><ele>113.81</ele><time>2024-07-31T03:34:44Z</time></trkpt><trkpt lat="-39.3644038495" lon="-72.6395397820"><ele>113.25</ele><time>2024-07-31T03:34:54Z</time></trkpt><trkpt lat="-39.3643439189" lon="-72.6395222638"><ele>112.69</ele><time>2024-07-31T03:34:58Z</time></trkpt><trkpt lat="-39.3643266521" lon="-72.6395255327"><ele>112.79</ele><time>2024-07-31T03:34:59Z</time></trkpt><trkpt lat="-39.3643082958" lon="-72.6395356748"><ele>112.78</ele><time>2024-07-31T03:35:00Z</time></trkpt><trkpt lat="-39.3642920349" lon="-72.6395522710"><ele>112.85</ele><time>2024-07-31T03:35:01Z</time></trkpt><trkpt lat="-39.3642844912" lon="-72.6395774167"><ele>112.88</ele><time>2024-07-31T03:35:02Z</time></trkpt><trkpt lat="-39.3642861675" lon="-72.6396020595"><ele>112.82</ele><time>2024-07-31T03:35:03Z</time></trkpt><trkpt lat="-39.3642915320" lon="-72.6396202482"><ele>112.87</ele><time>2024-07-31T03:35:04Z</time></trkpt><trkpt lat="-39.3642938789" lon="-72.6395941805"><ele>112.57</ele><time>2024-07-31T03:35:13Z</time></trkpt><trkpt lat="-39.3643840682" lon="-72.6395631675"><ele>112.83</ele><time>2024-07-31T03:35:16Z</time></trkpt><trkpt lat="-39.3648749962" lon="-72.6393720601"><ele>113.85</ele><time>2024-07-31T03:35:23Z</time></trkpt><trkpt lat="-39.3658062257" lon="-72.6389729977"><ele>114.45</ele><time>2024-07-31T03:35:32Z</time></trkpt><trkpt lat="-39.3668140657" lon="-72.6380917244"><ele>114.55</ele><time>2024-07-31T03:35:43Z</time></trkpt><trkpt lat="-39.3677120190" lon="-72.6372242812"><ele>114.41</ele><time>2024-07-31T03:35:54Z</time></trkpt><trkpt lat="-39.3678079918" lon="-72.6371337567"><ele>114.07</ele><time>2024-07-31T03:35:56Z</time></trkpt><trkpt lat="-39.3678289466" lon="-72.6370802801"><ele>114.08</ele><time>2024-07-31T03:35:57Z</time></trkpt><trkpt lat="-39.3678230792" lon="-72.6370144822"><ele>114.06</ele><time>2024-07-31T03:35:58Z</time></trkpt><trkpt lat="-39.3677941617" lon="-72.6369454991"><ele>114.09</ele><time>2024-07-31T03:35:59Z</time></trkpt><trkpt lat="-39.3677504919" lon="-72.6368724089"><ele>114.03</ele><time>2024-07-31T03:36:00Z</time></trkpt><trkpt lat="-39.3676978536" lon="-72.6367960498"><ele>113.95</ele><time>2024-07-31T03:36:01Z</time></trkpt><trkpt lat="-39.3676393479" lon="-72.6367156673"><ele>114.01</ele><time>2024-07-31T03:36:02Z</time></trkpt><trkpt lat="-39.3672657665" lon="-72.6360395830"><ele>114.03</ele><time>2024-07-31T03:36:11Z</time></trkpt><trkpt lat="-39.3670019042" lon="-72.6356359944"><ele>114.35</ele><time>2024-07-31T03:36:19Z</time></trkpt><trkpt lat="-39.3666004110" lon="-72.6349658612"><ele>114.60</ele><time>2024-07-31T03:36:27Z</time></trkpt><trkpt lat="-39.3665897660" lon="-72.6349242032"><ele>114.51</ele><time>2024-07-31T03:36:28Z</time></trkpt><trkpt lat="-39.3665829767" lon="-72.6349015720"><ele>114.38</ele><time>2024-07-31T03:36:29Z</time></trkpt><trkpt lat="-39.3665732536" lon="-72.6348803658"><ele>114.14</ele><time>2024-07-31T03:36:30Z</time></trkpt><trkpt lat="-39.3665575795" lon="-72.6348503586"><ele>114.18</ele><time>2024-07-31T03:36:31Z</time></trkpt><trkpt lat="-39.3665351998" lon="-72.6348096225"><ele>114.36</ele><time>2024-07-31T03:36:32Z</time></trkpt><trkpt lat="-39.3662008457" lon="-72.6342468616"><ele>115.22</ele><time>2024-07-31T03:36:39Z</time></trkpt><trkpt lat="-39.3658969179" lon="-72.6337085757"><ele>113.96</ele><time>2024-07-31T03:36:46Z</time></trkpt><trkpt lat="-39.3654981069" lon="-72.6330429688"><ele>115.37</ele><time>2024-07-31T03:36:54Z</time></trkpt><trkpt lat="-39.3652070872" lon="-72.6325369533"><ele>114.18</ele><time>2024-07-31T03:37:01Z</time></trkpt><trkpt lat="-39.3647224456" lon="-72.6317126770"><ele>115.20</ele><time>2024-07-31T03:37:11Z</time></trkpt><trkpt lat="-39.3646019138" lon="-72.6314850245"><ele>114.43</ele><time>2024-07-31T03:37:17Z</time></trkpt><trkpt lat="-39.3642924540" lon="-72.6309614070"><ele>115.78</ele><time>2024-07-31T03:37:24Z</time></trkpt><trkpt lat="-39.3639649730" lon="-72.6303841453"><ele>114.84</ele><time>2024-07-31T03:37:32Z</time></trkpt><trkpt lat="-39.3636122625" lon="-72.6297902036"><ele>115.90</ele><time>2024-07-31T03:37:40Z</time></trkpt><trkpt lat="-39.3632707000" lon="-72.6293007005"><ele>114.81</ele><time>2024-07-31T03:37:49Z</time></trkpt><trkpt lat="-39.3632173911" lon="-72.6293296181"><ele>114.90</ele><time>2024-07-31T03:37:50Z</time></trkpt><trkpt lat="-39.3631681055" lon="-72.6293680910"><ele>115.04</ele><time>2024-07-31T03:37:51Z</time></trkpt><trkpt lat="-39.3631116115" lon="-72.6294194721"><ele>115.00</ele><time>2024-07-31T03:37:52Z</time></trkpt><trkpt lat="-39.3630506750" lon="-72.6294778939"><ele>115.09</ele><time>2024-07-31T03:37:53Z</time></trkpt><trkpt lat="-39.3625879101" lon="-72.6299225539"><ele>114.72</ele><time>2024-07-31T03:38:02Z</time></trkpt><trkpt lat="-39.3624951225" lon="-72.6300167665"><ele>114.85</ele><time>2024-07-31T03:38:04Z</time></trkpt><trkpt lat="-39.3624667078" lon="-72.6300670579"><ele>114.85</ele><time>2024-07-31T03:38:05Z</time></trkpt><trkpt lat="-39.3624570686" lon="-72.6301202830"><ele>114.74</ele><time>2024-07-31T03:38:06Z</time></trkpt><trkpt lat="-39.3624642771" lon="-72.6301788725"><ele>114.63</ele><time>2024-07-31T03:38:07Z</time></trkpt><trkpt lat="-39.3624905124" lon="-72.6302379649"><ele>114.76</ele><time>2024-07-31T03:38:08Z</time></trkpt><trkpt lat="-39.3625266384" lon="-72.6303040981"><ele>114.88</ele><time>2024-07-31T03:38:09Z</time></trkpt><trkpt lat="-39.3630018085" lon="-72.6311169751"><ele>114.94</ele><time>2024-07-31T03:38:19Z</time></trkpt><trkpt lat="-39.3633995298" lon="-72.6318090688"><ele>115.69</ele><time>2024-07-31T03:38:28Z</time></trkpt><trkpt lat="-39.3637030385" lon="-72.6323450916"><ele>114.22</ele><time>2024-07-31T03:38:36Z</time></trkpt><trkpt lat="-39.3640170246" lon="-72.6328686252"><ele>115.58</ele><time>2024-07-31T03:38:43Z</time></trkpt><trkpt lat="-39.3643827271" lon="-72.6334991958"><ele>114.31</ele><time>2024-07-31T03:38:51Z</time></trkpt><trkpt lat="-39.3646801170" lon="-72.6340092346"><ele>115.65</ele><time>2024-07-31T03:38:58Z</time></trkpt><trkpt lat="-39.3650652654" lon="-72.6346729975"><ele>114.30</ele><time>2024-07-31T03:39:06Z</time></trkpt><trkpt lat="-39.3654694408" lon="-72.6353484113"><ele>115.67</ele><time>2024-07-31T03:39:14Z</time></trkpt><trkpt lat="-39.3656470533" lon="-72.6356666721"><ele>114.60</ele><time>2024-07-31T03:39:20Z</time></trkpt><trkpt lat="-39.3656442873" lon="-72.6357168797"><ele>114.51</ele><time>2024-07-31T03:39:21Z</time></trkpt><trkpt lat="-39.3656146154" lon="-72.6357719488"><ele>114.67</ele><time>2024-07-31T03:39:22Z</time></trkpt><trkpt lat="-39.3655653298" lon="-72.6358264312"><ele>114.78</ele><time>2024-07-31T03:39:23Z</time></trkpt><trkpt lat="-39.3655042257" lon="-72.6358828414"><ele>115.14</ele><time>2024-07-31T03:39:24Z</time></trkpt><trkpt lat="-39.3648791872" lon="-72.6364590134"><ele>114.81</ele><time>2024-07-31T03:39:33Z</time></trkpt><trkpt lat="-39.3648268003" lon="-72.6364694908"><ele>114.58</ele><time>2024-07-31T03:39:34Z</time></trkpt><trkpt lat="-39.3647736590" lon="-72.6364516374"><ele>114.49</ele><time>2024-07-31T03:39:35Z</time></trkpt><trkpt lat="-39.3647230323" lon="-72.6364082191"><ele>114.59</ele><time>2024-07-31T03:39:36Z</time></trkpt><trkpt lat="-39.3646723218" lon="-72.6363451034"><ele>114.75</ele><time>2024-07-31T03:39:37Z</time></trkpt><trkpt lat="-39.3646237906" lon="-72.6362711750"><ele>114.79</ele><time>2024-07-31T03:39:38Z</time></trkpt><trkpt lat="-39.3645758461" lon="-72.6361840032"><ele>114.90</ele><time>2024-07-31T03:39:39Z</time></trkpt><trkpt lat="-39.3645257223" lon="-72.6360872760"><ele>115.00</ele><time>2024-07-31T03:39:40Z</time></trkpt><trkpt lat="-39.3641366344" lon="-72.6353639178"><ele>114.48</ele><time>2024-07-31T03:39:48Z</time></trkpt><trkpt lat="-39.3638291862" lon="-72.6348578185"><ele>114.23</ele><time>2024-07-31T03:39:56Z</time></trkpt><trkpt lat="-39.3637980055" lon="-72.6348027494"><ele>114.42</ele><time>2024-07-31T03:39:57Z</time></trkpt><trkpt lat="-39.3635276053" lon="-72.6343474444"><ele>114.48</ele><time>2024-07-31T03:40:04Z</time></trkpt><trkpt lat="-39.3634551857" lon="-72.6342594344"><ele>114.51</ele><time>2024-07-31T03:40:06Z</time></trkpt><trkpt lat="-39.3634149525" lon="-72.6341970731"><ele>114.71</ele><time>2024-07-31T03:40:07Z</time></trkpt><trkpt lat="-39.3629550375" lon="-72.6334168855"><ele>115.08</ele><time>2024-07-31T03:40:16Z</time></trkpt><trkpt lat="-39.3628214300" lon="-72.6331579685"><ele>114.10</ele><time>2024-07-31T03:40:22Z</time></trkpt><trkpt lat="-39.3624455016" lon="-72.6324755140"><ele>115.93</ele><time>2024-07-31T03:40:29Z</time></trkpt><trkpt lat="-39.3620454334" lon="-72.6317848451"><ele>115.51</ele><time>2024-07-31T03:40:37Z</time></trkpt><trkpt lat="-39.3615797348" lon="-72.6309728064"><ele>114.92</ele><time>2024-07-31T03:40:47Z</time></trkpt><trkpt lat="-39.3615123443" lon="-72.6309608202"><ele>114.72</ele><time>2024-07-31T03:40:49Z</time></trkpt><trkpt lat="-39.3614645675" lon="-72.6309897378"><ele>114.68</ele><time>2024-07-31T03:40:50Z</time></trkpt><trkpt lat="-39.3614126835" lon="-72.6310339943"><ele>114.90</ele><time>2024-07-31T03:40:51Z</time></trkpt><trkpt lat="-39.3608443905" lon="-72.6316204760"><ele>115.32</ele><time>2024-07-31T03:41:00Z</time></trkpt><trkpt lat="-39.3607475795" lon="-72.6317288540"><ele>115.14</ele><time>2024-07-31T03:41:02Z</time></trkpt><trkpt lat="-39.3607254513" lon="-72.6317854319"><ele>114.95</ele><time>2024-07-31T03:41:03Z</time></trkpt><trkpt lat="-39.3607238587" lon="-72.6318437699"><ele>114.81</ele><time>2024-07-31T03:41:04Z</time></trkpt><trkpt lat="-39.3607449811" lon="-72.6319050416"><ele>114.66</ele><time>2024-07-31T03:41:05Z</time></trkpt><trkpt lat="-39.3607792631" lon="-72.6319689956"><ele>114.62</ele><time>2024-07-31T03:41:06Z</time></trkpt><trkpt lat="-39.3608196639" lon="-72.6320382301"><ele>114.65</ele><time>2024-07-31T03:41:07Z</time></trkpt><trkpt lat="-39.3614099175" lon="-72.6330256183"><ele>115.17</ele><time>2024-07-31T03:41:18Z</time></trkpt><trkpt lat="-39.3619813956" lon="-72.6340057142"><ele>113.97</ele><time>2024-07-31T03:41:29Z</time></trkpt><trkpt lat="-39.3623378780" lon="-72.6345978118"><ele>115.08</ele><time>2024-07-31T03:41:37Z</time></trkpt><trkpt lat="-39.3626227789" lon="-72.6351025701"><ele>114.20</ele><time>2024-07-31T03:41:44Z</time></trkpt><trkpt lat="-39.3628303148" lon="-72.6354220044"><ele>114.60</ele><time>2024-07-31T03:41:52Z</time></trkpt><trkpt lat="-39.3634652440" lon="-72.6365215424"><ele>115.65</ele><time>2024-07-31T03:42:04Z</time></trkpt><trkpt lat="-39.3639266677" lon="-72.6372963656"><ele>114.81</ele><time>2024-07-31T03:42:14Z</time></trkpt><trkpt lat="-39.3639395759" lon="-72.6373758260"><ele>114.69</ele><time>2024-07-31T03:42:16Z</time></trkpt><trkpt lat="-39.3639135920" lon="-72.6374197472"><ele>114.82</ele><time>2024-07-31T03:42:17Z</time></trkpt><trkpt lat="-39.3638686650" lon="-72.6374542806"><ele>114.99</ele><time>2024-07-31T03:42:18Z</time></trkpt><trkpt lat="-39.3638116680" lon="-72.6374888979"><ele>115.21</ele><time>2024-07-31T03:42:19Z</time></trkpt><trkpt lat="-39.3637457024" lon="-72.6375382673"><ele>115.42</ele><time>2024-07-31T03:42:20Z</time></trkpt><trkpt lat="-39.3636740372" lon="-72.6376019698"><ele>115.77</ele><time>2024-07-31T03:42:21Z</time></trkpt><trkpt lat="-39.3631592207" lon="-72.6380757149"><ele>115.68</ele><time>2024-07-31T03:42:28Z</time></trkpt><trkpt lat="-39.3631112762" lon="-72.6380925626"><ele>115.25</ele><time>2024-07-31T03:42:29Z</time></trkpt><trkpt lat="-39.3630633317" lon="-72.6380836777"><ele>115.01</ele><time>2024-07-31T03:42:30Z</time></trkpt><trkpt lat="-39.3630169798" lon="-72.6380504016"><ele>114.91</ele><time>2024-07-31T03:42:31Z</time></trkpt><trkpt lat="-39.3629733101" lon="-72.6379881240"><ele>114.82</ele><time>2024-07-31T03:42:32Z</time></trkpt><trkpt lat="-39.3629270419" lon="-72.6379053108"><ele>115.02</ele><time>2024-07-31T03:42:33Z</time></trkpt><trkpt lat="-39.3628770020" lon="-72.6378158759"><ele>115.28</ele><time>2024-07-31T03:42:34Z</time></trkpt><trkpt lat="-39.3621479440" lon="-72.6365598477"><ele>115.63</ele><time>2024-07-31T03:42:46Z</time></trkpt><trkpt lat="-39.3611913174" lon="-72.6349088643"><ele>115.11</ele><time>2024-07-31T03:43:02Z</time></trkpt><trkpt lat="-39.3611791637" lon="-72.6348625124"><ele>114.48</ele><time>2024-07-31T03:43:03Z</time></trkpt><trkpt lat="-39.3611840252" lon="-72.6348143164"><ele>114.30</ele><time>2024-07-31T03:43:04Z</time></trkpt><trkpt lat="-39.3612069078" lon="-72.6347667072"><ele>114.28</ele><time>2024-07-31T03:43:05Z</time></trkpt><trkpt lat="-39.3612443749" lon="-72.6347204391"><ele>114.36</ele><time>2024-07-31T03:43:06Z</time></trkpt><trkpt lat="-39.3612900563" lon="-72.6346735004"><ele>114.52</ele><time>2024-07-31T03:43:07Z</time></trkpt><trkpt lat="-39.3613419402" lon="-72.6346260589"><ele>114.50</ele><time>2024-07-31T03:43:08Z</time></trkpt><trkpt lat="-39.3613977637" lon="-72.6345787011"><ele>114.59</ele><time>2024-07-31T03:43:09Z</time></trkpt><trkpt lat="-39.3622399773" lon="-72.6337840967"><ele>115.66</ele><time>2024-07-31T03:43:21Z</time></trkpt><trkpt lat="-39.3626864813" lon="-72.6333608944"><ele>114.54</ele><time>2024-07-31T03:43:29Z</time></trkpt><trkpt lat="-39.3630854599" lon="-72.6329702977"><ele>116.20</ele><time>2024-07-31T03:43:36Z</time></trkpt><trkpt lat="-39.3635509070" lon="-72.6325242966"><ele>115.56</ele><time>2024-07-31T03:43:44Z</time></trkpt><trkpt lat="-39.3638529908" lon="-72.6322300080"><ele>117.01</ele><time>2024-07-31T03:43:49Z</time></trkpt><trkpt lat="-39.3647132255" lon="-72.6314129401"><ele>118.48</ele><time>2024-07-31T03:43:59Z</time></trkpt><trkpt lat="-39.3652343284" lon="-72.6309218444"><ele>117.71</ele><time>2024-07-31T03:44:06Z</time></trkpt><trkpt lat="-39.3652802613" lon="-72.6309018116"><ele>117.38</ele><time>2024-07-31T03:44:07Z</time></trkpt><trkpt lat="-39.3653276190" lon="-72.6309070922"><ele>117.21</ele><time>2024-07-31T03:44:08Z</time></trkpt><trkpt lat="-39.3653778266" lon="-72.6309412904"><ele>117.24</ele><time>2024-07-31T03:44:09Z</time></trkpt><trkpt lat="-39.3654330634" lon="-72.6309989579"><ele>117.28</ele><time>2024-07-31T03:44:10Z</time></trkpt><trkpt lat="-39.3654949218" lon="-72.6310669351"><ele>117.56</ele><time>2024-07-31T03:44:11Z</time></trkpt><trkpt lat="-39.3661157694" lon="-72.6317531615"><ele>117.28</ele><time>2024-07-31T03:44:20Z</time></trkpt><trkpt lat="-39.3666047696" lon="-72.6325386297"><ele>118.41</ele><time>2024-07-31T03:44:28Z</time></trkpt><trkpt lat="-39.3673484121" lon="-72.6338734478"><ele>117.47</ele><time>2024-07-31T03:44:40Z</time></trkpt><trkpt lat="-39.3673888966" lon="-72.6340394095"><ele>116.29</ele><time>2024-07-31T03:44:45Z</time></trkpt><trkpt lat="-39.3673707079" lon="-72.6340816543"><ele>116.32</ele><time>2024-07-31T03:44:46Z</time></trkpt><trkpt lat="-39.3673357554" lon="-72.6341247372"><ele>116.43</ele><time>2024-07-31T03:44:47Z</time></trkpt><trkpt lat="-39.3668332603" lon="-72.6345996559"><ele>118.35</ele><time>2024-07-31T03:44:54Z</time></trkpt><trkpt lat="-39.3658293597" lon="-72.6355426200"><ele>117.81</ele><time>2024-07-31T03:45:05Z</time></trkpt><trkpt lat="-39.3651588913" lon="-72.6361778844"><ele>117.38</ele><time>2024-07-31T03:45:14Z</time></trkpt><trkpt lat="-39.3640366383" lon="-72.6372607425"><ele>116.68</ele><time>2024-07-31T03:45:27Z</time></trkpt><trkpt lat="-39.3638772145" lon="-72.6374247763"><ele>116.44</ele><time>2024-07-31T03:45:29Z</time></trkpt><trkpt lat="-39.3637949880" lon="-72.6374903228"><ele>116.19</ele><time>2024-07-31T03:45:30Z</time></trkpt><trkpt lat="-39.3627202604" lon="-72.6384840813"><ele>117.04</ele><time>2024-07-31T03:45:42Z</time></trkpt><trkpt lat="-39.3614995200" lon="-72.6395697054"><ele>115.89</ele><time>2024-07-31T03:45:55Z</time></trkpt><trkpt lat="-39.3614043854" lon="-72.6396075077"><ele>115.86</ele><time>2024-07-31T03:45:56Z</time></trkpt><trkpt lat="-39.3613059819" lon="-72.6396230981"><ele>115.70</ele><time>2024-07-31T03:45:57Z</time></trkpt><trkpt lat="-39.3612033036" lon="-72.6396127883"><ele>115.48</ele><time>2024-07-31T03:45:58Z</time></trkpt><trkpt lat="-39.3611036427" lon="-72.6395794284"><ele>115.49</ele><time>2024-07-31T03:45:59Z</time></trkpt><trkpt lat="-39.3610082567" lon="-72.6395278797"><ele>115.47</ele><time>2024-07-31T03:46:00Z</time></trkpt><trkpt lat="-39.3609182350" lon="-72.6394692902"><ele>115.51</ele><time>2024-07-31T03:46:01Z</time></trkpt><trkpt lat="-39.3608324043" lon="-72.6394095272"><ele>115.47</ele><time>2024-07-31T03:46:02Z</time></trkpt><trkpt lat="-39.3606018182" lon="-72.6392848045"><ele>115.12</ele><time>2024-07-31T03:46:05Z</time></trkpt><trkpt lat="-39.3605287280" lon="-72.6392749138"><ele>115.18</ele><time>2024-07-31T03:46:06Z</time></trkpt><trkpt lat="-39.3604680430" lon="-72.6392862294"><ele>114.87</ele><time>2024-07-31T03:46:07Z</time></trkpt><trkpt lat="-39.3604169134" lon="-72.6393126324"><ele>114.66</ele><time>2024-07-31T03:46:08Z</time></trkpt><trkpt lat="-39.3603716511" lon="-72.6393473335"><ele>114.61</ele><time>2024-07-31T03:46:09Z</time></trkpt><trkpt lat="-39.3603306636" lon="-72.6393858902"><ele>114.57</ele><time>2024-07-31T03:46:10Z</time></trkpt><trkpt lat="-39.3602925260" lon="-72.6394275483"><ele>114.45</ele><time>2024-07-31T03:46:11Z</time></trkpt><trkpt lat="-39.3602500297" lon="-72.6394691225"><ele>114.48</ele><time>2024-07-31T03:46:12Z</time></trkpt><trkpt lat="-39.3601999898" lon="-72.6395025663"><ele>114.52</ele><time>2024-07-31T03:46:13Z</time></trkpt><trkpt lat="-39.3601419032" lon="-72.6395260356"><ele>114.56</ele><time>2024-07-31T03:46:14Z</time></trkpt><trkpt lat="-39.3600744288" lon="-72.6395389438"><ele>114.78</ele><time>2024-07-31T03:46:15Z</time></trkpt><trkpt lat="-39.3600020092" lon="-72.6395479124"><ele>114.85</ele><time>2024-07-31T03:46:16Z</time></trkpt><trkpt lat="-39.3598405737" lon="-72.6395716332"><ele>115.16</ele><time>2024-07-31T03:46:18Z</time></trkpt><trkpt lat="-39.3597561680" lon="-72.6395986229"><ele>115.25</ele><time>2024-07-31T03:46:19Z</time></trkpt><trkpt lat="-39.3596760370" lon="-72.6396386046"><ele>115.23</ele><time>2024-07-31T03:46:20Z</time></trkpt><trkpt lat="-39.3596031144" lon="-72.6396940090"><ele>115.29</ele><time>2024-07-31T03:46:21Z</time></trkpt><trkpt lat="-39.3595353048" lon="-72.6397567056"><ele>115.13</ele><time>2024-07-31T03:46:22Z</time></trkpt><trkpt lat="-39.3594695907" lon="-72.6398223359"><ele>115.28</ele><time>2024-07-31T03:46:23Z</time></trkpt><trkpt lat="-39.3593609612" lon="-72.6399674267"><ele>115.36</ele><time>2024-07-31T03:46:25Z</time></trkpt><trkpt lat="-39.3593685888" lon="-72.6400649082"><ele>115.47</ele><time>2024-07-31T03:46:26Z</time></trkpt><trkpt lat="-39.3593830056" lon="-72.6401532535"><ele>115.40</ele><time>2024-07-31T03:46:27Z</time></trkpt><trkpt lat="-39.3594146054" lon="-72.6404226478"><ele>115.38</ele><time>2024-07-31T03:46:31Z</time></trkpt><trkpt lat="-39.3594357278" lon="-72.6404799800"><ele>115.41</ele><time>2024-07-31T03:46:32Z</time></trkpt><trkpt lat="-39.3594747037" lon="-72.6405407488"><ele>115.49</ele><time>2024-07-31T03:46:33Z</time></trkpt><trkpt lat="-39.3595301919" lon="-72.6406016853"><ele>115.45</ele><time>2024-07-31T03:46:34Z</time></trkpt><trkpt lat="-39.3595907930" lon="-72.6406632084"><ele>115.60</ele><time>2024-07-31T03:46:35Z</time></trkpt><trkpt lat="-39.3596602790" lon="-72.6407186966"><ele>115.81</ele><time>2024-07-31T03:46:36Z</time></trkpt><trkpt lat="-39.3597384822" lon="-72.6407668088"><ele>116.14</ele><time>2024-07-31T03:46:37Z</time></trkpt><trkpt lat="-39.3598259892" lon="-72.6408072934"><ele>116.55</ele><time>2024-07-31T03:46:38Z</time></trkpt><trkpt lat="-39.3599145021" lon="-72.6408392284"><ele>116.63</ele><time>2024-07-31T03:46:39Z</time></trkpt><trkpt lat="-39.3601362035" lon="-72.6409186888"><ele>115.61</ele><time>2024-07-31T03:46:45Z</time></trkpt><trkpt lat="-39.3601103872" lon="-72.6408669725"><ele>115.56</ele><time>2024-07-31T03:47:16Z</time></trkpt><trkpt lat="-39.3600970600" lon="-72.6408395637"><ele>115.87</ele><time>2024-07-31T03:47:45Z</time></trkpt><trkpt lat="-39.3601191044" lon="-72.6408726722"><ele>115.61</ele><time>2024-07-31T03:48:17Z</time></trkpt></trkseg></trk></gpx>