<?xml version="1.0" encoding="UTF-8" standalone="no" ?><gpx xmlns="http://www.topografix.com/GPX/1/1" xmlns:gpxx="http://www.garmin.com/xmlschemas/GpxExtensions/v3" xmlns:gpxtrkx="http://www.garmin.com/xmlschemas/TrackStatsExtension/v1" xmlns:wptx1="http://www.garmin.com/xmlschemas/WaypointExtension/v1" xmlns:gpxtpx="http://www.garmin.com/xmlschemas/TrackPointExtension/v1" creator="GPSMAP 64sx" version="1.1" xmlns:xsi="http://www.w3.org/2001/XMLSchema-instance" xsi:schemaLocation="http://www.topografix.com/GPX/1/1 http://www.topografix.com/GPX/1/1/gpx.xsd http://www.garmin.com/xmlschemas/GpxExtensions/v3 http://www8.garmin.com/xmlschemas/GpxExtensionsv3.xsd http://www.garmin.com/xmlschemas/TrackStatsExtension/v1 http://www8.garmin.com/xmlschemas/TrackStatsExtension.xsd http://www.garmin.com/xmlschemas/WaypointExtension/v1 http://www8.garmin.com/xmlschemas/WaypointExtensionv1.xsd http://www.garmin.com/xmlschemas/TrackPointExtension/v1 http://www.garmin.com/xmlschemas/TrackPointExtensionv1.xsd"><metadata><link href="http://www.garmin.com"><text>Garmin International</text></link><time>2024-08-20T03:46:20Z</time></metadata><trk><name>GPS LONCO 240819</name><extensions><gpxx:TrackExtension><gpxx:DisplayColor>Cyan</gpxx:DisplayColor></gpxx:TrackExtension><gpxtrkx:TrackStatsExtension><gpxtrkx:Distance>49130.000</gpxtrkx:Distance><gpxtrkx:TotalElapsedTime>8084</gpxtrkx:TotalElapsedTime><gpxtrkx:MovingTime>7586</gpxtrkx:MovingTime><gpxtrkx:StoppedTime>495</gpxtrkx:StoppedTime><gpxtrkx:MovingSpeed>6.476</gpxtrkx:MovingSpeed><gpxtrkx:MaxSpeed>14.806</gpxtrkx:MaxSpeed><gpxtrkx:MaxElevation>153.104</gpxtrkx:MaxElevation><gpxtrkx:MinElevation>95.381</gpxtrkx:MinElevation><gpxtrkx:Ascent>196.000</gpxtrkx:Ascent><gpxtrkx:Descent>232.794</gpxtrkx:Descent><gpxtrkx:AvgAscentRate>0.047</gpxtrkx:AvgAscentRate><gpxtrkx:MaxAscentRate>1.637</gpxtrkx:MaxAscentRate><gpxtrkx:AvgDescentRate>0.070</gpxtrkx:AvgDescentRate><gpxtrkx:MaxDescentRate>-0.494</gpxtrkx:MaxDescentRate></gpxtrkx:TrackStatsExtension></extensions><trkseg><trkpt lat="-39.3543444760" lon="-72.5778764673"><ele>151.84</ele><time>2024-08-20T01:31:36Z</time></trkpt><trkpt lat="-39.3543449789" lon="-72.5778783113"><ele>151.84</ele><time>2024-08-20T01:31:37Z</time></trkpt><trkpt lat="-39.3543482479" lon="-72.5778788142"><ele>153.10</ele><time>2024-08-20T01:31:42Z</time></trkpt><trkpt lat="-39.3543484155" lon="-72.5778770540"><ele>151.62</ele><time>2024-08-20T01:31:44Z</time></trkpt><trkpt lat="-39.3543532770" lon="-72.5778262597"><ele>151.41</ele><time>2024-08-20T01:32:13Z</time></trkpt><trkpt lat="-39.3543934263" lon="-72.5778360665"><ele>151.30</ele><time>2024-08-20T01:32:18Z</time></trkpt><trkpt lat="-39.3544148840" lon="-72.5778334681"><ele>151.41</ele><time>2024-08-20T01:32:19Z</time></trkpt><trkpt lat="-39.3544407841" lon="-72.5778371561"><ele>151.40</ele><time>2024-08-20T01:32:20Z</time></trkpt><trkpt lat="-39.3544678576" lon="-72.5778544229"><ele>151.44</ele><time>2024-08-20T01:32:21Z</time></trkpt><trkpt lat="-39.3544951826" lon="-72.5778860226"><ele>151.44</ele><time>2024-08-20T01:32:22Z</time></trkpt><trkpt lat="-39.3545209989" lon="-72.5779278483"><ele>151.45</ele><time>2024-08-20T01:32:23Z</time></trkpt><trkpt lat="-39.3545487430" lon="-72.5779795647"><ele>151.17</ele><time>2024-08-20T01:32:24Z</time></trkpt><trkpt lat="-39.3545822706" lon="-72.5780310296"><ele>151.19</ele><time>2024-08-20T01:32:25Z</time></trkpt><trkpt lat="-39.3546236772" lon="-72.5780723523"><ele>151.05</ele><time>2024-08-20T01:32:26Z</time></trkpt><trkpt lat="-39.3546701130" lon="-72.5780974142"><ele>151.23</ele><time>2024-08-20T01:32:27Z</time></trkpt><trkpt lat="-39.3547160458" lon="-72.5781119149"><ele>151.19</ele><time>2024-08-20T01:32:28Z</time></trkpt><trkpt lat="-39.3547609728" lon="-72.5781275891"><ele>151.03</ele><time>2024-08-20T01:32:29Z</time></trkpt><trkpt lat="-39.3548017088" lon="-72.5781479571"><ele>151.10</ele><time>2024-08-20T01:32:30Z</time></trkpt><trkpt lat="-39.3548342306" lon="-72.5781762879"><ele>151.01</ele><time>2024-08-20T01:32:31Z</time></trkpt><trkpt lat="-39.3548612203" lon="-72.5782063790"><ele>150.98</ele><time>2024-08-20T01:32:32Z</time></trkpt><trkpt lat="-39.3548846059" lon="-72.5782368053"><ele>151.01</ele><time>2024-08-20T01:32:33Z</time></trkpt><trkpt lat="-39.3549038004" lon="-72.5782729313"><ele>150.72</ele><time>2024-08-20T01:32:34Z</time></trkpt><trkpt lat="-39.3549194746" lon="-72.5783161819"><ele>150.78</ele><time>2024-08-20T01:32:35Z</time></trkpt><trkpt lat="-39.3549385015" lon="-72.5783698261"><ele>150.67</ele><time>2024-08-20T01:32:36Z</time></trkpt><trkpt lat="-39.3549617194" lon="-72.5784279965"><ele>150.18</ele><time>2024-08-20T01:32:37Z</time></trkpt><trkpt lat="-39.3553176150" lon="-72.5793624949"><ele>149.75</ele><time>2024-08-20T01:32:48Z</time></trkpt><trkpt lat="-39.3560335133" lon="-72.5813628361"><ele>148.61</ele><time>2024-08-20T01:33:05Z</time></trkpt><trkpt lat="-39.3570758868" lon="-72.5842050556"><ele>146.71</ele><time>2024-08-20T01:33:28Z</time></trkpt><trkpt lat="-39.3579652067" lon="-72.5866271742"><ele>145.47</ele><time>2024-08-20T01:33:46Z</time></trkpt><trkpt lat="-39.3587976974" lon="-72.5889198761"><ele>143.66</ele><time>2024-08-20T01:34:03Z</time></trkpt><trkpt lat="-39.3600159232" lon="-72.5922819413"><ele>141.55</ele><time>2024-08-20T01:34:27Z</time></trkpt><trkpt lat="-39.3613312114" lon="-72.5958807115"><ele>138.85</ele><time>2024-08-20T01:34:52Z</time></trkpt><trkpt lat="-39.3621753529" lon="-72.5981626008"><ele>137.73</ele><time>2024-08-20T01:35:08Z</time></trkpt><trkpt lat="-39.3633511662" lon="-72.6014964189"><ele>134.83</ele><time>2024-08-20T01:35:31Z</time></trkpt><trkpt lat="-39.3638636358" lon="-72.6039045397"><ele>132.10</ele><time>2024-08-20T01:35:46Z</time></trkpt><trkpt lat="-39.3640176952" lon="-72.6062725112"><ele>129.49</ele><time>2024-08-20T01:36:02Z</time></trkpt><trkpt lat="-39.3639783002" lon="-72.6084797177"><ele>126.40</ele><time>2024-08-20T01:36:17Z</time></trkpt><trkpt lat="-39.3639309425" lon="-72.6099332236"><ele>123.11</ele><time>2024-08-20T01:36:27Z</time></trkpt><trkpt lat="-39.3638912961" lon="-72.6111479290"><ele>119.17</ele><time>2024-08-20T01:36:35Z</time></trkpt><trkpt lat="-39.3638661504" lon="-72.6123167016"><ele>115.95</ele><time>2024-08-20T01:36:42Z</time></trkpt><trkpt lat="-39.3636172079" lon="-72.6146693341"><ele>113.02</ele><time>2024-08-20T01:36:56Z</time></trkpt><trkpt lat="-39.3630145490" lon="-72.6167120039"><ele>112.77</ele><time>2024-08-20T01:37:09Z</time></trkpt><trkpt lat="-39.3620997481" lon="-72.6185831800"><ele>115.43</ele><time>2024-08-20T01:37:23Z</time></trkpt><trkpt lat="-39.3616679125" lon="-72.6192545705"><ele>118.78</ele><time>2024-08-20T01:37:29Z</time></trkpt><trkpt lat="-39.3610644154" lon="-72.6199568901"><ele>121.84</ele><time>2024-08-20T01:37:36Z</time></trkpt><trkpt lat="-39.3603927735" lon="-72.6205732115"><ele>123.72</ele><time>2024-08-20T01:37:43Z</time></trkpt><trkpt lat="-39.3602911849" lon="-72.6206255984"><ele>123.74</ele><time>2024-08-20T01:37:44Z</time></trkpt><trkpt lat="-39.3601875845" lon="-72.6206627302"><ele>123.71</ele><time>2024-08-20T01:37:45Z</time></trkpt><trkpt lat="-39.3600870855" lon="-72.6206870377"><ele>124.95</ele><time>2024-08-20T01:37:46Z</time></trkpt><trkpt lat="-39.3599912804" lon="-72.6207048912"><ele>126.17</ele><time>2024-08-20T01:37:47Z</time></trkpt><trkpt lat="-39.3598978221" lon="-72.6207181346"><ele>126.15</ele><time>2024-08-20T01:37:48Z</time></trkpt><trkpt lat="-39.3597303517" lon="-72.6207467169"><ele>124.97</ele><time>2024-08-20T01:37:50Z</time></trkpt><trkpt lat="-39.3594644777" lon="-72.6208642311"><ele>121.80</ele><time>2024-08-20T01:37:54Z</time></trkpt><trkpt lat="-39.3594183773" lon="-72.6209001057"><ele>120.98</ele><time>2024-08-20T01:37:55Z</time></trkpt><trkpt lat="-39.3593845144" lon="-72.6209322084"><ele>120.22</ele><time>2024-08-20T01:37:56Z</time></trkpt><trkpt lat="-39.3593358155" lon="-72.6209704299"><ele>118.84</ele><time>2024-08-20T01:38:05Z</time></trkpt><trkpt lat="-39.3592992704" lon="-72.6209990960"><ele>118.77</ele><time>2024-08-20T01:38:12Z</time></trkpt><trkpt lat="-39.3592768069" lon="-72.6210080646"><ele>118.75</ele><time>2024-08-20T01:38:14Z</time></trkpt><trkpt lat="-39.3592608813" lon="-72.6210193802"><ele>118.66</ele><time>2024-08-20T01:38:15Z</time></trkpt><trkpt lat="-39.3592431117" lon="-72.6210322045"><ele>118.53</ele><time>2024-08-20T01:38:16Z</time></trkpt><trkpt lat="-39.3592305388" lon="-72.6210441068"><ele>118.23</ele><time>2024-08-20T01:38:17Z</time></trkpt><trkpt lat="-39.3591816723" lon="-72.6212519780"><ele>116.97</ele><time>2024-08-20T01:38:26Z</time></trkpt><trkpt lat="-39.3591986876" lon="-72.6213083044"><ele>116.93</ele><time>2024-08-20T01:38:27Z</time></trkpt><trkpt lat="-39.3592225760" lon="-72.6213691570"><ele>116.89</ele><time>2024-08-20T01:38:28Z</time></trkpt><trkpt lat="-39.3592520803" lon="-72.6214332785"><ele>116.81</ele><time>2024-08-20T01:38:29Z</time></trkpt><trkpt lat="-39.3592853565" lon="-72.6215015911"><ele>116.56</ele><time>2024-08-20T01:38:30Z</time></trkpt><trkpt lat="-39.3596133403" lon="-72.6221324969"><ele>112.94</ele><time>2024-08-20T01:38:38Z</time></trkpt><trkpt lat="-39.3596567586" lon="-72.6222194172"><ele>112.75</ele><time>2024-08-20T01:38:39Z</time></trkpt><trkpt lat="-39.3597977422" lon="-72.6224660967"><ele>112.15</ele><time>2024-08-20T01:38:42Z</time></trkpt><trkpt lat="-39.3598540686" lon="-72.6225406118"><ele>111.94</ele><time>2024-08-20T01:38:43Z</time></trkpt><trkpt lat="-39.3599176873" lon="-72.6226106007"><ele>111.74</ele><time>2024-08-20T01:38:44Z</time></trkpt><trkpt lat="-39.3599871732" lon="-72.6226724591"><ele>111.42</ele><time>2024-08-20T01:38:45Z</time></trkpt><trkpt lat="-39.3600606825" lon="-72.6227310486"><ele>111.12</ele><time>2024-08-20T01:38:46Z</time></trkpt><trkpt lat="-39.3601380475" lon="-72.6227815915"><ele>111.00</ele><time>2024-08-20T01:38:47Z</time></trkpt><trkpt lat="-39.3602210283" lon="-72.6228155382"><ele>110.76</ele><time>2024-08-20T01:38:48Z</time></trkpt><trkpt lat="-39.3603070267" lon="-72.6228394266"><ele>110.62</ele><time>2024-08-20T01:38:49Z</time></trkpt><trkpt lat="-39.3603951205" lon="-72.6228514966"><ele>110.52</ele><time>2024-08-20T01:38:50Z</time></trkpt><trkpt lat="-39.3604812026" lon="-72.6228596270"><ele>110.54</ele><time>2024-08-20T01:38:51Z</time></trkpt><trkpt lat="-39.3612755556" lon="-72.6230866089"><ele>112.61</ele><time>2024-08-20T01:39:02Z</time></trkpt><trkpt lat="-39.3615651503" lon="-72.6232832484"><ele>112.61</ele><time>2024-08-20T01:39:06Z</time></trkpt><trkpt lat="-39.3616308644" lon="-72.6233471185"><ele>112.48</ele><time>2024-08-20T01:39:07Z</time></trkpt><trkpt lat="-39.3616929743" lon="-72.6234142575"><ele>112.33</ele><time>2024-08-20T01:39:08Z</time></trkpt><trkpt lat="-39.3622747622" lon="-72.6240136474"><ele>111.16</ele><time>2024-08-20T01:39:17Z</time></trkpt><trkpt lat="-39.3623512052" lon="-72.6240643580"><ele>111.05</ele><time>2024-08-20T01:39:18Z</time></trkpt><trkpt lat="-39.3624334317" lon="-72.6241033338"><ele>111.02</ele><time>2024-08-20T01:39:19Z</time></trkpt><trkpt lat="-39.3625159934" lon="-72.6241294015"><ele>111.09</ele><time>2024-08-20T01:39:20Z</time></trkpt><trkpt lat="-39.3626003154" lon="-72.6241433993"><ele>111.12</ele><time>2024-08-20T01:39:21Z</time></trkpt><trkpt lat="-39.3626847211" lon="-72.6241497695"><ele>111.15</ele><time>2024-08-20T01:39:22Z</time></trkpt><trkpt lat="-39.3627654389" lon="-72.6241553854"><ele>111.18</ele><time>2024-08-20T01:39:23Z</time></trkpt><trkpt lat="-39.3632277008" lon="-72.6242164895"><ele>111.54</ele><time>2024-08-20T01:39:30Z</time></trkpt><trkpt lat="-39.3633475620" lon="-72.6242577285"><ele>111.98</ele><time>2024-08-20T01:39:32Z</time></trkpt><trkpt lat="-39.3634083308" lon="-72.6242868975"><ele>111.95</ele><time>2024-08-20T01:39:33Z</time></trkpt><trkpt lat="-39.3635281082" lon="-72.6243585628"><ele>112.14</ele><time>2024-08-20T01:39:35Z</time></trkpt><trkpt lat="-39.3635847699" lon="-72.6244027354"><ele>112.18</ele><time>2024-08-20T01:39:36Z</time></trkpt><trkpt lat="-39.3636388332" lon="-72.6244521886"><ele>112.31</ele><time>2024-08-20T01:39:37Z</time></trkpt><trkpt lat="-39.3636871129" lon="-72.6245063357"><ele>112.32</ele><time>2024-08-20T01:39:38Z</time></trkpt><trkpt lat="-39.3637264241" lon="-72.6245579682"><ele>112.28</ele><time>2024-08-20T01:39:39Z</time></trkpt><trkpt lat="-39.3637587782" lon="-72.6245974470"><ele>112.36</ele><time>2024-08-20T01:39:40Z</time></trkpt><trkpt lat="-39.3637861870" lon="-72.6246209163"><ele>112.22</ele><time>2024-08-20T01:39:41Z</time></trkpt><trkpt lat="-39.3638120871" lon="-72.6246304717"><ele>112.29</ele><time>2024-08-20T01:39:42Z</time></trkpt><trkpt lat="-39.3638337124" lon="-72.6246248558"><ele>112.35</ele><time>2024-08-20T01:39:43Z</time></trkpt><trkpt lat="-39.3638533261" lon="-72.6246073376"><ele>112.34</ele><time>2024-08-20T01:39:44Z</time></trkpt><trkpt lat="-39.3638634682" lon="-72.6245759893"><ele>112.29</ele><time>2024-08-20T01:39:45Z</time></trkpt><trkpt lat="-39.3638666533" lon="-72.6245297212"><ele>112.12</ele><time>2024-08-20T01:39:46Z</time></trkpt><trkpt lat="-39.3638659827" lon="-72.6244715508"><ele>111.99</ele><time>2024-08-20T01:39:47Z</time></trkpt><trkpt lat="-39.3638646416" lon="-72.6244032383"><ele>111.75</ele><time>2024-08-20T01:39:48Z</time></trkpt><trkpt lat="-39.3638048787" lon="-72.6238393039"><ele>110.09</ele><time>2024-08-20T01:39:58Z</time></trkpt><trkpt lat="-39.3636965007" lon="-72.6237624418"><ele>110.14</ele><time>2024-08-20T01:40:01Z</time></trkpt><trkpt lat="-39.3632727955" lon="-72.6233505551"><ele>110.40</ele><time>2024-08-20T01:40:13Z</time></trkpt><trkpt lat="-39.3632444646" lon="-72.6233089808"><ele>110.44</ele><time>2024-08-20T01:40:14Z</time></trkpt><trkpt lat="-39.3632241804" lon="-72.6232613716"><ele>110.45</ele><time>2024-08-20T01:40:15Z</time></trkpt><trkpt lat="-39.3632145412" lon="-72.6232090686"><ele>110.59</ele><time>2024-08-20T01:40:16Z</time></trkpt><trkpt lat="-39.3632100988" lon="-72.6231492218"><ele>110.47</ele><time>2024-08-20T01:40:17Z</time></trkpt><trkpt lat="-39.3632066622" lon="-72.6230863575"><ele>110.43</ele><time>2024-08-20T01:40:18Z</time></trkpt><trkpt lat="-39.3632214144" lon="-72.6222825330"><ele>110.71</ele><time>2024-08-20T01:40:33Z</time></trkpt><trkpt lat="-39.3632354960" lon="-72.6222691219"><ele>110.68</ele><time>2024-08-20T01:40:34Z</time></trkpt><trkpt lat="-39.3632494938" lon="-72.6222654339"><ele>110.65</ele><time>2024-08-20T01:40:35Z</time></trkpt><trkpt lat="-39.3632636592" lon="-72.6222674455"><ele>110.68</ele><time>2024-08-20T01:40:36Z</time></trkpt><trkpt lat="-39.3632792495" lon="-72.6222750731"><ele>110.61</ele><time>2024-08-20T01:40:37Z</time></trkpt><trkpt lat="-39.3633006234" lon="-72.6222905796"><ele>110.70</ele><time>2024-08-20T01:40:38Z</time></trkpt><trkpt lat="-39.3633274455" lon="-72.6223106124"><ele>110.69</ele><time>2024-08-20T01:40:39Z</time></trkpt><trkpt lat="-39.3635253422" lon="-72.6224821061"><ele>110.71</ele><time>2024-08-20T01:40:48Z</time></trkpt><trkpt lat="-39.3635405973" lon="-72.6224735565"><ele>110.70</ele><time>2024-08-20T01:40:49Z</time></trkpt><trkpt lat="-39.3635488953" lon="-72.6224567927"><ele>110.68</ele><time>2024-08-20T01:40:50Z</time></trkpt><trkpt lat="-39.3635514937" lon="-72.6224313956"><ele>110.78</ele><time>2024-08-20T01:40:51Z</time></trkpt><trkpt lat="-39.3635496497" lon="-72.6223956048"><ele>110.74</ele><time>2024-08-20T01:40:52Z</time></trkpt><trkpt lat="-39.3635460455" lon="-72.6223536953"><ele>110.81</ele><time>2024-08-20T01:40:53Z</time></trkpt><trkpt lat="-39.3635653239" lon="-72.6216657925"><ele>111.11</ele><time>2024-08-20T01:41:05Z</time></trkpt><trkpt lat="-39.3635169603" lon="-72.6213846635"><ele>111.01</ele><time>2024-08-20T01:41:12Z</time></trkpt><trkpt lat="-39.3632830214" lon="-72.6211808994"><ele>110.86</ele><time>2024-08-20T01:41:20Z</time></trkpt><trkpt lat="-39.3632633239" lon="-72.6211899519"><ele>110.72</ele><time>2024-08-20T01:41:21Z</time></trkpt><trkpt lat="-39.3632463925" lon="-72.6212115772"><ele>110.66</ele><time>2024-08-20T01:41:22Z</time></trkpt><trkpt lat="-39.3632333167" lon="-72.6212512236"><ele>110.64</ele><time>2024-08-20T01:41:23Z</time></trkpt><trkpt lat="-39.3632270303" lon="-72.6212974917"><ele>110.66</ele><time>2024-08-20T01:41:24Z</time></trkpt><trkpt lat="-39.3632247671" lon="-72.6213532314"><ele>110.78</ele><time>2024-08-20T01:41:25Z</time></trkpt><trkpt lat="-39.3632244319" lon="-72.6214135811"><ele>110.71</ele><time>2024-08-20T01:41:26Z</time></trkpt><trkpt lat="-39.3631783314" lon="-72.6216915250"><ele>110.56</ele><time>2024-08-20T01:41:32Z</time></trkpt><trkpt lat="-39.3631571252" lon="-72.6217030920"><ele>110.60</ele><time>2024-08-20T01:41:33Z</time></trkpt><trkpt lat="-39.3631331529" lon="-72.6217070315"><ele>110.69</ele><time>2024-08-20T01:41:34Z</time></trkpt><trkpt lat="-39.3626889121" lon="-72.6216890942"><ele>110.94</ele><time>2024-08-20T01:41:45Z</time></trkpt><trkpt lat="-39.3625626806" lon="-72.6217688061"><ele>110.75</ele><time>2024-08-20T01:41:51Z</time></trkpt><trkpt lat="-39.3625592440" lon="-72.6218084525"><ele>111.04</ele><time>2024-08-20T01:41:52Z</time></trkpt><trkpt lat="-39.3625549693" lon="-72.6218480989"><ele>110.98</ele><time>2024-08-20T01:41:53Z</time></trkpt><trkpt lat="-39.3625439890" lon="-72.6218814589"><ele>111.22</ele><time>2024-08-20T01:41:54Z</time></trkpt><trkpt lat="-39.3625253811" lon="-72.6219068561"><ele>111.16</ele><time>2024-08-20T01:41:55Z</time></trkpt><trkpt lat="-39.3625003193" lon="-72.6219221950"><ele>111.12</ele><time>2024-08-20T01:41:56Z</time></trkpt><trkpt lat="-39.3624724075" lon="-72.6219324209"><ele>111.02</ele><time>2024-08-20T01:41:57Z</time></trkpt><trkpt lat="-39.3620248977" lon="-72.6220191736"><ele>110.89</ele><time>2024-08-20T01:42:11Z</time></trkpt><trkpt lat="-39.3620072957" lon="-72.6220083609"><ele>110.93</ele><time>2024-08-20T01:42:12Z</time></trkpt><trkpt lat="-39.3619925436" lon="-72.6219937764"><ele>110.91</ele><time>2024-08-20T01:42:13Z</time></trkpt><trkpt lat="-39.3618062139" lon="-72.6217011642"><ele>110.80</ele><time>2024-08-20T01:42:22Z</time></trkpt><trkpt lat="-39.3618202116" lon="-72.6216697320"><ele>110.74</ele><time>2024-08-20T01:42:23Z</time></trkpt><trkpt lat="-39.3618446868" lon="-72.6216467656"><ele>110.58</ele><time>2024-08-20T01:42:24Z</time></trkpt><trkpt lat="-39.3618756998" lon="-72.6216309238"><ele>110.63</ele><time>2024-08-20T01:42:25Z</time></trkpt><trkpt lat="-39.3619120773" lon="-72.6216193568"><ele>110.67</ele><time>2024-08-20T01:42:26Z</time></trkpt><trkpt lat="-39.3624588288" lon="-72.6215504576"><ele>110.71</ele><time>2024-08-20T01:42:39Z</time></trkpt><trkpt lat="-39.3625588249" lon="-72.6214891858"><ele>110.53</ele><time>2024-08-20T01:42:44Z</time></trkpt><trkpt lat="-39.3625679612" lon="-72.6214488689"><ele>110.68</ele><time>2024-08-20T01:42:45Z</time></trkpt><trkpt lat="-39.3625738285" lon="-72.6214020140"><ele>110.68</ele><time>2024-08-20T01:42:46Z</time></trkpt><trkpt lat="-39.3625767622" lon="-72.6213492919"><ele>110.69</ele><time>2024-08-20T01:42:47Z</time></trkpt><trkpt lat="-39.3625793606" lon="-72.6212935522"><ele>110.61</ele><time>2024-08-20T01:42:48Z</time></trkpt><trkpt lat="-39.3625974655" lon="-72.6206991915"><ele>110.59</ele><time>2024-08-20T01:42:57Z</time></trkpt><trkpt lat="-39.3626119662" lon="-72.6206479780"><ele>110.48</ele><time>2024-08-20T01:42:58Z</time></trkpt><trkpt lat="-39.3626340944" lon="-72.6206090860"><ele>110.52</ele><time>2024-08-20T01:42:59Z</time></trkpt><trkpt lat="-39.3626622576" lon="-72.6205865387"><ele>110.45</ele><time>2024-08-20T01:43:00Z</time></trkpt><trkpt lat="-39.3626976293" lon="-72.6205779891"><ele>110.45</ele><time>2024-08-20T01:43:01Z</time></trkpt><trkpt lat="-39.3627326656" lon="-72.6205794141"><ele>110.48</ele><time>2024-08-20T01:43:02Z</time></trkpt><trkpt lat="-39.3627726473" lon="-72.6205810905"><ele>110.51</ele><time>2024-08-20T01:43:03Z</time></trkpt><trkpt lat="-39.3633503281" lon="-72.6206124388"><ele>110.62</ele><time>2024-08-20T01:43:17Z</time></trkpt><trkpt lat="-39.3639439344" lon="-72.6206401829"><ele>110.75</ele><time>2024-08-20T01:43:35Z</time></trkpt><trkpt lat="-39.3640074693" lon="-72.6202605665"><ele>111.03</ele><time>2024-08-20T01:43:44Z</time></trkpt><trkpt lat="-39.3639752828" lon="-72.6201638393"><ele>111.01</ele><time>2024-08-20T01:43:47Z</time></trkpt><trkpt lat="-39.3639562558" lon="-72.6201489195"><ele>110.94</ele><time>2024-08-20T01:43:48Z</time></trkpt><trkpt lat="-39.3639361393" lon="-72.6201406214"><ele>110.97</ele><time>2024-08-20T01:43:49Z</time></trkpt><trkpt lat="-39.3639128376" lon="-72.6201364305"><ele>111.03</ele><time>2024-08-20T01:43:50Z</time></trkpt><trkpt lat="-39.3638880271" lon="-72.6201339159"><ele>111.02</ele><time>2024-08-20T01:43:51Z</time></trkpt><trkpt lat="-39.3633551896" lon="-72.6201183256"><ele>111.27</ele><time>2024-08-20T01:44:05Z</time></trkpt><trkpt lat="-39.3627756648" lon="-72.6200972032"><ele>110.59</ele><time>2024-08-20T01:44:19Z</time></trkpt><trkpt lat="-39.3626461644" lon="-72.6200581435"><ele>110.30</ele><time>2024-08-20T01:44:23Z</time></trkpt><trkpt lat="-39.3626304902" lon="-72.6200252865"><ele>110.30</ele><time>2024-08-20T01:44:24Z</time></trkpt><trkpt lat="-39.3626246229" lon="-72.6199844666"><ele>110.32</ele><time>2024-08-20T01:44:25Z</time></trkpt><trkpt lat="-39.3626253773" lon="-72.6199357677"><ele>110.19</ele><time>2024-08-20T01:44:26Z</time></trkpt><trkpt lat="-39.3626279756" lon="-72.6198827103"><ele>110.23</ele><time>2024-08-20T01:44:27Z</time></trkpt><trkpt lat="-39.3627030775" lon="-72.6196429040"><ele>110.20</ele><time>2024-08-20T01:44:33Z</time></trkpt><trkpt lat="-39.3627385329" lon="-72.6196333487"><ele>110.21</ele><time>2024-08-20T01:44:34Z</time></trkpt><trkpt lat="-39.3627763353" lon="-72.6196311694"><ele>110.18</ele><time>2024-08-20T01:44:35Z</time></trkpt><trkpt lat="-39.3635402620" lon="-72.6196674630"><ele>111.18</ele><time>2024-08-20T01:44:53Z</time></trkpt><trkpt lat="-39.3639861792" lon="-72.6196764316"><ele>111.37</ele><time>2024-08-20T01:45:06Z</time></trkpt><trkpt lat="-39.3640010152" lon="-72.6196464244"><ele>111.35</ele><time>2024-08-20T01:45:07Z</time></trkpt><trkpt lat="-39.3640141748" lon="-72.6196042635"><ele>111.43</ele><time>2024-08-20T01:45:08Z</time></trkpt><trkpt lat="-39.3640326988" lon="-72.6195039321"><ele>111.62</ele><time>2024-08-20T01:45:10Z</time></trkpt><trkpt lat="-39.3640371412" lon="-72.6194500364"><ele>111.70</ele><time>2024-08-20T01:45:11Z</time></trkpt><trkpt lat="-39.3638816569" lon="-72.6192134991"><ele>111.89</ele><time>2024-08-20T01:45:20Z</time></trkpt><trkpt lat="-39.3633134477" lon="-72.6191837434"><ele>111.47</ele><time>2024-08-20T01:45:34Z</time></trkpt><trkpt lat="-39.3628065940" lon="-72.6191418339"><ele>111.11</ele><time>2024-08-20T01:45:49Z</time></trkpt><trkpt lat="-39.3627867289" lon="-72.6191356312"><ele>111.02</ele><time>2024-08-20T01:45:50Z</time></trkpt><trkpt lat="-39.3627683725" lon="-72.6191214658"><ele>111.02</ele><time>2024-08-20T01:45:51Z</time></trkpt><trkpt lat="-39.3627563026" lon="-72.6190996729"><ele>110.91</ele><time>2024-08-20T01:45:52Z</time></trkpt><trkpt lat="-39.3627526984" lon="-72.6190716773"><ele>111.02</ele><time>2024-08-20T01:45:53Z</time></trkpt><trkpt lat="-39.3627591524" lon="-72.6190357190"><ele>111.07</ele><time>2024-08-20T01:45:54Z</time></trkpt><trkpt lat="-39.3627687078" lon="-72.6189939771"><ele>110.95</ele><time>2024-08-20T01:45:55Z</time></trkpt><trkpt lat="-39.3627817836" lon="-72.6189484634"><ele>111.09</ele><time>2024-08-20T01:45:56Z</time></trkpt><trkpt lat="-39.3627973739" lon="-72.6189006027"><ele>111.11</ele><time>2024-08-20T01:45:57Z</time></trkpt><trkpt lat="-39.3630193267" lon="-72.6187063940"><ele>111.31</ele><time>2024-08-20T01:46:07Z</time></trkpt><trkpt lat="-39.3636273500" lon="-72.6187496446"><ele>111.80</ele><time>2024-08-20T01:46:23Z</time></trkpt><trkpt lat="-39.3640071340" lon="-72.6187293604"><ele>112.02</ele><time>2024-08-20T01:46:37Z</time></trkpt><trkpt lat="-39.3639975786" lon="-72.6183557790"><ele>112.28</ele><time>2024-08-20T01:46:45Z</time></trkpt><trkpt lat="-39.3639719300" lon="-72.6183375902"><ele>112.17</ele><time>2024-08-20T01:46:46Z</time></trkpt><trkpt lat="-39.3639438506" lon="-72.6183308847"><ele>112.36</ele><time>2024-08-20T01:46:47Z</time></trkpt><trkpt lat="-39.3635013700" lon="-72.6182924118"><ele>112.02</ele><time>2024-08-20T01:47:01Z</time></trkpt><trkpt lat="-39.3631893117" lon="-72.6182930823"><ele>111.90</ele><time>2024-08-20T01:47:13Z</time></trkpt><trkpt lat="-39.3631538562" lon="-72.6182743907"><ele>111.64</ele><time>2024-08-20T01:47:16Z</time></trkpt><trkpt lat="-39.3631481566" lon="-72.6182607282"><ele>111.62</ele><time>2024-08-20T01:47:17Z</time></trkpt><trkpt lat="-39.3631450552" lon="-72.6182417013"><ele>111.65</ele><time>2024-08-20T01:47:18Z</time></trkpt><trkpt lat="-39.3631481566" lon="-72.6182111073"><ele>111.59</ele><time>2024-08-20T01:47:19Z</time></trkpt><trkpt lat="-39.3631587178" lon="-72.6181741431"><ele>111.73</ele><time>2024-08-20T01:47:20Z</time></trkpt><trkpt lat="-39.3631701171" lon="-72.6181370113"><ele>111.83</ele><time>2024-08-20T01:47:21Z</time></trkpt><trkpt lat="-39.3634391762" lon="-72.6178579777"><ele>111.96</ele><time>2024-08-20T01:47:33Z</time></trkpt><trkpt lat="-39.3639787193" lon="-72.6179076824"><ele>112.67</ele><time>2024-08-20T01:47:45Z</time></trkpt><trkpt lat="-39.3639987521" lon="-72.6178992167"><ele>112.63</ele><time>2024-08-20T01:47:46Z</time></trkpt><trkpt lat="-39.3640122470" lon="-72.6178867277"><ele>112.50</ele><time>2024-08-20T01:47:47Z</time></trkpt><trkpt lat="-39.3640233111" lon="-72.6178683713"><ele>112.37</ele><time>2024-08-20T01:47:48Z</time></trkpt><trkpt lat="-39.3640318606" lon="-72.6178444829"><ele>112.43</ele><time>2024-08-20T01:47:49Z</time></trkpt><trkpt lat="-39.3640361354" lon="-72.6178129669"><ele>112.43</ele><time>2024-08-20T01:47:50Z</time></trkpt><trkpt lat="-39.3640379794" lon="-72.6177750807"><ele>112.50</ele><time>2024-08-20T01:47:51Z</time></trkpt><trkpt lat="-39.3640106544" lon="-72.6174665429"><ele>112.55</ele><time>2024-08-20T01:47:58Z</time></trkpt><trkpt lat="-39.3639857601" lon="-72.6174522098"><ele>112.61</ele><time>2024-08-20T01:47:59Z</time></trkpt><trkpt lat="-39.3639553338" lon="-72.6174462587"><ele>112.71</ele><time>2024-08-20T01:48:00Z</time></trkpt><trkpt lat="-39.3635036331" lon="-72.6174072828"><ele>112.20</ele><time>2024-08-20T01:48:12Z</time></trkpt><trkpt lat="-39.3634966761" lon="-72.6173913572"><ele>112.16</ele><time>2024-08-20T01:48:13Z</time></trkpt><trkpt lat="-39.3634945806" lon="-72.6173744258"><ele>112.17</ele><time>2024-08-20T01:48:14Z</time></trkpt><trkpt lat="-39.3634951673" lon="-72.6173533872"><ele>112.09</ele><time>2024-08-20T01:48:15Z</time></trkpt><trkpt lat="-39.3635020405" lon="-72.6173203625"><ele>112.07</ele><time>2024-08-20T01:48:16Z</time></trkpt><trkpt lat="-39.3635144457" lon="-72.6172733400"><ele>112.17</ele><time>2024-08-20T01:48:17Z</time></trkpt><trkpt lat="-39.3635835964" lon="-72.6170753594"><ele>112.39</ele><time>2024-08-20T01:48:21Z</time></trkpt><trkpt lat="-39.3636087421" lon="-72.6170358807"><ele>112.33</ele><time>2024-08-20T01:48:22Z</time></trkpt><trkpt lat="-39.3636426888" lon="-72.6170039456"><ele>112.46</ele><time>2024-08-20T01:48:23Z</time></trkpt><trkpt lat="-39.3636859395" lon="-72.6169831585"><ele>112.38</ele><time>2024-08-20T01:48:24Z</time></trkpt><trkpt lat="-39.3637364823" lon="-72.6169764530"><ele>112.50</ele><time>2024-08-20T01:48:25Z</time></trkpt><trkpt lat="-39.3637915514" lon="-72.6169775426"><ele>112.53</ele><time>2024-08-20T01:48:26Z</time></trkpt><trkpt lat="-39.3638494704" lon="-72.6169810630"><ele>112.45</ele><time>2024-08-20T01:48:27Z</time></trkpt><trkpt lat="-39.3640090618" lon="-72.6170075499"><ele>112.62</ele><time>2024-08-20T01:48:30Z</time></trkpt><trkpt lat="-39.3640446011" lon="-72.6170380600"><ele>112.75</ele><time>2024-08-20T01:48:31Z</time></trkpt><trkpt lat="-39.3640637118" lon="-72.6170905307"><ele>112.73</ele><time>2024-08-20T01:48:32Z</time></trkpt><trkpt lat="-39.3640680704" lon="-72.6171581727"><ele>112.83</ele><time>2024-08-20T01:48:33Z</time></trkpt><trkpt lat="-39.3640687410" lon="-72.6172340289"><ele>112.62</ele><time>2024-08-20T01:48:34Z</time></trkpt><trkpt lat="-39.3640258256" lon="-72.6185779832"><ele>112.32</ele><time>2024-08-20T01:48:49Z</time></trkpt><trkpt lat="-39.3639985006" lon="-72.6199567225"><ele>111.67</ele><time>2024-08-20T01:49:06Z</time></trkpt><trkpt lat="-39.3639744446" lon="-72.6212959830"><ele>111.48</ele><time>2024-08-20T01:49:22Z</time></trkpt><trkpt lat="-39.3639437668" lon="-72.6214761101"><ele>111.35</ele><time>2024-08-20T01:49:24Z</time></trkpt><trkpt lat="-39.3639074732" lon="-72.6216439996"><ele>111.25</ele><time>2024-08-20T01:49:26Z</time></trkpt><trkpt lat="-39.3639026117" lon="-72.6217273157"><ele>111.15</ele><time>2024-08-20T01:49:27Z</time></trkpt><trkpt lat="-39.3638690002" lon="-72.6233660616"><ele>110.62</ele><time>2024-08-20T01:49:46Z</time></trkpt><trkpt lat="-39.3638174515" lon="-72.6245733909"><ele>112.19</ele><time>2024-08-20T01:50:02Z</time></trkpt><trkpt lat="-39.3638348859" lon="-72.6247218344"><ele>112.37</ele><time>2024-08-20T01:50:06Z</time></trkpt><trkpt lat="-39.3638629653" lon="-72.6247789152"><ele>112.32</ele><time>2024-08-20T01:50:07Z</time></trkpt><trkpt lat="-39.3638989236" lon="-72.6248426177"><ele>112.03</ele><time>2024-08-20T01:50:08Z</time></trkpt><trkpt lat="-39.3641166016" lon="-72.6251675840"><ele>112.43</ele><time>2024-08-20T01:50:13Z</time></trkpt><trkpt lat="-39.3641625345" lon="-72.6252019498"><ele>112.44</ele><time>2024-08-20T01:50:14Z</time></trkpt><trkpt lat="-39.3642094731" lon="-72.6252076495"><ele>112.32</ele><time>2024-08-20T01:50:15Z</time></trkpt><trkpt lat="-39.3642477784" lon="-72.6251888741"><ele>112.26</ele><time>2024-08-20T01:50:16Z</time></trkpt><trkpt lat="-39.3642771989" lon="-72.6251457911"><ele>111.99</ele><time>2024-08-20T01:50:17Z</time></trkpt><trkpt lat="-39.3642871734" lon="-72.6250945777"><ele>111.89</ele><time>2024-08-20T01:50:18Z</time></trkpt><trkpt lat="-39.3642888498" lon="-72.6250302047"><ele>111.68</ele><time>2024-08-20T01:50:19Z</time></trkpt><trkpt lat="-39.3642901070" lon="-72.6249602158"><ele>111.40</ele><time>2024-08-20T01:50:20Z</time></trkpt><trkpt lat="-39.3643096369" lon="-72.6234005950"><ele>111.97</ele><time>2024-08-20T01:50:38Z</time></trkpt><trkpt lat="-39.3643227126" lon="-72.6226481516"><ele>111.60</ele><time>2024-08-20T01:50:50Z</time></trkpt><trkpt lat="-39.3643565755" lon="-72.6216183510"><ele>111.65</ele><time>2024-08-20T01:51:03Z</time></trkpt><trkpt lat="-39.3643783685" lon="-72.6196636911"><ele>111.60</ele><time>2024-08-20T01:51:23Z</time></trkpt><trkpt lat="-39.3643800449" lon="-72.6190852560"><ele>113.35</ele><time>2024-08-20T01:51:29Z</time></trkpt><trkpt lat="-39.3644152489" lon="-72.6174156647"><ele>111.53</ele><time>2024-08-20T01:51:47Z</time></trkpt><trkpt lat="-39.3643990718" lon="-72.6159533579"><ele>114.05</ele><time>2024-08-20T01:52:02Z</time></trkpt><trkpt lat="-39.3644326832" lon="-72.6147312764"><ele>117.09</ele><time>2024-08-20T01:52:16Z</time></trkpt><trkpt lat="-39.3644539732" lon="-72.6140525099"><ele>120.16</ele><time>2024-08-20T01:52:25Z</time></trkpt><trkpt lat="-39.3644657917" lon="-72.6138800103"><ele>120.51</ele><time>2024-08-20T01:52:27Z</time></trkpt><trkpt lat="-39.3645431567" lon="-72.6135345921"><ele>121.61</ele><time>2024-08-20T01:52:31Z</time></trkpt><trkpt lat="-39.3645729963" lon="-72.6129700709"><ele>125.12</ele><time>2024-08-20T01:52:38Z</time></trkpt><trkpt lat="-39.3645829707" lon="-72.6121220738"><ele>126.83</ele><time>2024-08-20T01:52:48Z</time></trkpt><trkpt lat="-39.3647330068" lon="-72.6118564513"><ele>127.33</ele><time>2024-08-20T01:52:54Z</time></trkpt><trkpt lat="-39.3653929979" lon="-72.6115162298"><ele>130.64</ele><time>2024-08-20T01:53:07Z</time></trkpt><trkpt lat="-39.3654619809" lon="-72.6115092728"><ele>130.97</ele><time>2024-08-20T01:53:09Z</time></trkpt><trkpt lat="-39.3655209057" lon="-72.6116513461"><ele>131.58</ele><time>2024-08-20T01:53:13Z</time></trkpt><trkpt lat="-39.3655116856" lon="-72.6118705329"><ele>131.51</ele><time>2024-08-20T01:53:18Z</time></trkpt><trkpt lat="-39.3651657645" lon="-72.6120996941"><ele>130.25</ele><time>2024-08-20T01:53:28Z</time></trkpt><trkpt lat="-39.3647027481" lon="-72.6123581082"><ele>126.92</ele><time>2024-08-20T01:53:37Z</time></trkpt><trkpt lat="-39.3645611778" lon="-72.6125173643"><ele>126.00</ele><time>2024-08-20T01:53:45Z</time></trkpt><trkpt lat="-39.3645543884" lon="-72.6127808914"><ele>125.68</ele><time>2024-08-20T01:53:50Z</time></trkpt><trkpt lat="-39.3647255469" lon="-72.6128497906"><ele>126.12</ele><time>2024-08-20T01:53:56Z</time></trkpt><trkpt lat="-39.3651933409" lon="-72.6125841681"><ele>129.50</ele><time>2024-08-20T01:54:06Z</time></trkpt><trkpt lat="-39.3653357495" lon="-72.6125000138"><ele>130.82</ele><time>2024-08-20T01:54:09Z</time></trkpt><trkpt lat="-39.3654931616" lon="-72.6124751195"><ele>131.09</ele><time>2024-08-20T01:54:15Z</time></trkpt><trkpt lat="-39.3654737994" lon="-72.6128936280"><ele>128.97</ele><time>2024-08-20T01:54:24Z</time></trkpt><trkpt lat="-39.3650897406" lon="-72.6130920276"><ele>126.52</ele><time>2024-08-20T01:54:35Z</time></trkpt><trkpt lat="-39.3650574703" lon="-72.6131057739"><ele>126.27</ele><time>2024-08-20T01:54:36Z</time></trkpt><trkpt lat="-39.3647429813" lon="-72.6132851467"><ele>124.34</ele><time>2024-08-20T01:54:46Z</time></trkpt><trkpt lat="-39.3645555619" lon="-72.6134361885"><ele>122.53</ele><time>2024-08-20T01:54:52Z</time></trkpt><trkpt lat="-39.3644707371" lon="-72.6138707902"><ele>120.35</ele><time>2024-08-20T01:55:01Z</time></trkpt><trkpt lat="-39.3646005727" lon="-72.6138754841"><ele>120.98</ele><time>2024-08-20T01:55:05Z</time></trkpt><trkpt lat="-39.3650488369" lon="-72.6136114541"><ele>124.65</ele><time>2024-08-20T01:55:15Z</time></trkpt><trkpt lat="-39.3654630706" lon="-72.6134025771"><ele>127.83</ele><time>2024-08-20T01:55:23Z</time></trkpt><trkpt lat="-39.3656850234" lon="-72.6133014075"><ele>128.55</ele><time>2024-08-20T01:55:27Z</time></trkpt><trkpt lat="-39.3659152742" lon="-72.6127949730"><ele>131.21</ele><time>2024-08-20T01:55:36Z</time></trkpt><trkpt lat="-39.3659246620" lon="-72.6120065711"><ele>130.61</ele><time>2024-08-20T01:55:48Z</time></trkpt><trkpt lat="-39.3659517355" lon="-72.6118758135"><ele>129.49</ele><time>2024-08-20T01:55:57Z</time></trkpt><trkpt lat="-39.3659480475" lon="-72.6118952595"><ele>129.42</ele><time>2024-08-20T01:56:22Z</time></trkpt><trkpt lat="-39.3659471255" lon="-72.6119054854"><ele>129.62</ele><time>2024-08-20T01:56:51Z</time></trkpt><trkpt lat="-39.3659847602" lon="-72.6119092572"><ele>129.41</ele><time>2024-08-20T01:56:53Z</time></trkpt><trkpt lat="-39.3660099898" lon="-72.6119272783"><ele>129.31</ele><time>2024-08-20T01:56:54Z</time></trkpt><trkpt lat="-39.3664261512" lon="-72.6123134326"><ele>125.91</ele><time>2024-08-20T01:57:03Z</time></trkpt><trkpt lat="-39.3668880779" lon="-72.6126372255"><ele>122.59</ele><time>2024-08-20T01:57:10Z</time></trkpt><trkpt lat="-39.3673493341" lon="-72.6129186898"><ele>119.19</ele><time>2024-08-20T01:57:17Z</time></trkpt><trkpt lat="-39.3674983643" lon="-72.6130217034"><ele>117.85</ele><time>2024-08-20T01:57:20Z</time></trkpt><trkpt lat="-39.3679343909" lon="-72.6133973803"><ele>115.60</ele><time>2024-08-20T01:57:30Z</time></trkpt><trkpt lat="-39.3679338042" lon="-72.6134316623"><ele>115.43</ele><time>2024-08-20T01:57:31Z</time></trkpt><trkpt lat="-39.3679212313" lon="-72.6134670340"><ele>115.35</ele><time>2024-08-20T01:57:32Z</time></trkpt><trkpt lat="-39.3678995222" lon="-72.6134992205"><ele>115.18</ele><time>2024-08-20T01:57:33Z</time></trkpt><trkpt lat="-39.3678730354" lon="-72.6135316584"><ele>114.97</ele><time>2024-08-20T01:57:34Z</time></trkpt><trkpt lat="-39.3676157948" lon="-72.6137509290"><ele>113.92</ele><time>2024-08-20T01:57:42Z</time></trkpt><trkpt lat="-39.3676154595" lon="-72.6137783378"><ele>113.80</ele><time>2024-08-20T01:57:43Z</time></trkpt><trkpt lat="-39.3676245119" lon="-72.6138052437"><ele>113.72</ele><time>2024-08-20T01:57:44Z</time></trkpt><trkpt lat="-39.3676383421" lon="-72.6138290484"><ele>113.71</ele><time>2024-08-20T01:57:45Z</time></trkpt><trkpt lat="-39.3676535133" lon="-72.6138579659"><ele>113.69</ele><time>2024-08-20T01:57:46Z</time></trkpt><trkpt lat="-39.3676694389" lon="-72.6138913259"><ele>113.70</ele><time>2024-08-20T01:57:47Z</time></trkpt><trkpt lat="-39.3676860351" lon="-72.6139223389"><ele>113.66</ele><time>2024-08-20T01:57:48Z</time></trkpt><trkpt lat="-39.3679412641" lon="-72.6144058909"><ele>114.21</ele><time>2024-08-20T01:58:04Z</time></trkpt><trkpt lat="-39.3679382466" lon="-72.6144278515"><ele>114.15</ele><time>2024-08-20T01:58:05Z</time></trkpt><trkpt lat="-39.3679298647" lon="-72.6144511532"><ele>114.05</ele><time>2024-08-20T01:58:06Z</time></trkpt><trkpt lat="-39.3679147772" lon="-72.6144740358"><ele>114.05</ele><time>2024-08-20T01:58:07Z</time></trkpt><trkpt lat="-39.3678907212" lon="-72.6144990139"><ele>114.11</ele><time>2024-08-20T01:58:08Z</time></trkpt><trkpt lat="-39.3678618036" lon="-72.6145261712"><ele>114.09</ele><time>2024-08-20T01:58:09Z</time></trkpt><trkpt lat="-39.3676791620" lon="-72.6146659814"><ele>113.96</ele><time>2024-08-20T01:58:16Z</time></trkpt><trkpt lat="-39.3676667567" lon="-72.6146515645"><ele>114.03</ele><time>2024-08-20T01:58:17Z</time></trkpt><trkpt lat="-39.3676522560" lon="-72.6146279275"><ele>113.99</ele><time>2024-08-20T01:58:18Z</time></trkpt><trkpt lat="-39.3673964404" lon="-72.6141431183"><ele>113.86</ele><time>2024-08-20T01:58:29Z</time></trkpt><trkpt lat="-39.3672088534" lon="-72.6140776556"><ele>114.19</ele><time>2024-08-20T01:58:38Z</time></trkpt><trkpt lat="-39.3669365253" lon="-72.6143539231"><ele>114.26</ele><time>2024-08-20T01:58:46Z</time></trkpt><trkpt lat="-39.3668545503" lon="-72.6144051366"><ele>114.71</ele><time>2024-08-20T01:58:48Z</time></trkpt><trkpt lat="-39.3665992375" lon="-72.6146747824"><ele>115.76</ele><time>2024-08-20T01:58:59Z</time></trkpt><trkpt lat="-39.3668186758" lon="-72.6150916144"><ele>114.66</ele><time>2024-08-20T01:59:08Z</time></trkpt><trkpt lat="-39.3669351842" lon="-72.6153324265"><ele>113.53</ele><time>2024-08-20T01:59:19Z</time></trkpt><trkpt lat="-39.3668687996" lon="-72.6154286508"><ele>113.39</ele><time>2024-08-20T01:59:23Z</time></trkpt><trkpt lat="-39.3666182645" lon="-72.6155994739"><ele>112.46</ele><time>2024-08-20T01:59:30Z</time></trkpt><trkpt lat="-39.3665963877" lon="-72.6155780163"><ele>112.86</ele><time>2024-08-20T01:59:31Z</time></trkpt><trkpt lat="-39.3665753491" lon="-72.6155460812"><ele>113.06</ele><time>2024-08-20T01:59:32Z</time></trkpt><trkpt lat="-39.3665529694" lon="-72.6155062672"><ele>113.22</ele><time>2024-08-20T01:59:33Z</time></trkpt><trkpt lat="-39.3665277399" lon="-72.6154620107"><ele>113.51</ele><time>2024-08-20T01:59:34Z</time></trkpt><trkpt lat="-39.3662192021" lon="-72.6148803905"><ele>116.80</ele><time>2024-08-20T01:59:46Z</time></trkpt><trkpt lat="-39.3659662362" lon="-72.6144792326"><ele>119.16</ele><time>2024-08-20T01:59:59Z</time></trkpt><trkpt lat="-39.3656747136" lon="-72.6139587164"><ele>121.96</ele><time>2024-08-20T02:00:10Z</time></trkpt><trkpt lat="-39.3655728735" lon="-72.6138070039"><ele>123.14</ele><time>2024-08-20T02:00:15Z</time></trkpt><trkpt lat="-39.3655503262" lon="-72.6138017233"><ele>123.13</ele><time>2024-08-20T02:00:16Z</time></trkpt><trkpt lat="-39.3655186426" lon="-72.6138090156"><ele>123.12</ele><time>2024-08-20T02:00:17Z</time></trkpt><trkpt lat="-39.3654800020" lon="-72.6138304733"><ele>123.20</ele><time>2024-08-20T02:00:18Z</time></trkpt><trkpt lat="-39.3654406071" lon="-72.6138588041"><ele>123.17</ele><time>2024-08-20T02:00:19Z</time></trkpt><trkpt lat="-39.3654028047" lon="-72.6138906553"><ele>123.04</ele><time>2024-08-20T02:00:20Z</time></trkpt><trkpt lat="-39.3653644156" lon="-72.6139266137"><ele>122.90</ele><time>2024-08-20T02:00:21Z</time></trkpt><trkpt lat="-39.3652954325" lon="-72.6140286215"><ele>122.62</ele><time>2024-08-20T02:00:24Z</time></trkpt><trkpt lat="-39.3652952649" lon="-72.6140607242"><ele>122.34</ele><time>2024-08-20T02:00:25Z</time></trkpt><trkpt lat="-39.3653040659" lon="-72.6140933298"><ele>122.41</ele><time>2024-08-20T02:00:26Z</time></trkpt><trkpt lat="-39.3653211650" lon="-72.6141296234"><ele>122.28</ele><time>2024-08-20T02:00:27Z</time></trkpt><trkpt lat="-39.3653444666" lon="-72.6141732093"><ele>122.08</ele><time>2024-08-20T02:00:28Z</time></trkpt><trkpt lat="-39.3656554352" lon="-72.6147176977"><ele>119.76</ele><time>2024-08-20T02:00:38Z</time></trkpt><trkpt lat="-39.3658383284" lon="-72.6149614435"><ele>118.88</ele><time>2024-08-20T02:00:46Z</time></trkpt><trkpt lat="-39.3660643045" lon="-72.6153901778"><ele>115.73</ele><time>2024-08-20T02:00:54Z</time></trkpt><trkpt lat="-39.3663393985" lon="-72.6159103587"><ele>112.47</ele><time>2024-08-20T02:01:06Z</time></trkpt><trkpt lat="-39.3663368002" lon="-72.6159370970"><ele>112.28</ele><time>2024-08-20T02:01:07Z</time></trkpt><trkpt lat="-39.3663222156" lon="-72.6159674395"><ele>112.19</ele><time>2024-08-20T02:01:08Z</time></trkpt><trkpt lat="-39.3662958127" lon="-72.6159987878"><ele>112.18</ele><time>2024-08-20T02:01:09Z</time></trkpt><trkpt lat="-39.3662604410" lon="-72.6160312258"><ele>112.12</ele><time>2024-08-20T02:01:10Z</time></trkpt><trkpt lat="-39.3662205432" lon="-72.6160668489"><ele>112.09</ele><time>2024-08-20T02:01:11Z</time></trkpt><trkpt lat="-39.3661092315" lon="-72.6161460578"><ele>112.09</ele><time>2024-08-20T02:01:14Z</time></trkpt><trkpt lat="-39.3660799786" lon="-72.6161434595"><ele>112.03</ele><time>2024-08-20T02:01:15Z</time></trkpt><trkpt lat="-39.3660564255" lon="-72.6161242649"><ele>111.93</ele><time>2024-08-20T02:01:16Z</time></trkpt><trkpt lat="-39.3660348840" lon="-72.6160909887"><ele>112.11</ele><time>2024-08-20T02:01:17Z</time></trkpt><trkpt lat="-39.3660114985" lon="-72.6160467323"><ele>112.53</ele><time>2024-08-20T02:01:18Z</time></trkpt><trkpt lat="-39.3659301102" lon="-72.6158864703"><ele>113.25</ele><time>2024-08-20T02:01:21Z</time></trkpt><trkpt lat="-39.3658944033" lon="-72.6158496737"><ele>113.41</ele><time>2024-08-20T02:01:22Z</time></trkpt><trkpt lat="-39.3658524938" lon="-72.6158410404"><ele>113.55</ele><time>2024-08-20T02:01:23Z</time></trkpt><trkpt lat="-39.3658122607" lon="-72.6158564631"><ele>113.65</ele><time>2024-08-20T02:01:24Z</time></trkpt><trkpt lat="-39.3657731172" lon="-72.6158857159"><ele>113.55</ele><time>2024-08-20T02:01:25Z</time></trkpt><trkpt lat="-39.3657342251" lon="-72.6159194950"><ele>113.44</ele><time>2024-08-20T02:01:26Z</time></trkpt><trkpt lat="-39.3655862007" lon="-72.6160878874"><ele>113.10</ele><time>2024-08-20T02:01:31Z</time></trkpt><trkpt lat="-39.3655892182" lon="-72.6161287073"><ele>112.98</ele><time>2024-08-20T02:01:32Z</time></trkpt><trkpt lat="-39.3656035513" lon="-72.6161692757"><ele>112.78</ele><time>2024-08-20T02:01:33Z</time></trkpt><trkpt lat="-39.3656250928" lon="-72.6162116043"><ele>112.73</ele><time>2024-08-20T02:01:34Z</time></trkpt><trkpt lat="-39.3656518310" lon="-72.6162578724"><ele>112.73</ele><time>2024-08-20T02:01:35Z</time></trkpt><trkpt lat="-39.3657333031" lon="-72.6164551824"><ele>112.02</ele><time>2024-08-20T02:01:40Z</time></trkpt><trkpt lat="-39.3657227419" lon="-72.6164896321"><ele>111.68</ele><time>2024-08-20T02:01:41Z</time></trkpt><trkpt lat="-39.3657001946" lon="-72.6165215671"><ele>111.62</ele><time>2024-08-20T02:01:42Z</time></trkpt><trkpt lat="-39.3656666670" lon="-72.6165568549"><ele>111.54</ele><time>2024-08-20T02:01:43Z</time></trkpt><trkpt lat="-39.3656267691" lon="-72.6165957469"><ele>111.46</ele><time>2024-08-20T02:01:44Z</time></trkpt><trkpt lat="-39.3654898927" lon="-72.6166940667"><ele>111.58</ele><time>2024-08-20T02:01:48Z</time></trkpt><trkpt lat="-39.3654674292" lon="-72.6166845951"><ele>111.65</ele><time>2024-08-20T02:01:49Z</time></trkpt><trkpt lat="-39.3654486537" lon="-72.6166591141"><ele>111.71</ele><time>2024-08-20T02:01:50Z</time></trkpt><trkpt lat="-39.3651444744" lon="-72.6161142904"><ele>112.82</ele><time>2024-08-20T02:02:01Z</time></trkpt><trkpt lat="-39.3650941830" lon="-72.6159460656"><ele>113.30</ele><time>2024-08-20T02:02:05Z</time></trkpt><trkpt lat="-39.3651158921" lon="-72.6159148011"><ele>113.01</ele><time>2024-08-20T02:02:06Z</time></trkpt><trkpt lat="-39.3651436362" lon="-72.6158862188"><ele>113.04</ele><time>2024-08-20T02:02:07Z</time></trkpt><trkpt lat="-39.3656651583" lon="-72.6154442411"><ele>114.31</ele><time>2024-08-20T02:02:21Z</time></trkpt><trkpt lat="-39.3659345526" lon="-72.6151534729"><ele>116.13</ele><time>2024-08-20T02:02:31Z</time></trkpt><trkpt lat="-39.3659235723" lon="-72.6151152514"><ele>116.39</ele><time>2024-08-20T02:02:32Z</time></trkpt><trkpt lat="-39.3659075629" lon="-72.6150761917"><ele>116.60</ele><time>2024-08-20T02:02:33Z</time></trkpt><trkpt lat="-39.3656639010" lon="-72.6148428395"><ele>118.91</ele><time>2024-08-20T02:02:44Z</time></trkpt><trkpt lat="-39.3656261824" lon="-72.6148718409"><ele>118.99</ele><time>2024-08-20T02:02:45Z</time></trkpt><trkpt lat="-39.3655898049" lon="-72.6149072964"><ele>118.85</ele><time>2024-08-20T02:02:46Z</time></trkpt><trkpt lat="-39.3654579576" lon="-72.6150153391"><ele>118.86</ele><time>2024-08-20T02:02:50Z</time></trkpt><trkpt lat="-39.3654299621" lon="-72.6150104776"><ele>118.84</ele><time>2024-08-20T02:02:51Z</time></trkpt><trkpt lat="-39.3654066604" lon="-72.6149906125"><ele>118.82</ele><time>2024-08-20T02:02:52Z</time></trkpt><trkpt lat="-39.3653862085" lon="-72.6149601024"><ele>118.79</ele><time>2024-08-20T02:02:53Z</time></trkpt><trkpt lat="-39.3653660081" lon="-72.6149211265"><ele>118.96</ele><time>2024-08-20T02:02:54Z</time></trkpt><trkpt lat="-39.3650311511" lon="-72.6143379975"><ele>121.09</ele><time>2024-08-20T02:03:07Z</time></trkpt><trkpt lat="-39.3650064245" lon="-72.6143273525"><ele>120.92</ele><time>2024-08-20T02:03:08Z</time></trkpt><trkpt lat="-39.3649732322" lon="-72.6143276878"><ele>120.92</ele><time>2024-08-20T02:03:09Z</time></trkpt><trkpt lat="-39.3649303168" lon="-72.6143463794"><ele>120.81</ele><time>2024-08-20T02:03:10Z</time></trkpt><trkpt lat="-39.3648849707" lon="-72.6143737044"><ele>120.70</ele><time>2024-08-20T02:03:11Z</time></trkpt><trkpt lat="-39.3648355175" lon="-72.6144102495"><ele>120.40</ele><time>2024-08-20T02:03:12Z</time></trkpt><trkpt lat="-39.3647841364" lon="-72.6144519076"><ele>119.91</ele><time>2024-08-20T02:03:13Z</time></trkpt><trkpt lat="-39.3644395564" lon="-72.6147547457"><ele>117.21</ele><time>2024-08-20T02:03:20Z</time></trkpt><trkpt lat="-39.3644160870" lon="-72.6147953141"><ele>116.89</ele><time>2024-08-20T02:03:21Z</time></trkpt><trkpt lat="-39.3643989880" lon="-72.6148440968"><ele>116.74</ele><time>2024-08-20T02:03:22Z</time></trkpt><trkpt lat="-39.3643887620" lon="-72.6149006747"><ele>116.60</ele><time>2024-08-20T02:03:23Z</time></trkpt><trkpt lat="-39.3643833138" lon="-72.6149647124"><ele>116.32</ele><time>2024-08-20T02:03:24Z</time></trkpt><trkpt lat="-39.3643792905" lon="-72.6150365453"><ele>116.09</ele><time>2024-08-20T02:03:25Z</time></trkpt><trkpt lat="-39.3643797096" lon="-72.6152476016"><ele>115.44</ele><time>2024-08-20T02:03:28Z</time></trkpt><trkpt lat="-39.3643914443" lon="-72.6152948756"><ele>114.99</ele><time>2024-08-20T02:03:29Z</time></trkpt><trkpt lat="-39.3644116446" lon="-72.6153312530"><ele>114.98</ele><time>2024-08-20T02:03:30Z</time></trkpt><trkpt lat="-39.3644386344" lon="-72.6153527107"><ele>114.65</ele><time>2024-08-20T02:03:31Z</time></trkpt><trkpt lat="-39.3644698150" lon="-72.6153564826"><ele>114.61</ele><time>2024-08-20T02:03:32Z</time></trkpt><trkpt lat="-39.3645023368" lon="-72.6153412275"><ele>114.98</ele><time>2024-08-20T02:03:33Z</time></trkpt><trkpt lat="-39.3645379599" lon="-72.6153101306"><ele>115.09</ele><time>2024-08-20T02:03:34Z</time></trkpt><trkpt lat="-39.3645779416" lon="-72.6152730826"><ele>115.31</ele><time>2024-08-20T02:03:35Z</time></trkpt><trkpt lat="-39.3649403751" lon="-72.6149730105"><ele>117.70</ele><time>2024-08-20T02:03:43Z</time></trkpt><trkpt lat="-39.3649720587" lon="-72.6149873435"><ele>117.85</ele><time>2024-08-20T02:03:44Z</time></trkpt><trkpt lat="-39.3650025688" lon="-72.6150212064"><ele>117.91</ele><time>2024-08-20T02:03:45Z</time></trkpt><trkpt lat="-39.3650307320" lon="-72.6150701568"><ele>117.73</ele><time>2024-08-20T02:03:46Z</time></trkpt><trkpt lat="-39.3650593143" lon="-72.6151243038"><ele>117.44</ele><time>2024-08-20T02:03:47Z</time></trkpt><trkpt lat="-39.3650947697" lon="-72.6153740007"><ele>116.12</ele><time>2024-08-20T02:03:54Z</time></trkpt><trkpt lat="-39.3650576379" lon="-72.6154104620"><ele>115.84</ele><time>2024-08-20T02:03:55Z</time></trkpt><trkpt lat="-39.3646004889" lon="-72.6158579718"><ele>114.08</ele><time>2024-08-20T02:04:05Z</time></trkpt><trkpt lat="-39.3645953760" lon="-72.6159485802"><ele>113.94</ele><time>2024-08-20T02:04:07Z</time></trkpt><trkpt lat="-39.3646135647" lon="-72.6159937587"><ele>114.08</ele><time>2024-08-20T02:04:08Z</time></trkpt><trkpt lat="-39.3646413088" lon="-72.6160465647"><ele>113.91</ele><time>2024-08-20T02:04:09Z</time></trkpt><trkpt lat="-39.3650968652" lon="-72.6168578491"><ele>111.95</ele><time>2024-08-20T02:04:20Z</time></trkpt><trkpt lat="-39.3651521020" lon="-72.6170166023"><ele>111.44</ele><time>2024-08-20T02:04:24Z</time></trkpt><trkpt lat="-39.3651360925" lon="-72.6170537341"><ele>111.38</ele><time>2024-08-20T02:04:25Z</time></trkpt><trkpt lat="-39.3651055824" lon="-72.6170926262"><ele>111.47</ele><time>2024-08-20T02:04:26Z</time></trkpt><trkpt lat="-39.3650650140" lon="-72.6171328593"><ele>111.43</ele><time>2024-08-20T02:04:27Z</time></trkpt><trkpt lat="-39.3650174048" lon="-72.6171796303"><ele>111.41</ele><time>2024-08-20T02:04:28Z</time></trkpt><trkpt lat="-39.3644249719" lon="-72.6177271362"><ele>110.99</ele><time>2024-08-20T02:04:40Z</time></trkpt><trkpt lat="-39.3643989880" lon="-72.6177806966"><ele>111.05</ele><time>2024-08-20T02:04:41Z</time></trkpt><trkpt lat="-39.3643830623" lon="-72.6178464945"><ele>110.89</ele><time>2024-08-20T02:04:42Z</time></trkpt><trkpt lat="-39.3643747643" lon="-72.6179245301"><ele>111.01</ele><time>2024-08-20T02:04:43Z</time></trkpt><trkpt lat="-39.3643692322" lon="-72.6180109475"><ele>111.05</ele><time>2024-08-20T02:04:44Z</time></trkpt><trkpt lat="-39.3643535580" lon="-72.6186814159"><ele>111.01</ele><time>2024-08-20T02:04:52Z</time></trkpt><trkpt lat="-39.3643703219" lon="-72.6187306177"><ele>111.15</ele><time>2024-08-20T02:04:53Z</time></trkpt><trkpt lat="-39.3643966410" lon="-72.6187642291"><ele>111.21</ele><time>2024-08-20T02:04:54Z</time></trkpt><trkpt lat="-39.3644316774" lon="-72.6187710185"><ele>111.17</ele><time>2024-08-20T02:04:55Z</time></trkpt><trkpt lat="-39.3644701503" lon="-72.6187556796"><ele>111.20</ele><time>2024-08-20T02:04:56Z</time></trkpt><trkpt lat="-39.3645092100" lon="-72.6187249180"><ele>111.24</ele><time>2024-08-20T02:04:57Z</time></trkpt><trkpt lat="-39.3645495269" lon="-72.6186873671"><ele>111.33</ele><time>2024-08-20T02:04:58Z</time></trkpt><trkpt lat="-39.3651350029" lon="-72.6181595586"><ele>112.15</ele><time>2024-08-20T02:05:09Z</time></trkpt><trkpt lat="-39.3655611388" lon="-72.6177915093"><ele>111.82</ele><time>2024-08-20T02:05:19Z</time></trkpt><trkpt lat="-39.3658945709" lon="-72.6174891740"><ele>112.04</ele><time>2024-08-20T02:05:28Z</time></trkpt><trkpt lat="-39.3660294358" lon="-72.6173814666"><ele>112.09</ele><time>2024-08-20T02:05:31Z</time></trkpt><trkpt lat="-39.3664486147" lon="-72.6170273311"><ele>112.15</ele><time>2024-08-20T02:05:44Z</time></trkpt><trkpt lat="-39.3667814601" lon="-72.6167293545"><ele>112.49</ele><time>2024-08-20T02:05:56Z</time></trkpt><trkpt lat="-39.3672350049" lon="-72.6163320523"><ele>112.85</ele><time>2024-08-20T02:06:10Z</time></trkpt><trkpt lat="-39.3675926607" lon="-72.6160135400"><ele>113.10</ele><time>2024-08-20T02:06:22Z</time></trkpt><trkpt lat="-39.3679656554" lon="-72.6155884936"><ele>113.02</ele><time>2024-08-20T02:06:34Z</time></trkpt><trkpt lat="-39.3679529987" lon="-72.6155533735"><ele>112.88</ele><time>2024-08-20T02:06:35Z</time></trkpt><trkpt lat="-39.3679324631" lon="-72.6155174989"><ele>112.79</ele><time>2024-08-20T02:06:36Z</time></trkpt><trkpt lat="-39.3679053057" lon="-72.6154801156"><ele>112.96</ele><time>2024-08-20T02:06:37Z</time></trkpt><trkpt lat="-39.3678720295" lon="-72.6154407207"><ele>112.93</ele><time>2024-08-20T02:06:38Z</time></trkpt><trkpt lat="-39.3678392563" lon="-72.6153977215"><ele>113.05</ele><time>2024-08-20T02:06:39Z</time></trkpt><trkpt lat="-39.3678107578" lon="-72.6153520402"><ele>112.97</ele><time>2024-08-20T02:06:40Z</time></trkpt><trkpt lat="-39.3677830137" lon="-72.6153000724"><ele>112.91</ele><time>2024-08-20T02:06:41Z</time></trkpt><trkpt lat="-39.3677556049" lon="-72.6152403094"><ele>112.96</ele><time>2024-08-20T02:06:42Z</time></trkpt><trkpt lat="-39.3677255139" lon="-72.6151766069"><ele>112.83</ele><time>2024-08-20T02:06:43Z</time></trkpt><trkpt lat="-39.3675903138" lon="-72.6149012614"><ele>112.44</ele><time>2024-08-20T02:06:51Z</time></trkpt><trkpt lat="-39.3675789982" lon="-72.6148710866"><ele>112.43</ele><time>2024-08-20T02:06:55Z</time></trkpt><trkpt lat="-39.3675800040" lon="-72.6148466952"><ele>112.52</ele><time>2024-08-20T02:06:56Z</time></trkpt><trkpt lat="-39.3676138669" lon="-72.6147767901"><ele>112.47</ele><time>2024-08-20T02:06:58Z</time></trkpt><trkpt lat="-39.3676461373" lon="-72.6147445198"><ele>112.45</ele><time>2024-08-20T02:06:59Z</time></trkpt><trkpt lat="-39.3676852807" lon="-72.6147093158"><ele>112.54</ele><time>2024-08-20T02:07:00Z</time></trkpt><trkpt lat="-39.3683439307" lon="-72.6141462196"><ele>113.49</ele><time>2024-08-20T02:07:12Z</time></trkpt><trkpt lat="-39.3685538135" lon="-72.6139178127"><ele>113.74</ele><time>2024-08-20T02:07:20Z</time></trkpt><trkpt lat="-39.3689658679" lon="-72.6134747453"><ele>113.32</ele><time>2024-08-20T02:07:31Z</time></trkpt><trkpt lat="-39.3689915165" lon="-72.6134379487"><ele>113.29</ele><time>2024-08-20T02:07:32Z</time></trkpt><trkpt lat="-39.3690361921" lon="-72.6133348513"><ele>112.99</ele><time>2024-08-20T02:07:35Z</time></trkpt><trkpt lat="-39.3690287322" lon="-72.6132937800"><ele>113.06</ele><time>2024-08-20T02:07:36Z</time></trkpt><trkpt lat="-39.3690133933" lon="-72.6132516190"><ele>112.99</ele><time>2024-08-20T02:07:37Z</time></trkpt><trkpt lat="-39.3689923547" lon="-72.6132072788"><ele>113.00</ele><time>2024-08-20T02:07:38Z</time></trkpt><trkpt lat="-39.3689699750" lon="-72.6131602563"><ele>112.89</ele><time>2024-08-20T02:07:39Z</time></trkpt><trkpt lat="-39.3688848149" lon="-72.6130353659"><ele>112.66</ele><time>2024-08-20T02:07:43Z</time></trkpt><trkpt lat="-39.3688643631" lon="-72.6130325999"><ele>112.56</ele><time>2024-08-20T02:07:44Z</time></trkpt><trkpt lat="-39.3688462581" lon="-72.6130390540"><ele>112.73</ele><time>2024-08-20T02:07:45Z</time></trkpt><trkpt lat="-39.3688312545" lon="-72.6130496152"><ele>112.74</ele><time>2024-08-20T02:07:46Z</time></trkpt><trkpt lat="-39.3688184302" lon="-72.6130597573"><ele>112.85</ele><time>2024-08-20T02:07:47Z</time></trkpt><trkpt lat="-39.3688057736" lon="-72.6130693126"><ele>112.69</ele><time>2024-08-20T02:07:48Z</time></trkpt><trkpt lat="-39.3687893450" lon="-72.6130824722"><ele>112.79</ele><time>2024-08-20T02:07:49Z</time></trkpt><trkpt lat="-39.3684273306" lon="-72.6134276390"><ele>113.44</ele><time>2024-08-20T02:08:01Z</time></trkpt><trkpt lat="-39.3682780489" lon="-72.6135964505"><ele>113.80</ele><time>2024-08-20T02:08:06Z</time></trkpt><trkpt lat="-39.3682531547" lon="-72.6135987975"><ele>113.74</ele><time>2024-08-20T02:08:07Z</time></trkpt><trkpt lat="-39.3682246562" lon="-72.6135878172"><ele>113.80</ele><time>2024-08-20T02:08:08Z</time></trkpt><trkpt lat="-39.3681954872" lon="-72.6135697961"><ele>113.78</ele><time>2024-08-20T02:08:09Z</time></trkpt><trkpt lat="-39.3681621272" lon="-72.6135414653"><ele>113.93</ele><time>2024-08-20T02:08:10Z</time></trkpt><trkpt lat="-39.3681269232" lon="-72.6135055907"><ele>113.94</ele><time>2024-08-20T02:08:11Z</time></trkpt><trkpt lat="-39.3681153562" lon="-72.6132457517"><ele>113.57</ele><time>2024-08-20T02:08:19Z</time></trkpt><trkpt lat="-39.3684572540" lon="-72.6128984895"><ele>112.69</ele><time>2024-08-20T02:08:30Z</time></trkpt><trkpt lat="-39.3685282487" lon="-72.6128288358"><ele>112.72</ele><time>2024-08-20T02:08:32Z</time></trkpt><trkpt lat="-39.3688330986" lon="-72.6123634726"><ele>112.35</ele><time>2024-08-20T02:08:44Z</time></trkpt><trkpt lat="-39.3688081205" lon="-72.6120999455"><ele>112.13</ele><time>2024-08-20T02:08:50Z</time></trkpt><trkpt lat="-39.3687872496" lon="-72.6120858639"><ele>111.98</ele><time>2024-08-20T02:08:51Z</time></trkpt><trkpt lat="-39.3687626068" lon="-72.6120870374"><ele>111.95</ele><time>2024-08-20T02:08:52Z</time></trkpt><trkpt lat="-39.3687360361" lon="-72.6120983530"><ele>111.97</ele><time>2024-08-20T02:08:53Z</time></trkpt><trkpt lat="-39.3687082920" lon="-72.6121203974"><ele>112.09</ele><time>2024-08-20T02:08:54Z</time></trkpt><trkpt lat="-39.3686779495" lon="-72.6121456269"><ele>111.96</ele><time>2024-08-20T02:08:55Z</time></trkpt><trkpt lat="-39.3681586906" lon="-72.6126985811"><ele>112.43</ele><time>2024-08-20T02:09:09Z</time></trkpt><trkpt lat="-39.3677514978" lon="-72.6131170895"><ele>114.39</ele><time>2024-08-20T02:09:22Z</time></trkpt><trkpt lat="-39.3677216582" lon="-72.6131087076"><ele>114.46</ele><time>2024-08-20T02:09:23Z</time></trkpt><trkpt lat="-39.3676862866" lon="-72.6130855735"><ele>114.67</ele><time>2024-08-20T02:09:24Z</time></trkpt><trkpt lat="-39.3672280479" lon="-72.6127829030"><ele>117.88</ele><time>2024-08-20T02:09:33Z</time></trkpt><trkpt lat="-39.3671251182" lon="-72.6127238106"><ele>118.75</ele><time>2024-08-20T02:09:35Z</time></trkpt><trkpt lat="-39.3670815323" lon="-72.6127125788"><ele>119.02</ele><time>2024-08-20T02:09:36Z</time></trkpt><trkpt lat="-39.3670467474" lon="-72.6127192844"><ele>119.06</ele><time>2024-08-20T02:09:37Z</time></trkpt><trkpt lat="-39.3670190871" lon="-72.6127369702"><ele>119.29</ele><time>2024-08-20T02:09:38Z</time></trkpt><trkpt lat="-39.3669915944" lon="-72.6127627026"><ele>119.16</ele><time>2024-08-20T02:09:39Z</time></trkpt><trkpt lat="-39.3669589050" lon="-72.6127926260"><ele>119.07</ele><time>2024-08-20T02:09:40Z</time></trkpt><trkpt lat="-39.3668801151" lon="-72.6128680632"><ele>118.89</ele><time>2024-08-20T02:09:42Z</time></trkpt><trkpt lat="-39.3668471742" lon="-72.6129123196"><ele>118.57</ele><time>2024-08-20T02:09:43Z</time></trkpt><trkpt lat="-39.3668213580" lon="-72.6129575819"><ele>118.78</ele><time>2024-08-20T02:09:44Z</time></trkpt><trkpt lat="-39.3668097910" lon="-72.6130003296"><ele>118.41</ele><time>2024-08-20T02:09:45Z</time></trkpt><trkpt lat="-39.3668103777" lon="-72.6130418200"><ele>118.44</ele><time>2024-08-20T02:09:46Z</time></trkpt><trkpt lat="-39.3668250460" lon="-72.6130769402"><ele>118.28</ele><time>2024-08-20T02:09:47Z</time></trkpt><trkpt lat="-39.3668548856" lon="-72.6131002419"><ele>118.01</ele><time>2024-08-20T02:09:48Z</time></trkpt><trkpt lat="-39.3668937776" lon="-72.6131290756"><ele>117.58</ele><time>2024-08-20T02:09:49Z</time></trkpt><trkpt lat="-39.3669395428" lon="-72.6131634414"><ele>117.21</ele><time>2024-08-20T02:09:50Z</time></trkpt><trkpt lat="-39.3672539480" lon="-72.6133998949"><ele>114.20</ele><time>2024-08-20T02:09:56Z</time></trkpt><trkpt lat="-39.3675757293" lon="-72.6137363445"><ele>111.96</ele><time>2024-08-20T02:10:06Z</time></trkpt><trkpt lat="-39.3675726280" lon="-72.6137606520"><ele>111.78</ele><time>2024-08-20T02:10:07Z</time></trkpt><trkpt lat="-39.3675618153" lon="-72.6137871388"><ele>111.85</ele><time>2024-08-20T02:10:08Z</time></trkpt><trkpt lat="-39.3675420340" lon="-72.6138194092"><ele>111.92</ele><time>2024-08-20T02:10:09Z</time></trkpt><trkpt lat="-39.3675110210" lon="-72.6138553675"><ele>111.72</ele><time>2024-08-20T02:10:10Z</time></trkpt><trkpt lat="-39.3674690276" lon="-72.6138943434"><ele>111.79</ele><time>2024-08-20T02:10:11Z</time></trkpt><trkpt lat="-39.3674222566" lon="-72.6139331516"><ele>112.17</ele><time>2024-08-20T02:10:12Z</time></trkpt><trkpt lat="-39.3673085980" lon="-72.6139876340"><ele>112.29</ele><time>2024-08-20T02:10:15Z</time></trkpt><trkpt lat="-39.3672856316" lon="-72.6139696967"><ele>112.10</ele><time>2024-08-20T02:10:16Z</time></trkpt><trkpt lat="-39.3672657665" lon="-72.6139413659"><ele>112.22</ele><time>2024-08-20T02:10:17Z</time></trkpt><trkpt lat="-39.3672107812" lon="-72.6138610672"><ele>112.57</ele><time>2024-08-20T02:10:19Z</time></trkpt><trkpt lat="-39.3671671115" lon="-72.6138234325"><ele>112.87</ele><time>2024-08-20T02:10:20Z</time></trkpt><trkpt lat="-39.3668602500" lon="-72.6136241108"><ele>115.79</ele><time>2024-08-20T02:10:26Z</time></trkpt><trkpt lat="-39.3666882534" lon="-72.6135082729"><ele>119.04</ele><time>2024-08-20T02:10:30Z</time></trkpt><trkpt lat="-39.3666533008" lon="-72.6134526171"><ele>119.87</ele><time>2024-08-20T02:10:32Z</time></trkpt><trkpt lat="-39.3666574080" lon="-72.6134174131"><ele>120.05</ele><time>2024-08-20T02:10:33Z</time></trkpt><trkpt lat="-39.3666716572" lon="-72.6133711450"><ele>120.06</ele><time>2024-08-20T02:10:34Z</time></trkpt><trkpt lat="-39.3666947074" lon="-72.6133139804"><ele>119.96</ele><time>2024-08-20T02:10:35Z</time></trkpt><trkpt lat="-39.3667227030" lon="-72.6132499427"><ele>119.86</ele><time>2024-08-20T02:10:36Z</time></trkpt><trkpt lat="-39.3668426480" lon="-72.6129881758"><ele>118.58</ele><time>2024-08-20T02:10:40Z</time></trkpt><trkpt lat="-39.3668779358" lon="-72.6129350346"><ele>118.66</ele><time>2024-08-20T02:10:41Z</time></trkpt><trkpt lat="-39.3669141456" lon="-72.6128921192"><ele>118.72</ele><time>2024-08-20T02:10:42Z</time></trkpt><trkpt lat="-39.3669502717" lon="-72.6128564961"><ele>118.84</ele><time>2024-08-20T02:10:43Z</time></trkpt><trkpt lat="-39.3669824582" lon="-72.6128228847"><ele>118.90</ele><time>2024-08-20T02:10:44Z</time></trkpt><trkpt lat="-39.3670771737" lon="-72.6127571706"><ele>119.06</ele><time>2024-08-20T02:10:48Z</time></trkpt><trkpt lat="-39.3671148922" lon="-72.6127672289"><ele>118.86</ele><time>2024-08-20T02:10:49Z</time></trkpt><trkpt lat="-39.3671656866" lon="-72.6127991639"><ele>118.65</ele><time>2024-08-20T02:10:50Z</time></trkpt><trkpt lat="-39.3676266074" lon="-72.6131170895"><ele>115.39</ele><time>2024-08-20T02:10:57Z</time></trkpt><trkpt lat="-39.3684335332" lon="-72.6139028091"><ele>113.42</ele><time>2024-08-20T02:11:09Z</time></trkpt><trkpt lat="-39.3691542093" lon="-72.6150864176"><ele>112.91</ele><time>2024-08-20T02:11:23Z</time></trkpt><trkpt lat="-39.3691874854" lon="-72.6151809655"><ele>112.89</ele><time>2024-08-20T02:11:24Z</time></trkpt><trkpt lat="-39.3692137208" lon="-72.6152820513"><ele>112.87</ele><time>2024-08-20T02:11:25Z</time></trkpt><trkpt lat="-39.3692936841" lon="-72.6158360951"><ele>112.91</ele><time>2024-08-20T02:11:31Z</time></trkpt><trkpt lat="-39.3692799378" lon="-72.6158992108"><ele>112.89</ele><time>2024-08-20T02:11:32Z</time></trkpt><trkpt lat="-39.3692512717" lon="-72.6159489155"><ele>113.07</ele><time>2024-08-20T02:11:33Z</time></trkpt><trkpt lat="-39.3692108709" lon="-72.6159811020"><ele>113.18</ele><time>2024-08-20T02:11:34Z</time></trkpt><trkpt lat="-39.3691601604" lon="-72.6160126179"><ele>113.15</ele><time>2024-08-20T02:11:35Z</time></trkpt><trkpt lat="-39.3687735870" lon="-72.6162870415"><ele>112.34</ele><time>2024-08-20T02:11:42Z</time></trkpt><trkpt lat="-39.3687192723" lon="-72.6162883826"><ele>112.24</ele><time>2024-08-20T02:11:43Z</time></trkpt><trkpt lat="-39.3686643708" lon="-72.6162675116"><ele>112.10</ele><time>2024-08-20T02:11:44Z</time></trkpt><trkpt lat="-39.3686061166" lon="-72.6162267756"><ele>112.10</ele><time>2024-08-20T02:11:45Z</time></trkpt><trkpt lat="-39.3685487006" lon="-72.6161764003"><ele>112.28</ele><time>2024-08-20T02:11:46Z</time></trkpt><trkpt lat="-39.3683748599" lon="-72.6160304714"><ele>112.03</ele><time>2024-08-20T02:11:49Z</time></trkpt><trkpt lat="-39.3683136720" lon="-72.6160018053"><ele>111.93</ele><time>2024-08-20T02:11:50Z</time></trkpt><trkpt lat="-39.3682494666" lon="-72.6159885619"><ele>111.87</ele><time>2024-08-20T02:11:51Z</time></trkpt><trkpt lat="-39.3681814894" lon="-72.6159918308"><ele>111.92</ele><time>2024-08-20T02:11:52Z</time></trkpt><trkpt lat="-39.3681176193" lon="-72.6160186529"><ele>112.03</ele><time>2024-08-20T02:11:53Z</time></trkpt><trkpt lat="-39.3680584431" lon="-72.6160621550"><ele>111.91</ele><time>2024-08-20T02:11:54Z</time></trkpt><trkpt lat="-39.3680021167" lon="-72.6161130331"><ele>111.87</ele><time>2024-08-20T02:11:55Z</time></trkpt><trkpt lat="-39.3679435272" lon="-72.6161634084"><ele>111.78</ele><time>2024-08-20T02:11:56Z</time></trkpt><trkpt lat="-39.3670231942" lon="-72.6169938873"><ele>111.27</ele><time>2024-08-20T02:12:12Z</time></trkpt><trkpt lat="-39.3662575912" lon="-72.6176641043"><ele>110.92</ele><time>2024-08-20T02:12:27Z</time></trkpt><trkpt lat="-39.3658081535" lon="-72.6180536114"><ele>110.43</ele><time>2024-08-20T02:12:41Z</time></trkpt><trkpt lat="-39.3658038788" lon="-72.6180904079"><ele>110.38</ele><time>2024-08-20T02:12:42Z</time></trkpt><trkpt lat="-39.3658105005" lon="-72.6181299705"><ele>110.43</ele><time>2024-08-20T02:12:43Z</time></trkpt><trkpt lat="-39.3658265099" lon="-72.6181777474"><ele>110.40</ele><time>2024-08-20T02:12:44Z</time></trkpt><trkpt lat="-39.3658509012" lon="-72.6182303857"><ele>110.32</ele><time>2024-08-20T02:12:45Z</time></trkpt><trkpt lat="-39.3658774719" lon="-72.6182795875"><ele>110.55</ele><time>2024-08-20T02:12:46Z</time></trkpt><trkpt lat="-39.3659370672" lon="-72.6183727942"><ele>110.73</ele><time>2024-08-20T02:12:48Z</time></trkpt><trkpt lat="-39.3659702595" lon="-72.6184048969"><ele>110.54</ele><time>2024-08-20T02:12:49Z</time></trkpt><trkpt lat="-39.3660067208" lon="-72.6184184756"><ele>110.51</ele><time>2024-08-20T02:12:50Z</time></trkpt><trkpt lat="-39.3660417572" lon="-72.6184165478"><ele>110.53</ele><time>2024-08-20T02:12:51Z</time></trkpt><trkpt lat="-39.3660708424" lon="-72.6184008736"><ele>110.60</ele><time>2024-08-20T02:12:52Z</time></trkpt><trkpt lat="-39.3660998438" lon="-72.6183779072"><ele>110.56</ele><time>2024-08-20T02:12:53Z</time></trkpt><trkpt lat="-39.3665024266" lon="-72.6180351712"><ele>110.99</ele><time>2024-08-20T02:13:05Z</time></trkpt><trkpt lat="-39.3665360380" lon="-72.6180071756"><ele>111.08</ele><time>2024-08-20T02:13:06Z</time></trkpt><trkpt lat="-39.3671505153" lon="-72.6174850669"><ele>111.48</ele><time>2024-08-20T02:13:21Z</time></trkpt><trkpt lat="-39.3672869727" lon="-72.6174022537"><ele>111.63</ele><time>2024-08-20T02:13:26Z</time></trkpt><trkpt lat="-39.3673115317" lon="-72.6174230408"><ele>111.69</ele><time>2024-08-20T02:13:27Z</time></trkpt><trkpt lat="-39.3673365097" lon="-72.6174574066"><ele>111.62</ele><time>2024-08-20T02:13:28Z</time></trkpt><trkpt lat="-39.3673609011" lon="-72.6175023336"><ele>111.75</ele><time>2024-08-20T02:13:29Z</time></trkpt><trkpt lat="-39.3673853762" lon="-72.6175520383"><ele>111.92</ele><time>2024-08-20T02:13:30Z</time></trkpt><trkpt lat="-39.3674736377" lon="-72.6176899206"><ele>111.81</ele><time>2024-08-20T02:13:34Z</time></trkpt><trkpt lat="-39.3675030582" lon="-72.6176976319"><ele>111.75</ele><time>2024-08-20T02:13:35Z</time></trkpt><trkpt lat="-39.3675382622" lon="-72.6176882442"><ele>111.87</ele><time>2024-08-20T02:13:36Z</time></trkpt><trkpt lat="-39.3675768189" lon="-72.6176621765"><ele>112.00</ele><time>2024-08-20T02:13:37Z</time></trkpt><trkpt lat="-39.3676154595" lon="-72.6176259667"><ele>112.06</ele><time>2024-08-20T02:13:38Z</time></trkpt><trkpt lat="-39.3676511664" lon="-72.6175904274"><ele>112.32</ele><time>2024-08-20T02:13:39Z</time></trkpt><trkpt lat="-39.3677316327" lon="-72.6175465900"><ele>112.40</ele><time>2024-08-20T02:13:42Z</time></trkpt><trkpt lat="-39.3677525036" lon="-72.6175554749"><ele>112.44</ele><time>2024-08-20T02:13:43Z</time></trkpt><trkpt lat="-39.3677696865" lon="-72.6175735798"><ele>112.22</ele><time>2024-08-20T02:13:44Z</time></trkpt><trkpt lat="-39.3677846063" lon="-72.6176005695"><ele>112.23</ele><time>2024-08-20T02:13:45Z</time></trkpt><trkpt lat="-39.3677944131" lon="-72.6176325884"><ele>112.27</ele><time>2024-08-20T02:13:46Z</time></trkpt><trkpt lat="-39.3678035494" lon="-72.6176759228"><ele>112.24</ele><time>2024-08-20T02:13:47Z</time></trkpt><trkpt lat="-39.3678136915" lon="-72.6177299861"><ele>112.22</ele><time>2024-08-20T02:13:48Z</time></trkpt><trkpt lat="-39.3679094967" lon="-72.6183073316"><ele>111.73</ele><time>2024-08-20T02:13:58Z</time></trkpt><trkpt lat="-39.3679400906" lon="-72.6183242630"><ele>111.59</ele><time>2024-08-20T02:13:59Z</time></trkpt><trkpt lat="-39.3679806590" lon="-72.6183272805"><ele>111.51</ele><time>2024-08-20T02:14:00Z</time></trkpt><trkpt lat="-39.3680254184" lon="-72.6183127798"><ele>111.60</ele><time>2024-08-20T02:14:01Z</time></trkpt><trkpt lat="-39.3680689204" lon="-72.6182821020"><ele>111.76</ele><time>2024-08-20T02:14:02Z</time></trkpt><trkpt lat="-39.3681130093" lon="-72.6182450540"><ele>111.74</ele><time>2024-08-20T02:14:03Z</time></trkpt><trkpt lat="-39.3682980817" lon="-72.6181125361"><ele>111.82</ele><time>2024-08-20T02:14:07Z</time></trkpt><trkpt lat="-39.3683505524" lon="-72.6180916652"><ele>112.00</ele><time>2024-08-20T02:14:08Z</time></trkpt><trkpt lat="-39.3684045319" lon="-72.6180751529"><ele>111.99</ele><time>2024-08-20T02:14:09Z</time></trkpt><trkpt lat="-39.3685668893" lon="-72.6180166472"><ele>111.94</ele><time>2024-08-20T02:14:12Z</time></trkpt><trkpt lat="-39.3686170969" lon="-72.6179813594"><ele>112.06</ele><time>2024-08-20T02:14:13Z</time></trkpt><trkpt lat="-39.3686599284" lon="-72.6179372706"><ele>112.09</ele><time>2024-08-20T02:14:14Z</time></trkpt><trkpt lat="-39.3686933722" lon="-72.6178903319"><ele>112.16</ele><time>2024-08-20T02:14:15Z</time></trkpt><trkpt lat="-39.3687190209" lon="-72.6178403758"><ele>112.20</ele><time>2024-08-20T02:14:16Z</time></trkpt><trkpt lat="-39.3687375449" lon="-72.6177889947"><ele>112.03</ele><time>2024-08-20T02:14:17Z</time></trkpt><trkpt lat="-39.3687512074" lon="-72.6177369431"><ele>112.14</ele><time>2024-08-20T02:14:18Z</time></trkpt><trkpt lat="-39.3687654566" lon="-72.6176896691"><ele>112.25</ele><time>2024-08-20T02:14:19Z</time></trkpt><trkpt lat="-39.3687854894" lon="-72.6176411379"><ele>112.20</ele><time>2024-08-20T02:14:20Z</time></trkpt><trkpt lat="-39.3688119762" lon="-72.6175937802"><ele>112.15</ele><time>2024-08-20T02:14:21Z</time></trkpt><trkpt lat="-39.3688450009" lon="-72.6175446622"><ele>112.22</ele><time>2024-08-20T02:14:22Z</time></trkpt><trkpt lat="-39.3688846473" lon="-72.6174962148"><ele>112.29</ele><time>2024-08-20T02:14:23Z</time></trkpt><trkpt lat="-39.3689275626" lon="-72.6174503658"><ele>112.35</ele><time>2024-08-20T02:14:24Z</time></trkpt><trkpt lat="-39.3689713161" lon="-72.6174059417"><ele>112.35</ele><time>2024-08-20T02:14:25Z</time></trkpt><trkpt lat="-39.3694244418" lon="-72.6170566678"><ele>113.24</ele><time>2024-08-20T02:14:37Z</time></trkpt><trkpt lat="-39.3694448099" lon="-72.6170762815"><ele>113.27</ele><time>2024-08-20T02:14:38Z</time></trkpt><trkpt lat="-39.3694590591" lon="-72.6171082165"><ele>113.21</ele><time>2024-08-20T02:14:39Z</time></trkpt><trkpt lat="-39.3694703747" lon="-72.6171516348"><ele>113.25</ele><time>2024-08-20T02:14:40Z</time></trkpt><trkpt lat="-39.3694778346" lon="-72.6172078773"><ele>113.19</ele><time>2024-08-20T02:14:41Z</time></trkpt><trkpt lat="-39.3694851268" lon="-72.6172707416"><ele>113.24</ele><time>2024-08-20T02:14:42Z</time></trkpt><trkpt lat="-39.3695643358" lon="-72.6179230213"><ele>113.59</ele><time>2024-08-20T02:14:51Z</time></trkpt><trkpt lat="-39.3695622403" lon="-72.6179751568"><ele>113.58</ele><time>2024-08-20T02:14:52Z</time></trkpt><trkpt lat="-39.3695455603" lon="-72.6180225983"><ele>113.57</ele><time>2024-08-20T02:14:53Z</time></trkpt><trkpt lat="-39.3695218395" lon="-72.6180577185"><ele>113.46</ele><time>2024-08-20T02:14:54Z</time></trkpt><trkpt lat="-39.3694911618" lon="-72.6180958562"><ele>113.56</ele><time>2024-08-20T02:14:55Z</time></trkpt><trkpt lat="-39.3694564607" lon="-72.6181294676"><ele>113.70</ele><time>2024-08-20T02:14:56Z</time></trkpt><trkpt lat="-39.3691683747" lon="-72.6183565333"><ele>113.70</ele><time>2024-08-20T02:15:03Z</time></trkpt><trkpt lat="-39.3691202626" lon="-72.6183668431"><ele>113.60</ele><time>2024-08-20T02:15:04Z</time></trkpt><trkpt lat="-39.3690714799" lon="-72.6183651667"><ele>113.59</ele><time>2024-08-20T02:15:05Z</time></trkpt><trkpt lat="-39.3690221105" lon="-72.6183582935"><ele>113.43</ele><time>2024-08-20T02:15:06Z</time></trkpt><trkpt lat="-39.3689730763" lon="-72.6183501631"><ele>113.47</ele><time>2024-08-20T02:15:07Z</time></trkpt><trkpt lat="-39.3687218707" lon="-72.6183333993"><ele>113.34</ele><time>2024-08-20T02:15:12Z</time></trkpt><trkpt lat="-39.3686725851" lon="-72.6183520909"><ele>113.38</ele><time>2024-08-20T02:15:13Z</time></trkpt><trkpt lat="-39.3686276581" lon="-72.6183810923"><ele>113.33</ele><time>2024-08-20T02:15:14Z</time></trkpt><trkpt lat="-39.3685865030" lon="-72.6184176374"><ele>113.30</ele><time>2024-08-20T02:15:15Z</time></trkpt><trkpt lat="-39.3685445935" lon="-72.6184566971"><ele>113.18</ele><time>2024-08-20T02:15:16Z</time></trkpt><trkpt lat="-39.3677563593" lon="-72.6192391478"><ele>112.92</ele><time>2024-08-20T02:15:35Z</time></trkpt><trkpt lat="-39.3670794368" lon="-72.6198527869"><ele>112.77</ele><time>2024-08-20T02:15:51Z</time></trkpt><trkpt lat="-39.3669389561" lon="-72.6199768391"><ele>112.34</ele><time>2024-08-20T02:16:00Z</time></trkpt><trkpt lat="-39.3669096194" lon="-72.6199978776"><ele>112.41</ele><time>2024-08-20T02:16:02Z</time></trkpt><trkpt lat="-39.3668253813" lon="-72.6200696267"><ele>112.39</ele><time>2024-08-20T02:16:05Z</time></trkpt><trkpt lat="-39.3662921246" lon="-72.6205770671"><ele>112.34</ele><time>2024-08-20T02:16:18Z</time></trkpt><trkpt lat="-39.3656673376" lon="-72.6211812347"><ele>111.73</ele><time>2024-08-20T02:16:32Z</time></trkpt><trkpt lat="-39.3652119488" lon="-72.6216176804"><ele>111.13</ele><time>2024-08-20T02:16:44Z</time></trkpt><trkpt lat="-39.3651636690" lon="-72.6216392219"><ele>110.99</ele><time>2024-08-20T02:16:52Z</time></trkpt><trkpt lat="-39.3651373498" lon="-72.6216525491"><ele>110.97</ele><time>2024-08-20T02:16:54Z</time></trkpt><trkpt lat="-39.3650837056" lon="-72.6217267290"><ele>111.06</ele><time>2024-08-20T02:16:57Z</time></trkpt><trkpt lat="-39.3646903429" lon="-72.6221117098"><ele>110.94</ele><time>2024-08-20T02:17:08Z</time></trkpt><trkpt lat="-39.3643077929" lon="-72.6224864647"><ele>110.30</ele><time>2024-08-20T02:17:19Z</time></trkpt><trkpt lat="-39.3642792944" lon="-72.6226247661"><ele>110.49</ele><time>2024-08-20T02:17:22Z</time></trkpt><trkpt lat="-39.3642778695" lon="-72.6226796675"><ele>110.53</ele><time>2024-08-20T02:17:23Z</time></trkpt><trkpt lat="-39.3643024284" lon="-72.6230712701"><ele>110.63</ele><time>2024-08-20T02:17:31Z</time></trkpt><trkpt lat="-39.3643317651" lon="-72.6230914705"><ele>110.43</ele><time>2024-08-20T02:17:32Z</time></trkpt><trkpt lat="-39.3643654604" lon="-72.6230906323"><ele>110.57</ele><time>2024-08-20T02:17:33Z</time></trkpt><trkpt lat="-39.3644014187" lon="-72.6230762992"><ele>110.71</ele><time>2024-08-20T02:17:34Z</time></trkpt><trkpt lat="-39.3644369580" lon="-72.6230519917"><ele>110.72</ele><time>2024-08-20T02:17:35Z</time></trkpt><trkpt lat="-39.3649574742" lon="-72.6225738041"><ele>110.94</ele><time>2024-08-20T02:17:48Z</time></trkpt><trkpt lat="-39.3650334980" lon="-72.6224771608"><ele>111.06</ele><time>2024-08-20T02:17:50Z</time></trkpt><trkpt lat="-39.3650613260" lon="-72.6224172302"><ele>111.02</ele><time>2024-08-20T02:17:51Z</time></trkpt><trkpt lat="-39.3651185744" lon="-72.6222945191"><ele>111.19</ele><time>2024-08-20T02:17:53Z</time></trkpt><trkpt lat="-39.3651588913" lon="-72.6222405396"><ele>111.16</ele><time>2024-08-20T02:17:54Z</time></trkpt><trkpt lat="-39.3656590395" lon="-72.6217486896"><ele>111.34</ele><time>2024-08-20T02:18:04Z</time></trkpt><trkpt lat="-39.3656848557" lon="-72.6217023376"><ele>111.25</ele><time>2024-08-20T02:18:05Z</time></trkpt><trkpt lat="-39.3657310400" lon="-72.6215935405"><ele>111.17</ele><time>2024-08-20T02:18:07Z</time></trkpt><trkpt lat="-39.3657640647" lon="-72.6215440035"><ele>111.22</ele><time>2024-08-20T02:18:08Z</time></trkpt><trkpt lat="-39.3658042978" lon="-72.6214989088"><ele>111.45</ele><time>2024-08-20T02:18:09Z</time></trkpt><trkpt lat="-39.3661520630" lon="-72.6211928017"><ele>111.83</ele><time>2024-08-20T02:18:18Z</time></trkpt><trkpt lat="-39.3661751132" lon="-72.6212055422"><ele>111.72</ele><time>2024-08-20T02:18:19Z</time></trkpt><trkpt lat="-39.3661986664" lon="-72.6212360524"><ele>111.56</ele><time>2024-08-20T02:18:20Z</time></trkpt><trkpt lat="-39.3664606009" lon="-72.6216321811"><ele>111.13</ele><time>2024-08-20T02:18:29Z</time></trkpt><trkpt lat="-39.3664908595" lon="-72.6216289960"><ele>111.06</ele><time>2024-08-20T02:18:30Z</time></trkpt><trkpt lat="-39.3665187713" lon="-72.6216131542"><ele>111.14</ele><time>2024-08-20T02:18:31Z</time></trkpt><trkpt lat="-39.3665481079" lon="-72.6215893496"><ele>111.23</ele><time>2024-08-20T02:18:32Z</time></trkpt><trkpt lat="-39.3665816355" lon="-72.6215554867"><ele>111.41</ele><time>2024-08-20T02:18:33Z</time></trkpt><trkpt lat="-39.3666201923" lon="-72.6215181872"><ele>111.54</ele><time>2024-08-20T02:18:34Z</time></trkpt><trkpt lat="-39.3666622695" lon="-72.6214799657"><ele>111.61</ele><time>2024-08-20T02:18:35Z</time></trkpt><trkpt lat="-39.3671707157" lon="-72.6209947374"><ele>112.67</ele><time>2024-08-20T02:18:48Z</time></trkpt><trkpt lat="-39.3672846258" lon="-72.6208817493"><ele>112.64</ele><time>2024-08-20T02:18:57Z</time></trkpt><trkpt lat="-39.3672925048" lon="-72.6208754629"><ele>112.64</ele><time>2024-08-20T02:18:58Z</time></trkpt><trkpt lat="-39.3673354201" lon="-72.6207685098"><ele>112.73</ele><time>2024-08-20T02:19:04Z</time></trkpt><trkpt lat="-39.3673214223" lon="-72.6207198109"><ele>112.72</ele><time>2024-08-20T02:19:05Z</time></trkpt><trkpt lat="-39.3673029821" lon="-72.6206784882"><ele>112.81</ele><time>2024-08-20T02:19:06Z</time></trkpt><trkpt lat="-39.3672770821" lon="-72.6206329744"><ele>112.89</ele><time>2024-08-20T02:19:07Z</time></trkpt><trkpt lat="-39.3672533613" lon="-72.6205949206"><ele>112.99</ele><time>2024-08-20T02:19:08Z</time></trkpt><trkpt lat="-39.3672393635" lon="-72.6205319725"><ele>112.98</ele><time>2024-08-20T02:19:10Z</time></trkpt><trkpt lat="-39.3672426324" lon="-72.6205058210"><ele>112.89</ele><time>2024-08-20T02:19:11Z</time></trkpt><trkpt lat="-39.3672713824" lon="-72.6204621512"><ele>113.04</ele><time>2024-08-20T02:19:13Z</time></trkpt><trkpt lat="-39.3675787468" lon="-72.6201984566"><ele>113.27</ele><time>2024-08-20T02:19:22Z</time></trkpt><trkpt lat="-39.3676383421" lon="-72.6202286314"><ele>113.29</ele><time>2024-08-20T02:19:25Z</time></trkpt><trkpt lat="-39.3676491547" lon="-72.6202530228"><ele>113.27</ele><time>2024-08-20T02:19:26Z</time></trkpt><trkpt lat="-39.3676613085" lon="-72.6202820241"><ele>113.17</ele><time>2024-08-20T02:19:27Z</time></trkpt><trkpt lat="-39.3677421100" lon="-72.6204092614"><ele>113.06</ele><time>2024-08-20T02:19:32Z</time></trkpt><trkpt lat="-39.3677696865" lon="-72.6204117760"><ele>113.10</ele><time>2024-08-20T02:19:33Z</time></trkpt><trkpt lat="-39.3677964248" lon="-72.6203998737"><ele>113.14</ele><time>2024-08-20T02:19:34Z</time></trkpt><trkpt lat="-39.3678232469" lon="-72.6203776617"><ele>113.02</ele><time>2024-08-20T02:19:35Z</time></trkpt><trkpt lat="-39.3678510748" lon="-72.6203513425"><ele>113.08</ele><time>2024-08-20T02:19:36Z</time></trkpt><trkpt lat="-39.3683383148" lon="-72.6198896673"><ele>113.58</ele><time>2024-08-20T02:19:51Z</time></trkpt><trkpt lat="-39.3689560611" lon="-72.6193167642"><ele>113.99</ele><time>2024-08-20T02:20:04Z</time></trkpt><trkpt lat="-39.3689734954" lon="-72.6193240564"><ele>114.01</ele><time>2024-08-20T02:20:05Z</time></trkpt><trkpt lat="-39.3689866550" lon="-72.6193455979"><ele>114.08</ele><time>2024-08-20T02:20:06Z</time></trkpt><trkpt lat="-39.3689928576" lon="-72.6193758566"><ele>114.03</ele><time>2024-08-20T02:20:07Z</time></trkpt><trkpt lat="-39.3689985573" lon="-72.6194117311"><ele>113.89</ele><time>2024-08-20T02:20:08Z</time></trkpt><trkpt lat="-39.3690057658" lon="-72.6194537245"><ele>113.92</ele><time>2024-08-20T02:20:09Z</time></trkpt><trkpt lat="-39.3690676242" lon="-72.6199128013"><ele>113.83</ele><time>2024-08-20T02:20:18Z</time></trkpt><trkpt lat="-39.3687728327" lon="-72.6202197466"><ele>113.82</ele><time>2024-08-20T02:20:28Z</time></trkpt><trkpt lat="-39.3682306912" lon="-72.6207179669"><ele>113.56</ele><time>2024-08-20T02:20:41Z</time></trkpt><trkpt lat="-39.3678133562" lon="-72.6210668217"><ele>113.34</ele><time>2024-08-20T02:20:55Z</time></trkpt><trkpt lat="-39.3676272780" lon="-72.6213360485"><ele>112.95</ele><time>2024-08-20T02:21:05Z</time></trkpt><trkpt lat="-39.3676443771" lon="-72.6213785447"><ele>113.08</ele><time>2024-08-20T02:21:06Z</time></trkpt><trkpt lat="-39.3676699419" lon="-72.6214256510"><ele>113.15</ele><time>2024-08-20T02:21:07Z</time></trkpt><trkpt lat="-39.3680788949" lon="-72.6221201755"><ele>113.11</ele><time>2024-08-20T02:21:17Z</time></trkpt><trkpt lat="-39.3682865985" lon="-72.6225370914"><ele>112.72</ele><time>2024-08-20T02:21:26Z</time></trkpt><trkpt lat="-39.3683765363" lon="-72.6226143725"><ele>112.89</ele><time>2024-08-20T02:21:30Z</time></trkpt><trkpt lat="-39.3684202060" lon="-72.6226142887"><ele>112.99</ele><time>2024-08-20T02:21:31Z</time></trkpt><trkpt lat="-39.3684637081" lon="-72.6225980278"><ele>113.11</ele><time>2024-08-20T02:21:32Z</time></trkpt><trkpt lat="-39.3685062043" lon="-72.6225673500"><ele>113.04</ele><time>2024-08-20T02:21:33Z</time></trkpt><trkpt lat="-39.3685549032" lon="-72.6225241832"><ele>113.12</ele><time>2024-08-20T02:21:34Z</time></trkpt><trkpt lat="-39.3692844640" lon="-72.6218405552"><ele>113.73</ele><time>2024-08-20T02:21:46Z</time></trkpt><trkpt lat="-39.3700704351" lon="-72.6210640557"><ele>113.96</ele><time>2024-08-20T02:22:00Z</time></trkpt><trkpt lat="-39.3701441959" lon="-72.6209269278"><ele>113.96</ele><time>2024-08-20T02:22:04Z</time></trkpt><trkpt lat="-39.3701434415" lon="-72.6208695117"><ele>114.08</ele><time>2024-08-20T02:22:05Z</time></trkpt><trkpt lat="-39.3701348919" lon="-72.6208142750"><ele>114.14</ele><time>2024-08-20T02:22:06Z</time></trkpt><trkpt lat="-39.3701075669" lon="-72.6206540968"><ele>114.01</ele><time>2024-08-20T02:22:10Z</time></trkpt><trkpt lat="-39.3701239955" lon="-72.6205993630"><ele>113.92</ele><time>2024-08-20T02:22:11Z</time></trkpt><trkpt lat="-39.3701539189" lon="-72.6205428690"><ele>113.82</ele><time>2024-08-20T02:22:12Z</time></trkpt><trkpt lat="-39.3701957446" lon="-72.6204813458"><ele>113.70</ele><time>2024-08-20T02:22:13Z</time></trkpt><trkpt lat="-39.3702450301" lon="-72.6204166375"><ele>113.56</ele><time>2024-08-20T02:22:14Z</time></trkpt><trkpt lat="-39.3709632754" lon="-72.6195082907"><ele>112.03</ele><time>2024-08-20T02:22:25Z</time></trkpt><trkpt lat="-39.3719328102" lon="-72.6178671140"><ele>110.43</ele><time>2024-08-20T02:22:40Z</time></trkpt><trkpt lat="-39.3725801446" lon="-72.6165659074"><ele>110.15</ele><time>2024-08-20T02:22:53Z</time></trkpt><trkpt lat="-39.3731714878" lon="-72.6155990548"><ele>110.55</ele><time>2024-08-20T02:23:03Z</time></trkpt><trkpt lat="-39.3732128944" lon="-72.6154828817"><ele>110.65</ele><time>2024-08-20T02:23:04Z</time></trkpt><trkpt lat="-39.3732495233" lon="-72.6153605897"><ele>110.58</ele><time>2024-08-20T02:23:05Z</time></trkpt><trkpt lat="-39.3739069998" lon="-72.6127728447"><ele>109.51</ele><time>2024-08-20T02:23:25Z</time></trkpt><trkpt lat="-39.3740885518" lon="-72.6108746789"><ele>111.56</ele><time>2024-08-20T02:23:39Z</time></trkpt><trkpt lat="-39.3739820179" lon="-72.6078139432"><ele>113.23</ele><time>2024-08-20T02:24:00Z</time></trkpt><trkpt lat="-39.3736064248" lon="-72.6052886434"><ele>113.89</ele><time>2024-08-20T02:24:19Z</time></trkpt><trkpt lat="-39.3733739108" lon="-72.6042735949"><ele>114.66</ele><time>2024-08-20T02:24:27Z</time></trkpt><trkpt lat="-39.3733167462" lon="-72.6041610260"><ele>114.71</ele><time>2024-08-20T02:24:28Z</time></trkpt><trkpt lat="-39.3732532114" lon="-72.6040515583"><ele>114.76</ele><time>2024-08-20T02:24:29Z</time></trkpt><trkpt lat="-39.3723871931" lon="-72.6024991460"><ele>115.23</ele><time>2024-08-20T02:24:43Z</time></trkpt><trkpt lat="-39.3723640591" lon="-72.6023760159"><ele>115.20</ele><time>2024-08-20T02:24:44Z</time></trkpt><trkpt lat="-39.3723503966" lon="-72.6022508740"><ele>115.06</ele><time>2024-08-20T02:24:45Z</time></trkpt><trkpt lat="-39.3723468762" lon="-72.6021242235"><ele>115.10</ele><time>2024-08-20T02:24:46Z</time></trkpt><trkpt lat="-39.3723527435" lon="-72.6019963156"><ele>115.03</ele><time>2024-08-20T02:24:47Z</time></trkpt><trkpt lat="-39.3723685853" lon="-72.6018696651"><ele>114.89</ele><time>2024-08-20T02:24:48Z</time></trkpt><trkpt lat="-39.3723927252" lon="-72.6017425116"><ele>114.68</ele><time>2024-08-20T02:24:49Z</time></trkpt><trkpt lat="-39.3724264205" lon="-72.6016145200"><ele>114.67</ele><time>2024-08-20T02:24:50Z</time></trkpt><trkpt lat="-39.3724633846" lon="-72.6014857739"><ele>114.46</ele><time>2024-08-20T02:24:51Z</time></trkpt><trkpt lat="-39.3734052591" lon="-72.5991721172"><ele>116.01</ele><time>2024-08-20T02:25:10Z</time></trkpt><trkpt lat="-39.3738909904" lon="-72.5975327007"><ele>117.53</ele><time>2024-08-20T02:25:22Z</time></trkpt><trkpt lat="-39.3743763864" lon="-72.5947830174"><ele>118.22</ele><time>2024-08-20T02:25:42Z</time></trkpt><trkpt lat="-39.3749715015" lon="-72.5914750155"><ele>119.34</ele><time>2024-08-20T02:26:09Z</time></trkpt><trkpt lat="-39.3752638623" lon="-72.5897818711"><ele>119.80</ele><time>2024-08-20T02:26:25Z</time></trkpt><trkpt lat="-39.3753636070" lon="-72.5892074592"><ele>119.60</ele><time>2024-08-20T02:26:34Z</time></trkpt><trkpt lat="-39.3753532134" lon="-72.5891920365"><ele>119.56</ele><time>2024-08-20T02:26:35Z</time></trkpt><trkpt lat="-39.3753422331" lon="-72.5891853310"><ele>119.60</ele><time>2024-08-20T02:26:36Z</time></trkpt><trkpt lat="-39.3753288221" lon="-72.5891818106"><ele>119.50</ele><time>2024-08-20T02:26:37Z</time></trkpt><trkpt lat="-39.3753157463" lon="-72.5891856663"><ele>119.59</ele><time>2024-08-20T02:26:38Z</time></trkpt><trkpt lat="-39.3753203563" lon="-72.5892154220"><ele>119.46</ele><time>2024-08-20T02:26:47Z</time></trkpt><trkpt lat="-39.3752396386" lon="-72.5895771012"><ele>119.39</ele><time>2024-08-20T02:26:55Z</time></trkpt><trkpt lat="-39.3750657979" lon="-72.5905248430"><ele>119.34</ele><time>2024-08-20T02:27:07Z</time></trkpt><trkpt lat="-39.3747818191" lon="-72.5921068434"><ele>118.94</ele><time>2024-08-20T02:27:22Z</time></trkpt><trkpt lat="-39.3743876182" lon="-72.5943171512"><ele>118.14</ele><time>2024-08-20T02:27:41Z</time></trkpt><trkpt lat="-39.3739920761" lon="-72.5965458993"><ele>117.67</ele><time>2024-08-20T02:28:01Z</time></trkpt><trkpt lat="-39.3735433090" lon="-72.5986576360"><ele>116.79</ele><time>2024-08-20T02:28:20Z</time></trkpt><trkpt lat="-39.3727457710" lon="-72.6006707177"><ele>115.41</ele><time>2024-08-20T02:28:39Z</time></trkpt><trkpt lat="-39.3722683378" lon="-72.6020780392"><ele>115.10</ele><time>2024-08-20T02:28:53Z</time></trkpt><trkpt lat="-39.3722641468" lon="-72.6021748502"><ele>115.27</ele><time>2024-08-20T02:28:54Z</time></trkpt><trkpt lat="-39.3722659070" lon="-72.6022738405"><ele>115.53</ele><time>2024-08-20T02:28:55Z</time></trkpt><trkpt lat="-39.3722728640" lon="-72.6023723278"><ele>115.55</ele><time>2024-08-20T02:28:56Z</time></trkpt><trkpt lat="-39.3722873647" lon="-72.6024666242"><ele>115.58</ele><time>2024-08-20T02:28:57Z</time></trkpt><trkpt lat="-39.3723087385" lon="-72.6025580708"><ele>115.68</ele><time>2024-08-20T02:28:58Z</time></trkpt><trkpt lat="-39.3723338842" lon="-72.6026496850"><ele>115.65</ele><time>2024-08-20T02:28:59Z</time></trkpt><trkpt lat="-39.3723629694" lon="-72.6027383655"><ele>115.62</ele><time>2024-08-20T02:29:00Z</time></trkpt><trkpt lat="-39.3723962456" lon="-72.6028257888"><ele>115.59</ele><time>2024-08-20T02:29:01Z</time></trkpt><trkpt lat="-39.3730253074" lon="-72.6038824115"><ele>115.16</ele><time>2024-08-20T02:29:14Z</time></trkpt><trkpt lat="-39.3733312469" lon="-72.6043921988"><ele>114.69</ele><time>2024-08-20T02:29:20Z</time></trkpt><trkpt lat="-39.3733695522" lon="-72.6044926140"><ele>114.59</ele><time>2024-08-20T02:29:21Z</time></trkpt><trkpt lat="-39.3734019902" lon="-72.6045967173"><ele>114.46</ele><time>2024-08-20T02:29:22Z</time></trkpt><trkpt lat="-39.3734293152" lon="-72.6047055982"><ele>114.42</ele><time>2024-08-20T02:29:23Z</time></trkpt><trkpt lat="-39.3734516948" lon="-72.6048148144"><ele>114.35</ele><time>2024-08-20T02:29:24Z</time></trkpt><trkpt lat="-39.3737469055" lon="-72.6067089569"><ele>113.66</ele><time>2024-08-20T02:29:42Z</time></trkpt><trkpt lat="-39.3739470653" lon="-72.6082613692"><ele>113.16</ele><time>2024-08-20T02:29:57Z</time></trkpt><trkpt lat="-39.3739981111" lon="-72.6105397381"><ele>112.61</ele><time>2024-08-20T02:30:14Z</time></trkpt><trkpt lat="-39.3738624081" lon="-72.6125839166"><ele>110.05</ele><time>2024-08-20T02:30:29Z</time></trkpt><trkpt lat="-39.3733958714" lon="-72.6144912187"><ele>109.77</ele><time>2024-08-20T02:30:45Z</time></trkpt><trkpt lat="-39.3730355334" lon="-72.6157463249"><ele>111.24</ele><time>2024-08-20T02:30:56Z</time></trkpt><trkpt lat="-39.3724109977" lon="-72.6167500578"><ele>110.94</ele><time>2024-08-20T02:31:07Z</time></trkpt><trkpt lat="-39.3715509307" lon="-72.6184752211"><ele>111.14</ele><time>2024-08-20T02:31:26Z</time></trkpt><trkpt lat="-39.3707705755" lon="-72.6196651161"><ele>113.04</ele><time>2024-08-20T02:31:41Z</time></trkpt><trkpt lat="-39.3699687626" lon="-72.6208074018"><ele>115.38</ele><time>2024-08-20T02:31:57Z</time></trkpt><trkpt lat="-39.3698705267" lon="-72.6210528240"><ele>115.06</ele><time>2024-08-20T02:32:00Z</time></trkpt><trkpt lat="-39.3698227499" lon="-72.6211217232"><ele>114.89</ele><time>2024-08-20T02:32:01Z</time></trkpt><trkpt lat="-39.3697666749" lon="-72.6211803127"><ele>114.91</ele><time>2024-08-20T02:32:02Z</time></trkpt><trkpt lat="-39.3694443069" lon="-72.6214838214"><ele>114.65</ele><time>2024-08-20T02:32:11Z</time></trkpt><trkpt lat="-39.3694804329" lon="-72.6214647107"><ele>114.22</ele><time>2024-08-20T02:32:41Z</time></trkpt><trkpt lat="-39.3694646750" lon="-72.6214942150"><ele>114.30</ele><time>2024-08-20T02:32:49Z</time></trkpt><trkpt lat="-39.3694083486" lon="-72.6215511281"><ele>114.22</ele><time>2024-08-20T02:32:52Z</time></trkpt><trkpt lat="-39.3689030036" lon="-72.6220399607"><ele>114.38</ele><time>2024-08-20T02:33:04Z</time></trkpt><trkpt lat="-39.3679772224" lon="-72.6229446195"><ele>114.13</ele><time>2024-08-20T02:33:20Z</time></trkpt><trkpt lat="-39.3674793374" lon="-72.6234170236"><ele>113.83</ele><time>2024-08-20T02:33:30Z</time></trkpt><trkpt lat="-39.3666082062" lon="-72.6242398750"><ele>113.49</ele><time>2024-08-20T02:33:44Z</time></trkpt><trkpt lat="-39.3657985982" lon="-72.6250431128"><ele>113.13</ele><time>2024-08-20T02:33:58Z</time></trkpt><trkpt lat="-39.3657543417" lon="-72.6250985172"><ele>113.08</ele><time>2024-08-20T02:33:59Z</time></trkpt><trkpt lat="-39.3657256756" lon="-72.6251595374"><ele>112.96</ele><time>2024-08-20T02:34:00Z</time></trkpt><trkpt lat="-39.3657171261" lon="-72.6252255868"><ele>112.92</ele><time>2024-08-20T02:34:01Z</time></trkpt><trkpt lat="-39.3657239154" lon="-72.6252909657"><ele>112.84</ele><time>2024-08-20T02:34:02Z</time></trkpt><trkpt lat="-39.3657423556" lon="-72.6253524888"><ele>112.71</ele><time>2024-08-20T02:34:03Z</time></trkpt><trkpt lat="-39.3657709379" lon="-72.6254092343"><ele>112.79</ele><time>2024-08-20T02:34:04Z</time></trkpt><trkpt lat="-39.3658058066" lon="-72.6254643872"><ele>112.67</ele><time>2024-08-20T02:34:05Z</time></trkpt><trkpt lat="-39.3662853353" lon="-72.6262647752"><ele>112.37</ele><time>2024-08-20T02:34:18Z</time></trkpt><trkpt lat="-39.3663129117" lon="-72.6263029128"><ele>112.34</ele><time>2024-08-20T02:34:19Z</time></trkpt><trkpt lat="-39.3663369678" lon="-72.6263245381"><ele>112.27</ele><time>2024-08-20T02:34:20Z</time></trkpt><trkpt lat="-39.3664727546" lon="-72.6262975484"><ele>112.15</ele><time>2024-08-20T02:34:25Z</time></trkpt><trkpt lat="-39.3665153347" lon="-72.6262622606"><ele>112.07</ele><time>2024-08-20T02:34:26Z</time></trkpt><trkpt lat="-39.3670456577" lon="-72.6257443428"><ele>112.99</ele><time>2024-08-20T02:34:38Z</time></trkpt><trkpt lat="-39.3678607978" lon="-72.6249796618"><ele>114.06</ele><time>2024-08-20T02:34:55Z</time></trkpt><trkpt lat="-39.3683143426" lon="-72.6245431323"><ele>114.50</ele><time>2024-08-20T02:35:07Z</time></trkpt><trkpt lat="-39.3689184263" lon="-72.6239788625"><ele>115.23</ele><time>2024-08-20T02:35:19Z</time></trkpt><trkpt lat="-39.3691708893" lon="-72.6237319317"><ele>115.32</ele><time>2024-08-20T02:35:28Z</time></trkpt><trkpt lat="-39.3697905634" lon="-72.6231324580"><ele>115.93</ele><time>2024-08-20T02:35:41Z</time></trkpt><trkpt lat="-39.3704767060" lon="-72.6224820223"><ele>116.52</ele><time>2024-08-20T02:35:54Z</time></trkpt><trkpt lat="-39.3708497006" lon="-72.6222170703"><ele>116.68</ele><time>2024-08-20T02:36:03Z</time></trkpt><trkpt lat="-39.3708796240" lon="-72.6222434733"><ele>116.63</ele><time>2024-08-20T02:36:04Z</time></trkpt><trkpt lat="-39.3709078711" lon="-72.6222784258"><ele>116.46</ele><time>2024-08-20T02:36:05Z</time></trkpt><trkpt lat="-39.3712932710" lon="-72.6229943242"><ele>114.21</ele><time>2024-08-20T02:36:16Z</time></trkpt><trkpt lat="-39.3713740725" lon="-72.6231949031"><ele>113.88</ele><time>2024-08-20T02:36:19Z</time></trkpt><trkpt lat="-39.3713812809" lon="-72.6232594438"><ele>113.89</ele><time>2024-08-20T02:36:20Z</time></trkpt><trkpt lat="-39.3713755812" lon="-72.6233198773"><ele>113.84</ele><time>2024-08-20T02:36:21Z</time></trkpt><trkpt lat="-39.3713562191" lon="-72.6233713422"><ele>113.77</ele><time>2024-08-20T02:36:22Z</time></trkpt><trkpt lat="-39.3713272177" lon="-72.6234171912"><ele>113.55</ele><time>2024-08-20T02:36:23Z</time></trkpt><trkpt lat="-39.3712891638" lon="-72.6234592684"><ele>113.62</ele><time>2024-08-20T02:36:24Z</time></trkpt><trkpt lat="-39.3712446559" lon="-72.6234979928"><ele>113.66</ele><time>2024-08-20T02:36:25Z</time></trkpt><trkpt lat="-39.3708740920" lon="-72.6238452550"><ele>114.68</ele><time>2024-08-20T02:36:32Z</time></trkpt><trkpt lat="-39.3707864173" lon="-72.6239404734"><ele>115.04</ele><time>2024-08-20T02:36:34Z</time></trkpt><trkpt lat="-39.3707398139" lon="-72.6239799522"><ele>115.01</ele><time>2024-08-20T02:36:35Z</time></trkpt><trkpt lat="-39.3703554198" lon="-72.6242792699"><ele>115.45</ele><time>2024-08-20T02:36:44Z</time></trkpt><trkpt lat="-39.3696997873" lon="-72.6248925738"><ele>114.78</ele><time>2024-08-20T02:36:57Z</time></trkpt><trkpt lat="-39.3691796064" lon="-72.6253839210"><ele>115.13</ele><time>2024-08-20T02:37:08Z</time></trkpt><trkpt lat="-39.3687599245" lon="-72.6257870067"><ele>115.07</ele><time>2024-08-20T02:37:19Z</time></trkpt><trkpt lat="-39.3681567628" lon="-72.6263680402"><ele>114.33</ele><time>2024-08-20T02:37:31Z</time></trkpt><trkpt lat="-39.3674657587" lon="-72.6269976888"><ele>113.40</ele><time>2024-08-20T02:37:44Z</time></trkpt><trkpt lat="-39.3670750782" lon="-72.6273899619"><ele>112.41</ele><time>2024-08-20T02:37:54Z</time></trkpt><trkpt lat="-39.3670565542" lon="-72.6274243277"><ele>112.43</ele><time>2024-08-20T02:37:55Z</time></trkpt><trkpt lat="-39.3670469988" lon="-72.6274728589"><ele>112.46</ele><time>2024-08-20T02:37:56Z</time></trkpt><trkpt lat="-39.3670494296" lon="-72.6275262516"><ele>112.47</ele><time>2024-08-20T02:37:57Z</time></trkpt><trkpt lat="-39.3670702167" lon="-72.6275842544"><ele>112.40</ele><time>2024-08-20T02:37:58Z</time></trkpt><trkpt lat="-39.3671014812" lon="-72.6276409999"><ele>112.46</ele><time>2024-08-20T02:37:59Z</time></trkpt><trkpt lat="-39.3671366014" lon="-72.6276979968"><ele>112.61</ele><time>2024-08-20T02:38:00Z</time></trkpt><trkpt lat="-39.3675982766" lon="-72.6284951158"><ele>112.75</ele><time>2024-08-20T02:38:12Z</time></trkpt><trkpt lat="-39.3676370848" lon="-72.6285278890"><ele>112.69</ele><time>2024-08-20T02:38:13Z</time></trkpt><trkpt lat="-39.3676797487" lon="-72.6285423059"><ele>112.79</ele><time>2024-08-20T02:38:14Z</time></trkpt><trkpt lat="-39.3677275255" lon="-72.6285388693"><ele>112.67</ele><time>2024-08-20T02:38:15Z</time></trkpt><trkpt lat="-39.3677763082" lon="-72.6285187528"><ele>112.72</ele><time>2024-08-20T02:38:16Z</time></trkpt><trkpt lat="-39.3678282760" lon="-72.6284894161"><ele>112.64</ele><time>2024-08-20T02:38:17Z</time></trkpt><trkpt lat="-39.3678792380" lon="-72.6284492668"><ele>112.67</ele><time>2024-08-20T02:38:18Z</time></trkpt><trkpt lat="-39.3679293618" lon="-72.6284035016"><ele>112.76</ele><time>2024-08-20T02:38:19Z</time></trkpt><trkpt lat="-39.3690192606" lon="-72.6273455378"><ele>113.99</ele><time>2024-08-20T02:38:39Z</time></trkpt><trkpt lat="-39.3694257829" lon="-72.6269592158"><ele>114.37</ele><time>2024-08-20T02:38:49Z</time></trkpt><trkpt lat="-39.3697108515" lon="-72.6266913302"><ele>114.41</ele><time>2024-08-20T02:38:58Z</time></trkpt><trkpt lat="-39.3703092355" lon="-72.6261089556"><ele>114.09</ele><time>2024-08-20T02:39:10Z</time></trkpt><trkpt lat="-39.3703669868" lon="-72.6260966342"><ele>113.93</ele><time>2024-08-20T02:39:12Z</time></trkpt><trkpt lat="-39.3703983352" lon="-72.6261155773"><ele>113.89</ele><time>2024-08-20T02:39:13Z</time></trkpt><trkpt lat="-39.3704312760" lon="-72.6261497755"><ele>113.92</ele><time>2024-08-20T02:39:14Z</time></trkpt><trkpt lat="-39.3704648875" lon="-72.6261976361"><ele>113.90</ele><time>2024-08-20T02:39:15Z</time></trkpt><trkpt lat="-39.3704984989" lon="-72.6262495201"><ele>113.90</ele><time>2024-08-20T02:39:16Z</time></trkpt><trkpt lat="-39.3709678017" lon="-72.6271156222"><ele>112.22</ele><time>2024-08-20T02:39:28Z</time></trkpt><trkpt lat="-39.3713928480" lon="-72.6278570015"><ele>109.13</ele><time>2024-08-20T02:39:37Z</time></trkpt><trkpt lat="-39.3716031499" lon="-72.6283222809"><ele>108.04</ele><time>2024-08-20T02:39:45Z</time></trkpt><trkpt lat="-39.3715802673" lon="-72.6283718180"><ele>108.04</ele><time>2024-08-20T02:39:46Z</time></trkpt><trkpt lat="-39.3715453148" lon="-72.6284212712"><ele>108.07</ele><time>2024-08-20T02:39:47Z</time></trkpt><trkpt lat="-39.3715018127" lon="-72.6284741610"><ele>108.23</ele><time>2024-08-20T02:39:48Z</time></trkpt><trkpt lat="-39.3714516051" lon="-72.6285253745"><ele>108.39</ele><time>2024-08-20T02:39:49Z</time></trkpt><trkpt lat="-39.3713977933" lon="-72.6285738219"><ele>108.69</ele><time>2024-08-20T02:39:50Z</time></trkpt><trkpt lat="-39.3709978927" lon="-72.6289304718"><ele>111.69</ele><time>2024-08-20T02:39:57Z</time></trkpt><trkpt lat="-39.3707882613" lon="-72.6291300450"><ele>113.32</ele><time>2024-08-20T02:40:05Z</time></trkpt><trkpt lat="-39.3706629518" lon="-72.6292439550"><ele>113.16</ele><time>2024-08-20T02:40:09Z</time></trkpt><trkpt lat="-39.3701306172" lon="-72.6297422592"><ele>113.34</ele><time>2024-08-20T02:40:19Z</time></trkpt><trkpt lat="-39.3690813705" lon="-72.6306968741"><ele>112.45</ele><time>2024-08-20T02:40:36Z</time></trkpt><trkpt lat="-39.3687018380" lon="-72.6310665160"><ele>112.19</ele><time>2024-08-20T02:40:46Z</time></trkpt><trkpt lat="-39.3682946451" lon="-72.6314139459"><ele>112.20</ele><time>2024-08-20T02:40:56Z</time></trkpt><trkpt lat="-39.3682760373" lon="-72.6314058993"><ele>112.25</ele><time>2024-08-20T02:40:57Z</time></trkpt><trkpt lat="-39.3682854250" lon="-72.6314460486"><ele>112.03</ele><time>2024-08-20T02:41:08Z</time></trkpt><trkpt lat="-39.3682891130" lon="-72.6314430311"><ele>112.10</ele><time>2024-08-20T02:41:09Z</time></trkpt><trkpt lat="-39.3683672324" lon="-72.6313719526"><ele>112.22</ele><time>2024-08-20T02:41:12Z</time></trkpt><trkpt lat="-39.3688762654" lon="-72.6309402846"><ele>112.34</ele><time>2024-08-20T02:41:23Z</time></trkpt><trkpt lat="-39.3689738307" lon="-72.6308145560"><ele>112.35</ele><time>2024-08-20T02:41:27Z</time></trkpt><trkpt lat="-39.3689184263" lon="-72.6305330917"><ele>112.51</ele><time>2024-08-20T02:41:32Z</time></trkpt><trkpt lat="-39.3684317730" lon="-72.6297348831"><ele>112.51</ele><time>2024-08-20T02:41:45Z</time></trkpt><trkpt lat="-39.3683912884" lon="-72.6297130063"><ele>112.58</ele><time>2024-08-20T02:41:46Z</time></trkpt><trkpt lat="-39.3683487084" lon="-72.6297117490"><ele>112.65</ele><time>2024-08-20T02:41:47Z</time></trkpt><trkpt lat="-39.3683047034" lon="-72.6297294348"><ele>112.65</ele><time>2024-08-20T02:41:48Z</time></trkpt><trkpt lat="-39.3682558369" lon="-72.6297591906"><ele>112.46</ele><time>2024-08-20T02:41:49Z</time></trkpt><trkpt lat="-39.3682047073" lon="-72.6297970768"><ele>112.61</ele><time>2024-08-20T02:41:50Z</time></trkpt><trkpt lat="-39.3681522366" lon="-72.6298407465"><ele>112.56</ele><time>2024-08-20T02:41:51Z</time></trkpt><trkpt lat="-39.3681007717" lon="-72.6298883557"><ele>112.67</ele><time>2024-08-20T02:41:52Z</time></trkpt><trkpt lat="-39.3674566224" lon="-72.6304744184"><ele>112.42</ele><time>2024-08-20T02:42:06Z</time></trkpt><trkpt lat="-39.3673486635" lon="-72.6306059305"><ele>112.13</ele><time>2024-08-20T02:42:11Z</time></trkpt><trkpt lat="-39.3673473224" lon="-72.6306480076"><ele>112.19</ele><time>2024-08-20T02:42:12Z</time></trkpt><trkpt lat="-39.3673623260" lon="-72.6306956168"><ele>112.19</ele><time>2024-08-20T02:42:13Z</time></trkpt><trkpt lat="-39.3673854601" lon="-72.6307418849"><ele>112.15</ele><time>2024-08-20T02:42:14Z</time></trkpt><trkpt lat="-39.3674111925" lon="-72.6307884045"><ele>112.24</ele><time>2024-08-20T02:42:15Z</time></trkpt><trkpt lat="-39.3679193873" lon="-72.6316634752"><ele>112.33</ele><time>2024-08-20T02:42:31Z</time></trkpt><trkpt lat="-39.3679289427" lon="-72.6317183767"><ele>112.38</ele><time>2024-08-20T02:42:32Z</time></trkpt><trkpt lat="-39.3679240812" lon="-72.6317721047"><ele>112.45</ele><time>2024-08-20T02:42:33Z</time></trkpt><trkpt lat="-39.3679037970" lon="-72.6318213064"><ele>112.45</ele><time>2024-08-20T02:42:34Z</time></trkpt><trkpt lat="-39.3678723648" lon="-72.6318662334"><ele>112.44</ele><time>2024-08-20T02:42:35Z</time></trkpt><trkpt lat="-39.3678317964" lon="-72.6319088973"><ele>112.36</ele><time>2024-08-20T02:42:36Z</time></trkpt><trkpt lat="-39.3677872047" lon="-72.6319489628"><ele>112.32</ele><time>2024-08-20T02:42:37Z</time></trkpt><trkpt lat="-39.3673340790" lon="-72.6323731709"><ele>112.32</ele><time>2024-08-20T02:42:46Z</time></trkpt><trkpt lat="-39.3672953546" lon="-72.6323850732"><ele>112.21</ele><time>2024-08-20T02:42:47Z</time></trkpt><trkpt lat="-39.3672605697" lon="-72.6323776972"><ele>112.33</ele><time>2024-08-20T02:42:48Z</time></trkpt><trkpt lat="-39.3672281317" lon="-72.6323562395"><ele>112.21</ele><time>2024-08-20T02:42:49Z</time></trkpt><trkpt lat="-39.3671958614" lon="-72.6323272381"><ele>112.11</ele><time>2024-08-20T02:42:50Z</time></trkpt><trkpt lat="-39.3671620823" lon="-72.6322959736"><ele>112.21</ele><time>2024-08-20T02:42:51Z</time></trkpt><trkpt lat="-39.3667251337" lon="-72.6317786425"><ele>112.46</ele><time>2024-08-20T02:43:02Z</time></trkpt><trkpt lat="-39.3665693142" lon="-72.6314488146"><ele>112.37</ele><time>2024-08-20T02:43:09Z</time></trkpt><trkpt lat="-39.3665760197" lon="-72.6314100064"><ele>112.39</ele><time>2024-08-20T02:43:10Z</time></trkpt><trkpt lat="-39.3665978126" lon="-72.6313751377"><ele>112.36</ele><time>2024-08-20T02:43:11Z</time></trkpt><trkpt lat="-39.3666304182" lon="-72.6313393470"><ele>112.22</ele><time>2024-08-20T02:43:12Z</time></trkpt><trkpt lat="-39.3666683044" lon="-72.6313016284"><ele>112.28</ele><time>2024-08-20T02:43:13Z</time></trkpt><trkpt lat="-39.3672453985" lon="-72.6307722274"><ele>112.75</ele><time>2024-08-20T02:43:24Z</time></trkpt><trkpt lat="-39.3673692830" lon="-72.6307036635"><ele>112.64</ele><time>2024-08-20T02:43:29Z</time></trkpt><trkpt lat="-39.3673924170" lon="-72.6307179965"><ele>112.69</ele><time>2024-08-20T02:43:30Z</time></trkpt><trkpt lat="-39.3674168922" lon="-72.6307468303"><ele>112.67</ele><time>2024-08-20T02:43:31Z</time></trkpt><trkpt lat="-39.3674462289" lon="-72.6307914220"><ele>112.70</ele><time>2024-08-20T02:43:32Z</time></trkpt><trkpt lat="-39.3674790021" lon="-72.6308464073"><ele>112.63</ele><time>2024-08-20T02:43:33Z</time></trkpt><trkpt lat="-39.3679979257" lon="-72.6317546703"><ele>112.82</ele><time>2024-08-20T02:43:45Z</time></trkpt><trkpt lat="-39.3685674760" lon="-72.6327334251"><ele>112.81</ele><time>2024-08-20T02:43:58Z</time></trkpt><trkpt lat="-39.3685930409" lon="-72.6327819563"><ele>112.79</ele><time>2024-08-20T02:44:08Z</time></trkpt><trkpt lat="-39.3686446734" lon="-72.6328014024"><ele>112.67</ele><time>2024-08-20T02:44:33Z</time></trkpt><trkpt lat="-39.3687282410" lon="-72.6327883266"><ele>112.81</ele><time>2024-08-20T02:44:35Z</time></trkpt><trkpt lat="-39.3687750958" lon="-72.6327652764"><ele>112.94</ele><time>2024-08-20T02:44:36Z</time></trkpt><trkpt lat="-39.3688271474" lon="-72.6327275578"><ele>112.92</ele><time>2024-08-20T02:44:37Z</time></trkpt><trkpt lat="-39.3695077579" lon="-72.6320878509"><ele>113.17</ele><time>2024-08-20T02:44:50Z</time></trkpt><trkpt lat="-39.3695746455" lon="-72.6320223883"><ele>113.10</ele><time>2024-08-20T02:45:02Z</time></trkpt><trkpt lat="-39.3696077541" lon="-72.6319984999"><ele>113.21</ele><time>2024-08-20T02:45:18Z</time></trkpt><trkpt lat="-39.3696962669" lon="-72.6319179498"><ele>113.49</ele><time>2024-08-20T02:45:21Z</time></trkpt><trkpt lat="-39.3703035358" lon="-72.6313405205"><ele>113.94</ele><time>2024-08-20T02:45:33Z</time></trkpt><trkpt lat="-39.3713283073" lon="-72.6303599216"><ele>113.24</ele><time>2024-08-20T02:45:52Z</time></trkpt><trkpt lat="-39.3713962846" lon="-72.6302864123"><ele>112.92</ele><time>2024-08-20T02:45:59Z</time></trkpt><trkpt lat="-39.3714004755" lon="-72.6302600093"><ele>112.95</ele><time>2024-08-20T02:46:00Z</time></trkpt><trkpt lat="-39.3713998888" lon="-72.6302191895"><ele>112.95</ele><time>2024-08-20T02:46:01Z</time></trkpt><trkpt lat="-39.3713932671" lon="-72.6301735919"><ele>113.06</ele><time>2024-08-20T02:46:02Z</time></trkpt><trkpt lat="-39.3713818677" lon="-72.6301300060"><ele>113.00</ele><time>2024-08-20T02:46:03Z</time></trkpt><trkpt lat="-39.3713639304" lon="-72.6300818939"><ele>113.07</ele><time>2024-08-20T02:46:04Z</time></trkpt><trkpt lat="-39.3713409640" lon="-72.6300285850"><ele>112.99</ele><time>2024-08-20T02:46:05Z</time></trkpt><trkpt lat="-39.3713110406" lon="-72.6299711689"><ele>113.06</ele><time>2024-08-20T02:46:06Z</time></trkpt><trkpt lat="-39.3712768424" lon="-72.6299084723"><ele>113.33</ele><time>2024-08-20T02:46:07Z</time></trkpt><trkpt lat="-39.3708448391" lon="-72.6291687693"><ele>114.33</ele><time>2024-08-20T02:46:18Z</time></trkpt><trkpt lat="-39.3704670668" lon="-72.6285079401"><ele>114.92</ele><time>2024-08-20T02:46:27Z</time></trkpt><trkpt lat="-39.3701851834" lon="-72.6280288305"><ele>115.31</ele><time>2024-08-20T02:46:33Z</time></trkpt><trkpt lat="-39.3701711018" lon="-72.6279688161"><ele>115.34</ele><time>2024-08-20T02:46:34Z</time></trkpt><trkpt lat="-39.3701854348" lon="-72.6279143337"><ele>115.35</ele><time>2024-08-20T02:46:35Z</time></trkpt><trkpt lat="-39.3702153582" lon="-72.6278709155"><ele>115.40</ele><time>2024-08-20T02:46:36Z</time></trkpt><trkpt lat="-39.3702591956" lon="-72.6278259046"><ele>115.13</ele><time>2024-08-20T02:46:37Z</time></trkpt><trkpt lat="-39.3703096546" lon="-72.6277794689"><ele>115.12</ele><time>2024-08-20T02:46:38Z</time></trkpt><trkpt lat="-39.3709475175" lon="-72.6272175461"><ele>113.32</ele><time>2024-08-20T02:46:49Z</time></trkpt><trkpt lat="-39.3710437417" lon="-72.6272061467"><ele>112.79</ele><time>2024-08-20T02:46:52Z</time></trkpt><trkpt lat="-39.3710808735" lon="-72.6272473857"><ele>112.56</ele><time>2024-08-20T02:46:53Z</time></trkpt><trkpt lat="-39.3711182568" lon="-72.6273061428"><ele>112.18</ele><time>2024-08-20T02:46:54Z</time></trkpt><trkpt lat="-39.3715350889" lon="-72.6280491985"><ele>109.20</ele><time>2024-08-20T02:47:03Z</time></trkpt><trkpt lat="-39.3720285315" lon="-72.6289148815"><ele>108.50</ele><time>2024-08-20T02:47:14Z</time></trkpt><trkpt lat="-39.3728535622" lon="-72.6303408947"><ele>107.56</ele><time>2024-08-20T02:47:30Z</time></trkpt><trkpt lat="-39.3729077093" lon="-72.6304979715"><ele>107.50</ele><time>2024-08-20T02:47:33Z</time></trkpt><trkpt lat="-39.3728932925" lon="-72.6305449940"><ele>107.38</ele><time>2024-08-20T02:47:34Z</time></trkpt><trkpt lat="-39.3728628661" lon="-72.6305960398"><ele>107.47</ele><time>2024-08-20T02:47:35Z</time></trkpt><trkpt lat="-39.3728232197" lon="-72.6306498516"><ele>107.43</ele><time>2024-08-20T02:47:36Z</time></trkpt><trkpt lat="-39.3727766164" lon="-72.6307014003"><ele>107.46</ele><time>2024-08-20T02:47:37Z</time></trkpt><trkpt lat="-39.3727249000" lon="-72.6307547092"><ele>107.54</ele><time>2024-08-20T02:47:38Z</time></trkpt><trkpt lat="-39.3721305393" lon="-72.6313183922"><ele>109.56</ele><time>2024-08-20T02:47:49Z</time></trkpt><trkpt lat="-39.3717303872" lon="-72.6316772215"><ele>110.89</ele><time>2024-08-20T02:48:00Z</time></trkpt><trkpt lat="-39.3711517006" lon="-72.6322175190"><ele>113.29</ele><time>2024-08-20T02:48:14Z</time></trkpt><trkpt lat="-39.3704867642" lon="-72.6328289788"><ele>113.03</ele><time>2024-08-20T02:48:27Z</time></trkpt><trkpt lat="-39.3704035319" lon="-72.6329086907"><ele>112.88</ele><time>2024-08-20T02:48:29Z</time></trkpt><trkpt lat="-39.3703752849" lon="-72.6329373568"><ele>112.92</ele><time>2024-08-20T02:48:30Z</time></trkpt><trkpt lat="-39.3699765578" lon="-72.6333291270"><ele>112.65</ele><time>2024-08-20T02:48:40Z</time></trkpt><trkpt lat="-39.3694175687" lon="-72.6338659041"><ele>111.55</ele><time>2024-08-20T02:48:52Z</time></trkpt><trkpt lat="-39.3693359289" lon="-72.6339921355"><ele>111.58</ele><time>2024-08-20T02:48:56Z</time></trkpt><trkpt lat="-39.3693383597" lon="-72.6340486296"><ele>111.60</ele><time>2024-08-20T02:48:57Z</time></trkpt><trkpt lat="-39.3693597335" lon="-72.6341024414"><ele>111.70</ele><time>2024-08-20T02:48:58Z</time></trkpt><trkpt lat="-39.3693924230" lon="-72.6341567561"><ele>111.71</ele><time>2024-08-20T02:48:59Z</time></trkpt><trkpt lat="-39.3694319855" lon="-72.6342176925"><ele>111.72</ele><time>2024-08-20T02:49:00Z</time></trkpt><trkpt lat="-39.3698903080" lon="-72.6349931862"><ele>112.08</ele><time>2024-08-20T02:49:11Z</time></trkpt><trkpt lat="-39.3699374981" lon="-72.6350313239"><ele>111.96</ele><time>2024-08-20T02:49:12Z</time></trkpt><trkpt lat="-39.3699905556" lon="-72.6350402087"><ele>112.02</ele><time>2024-08-20T02:49:13Z</time></trkpt><trkpt lat="-39.3700459599" lon="-72.6350235287"><ele>111.92</ele><time>2024-08-20T02:49:14Z</time></trkpt><trkpt lat="-39.3700987659" lon="-72.6349848881"><ele>111.87</ele><time>2024-08-20T02:49:15Z</time></trkpt><trkpt lat="-39.3701524101" lon="-72.6349376980"><ele>112.03</ele><time>2024-08-20T02:49:16Z</time></trkpt><trkpt lat="-39.3706697412" lon="-72.6344478596"><ele>112.65</ele><time>2024-08-20T02:49:26Z</time></trkpt><trkpt lat="-39.3706734292" lon="-72.6344356220"><ele>113.49</ele><time>2024-08-20T02:49:37Z</time></trkpt><trkpt lat="-39.3706676457" lon="-72.6344443392"><ele>113.21</ele><time>2024-08-20T02:50:16Z</time></trkpt><trkpt lat="-39.3706684839" lon="-72.6344599295"><ele>113.61</ele><time>2024-08-20T02:50:51Z</time></trkpt><trkpt lat="-39.3706830684" lon="-72.6344575826"><ele>113.92</ele><time>2024-08-20T02:51:31Z</time></trkpt><trkpt lat="-39.3706938811" lon="-72.6344371308"><ele>114.53</ele><time>2024-08-20T02:52:38Z</time></trkpt><trkpt lat="-39.3706906121" lon="-72.6344413217"><ele>114.62</ele><time>2024-08-20T02:52:46Z</time></trkpt><trkpt lat="-39.3707033526" lon="-72.6344348677"><ele>114.74</ele><time>2024-08-20T02:53:09Z</time></trkpt><trkpt lat="-39.3707139976" lon="-72.6344133262"><ele>114.96</ele><time>2024-08-20T02:53:30Z</time></trkpt><trkpt lat="-39.3707356229" lon="-72.6343707461"><ele>115.13</ele><time>2024-08-20T02:53:33Z</time></trkpt><trkpt lat="-39.3707466871" lon="-72.6343514677"><ele>115.13</ele><time>2024-08-20T02:53:34Z</time></trkpt><trkpt lat="-39.3707635347" lon="-72.6343298424"><ele>115.28</ele><time>2024-08-20T02:53:35Z</time></trkpt><trkpt lat="-39.3709698971" lon="-72.6341332030"><ele>115.43</ele><time>2024-08-20T02:53:47Z</time></trkpt><trkpt lat="-39.3713525310" lon="-72.6337513234"><ele>115.02</ele><time>2024-08-20T02:53:57Z</time></trkpt><trkpt lat="-39.3718036450" lon="-72.6333236787"><ele>112.35</ele><time>2024-08-20T02:54:08Z</time></trkpt><trkpt lat="-39.3718195707" lon="-72.6333072502"><ele>112.19</ele><time>2024-08-20T02:54:11Z</time></trkpt><trkpt lat="-39.3718862068" lon="-72.6332390215"><ele>112.20</ele><time>2024-08-20T02:54:14Z</time></trkpt><trkpt lat="-39.3724278454" lon="-72.6327216905"><ele>112.28</ele><time>2024-08-20T02:54:25Z</time></trkpt><trkpt lat="-39.3727445137" lon="-72.6324258093"><ele>111.51</ele><time>2024-08-20T02:54:34Z</time></trkpt><trkpt lat="-39.3732251320" lon="-72.6319646370"><ele>111.06</ele><time>2024-08-20T02:54:44Z</time></trkpt><trkpt lat="-39.3736325763" lon="-72.6315655746"><ele>110.36</ele><time>2024-08-20T02:54:55Z</time></trkpt><trkpt lat="-39.3742223270" lon="-72.6310318988"><ele>109.83</ele><time>2024-08-20T02:55:08Z</time></trkpt><trkpt lat="-39.3746765424" lon="-72.6305791084"><ele>109.82</ele><time>2024-08-20T02:55:21Z</time></trkpt><trkpt lat="-39.3752931990" lon="-72.6300112344"><ele>108.60</ele><time>2024-08-20T02:55:34Z</time></trkpt><trkpt lat="-39.3754563108" lon="-72.6300974004"><ele>108.46</ele><time>2024-08-20T02:55:40Z</time></trkpt><trkpt lat="-39.3755634315" lon="-72.6302890107"><ele>106.45</ele><time>2024-08-20T02:55:49Z</time></trkpt><trkpt lat="-39.3755597435" lon="-72.6302854903"><ele>109.69</ele><time>2024-08-20T02:55:50Z</time></trkpt><trkpt lat="-39.3755363580" lon="-72.6302831434"><ele>108.46</ele><time>2024-08-20T02:56:19Z</time></trkpt><trkpt lat="-39.3755599950" lon="-72.6302916929"><ele>108.33</ele><time>2024-08-20T02:56:56Z</time></trkpt><trkpt lat="-39.3755988870" lon="-72.6303308364"><ele>108.29</ele><time>2024-08-20T02:57:28Z</time></trkpt><trkpt lat="-39.3756338395" lon="-72.6303954609"><ele>108.48</ele><time>2024-08-20T02:57:30Z</time></trkpt><trkpt lat="-39.3759316485" lon="-72.6309673581"><ele>108.93</ele><time>2024-08-20T02:57:40Z</time></trkpt><trkpt lat="-39.3759453949" lon="-72.6310213376"><ele>108.92</ele><time>2024-08-20T02:57:41Z</time></trkpt><trkpt lat="-39.3759489153" lon="-72.6310754847"><ele>108.92</ele><time>2024-08-20T02:57:42Z</time></trkpt><trkpt lat="-39.3759390246" lon="-72.6311271172"><ele>108.87</ele><time>2024-08-20T02:57:43Z</time></trkpt><trkpt lat="-39.3759142980" lon="-72.6311721280"><ele>108.88</ele><time>2024-08-20T02:57:44Z</time></trkpt><trkpt lat="-39.3758785073" lon="-72.6312136184"><ele>108.92</ele><time>2024-08-20T02:57:45Z</time></trkpt><trkpt lat="-39.3758382741" lon="-72.6312564500"><ele>109.07</ele><time>2024-08-20T02:57:46Z</time></trkpt><trkpt lat="-39.3756677862" lon="-72.6314255968"><ele>101.88</ele><time>2024-08-20T02:57:50Z</time></trkpt><trkpt lat="-39.3756179139" lon="-72.6314740442"><ele>110.03</ele><time>2024-08-20T02:57:51Z</time></trkpt><trkpt lat="-39.3750699051" lon="-72.6319715101"><ele>110.40</ele><time>2024-08-20T02:58:01Z</time></trkpt><trkpt lat="-39.3749046978" lon="-72.6321429200"><ele>108.51</ele><time>2024-08-20T02:58:04Z</time></trkpt><trkpt lat="-39.3747765385" lon="-72.6322565787"><ele>110.79</ele><time>2024-08-20T02:58:06Z</time></trkpt><trkpt lat="-39.3742118496" lon="-72.6327936072"><ele>110.72</ele><time>2024-08-20T02:58:17Z</time></trkpt><trkpt lat="-39.3741128594" lon="-72.6328846347"><ele>111.63</ele><time>2024-08-20T02:58:19Z</time></trkpt><trkpt lat="-39.3734279741" lon="-72.6335189771"><ele>112.65</ele><time>2024-08-20T02:58:31Z</time></trkpt><trkpt lat="-39.3732626829" lon="-72.6336784009"><ele>111.99</ele><time>2024-08-20T02:58:35Z</time></trkpt><trkpt lat="-39.3729295023" lon="-72.6339893695"><ele>112.78</ele><time>2024-08-20T02:58:41Z</time></trkpt><trkpt lat="-39.3724682461" lon="-72.6344315149"><ele>110.91</ele><time>2024-08-20T02:58:48Z</time></trkpt><trkpt lat="-39.3716486637" lon="-72.6352006383"><ele>112.66</ele><time>2024-08-20T02:59:02Z</time></trkpt><trkpt lat="-39.3713661935" lon="-72.6355122775"><ele>119.71</ele><time>2024-08-20T02:59:10Z</time></trkpt><trkpt lat="-39.3713172432" lon="-72.6355617307"><ele>115.82</ele><time>2024-08-20T02:59:11Z</time></trkpt><trkpt lat="-39.3712038361" lon="-72.6356678456"><ele>113.72</ele><time>2024-08-20T02:59:13Z</time></trkpt><trkpt lat="-39.3710134830" lon="-72.6358390041"><ele>115.40</ele><time>2024-08-20T02:59:16Z</time></trkpt><trkpt lat="-39.3706937134" lon="-72.6361439377"><ele>114.57</ele><time>2024-08-20T02:59:25Z</time></trkpt><trkpt lat="-39.3706393149" lon="-72.6362751983"><ele>116.06</ele><time>2024-08-20T02:59:31Z</time></trkpt><trkpt lat="-39.3706419133" lon="-72.6363248192"><ele>115.35</ele><time>2024-08-20T02:59:32Z</time></trkpt><trkpt lat="-39.3706557434" lon="-72.6363762841"><ele>115.00</ele><time>2024-08-20T02:59:33Z</time></trkpt><trkpt lat="-39.3706834875" lon="-72.6364302635"><ele>115.21</ele><time>2024-08-20T02:59:34Z</time></trkpt><trkpt lat="-39.3707193621" lon="-72.6364898589"><ele>113.92</ele><time>2024-08-20T02:59:35Z</time></trkpt><trkpt lat="-39.3707586732" lon="-72.6365561597"><ele>115.10</ele><time>2024-08-20T02:59:36Z</time></trkpt><trkpt lat="-39.3713117950" lon="-72.6373966970"><ele>114.61</ele><time>2024-08-20T02:59:49Z</time></trkpt><trkpt lat="-39.3713634275" lon="-72.6374163106"><ele>114.03</ele><time>2024-08-20T02:59:50Z</time></trkpt><trkpt lat="-39.3714168202" lon="-72.6374147180"><ele>113.56</ele><time>2024-08-20T02:59:51Z</time></trkpt><trkpt lat="-39.3714712188" lon="-72.6373942662"><ele>113.41</ele><time>2024-08-20T02:59:52Z</time></trkpt><trkpt lat="-39.3715274613" lon="-72.6373594813"><ele>112.96</ele><time>2024-08-20T02:59:53Z</time></trkpt><trkpt lat="-39.3715833686" lon="-72.6373153925"><ele>112.83</ele><time>2024-08-20T02:59:54Z</time></trkpt><trkpt lat="-39.3716447242" lon="-72.6372640952"><ele>113.77</ele><time>2024-08-20T02:59:55Z</time></trkpt><trkpt lat="-39.3724792264" lon="-72.6364246476"><ele>111.61</ele><time>2024-08-20T03:00:07Z</time></trkpt><trkpt lat="-39.3733152375" lon="-72.6355981082"><ele>110.86</ele><time>2024-08-20T03:00:20Z</time></trkpt><trkpt lat="-39.3743117619" lon="-72.6346383803"><ele>111.57</ele><time>2024-08-20T03:00:37Z</time></trkpt><trkpt lat="-39.3746021111" lon="-72.6343490370"><ele>109.81</ele><time>2024-08-20T03:00:43Z</time></trkpt><trkpt lat="-39.3747031130" lon="-72.6342570875"><ele>111.04</ele><time>2024-08-20T03:00:45Z</time></trkpt><trkpt lat="-39.3755273893" lon="-72.6334507484"><ele>110.51</ele><time>2024-08-20T03:00:58Z</time></trkpt><trkpt lat="-39.3765990995" lon="-72.6323557366"><ele>110.34</ele><time>2024-08-20T03:01:14Z</time></trkpt><trkpt lat="-39.3777461629" lon="-72.6311987825"><ele>112.44</ele><time>2024-08-20T03:01:31Z</time></trkpt><trkpt lat="-39.3780206703" lon="-72.6309490018"><ele>109.62</ele><time>2024-08-20T03:01:39Z</time></trkpt><trkpt lat="-39.3780496716" lon="-72.6309252810"><ele>101.41</ele><time>2024-08-20T03:01:40Z</time></trkpt><trkpt lat="-39.3780837860" lon="-72.6308941003"><ele>106.98</ele><time>2024-08-20T03:01:41Z</time></trkpt><trkpt lat="-39.3781243544" lon="-72.6308657695"><ele>111.66</ele><time>2024-08-20T03:01:42Z</time></trkpt><trkpt lat="-39.3781702872" lon="-72.6308381092"><ele>118.63</ele><time>2024-08-20T03:01:43Z</time></trkpt><trkpt lat="-39.3782196566" lon="-72.6308117900"><ele>114.21</ele><time>2024-08-20T03:01:44Z</time></trkpt><trkpt lat="-39.3783267774" lon="-72.6307622530"><ele>112.76</ele><time>2024-08-20T03:01:46Z</time></trkpt><trkpt lat="-39.3792860862" lon="-72.6303461753"><ele>111.02</ele><time>2024-08-20T03:01:59Z</time></trkpt><trkpt lat="-39.3802972790" lon="-72.6298922952"><ele>110.86</ele><time>2024-08-20T03:02:14Z</time></trkpt><trkpt lat="-39.3810429331" lon="-72.6295653172"><ele>111.15</ele><time>2024-08-20T03:02:28Z</time></trkpt><trkpt lat="-39.3818636891" lon="-72.6292084996"><ele>111.87</ele><time>2024-08-20T03:02:42Z</time></trkpt><trkpt lat="-39.3823703751" lon="-72.6289705373"><ele>110.79</ele><time>2024-08-20T03:02:53Z</time></trkpt><trkpt lat="-39.3824237678" lon="-72.6289529353"><ele>114.33</ele><time>2024-08-20T03:02:54Z</time></trkpt><trkpt lat="-39.3825392704" lon="-72.6289053261"><ele>110.98</ele><time>2024-08-20T03:02:56Z</time></trkpt><trkpt lat="-39.3825971894" lon="-72.6288838685"><ele>115.38</ele><time>2024-08-20T03:02:57Z</time></trkpt><trkpt lat="-39.3826577906" lon="-72.6288587227"><ele>110.35</ele><time>2024-08-20T03:02:58Z</time></trkpt><trkpt lat="-39.3829102535" lon="-72.6287591457"><ele>112.03</ele><time>2024-08-20T03:03:02Z</time></trkpt><trkpt lat="-39.3837020081" lon="-72.6284298208"><ele>113.91</ele><time>2024-08-20T03:03:15Z</time></trkpt><trkpt lat="-39.3837301712" lon="-72.6284072734"><ele>112.79</ele><time>2024-08-20T03:03:16Z</time></trkpt><trkpt lat="-39.3837455940" lon="-72.6283705607"><ele>112.32</ele><time>2024-08-20T03:03:17Z</time></trkpt><trkpt lat="-39.3837459292" lon="-72.6283335965"><ele>112.36</ele><time>2024-08-20T03:03:18Z</time></trkpt><trkpt lat="-39.3837373797" lon="-72.6282994822"><ele>112.16</ele><time>2024-08-20T03:03:19Z</time></trkpt><trkpt lat="-39.3837150000" lon="-72.6282587461"><ele>112.25</ele><time>2024-08-20T03:03:20Z</time></trkpt><trkpt lat="-39.3836822268" lon="-72.6282128971"><ele>112.29</ele><time>2024-08-20T03:03:21Z</time></trkpt><trkpt lat="-39.3836454302" lon="-72.6281729992"><ele>111.92</ele><time>2024-08-20T03:03:22Z</time></trkpt><trkpt lat="-39.3836020958" lon="-72.6281384658"><ele>111.68</ele><time>2024-08-20T03:03:23Z</time></trkpt><trkpt lat="-39.3834493775" lon="-72.6279575005"><ele>112.97</ele><time>2024-08-20T03:03:27Z</time></trkpt><trkpt lat="-39.3830571882" lon="-72.6275961567"><ele>112.26</ele><time>2024-08-20T03:03:38Z</time></trkpt><trkpt lat="-39.3829732854" lon="-72.6276203804"><ele>111.43</ele><time>2024-08-20T03:03:40Z</time></trkpt><trkpt lat="-39.3828257639" lon="-72.6276826579"><ele>113.32</ele><time>2024-08-20T03:03:43Z</time></trkpt><trkpt lat="-39.3824274559" lon="-72.6278642938"><ele>110.82</ele><time>2024-08-20T03:03:53Z</time></trkpt><trkpt lat="-39.3822093587" lon="-72.6279768627"><ele>110.61</ele><time>2024-08-20T03:04:01Z</time></trkpt><trkpt lat="-39.3820477556" lon="-72.6280636154"><ele>110.28</ele><time>2024-08-20T03:04:12Z</time></trkpt><trkpt lat="-39.3819601648" lon="-72.6280888449"><ele>110.88</ele><time>2024-08-20T03:04:24Z</time></trkpt><trkpt lat="-39.3819448259" lon="-72.6280955505"><ele>111.32</ele><time>2024-08-20T03:04:25Z</time></trkpt><trkpt lat="-39.3819170818" lon="-72.6280836482"><ele>110.47</ele><time>2024-08-20T03:04:26Z</time></trkpt><trkpt lat="-39.3818935286" lon="-72.6280889288"><ele>111.31</ele><time>2024-08-20T03:04:27Z</time></trkpt><trkpt lat="-39.3818627670" lon="-72.6280994061"><ele>110.74</ele><time>2024-08-20T03:04:28Z</time></trkpt><trkpt lat="-39.3814264890" lon="-72.6283204369"><ele>109.60</ele><time>2024-08-20T03:04:40Z</time></trkpt><trkpt lat="-39.3813485373" lon="-72.6283823792"><ele>110.74</ele><time>2024-08-20T03:04:44Z</time></trkpt><trkpt lat="-39.3813433405" lon="-72.6284063514"><ele>110.68</ele><time>2024-08-20T03:04:45Z</time></trkpt><trkpt lat="-39.3813449331" lon="-72.6284329221"><ele>110.60</ele><time>2024-08-20T03:04:46Z</time></trkpt><trkpt lat="-39.3813507166" lon="-72.6284641866"><ele>110.44</ele><time>2024-08-20T03:04:47Z</time></trkpt><trkpt lat="-39.3813595176" lon="-72.6285009831"><ele>110.49</ele><time>2024-08-20T03:04:48Z</time></trkpt><trkpt lat="-39.3813698273" lon="-72.6285425574"><ele>110.46</ele><time>2024-08-20T03:04:49Z</time></trkpt><trkpt lat="-39.3814492039" lon="-72.6288029831"><ele>111.97</ele><time>2024-08-20T03:04:56Z</time></trkpt><trkpt lat="-39.3815729208" lon="-72.6292828470"><ele>109.19</ele><time>2024-08-20T03:05:10Z</time></trkpt><trkpt lat="-39.3815818895" lon="-72.6292898878"><ele>111.15</ele><time>2024-08-20T03:05:14Z</time></trkpt><trkpt lat="-39.3815714959" lon="-72.6293251757"><ele>108.95</ele><time>2024-08-20T03:05:17Z</time></trkpt><trkpt lat="-39.3815619405" lon="-72.6293433644"><ele>109.56</ele><time>2024-08-20T03:05:18Z</time></trkpt><trkpt lat="-39.3815468531" lon="-72.6293629780"><ele>108.63</ele><time>2024-08-20T03:05:19Z</time></trkpt><trkpt lat="-39.3815174326" lon="-72.6293887943"><ele>112.47</ele><time>2024-08-20T03:05:20Z</time></trkpt><trkpt lat="-39.3814812228" lon="-72.6294125989"><ele>111.24</ele><time>2024-08-20T03:05:21Z</time></trkpt><trkpt lat="-39.3814417440" lon="-72.6294332184"><ele>110.52</ele><time>2024-08-20T03:05:22Z</time></trkpt><trkpt lat="-39.3814007565" lon="-72.6294509042"><ele>111.52</ele><time>2024-08-20T03:05:23Z</time></trkpt><trkpt lat="-39.3813557457" lon="-72.6294578612"><ele>111.65</ele><time>2024-08-20T03:05:24Z</time></trkpt><trkpt lat="-39.3807180505" lon="-72.6297145989"><ele>110.86</ele><time>2024-08-20T03:05:36Z</time></trkpt><trkpt lat="-39.3806051463" lon="-72.6297682431"><ele>107.39</ele><time>2024-08-20T03:05:38Z</time></trkpt><trkpt lat="-39.3805530947" lon="-72.6297816541"><ele>102.31</ele><time>2024-08-20T03:05:39Z</time></trkpt><trkpt lat="-39.3805036414" lon="-72.6297804806"><ele>100.40</ele><time>2024-08-20T03:05:40Z</time></trkpt><trkpt lat="-39.3804666772" lon="-72.6297608670"><ele>106.97</ele><time>2024-08-20T03:05:41Z</time></trkpt><trkpt lat="-39.3804398552" lon="-72.6297225617"><ele>115.21</ele><time>2024-08-20T03:05:42Z</time></trkpt><trkpt lat="-39.3804229237" lon="-72.6296801493"><ele>115.55</ele><time>2024-08-20T03:05:43Z</time></trkpt><trkpt lat="-39.3804105185" lon="-72.6296314504"><ele>113.39</ele><time>2024-08-20T03:05:44Z</time></trkpt><trkpt lat="-39.3803971913" lon="-72.6295810752"><ele>112.19</ele><time>2024-08-20T03:05:45Z</time></trkpt><trkpt lat="-39.3803841993" lon="-72.6295244973"><ele>112.16</ele><time>2024-08-20T03:05:46Z</time></trkpt><trkpt lat="-39.3803271186" lon="-72.6293291152"><ele>108.57</ele><time>2024-08-20T03:05:49Z</time></trkpt><trkpt lat="-39.3802771624" lon="-72.6291363314"><ele>111.17</ele><time>2024-08-20T03:05:52Z</time></trkpt><trkpt lat="-39.3801441416" lon="-72.6285841316"><ele>114.25</ele><time>2024-08-20T03:06:00Z</time></trkpt><trkpt lat="-39.3801287189" lon="-72.6285165735"><ele>109.40</ele><time>2024-08-20T03:06:01Z</time></trkpt><trkpt lat="-39.3801116198" lon="-72.6284496859"><ele>109.65</ele><time>2024-08-20T03:06:02Z</time></trkpt><trkpt lat="-39.3800151441" lon="-72.6279992424"><ele>109.01</ele><time>2024-08-20T03:06:09Z</time></trkpt><trkpt lat="-39.3800317403" lon="-72.6279139984"><ele>110.56</ele><time>2024-08-20T03:06:11Z</time></trkpt><trkpt lat="-39.3800505158" lon="-72.6278805546"><ele>110.25</ele><time>2024-08-20T03:06:12Z</time></trkpt><trkpt lat="-39.3800756615" lon="-72.6278468594"><ele>110.84</ele><time>2024-08-20T03:06:13Z</time></trkpt><trkpt lat="-39.3801129609" lon="-72.6278190315"><ele>109.71</ele><time>2024-08-20T03:06:14Z</time></trkpt><trkpt lat="-39.3801584747" lon="-72.6277985796"><ele>110.85</ele><time>2024-08-20T03:06:15Z</time></trkpt><trkpt lat="-39.3802096881" lon="-72.6277757809"><ele>113.30</ele><time>2024-08-20T03:06:16Z</time></trkpt><trkpt lat="-39.3802587222" lon="-72.6277558319"><ele>112.32</ele><time>2024-08-20T03:06:17Z</time></trkpt><trkpt lat="-39.3802998774" lon="-72.6277306024"><ele>112.72</ele><time>2024-08-20T03:06:18Z</time></trkpt><trkpt lat="-39.3803429604" lon="-72.6277117431"><ele>110.08</ele><time>2024-08-20T03:06:19Z</time></trkpt><trkpt lat="-39.3804743886" lon="-72.6276525669"><ele>110.73</ele><time>2024-08-20T03:06:22Z</time></trkpt><trkpt lat="-39.3805779889" lon="-72.6276118308"><ele>111.95</ele><time>2024-08-20T03:06:24Z</time></trkpt><trkpt lat="-39.3810770474" lon="-72.6274073124"><ele>110.79</ele><time>2024-08-20T03:06:35Z</time></trkpt><trkpt lat="-39.3810884468" lon="-72.6273715217"><ele>109.14</ele><time>2024-08-20T03:06:36Z</time></trkpt><trkpt lat="-39.3810913805" lon="-72.6273420174"><ele>109.96</ele><time>2024-08-20T03:06:37Z</time></trkpt><trkpt lat="-39.3810850102" lon="-72.6273040473"><ele>111.02</ele><time>2024-08-20T03:06:38Z</time></trkpt><trkpt lat="-39.3810726050" lon="-72.6272573601"><ele>111.29</ele><time>2024-08-20T03:06:39Z</time></trkpt><trkpt lat="-39.3810522370" lon="-72.6272025425"><ele>110.27</ele><time>2024-08-20T03:06:40Z</time></trkpt><trkpt lat="-39.3810335454" lon="-72.6271450426"><ele>110.61</ele><time>2024-08-20T03:06:41Z</time></trkpt><trkpt lat="-39.3809980899" lon="-72.6269658376"><ele>109.77</ele><time>2024-08-20T03:06:45Z</time></trkpt><trkpt lat="-39.3810089864" lon="-72.6269360818"><ele>113.06</ele><time>2024-08-20T03:06:46Z</time></trkpt><trkpt lat="-39.3810242414" lon="-72.6269166358"><ele>113.01</ele><time>2024-08-20T03:06:47Z</time></trkpt><trkpt lat="-39.3810433522" lon="-72.6268975250"><ele>112.35</ele><time>2024-08-20T03:06:48Z</time></trkpt><trkpt lat="-39.3810714316" lon="-72.6268831920"><ele>111.62</ele><time>2024-08-20T03:06:49Z</time></trkpt><trkpt lat="-39.3811008520" lon="-72.6268686075"><ele>110.90</ele><time>2024-08-20T03:06:50Z</time></trkpt><trkpt lat="-39.3816294149" lon="-72.6266816910"><ele>109.56</ele><time>2024-08-20T03:07:05Z</time></trkpt><trkpt lat="-39.3816476036" lon="-72.6266855467"><ele>108.61</ele><time>2024-08-20T03:07:06Z</time></trkpt><trkpt lat="-39.3816652056" lon="-72.6266993769"><ele>111.24</ele><time>2024-08-20T03:07:07Z</time></trkpt><trkpt lat="-39.3816824723" lon="-72.6267153025"><ele>111.75</ele><time>2024-08-20T03:07:08Z</time></trkpt><trkpt lat="-39.3816961348" lon="-72.6267433818"><ele>112.41</ele><time>2024-08-20T03:07:09Z</time></trkpt><trkpt lat="-39.3817071151" lon="-72.6267868839"><ele>110.80</ele><time>2024-08-20T03:07:10Z</time></trkpt><trkpt lat="-39.3817157485" lon="-72.6268417854"><ele>112.30</ele><time>2024-08-20T03:07:11Z</time></trkpt><trkpt lat="-39.3817268126" lon="-72.6268966030"><ele>111.91</ele><time>2024-08-20T03:07:12Z</time></trkpt><trkpt lat="-39.3817382958" lon="-72.6269477326"><ele>110.97</ele><time>2024-08-20T03:07:13Z</time></trkpt><trkpt lat="-39.3817577418" lon="-72.6270862855"><ele>110.04</ele><time>2024-08-20T03:07:17Z</time></trkpt><trkpt lat="-39.3817471806" lon="-72.6271198969"><ele>109.12</ele><time>2024-08-20T03:07:18Z</time></trkpt><trkpt lat="-39.3817292433" lon="-72.6271474734"><ele>111.28</ele><time>2024-08-20T03:07:19Z</time></trkpt><trkpt lat="-39.3816985656" lon="-72.6271760557"><ele>111.50</ele><time>2024-08-20T03:07:20Z</time></trkpt><trkpt lat="-39.3816598412" lon="-72.6272010338"><ele>111.90</ele><time>2024-08-20T03:07:21Z</time></trkpt><trkpt lat="-39.3816129025" lon="-72.6272281911"><ele>110.47</ele><time>2024-08-20T03:07:22Z</time></trkpt><trkpt lat="-39.3814519700" lon="-72.6272991858"><ele>113.23</ele><time>2024-08-20T03:07:25Z</time></trkpt><trkpt lat="-39.3812373094" lon="-72.6274087373"><ele>107.60</ele><time>2024-08-20T03:07:29Z</time></trkpt><trkpt lat="-39.3811841682" lon="-72.6274387445"><ele>108.25</ele><time>2024-08-20T03:07:30Z</time></trkpt><trkpt lat="-39.3810261693" lon="-72.6275207195"><ele>109.95</ele><time>2024-08-20T03:07:33Z</time></trkpt><trkpt lat="-39.3807742931" lon="-72.6276212186"><ele>111.68</ele><time>2024-08-20T03:07:38Z</time></trkpt><trkpt lat="-39.3804246839" lon="-72.6277989987"><ele>110.44</ele><time>2024-08-20T03:07:46Z</time></trkpt><trkpt lat="-39.3804180622" lon="-72.6278320234"><ele>110.13</ele><time>2024-08-20T03:07:47Z</time></trkpt><trkpt lat="-39.3804178946" lon="-72.6278649643"><ele>109.72</ele><time>2024-08-20T03:07:48Z</time></trkpt><trkpt lat="-39.3804206606" lon="-72.6279021800"><ele>110.63</ele><time>2024-08-20T03:07:49Z</time></trkpt><trkpt lat="-39.3804283720" lon="-72.6279409882"><ele>110.52</ele><time>2024-08-20T03:07:50Z</time></trkpt><trkpt lat="-39.3804362509" lon="-72.6279817242"><ele>110.34</ele><time>2024-08-20T03:07:51Z</time></trkpt><trkpt lat="-39.3806214910" lon="-72.6286990475"><ele>110.56</ele><time>2024-08-20T03:08:05Z</time></trkpt><trkpt lat="-39.3806581199" lon="-72.6288076770"><ele>110.39</ele><time>2024-08-20T03:08:07Z</time></trkpt><trkpt lat="-39.3808759656" lon="-72.6295735314"><ele>109.81</ele><time>2024-08-20T03:08:21Z</time></trkpt><trkpt lat="-39.3809097447" lon="-72.6296163630"><ele>109.74</ele><time>2024-08-20T03:08:23Z</time></trkpt><trkpt lat="-39.3809441943" lon="-72.6296187099"><ele>109.79</ele><time>2024-08-20T03:08:24Z</time></trkpt><trkpt lat="-39.3809821643" lon="-72.6296235714"><ele>109.74</ele><time>2024-08-20T03:08:25Z</time></trkpt><trkpt lat="-39.3810245767" lon="-72.6296317019"><ele>107.17</ele><time>2024-08-20T03:08:26Z</time></trkpt><trkpt lat="-39.3810601160" lon="-72.6296556741"><ele>106.99</ele><time>2024-08-20T03:08:27Z</time></trkpt><trkpt lat="-39.3810824119" lon="-72.6297042891"><ele>112.71</ele><time>2024-08-20T03:08:28Z</time></trkpt><trkpt lat="-39.3811015226" lon="-72.6297614537"><ele>111.29</ele><time>2024-08-20T03:08:29Z</time></trkpt><trkpt lat="-39.3811208848" lon="-72.6298204623"><ele>110.53</ele><time>2024-08-20T03:08:30Z</time></trkpt><trkpt lat="-39.3811513111" lon="-72.6299542375"><ele>109.91</ele><time>2024-08-20T03:08:32Z</time></trkpt><trkpt lat="-39.3813408259" lon="-72.6307217684"><ele>109.40</ele><time>2024-08-20T03:08:43Z</time></trkpt><trkpt lat="-39.3814933766" lon="-72.6313293725"><ele>109.42</ele><time>2024-08-20T03:08:54Z</time></trkpt><trkpt lat="-39.3816243857" lon="-72.6319782156"><ele>109.64</ele><time>2024-08-20T03:09:06Z</time></trkpt><trkpt lat="-39.3814037740" lon="-72.6323114801"><ele>103.21</ele><time>2024-08-20T03:09:13Z</time></trkpt><trkpt lat="-39.3813663907" lon="-72.6323319320"><ele>101.94</ele><time>2024-08-20T03:09:14Z</time></trkpt><trkpt lat="-39.3813315220" lon="-72.6323319320"><ele>109.01</ele><time>2024-08-20T03:09:15Z</time></trkpt><trkpt lat="-39.3812958151" lon="-72.6323006675"><ele>112.02</ele><time>2024-08-20T03:09:16Z</time></trkpt><trkpt lat="-39.3812653050" lon="-72.6322353724"><ele>112.15</ele><time>2024-08-20T03:09:17Z</time></trkpt><trkpt lat="-39.3812438473" lon="-72.6321656350"><ele>110.35</ele><time>2024-08-20T03:09:18Z</time></trkpt><trkpt lat="-39.3812251557" lon="-72.6320909522"><ele>109.35</ele><time>2024-08-20T03:09:19Z</time></trkpt><trkpt lat="-39.3812041171" lon="-72.6320125815"><ele>108.93</ele><time>2024-08-20T03:09:20Z</time></trkpt><trkpt lat="-39.3811802287" lon="-72.6319262479"><ele>108.65</ele><time>2024-08-20T03:09:21Z</time></trkpt><trkpt lat="-39.3808762170" lon="-72.6307226066"><ele>109.08</ele><time>2024-08-20T03:09:34Z</time></trkpt><trkpt lat="-39.3806308787" lon="-72.6297825761"><ele>109.51</ele><time>2024-08-20T03:09:46Z</time></trkpt><trkpt lat="-39.3806034699" lon="-72.6297638845"><ele>109.40</ele><time>2024-08-20T03:09:47Z</time></trkpt><trkpt lat="-39.3805707805" lon="-72.6297528204"><ele>109.30</ele><time>2024-08-20T03:09:48Z</time></trkpt><trkpt lat="-39.3805286195" lon="-72.6297512278"><ele>109.34</ele><time>2024-08-20T03:09:49Z</time></trkpt><trkpt lat="-39.3804812618" lon="-72.6297574304"><ele>109.31</ele><time>2024-08-20T03:09:50Z</time></trkpt><trkpt lat="-39.3804284558" lon="-72.6297715120"><ele>109.37</ele><time>2024-08-20T03:09:51Z</time></trkpt><trkpt lat="-39.3803707045" lon="-72.6297928020"><ele>109.36</ele><time>2024-08-20T03:09:52Z</time></trkpt><trkpt lat="-39.3803123664" lon="-72.6298176963"><ele>109.44</ele><time>2024-08-20T03:09:53Z</time></trkpt><trkpt lat="-39.3798144814" lon="-72.6300591789"><ele>104.23</ele><time>2024-08-20T03:10:02Z</time></trkpt><trkpt lat="-39.3797667883" lon="-72.6300622802"><ele>105.79</ele><time>2024-08-20T03:10:03Z</time></trkpt><trkpt lat="-39.3797246274" lon="-72.6300430018"><ele>111.06</ele><time>2024-08-20T03:10:04Z</time></trkpt><trkpt lat="-39.3796952069" lon="-72.6300018467"><ele>109.40</ele><time>2024-08-20T03:10:05Z</time></trkpt><trkpt lat="-39.3796737492" lon="-72.6299436763"><ele>111.32</ele><time>2024-08-20T03:10:06Z</time></trkpt><trkpt lat="-39.3796574883" lon="-72.6298754476"><ele>110.52</ele><time>2024-08-20T03:10:07Z</time></trkpt><trkpt lat="-39.3796407245" lon="-72.6298041176"><ele>109.63</ele><time>2024-08-20T03:10:08Z</time></trkpt><trkpt lat="-39.3796230387" lon="-72.6297297701"><ele>109.53</ele><time>2024-08-20T03:10:09Z</time></trkpt><trkpt lat="-39.3793355394" lon="-72.6285745762"><ele>106.44</ele><time>2024-08-20T03:10:23Z</time></trkpt><trkpt lat="-39.3792963959" lon="-72.6284071896"><ele>104.86</ele><time>2024-08-20T03:10:25Z</time></trkpt><trkpt lat="-39.3792816438" lon="-72.6283314172"><ele>113.22</ele><time>2024-08-20T03:10:26Z</time></trkpt><trkpt lat="-39.3792713340" lon="-72.6282662060"><ele>112.45</ele><time>2024-08-20T03:10:27Z</time></trkpt><trkpt lat="-39.3792447634" lon="-72.6281833090"><ele>109.73</ele><time>2024-08-20T03:10:29Z</time></trkpt><trkpt lat="-39.3792235572" lon="-72.6281681377"><ele>109.39</ele><time>2024-08-20T03:10:30Z</time></trkpt><trkpt lat="-39.3792080507" lon="-72.6281613484"><ele>108.67</ele><time>2024-08-20T03:10:31Z</time></trkpt><trkpt lat="-39.3791832402" lon="-72.6281729154"><ele>108.98</ele><time>2024-08-20T03:10:33Z</time></trkpt><trkpt lat="-39.3788855150" lon="-72.6283365302"><ele>109.40</ele><time>2024-08-20T03:10:46Z</time></trkpt><trkpt lat="-39.3787599541" lon="-72.6284097042"><ele>108.08</ele><time>2024-08-20T03:10:51Z</time></trkpt><trkpt lat="-39.3786991015" lon="-72.6284382865"><ele>109.81</ele><time>2024-08-20T03:10:53Z</time></trkpt><trkpt lat="-39.3781884760" lon="-72.6287060883"><ele>109.62</ele><time>2024-08-20T03:11:10Z</time></trkpt><trkpt lat="-39.3780156411" lon="-72.6287764963"><ele>109.02</ele><time>2024-08-20T03:11:16Z</time></trkpt><trkpt lat="-39.3779542018" lon="-72.6285664458"><ele>114.46</ele><time>2024-08-20T03:11:23Z</time></trkpt><trkpt lat="-39.3779575545" lon="-72.6285013184"><ele>112.51</ele><time>2024-08-20T03:11:24Z</time></trkpt><trkpt lat="-39.3779643439" lon="-72.6274457853"><ele>110.77</ele><time>2024-08-20T03:11:35Z</time></trkpt><trkpt lat="-39.3780306447" lon="-72.6258914452"><ele>111.54</ele><time>2024-08-20T03:11:49Z</time></trkpt><trkpt lat="-39.3780636694" lon="-72.6257813908"><ele>111.53</ele><time>2024-08-20T03:11:50Z</time></trkpt><trkpt lat="-39.3781031482" lon="-72.6256758627"><ele>112.32</ele><time>2024-08-20T03:11:51Z</time></trkpt><trkpt lat="-39.3781492487" lon="-72.6255757827"><ele>111.65</ele><time>2024-08-20T03:11:52Z</time></trkpt><trkpt lat="-39.3782012165" lon="-72.6254803129"><ele>110.21</ele><time>2024-08-20T03:11:53Z</time></trkpt><trkpt lat="-39.3782602251" lon="-72.6253876928"><ele>111.94</ele><time>2024-08-20T03:11:54Z</time></trkpt><trkpt lat="-39.3783238437" lon="-72.6252985094"><ele>112.02</ele><time>2024-08-20T03:11:55Z</time></trkpt><trkpt lat="-39.3792263232" lon="-72.6241050940"><ele>110.95</ele><time>2024-08-20T03:12:10Z</time></trkpt><trkpt lat="-39.3802062515" lon="-72.6227715332"><ele>111.30</ele><time>2024-08-20T03:12:28Z</time></trkpt><trkpt lat="-39.3812410813" lon="-72.6213090587"><ele>113.50</ele><time>2024-08-20T03:12:45Z</time></trkpt><trkpt lat="-39.3820261303" lon="-72.6201181579"><ele>113.43</ele><time>2024-08-20T03:12:58Z</time></trkpt><trkpt lat="-39.3833318632" lon="-72.6183552761"><ele>113.96</ele><time>2024-08-20T03:13:17Z</time></trkpt><trkpt lat="-39.3842254579" lon="-72.6171618607"><ele>114.37</ele><time>2024-08-20T03:13:32Z</time></trkpt><trkpt lat="-39.3848606385" lon="-72.6164115127"><ele>114.07</ele><time>2024-08-20T03:13:46Z</time></trkpt><trkpt lat="-39.3848756421" lon="-72.6164325513"><ele>114.03</ele><time>2024-08-20T03:13:55Z</time></trkpt><trkpt lat="-39.3848628178" lon="-72.6164306235"><ele>113.78</ele><time>2024-08-20T03:13:57Z</time></trkpt><trkpt lat="-39.3848196510" lon="-72.6164229959"><ele>113.84</ele><time>2024-08-20T03:14:00Z</time></trkpt><trkpt lat="-39.3848019652" lon="-72.6164359879"><ele>113.87</ele><time>2024-08-20T03:14:01Z</time></trkpt><trkpt lat="-39.3847737182" lon="-72.6164617203"><ele>113.95</ele><time>2024-08-20T03:14:02Z</time></trkpt><trkpt lat="-39.3847439624" lon="-72.6164935715"><ele>113.97</ele><time>2024-08-20T03:14:03Z</time></trkpt><trkpt lat="-39.3847098481" lon="-72.6165300328"><ele>113.99</ele><time>2024-08-20T03:14:04Z</time></trkpt><trkpt lat="-39.3845973630" lon="-72.6166814100"><ele>114.24</ele><time>2024-08-20T03:14:07Z</time></trkpt><trkpt lat="-39.3840157427" lon="-72.6174937002"><ele>114.38</ele><time>2024-08-20T03:14:19Z</time></trkpt><trkpt lat="-39.3832091521" lon="-72.6185761392"><ele>114.34</ele><time>2024-08-20T03:14:33Z</time></trkpt><trkpt lat="-39.3823130429" lon="-72.6197712310"><ele>113.57</ele><time>2024-08-20T03:14:48Z</time></trkpt><trkpt lat="-39.3812985811" lon="-72.6211280096"><ele>114.25</ele><time>2024-08-20T03:15:03Z</time></trkpt><trkpt lat="-39.3801287189" lon="-72.6227840222"><ele>111.77</ele><time>2024-08-20T03:15:20Z</time></trkpt><trkpt lat="-39.3791539036" lon="-72.6241782680"><ele>111.22</ele><time>2024-08-20T03:15:35Z</time></trkpt><trkpt lat="-39.3783229217" lon="-72.6253725216"><ele>111.88</ele><time>2024-08-20T03:15:50Z</time></trkpt><trkpt lat="-39.3779972848" lon="-72.6259045210"><ele>111.89</ele><time>2024-08-20T03:15:57Z</time></trkpt><trkpt lat="-39.3779662717" lon="-72.6259996556"><ele>111.73</ele><time>2024-08-20T03:15:58Z</time></trkpt><trkpt lat="-39.3779415451" lon="-72.6261009090"><ele>111.71</ele><time>2024-08-20T03:15:59Z</time></trkpt><trkpt lat="-39.3779230211" lon="-72.6262074430"><ele>111.66</ele><time>2024-08-20T03:16:00Z</time></trkpt><trkpt lat="-39.3779094424" lon="-72.6263146475"><ele>111.48</ele><time>2024-08-20T03:16:01Z</time></trkpt><trkpt lat="-39.3778981268" lon="-72.6265307330"><ele>111.29</ele><time>2024-08-20T03:16:03Z</time></trkpt><trkpt lat="-39.3779008929" lon="-72.6266386081"><ele>111.20</ele><time>2024-08-20T03:16:04Z</time></trkpt><trkpt lat="-39.3778977077" lon="-72.6271763910"><ele>110.85</ele><time>2024-08-20T03:16:12Z</time></trkpt><trkpt lat="-39.3779151421" lon="-72.6271421928"><ele>110.76</ele><time>2024-08-20T03:16:32Z</time></trkpt><trkpt lat="-39.3779375218" lon="-72.6271824259"><ele>110.58</ele><time>2024-08-20T03:16:50Z</time></trkpt><trkpt lat="-39.3779471610" lon="-72.6272897143"><ele>110.73</ele><time>2024-08-20T03:16:53Z</time></trkpt><trkpt lat="-39.3779504299" lon="-72.6273421850"><ele>110.80</ele><time>2024-08-20T03:16:54Z</time></trkpt><trkpt lat="-39.3779988773" lon="-72.6281496976"><ele>110.61</ele><time>2024-08-20T03:17:03Z</time></trkpt><trkpt lat="-39.3780524377" lon="-72.6297596935"><ele>110.31</ele><time>2024-08-20T03:17:16Z</time></trkpt><trkpt lat="-39.3780614901" lon="-72.6303243823"><ele>109.94</ele><time>2024-08-20T03:17:24Z</time></trkpt><trkpt lat="-39.3780906592" lon="-72.6303232927"><ele>109.81</ele><time>2024-08-20T03:17:25Z</time></trkpt><trkpt lat="-39.3781351671" lon="-72.6303082053"><ele>109.72</ele><time>2024-08-20T03:17:26Z</time></trkpt><trkpt lat="-39.3781853747" lon="-72.6302866638"><ele>109.85</ele><time>2024-08-20T03:17:27Z</time></trkpt><trkpt lat="-39.3782380130" lon="-72.6302650385"><ele>109.91</ele><time>2024-08-20T03:17:28Z</time></trkpt><trkpt lat="-39.3790199608" lon="-72.6298964024"><ele>109.51</ele><time>2024-08-20T03:17:41Z</time></trkpt><trkpt lat="-39.3796123937" lon="-72.6296368986"><ele>108.40</ele><time>2024-08-20T03:17:52Z</time></trkpt><trkpt lat="-39.3796413951" lon="-72.6296581049"><ele>107.98</ele><time>2024-08-20T03:17:53Z</time></trkpt><trkpt lat="-39.3796657864" lon="-72.6296939794"><ele>110.34</ele><time>2024-08-20T03:17:54Z</time></trkpt><trkpt lat="-39.3796848133" lon="-72.6297446061"><ele>109.62</ele><time>2024-08-20T03:17:55Z</time></trkpt><trkpt lat="-39.3797029182" lon="-72.6298051234"><ele>109.09</ele><time>2024-08-20T03:17:56Z</time></trkpt><trkpt lat="-39.3797201011" lon="-72.6298681553"><ele>108.82</ele><time>2024-08-20T03:17:57Z</time></trkpt><trkpt lat="-39.3798371125" lon="-72.6303752605"><ele>108.63</ele><time>2024-08-20T03:18:06Z</time></trkpt><trkpt lat="-39.3798769265" lon="-72.6307131350"><ele>103.58</ele><time>2024-08-20T03:18:13Z</time></trkpt><trkpt lat="-39.3798483443" lon="-72.6307497639"><ele>108.05</ele><time>2024-08-20T03:18:14Z</time></trkpt><trkpt lat="-39.3798068538" lon="-72.6307811122"><ele>112.45</ele><time>2024-08-20T03:18:15Z</time></trkpt><trkpt lat="-39.3797555566" lon="-72.6308034919"><ele>111.66</ele><time>2024-08-20T03:18:16Z</time></trkpt><trkpt lat="-39.3797006551" lon="-72.6308275480"><ele>109.77</ele><time>2024-08-20T03:18:17Z</time></trkpt><trkpt lat="-39.3788797315" lon="-72.6311753970"><ele>109.46</ele><time>2024-08-20T03:18:29Z</time></trkpt><trkpt lat="-39.3781690300" lon="-72.6314659975"><ele>109.43</ele><time>2024-08-20T03:18:41Z</time></trkpt><trkpt lat="-39.3781283777" lon="-72.6315504871"><ele>109.26</ele><time>2024-08-20T03:18:44Z</time></trkpt><trkpt lat="-39.3781341612" lon="-72.6316048857"><ele>109.35</ele><time>2024-08-20T03:18:45Z</time></trkpt><trkpt lat="-39.3781484105" lon="-72.6316657383"><ele>109.28</ele><time>2024-08-20T03:18:46Z</time></trkpt><trkpt lat="-39.3781660125" lon="-72.6317267586"><ele>109.32</ele><time>2024-08-20T03:18:47Z</time></trkpt><trkpt lat="-39.3781850394" lon="-72.6317882817"><ele>109.31</ele><time>2024-08-20T03:18:48Z</time></trkpt><trkpt lat="-39.3782087602" lon="-72.6318415906"><ele>109.37</ele><time>2024-08-20T03:18:49Z</time></trkpt><trkpt lat="-39.3782384321" lon="-72.6318850927"><ele>109.28</ele><time>2024-08-20T03:18:50Z</time></trkpt><trkpt lat="-39.3782729656" lon="-72.6319088973"><ele>109.17</ele><time>2024-08-20T03:18:51Z</time></trkpt><trkpt lat="-39.3783166353" lon="-72.6319125853"><ele>109.08</ele><time>2024-08-20T03:18:52Z</time></trkpt><trkpt lat="-39.3783693574" lon="-72.6319014374"><ele>109.08</ele><time>2024-08-20T03:18:53Z</time></trkpt><trkpt lat="-39.3784217443" lon="-72.6318886969"><ele>108.98</ele><time>2024-08-20T03:18:54Z</time></trkpt><trkpt lat="-39.3784830999" lon="-72.6318667363"><ele>108.96</ele><time>2024-08-20T03:18:55Z</time></trkpt><trkpt lat="-39.3794873357" lon="-72.6314411033"><ele>108.52</ele><time>2024-08-20T03:19:10Z</time></trkpt><trkpt lat="-39.3800393678" lon="-72.6312602218"><ele>108.67</ele><time>2024-08-20T03:19:20Z</time></trkpt><trkpt lat="-39.3800683692" lon="-72.6312862057"><ele>108.95</ele><time>2024-08-20T03:19:21Z</time></trkpt><trkpt lat="-39.3800924253" lon="-72.6313277800"><ele>108.94</ele><time>2024-08-20T03:19:22Z</time></trkpt><trkpt lat="-39.3801096920" lon="-72.6313837711"><ele>108.96</ele><time>2024-08-20T03:19:23Z</time></trkpt><trkpt lat="-39.3801269587" lon="-72.6314487308"><ele>108.27</ele><time>2024-08-20T03:19:24Z</time></trkpt><trkpt lat="-39.3801564630" lon="-72.6315812487"><ele>108.86</ele><time>2024-08-20T03:19:26Z</time></trkpt><trkpt lat="-39.3801574688" lon="-72.6316466276"><ele>110.07</ele><time>2024-08-20T03:19:27Z</time></trkpt><trkpt lat="-39.3801501766" lon="-72.6316972543"><ele>109.25</ele><time>2024-08-20T03:19:28Z</time></trkpt><trkpt lat="-39.3801260367" lon="-72.6317368168"><ele>109.25</ele><time>2024-08-20T03:19:29Z</time></trkpt><trkpt lat="-39.3801003043" lon="-72.6317633037"><ele>109.24</ele><time>2024-08-20T03:19:30Z</time></trkpt><trkpt lat="-39.3800720572" lon="-72.6317864377"><ele>109.24</ele><time>2024-08-20T03:19:31Z</time></trkpt><trkpt lat="-39.3800351769" lon="-72.6318079792"><ele>109.24</ele><time>2024-08-20T03:19:32Z</time></trkpt><trkpt lat="-39.3799881544" lon="-72.6318266708"><ele>109.14</ele><time>2024-08-20T03:19:33Z</time></trkpt><trkpt lat="-39.3799309060" lon="-72.6318471227"><ele>108.91</ele><time>2024-08-20T03:19:34Z</time></trkpt><trkpt lat="-39.3791149277" lon="-72.6322053652"><ele>108.65</ele><time>2024-08-20T03:19:46Z</time></trkpt><trkpt lat="-39.3784709461" lon="-72.6324300840"><ele>109.21</ele><time>2024-08-20T03:19:58Z</time></trkpt><trkpt lat="-39.3784426991" lon="-72.6324154157"><ele>109.33</ele><time>2024-08-20T03:19:59Z</time></trkpt><trkpt lat="-39.3784105964" lon="-72.6323863305"><ele>109.47</ele><time>2024-08-20T03:20:00Z</time></trkpt><trkpt lat="-39.3783835229" lon="-72.6323382184"><ele>109.45</ele><time>2024-08-20T03:20:01Z</time></trkpt><trkpt lat="-39.3783586286" lon="-72.6322788745"><ele>109.49</ele><time>2024-08-20T03:20:02Z</time></trkpt><trkpt lat="-39.3783343211" lon="-72.6322086342"><ele>109.57</ele><time>2024-08-20T03:20:03Z</time></trkpt><trkpt lat="-39.3783101812" lon="-72.6321362983"><ele>109.62</ele><time>2024-08-20T03:20:04Z</time></trkpt><trkpt lat="-39.3780256156" lon="-72.6311374269"><ele>110.05</ele><time>2024-08-20T03:20:16Z</time></trkpt><trkpt lat="-39.3779806886" lon="-72.6310308930"><ele>110.02</ele><time>2024-08-20T03:20:18Z</time></trkpt><trkpt lat="-39.3779545370" lon="-72.6309971977"><ele>110.09</ele><time>2024-08-20T03:20:19Z</time></trkpt><trkpt lat="-39.3779232726" lon="-72.6309813559"><ele>109.87</ele><time>2024-08-20T03:20:20Z</time></trkpt><trkpt lat="-39.3778893258" lon="-72.6309861336"><ele>109.81</ele><time>2024-08-20T03:20:21Z</time></trkpt><trkpt lat="-39.3778500985" lon="-72.6310091000"><ele>109.87</ele><time>2024-08-20T03:20:22Z</time></trkpt><trkpt lat="-39.3778071832" lon="-72.6310414542"><ele>109.98</ele><time>2024-08-20T03:20:23Z</time></trkpt><trkpt lat="-39.3777586520" lon="-72.6310804300"><ele>110.04</ele><time>2024-08-20T03:20:24Z</time></trkpt><trkpt lat="-39.3770337850" lon="-72.6317745354"><ele>110.14</ele><time>2024-08-20T03:20:36Z</time></trkpt><trkpt lat="-39.3766858522" lon="-72.6321677305"><ele>109.22</ele><time>2024-08-20T03:20:43Z</time></trkpt><trkpt lat="-39.3766694237" lon="-72.6322100591"><ele>109.01</ele><time>2024-08-20T03:20:44Z</time></trkpt><trkpt lat="-39.3766609579" lon="-72.6322470233"><ele>108.94</ele><time>2024-08-20T03:20:45Z</time></trkpt><trkpt lat="-39.3766586110" lon="-72.6322825626"><ele>108.95</ele><time>2024-08-20T03:20:46Z</time></trkpt><trkpt lat="-39.3766643107" lon="-72.6323182695"><ele>108.74</ele><time>2024-08-20T03:20:47Z</time></trkpt><trkpt lat="-39.3766799010" lon="-72.6323638670"><ele>108.55</ele><time>2024-08-20T03:20:48Z</time></trkpt><trkpt lat="-39.3767054658" lon="-72.6324214507"><ele>108.25</ele><time>2024-08-20T03:20:49Z</time></trkpt><trkpt lat="-39.3767382391" lon="-72.6324869134"><ele>108.31</ele><time>2024-08-20T03:20:50Z</time></trkpt><trkpt lat="-39.3768679071" lon="-72.6327172481"><ele>106.96</ele><time>2024-08-20T03:20:53Z</time></trkpt><trkpt lat="-39.3772615213" lon="-72.6334506646"><ele>95.34</ele><time>2024-08-20T03:21:02Z</time></trkpt><trkpt lat="-39.3772643711" lon="-72.6335188933"><ele>100.56</ele><time>2024-08-20T03:21:03Z</time></trkpt><trkpt lat="-39.3772502895" lon="-72.6335759740"><ele>107.46</ele><time>2024-08-20T03:21:04Z</time></trkpt><trkpt lat="-39.3772186898" lon="-72.6336258464"><ele>112.93</ele><time>2024-08-20T03:21:05Z</time></trkpt><trkpt lat="-39.3771771993" lon="-72.6336747129"><ele>110.41</ele><time>2024-08-20T03:21:06Z</time></trkpt><trkpt lat="-39.3771259859" lon="-72.6337259263"><ele>106.75</ele><time>2024-08-20T03:21:07Z</time></trkpt><trkpt lat="-39.3770735990" lon="-72.6337748766"><ele>106.64</ele><time>2024-08-20T03:21:08Z</time></trkpt><trkpt lat="-39.3770158477" lon="-72.6338241622"><ele>107.63</ele><time>2024-08-20T03:21:09Z</time></trkpt><trkpt lat="-39.3763605505" lon="-72.6344429981"><ele>106.08</ele><time>2024-08-20T03:21:23Z</time></trkpt><trkpt lat="-39.3757330813" lon="-72.6350592356"><ele>106.14</ele><time>2024-08-20T03:21:34Z</time></trkpt><trkpt lat="-39.3752842303" lon="-72.6354834437"><ele>106.26</ele><time>2024-08-20T03:21:44Z</time></trkpt><trkpt lat="-39.3747518957" lon="-72.6359820832"><ele>108.63</ele><time>2024-08-20T03:21:57Z</time></trkpt><trkpt lat="-39.3743531685" lon="-72.6363678183"><ele>108.90</ele><time>2024-08-20T03:22:07Z</time></trkpt><trkpt lat="-39.3738135416" lon="-72.6368755102"><ele>108.96</ele><time>2024-08-20T03:22:19Z</time></trkpt><trkpt lat="-39.3733066879" lon="-72.6373826154"><ele>109.00</ele><time>2024-08-20T03:22:29Z</time></trkpt><trkpt lat="-39.3730394728" lon="-72.6376181468"><ele>108.56</ele><time>2024-08-20T03:22:34Z</time></trkpt><trkpt lat="-39.3726750277" lon="-72.6379945781"><ele>108.34</ele><time>2024-08-20T03:22:44Z</time></trkpt><trkpt lat="-39.3720976822" lon="-72.6385692414"><ele>110.99</ele><time>2024-08-20T03:22:55Z</time></trkpt><trkpt lat="-39.3720533419" lon="-72.6386149228"><ele>111.39</ele><time>2024-08-20T03:23:01Z</time></trkpt><trkpt lat="-39.3720412720" lon="-72.6386343688"><ele>110.98</ele><time>2024-08-20T03:23:02Z</time></trkpt><trkpt lat="-39.3720315490" lon="-72.6386599336"><ele>110.91</ele><time>2024-08-20T03:23:03Z</time></trkpt><trkpt lat="-39.3720285315" lon="-72.6387023460"><ele>110.95</ele><time>2024-08-20T03:23:04Z</time></trkpt><trkpt lat="-39.3720354047" lon="-72.6387466863"><ele>110.71</ele><time>2024-08-20T03:23:05Z</time></trkpt><trkpt lat="-39.3720544316" lon="-72.6387950499"><ele>110.62</ele><time>2024-08-20T03:23:06Z</time></trkpt><trkpt lat="-39.3720833492" lon="-72.6388466824"><ele>110.69</ele><time>2024-08-20T03:23:07Z</time></trkpt><trkpt lat="-39.3721213192" lon="-72.6389072835"><ele>110.74</ele><time>2024-08-20T03:23:08Z</time></trkpt><trkpt lat="-39.3728186097" lon="-72.6400440373"><ele>110.07</ele><time>2024-08-20T03:23:24Z</time></trkpt><trkpt lat="-39.3732169177" lon="-72.6407171879"><ele>109.60</ele><time>2024-08-20T03:23:37Z</time></trkpt><trkpt lat="-39.3733960390" lon="-72.6407940499"><ele>109.35</ele><time>2024-08-20T03:23:44Z</time></trkpt><trkpt lat="-39.3734342605" lon="-72.6407620311"><ele>109.23</ele><time>2024-08-20T03:23:45Z</time></trkpt><trkpt lat="-39.3734730687" lon="-72.6407197863"><ele>108.98</ele><time>2024-08-20T03:23:46Z</time></trkpt><trkpt lat="-39.3741338979" lon="-72.6401028782"><ele>108.10</ele><time>2024-08-20T03:23:58Z</time></trkpt><trkpt lat="-39.3750434183" lon="-72.6391645242"><ele>109.07</ele><time>2024-08-20T03:24:16Z</time></trkpt><trkpt lat="-39.3756667804" lon="-72.6386085525"><ele>108.17</ele><time>2024-08-20T03:24:30Z</time></trkpt><trkpt lat="-39.3760044035" lon="-72.6382729411"><ele>108.41</ele><time>2024-08-20T03:24:37Z</time></trkpt><trkpt lat="-39.3760244362" lon="-72.6382249966"><ele>108.18</ele><time>2024-08-20T03:24:38Z</time></trkpt><trkpt lat="-39.3760312255" lon="-72.6381691732"><ele>108.17</ele><time>2024-08-20T03:24:39Z</time></trkpt><trkpt lat="-39.3760220055" lon="-72.6381110866"><ele>108.15</ele><time>2024-08-20T03:24:40Z</time></trkpt><trkpt lat="-39.3759973627" lon="-72.6380558498"><ele>108.04</ele><time>2024-08-20T03:24:41Z</time></trkpt><trkpt lat="-39.3759650923" lon="-72.6379970927"><ele>108.10</ele><time>2024-08-20T03:24:42Z</time></trkpt><trkpt lat="-39.3759298883" lon="-72.6379364915"><ele>108.18</ele><time>2024-08-20T03:24:43Z</time></trkpt><trkpt lat="-39.3753482681" lon="-72.6369412243"><ele>108.54</ele><time>2024-08-20T03:24:58Z</time></trkpt><trkpt lat="-39.3747341260" lon="-72.6358504873"><ele>109.03</ele><time>2024-08-20T03:25:13Z</time></trkpt><trkpt lat="-39.3741358258" lon="-72.6348542143"><ele>109.24</ele><time>2024-08-20T03:25:27Z</time></trkpt><trkpt lat="-39.3737515993" lon="-72.6342577580"><ele>109.49</ele><time>2024-08-20T03:25:37Z</time></trkpt><trkpt lat="-39.3731543049" lon="-72.6332461461"><ele>110.06</ele><time>2024-08-20T03:25:51Z</time></trkpt><trkpt lat="-39.3725461978" lon="-72.6321378909"><ele>110.24</ele><time>2024-08-20T03:26:05Z</time></trkpt><trkpt lat="-39.3720856123" lon="-72.6313304622"><ele>111.15</ele><time>2024-08-20T03:26:16Z</time></trkpt><trkpt lat="-39.3720450439" lon="-72.6312990300"><ele>111.15</ele><time>2024-08-20T03:26:17Z</time></trkpt><trkpt lat="-39.3720063195" lon="-72.6312954258"><ele>111.05</ele><time>2024-08-20T03:26:18Z</time></trkpt><trkpt lat="-39.3719696905" lon="-72.6313189790"><ele>111.13</ele><time>2024-08-20T03:26:19Z</time></trkpt><trkpt lat="-39.3719332293" lon="-72.6313579548"><ele>111.00</ele><time>2024-08-20T03:26:20Z</time></trkpt><trkpt lat="-39.3718869612" lon="-72.6314100903"><ele>111.16</ele><time>2024-08-20T03:26:21Z</time></trkpt><trkpt lat="-39.3712626770" lon="-72.6320251543"><ele>113.82</ele><time>2024-08-20T03:26:33Z</time></trkpt><trkpt lat="-39.3709677178" lon="-72.6323554851"><ele>114.22</ele><time>2024-08-20T03:26:42Z</time></trkpt><trkpt lat="-39.3703658134" lon="-72.6329465769"><ele>114.03</ele><time>2024-08-20T03:26:55Z</time></trkpt><trkpt lat="-39.3699872866" lon="-72.6332955994"><ele>113.91</ele><time>2024-08-20T03:27:05Z</time></trkpt><trkpt lat="-39.3693640083" lon="-72.6338606235"><ele>112.48</ele><time>2024-08-20T03:27:17Z</time></trkpt><trkpt lat="-39.3693340011" lon="-72.6338654011"><ele>112.16</ele><time>2024-08-20T03:27:18Z</time></trkpt><trkpt lat="-39.3692969531" lon="-72.6338554267"><ele>112.20</ele><time>2024-08-20T03:27:19Z</time></trkpt><trkpt lat="-39.3692567199" lon="-72.6338227373"><ele>112.89</ele><time>2024-08-20T03:27:20Z</time></trkpt><trkpt lat="-39.3692145590" lon="-72.6337742060"><ele>112.79</ele><time>2024-08-20T03:27:21Z</time></trkpt><trkpt lat="-39.3691734038" lon="-72.6337146107"><ele>112.87</ele><time>2024-08-20T03:27:22Z</time></trkpt><trkpt lat="-39.3691300694" lon="-72.6336458791"><ele>112.82</ele><time>2024-08-20T03:27:23Z</time></trkpt><trkpt lat="-39.3690890819" lon="-72.6335706096"><ele>112.83</ele><time>2024-08-20T03:27:24Z</time></trkpt><trkpt lat="-39.3690472562" lon="-72.6334908977"><ele>113.05</ele><time>2024-08-20T03:27:25Z</time></trkpt><trkpt lat="-39.3687650375" lon="-72.6330257859"><ele>113.52</ele><time>2024-08-20T03:27:34Z</time></trkpt><trkpt lat="-39.3687222898" lon="-72.6329161506"><ele>113.66</ele><time>2024-08-20T03:27:52Z</time></trkpt><trkpt lat="-39.3686679751" lon="-72.6328779291"><ele>113.88</ele><time>2024-08-20T03:27:55Z</time></trkpt><trkpt lat="-39.3686379679" lon="-72.6328681223"><ele>113.97</ele><time>2024-08-20T03:27:56Z</time></trkpt><trkpt lat="-39.3686016742" lon="-72.6328709722"><ele>114.01</ele><time>2024-08-20T03:27:57Z</time></trkpt><trkpt lat="-39.3685652129" lon="-72.6328831259"><ele>114.02</ele><time>2024-08-20T03:27:58Z</time></trkpt><trkpt lat="-39.3685265724" lon="-72.6329051703"><ele>114.05</ele><time>2024-08-20T03:27:59Z</time></trkpt><trkpt lat="-39.3684878480" lon="-72.6329362672"><ele>114.09</ele><time>2024-08-20T03:28:00Z</time></trkpt><trkpt lat="-39.3684463575" lon="-72.6329723932"><ele>114.16</ele><time>2024-08-20T03:28:01Z</time></trkpt><trkpt lat="-39.3679143582" lon="-72.6334761456"><ele>114.42</ele><time>2024-08-20T03:28:14Z</time></trkpt><trkpt lat="-39.3678695988" lon="-72.6335070748"><ele>114.24</ele><time>2024-08-20T03:28:22Z</time></trkpt><trkpt lat="-39.3678508233" lon="-72.6335246768"><ele>114.19</ele><time>2024-08-20T03:28:23Z</time></trkpt><trkpt lat="-39.3678261805" lon="-72.6335500740"><ele>114.21</ele><time>2024-08-20T03:28:24Z</time></trkpt><trkpt lat="-39.3677961733" lon="-72.6335815061"><ele>114.16</ele><time>2024-08-20T03:28:25Z</time></trkpt><trkpt lat="-39.3677604664" lon="-72.6336193085"><ele>114.11</ele><time>2024-08-20T03:28:26Z</time></trkpt><trkpt lat="-39.3674629927" lon="-72.6339085680"><ele>113.66</ele><time>2024-08-20T03:28:33Z</time></trkpt><trkpt lat="-39.3674422055" lon="-72.6339589432"><ele>113.65</ele><time>2024-08-20T03:28:34Z</time></trkpt><trkpt lat="-39.3674354162" lon="-72.6340202987"><ele>113.59</ele><time>2024-08-20T03:28:35Z</time></trkpt><trkpt lat="-39.3674446363" lon="-72.6340848394"><ele>113.54</ele><time>2024-08-20T03:28:36Z</time></trkpt><trkpt lat="-39.3674676027" lon="-72.6341482904"><ele>113.57</ele><time>2024-08-20T03:28:37Z</time></trkpt><trkpt lat="-39.3674984481" lon="-72.6342119928"><ele>113.50</ele><time>2024-08-20T03:28:38Z</time></trkpt><trkpt lat="-39.3675348256" lon="-72.6342785452"><ele>113.49</ele><time>2024-08-20T03:28:39Z</time></trkpt><trkpt lat="-39.3681021966" lon="-72.6352523547"><ele>113.31</ele><time>2024-08-20T03:28:52Z</time></trkpt><trkpt lat="-39.3686870858" lon="-72.6362425089"><ele>113.20</ele><time>2024-08-20T03:29:04Z</time></trkpt><trkpt lat="-39.3693538662" lon="-72.6373861358"><ele>112.14</ele><time>2024-08-20T03:29:17Z</time></trkpt><trkpt lat="-39.3693699595" lon="-72.6374464855"><ele>110.85</ele><time>2024-08-20T03:29:18Z</time></trkpt><trkpt lat="-39.3693604879" lon="-72.6374967769"><ele>112.75</ele><time>2024-08-20T03:29:19Z</time></trkpt><trkpt lat="-39.3693328276" lon="-72.6375396922"><ele>114.07</ele><time>2024-08-20T03:29:20Z</time></trkpt><trkpt lat="-39.3692878168" lon="-72.6375862956"><ele>113.29</ele><time>2024-08-20T03:29:21Z</time></trkpt><trkpt lat="-39.3692379445" lon="-72.6376292948"><ele>113.02</ele><time>2024-08-20T03:29:22Z</time></trkpt><trkpt lat="-39.3685759418" lon="-72.6381800696"><ele>112.25</ele><time>2024-08-20T03:29:34Z</time></trkpt><trkpt lat="-39.3678307906" lon="-72.6388520468"><ele>111.56</ele><time>2024-08-20T03:29:46Z</time></trkpt><trkpt lat="-39.3676748872" lon="-72.6389922760"><ele>111.15</ele><time>2024-08-20T03:29:49Z</time></trkpt><trkpt lat="-39.3676223326" lon="-72.6390138175"><ele>110.09</ele><time>2024-08-20T03:29:50Z</time></trkpt><trkpt lat="-39.3675716221" lon="-72.6390087884"><ele>111.43</ele><time>2024-08-20T03:29:51Z</time></trkpt><trkpt lat="-39.3675300479" lon="-72.6389764342"><ele>112.51</ele><time>2024-08-20T03:29:52Z</time></trkpt><trkpt lat="-39.3674915750" lon="-72.6389305014"><ele>112.11</ele><time>2024-08-20T03:29:53Z</time></trkpt><trkpt lat="-39.3674560357" lon="-72.6388751809"><ele>112.00</ele><time>2024-08-20T03:29:54Z</time></trkpt><trkpt lat="-39.3674221728" lon="-72.6388095506"><ele>111.91</ele><time>2024-08-20T03:29:55Z</time></trkpt><trkpt lat="-39.3673842866" lon="-72.6387421601"><ele>111.80</ele><time>2024-08-20T03:29:56Z</time></trkpt><trkpt lat="-39.3669552170" lon="-72.6379753835"><ele>112.00</ele><time>2024-08-20T03:30:08Z</time></trkpt><trkpt lat="-39.3668565620" lon="-72.6379484776"><ele>111.91</ele><time>2024-08-20T03:30:11Z</time></trkpt><trkpt lat="-39.3668106291" lon="-72.6379742939"><ele>111.96</ele><time>2024-08-20T03:30:12Z</time></trkpt><trkpt lat="-39.3667644449" lon="-72.6380144432"><ele>111.92</ele><time>2024-08-20T03:30:13Z</time></trkpt><trkpt lat="-39.3667146564" lon="-72.6380653214"><ele>111.98</ele><time>2024-08-20T03:30:14Z</time></trkpt><trkpt lat="-39.3666617665" lon="-72.6381195523"><ele>111.92</ele><time>2024-08-20T03:30:15Z</time></trkpt><trkpt lat="-39.3657428585" lon="-72.6389294956"><ele>111.62</ele><time>2024-08-20T03:30:29Z</time></trkpt><trkpt lat="-39.3648285605" lon="-72.6393655222"><ele>111.82</ele><time>2024-08-20T03:30:42Z</time></trkpt><trkpt lat="-39.3643740099" lon="-72.6395274606"><ele>111.68</ele><time>2024-08-20T03:30:50Z</time></trkpt><trkpt lat="-39.3642744329" lon="-72.6395543665"><ele>111.66</ele><time>2024-08-20T03:30:53Z</time></trkpt><trkpt lat="-39.3642609380" lon="-72.6395810209"><ele>111.59</ele><time>2024-08-20T03:30:54Z</time></trkpt><trkpt lat="-39.3642584234" lon="-72.6396091003"><ele>111.63</ele><time>2024-08-20T03:30:55Z</time></trkpt><trkpt lat="-39.3642624468" lon="-72.6396339107"><ele>111.61</ele><time>2024-08-20T03:30:56Z</time></trkpt><trkpt lat="-39.3642709963" lon="-72.6395916659"><ele>111.29</ele><time>2024-08-20T03:31:06Z</time></trkpt><trkpt lat="-39.3643268198" lon="-72.6395776682"><ele>111.49</ele><time>2024-08-20T03:31:08Z</time></trkpt><trkpt lat="-39.3643567432" lon="-72.6395702921"><ele>111.43</ele><time>2024-08-20T03:31:09Z</time></trkpt><trkpt lat="-39.3643960543" lon="-72.6395584736"><ele>111.58</ele><time>2024-08-20T03:31:10Z</time></trkpt><trkpt lat="-39.3651194125" lon="-72.6392727345"><ele>111.51</ele><time>2024-08-20T03:31:24Z</time></trkpt><trkpt lat="-39.3660037871" lon="-72.6388048567"><ele>111.45</ele><time>2024-08-20T03:31:38Z</time></trkpt><trkpt lat="-39.3667962123" lon="-72.6380410977"><ele>111.78</ele><time>2024-08-20T03:31:50Z</time></trkpt><trkpt lat="-39.3674812652" lon="-72.6373699587"><ele>112.49</ele><time>2024-08-20T03:32:03Z</time></trkpt><trkpt lat="-39.3677665852" lon="-72.6371057611"><ele>112.54</ele><time>2024-08-20T03:32:09Z</time></trkpt><trkpt lat="-39.3677993584" lon="-72.6370606665"><ele>112.54</ele><time>2024-08-20T03:32:10Z</time></trkpt><trkpt lat="-39.3678151164" lon="-72.6370097883"><ele>112.45</ele><time>2024-08-20T03:32:11Z</time></trkpt><trkpt lat="-39.3678182177" lon="-72.6369563118"><ele>112.55</ele><time>2024-08-20T03:32:12Z</time></trkpt><trkpt lat="-39.3678006157" lon="-72.6368991472"><ele>112.34</ele><time>2024-08-20T03:32:13Z</time></trkpt><trkpt lat="-39.3677757215" lon="-72.6368446648"><ele>112.44</ele><time>2024-08-20T03:32:14Z</time></trkpt><trkpt lat="-39.3677432835" lon="-72.6367879193"><ele>112.27</ele><time>2024-08-20T03:32:15Z</time></trkpt><trkpt lat="-39.3677068222" lon="-72.6367252227"><ele>112.26</ele><time>2024-08-20T03:32:16Z</time></trkpt><trkpt lat="-39.3671919219" lon="-72.6358799078"><ele>112.50</ele><time>2024-08-20T03:32:31Z</time></trkpt><trkpt lat="-39.3667853158" lon="-72.6352167316"><ele>112.69</ele><time>2024-08-20T03:32:43Z</time></trkpt><trkpt lat="-39.3665132392" lon="-72.6347745024"><ele>113.01</ele><time>2024-08-20T03:32:54Z</time></trkpt><trkpt lat="-39.3662077188" lon="-72.6342658885"><ele>112.94</ele><time>2024-08-20T03:33:03Z</time></trkpt><trkpt lat="-39.3656508252" lon="-72.6333009638"><ele>112.76</ele><time>2024-08-20T03:33:17Z</time></trkpt><trkpt lat="-39.3651592266" lon="-72.6324244682"><ele>112.89</ele><time>2024-08-20T03:33:30Z</time></trkpt><trkpt lat="-39.3646258023" lon="-72.6315671671"><ele>113.27</ele><time>2024-08-20T03:33:43Z</time></trkpt><trkpt lat="-39.3643651251" lon="-72.6311114430"><ele>113.40</ele><time>2024-08-20T03:33:52Z</time></trkpt><trkpt lat="-39.3638343830" lon="-72.6301778667"><ele>113.45</ele><time>2024-08-20T03:34:06Z</time></trkpt><trkpt lat="-39.3633533455" lon="-72.6293405145"><ele>113.20</ele><time>2024-08-20T03:34:18Z</time></trkpt><trkpt lat="-39.3632399384" lon="-72.6292565279"><ele>112.91</ele><time>2024-08-20T03:34:22Z</time></trkpt><trkpt lat="-39.3631949276" lon="-72.6292727888"><ele>112.78</ele><time>2024-08-20T03:34:23Z</time></trkpt><trkpt lat="-39.3631565385" lon="-72.6293052267"><ele>112.92</ele><time>2024-08-20T03:34:24Z</time></trkpt><trkpt lat="-39.3631104380" lon="-72.6293469686"><ele>112.80</ele><time>2024-08-20T03:34:25Z</time></trkpt><trkpt lat="-39.3630639184" lon="-72.6293939073"><ele>112.80</ele><time>2024-08-20T03:34:26Z</time></trkpt><trkpt lat="-39.3630224280" lon="-72.6294410136"><ele>112.75</ele><time>2024-08-20T03:34:27Z</time></trkpt><trkpt lat="-39.3624622654" lon="-72.6300290041"><ele>112.47</ele><time>2024-08-20T03:34:40Z</time></trkpt><trkpt lat="-39.3624487706" lon="-72.6300797146"><ele>112.36</ele><time>2024-08-20T03:34:41Z</time></trkpt><trkpt lat="-39.3624533806" lon="-72.6301342808"><ele>112.37</ele><time>2024-08-20T03:34:42Z</time></trkpt><trkpt lat="-39.3624784425" lon="-72.6301959716"><ele>112.50</ele><time>2024-08-20T03:34:43Z</time></trkpt><trkpt lat="-39.3625134788" lon="-72.6302570757"><ele>112.43</ele><time>2024-08-20T03:34:44Z</time></trkpt><trkpt lat="-39.3625532929" lon="-72.6303197723"><ele>112.54</ele><time>2024-08-20T03:34:45Z</time></trkpt><trkpt lat="-39.3630137946" lon="-72.6311079226"><ele>113.22</ele><time>2024-08-20T03:34:56Z</time></trkpt><trkpt lat="-39.3631802592" lon="-72.6313851122"><ele>111.66</ele><time>2024-08-20T03:35:03Z</time></trkpt><trkpt lat="-39.3632707000" lon="-72.6315315440"><ele>112.98</ele><time>2024-08-20T03:35:05Z</time></trkpt><trkpt lat="-39.3637139350" lon="-72.6322920341"><ele>113.05</ele><time>2024-08-20T03:35:16Z</time></trkpt><trkpt lat="-39.3638140988" lon="-72.6324731670"><ele>112.41</ele><time>2024-08-20T03:35:20Z</time></trkpt><trkpt lat="-39.3642939627" lon="-72.6333049033"><ele>112.97</ele><time>2024-08-20T03:35:31Z</time></trkpt><trkpt lat="-39.3644818012" lon="-72.6336345635"><ele>112.23</ele><time>2024-08-20T03:35:38Z</time></trkpt><trkpt lat="-39.3649597373" lon="-72.6344342809"><ele>112.09</ele><time>2024-08-20T03:35:48Z</time></trkpt><trkpt lat="-39.3650065921" lon="-72.6345345285"><ele>112.09</ele><time>2024-08-20T03:35:50Z</time></trkpt><trkpt lat="-39.3650319055" lon="-72.6345762704"><ele>111.79</ele><time>2024-08-20T03:35:51Z</time></trkpt><trkpt lat="-39.3653875496" lon="-72.6351940166"><ele>112.14</ele><time>2024-08-20T03:36:00Z</time></trkpt><trkpt lat="-39.3656659126" lon="-72.6356848609"><ele>112.26</ele><time>2024-08-20T03:36:09Z</time></trkpt><trkpt lat="-39.3656607158" lon="-72.6357357390"><ele>112.33</ele><time>2024-08-20T03:36:11Z</time></trkpt><trkpt lat="-39.3656451255" lon="-72.6357687637"><ele>112.57</ele><time>2024-08-20T03:36:12Z</time></trkpt><trkpt lat="-39.3656193931" lon="-72.6357974298"><ele>112.45</ele><time>2024-08-20T03:36:13Z</time></trkpt><trkpt lat="-39.3655802496" lon="-72.6358293649"><ele>112.45</ele><time>2024-08-20T03:36:14Z</time></trkpt><trkpt lat="-39.3655328080" lon="-72.6358669158"><ele>112.37</ele><time>2024-08-20T03:36:15Z</time></trkpt><trkpt lat="-39.3648790196" lon="-72.6364341192"><ele>112.27</ele><time>2024-08-20T03:36:26Z</time></trkpt><trkpt lat="-39.3647751678" lon="-72.6364464406"><ele>112.00</ele><time>2024-08-20T03:36:29Z</time></trkpt><trkpt lat="-39.3647484295" lon="-72.6364207920"><ele>111.88</ele><time>2024-08-20T03:36:30Z</time></trkpt><trkpt lat="-39.3647222780" lon="-72.6363862585"><ele>111.90</ele><time>2024-08-20T03:36:31Z</time></trkpt><trkpt lat="-39.3643620238" lon="-72.6357746311"><ele>111.52</ele><time>2024-08-20T03:36:40Z</time></trkpt><trkpt lat="-39.3640699983" lon="-72.6352754887"><ele>111.58</ele><time>2024-08-20T03:36:49Z</time></trkpt><trkpt lat="-39.3636045512" lon="-72.6344459318"><ele>112.22</ele><time>2024-08-20T03:36:59Z</time></trkpt><trkpt lat="-39.3634245079" lon="-72.6341940556"><ele>112.01</ele><time>2024-08-20T03:37:05Z</time></trkpt><trkpt lat="-39.3629861344" lon="-72.6334509999"><ele>111.87</ele><time>2024-08-20T03:37:15Z</time></trkpt><trkpt lat="-39.3628357630" lon="-72.6331653446"><ele>111.51</ele><time>2024-08-20T03:37:22Z</time></trkpt><trkpt lat="-39.3625470903" lon="-72.6326351892"><ele>112.03</ele><time>2024-08-20T03:37:30Z</time></trkpt><trkpt lat="-39.3621643726" lon="-72.6319516450"><ele>111.97</ele><time>2024-08-20T03:37:41Z</time></trkpt><trkpt lat="-39.3616623804" lon="-72.6310693659"><ele>112.23</ele><time>2024-08-20T03:37:53Z</time></trkpt><trkpt lat="-39.3615202233" lon="-72.6309382729"><ele>112.20</ele><time>2024-08-20T03:37:58Z</time></trkpt><trkpt lat="-39.3614815827" lon="-72.6309578028"><ele>112.17</ele><time>2024-08-20T03:37:59Z</time></trkpt><trkpt lat="-39.3614389189" lon="-72.6309881452"><ele>112.12</ele><time>2024-08-20T03:38:00Z</time></trkpt><trkpt lat="-39.3613897171" lon="-72.6310333237"><ele>112.22</ele><time>2024-08-20T03:38:01Z</time></trkpt><trkpt lat="-39.3613416050" lon="-72.6310831960"><ele>112.13</ele><time>2024-08-20T03:38:02Z</time></trkpt><trkpt lat="-39.3607311510" lon="-72.6317384932"><ele>112.07</ele><time>2024-08-20T03:38:15Z</time></trkpt><trkpt lat="-39.3608554546" lon="-72.6320622023"><ele>112.00</ele><time>2024-08-20T03:38:23Z</time></trkpt><trkpt lat="-39.3613117654" lon="-72.6328324992"><ele>111.99</ele><time>2024-08-20T03:38:34Z</time></trkpt><trkpt lat="-39.3619214650" lon="-72.6338519063"><ele>111.64</ele><time>2024-08-20T03:38:46Z</time></trkpt><trkpt lat="-39.3621862493" lon="-72.6342735160"><ele>111.44</ele><time>2024-08-20T03:38:54Z</time></trkpt><trkpt lat="-39.3626315799" lon="-72.6350601576"><ele>111.77</ele><time>2024-08-20T03:39:04Z</time></trkpt><trkpt lat="-39.3628601544" lon="-72.6354443841"><ele>111.88</ele><time>2024-08-20T03:39:12Z</time></trkpt><trkpt lat="-39.3633959256" lon="-72.6363367215"><ele>112.16</ele><time>2024-08-20T03:39:24Z</time></trkpt><trkpt lat="-39.3639187887" lon="-72.6372412127"><ele>112.42</ele><time>2024-08-20T03:39:36Z</time></trkpt><trkpt lat="-39.3639399111" lon="-72.6373742335"><ele>112.47</ele><time>2024-08-20T03:39:40Z</time></trkpt><trkpt lat="-39.3639140110" lon="-72.6374064200"><ele>112.49</ele><time>2024-08-20T03:39:41Z</time></trkpt><trkpt lat="-39.3638653122" lon="-72.6374478266"><ele>112.45</ele><time>2024-08-20T03:39:42Z</time></trkpt><trkpt lat="-39.3638125062" lon="-72.6374893170"><ele>112.49</ele><time>2024-08-20T03:39:43Z</time></trkpt><trkpt lat="-39.3637558445" lon="-72.6375310589"><ele>112.61</ele><time>2024-08-20T03:39:44Z</time></trkpt><trkpt lat="-39.3631603103" lon="-72.6380445343"><ele>112.55</ele><time>2024-08-20T03:39:53Z</time></trkpt><trkpt lat="-39.3631071690" lon="-72.6380623877"><ele>112.65</ele><time>2024-08-20T03:39:54Z</time></trkpt><trkpt lat="-39.3630593922" lon="-72.6380545087"><ele>112.55</ele><time>2024-08-20T03:39:55Z</time></trkpt><trkpt lat="-39.3630179018" lon="-72.6380239148"><ele>112.26</ele><time>2024-08-20T03:39:56Z</time></trkpt><trkpt lat="-39.3629815243" lon="-72.6379809994"><ele>112.08</ele><time>2024-08-20T03:39:57Z</time></trkpt><trkpt lat="-39.3629469071" lon="-72.6379290316"><ele>112.13</ele><time>2024-08-20T03:39:58Z</time></trkpt><trkpt lat="-39.3629127089" lon="-72.6378731243"><ele>112.01</ele><time>2024-08-20T03:39:59Z</time></trkpt><trkpt lat="-39.3623862416" lon="-72.6369515341"><ele>111.59</ele><time>2024-08-20T03:40:11Z</time></trkpt><trkpt lat="-39.3617221434" lon="-72.6358164568"><ele>111.45</ele><time>2024-08-20T03:40:25Z</time></trkpt><trkpt lat="-39.3611755595" lon="-72.6348453294"><ele>111.26</ele><time>2024-08-20T03:40:39Z</time></trkpt><trkpt lat="-39.3611754756" lon="-72.6348073594"><ele>111.31</ele><time>2024-08-20T03:40:40Z</time></trkpt><trkpt lat="-39.3611868750" lon="-72.6347696409"><ele>111.30</ele><time>2024-08-20T03:40:41Z</time></trkpt><trkpt lat="-39.3612095062" lon="-72.6347310841"><ele>111.33</ele><time>2024-08-20T03:40:42Z</time></trkpt><trkpt lat="-39.3612461351" lon="-72.6346895099"><ele>111.28</ele><time>2024-08-20T03:40:43Z</time></trkpt><trkpt lat="-39.3612959236" lon="-72.6346408110"><ele>111.30</ele><time>2024-08-20T03:40:44Z</time></trkpt><trkpt lat="-39.3613510765" lon="-72.6345887594"><ele>111.37</ele><time>2024-08-20T03:40:45Z</time></trkpt><trkpt lat="-39.3622227106" lon="-72.6337567717"><ele>111.39</ele><time>2024-08-20T03:40:58Z</time></trkpt><trkpt lat="-39.3626692146" lon="-72.6333389338"><ele>111.34</ele><time>2024-08-20T03:41:07Z</time></trkpt><trkpt lat="-39.3630369287" lon="-72.6329816133"><ele>111.67</ele><time>2024-08-20T03:41:16Z</time></trkpt><trkpt lat="-39.3635455426" lon="-72.6325009950"><ele>112.22</ele><time>2024-08-20T03:41:27Z</time></trkpt><trkpt lat="-39.3640003446" lon="-72.6320678182"><ele>113.11</ele><time>2024-08-20T03:41:36Z</time></trkpt><trkpt lat="-39.3649002258" lon="-72.6312036440"><ele>113.70</ele><time>2024-08-20T03:41:50Z</time></trkpt><trkpt lat="-39.3652172294" lon="-72.6308913343"><ele>113.81</ele><time>2024-08-20T03:41:56Z</time></trkpt><trkpt lat="-39.3652607314" lon="-72.6308700442"><ele>113.92</ele><time>2024-08-20T03:41:57Z</time></trkpt><trkpt lat="-39.3653027248" lon="-72.6308697090"><ele>113.80</ele><time>2024-08-20T03:41:58Z</time></trkpt><trkpt lat="-39.3653441314" lon="-72.6308860537"><ele>113.77</ele><time>2024-08-20T03:41:59Z</time></trkpt><trkpt lat="-39.3653860409" lon="-72.6309132110"><ele>113.84</ele><time>2024-08-20T03:42:00Z</time></trkpt><trkpt lat="-39.3654290400" lon="-72.6309495885"><ele>113.74</ele><time>2024-08-20T03:42:01Z</time></trkpt><trkpt lat="-39.3654739670" lon="-72.6309945993"><ele>113.77</ele><time>2024-08-20T03:42:02Z</time></trkpt><trkpt lat="-39.3655193131" lon="-72.6310487464"><ele>113.91</ele><time>2024-08-20T03:42:03Z</time></trkpt><trkpt lat="-39.3661375623" lon="-72.6317679975"><ele>113.64</ele><time>2024-08-20T03:42:12Z</time></trkpt><trkpt lat="-39.3667720724" lon="-72.6327874884"><ele>113.29</ele><time>2024-08-20T03:42:23Z</time></trkpt><trkpt lat="-39.3673106935" lon="-72.6338300295"><ele>113.95</ele><time>2024-08-20T03:42:36Z</time></trkpt><trkpt lat="-39.3673829455" lon="-72.6339673251"><ele>113.49</ele><time>2024-08-20T03:42:42Z</time></trkpt><trkpt lat="-39.3673837837" lon="-72.6339921355"><ele>113.39</ele><time>2024-08-20T03:42:43Z</time></trkpt><trkpt lat="-39.3673723843" lon="-72.6340290159"><ele>113.43</ele><time>2024-08-20T03:42:44Z</time></trkpt><trkpt lat="-39.3673501723" lon="-72.6340638846"><ele>113.39</ele><time>2024-08-20T03:42:45Z</time></trkpt><trkpt lat="-39.3673157226" lon="-72.6341004297"><ele>113.44</ele><time>2024-08-20T03:42:46Z</time></trkpt><trkpt lat="-39.3672706280" lon="-72.6341409143"><ele>113.47</ele><time>2024-08-20T03:42:47Z</time></trkpt><trkpt lat="-39.3666356150" lon="-72.6347216964"><ele>113.77</ele><time>2024-08-20T03:42:57Z</time></trkpt><trkpt lat="-39.3656921480" lon="-72.6356120221"><ele>112.94</ele><time>2024-08-20T03:43:11Z</time></trkpt><trkpt lat="-39.3648526166" lon="-72.6364113204"><ele>112.73</ele><time>2024-08-20T03:43:25Z</time></trkpt><trkpt lat="-39.3638438545" lon="-72.6373658516"><ele>112.46</ele><time>2024-08-20T03:43:39Z</time></trkpt><trkpt lat="-39.3626371119" lon="-72.6385157648"><ele>112.55</ele><time>2024-08-20T03:43:54Z</time></trkpt><trkpt lat="-39.3615944032" lon="-72.6394783426"><ele>112.58</ele><time>2024-08-20T03:44:08Z</time></trkpt><trkpt lat="-39.3615179602" lon="-72.6395263709"><ele>112.47</ele><time>2024-08-20T03:44:09Z</time></trkpt><trkpt lat="-39.3614363205" lon="-72.6395620778"><ele>112.47</ele><time>2024-08-20T03:44:10Z</time></trkpt><trkpt lat="-39.3613439519" lon="-72.6395832002"><ele>112.48</ele><time>2024-08-20T03:44:11Z</time></trkpt><trkpt lat="-39.3612486497" lon="-72.6395832002"><ele>112.50</ele><time>2024-08-20T03:44:12Z</time></trkpt><trkpt lat="-39.3611541018" lon="-72.6395668555"><ele>112.19</ele><time>2024-08-20T03:44:13Z</time></trkpt><trkpt lat="-39.3610618170" lon="-72.6395381056"><ele>112.21</ele><time>2024-08-20T03:44:14Z</time></trkpt><trkpt lat="-39.3609728850" lon="-72.6394973695"><ele>112.14</ele><time>2024-08-20T03:44:15Z</time></trkpt><trkpt lat="-39.3608908262" lon="-72.6394502632"><ele>112.13</ele><time>2024-08-20T03:44:16Z</time></trkpt><trkpt lat="-39.3608142994" lon="-72.6394013129"><ele>112.08</ele><time>2024-08-20T03:44:17Z</time></trkpt><trkpt lat="-39.3606087752" lon="-72.6392748300"><ele>112.13</ele><time>2024-08-20T03:44:20Z</time></trkpt><trkpt lat="-39.3605431449" lon="-72.6392533723"><ele>112.04</ele><time>2024-08-20T03:44:21Z</time></trkpt><trkpt lat="-39.3604777660" lon="-72.6392555516"><ele>112.03</ele><time>2024-08-20T03:44:22Z</time></trkpt><trkpt lat="-39.3604197633" lon="-72.6392877381"><ele>111.88</ele><time>2024-08-20T03:44:23Z</time></trkpt><trkpt lat="-39.3603635207" lon="-72.6393319108"><ele>111.71</ele><time>2024-08-20T03:44:24Z</time></trkpt><trkpt lat="-39.3603067752" lon="-72.6393829565"><ele>111.74</ele><time>2024-08-20T03:44:25Z</time></trkpt><trkpt lat="-39.3602479342" lon="-72.6394293085"><ele>111.80</ele><time>2024-08-20T03:44:26Z</time></trkpt><trkpt lat="-39.3601843994" lon="-72.6394657698"><ele>111.83</ele><time>2024-08-20T03:44:27Z</time></trkpt><trkpt lat="-39.3601185177" lon="-72.6394894905"><ele>111.87</ele><time>2024-08-20T03:44:28Z</time></trkpt><trkpt lat="-39.3600478582" lon="-72.6395003032"><ele>111.90</ele><time>2024-08-20T03:44:29Z</time></trkpt><trkpt lat="-39.3599739298" lon="-72.6395060867"><ele>111.89</ele><time>2024-08-20T03:44:30Z</time></trkpt><trkpt lat="-39.3598217145" lon="-72.6395322382"><ele>111.79</ele><time>2024-08-20T03:44:32Z</time></trkpt><trkpt lat="-39.3597463612" lon="-72.6395599823"><ele>111.68</ele><time>2024-08-20T03:44:33Z</time></trkpt><trkpt lat="-39.3596721813" lon="-72.6396037359"><ele>111.72</ele><time>2024-08-20T03:44:34Z</time></trkpt><trkpt lat="-39.3596025277" lon="-72.6396598108"><ele>111.62</ele><time>2024-08-20T03:44:35Z</time></trkpt><trkpt lat="-39.3595350534" lon="-72.6397225913"><ele>111.71</ele><time>2024-08-20T03:44:36Z</time></trkpt><trkpt lat="-39.3594129290" lon="-72.6398652513"><ele>112.18</ele><time>2024-08-20T03:44:38Z</time></trkpt><trkpt lat="-39.3593881186" lon="-72.6399701927"><ele>112.31</ele><time>2024-08-20T03:44:39Z</time></trkpt><trkpt lat="-39.3593798205" lon="-72.6400763914"><ele>112.46</ele><time>2024-08-20T03:44:40Z</time></trkpt><trkpt lat="-39.3593857717" lon="-72.6401927322"><ele>112.73</ele><time>2024-08-20T03:44:41Z</time></trkpt><trkpt lat="-39.3594124261" lon="-72.6403111685"><ele>112.82</ele><time>2024-08-20T03:44:42Z</time></trkpt><trkpt lat="-39.3594571855" lon="-72.6404225640"><ele>112.94</ele><time>2024-08-20T03:44:43Z</time></trkpt><trkpt lat="-39.3595153559" lon="-72.6405141782"><ele>112.99</ele><time>2024-08-20T03:44:44Z</time></trkpt><trkpt lat="-39.3595879432" lon="-72.6405917108"><ele>112.97</ele><time>2024-08-20T03:44:45Z</time></trkpt><trkpt lat="-39.3596664816" lon="-72.6406534016"><ele>112.89</ele><time>2024-08-20T03:44:46Z</time></trkpt><trkpt lat="-39.3597430922" lon="-72.6407059561"><ele>113.12</ele><time>2024-08-20T03:44:47Z</time></trkpt><trkpt lat="-39.3598239776" lon="-72.6407369692"><ele>113.12</ele><time>2024-08-20T03:44:48Z</time></trkpt><trkpt lat="-39.3599140830" lon="-72.6407542359"><ele>113.28</ele><time>2024-08-20T03:44:49Z</time></trkpt><trkpt lat="-39.3599958066" lon="-72.6407676470"><ele>113.44</ele><time>2024-08-20T03:44:50Z</time></trkpt><trkpt lat="-39.3600759376" lon="-72.6407790463"><ele>113.48</ele><time>2024-08-20T03:44:51Z</time></trkpt><trkpt lat="-39.3609536905" lon="-72.6409242209"><ele>115.63</ele><time>2024-08-20T03:45:04Z</time></trkpt><trkpt lat="-39.3610479031" lon="-72.6409233827"><ele>115.87</ele><time>2024-08-20T03:45:12Z</time></trkpt><trkpt lat="-39.3610581290" lon="-72.6409176830"><ele>116.28</ele><time>2024-08-20T03:45:46Z</time></trkpt><trkpt lat="-39.3610527646" lon="-72.6409053616"><ele>116.41</ele><time>2024-08-20T03:46:20Z</time></trkpt></trkseg></trk></gpx>