<?xml version="1.0" encoding="UTF-8" standalone="no" ?><gpx xmlns="http://www.topografix.com/GPX/1/1" xmlns:gpxx="http://www.garmin.com/xmlschemas/GpxExtensions/v3" xmlns:gpxtrkx="http://www.garmin.com/xmlschemas/TrackStatsExtension/v1" xmlns:wptx1="http://www.garmin.com/xmlschemas/WaypointExtension/v1" xmlns:gpxtpx="http://www.garmin.com/xmlschemas/TrackPointExtension/v1" creator="GPSMAP 64sx" version="1.1" xmlns:xsi="http://www.w3.org/2001/XMLSchema-instance" xsi:schemaLocation="http://www.topografix.com/GPX/1/1 http://www.topografix.com/GPX/1/1/gpx.xsd http://www.garmin.com/xmlschemas/GpxExtensions/v3 http://www8.garmin.com/xmlschemas/GpxExtensionsv3.xsd http://www.garmin.com/xmlschemas/TrackStatsExtension/v1 http://www8.garmin.com/xmlschemas/TrackStatsExtension.xsd http://www.garmin.com/xmlschemas/WaypointExtension/v1 http://www8.garmin.com/xmlschemas/WaypointExtensionv1.xsd http://www.garmin.com/xmlschemas/TrackPointExtension/v1 http://www.garmin.com/xmlschemas/TrackPointExtensionv1.xsd"><metadata><link href="http://www.garmin.com"><text>Garmin International</text></link><time>2024-09-15T03:11:37Z</time></metadata><trk><name>GPS LONCO 240914</name><extensions><gpxx:TrackExtension><gpxx:DisplayColor>Cyan</gpxx:DisplayColor></gpxx:TrackExtension><gpxtrkx:TrackStatsExtension><gpxtrkx:Distance>49532.000</gpxtrkx:Distance><gpxtrkx:TotalElapsedTime>8397</gpxtrkx:TotalElapsedTime><gpxtrkx:MovingTime>8058</gpxtrkx:MovingTime><gpxtrkx:StoppedTime>334</gpxtrkx:StoppedTime><gpxtrkx:MovingSpeed>6.147</gpxtrkx:MovingSpeed><gpxtrkx:MaxSpeed>21.996</gpxtrkx:MaxSpeed><gpxtrkx:MaxElevation>145.506</gpxtrkx:MaxElevation><gpxtrkx:MinElevation>102.853</gpxtrkx:MinElevation><gpxtrkx:Ascent>174.000</gpxtrkx:Ascent><gpxtrkx:Descent>208.285</gpxtrkx:Descent><gpxtrkx:AvgAscentRate>0.050</gpxtrkx:AvgAscentRate><gpxtrkx:MaxAscentRate>0.508</gpxtrkx:MaxAscentRate><gpxtrkx:AvgDescentRate>0.057</gpxtrkx:AvgDescentRate><gpxtrkx:MaxDescentRate>-1.094</gpxtrkx:MaxDescentRate></gpxtrkx:TrackStatsExtension></extensions><trkseg><trkpt lat="-39.3541889079" lon="-72.5775991939"><ele>145.18</ele><time>2024-09-15T00:51:40Z</time></trkpt><trkpt lat="-39.3541697133" lon="-72.5776415225"><ele>144.77</ele><time>2024-09-15T00:52:06Z</time></trkpt><trkpt lat="-39.3542130478" lon="-72.5776323024"><ele>144.87</ele><time>2024-09-15T00:52:27Z</time></trkpt><trkpt lat="-39.3542516045" lon="-72.5776964240"><ele>145.01</ele><time>2024-09-15T00:52:31Z</time></trkpt><trkpt lat="-39.3542643450" lon="-72.5777132716"><ele>144.92</ele><time>2024-09-15T00:52:32Z</time></trkpt><trkpt lat="-39.3542775884" lon="-72.5777328853"><ele>144.88</ele><time>2024-09-15T00:52:33Z</time></trkpt><trkpt lat="-39.3542977888" lon="-72.5777467154"><ele>144.90</ele><time>2024-09-15T00:52:34Z</time></trkpt><trkpt lat="-39.3543188274" lon="-72.5777569413"><ele>144.81</ele><time>2024-09-15T00:52:35Z</time></trkpt><trkpt lat="-39.3543425482" lon="-72.5777638145"><ele>144.68</ele><time>2024-09-15T00:52:36Z</time></trkpt><trkpt lat="-39.3543681968" lon="-72.5777699333"><ele>144.79</ele><time>2024-09-15T00:52:37Z</time></trkpt><trkpt lat="-39.3545825221" lon="-72.5780021120"><ele>144.18</ele><time>2024-09-15T00:52:48Z</time></trkpt><trkpt lat="-39.3546497449" lon="-72.5780540798"><ele>144.02</ele><time>2024-09-15T00:52:50Z</time></trkpt><trkpt lat="-39.3546880502" lon="-72.5780731067"><ele>143.99</ele><time>2024-09-15T00:52:51Z</time></trkpt><trkpt lat="-39.3548218254" lon="-72.5781326182"><ele>143.94</ele><time>2024-09-15T00:52:54Z</time></trkpt><trkpt lat="-39.3548665009" lon="-72.5781634636"><ele>143.95</ele><time>2024-09-15T00:52:55Z</time></trkpt><trkpt lat="-39.3549063150" lon="-72.5782063790"><ele>143.99</ele><time>2024-09-15T00:52:56Z</time></trkpt><trkpt lat="-39.3549394235" lon="-72.5782658067"><ele>144.03</ele><time>2024-09-15T00:52:57Z</time></trkpt><trkpt lat="-39.3549654074" lon="-72.5783368014"><ele>144.04</ele><time>2024-09-15T00:52:58Z</time></trkpt><trkpt lat="-39.3549909722" lon="-72.5784154236"><ele>144.12</ele><time>2024-09-15T00:52:59Z</time></trkpt><trkpt lat="-39.3553601112" lon="-72.5794577133"><ele>144.71</ele><time>2024-09-15T00:53:08Z</time></trkpt><trkpt lat="-39.3559745885" lon="-72.5811679568"><ele>144.57</ele><time>2024-09-15T00:53:18Z</time></trkpt><trkpt lat="-39.3572661560" lon="-72.5846848357"><ele>142.50</ele><time>2024-09-15T00:53:35Z</time></trkpt><trkpt lat="-39.3588799238" lon="-72.5891104806"><ele>139.46</ele><time>2024-09-15T00:53:55Z</time></trkpt><trkpt lat="-39.3604599126" lon="-72.5934134983"><ele>136.23</ele><time>2024-09-15T00:54:14Z</time></trkpt><trkpt lat="-39.3622131553" lon="-72.5981771853"><ele>133.18</ele><time>2024-09-15T00:54:35Z</time></trkpt><trkpt lat="-39.3633327261" lon="-72.6013493165"><ele>130.12</ele><time>2024-09-15T00:54:49Z</time></trkpt><trkpt lat="-39.3638784718" lon="-72.6038747001"><ele>126.75</ele><time>2024-09-15T00:55:00Z</time></trkpt><trkpt lat="-39.3639621232" lon="-72.6048552152"><ele>125.13</ele><time>2024-09-15T00:55:05Z</time></trkpt><trkpt lat="-39.3640146777" lon="-72.6063132472"><ele>122.43</ele><time>2024-09-15T00:55:15Z</time></trkpt><trkpt lat="-39.3639521487" lon="-72.6080790628"><ele>119.91</ele><time>2024-09-15T00:55:31Z</time></trkpt><trkpt lat="-39.3639007676" lon="-72.6097269449"><ele>116.84</ele><time>2024-09-15T00:55:46Z</time></trkpt><trkpt lat="-39.3638750352" lon="-72.6108471025"><ele>113.51</ele><time>2024-09-15T00:55:56Z</time></trkpt><trkpt lat="-39.3638471235" lon="-72.6118653361"><ele>110.12</ele><time>2024-09-15T00:56:05Z</time></trkpt><trkpt lat="-39.3637970835" lon="-72.6130781136"><ele>107.10</ele><time>2024-09-15T00:56:16Z</time></trkpt><trkpt lat="-39.3635100033" lon="-72.6149767824"><ele>106.11</ele><time>2024-09-15T00:56:34Z</time></trkpt><trkpt lat="-39.3630658463" lon="-72.6165121794"><ele>105.60</ele><time>2024-09-15T00:56:49Z</time></trkpt><trkpt lat="-39.3623618502" lon="-72.6181050763"><ele>107.45</ele><time>2024-09-15T00:57:06Z</time></trkpt><trkpt lat="-39.3618990015" lon="-72.6188758761"><ele>110.48</ele><time>2024-09-15T00:57:15Z</time></trkpt><trkpt lat="-39.3613856938" lon="-72.6195994858"><ele>113.58</ele><time>2024-09-15T00:57:24Z</time></trkpt><trkpt lat="-39.3608014751" lon="-72.6202375162"><ele>116.65</ele><time>2024-09-15T00:57:33Z</time></trkpt><trkpt lat="-39.3604544643" lon="-72.6205781568"><ele>116.67</ele><time>2024-09-15T00:57:38Z</time></trkpt><trkpt lat="-39.3603802007" lon="-72.6206300408"><ele>116.87</ele><time>2024-09-15T00:57:39Z</time></trkpt><trkpt lat="-39.3603034224" lon="-72.6206687652"><ele>116.93</ele><time>2024-09-15T00:57:40Z</time></trkpt><trkpt lat="-39.3602256384" lon="-72.6206981018"><ele>116.89</ele><time>2024-09-15T00:57:41Z</time></trkpt><trkpt lat="-39.3601495307" lon="-72.6207199786"><ele>116.84</ele><time>2024-09-15T00:57:42Z</time></trkpt><trkpt lat="-39.3595643062" lon="-72.6208774745"><ele>113.56</ele><time>2024-09-15T00:57:50Z</time></trkpt><trkpt lat="-39.3593674991" lon="-72.6210178714"><ele>115.80</ele><time>2024-09-15T00:57:58Z</time></trkpt><trkpt lat="-39.3593604583" lon="-72.6210658997"><ele>115.55</ele><time>2024-09-15T00:58:13Z</time></trkpt><trkpt lat="-39.3593172077" lon="-72.6210987568"><ele>115.66</ele><time>2024-09-15T00:58:15Z</time></trkpt><trkpt lat="-39.3592837639" lon="-72.6211197954"><ele>115.55</ele><time>2024-09-15T00:58:16Z</time></trkpt><trkpt lat="-39.3592065666" lon="-72.6211852580"><ele>113.85</ele><time>2024-09-15T00:58:21Z</time></trkpt><trkpt lat="-39.3591998611" lon="-72.6212154329"><ele>113.72</ele><time>2024-09-15T00:58:22Z</time></trkpt><trkpt lat="-39.3591952510" lon="-72.6212574262"><ele>113.77</ele><time>2024-09-15T00:58:23Z</time></trkpt><trkpt lat="-39.3592018727" lon="-72.6213111542"><ele>113.60</ele><time>2024-09-15T00:58:24Z</time></trkpt><trkpt lat="-39.3592208996" lon="-72.6213730127"><ele>113.75</ele><time>2024-09-15T00:58:25Z</time></trkpt><trkpt lat="-39.3592501525" lon="-72.6214426663"><ele>113.70</ele><time>2024-09-15T00:58:26Z</time></trkpt><trkpt lat="-39.3592863623" lon="-72.6215183549"><ele>113.70</ele><time>2024-09-15T00:58:27Z</time></trkpt><trkpt lat="-39.3593284395" lon="-72.6215999108"><ele>113.55</ele><time>2024-09-15T00:58:28Z</time></trkpt><trkpt lat="-39.3596876878" lon="-72.6223083492"><ele>107.99</ele><time>2024-09-15T00:58:36Z</time></trkpt><trkpt lat="-39.3598310184" lon="-72.6225472335"><ele>105.60</ele><time>2024-09-15T00:58:39Z</time></trkpt><trkpt lat="-39.3599564116" lon="-72.6226938330"><ele>105.08</ele><time>2024-09-15T00:58:41Z</time></trkpt><trkpt lat="-39.3600335252" lon="-72.6227546018"><ele>104.88</ele><time>2024-09-15T00:58:42Z</time></trkpt><trkpt lat="-39.3601188529" lon="-72.6228012890"><ele>104.57</ele><time>2024-09-15T00:58:43Z</time></trkpt><trkpt lat="-39.3602103833" lon="-72.6228379179"><ele>104.44</ele><time>2024-09-15T00:58:44Z</time></trkpt><trkpt lat="-39.3603037577" lon="-72.6228615548"><ele>104.17</ele><time>2024-09-15T00:58:45Z</time></trkpt><trkpt lat="-39.3604014907" lon="-72.6228778157"><ele>103.86</ele><time>2024-09-15T00:58:46Z</time></trkpt><trkpt lat="-39.3604965415" lon="-72.6228856947"><ele>103.77</ele><time>2024-09-15T00:58:47Z</time></trkpt><trkpt lat="-39.3605898321" lon="-72.6228949986"><ele>103.68</ele><time>2024-09-15T00:58:48Z</time></trkpt><trkpt lat="-39.3610300496" lon="-72.6229778957"><ele>105.72</ele><time>2024-09-15T00:58:53Z</time></trkpt><trkpt lat="-39.3618841656" lon="-72.6235979889"><ele>105.58</ele><time>2024-09-15T00:59:04Z</time></trkpt><trkpt lat="-39.3623205274" lon="-72.6240568142"><ele>104.56</ele><time>2024-09-15T00:59:10Z</time></trkpt><trkpt lat="-39.3624072801" lon="-72.6241073571"><ele>104.53</ele><time>2024-09-15T00:59:11Z</time></trkpt><trkpt lat="-39.3625032529" lon="-72.6241445728"><ele>104.34</ele><time>2024-09-15T00:59:12Z</time></trkpt><trkpt lat="-39.3626961205" lon="-72.6241911761"><ele>104.64</ele><time>2024-09-15T00:59:14Z</time></trkpt><trkpt lat="-39.3627883215" lon="-72.6241977978"><ele>104.66</ele><time>2024-09-15T00:59:15Z</time></trkpt><trkpt lat="-39.3632426206" lon="-72.6242315769"><ele>105.22</ele><time>2024-09-15T00:59:20Z</time></trkpt><trkpt lat="-39.3633304629" lon="-72.6242564712"><ele>105.23</ele><time>2024-09-15T00:59:21Z</time></trkpt><trkpt lat="-39.3634910602" lon="-72.6243208442"><ele>105.42</ele><time>2024-09-15T00:59:23Z</time></trkpt><trkpt lat="-39.3635592889" lon="-72.6243604906"><ele>105.50</ele><time>2024-09-15T00:59:24Z</time></trkpt><trkpt lat="-39.3636208121" lon="-72.6244090218"><ele>105.60</ele><time>2024-09-15T00:59:25Z</time></trkpt><trkpt lat="-39.3636680022" lon="-72.6244574692"><ele>105.55</ele><time>2024-09-15T00:59:26Z</time></trkpt><trkpt lat="-39.3637078162" lon="-72.6245108619"><ele>105.45</ele><time>2024-09-15T00:59:27Z</time></trkpt><trkpt lat="-39.3637382425" lon="-72.6245603152"><ele>105.30</ele><time>2024-09-15T00:59:28Z</time></trkpt><trkpt lat="-39.3637612090" lon="-72.6246017218"><ele>105.13</ele><time>2024-09-15T00:59:29Z</time></trkpt><trkpt lat="-39.3638241570" lon="-72.6246676873"><ele>104.87</ele><time>2024-09-15T00:59:37Z</time></trkpt><trkpt lat="-39.3638456985" lon="-72.6246619038"><ele>105.01</ele><time>2024-09-15T00:59:38Z</time></trkpt><trkpt lat="-39.3638824951" lon="-72.6244878955"><ele>104.82</ele><time>2024-09-15T00:59:43Z</time></trkpt><trkpt lat="-39.3638442736" lon="-72.6238872483"><ele>102.97</ele><time>2024-09-15T00:59:53Z</time></trkpt><trkpt lat="-39.3638090696" lon="-72.6238470990"><ele>103.06</ele><time>2024-09-15T00:59:54Z</time></trkpt><trkpt lat="-39.3632934988" lon="-72.6233966555"><ele>103.42</ele><time>2024-09-15T01:00:04Z</time></trkpt><trkpt lat="-39.3632567860" lon="-72.6233385690"><ele>103.35</ele><time>2024-09-15T01:00:05Z</time></trkpt><trkpt lat="-39.3632272817" lon="-72.6232736092"><ele>103.49</ele><time>2024-09-15T01:00:06Z</time></trkpt><trkpt lat="-39.3632116914" lon="-72.6231942326"><ele>103.54</ele><time>2024-09-15T01:00:07Z</time></trkpt><trkpt lat="-39.3632038962" lon="-72.6231150236"><ele>103.49</ele><time>2024-09-15T01:00:08Z</time></trkpt><trkpt lat="-39.3632023875" lon="-72.6230347250"><ele>103.55</ele><time>2024-09-15T01:00:09Z</time></trkpt><trkpt lat="-39.3632012140" lon="-72.6229566056"><ele>103.63</ele><time>2024-09-15T01:00:10Z</time></trkpt><trkpt lat="-39.3632268626" lon="-72.6222839579"><ele>103.58</ele><time>2024-09-15T01:00:22Z</time></trkpt><trkpt lat="-39.3632456381" lon="-72.6222759113"><ele>103.55</ele><time>2024-09-15T01:00:23Z</time></trkpt><trkpt lat="-39.3632634077" lon="-72.6222692057"><ele>103.58</ele><time>2024-09-15T01:00:24Z</time></trkpt><trkpt lat="-39.3632828537" lon="-72.6222666074"><ele>103.51</ele><time>2024-09-15T01:00:25Z</time></trkpt><trkpt lat="-39.3633053172" lon="-72.6222726423"><ele>103.56</ele><time>2024-09-15T01:00:26Z</time></trkpt><trkpt lat="-39.3633318041" lon="-72.6222907472"><ele>103.58</ele><time>2024-09-15T01:00:27Z</time></trkpt><trkpt lat="-39.3633577041" lon="-72.6223137975"><ele>103.62</ele><time>2024-09-15T01:00:28Z</time></trkpt><trkpt lat="-39.3633877113" lon="-72.6223409548"><ele>103.74</ele><time>2024-09-15T01:00:29Z</time></trkpt><trkpt lat="-39.3635666650" lon="-72.6224576309"><ele>103.70</ele><time>2024-09-15T01:00:38Z</time></trkpt><trkpt lat="-39.3635763880" lon="-72.6224442199"><ele>103.60</ele><time>2024-09-15T01:00:39Z</time></trkpt><trkpt lat="-39.3635816686" lon="-72.6224262826"><ele>103.65</ele><time>2024-09-15T01:00:40Z</time></trkpt><trkpt lat="-39.3635813333" lon="-72.6224093512"><ele>103.69</ele><time>2024-09-15T01:00:41Z</time></trkpt><trkpt lat="-39.3635804951" lon="-72.6223868039"><ele>103.64</ele><time>2024-09-15T01:00:42Z</time></trkpt><trkpt lat="-39.3635805789" lon="-72.6223526895"><ele>103.64</ele><time>2024-09-15T01:00:43Z</time></trkpt><trkpt lat="-39.3635841832" lon="-72.6223056670"><ele>103.80</ele><time>2024-09-15T01:00:44Z</time></trkpt><trkpt lat="-39.3636101671" lon="-72.6216865797"><ele>104.39</ele><time>2024-09-15T01:00:52Z</time></trkpt><trkpt lat="-39.3635557685" lon="-72.6213843282"><ele>104.18</ele><time>2024-09-15T01:01:00Z</time></trkpt><trkpt lat="-39.3635267671" lon="-72.6213527285"><ele>104.14</ele><time>2024-09-15T01:01:01Z</time></trkpt><trkpt lat="-39.3633074127" lon="-72.6211807318"><ele>103.95</ele><time>2024-09-15T01:01:08Z</time></trkpt><trkpt lat="-39.3632845301" lon="-72.6211961545"><ele>103.82</ele><time>2024-09-15T01:01:09Z</time></trkpt><trkpt lat="-39.3632638268" lon="-72.6212299336"><ele>103.78</ele><time>2024-09-15T01:01:10Z</time></trkpt><trkpt lat="-39.3632497452" lon="-72.6212765370"><ele>103.76</ele><time>2024-09-15T01:01:11Z</time></trkpt><trkpt lat="-39.3632487394" lon="-72.6213315222"><ele>103.88</ele><time>2024-09-15T01:01:12Z</time></trkpt><trkpt lat="-39.3632499129" lon="-72.6213958114"><ele>103.94</ele><time>2024-09-15T01:01:13Z</time></trkpt><trkpt lat="-39.3632430397" lon="-72.6216027606"><ele>103.92</ele><time>2024-09-15T01:01:16Z</time></trkpt><trkpt lat="-39.3632321432" lon="-72.6216529682"><ele>103.77</ele><time>2024-09-15T01:01:17Z</time></trkpt><trkpt lat="-39.3632145412" lon="-72.6216968056"><ele>103.77</ele><time>2024-09-15T01:01:18Z</time></trkpt><trkpt lat="-39.3631924968" lon="-72.6217253041"><ele>103.68</ele><time>2024-09-15T01:01:19Z</time></trkpt><trkpt lat="-39.3631556164" lon="-72.6217434928"><ele>103.82</ele><time>2024-09-15T01:01:20Z</time></trkpt><trkpt lat="-39.3631039839" lon="-72.6217468455"><ele>103.95</ele><time>2024-09-15T01:01:21Z</time></trkpt><trkpt lat="-39.3630448077" lon="-72.6217459235"><ele>104.15</ele><time>2024-09-15T01:01:22Z</time></trkpt><trkpt lat="-39.3626134750" lon="-72.6217514556"><ele>103.90</ele><time>2024-09-15T01:01:32Z</time></trkpt><trkpt lat="-39.3625957053" lon="-72.6217752602"><ele>104.10</ele><time>2024-09-15T01:01:33Z</time></trkpt><trkpt lat="-39.3625827134" lon="-72.6218097098"><ele>104.08</ele><time>2024-09-15T01:01:34Z</time></trkpt><trkpt lat="-39.3625770137" lon="-72.6218496077"><ele>104.15</ele><time>2024-09-15T01:01:35Z</time></trkpt><trkpt lat="-39.3625717331" lon="-72.6218907628"><ele>104.17</ele><time>2024-09-15T01:01:36Z</time></trkpt><trkpt lat="-39.3625625130" lon="-72.6219284814"><ele>104.23</ele><time>2024-09-15T01:01:37Z</time></trkpt><trkpt lat="-39.3625433184" lon="-72.6219582371"><ele>104.27</ele><time>2024-09-15T01:01:38Z</time></trkpt><trkpt lat="-39.3625184242" lon="-72.6219817065"><ele>104.39</ele><time>2024-09-15T01:01:39Z</time></trkpt><trkpt lat="-39.3624812085" lon="-72.6219975483"><ele>104.33</ele><time>2024-09-15T01:01:40Z</time></trkpt><trkpt lat="-39.3624337669" lon="-72.6220114622"><ele>104.40</ele><time>2024-09-15T01:01:41Z</time></trkpt><trkpt lat="-39.3623823021" lon="-72.6220245380"><ele>104.46</ele><time>2024-09-15T01:01:42Z</time></trkpt><trkpt lat="-39.3620060384" lon="-72.6220198441"><ele>104.09</ele><time>2024-09-15T01:01:50Z</time></trkpt><trkpt lat="-39.3619669788" lon="-72.6219740789"><ele>104.08</ele><time>2024-09-15T01:01:51Z</time></trkpt><trkpt lat="-39.3618557509" lon="-72.6218299940"><ele>104.17</ele><time>2024-09-15T01:01:54Z</time></trkpt><trkpt lat="-39.3618247379" lon="-72.6217791997"><ele>104.10</ele><time>2024-09-15T01:01:55Z</time></trkpt><trkpt lat="-39.3618076388" lon="-72.6217349432"><ele>103.83</ele><time>2024-09-15T01:01:56Z</time></trkpt><trkpt lat="-39.3618059624" lon="-72.6217000745"><ele>103.72</ele><time>2024-09-15T01:01:57Z</time></trkpt><trkpt lat="-39.3618225586" lon="-72.6216668822"><ele>103.84</ele><time>2024-09-15T01:01:58Z</time></trkpt><trkpt lat="-39.3618513085" lon="-72.6216384675"><ele>103.78</ele><time>2024-09-15T01:01:59Z</time></trkpt><trkpt lat="-39.3618892785" lon="-72.6216149982"><ele>103.84</ele><time>2024-09-15T01:02:00Z</time></trkpt><trkpt lat="-39.3619422521" lon="-72.6215979829"><ele>103.76</ele><time>2024-09-15T01:02:01Z</time></trkpt><trkpt lat="-39.3620054517" lon="-72.6215842366"><ele>103.82</ele><time>2024-09-15T01:02:02Z</time></trkpt><trkpt lat="-39.3620758597" lon="-72.6215734240"><ele>103.90</ele><time>2024-09-15T01:02:03Z</time></trkpt><trkpt lat="-39.3625571486" lon="-72.6214885991"><ele>103.89</ele><time>2024-09-15T01:02:13Z</time></trkpt><trkpt lat="-39.3625781033" lon="-72.6214593463"><ele>103.81</ele><time>2024-09-15T01:02:14Z</time></trkpt><trkpt lat="-39.3625946995" lon="-72.6214119047"><ele>104.04</ele><time>2024-09-15T01:02:15Z</time></trkpt><trkpt lat="-39.3625998124" lon="-72.6213432569"><ele>103.99</ele><time>2024-09-15T01:02:16Z</time></trkpt><trkpt lat="-39.3626024947" lon="-72.6212524809"><ele>104.04</ele><time>2024-09-15T01:02:17Z</time></trkpt><trkpt lat="-39.3626051769" lon="-72.6211661473"><ele>104.15</ele><time>2024-09-15T01:02:18Z</time></trkpt><trkpt lat="-39.3626097869" lon="-72.6207028795"><ele>104.08</ele><time>2024-09-15T01:02:23Z</time></trkpt><trkpt lat="-39.3626162410" lon="-72.6206350699"><ele>103.93</ele><time>2024-09-15T01:02:24Z</time></trkpt><trkpt lat="-39.3626341783" lon="-72.6205821801"><ele>103.74</ele><time>2024-09-15T01:02:25Z</time></trkpt><trkpt lat="-39.3626645207" lon="-72.6205411926"><ele>103.71</ele><time>2024-09-15T01:02:26Z</time></trkpt><trkpt lat="-39.3627094477" lon="-72.6205188129"><ele>103.68</ele><time>2024-09-15T01:02:27Z</time></trkpt><trkpt lat="-39.3627650198" lon="-72.6205175556"><ele>103.66</ele><time>2024-09-15T01:02:28Z</time></trkpt><trkpt lat="-39.3628340866" lon="-72.6205240097"><ele>103.80</ele><time>2024-09-15T01:02:29Z</time></trkpt><trkpt lat="-39.3637715187" lon="-72.6205674279"><ele>104.16</ele><time>2024-09-15T01:02:41Z</time></trkpt><trkpt lat="-39.3640313577" lon="-72.6205416955"><ele>103.90</ele><time>2024-09-15T01:02:49Z</time></trkpt><trkpt lat="-39.3640482891" lon="-72.6205039769"><ele>104.08</ele><time>2024-09-15T01:02:50Z</time></trkpt><trkpt lat="-39.3640565872" lon="-72.6204452198"><ele>104.10</ele><time>2024-09-15T01:02:51Z</time></trkpt><trkpt lat="-39.3640403263" lon="-72.6201275457"><ele>104.17</ele><time>2024-09-15T01:02:56Z</time></trkpt><trkpt lat="-39.3640129175" lon="-72.6200989634"><ele>104.10</ele><time>2024-09-15T01:02:57Z</time></trkpt><trkpt lat="-39.3639824912" lon="-72.6200837083"><ele>104.04</ele><time>2024-09-15T01:02:58Z</time></trkpt><trkpt lat="-39.3639425933" lon="-72.6200741529"><ele>104.00</ele><time>2024-09-15T01:02:59Z</time></trkpt><trkpt lat="-39.3638912961" lon="-72.6200741529"><ele>104.14</ele><time>2024-09-15T01:03:00Z</time></trkpt><trkpt lat="-39.3638374005" lon="-72.6200759131"><ele>104.26</ele><time>2024-09-15T01:03:01Z</time></trkpt><trkpt lat="-39.3634486478" lon="-72.6200943533"><ele>104.32</ele><time>2024-09-15T01:03:13Z</time></trkpt><trkpt lat="-39.3634147011" lon="-72.6201003045"><ele>104.14</ele><time>2024-09-15T01:03:18Z</time></trkpt><trkpt lat="-39.3633817602" lon="-72.6201086864"><ele>104.27</ele><time>2024-09-15T01:03:20Z</time></trkpt><trkpt lat="-39.3630706239" lon="-72.6201222651"><ele>103.91</ele><time>2024-09-15T01:03:38Z</time></trkpt><trkpt lat="-39.3627507705" lon="-72.6201172359"><ele>103.49</ele><time>2024-09-15T01:03:52Z</time></trkpt><trkpt lat="-39.3626330886" lon="-72.6199701335"><ele>103.40</ele><time>2024-09-15T01:04:00Z</time></trkpt><trkpt lat="-39.3626330886" lon="-72.6199097838"><ele>103.52</ele><time>2024-09-15T01:04:01Z</time></trkpt><trkpt lat="-39.3626382854" lon="-72.6198511105"><ele>103.52</ele><time>2024-09-15T01:04:02Z</time></trkpt><trkpt lat="-39.3626475055" lon="-72.6197917666"><ele>103.46</ele><time>2024-09-15T01:04:03Z</time></trkpt><trkpt lat="-39.3626625091" lon="-72.6197398826"><ele>103.32</ele><time>2024-09-15T01:04:04Z</time></trkpt><trkpt lat="-39.3626819551" lon="-72.6196980570"><ele>103.45</ele><time>2024-09-15T01:04:05Z</time></trkpt><trkpt lat="-39.3627120461" lon="-72.6196670439"><ele>103.34</ele><time>2024-09-15T01:04:06Z</time></trkpt><trkpt lat="-39.3627506867" lon="-72.6196473464"><ele>103.36</ele><time>2024-09-15T01:04:07Z</time></trkpt><trkpt lat="-39.3627980445" lon="-72.6196391322"><ele>103.35</ele><time>2024-09-15T01:04:08Z</time></trkpt><trkpt lat="-39.3628562149" lon="-72.6196363661"><ele>103.62</ele><time>2024-09-15T01:04:09Z</time></trkpt><trkpt lat="-39.3629229348" lon="-72.6196360309"><ele>103.64</ele><time>2024-09-15T01:04:10Z</time></trkpt><trkpt lat="-39.3638244085" lon="-72.6196605060"><ele>104.36</ele><time>2024-09-15T01:04:23Z</time></trkpt><trkpt lat="-39.3639228120" lon="-72.6196744200"><ele>104.41</ele><time>2024-09-15T01:04:25Z</time></trkpt><trkpt lat="-39.3639603630" lon="-72.6196811255"><ele>104.39</ele><time>2024-09-15T01:04:26Z</time></trkpt><trkpt lat="-39.3639862631" lon="-72.6196761802"><ele>104.28</ele><time>2024-09-15T01:04:27Z</time></trkpt><trkpt lat="-39.3640003446" lon="-72.6196747553"><ele>104.26</ele><time>2024-09-15T01:04:38Z</time></trkpt><trkpt lat="-39.3640272506" lon="-72.6196650323"><ele>104.25</ele><time>2024-09-15T01:04:43Z</time></trkpt><trkpt lat="-39.3640663940" lon="-72.6195628569"><ele>104.45</ele><time>2024-09-15T01:04:46Z</time></trkpt><trkpt lat="-39.3640724290" lon="-72.6194967236"><ele>104.53</ele><time>2024-09-15T01:04:47Z</time></trkpt><trkpt lat="-39.3640718423" lon="-72.6194231305"><ele>104.67</ele><time>2024-09-15T01:04:48Z</time></trkpt><trkpt lat="-39.3640249036" lon="-72.6192140859"><ele>104.74</ele><time>2024-09-15T01:04:53Z</time></trkpt><trkpt lat="-39.3639999256" lon="-72.6192037761"><ele>104.77</ele><time>2024-09-15T01:04:54Z</time></trkpt><trkpt lat="-39.3635785673" lon="-72.6191793848"><ele>104.69</ele><time>2024-09-15T01:05:04Z</time></trkpt><trkpt lat="-39.3630852085" lon="-72.6191952266"><ele>104.44</ele><time>2024-09-15T01:05:16Z</time></trkpt><trkpt lat="-39.3627998885" lon="-72.6191711705"><ele>103.85</ele><time>2024-09-15T01:05:24Z</time></trkpt><trkpt lat="-39.3627877347" lon="-72.6191448513"><ele>103.78</ele><time>2024-09-15T01:05:25Z</time></trkpt><trkpt lat="-39.3627829570" lon="-72.6191125810"><ele>103.72</ele><time>2024-09-15T01:05:26Z</time></trkpt><trkpt lat="-39.3627892435" lon="-72.6190718450"><ele>103.77</ele><time>2024-09-15T01:05:27Z</time></trkpt><trkpt lat="-39.3628029898" lon="-72.6190230623"><ele>103.88</ele><time>2024-09-15T01:05:28Z</time></trkpt><trkpt lat="-39.3628230225" lon="-72.6189660653"><ele>103.86</ele><time>2024-09-15T01:05:29Z</time></trkpt><trkpt lat="-39.3628514372" lon="-72.6189032849"><ele>104.08</ele><time>2024-09-15T01:05:30Z</time></trkpt><trkpt lat="-39.3628858030" lon="-72.6188469585"><ele>104.09</ele><time>2024-09-15T01:05:31Z</time></trkpt><trkpt lat="-39.3629226834" lon="-72.6188023668"><ele>104.21</ele><time>2024-09-15T01:05:32Z</time></trkpt><trkpt lat="-39.3629624974" lon="-72.6187728625"><ele>104.25</ele><time>2024-09-15T01:05:33Z</time></trkpt><trkpt lat="-39.3630087655" lon="-72.6187573560"><ele>104.10</ele><time>2024-09-15T01:05:34Z</time></trkpt><trkpt lat="-39.3630622420" lon="-72.6187510695"><ele>104.19</ele><time>2024-09-15T01:05:35Z</time></trkpt><trkpt lat="-39.3631170597" lon="-72.6187470462"><ele>104.32</ele><time>2024-09-15T01:05:36Z</time></trkpt><trkpt lat="-39.3635680061" lon="-72.6187437773"><ele>104.78</ele><time>2024-09-15T01:05:45Z</time></trkpt><trkpt lat="-39.3640150968" lon="-72.6187573560"><ele>105.03</ele><time>2024-09-15T01:05:55Z</time></trkpt><trkpt lat="-39.3640512228" lon="-72.6187333837"><ele>104.92</ele><time>2024-09-15T01:05:58Z</time></trkpt><trkpt lat="-39.3640669808" lon="-72.6187040471"><ele>105.10</ele><time>2024-09-15T01:05:59Z</time></trkpt><trkpt lat="-39.3640782125" lon="-72.6186503191"><ele>105.07</ele><time>2024-09-15T01:06:00Z</time></trkpt><trkpt lat="-39.3640836608" lon="-72.6185810845"><ele>105.17</ele><time>2024-09-15T01:06:01Z</time></trkpt><trkpt lat="-39.3640870973" lon="-72.6185106765"><ele>105.39</ele><time>2024-09-15T01:06:02Z</time></trkpt><trkpt lat="-39.3640661426" lon="-72.6183594670"><ele>105.26</ele><time>2024-09-15T01:06:05Z</time></trkpt><trkpt lat="-39.3640421703" lon="-72.6183337346"><ele>105.23</ele><time>2024-09-15T01:06:06Z</time></trkpt><trkpt lat="-39.3640104868" lon="-72.6183177251"><ele>105.18</ele><time>2024-09-15T01:06:07Z</time></trkpt><trkpt lat="-39.3639670685" lon="-72.6183094271"><ele>105.23</ele><time>2024-09-15T01:06:08Z</time></trkpt><trkpt lat="-39.3639117479" lon="-72.6183060743"><ele>105.31</ele><time>2024-09-15T01:06:09Z</time></trkpt><trkpt lat="-39.3632371724" lon="-72.6183157973"><ele>104.83</ele><time>2024-09-15T01:06:21Z</time></trkpt><trkpt lat="-39.3632024713" lon="-72.6183026377"><ele>104.50</ele><time>2024-09-15T01:06:23Z</time></trkpt><trkpt lat="-39.3631914910" lon="-72.6182865445"><ele>104.42</ele><time>2024-09-15T01:06:24Z</time></trkpt><trkpt lat="-39.3631807622" lon="-72.6182615664"><ele>104.52</ele><time>2024-09-15T01:06:25Z</time></trkpt><trkpt lat="-39.3631755654" lon="-72.6182310563"><ele>104.45</ele><time>2024-09-15T01:06:26Z</time></trkpt><trkpt lat="-39.3631816003" lon="-72.6181972772"><ele>104.49</ele><time>2024-09-15T01:06:27Z</time></trkpt><trkpt lat="-39.3631985318" lon="-72.6181448065"><ele>104.60</ele><time>2024-09-15T01:06:28Z</time></trkpt><trkpt lat="-39.3632264435" lon="-72.6180843730"><ele>104.64</ele><time>2024-09-15T01:06:29Z</time></trkpt><trkpt lat="-39.3632568698" lon="-72.6180175692"><ele>104.80</ele><time>2024-09-15T01:06:30Z</time></trkpt><trkpt lat="-39.3632872123" lon="-72.6179578062"><ele>104.93</ele><time>2024-09-15T01:06:31Z</time></trkpt><trkpt lat="-39.3633191474" lon="-72.6179192495"><ele>104.87</ele><time>2024-09-15T01:06:32Z</time></trkpt><trkpt lat="-39.3633529264" lon="-72.6178879850"><ele>104.69</ele><time>2024-09-15T01:06:33Z</time></trkpt><trkpt lat="-39.3633882143" lon="-72.6178671978"><ele>104.78</ele><time>2024-09-15T01:06:34Z</time></trkpt><trkpt lat="-39.3634328898" lon="-72.6178557985"><ele>104.93</ele><time>2024-09-15T01:06:35Z</time></trkpt><trkpt lat="-39.3634843547" lon="-72.6178504340"><ele>105.11</ele><time>2024-09-15T01:06:36Z</time></trkpt><trkpt lat="-39.3635444529" lon="-72.6178521104"><ele>105.23</ele><time>2024-09-15T01:06:37Z</time></trkpt><trkpt lat="-39.3636094965" lon="-72.6178521942"><ele>105.26</ele><time>2024-09-15T01:06:38Z</time></trkpt><trkpt lat="-39.3640396558" lon="-72.6178511046"><ele>105.45</ele><time>2024-09-15T01:06:48Z</time></trkpt><trkpt lat="-39.3640733510" lon="-72.6178290602"><ele>105.41</ele><time>2024-09-15T01:06:54Z</time></trkpt><trkpt lat="-39.3640829064" lon="-72.6177994721"><ele>105.45</ele><time>2024-09-15T01:06:55Z</time></trkpt><trkpt lat="-39.3640857562" lon="-72.6177510247"><ele>105.53</ele><time>2024-09-15T01:06:56Z</time></trkpt><trkpt lat="-39.3640612811" lon="-72.6174532995"><ele>105.77</ele><time>2024-09-15T01:07:02Z</time></trkpt><trkpt lat="-39.3640327826" lon="-72.6174286567"><ele>105.75</ele><time>2024-09-15T01:07:03Z</time></trkpt><trkpt lat="-39.3639953993" lon="-72.6174147427"><ele>105.81</ele><time>2024-09-15T01:07:04Z</time></trkpt><trkpt lat="-39.3639430963" lon="-72.6174071990"><ele>105.75</ele><time>2024-09-15T01:07:05Z</time></trkpt><trkpt lat="-39.3638792261" lon="-72.6174071152"><ele>105.93</ele><time>2024-09-15T01:07:06Z</time></trkpt><trkpt lat="-39.3638092373" lon="-72.6174082048"><ele>105.93</ele><time>2024-09-15T01:07:07Z</time></trkpt><trkpt lat="-39.3635123502" lon="-72.6173544768"><ele>105.38</ele><time>2024-09-15T01:07:15Z</time></trkpt><trkpt lat="-39.3635096680" lon="-72.6173197757"><ele>105.34</ele><time>2024-09-15T01:07:16Z</time></trkpt><trkpt lat="-39.3635162059" lon="-72.6172774471"><ele>105.46</ele><time>2024-09-15T01:07:17Z</time></trkpt><trkpt lat="-39.3635317963" lon="-72.6172241382"><ele>105.43</ele><time>2024-09-15T01:07:18Z</time></trkpt><trkpt lat="-39.3635530863" lon="-72.6171596814"><ele>105.61</ele><time>2024-09-15T01:07:19Z</time></trkpt><trkpt lat="-39.3635801598" lon="-72.6171016786"><ele>105.70</ele><time>2024-09-15T01:07:20Z</time></trkpt><trkpt lat="-39.3636159506" lon="-72.6170485374"><ele>105.72</ele><time>2024-09-15T01:07:21Z</time></trkpt><trkpt lat="-39.3636626378" lon="-72.6170075499"><ele>105.65</ele><time>2024-09-15T01:07:22Z</time></trkpt><trkpt lat="-39.3637162820" lon="-72.6169855893"><ele>105.68</ele><time>2024-09-15T01:07:23Z</time></trkpt><trkpt lat="-39.3637713511" lon="-72.6169767044"><ele>105.82</ele><time>2024-09-15T01:07:24Z</time></trkpt><trkpt lat="-39.3638299406" lon="-72.6169739384"><ele>105.79</ele><time>2024-09-15T01:07:25Z</time></trkpt><trkpt lat="-39.3640005961" lon="-72.6169905346"><ele>105.91</ele><time>2024-09-15T01:07:28Z</time></trkpt><trkpt lat="-39.3640424218" lon="-72.6170128305"><ele>105.97</ele><time>2024-09-15T01:07:29Z</time></trkpt><trkpt lat="-39.3640694115" lon="-72.6170542371"><ele>106.10</ele><time>2024-09-15T01:07:30Z</time></trkpt><trkpt lat="-39.3640838284" lon="-72.6171050314"><ele>106.03</ele><time>2024-09-15T01:07:31Z</time></trkpt><trkpt lat="-39.3640880194" lon="-72.6171669737"><ele>106.08</ele><time>2024-09-15T01:07:32Z</time></trkpt><trkpt lat="-39.3640842475" lon="-72.6172435004"><ele>106.13</ele><time>2024-09-15T01:07:33Z</time></trkpt><trkpt lat="-39.3640780449" lon="-72.6173289120"><ele>106.04</ele><time>2024-09-15T01:07:34Z</time></trkpt><trkpt lat="-39.3640584312" lon="-72.6178074349"><ele>106.26</ele><time>2024-09-15T01:07:39Z</time></trkpt><trkpt lat="-39.3640260771" lon="-72.6194813848"><ele>105.88</ele><time>2024-09-15T01:07:55Z</time></trkpt><trkpt lat="-39.3639770430" lon="-72.6212335378"><ele>105.01</ele><time>2024-09-15T01:08:12Z</time></trkpt><trkpt lat="-39.3639564235" lon="-72.6214720029"><ele>104.68</ele><time>2024-09-15T01:08:15Z</time></trkpt><trkpt lat="-39.3639069702" lon="-72.6217973046"><ele>104.72</ele><time>2024-09-15T01:08:19Z</time></trkpt><trkpt lat="-39.3638679944" lon="-72.6233884413"><ele>104.16</ele><time>2024-09-15T01:08:35Z</time></trkpt><trkpt lat="-39.3638499733" lon="-72.6239542197"><ele>103.82</ele><time>2024-09-15T01:08:43Z</time></trkpt><trkpt lat="-39.3638524879" lon="-72.6240315009"><ele>103.65</ele><time>2024-09-15T01:08:44Z</time></trkpt><trkpt lat="-39.3638607021" lon="-72.6242067665"><ele>103.96</ele><time>2024-09-15T01:08:46Z</time></trkpt><trkpt lat="-39.3638666533" lon="-72.6245161425"><ele>105.19</ele><time>2024-09-15T01:08:50Z</time></trkpt><trkpt lat="-39.3638586905" lon="-72.6245612372"><ele>105.78</ele><time>2024-09-15T01:08:51Z</time></trkpt><trkpt lat="-39.3638497218" lon="-72.6245925855"><ele>105.84</ele><time>2024-09-15T01:08:52Z</time></trkpt><trkpt lat="-39.3638401665" lon="-72.6246127021"><ele>105.88</ele><time>2024-09-15T01:08:53Z</time></trkpt><trkpt lat="-39.3638377357" lon="-72.6246339083"><ele>105.83</ele><time>2024-09-15T01:08:54Z</time></trkpt><trkpt lat="-39.3638337962" lon="-72.6246640831"><ele>106.11</ele><time>2024-09-15T01:08:55Z</time></trkpt><trkpt lat="-39.3638325389" lon="-72.6247018855"><ele>106.15</ele><time>2024-09-15T01:08:56Z</time></trkpt><trkpt lat="-39.3638448603" lon="-72.6247478183"><ele>106.17</ele><time>2024-09-15T01:08:57Z</time></trkpt><trkpt lat="-39.3638710119" lon="-72.6248038933"><ele>106.21</ele><time>2024-09-15T01:08:58Z</time></trkpt><trkpt lat="-39.3639083114" lon="-72.6248611417"><ele>106.26</ele><time>2024-09-15T01:08:59Z</time></trkpt><trkpt lat="-39.3639486283" lon="-72.6249255147"><ele>106.22</ele><time>2024-09-15T01:09:00Z</time></trkpt><trkpt lat="-39.3641995825" lon="-72.6253086515"><ele>106.12</ele><time>2024-09-15T01:09:08Z</time></trkpt><trkpt lat="-39.3642187770" lon="-72.6253001019"><ele>106.02</ele><time>2024-09-15T01:09:09Z</time></trkpt><trkpt lat="-39.3642428331" lon="-72.6252788957"><ele>105.96</ele><time>2024-09-15T01:09:10Z</time></trkpt><trkpt lat="-39.3642621115" lon="-72.6252436917"><ele>105.87</ele><time>2024-09-15T01:09:11Z</time></trkpt><trkpt lat="-39.3642744329" lon="-72.6251975074"><ele>105.69</ele><time>2024-09-15T01:09:12Z</time></trkpt><trkpt lat="-39.3642828148" lon="-72.6251371577"><ele>105.41</ele><time>2024-09-15T01:09:13Z</time></trkpt><trkpt lat="-39.3642873410" lon="-72.6250565238"><ele>105.32</ele><time>2024-09-15T01:09:14Z</time></trkpt><trkpt lat="-39.3643370457" lon="-72.6238046028"><ele>105.67</ele><time>2024-09-15T01:09:27Z</time></trkpt><trkpt lat="-39.3643574975" lon="-72.6227327250"><ele>105.36</ele><time>2024-09-15T01:09:39Z</time></trkpt><trkpt lat="-39.3643708248" lon="-72.6214784570"><ele>105.43</ele><time>2024-09-15T01:09:51Z</time></trkpt><trkpt lat="-39.3643859960" lon="-72.6199175790"><ele>105.48</ele><time>2024-09-15T01:10:05Z</time></trkpt><trkpt lat="-39.3644073699" lon="-72.6182550285"><ele>105.11</ele><time>2024-09-15T01:10:20Z</time></trkpt><trkpt lat="-39.3644223735" lon="-72.6165397558"><ele>106.31</ele><time>2024-09-15T01:10:35Z</time></trkpt><trkpt lat="-39.3644095492" lon="-72.6151445881"><ele>109.36</ele><time>2024-09-15T01:10:48Z</time></trkpt><trkpt lat="-39.3644211162" lon="-72.6143870316"><ele>112.79</ele><time>2024-09-15T01:10:56Z</time></trkpt><trkpt lat="-39.3644274026" lon="-72.6142026298"><ele>113.54</ele><time>2024-09-15T01:10:58Z</time></trkpt><trkpt lat="-39.3645288236" lon="-72.6134987175"><ele>115.26</ele><time>2024-09-15T01:11:06Z</time></trkpt><trkpt lat="-39.3645721581" lon="-72.6129642036"><ele>118.81</ele><time>2024-09-15T01:11:12Z</time></trkpt><trkpt lat="-39.3645854853" lon="-72.6120152045"><ele>120.96</ele><time>2024-09-15T01:11:22Z</time></trkpt><trkpt lat="-39.3647485971" lon="-72.6117470674"><ele>121.49</ele><time>2024-09-15T01:11:27Z</time></trkpt><trkpt lat="-39.3654220831" lon="-72.6113828737"><ele>124.86</ele><time>2024-09-15T01:11:39Z</time></trkpt><trkpt lat="-39.3655232526" lon="-72.6115790941"><ele>125.53</ele><time>2024-09-15T01:11:44Z</time></trkpt><trkpt lat="-39.3654332310" lon="-72.6119178068"><ele>125.50</ele><time>2024-09-15T01:11:51Z</time></trkpt><trkpt lat="-39.3649666943" lon="-72.6122076530"><ele>121.42</ele><time>2024-09-15T01:12:01Z</time></trkpt><trkpt lat="-39.3649121281" lon="-72.6122377440"><ele>117.73</ele><time>2024-09-15T01:12:02Z</time></trkpt><trkpt lat="-39.3648578972" lon="-72.6122708526"><ele>119.23</ele><time>2024-09-15T01:12:03Z</time></trkpt><trkpt lat="-39.3648100365" lon="-72.6123052184"><ele>123.91</ele><time>2024-09-15T01:12:04Z</time></trkpt><trkpt lat="-39.3646942824" lon="-72.6123679150"><ele>121.37</ele><time>2024-09-15T01:12:07Z</time></trkpt><trkpt lat="-39.3646636046" lon="-72.6123756263"><ele>120.43</ele><time>2024-09-15T01:12:09Z</time></trkpt><trkpt lat="-39.3645927776" lon="-72.6125184540"><ele>119.98</ele><time>2024-09-15T01:12:14Z</time></trkpt><trkpt lat="-39.3645790312" lon="-72.6128112338"><ele>119.83</ele><time>2024-09-15T01:12:19Z</time></trkpt><trkpt lat="-39.3647841364" lon="-72.6128202863"><ele>120.73</ele><time>2024-09-15T01:12:25Z</time></trkpt><trkpt lat="-39.3652837817" lon="-72.6125171967"><ele>124.09</ele><time>2024-09-15T01:12:38Z</time></trkpt><trkpt lat="-39.3654564489" lon="-72.6124304440"><ele>125.32</ele><time>2024-09-15T01:12:44Z</time></trkpt><trkpt lat="-39.3654930778" lon="-72.6124886144"><ele>124.73</ele><time>2024-09-15T01:12:49Z</time></trkpt><trkpt lat="-39.3654801697" lon="-72.6128434204"><ele>122.98</ele><time>2024-09-15T01:12:56Z</time></trkpt><trkpt lat="-39.3650511000" lon="-72.6131009962"><ele>120.23</ele><time>2024-09-15T01:13:07Z</time></trkpt><trkpt lat="-39.3646439910" lon="-72.6133327559"><ele>117.22</ele><time>2024-09-15T01:13:18Z</time></trkpt><trkpt lat="-39.3645923585" lon="-72.6134040020"><ele>116.73</ele><time>2024-09-15T01:13:21Z</time></trkpt><trkpt lat="-39.3644947931" lon="-72.6136619970"><ele>115.57</ele><time>2024-09-15T01:13:25Z</time></trkpt><trkpt lat="-39.3646044284" lon="-72.6138681080"><ele>114.65</ele><time>2024-09-15T01:13:31Z</time></trkpt><trkpt lat="-39.3646607548" lon="-72.6138509251"><ele>115.09</ele><time>2024-09-15T01:13:32Z</time></trkpt><trkpt lat="-39.3651704583" lon="-72.6135824528"><ele>119.51</ele><time>2024-09-15T01:13:39Z</time></trkpt><trkpt lat="-39.3656274397" lon="-72.6133215241"><ele>122.52</ele><time>2024-09-15T01:13:46Z</time></trkpt><trkpt lat="-39.3656887114" lon="-72.6132861525"><ele>122.45</ele><time>2024-09-15T01:13:47Z</time></trkpt><trkpt lat="-39.3659315351" lon="-72.6128202025"><ele>125.03</ele><time>2024-09-15T01:13:54Z</time></trkpt><trkpt lat="-39.3659394979" lon="-72.6118958462"><ele>124.23</ele><time>2024-09-15T01:14:06Z</time></trkpt><trkpt lat="-39.3660026975" lon="-72.6118457224"><ele>123.15</ele><time>2024-09-15T01:14:10Z</time></trkpt><trkpt lat="-39.3660346325" lon="-72.6118618995"><ele>123.09</ele><time>2024-09-15T01:14:11Z</time></trkpt><trkpt lat="-39.3660767097" lon="-72.6119012106"><ele>122.53</ele><time>2024-09-15T01:14:12Z</time></trkpt><trkpt lat="-39.3661293481" lon="-72.6119587105"><ele>122.26</ele><time>2024-09-15T01:14:13Z</time></trkpt><trkpt lat="-39.3665874191" lon="-72.6123695076"><ele>118.88</ele><time>2024-09-15T01:14:20Z</time></trkpt><trkpt lat="-39.3668567296" lon="-72.6125540771"><ele>117.17</ele><time>2024-09-15T01:14:24Z</time></trkpt><trkpt lat="-39.3672503438" lon="-72.6127751078"><ele>113.93</ele><time>2024-09-15T01:14:31Z</time></trkpt><trkpt lat="-39.3673431315" lon="-72.6128417440"><ele>113.03</ele><time>2024-09-15T01:14:33Z</time></trkpt><trkpt lat="-39.3674995378" lon="-72.6129886787"><ele>115.23</ele><time>2024-09-15T01:14:42Z</time></trkpt><trkpt lat="-39.3674975261" lon="-72.6129882596"><ele>115.50</ele><time>2024-09-15T01:14:43Z</time></trkpt><trkpt lat="-39.3674818520" lon="-72.6129832305"><ele>111.38</ele><time>2024-09-15T01:15:05Z</time></trkpt><trkpt lat="-39.3675046507" lon="-72.6129982341"><ele>111.22</ele><time>2024-09-15T01:15:06Z</time></trkpt><trkpt lat="-39.3676178902" lon="-72.6130772755"><ele>110.92</ele><time>2024-09-15T01:15:09Z</time></trkpt><trkpt lat="-39.3679187167" lon="-72.6133157406"><ele>109.95</ele><time>2024-09-15T01:15:15Z</time></trkpt><trkpt lat="-39.3679400906" lon="-72.6133532915"><ele>109.77</ele><time>2024-09-15T01:15:16Z</time></trkpt><trkpt lat="-39.3679462932" lon="-72.6133921836"><ele>109.62</ele><time>2024-09-15T01:15:17Z</time></trkpt><trkpt lat="-39.3679374922" lon="-72.6134349313"><ele>109.23</ele><time>2024-09-15T01:15:18Z</time></trkpt><trkpt lat="-39.3679145258" lon="-72.6134771761"><ele>108.99</ele><time>2024-09-15T01:15:19Z</time></trkpt><trkpt lat="-39.3678768910" lon="-72.6135168225"><ele>108.82</ele><time>2024-09-15T01:15:20Z</time></trkpt><trkpt lat="-39.3678331375" lon="-72.6135567203"><ele>108.54</ele><time>2024-09-15T01:15:21Z</time></trkpt><trkpt lat="-39.3677061517" lon="-72.6136707980"><ele>108.11</ele><time>2024-09-15T01:15:24Z</time></trkpt><trkpt lat="-39.3676780723" lon="-72.6137034036"><ele>107.88</ele><time>2024-09-15T01:15:25Z</time></trkpt><trkpt lat="-39.3676632363" lon="-72.6137333270"><ele>107.73</ele><time>2024-09-15T01:15:26Z</time></trkpt><trkpt lat="-39.3676578719" lon="-72.6137627475"><ele>107.52</ele><time>2024-09-15T01:15:27Z</time></trkpt><trkpt lat="-39.3676613923" lon="-72.6137946825"><ele>107.31</ele><time>2024-09-15T01:15:28Z</time></trkpt><trkpt lat="-39.3676753901" lon="-72.6138266176"><ele>107.34</ele><time>2024-09-15T01:15:29Z</time></trkpt><trkpt lat="-39.3676956743" lon="-72.6138599776"><ele>107.14</ele><time>2024-09-15T01:15:30Z</time></trkpt><trkpt lat="-39.3677196465" lon="-72.6138987858"><ele>107.36</ele><time>2024-09-15T01:15:31Z</time></trkpt><trkpt lat="-39.3679688405" lon="-72.6143909711"><ele>107.77</ele><time>2024-09-15T01:15:43Z</time></trkpt><trkpt lat="-39.3679596204" lon="-72.6144232415"><ele>107.72</ele><time>2024-09-15T01:15:44Z</time></trkpt><trkpt lat="-39.3679374922" lon="-72.6144603733"><ele>107.70</ele><time>2024-09-15T01:15:45Z</time></trkpt><trkpt lat="-39.3679011986" lon="-72.6145002712"><ele>107.74</ele><time>2024-09-15T01:15:46Z</time></trkpt><trkpt lat="-39.3678558525" lon="-72.6145446952"><ele>107.72</ele><time>2024-09-15T01:15:47Z</time></trkpt><trkpt lat="-39.3677685969" lon="-72.6146277599"><ele>107.77</ele><time>2024-09-15T01:15:49Z</time></trkpt><trkpt lat="-39.3677339796" lon="-72.6146459486"><ele>107.75</ele><time>2024-09-15T01:15:50Z</time></trkpt><trkpt lat="-39.3677080795" lon="-72.6146465354"><ele>107.63</ele><time>2024-09-15T01:15:51Z</time></trkpt><trkpt lat="-39.3676862027" lon="-72.6146328729"><ele>107.69</ele><time>2024-09-15T01:15:52Z</time></trkpt><trkpt lat="-39.3676649965" lon="-72.6146088168"><ele>107.67</ele><time>2024-09-15T01:15:53Z</time></trkpt><trkpt lat="-39.3676431198" lon="-72.6145738643"><ele>107.64</ele><time>2024-09-15T01:15:54Z</time></trkpt><trkpt lat="-39.3676192313" lon="-72.6145322900"><ele>107.65</ele><time>2024-09-15T01:15:55Z</time></trkpt><trkpt lat="-39.3673712946" lon="-72.6140577905"><ele>107.42</ele><time>2024-09-15T01:16:06Z</time></trkpt><trkpt lat="-39.3673562910" lon="-72.6140466426"><ele>107.33</ele><time>2024-09-15T01:16:07Z</time></trkpt><trkpt lat="-39.3673346657" lon="-72.6140416972"><ele>107.44</ele><time>2024-09-15T01:16:08Z</time></trkpt><trkpt lat="-39.3673063349" lon="-72.6140428707"><ele>107.38</ele><time>2024-09-15T01:16:09Z</time></trkpt><trkpt lat="-39.3672758248" lon="-72.6140519232"><ele>107.58</ele><time>2024-09-15T01:16:10Z</time></trkpt><trkpt lat="-39.3672418781" lon="-72.6140762307"><ele>107.61</ele><time>2024-09-15T01:16:11Z</time></trkpt><trkpt lat="-39.3672017287" lon="-72.6141110156"><ele>107.71</ele><time>2024-09-15T01:16:12Z</time></trkpt><trkpt lat="-39.3667236250" lon="-72.6145109162"><ele>109.36</ele><time>2024-09-15T01:16:23Z</time></trkpt><trkpt lat="-39.3666126486" lon="-72.6146076433"><ele>109.79</ele><time>2024-09-15T01:16:27Z</time></trkpt><trkpt lat="-39.3666094635" lon="-72.6146445237"><ele>109.82</ele><time>2024-09-15T01:16:28Z</time></trkpt><trkpt lat="-39.3666223716" lon="-72.6146902889"><ele>109.89</ele><time>2024-09-15T01:16:29Z</time></trkpt><trkpt lat="-39.3666443322" lon="-72.6147384010"><ele>109.93</ele><time>2024-09-15T01:16:30Z</time></trkpt><trkpt lat="-39.3666736688" lon="-72.6147966553"><ele>109.87</ele><time>2024-09-15T01:16:31Z</time></trkpt><trkpt lat="-39.3669290654" lon="-72.6152989827"><ele>107.96</ele><time>2024-09-15T01:16:41Z</time></trkpt><trkpt lat="-39.3668801151" lon="-72.6154242083"><ele>107.36</ele><time>2024-09-15T01:16:45Z</time></trkpt><trkpt lat="-39.3668416422" lon="-72.6154654473"><ele>107.41</ele><time>2024-09-15T01:16:46Z</time></trkpt><trkpt lat="-39.3666707352" lon="-72.6156194229"><ele>107.48</ele><time>2024-09-15T01:16:50Z</time></trkpt><trkpt lat="-39.3666424043" lon="-72.6156200934"><ele>107.40</ele><time>2024-09-15T01:16:51Z</time></trkpt><trkpt lat="-39.3666172586" lon="-72.6156031620"><ele>107.46</ele><time>2024-09-15T01:16:52Z</time></trkpt><trkpt lat="-39.3665950466" lon="-72.6155706402"><ele>107.72</ele><time>2024-09-15T01:16:53Z</time></trkpt><trkpt lat="-39.3665693980" lon="-72.6155267190"><ele>108.03</ele><time>2024-09-15T01:16:54Z</time></trkpt><trkpt lat="-39.3662675656" lon="-72.6149592642"><ele>111.34</ele><time>2024-09-15T01:17:02Z</time></trkpt><trkpt lat="-39.3660628796" lon="-72.6145856827"><ele>114.16</ele><time>2024-09-15T01:17:08Z</time></trkpt><trkpt lat="-39.3659396656" lon="-72.6144127641"><ele>114.54</ele><time>2024-09-15T01:17:15Z</time></trkpt><trkpt lat="-39.3657138571" lon="-72.6140030567"><ele>117.09</ele><time>2024-09-15T01:17:21Z</time></trkpt><trkpt lat="-39.3655658327" lon="-72.6138008013"><ele>117.99</ele><time>2024-09-15T01:17:28Z</time></trkpt><trkpt lat="-39.3655297905" lon="-72.6138148829"><ele>118.06</ele><time>2024-09-15T01:17:29Z</time></trkpt><trkpt lat="-39.3654866237" lon="-72.6138431299"><ele>118.00</ele><time>2024-09-15T01:17:30Z</time></trkpt><trkpt lat="-39.3654416129" lon="-72.6138815191"><ele>118.08</ele><time>2024-09-15T01:17:31Z</time></trkpt><trkpt lat="-39.3654000387" lon="-72.6139196567"><ele>118.09</ele><time>2024-09-15T01:17:32Z</time></trkpt><trkpt lat="-39.3653341569" lon="-72.6140110195"><ele>117.75</ele><time>2024-09-15T01:17:35Z</time></trkpt><trkpt lat="-39.3653346598" lon="-72.6140413620"><ele>117.71</ele><time>2024-09-15T01:17:36Z</time></trkpt><trkpt lat="-39.3653420359" lon="-72.6140737161"><ele>117.63</ele><time>2024-09-15T01:17:37Z</time></trkpt><trkpt lat="-39.3653567042" lon="-72.6141053997"><ele>117.60</ele><time>2024-09-15T01:17:38Z</time></trkpt><trkpt lat="-39.3653735518" lon="-72.6141401008"><ele>117.65</ele><time>2024-09-15T01:17:39Z</time></trkpt><trkpt lat="-39.3655114342" lon="-72.6144022029"><ele>116.86</ele><time>2024-09-15T01:17:44Z</time></trkpt><trkpt lat="-39.3655404355" lon="-72.6144569367"><ele>116.63</ele><time>2024-09-15T01:17:45Z</time></trkpt><trkpt lat="-39.3657181319" lon="-72.6147548296"><ele>114.62</ele><time>2024-09-15T01:17:54Z</time></trkpt><trkpt lat="-39.3659502268" lon="-72.6151654590"><ele>111.95</ele><time>2024-09-15T01:18:04Z</time></trkpt><trkpt lat="-39.3660801463" lon="-72.6153819636"><ele>110.68</ele><time>2024-09-15T01:18:14Z</time></trkpt><trkpt lat="-39.3661363050" lon="-72.6154657826"><ele>110.50</ele><time>2024-09-15T01:18:16Z</time></trkpt><trkpt lat="-39.3663422484" lon="-72.6158738974"><ele>107.85</ele><time>2024-09-15T01:18:26Z</time></trkpt><trkpt lat="-39.3663372193" lon="-72.6159043238"><ele>107.64</ele><time>2024-09-15T01:18:27Z</time></trkpt><trkpt lat="-39.3663197849" lon="-72.6159391925"><ele>107.63</ele><time>2024-09-15T01:18:28Z</time></trkpt><trkpt lat="-39.3662874307" lon="-72.6159785036"><ele>107.62</ele><time>2024-09-15T01:18:29Z</time></trkpt><trkpt lat="-39.3661074713" lon="-72.6161307190"><ele>107.57</ele><time>2024-09-15T01:18:34Z</time></trkpt><trkpt lat="-39.3660840020" lon="-72.6161189843"><ele>107.50</ele><time>2024-09-15T01:18:35Z</time></trkpt><trkpt lat="-39.3660591915" lon="-72.6160915755"><ele>107.87</ele><time>2024-09-15T01:18:36Z</time></trkpt><trkpt lat="-39.3660359737" lon="-72.6160504203"><ele>108.11</ele><time>2024-09-15T01:18:37Z</time></trkpt><trkpt lat="-39.3660109956" lon="-72.6159996260"><ele>108.31</ele><time>2024-09-15T01:18:38Z</time></trkpt><trkpt lat="-39.3658773042" lon="-72.6158508472"><ele>109.11</ele><time>2024-09-15T01:18:43Z</time></trkpt><trkpt lat="-39.3658436090" lon="-72.6158675272"><ele>109.19</ele><time>2024-09-15T01:18:44Z</time></trkpt><trkpt lat="-39.3658077344" lon="-72.6158950198"><ele>109.10</ele><time>2024-09-15T01:18:45Z</time></trkpt><trkpt lat="-39.3656168785" lon="-72.6161269471"><ele>108.73</ele><time>2024-09-15T01:18:52Z</time></trkpt><trkpt lat="-39.3656302895" lon="-72.6161657553"><ele>108.60</ele><time>2024-09-15T01:18:53Z</time></trkpt><trkpt lat="-39.3656484783" lon="-72.6162028871"><ele>108.55</ele><time>2024-09-15T01:18:54Z</time></trkpt><trkpt lat="-39.3656712770" lon="-72.6162433717"><ele>108.45</ele><time>2024-09-15T01:18:55Z</time></trkpt><trkpt lat="-39.3656960875" lon="-72.6162892208"><ele>108.39</ele><time>2024-09-15T01:18:56Z</time></trkpt><trkpt lat="-39.3657430261" lon="-72.6164739579"><ele>107.82</ele><time>2024-09-15T01:19:01Z</time></trkpt><trkpt lat="-39.3657220714" lon="-72.6165129337"><ele>107.52</ele><time>2024-09-15T01:19:02Z</time></trkpt><trkpt lat="-39.3656868674" lon="-72.6165525801"><ele>107.27</ele><time>2024-09-15T01:19:03Z</time></trkpt><trkpt lat="-39.3654794153" lon="-72.6166820806"><ele>107.71</ele><time>2024-09-15T01:19:09Z</time></trkpt><trkpt lat="-39.3654572032" lon="-72.6166555099"><ele>107.81</ele><time>2024-09-15T01:19:10Z</time></trkpt><trkpt lat="-39.3654336501" lon="-72.6166162826"><ele>107.78</ele><time>2024-09-15T01:19:11Z</time></trkpt><trkpt lat="-39.3651044928" lon="-72.6160191558"><ele>109.16</ele><time>2024-09-15T01:19:22Z</time></trkpt><trkpt lat="-39.3651028164" lon="-72.6159899030"><ele>109.26</ele><time>2024-09-15T01:19:23Z</time></trkpt><trkpt lat="-39.3651122879" lon="-72.6159588899"><ele>109.36</ele><time>2024-09-15T01:19:24Z</time></trkpt><trkpt lat="-39.3651315663" lon="-72.6159267873"><ele>109.43</ele><time>2024-09-15T01:19:25Z</time></trkpt><trkpt lat="-39.3651584722" lon="-72.6158950198"><ele>109.51</ele><time>2024-09-15T01:19:26Z</time></trkpt><trkpt lat="-39.3651916645" lon="-72.6158591453"><ele>109.62</ele><time>2024-09-15T01:19:27Z</time></trkpt><trkpt lat="-39.3657312915" lon="-72.6153754257"><ele>110.79</ele><time>2024-09-15T01:19:39Z</time></trkpt><trkpt lat="-39.3659377377" lon="-72.6151766907"><ele>112.14</ele><time>2024-09-15T01:19:46Z</time></trkpt><trkpt lat="-39.3659378216" lon="-72.6151501201"><ele>112.38</ele><time>2024-09-15T01:19:47Z</time></trkpt><trkpt lat="-39.3659290206" lon="-72.6151182689"><ele>112.39</ele><time>2024-09-15T01:19:48Z</time></trkpt><trkpt lat="-39.3659150228" lon="-72.6150896028"><ele>112.87</ele><time>2024-09-15T01:19:49Z</time></trkpt><trkpt lat="-39.3658992648" lon="-72.6150663849"><ele>113.14</ele><time>2024-09-15T01:19:50Z</time></trkpt><trkpt lat="-39.3658842612" lon="-72.6150450949"><ele>113.29</ele><time>2024-09-15T01:19:51Z</time></trkpt><trkpt lat="-39.3657325488" lon="-72.6148055401"><ele>115.47</ele><time>2024-09-15T01:20:01Z</time></trkpt><trkpt lat="-39.3656969257" lon="-72.6148130838"><ele>115.46</ele><time>2024-09-15T01:20:02Z</time></trkpt><trkpt lat="-39.3656535912" lon="-72.6148393191"><ele>115.46</ele><time>2024-09-15T01:20:03Z</time></trkpt><trkpt lat="-39.3656076584" lon="-72.6148793008"><ele>115.62</ele><time>2024-09-15T01:20:04Z</time></trkpt><trkpt lat="-39.3655660003" lon="-72.6149231382"><ele>115.68</ele><time>2024-09-15T01:20:05Z</time></trkpt><trkpt lat="-39.3654518388" lon="-72.6150139142"><ele>115.60</ele><time>2024-09-15T01:20:09Z</time></trkpt><trkpt lat="-39.3654255196" lon="-72.6150029339"><ele>115.50</ele><time>2024-09-15T01:20:10Z</time></trkpt><trkpt lat="-39.3654002063" lon="-72.6149727590"><ele>115.58</ele><time>2024-09-15T01:20:11Z</time></trkpt><trkpt lat="-39.3653719593" lon="-72.6149255689"><ele>115.81</ele><time>2024-09-15T01:20:12Z</time></trkpt><trkpt lat="-39.3653422035" lon="-72.6148698293"><ele>115.93</ele><time>2024-09-15T01:20:13Z</time></trkpt><trkpt lat="-39.3653084245" lon="-72.6148127485"><ele>116.13</ele><time>2024-09-15T01:20:14Z</time></trkpt><trkpt lat="-39.3650249485" lon="-72.6143579464"><ele>117.99</ele><time>2024-09-15T01:20:25Z</time></trkpt><trkpt lat="-39.3649289757" lon="-72.6143706869"><ele>117.85</ele><time>2024-09-15T01:20:28Z</time></trkpt><trkpt lat="-39.3645056058" lon="-72.6147088967"><ele>114.56</ele><time>2024-09-15T01:20:37Z</time></trkpt><trkpt lat="-39.3644180987" lon="-72.6148447674"><ele>113.79</ele><time>2024-09-15T01:20:41Z</time></trkpt><trkpt lat="-39.3644022569" lon="-72.6149028540"><ele>113.81</ele><time>2024-09-15T01:20:42Z</time></trkpt><trkpt lat="-39.3643932045" lon="-72.6149703283"><ele>113.58</ele><time>2024-09-15T01:20:43Z</time></trkpt><trkpt lat="-39.3643947970" lon="-72.6153040957"><ele>111.58</ele><time>2024-09-15T01:20:52Z</time></trkpt><trkpt lat="-39.3644044362" lon="-72.6153242961"><ele>111.51</ele><time>2024-09-15T01:20:53Z</time></trkpt><trkpt lat="-39.3644276541" lon="-72.6153384615"><ele>111.60</ele><time>2024-09-15T01:20:54Z</time></trkpt><trkpt lat="-39.3644583318" lon="-72.6153416466"><ele>111.44</ele><time>2024-09-15T01:20:55Z</time></trkpt><trkpt lat="-39.3644912727" lon="-72.6153306663"><ele>111.72</ele><time>2024-09-15T01:20:56Z</time></trkpt><trkpt lat="-39.3645290751" lon="-72.6153069455"><ele>111.87</ele><time>2024-09-15T01:20:57Z</time></trkpt><trkpt lat="-39.3645701464" lon="-72.6152714062"><ele>112.24</ele><time>2024-09-15T01:20:58Z</time></trkpt><trkpt lat="-39.3646159116" lon="-72.6152337715"><ele>112.61</ele><time>2024-09-15T01:20:59Z</time></trkpt><trkpt lat="-39.3646641914" lon="-72.6151911914"><ele>113.01</ele><time>2024-09-15T01:21:00Z</time></trkpt><trkpt lat="-39.3647145666" lon="-72.6151485275"><ele>113.29</ele><time>2024-09-15T01:21:01Z</time></trkpt><trkpt lat="-39.3649500981" lon="-72.6149577554"><ele>115.10</ele><time>2024-09-15T01:21:08Z</time></trkpt><trkpt lat="-39.3649752438" lon="-72.6149740163"><ele>115.15</ele><time>2024-09-15T01:21:09Z</time></trkpt><trkpt lat="-39.3650042452" lon="-72.6150036044"><ele>115.17</ele><time>2024-09-15T01:21:10Z</time></trkpt><trkpt lat="-39.3650321569" lon="-72.6150426641"><ele>115.02</ele><time>2024-09-15T01:21:11Z</time></trkpt><trkpt lat="-39.3650586437" lon="-72.6150916144"><ele>114.83</ele><time>2024-09-15T01:21:12Z</time></trkpt><trkpt lat="-39.3651236873" lon="-72.6153237931"><ele>113.60</ele><time>2024-09-15T01:21:19Z</time></trkpt><trkpt lat="-39.3650977872" lon="-72.6153641101"><ele>113.33</ele><time>2024-09-15T01:21:20Z</time></trkpt><trkpt lat="-39.3650548719" lon="-72.6154114679"><ele>113.12</ele><time>2024-09-15T01:21:21Z</time></trkpt><trkpt lat="-39.3646369502" lon="-72.6158220973"><ele>111.05</ele><time>2024-09-15T01:21:30Z</time></trkpt><trkpt lat="-39.3646270595" lon="-72.6158609055"><ele>111.06</ele><time>2024-09-15T01:21:31Z</time></trkpt><trkpt lat="-39.3646309152" lon="-72.6159090176"><ele>111.06</ele><time>2024-09-15T01:21:32Z</time></trkpt><trkpt lat="-39.3646433204" lon="-72.6159560401"><ele>111.23</ele><time>2024-09-15T01:21:33Z</time></trkpt><trkpt lat="-39.3646630179" lon="-72.6160070859"><ele>111.05</ele><time>2024-09-15T01:21:34Z</time></trkpt><trkpt lat="-39.3646894209" lon="-72.6160632446"><ele>110.98</ele><time>2024-09-15T01:21:35Z</time></trkpt><trkpt lat="-39.3647232838" lon="-72.6161271147"><ele>110.73</ele><time>2024-09-15T01:21:36Z</time></trkpt><trkpt lat="-39.3651572987" lon="-72.6169688255"><ele>108.54</ele><time>2024-09-15T01:21:51Z</time></trkpt><trkpt lat="-39.3651510123" lon="-72.6170094777"><ele>108.65</ele><time>2024-09-15T01:21:52Z</time></trkpt><trkpt lat="-39.3651282974" lon="-72.6170565840"><ele>108.58</ele><time>2024-09-15T01:21:53Z</time></trkpt><trkpt lat="-39.3650874775" lon="-72.6171078812"><ele>108.60</ele><time>2024-09-15T01:21:54Z</time></trkpt><trkpt lat="-39.3650372699" lon="-72.6171582565"><ele>108.68</ele><time>2024-09-15T01:21:55Z</time></trkpt><trkpt lat="-39.3649853021" lon="-72.6172096375"><ele>108.71</ele><time>2024-09-15T01:21:56Z</time></trkpt><trkpt lat="-39.3644930329" lon="-72.6176307444"><ele>108.33</ele><time>2024-09-15T01:22:06Z</time></trkpt><trkpt lat="-39.3644001614" lon="-72.6177670341"><ele>108.27</ele><time>2024-09-15T01:22:11Z</time></trkpt><trkpt lat="-39.3643928692" lon="-72.6178377774"><ele>108.40</ele><time>2024-09-15T01:22:12Z</time></trkpt><trkpt lat="-39.3643704895" lon="-72.6185634825"><ele>108.63</ele><time>2024-09-15T01:22:20Z</time></trkpt><trkpt lat="-39.3643925339" lon="-72.6187097467"><ele>108.41</ele><time>2024-09-15T01:22:23Z</time></trkpt><trkpt lat="-39.3644167576" lon="-72.6187335514"><ele>108.31</ele><time>2024-09-15T01:22:24Z</time></trkpt><trkpt lat="-39.3644477706" lon="-72.6187420171"><ele>108.31</ele><time>2024-09-15T01:22:25Z</time></trkpt><trkpt lat="-39.3644803762" lon="-72.6187322102"><ele>108.33</ele><time>2024-09-15T01:22:26Z</time></trkpt><trkpt lat="-39.3645165861" lon="-72.6187048014"><ele>108.37</ele><time>2024-09-15T01:22:27Z</time></trkpt><trkpt lat="-39.3645548075" lon="-72.6186693460"><ele>108.53</ele><time>2024-09-15T01:22:28Z</time></trkpt><trkpt lat="-39.3645947892" lon="-72.6186295319"><ele>108.67</ele><time>2024-09-15T01:22:29Z</time></trkpt><trkpt lat="-39.3652893975" lon="-72.6179636735"><ele>109.38</ele><time>2024-09-15T01:22:43Z</time></trkpt><trkpt lat="-39.3655885477" lon="-72.6177055109"><ele>108.93</ele><time>2024-09-15T01:22:53Z</time></trkpt><trkpt lat="-39.3659729417" lon="-72.6173678879"><ele>109.51</ele><time>2024-09-15T01:23:02Z</time></trkpt><trkpt lat="-39.3664186075" lon="-72.6169585157"><ele>109.73</ele><time>2024-09-15T01:23:14Z</time></trkpt><trkpt lat="-39.3667121418" lon="-72.6167168655"><ele>109.90</ele><time>2024-09-15T01:23:24Z</time></trkpt><trkpt lat="-39.3674515095" lon="-72.6160722133"><ele>110.98</ele><time>2024-09-15T01:23:39Z</time></trkpt><trkpt lat="-39.3679689243" lon="-72.6155760884"><ele>110.66</ele><time>2024-09-15T01:23:51Z</time></trkpt><trkpt lat="-39.3679653201" lon="-72.6155389566"><ele>110.72</ele><time>2024-09-15T01:23:52Z</time></trkpt><trkpt lat="-39.3679471314" lon="-72.6154936943"><ele>110.73</ele><time>2024-09-15T01:23:53Z</time></trkpt><trkpt lat="-39.3676409405" lon="-72.6149450988"><ele>110.79</ele><time>2024-09-15T01:24:02Z</time></trkpt><trkpt lat="-39.3676104303" lon="-72.6148316078"><ele>110.47</ele><time>2024-09-15T01:24:05Z</time></trkpt><trkpt lat="-39.3676256854" lon="-72.6147860941"><ele>110.58</ele><time>2024-09-15T01:24:06Z</time></trkpt><trkpt lat="-39.3676584587" lon="-72.6147395745"><ele>110.72</ele><time>2024-09-15T01:24:07Z</time></trkpt><trkpt lat="-39.3677061517" lon="-72.6146891154"><ele>110.76</ele><time>2024-09-15T01:24:08Z</time></trkpt><trkpt lat="-39.3677659985" lon="-72.6146280114"><ele>111.02</ele><time>2024-09-15T01:24:09Z</time></trkpt><trkpt lat="-39.3683655560" lon="-72.6140926592"><ele>111.71</ele><time>2024-09-15T01:24:19Z</time></trkpt><trkpt lat="-39.3684089743" lon="-72.6140562817"><ele>111.78</ele><time>2024-09-15T01:24:20Z</time></trkpt><trkpt lat="-39.3685512990" lon="-72.6138824411"><ele>112.04</ele><time>2024-09-15T01:24:27Z</time></trkpt><trkpt lat="-39.3689163309" lon="-72.6134629268"><ele>111.87</ele><time>2024-09-15T01:24:41Z</time></trkpt><trkpt lat="-39.3690195121" lon="-72.6132712327"><ele>111.44</ele><time>2024-09-15T01:24:47Z</time></trkpt><trkpt lat="-39.3690063525" lon="-72.6132275630"><ele>111.54</ele><time>2024-09-15T01:24:48Z</time></trkpt><trkpt lat="-39.3689859007" lon="-72.6131845638"><ele>111.49</ele><time>2024-09-15T01:24:49Z</time></trkpt><trkpt lat="-39.3688672129" lon="-72.6130082924"><ele>111.30</ele><time>2024-09-15T01:24:55Z</time></trkpt><trkpt lat="-39.3688481860" lon="-72.6130061131"><ele>111.35</ele><time>2024-09-15T01:24:56Z</time></trkpt><trkpt lat="-39.3688288238" lon="-72.6130147465"><ele>111.39</ele><time>2024-09-15T01:24:57Z</time></trkpt><trkpt lat="-39.3686938751" lon="-72.6131457556"><ele>111.82</ele><time>2024-09-15T01:25:02Z</time></trkpt><trkpt lat="-39.3686608505" lon="-72.6131741703"><ele>111.87</ele><time>2024-09-15T01:25:03Z</time></trkpt><trkpt lat="-39.3685623631" lon="-72.6132686343"><ele>112.08</ele><time>2024-09-15T01:25:06Z</time></trkpt><trkpt lat="-39.3684039451" lon="-72.6134713087"><ele>112.39</ele><time>2024-09-15T01:25:16Z</time></trkpt><trkpt lat="-39.3682814855" lon="-72.6135614142"><ele>112.87</ele><time>2024-09-15T01:25:23Z</time></trkpt><trkpt lat="-39.3682504725" lon="-72.6135506853"><ele>112.86</ele><time>2024-09-15T01:25:24Z</time></trkpt><trkpt lat="-39.3682181183" lon="-72.6135297306"><ele>113.10</ele><time>2024-09-15T01:25:25Z</time></trkpt><trkpt lat="-39.3681807350" lon="-72.6134981308"><ele>113.08</ele><time>2024-09-15T01:25:26Z</time></trkpt><trkpt lat="-39.3681375682" lon="-72.6134575624"><ele>113.19</ele><time>2024-09-15T01:25:27Z</time></trkpt><trkpt lat="-39.3680994306" lon="-72.6134167425"><ele>113.34</ele><time>2024-09-15T01:25:28Z</time></trkpt><trkpt lat="-39.3680756260" lon="-72.6133806165"><ele>113.32</ele><time>2024-09-15T01:25:29Z</time></trkpt><trkpt lat="-39.3680647295" lon="-72.6133501064"><ele>113.20</ele><time>2024-09-15T01:25:30Z</time></trkpt><trkpt lat="-39.3680673279" lon="-72.6133225299"><ele>113.19</ele><time>2024-09-15T01:25:31Z</time></trkpt><trkpt lat="-39.3680817448" lon="-72.6132947858"><ele>113.10</ele><time>2024-09-15T01:25:32Z</time></trkpt><trkpt lat="-39.3681052979" lon="-72.6132641081"><ele>113.00</ele><time>2024-09-15T01:25:33Z</time></trkpt><trkpt lat="-39.3681381550" lon="-72.6132274792"><ele>112.99</ele><time>2024-09-15T01:25:34Z</time></trkpt><trkpt lat="-39.3685092218" lon="-72.6128331944"><ele>111.86</ele><time>2024-09-15T01:25:46Z</time></trkpt><trkpt lat="-39.3687513750" lon="-72.6125648897"><ele>111.76</ele><time>2024-09-15T01:25:58Z</time></trkpt><trkpt lat="-39.3688082043" lon="-72.6124973316"><ele>111.73</ele><time>2024-09-15T01:26:05Z</time></trkpt><trkpt lat="-39.3688273989" lon="-72.6124426816"><ele>111.82</ele><time>2024-09-15T01:26:07Z</time></trkpt><trkpt lat="-39.3688310031" lon="-72.6124045439"><ele>111.80</ele><time>2024-09-15T01:26:08Z</time></trkpt><trkpt lat="-39.3688145746" lon="-72.6121016219"><ele>111.69</ele><time>2024-09-15T01:26:14Z</time></trkpt><trkpt lat="-39.3687978107" lon="-72.6120810024"><ele>111.59</ele><time>2024-09-15T01:26:15Z</time></trkpt><trkpt lat="-39.3687779456" lon="-72.6120708603"><ele>111.70</ele><time>2024-09-15T01:26:16Z</time></trkpt><trkpt lat="-39.3687548954" lon="-72.6120754704"><ele>111.62</ele><time>2024-09-15T01:26:17Z</time></trkpt><trkpt lat="-39.3687312584" lon="-72.6120952517"><ele>111.70</ele><time>2024-09-15T01:26:18Z</time></trkpt><trkpt lat="-39.3687073700" lon="-72.6121239178"><ele>111.70</ele><time>2024-09-15T01:26:19Z</time></trkpt><trkpt lat="-39.3686789554" lon="-72.6121555176"><ele>111.78</ele><time>2024-09-15T01:26:20Z</time></trkpt><trkpt lat="-39.3686460145" lon="-72.6121907216"><ele>111.78</ele><time>2024-09-15T01:26:21Z</time></trkpt><trkpt lat="-39.3680925574" lon="-72.6128019299"><ele>112.98</ele><time>2024-09-15T01:26:33Z</time></trkpt><trkpt lat="-39.3678152841" lon="-72.6131219510"><ele>114.21</ele><time>2024-09-15T01:26:43Z</time></trkpt><trkpt lat="-39.3676911481" lon="-72.6130940393"><ele>114.86</ele><time>2024-09-15T01:26:47Z</time></trkpt><trkpt lat="-39.3672206718" lon="-72.6127635408"><ele>117.86</ele><time>2024-09-15T01:26:56Z</time></trkpt><trkpt lat="-39.3671322428" lon="-72.6127061248"><ele>118.39</ele><time>2024-09-15T01:26:58Z</time></trkpt><trkpt lat="-39.3670965359" lon="-72.6126995869"><ele>118.65</ele><time>2024-09-15T01:26:59Z</time></trkpt><trkpt lat="-39.3670675345" lon="-72.6127045322"><ele>118.98</ele><time>2024-09-15T01:27:00Z</time></trkpt><trkpt lat="-39.3670431431" lon="-72.6127187815"><ele>119.14</ele><time>2024-09-15T01:27:01Z</time></trkpt><trkpt lat="-39.3670205120" lon="-72.6127360482"><ele>119.16</ele><time>2024-09-15T01:27:02Z</time></trkpt><trkpt lat="-39.3669981323" lon="-72.6127586793"><ele>119.08</ele><time>2024-09-15T01:27:03Z</time></trkpt><trkpt lat="-39.3668046780" lon="-72.6130276546"><ele>118.22</ele><time>2024-09-15T01:27:13Z</time></trkpt><trkpt lat="-39.3668137304" lon="-72.6130513754"><ele>118.20</ele><time>2024-09-15T01:27:14Z</time></trkpt><trkpt lat="-39.3668330926" lon="-72.6130767725"><ele>118.10</ele><time>2024-09-15T01:27:15Z</time></trkpt><trkpt lat="-39.3668622617" lon="-72.6131000742"><ele>117.96</ele><time>2024-09-15T01:27:16Z</time></trkpt><trkpt lat="-39.3668956216" lon="-72.6131218672"><ele>117.66</ele><time>2024-09-15T01:27:17Z</time></trkpt><trkpt lat="-39.3671676982" lon="-72.6133027487"><ele>114.65</ele><time>2024-09-15T01:27:26Z</time></trkpt><trkpt lat="-39.3674546946" lon="-72.6135017350"><ele>112.80</ele><time>2024-09-15T01:27:37Z</time></trkpt><trkpt lat="-39.3675774895" lon="-72.6136694569"><ele>112.12</ele><time>2024-09-15T01:27:44Z</time></trkpt><trkpt lat="-39.3675739691" lon="-72.6136934292"><ele>111.99</ele><time>2024-09-15T01:27:45Z</time></trkpt><trkpt lat="-39.3675657548" lon="-72.6137223467"><ele>112.13</ele><time>2024-09-15T01:27:46Z</time></trkpt><trkpt lat="-39.3675487395" lon="-72.6137590595"><ele>112.15</ele><time>2024-09-15T01:27:47Z</time></trkpt><trkpt lat="-39.3675270304" lon="-72.6137956884"><ele>112.06</ele><time>2024-09-15T01:27:48Z</time></trkpt><trkpt lat="-39.3673293013" lon="-72.6139460597"><ele>112.24</ele><time>2024-09-15T01:27:55Z</time></trkpt><trkpt lat="-39.3673096038" lon="-72.6139193214"><ele>112.30</ele><time>2024-09-15T01:27:56Z</time></trkpt><trkpt lat="-39.3672819436" lon="-72.6138911583"><ele>112.40</ele><time>2024-09-15T01:27:57Z</time></trkpt><trkpt lat="-39.3671658542" lon="-72.6137887314"><ele>113.11</ele><time>2024-09-15T01:28:00Z</time></trkpt><trkpt lat="-39.3668777682" lon="-72.6136006415"><ele>116.27</ele><time>2024-09-15T01:28:06Z</time></trkpt><trkpt lat="-39.3667211942" lon="-72.6134717278"><ele>119.67</ele><time>2024-09-15T01:28:11Z</time></trkpt><trkpt lat="-39.3667021673" lon="-72.6134289801"><ele>120.06</ele><time>2024-09-15T01:28:13Z</time></trkpt><trkpt lat="-39.3667058554" lon="-72.6133993920"><ele>120.21</ele><time>2024-09-15T01:28:14Z</time></trkpt><trkpt lat="-39.3667312525" lon="-72.6133144833"><ele>119.99</ele><time>2024-09-15T01:28:16Z</time></trkpt><trkpt lat="-39.3667538837" lon="-72.6132624317"><ele>119.70</ele><time>2024-09-15T01:28:17Z</time></trkpt><trkpt lat="-39.3669879902" lon="-72.6128041092"><ele>118.87</ele><time>2024-09-15T01:28:27Z</time></trkpt><trkpt lat="-39.3671610765" lon="-72.6127208769"><ele>119.07</ele><time>2024-09-15T01:28:35Z</time></trkpt><trkpt lat="-39.3672105297" lon="-72.6127466094"><ele>118.95</ele><time>2024-09-15T01:28:36Z</time></trkpt><trkpt lat="-39.3677034695" lon="-72.6130939554"><ele>115.82</ele><time>2024-09-15T01:28:44Z</time></trkpt><trkpt lat="-39.3685660511" lon="-72.6140090078"><ele>114.14</ele><time>2024-09-15T01:28:57Z</time></trkpt><trkpt lat="-39.3691832107" lon="-72.6150771976"><ele>113.67</ele><time>2024-09-15T01:29:10Z</time></trkpt><trkpt lat="-39.3692120444" lon="-72.6151602622"><ele>113.97</ele><time>2024-09-15T01:29:11Z</time></trkpt><trkpt lat="-39.3692331668" lon="-72.6152382977"><ele>113.96</ele><time>2024-09-15T01:29:12Z</time></trkpt><trkpt lat="-39.3692463264" lon="-72.6153078675"><ele>113.75</ele><time>2024-09-15T01:29:13Z</time></trkpt><trkpt lat="-39.3692621682" lon="-72.6154058520"><ele>113.18</ele><time>2024-09-15T01:29:19Z</time></trkpt><trkpt lat="-39.3692530319" lon="-72.6154367812"><ele>113.27</ele><time>2024-09-15T01:29:46Z</time></trkpt><trkpt lat="-39.3692607433" lon="-72.6154560596"><ele>113.16</ele><time>2024-09-15T01:30:03Z</time></trkpt><trkpt lat="-39.3692664430" lon="-72.6154864859"><ele>113.35</ele><time>2024-09-15T01:30:04Z</time></trkpt><trkpt lat="-39.3692844640" lon="-72.6155707240"><ele>113.44</ele><time>2024-09-15T01:30:06Z</time></trkpt><trkpt lat="-39.3692989647" lon="-72.6158389449"><ele>113.62</ele><time>2024-09-15T01:30:12Z</time></trkpt><trkpt lat="-39.3692697119" lon="-72.6158769988"><ele>113.72</ele><time>2024-09-15T01:30:13Z</time></trkpt><trkpt lat="-39.3692316581" lon="-72.6159154717"><ele>113.69</ele><time>2024-09-15T01:30:14Z</time></trkpt><trkpt lat="-39.3691858929" lon="-72.6159569621"><ele>113.84</ele><time>2024-09-15T01:30:15Z</time></trkpt><trkpt lat="-39.3691308238" lon="-72.6160047390"><ele>113.98</ele><time>2024-09-15T01:30:16Z</time></trkpt><trkpt lat="-39.3688500300" lon="-72.6162353251"><ele>113.21</ele><time>2024-09-15T01:30:21Z</time></trkpt><trkpt lat="-39.3688014988" lon="-72.6162546035"><ele>113.19</ele><time>2024-09-15T01:30:22Z</time></trkpt><trkpt lat="-39.3687523808" lon="-72.6162513345"><ele>113.09</ele><time>2024-09-15T01:30:23Z</time></trkpt><trkpt lat="-39.3687032629" lon="-72.6162271108"><ele>112.97</ele><time>2024-09-15T01:30:24Z</time></trkpt><trkpt lat="-39.3686539773" lon="-72.6161914039"><ele>112.93</ele><time>2024-09-15T01:30:25Z</time></trkpt><trkpt lat="-39.3686013389" lon="-72.6161454711"><ele>112.98</ele><time>2024-09-15T01:30:26Z</time></trkpt><trkpt lat="-39.3684917036" lon="-72.6160575449"><ele>112.91</ele><time>2024-09-15T01:30:28Z</time></trkpt><trkpt lat="-39.3683854211" lon="-72.6159945130"><ele>112.76</ele><time>2024-09-15T01:30:30Z</time></trkpt><trkpt lat="-39.3683275860" lon="-72.6159788389"><ele>112.82</ele><time>2024-09-15T01:30:31Z</time></trkpt><trkpt lat="-39.3682684936" lon="-72.6159835327"><ele>112.86</ele><time>2024-09-15T01:30:32Z</time></trkpt><trkpt lat="-39.3682097364" lon="-72.6160011347"><ele>112.81</ele><time>2024-09-15T01:30:33Z</time></trkpt><trkpt lat="-39.3681552541" lon="-72.6160315610"><ele>112.81</ele><time>2024-09-15T01:30:34Z</time></trkpt><trkpt lat="-39.3681083992" lon="-72.6160715427"><ele>112.84</ele><time>2024-09-15T01:30:35Z</time></trkpt><trkpt lat="-39.3680643104" lon="-72.6161137037"><ele>112.98</ele><time>2024-09-15T01:30:36Z</time></trkpt><trkpt lat="-39.3674935866" lon="-72.6166324597"><ele>112.92</ele><time>2024-09-15T01:30:47Z</time></trkpt><trkpt lat="-39.3665765226" lon="-72.6173932012"><ele>111.92</ele><time>2024-09-15T01:31:02Z</time></trkpt><trkpt lat="-39.3660293519" lon="-72.6178587321"><ele>111.50</ele><time>2024-09-15T01:31:13Z</time></trkpt><trkpt lat="-39.3658512365" lon="-72.6180044934"><ele>111.11</ele><time>2024-09-15T01:31:22Z</time></trkpt><trkpt lat="-39.3658470456" lon="-72.6180476602"><ele>110.92</ele><time>2024-09-15T01:31:28Z</time></trkpt><trkpt lat="-39.3658903800" lon="-72.6181910746"><ele>111.35</ele><time>2024-09-15T01:31:31Z</time></trkpt><trkpt lat="-39.3659801502" lon="-72.6183607243"><ele>111.50</ele><time>2024-09-15T01:31:34Z</time></trkpt><trkpt lat="-39.3660125043" lon="-72.6183919050"><ele>111.41</ele><time>2024-09-15T01:31:35Z</time></trkpt><trkpt lat="-39.3660451937" lon="-72.6184047293"><ele>111.39</ele><time>2024-09-15T01:31:36Z</time></trkpt><trkpt lat="-39.3660798110" lon="-72.6183986105"><ele>111.32</ele><time>2024-09-15T01:31:37Z</time></trkpt><trkpt lat="-39.3661217205" lon="-72.6183759794"><ele>111.20</ele><time>2024-09-15T01:31:38Z</time></trkpt><trkpt lat="-39.3661712576" lon="-72.6183396857"><ele>111.40</ele><time>2024-09-15T01:31:39Z</time></trkpt><trkpt lat="-39.3662245665" lon="-72.6182963513"><ele>111.42</ele><time>2024-09-15T01:31:40Z</time></trkpt><trkpt lat="-39.3663267419" lon="-72.6182081737"><ele>111.85</ele><time>2024-09-15T01:31:42Z</time></trkpt><trkpt lat="-39.3668082822" lon="-72.6177624241"><ele>111.93</ele><time>2024-09-15T01:31:55Z</time></trkpt><trkpt lat="-39.3672585580" lon="-72.6173559856"><ele>112.48</ele><time>2024-09-15T01:32:08Z</time></trkpt><trkpt lat="-39.3672953546" lon="-72.6173361205"><ele>112.49</ele><time>2024-09-15T01:32:11Z</time></trkpt><trkpt lat="-39.3673121184" lon="-72.6173432451"><ele>112.44</ele><time>2024-09-15T01:32:12Z</time></trkpt><trkpt lat="-39.3673301395" lon="-72.6173619367"><ele>112.45</ele><time>2024-09-15T01:32:13Z</time></trkpt><trkpt lat="-39.3673476577" lon="-72.6173904352"><ele>112.40</ele><time>2024-09-15T01:32:14Z</time></trkpt><trkpt lat="-39.3673679419" lon="-72.6174258068"><ele>112.53</ele><time>2024-09-15T01:32:15Z</time></trkpt><trkpt lat="-39.3675403576" lon="-72.6176442392"><ele>112.65</ele><time>2024-09-15T01:32:23Z</time></trkpt><trkpt lat="-39.3675713707" lon="-72.6176279783"><ele>112.56</ele><time>2024-09-15T01:32:24Z</time></trkpt><trkpt lat="-39.3676082511" lon="-72.6175997313"><ele>112.91</ele><time>2024-09-15T01:32:25Z</time></trkpt><trkpt lat="-39.3676452152" lon="-72.6175640244"><ele>113.05</ele><time>2024-09-15T01:32:26Z</time></trkpt><trkpt lat="-39.3676781561" lon="-72.6175270602"><ele>113.27</ele><time>2024-09-15T01:32:27Z</time></trkpt><trkpt lat="-39.3677369133" lon="-72.6174913533"><ele>113.50</ele><time>2024-09-15T01:32:29Z</time></trkpt><trkpt lat="-39.3677657470" lon="-72.6174964663"><ele>113.39</ele><time>2024-09-15T01:32:30Z</time></trkpt><trkpt lat="-39.3677875400" lon="-72.6175229531"><ele>113.40</ele><time>2024-09-15T01:32:31Z</time></trkpt><trkpt lat="-39.3678030465" lon="-72.6175786927"><ele>113.45</ele><time>2024-09-15T01:32:32Z</time></trkpt><trkpt lat="-39.3678162899" lon="-72.6176445745"><ele>113.37</ele><time>2024-09-15T01:32:33Z</time></trkpt><trkpt lat="-39.3678286113" lon="-72.6177233644"><ele>113.54</ele><time>2024-09-15T01:32:34Z</time></trkpt><trkpt lat="-39.3679042161" lon="-72.6182125323"><ele>112.41</ele><time>2024-09-15T01:32:41Z</time></trkpt><trkpt lat="-39.3679245841" lon="-72.6182352472"><ele>112.43</ele><time>2024-09-15T01:32:42Z</time></trkpt><trkpt lat="-39.3679581955" lon="-72.6182434615"><ele>112.44</ele><time>2024-09-15T01:32:43Z</time></trkpt><trkpt lat="-39.3679973390" lon="-72.6182332356"><ele>112.42</ele><time>2024-09-15T01:32:44Z</time></trkpt><trkpt lat="-39.3680429365" lon="-72.6182087604"><ele>112.58</ele><time>2024-09-15T01:32:45Z</time></trkpt><trkpt lat="-39.3680970836" lon="-72.6181657612"><ele>112.74</ele><time>2024-09-15T01:32:46Z</time></trkpt><trkpt lat="-39.3681519013" lon="-72.6181173977"><ele>112.82</ele><time>2024-09-15T01:32:47Z</time></trkpt><trkpt lat="-39.3682616204" lon="-72.6180236880"><ele>112.91</ele><time>2024-09-15T01:32:49Z</time></trkpt><trkpt lat="-39.3683185335" lon="-72.6179907471"><ele>112.95</ele><time>2024-09-15T01:32:50Z</time></trkpt><trkpt lat="-39.3683779612" lon="-72.6179670263"><ele>113.01</ele><time>2024-09-15T01:32:51Z</time></trkpt><trkpt lat="-39.3685591780" lon="-72.6178965345"><ele>112.92</ele><time>2024-09-15T01:32:54Z</time></trkpt><trkpt lat="-39.3686166778" lon="-72.6178537030"><ele>113.02</ele><time>2024-09-15T01:32:55Z</time></trkpt><trkpt lat="-39.3686655443" lon="-72.6177981310"><ele>113.13</ele><time>2024-09-15T01:32:56Z</time></trkpt><trkpt lat="-39.3687068671" lon="-72.6177344285"><ele>113.20</ele><time>2024-09-15T01:32:57Z</time></trkpt><trkpt lat="-39.3687340245" lon="-72.6176620927"><ele>113.16</ele><time>2024-09-15T01:32:58Z</time></trkpt><trkpt lat="-39.3687603436" lon="-72.6175886672"><ele>113.17</ele><time>2024-09-15T01:32:59Z</time></trkpt><trkpt lat="-39.3687947933" lon="-72.6175220311"><ele>113.19</ele><time>2024-09-15T01:33:00Z</time></trkpt><trkpt lat="-39.3688405585" lon="-72.6174630225"><ele>113.27</ele><time>2024-09-15T01:33:01Z</time></trkpt><trkpt lat="-39.3688943703" lon="-72.6174050197"><ele>113.34</ele><time>2024-09-15T01:33:02Z</time></trkpt><trkpt lat="-39.3689512834" lon="-72.6173465978"><ele>113.39</ele><time>2024-09-15T01:33:03Z</time></trkpt><trkpt lat="-39.3694541976" lon="-72.6169551630"><ele>114.18</ele><time>2024-09-15T01:33:14Z</time></trkpt><trkpt lat="-39.3694783375" lon="-72.6169860084"><ele>114.32</ele><time>2024-09-15T01:33:15Z</time></trkpt><trkpt lat="-39.3694949336" lon="-72.6170412451"><ele>114.17</ele><time>2024-09-15T01:33:16Z</time></trkpt><trkpt lat="-39.3695085123" lon="-72.6171129104"><ele>114.39</ele><time>2024-09-15T01:33:17Z</time></trkpt><trkpt lat="-39.3695201632" lon="-72.6172015071"><ele>114.40</ele><time>2024-09-15T01:33:18Z</time></trkpt><trkpt lat="-39.3695889786" lon="-72.6178547088"><ele>114.63</ele><time>2024-09-15T01:33:25Z</time></trkpt><trkpt lat="-39.3695654254" lon="-72.6179169863"><ele>114.68</ele><time>2024-09-15T01:33:26Z</time></trkpt><trkpt lat="-39.3695259467" lon="-72.6179752406"><ele>114.65</ele><time>2024-09-15T01:33:27Z</time></trkpt><trkpt lat="-39.3692044169" lon="-72.6183030568"><ele>114.52</ele><time>2024-09-15T01:33:33Z</time></trkpt><trkpt lat="-39.3691469170" lon="-72.6183255203"><ele>114.61</ele><time>2024-09-15T01:33:34Z</time></trkpt><trkpt lat="-39.3690826278" lon="-72.6183290407"><ele>114.52</ele><time>2024-09-15T01:33:35Z</time></trkpt><trkpt lat="-39.3690149859" lon="-72.6183198206"><ele>114.56</ele><time>2024-09-15T01:33:36Z</time></trkpt><trkpt lat="-39.3689494394" lon="-72.6183083374"><ele>114.31</ele><time>2024-09-15T01:33:37Z</time></trkpt><trkpt lat="-39.3687564041" lon="-72.6183090918"><ele>114.38</ele><time>2024-09-15T01:33:40Z</time></trkpt><trkpt lat="-39.3686894327" lon="-72.6183373388"><ele>114.22</ele><time>2024-09-15T01:33:41Z</time></trkpt><trkpt lat="-39.3686244730" lon="-72.6183862053"><ele>114.43</ele><time>2024-09-15T01:33:42Z</time></trkpt><trkpt lat="-39.3675302994" lon="-72.6194292493"><ele>113.99</ele><time>2024-09-15T01:34:00Z</time></trkpt><trkpt lat="-39.3670079391" lon="-72.6198948640"><ele>113.36</ele><time>2024-09-15T01:34:12Z</time></trkpt><trkpt lat="-39.3667895067" lon="-72.6200994663"><ele>113.36</ele><time>2024-09-15T01:34:19Z</time></trkpt><trkpt lat="-39.3662162684" lon="-72.6206579525"><ele>113.06</ele><time>2024-09-15T01:34:30Z</time></trkpt><trkpt lat="-39.3653894775" lon="-72.6214603521"><ele>112.18</ele><time>2024-09-15T01:34:45Z</time></trkpt><trkpt lat="-39.3647450767" lon="-72.6220760867"><ele>111.85</ele><time>2024-09-15T01:34:59Z</time></trkpt><trkpt lat="-39.3643947132" lon="-72.6223961078"><ele>111.08</ele><time>2024-09-15T01:35:09Z</time></trkpt><trkpt lat="-39.3643460982" lon="-72.6225292124"><ele>111.30</ele><time>2024-09-15T01:35:12Z</time></trkpt><trkpt lat="-39.3643396441" lon="-72.6225968543"><ele>111.33</ele><time>2024-09-15T01:35:13Z</time></trkpt><trkpt lat="-39.3643659633" lon="-72.6230197214"><ele>111.42</ele><time>2024-09-15T01:35:21Z</time></trkpt><trkpt lat="-39.3643956352" lon="-72.6230285224"><ele>111.46</ele><time>2024-09-15T01:35:22Z</time></trkpt><trkpt lat="-39.3644302525" lon="-72.6230128482"><ele>111.40</ele><time>2024-09-15T01:35:23Z</time></trkpt><trkpt lat="-39.3644697312" lon="-72.6229788177"><ele>111.54</ele><time>2024-09-15T01:35:24Z</time></trkpt><trkpt lat="-39.3645149097" lon="-72.6229331363"><ele>111.63</ele><time>2024-09-15T01:35:25Z</time></trkpt><trkpt lat="-39.3649544567" lon="-72.6224873867"><ele>111.77</ele><time>2024-09-15T01:35:37Z</time></trkpt><trkpt lat="-39.3649853859" lon="-72.6224471536"><ele>111.73</ele><time>2024-09-15T01:35:38Z</time></trkpt><trkpt lat="-39.3650407903" lon="-72.6223610714"><ele>111.85</ele><time>2024-09-15T01:35:40Z</time></trkpt><trkpt lat="-39.3650852144" lon="-72.6222671941"><ele>111.96</ele><time>2024-09-15T01:35:42Z</time></trkpt><trkpt lat="-39.3651163951" lon="-72.6222217642"><ele>112.07</ele><time>2024-09-15T01:35:43Z</time></trkpt><trkpt lat="-39.3651520181" lon="-72.6221772563"><ele>111.96</ele><time>2024-09-15T01:35:44Z</time></trkpt><trkpt lat="-39.3656587880" lon="-72.6216709893"><ele>112.26</ele><time>2024-09-15T01:35:57Z</time></trkpt><trkpt lat="-39.3657776434" lon="-72.6214375533"><ele>112.39</ele><time>2024-09-15T01:36:07Z</time></trkpt><trkpt lat="-39.3661361374" lon="-72.6211136766"><ele>113.19</ele><time>2024-09-15T01:36:18Z</time></trkpt><trkpt lat="-39.3661707547" lon="-72.6211336255"><ele>113.10</ele><time>2024-09-15T01:36:19Z</time></trkpt><trkpt lat="-39.3662076350" lon="-72.6211788878"><ele>113.12</ele><time>2024-09-15T01:36:20Z</time></trkpt><trkpt lat="-39.3662423361" lon="-72.6212391537"><ele>113.09</ele><time>2024-09-15T01:36:21Z</time></trkpt><trkpt lat="-39.3662839103" lon="-72.6213186979"><ele>113.19</ele><time>2024-09-15T01:36:22Z</time></trkpt><trkpt lat="-39.3664033525" lon="-72.6215222105"><ele>112.72</ele><time>2024-09-15T01:36:25Z</time></trkpt><trkpt lat="-39.3664382212" lon="-72.6215590071"><ele>112.50</ele><time>2024-09-15T01:36:26Z</time></trkpt><trkpt lat="-39.3664689828" lon="-72.6215754356"><ele>112.37</ele><time>2024-09-15T01:36:27Z</time></trkpt><trkpt lat="-39.3664992414" lon="-72.6215771958"><ele>112.31</ele><time>2024-09-15T01:36:28Z</time></trkpt><trkpt lat="-39.3665303383" lon="-72.6215636171"><ele>112.25</ele><time>2024-09-15T01:36:29Z</time></trkpt><trkpt lat="-39.3665585853" lon="-72.6215403993"><ele>112.42</ele><time>2024-09-15T01:36:30Z</time></trkpt><trkpt lat="-39.3665922806" lon="-72.6215078775"><ele>112.61</ele><time>2024-09-15T01:36:31Z</time></trkpt><trkpt lat="-39.3666301668" lon="-72.6214698236"><ele>112.77</ele><time>2024-09-15T01:36:32Z</time></trkpt><trkpt lat="-39.3670253735" lon="-72.6210911293"><ele>113.53</ele><time>2024-09-15T01:36:43Z</time></trkpt><trkpt lat="-39.3673193268" lon="-72.6208192203"><ele>113.96</ele><time>2024-09-15T01:36:53Z</time></trkpt><trkpt lat="-39.3673432153" lon="-72.6207725331"><ele>113.95</ele><time>2024-09-15T01:36:56Z</time></trkpt><trkpt lat="-39.3673430476" lon="-72.6207391731"><ele>113.92</ele><time>2024-09-15T01:36:57Z</time></trkpt><trkpt lat="-39.3673363421" lon="-72.6207009517"><ele>113.97</ele><time>2024-09-15T01:36:58Z</time></trkpt><trkpt lat="-39.3673210870" lon="-72.6206622273"><ele>114.12</ele><time>2024-09-15T01:36:59Z</time></trkpt><trkpt lat="-39.3672987912" lon="-72.6206188090"><ele>114.22</ele><time>2024-09-15T01:37:00Z</time></trkpt><trkpt lat="-39.3672779202" lon="-72.6205784082"><ele>114.27</ele><time>2024-09-15T01:37:01Z</time></trkpt><trkpt lat="-39.3672603182" lon="-72.6204831898"><ele>114.40</ele><time>2024-09-15T01:37:04Z</time></trkpt><trkpt lat="-39.3673578836" lon="-72.6203632448"><ele>114.53</ele><time>2024-09-15T01:37:08Z</time></trkpt><trkpt lat="-39.3675844464" lon="-72.6201432198"><ele>114.72</ele><time>2024-09-15T01:37:15Z</time></trkpt><trkpt lat="-39.3676152918" lon="-72.6201573014"><ele>114.78</ele><time>2024-09-15T01:37:17Z</time></trkpt><trkpt lat="-39.3676320557" lon="-72.6201811898"><ele>114.74</ele><time>2024-09-15T01:37:18Z</time></trkpt><trkpt lat="-39.3676509149" lon="-72.6202168129"><ele>114.71</ele><time>2024-09-15T01:37:19Z</time></trkpt><trkpt lat="-39.3676710315" lon="-72.6202556212"><ele>114.75</ele><time>2024-09-15T01:37:20Z</time></trkpt><trkpt lat="-39.3677340634" lon="-72.6203307230"><ele>114.62</ele><time>2024-09-15T01:37:23Z</time></trkpt><trkpt lat="-39.3677605502" lon="-72.6203304715"><ele>114.64</ele><time>2024-09-15T01:37:24Z</time></trkpt><trkpt lat="-39.3677892163" lon="-72.6203150488"><ele>114.52</ele><time>2024-09-15T01:37:25Z</time></trkpt><trkpt lat="-39.3678217381" lon="-72.6202897355"><ele>114.56</ele><time>2024-09-15T01:37:26Z</time></trkpt><trkpt lat="-39.3678580318" lon="-72.6202555373"><ele>114.59</ele><time>2024-09-15T01:37:27Z</time></trkpt><trkpt lat="-39.3685000855" lon="-72.6196691394"><ele>115.27</ele><time>2024-09-15T01:37:41Z</time></trkpt><trkpt lat="-39.3689370342" lon="-72.6192709990"><ele>115.34</ele><time>2024-09-15T01:37:52Z</time></trkpt><trkpt lat="-39.3689496908" lon="-72.6192730106"><ele>115.37</ele><time>2024-09-15T01:37:53Z</time></trkpt><trkpt lat="-39.3689650297" lon="-72.6192826498"><ele>115.48</ele><time>2024-09-15T01:37:54Z</time></trkpt><trkpt lat="-39.3689779378" lon="-72.6192979887"><ele>115.52</ele><time>2024-09-15T01:37:55Z</time></trkpt><trkpt lat="-39.3689890858" lon="-72.6193170995"><ele>115.58</ele><time>2024-09-15T01:37:56Z</time></trkpt><trkpt lat="-39.3689958751" lon="-72.6193411555"><ele>115.50</ele><time>2024-09-15T01:37:57Z</time></trkpt><trkpt lat="-39.3690015748" lon="-72.6193738449"><ele>115.49</ele><time>2024-09-15T01:37:58Z</time></trkpt><trkpt lat="-39.3690084480" lon="-72.6194114797"><ele>115.44</ele><time>2024-09-15T01:37:59Z</time></trkpt><trkpt lat="-39.3690897524" lon="-72.6198603306"><ele>115.39</ele><time>2024-09-15T01:38:09Z</time></trkpt><trkpt lat="-39.3689608388" lon="-72.6200358476"><ele>115.19</ele><time>2024-09-15T01:38:16Z</time></trkpt><trkpt lat="-39.3684335332" lon="-72.6205127779"><ele>115.10</ele><time>2024-09-15T01:38:30Z</time></trkpt><trkpt lat="-39.3678144459" lon="-72.6210917160"><ele>114.72</ele><time>2024-09-15T01:38:44Z</time></trkpt><trkpt lat="-39.3676960096" lon="-72.6212138403"><ele>118.30</ele><time>2024-09-15T01:38:53Z</time></trkpt><trkpt lat="-39.3676960934" lon="-72.6212164387"><ele>118.48</ele><time>2024-09-15T01:38:54Z</time></trkpt><trkpt lat="-39.3676945847" lon="-72.6212119125"><ele>102.85</ele><time>2024-09-15T01:38:57Z</time></trkpt><trkpt lat="-39.3676947523" lon="-72.6212121639"><ele>126.80</ele><time>2024-09-15T01:38:58Z</time></trkpt><trkpt lat="-39.3676966801" lon="-72.6212089788"><ele>122.47</ele><time>2024-09-15T01:38:59Z</time></trkpt><trkpt lat="-39.3676989432" lon="-72.6212010160"><ele>118.35</ele><time>2024-09-15T01:39:00Z</time></trkpt><trkpt lat="-39.3677002843" lon="-72.6211991720"><ele>120.14</ele><time>2024-09-15T01:39:01Z</time></trkpt><trkpt lat="-39.3676962610" lon="-72.6211922988"><ele>116.13</ele><time>2024-09-15T01:39:04Z</time></trkpt><trkpt lat="-39.3676869571" lon="-72.6211969089"><ele>114.42</ele><time>2024-09-15T01:39:06Z</time></trkpt><trkpt lat="-39.3676670082" lon="-72.6212183665"><ele>114.23</ele><time>2024-09-15T01:39:08Z</time></trkpt><trkpt lat="-39.3676514179" lon="-72.6212610304"><ele>114.20</ele><time>2024-09-15T01:39:10Z</time></trkpt><trkpt lat="-39.3676507473" lon="-72.6212848350"><ele>114.18</ele><time>2024-09-15T01:39:11Z</time></trkpt><trkpt lat="-39.3676547706" lon="-72.6213086396"><ele>114.20</ele><time>2024-09-15T01:39:12Z</time></trkpt><trkpt lat="-39.3677002843" lon="-72.6214468572"><ele>114.28</ele><time>2024-09-15T01:39:27Z</time></trkpt><trkpt lat="-39.3676931597" lon="-72.6214521378"><ele>114.55</ele><time>2024-09-15T01:40:21Z</time></trkpt><trkpt lat="-39.3677046429" lon="-72.6214667223"><ele>118.73</ele><time>2024-09-15T01:41:32Z</time></trkpt><trkpt lat="-39.3677041400" lon="-72.6214669738"><ele>119.38</ele><time>2024-09-15T01:41:34Z</time></trkpt><trkpt lat="-39.3677052297" lon="-72.6214652136"><ele>116.03</ele><time>2024-09-15T01:41:38Z</time></trkpt><trkpt lat="-39.3677100912" lon="-72.6214684825"><ele>114.83</ele><time>2024-09-15T01:41:40Z</time></trkpt><trkpt lat="-39.3677292019" lon="-72.6214911137"><ele>113.84</ele><time>2024-09-15T01:41:42Z</time></trkpt><trkpt lat="-39.3677431159" lon="-72.6215105597"><ele>115.20</ele><time>2024-09-15T01:41:43Z</time></trkpt><trkpt lat="-39.3677631486" lon="-72.6215357892"><ele>115.37</ele><time>2024-09-15T01:41:44Z</time></trkpt><trkpt lat="-39.3678379152" lon="-72.6216525491"><ele>115.31</ele><time>2024-09-15T01:41:47Z</time></trkpt><trkpt lat="-39.3681964092" lon="-72.6223121211"><ele>114.45</ele><time>2024-09-15T01:41:58Z</time></trkpt><trkpt lat="-39.3682795577" lon="-72.6224825252"><ele>114.67</ele><time>2024-09-15T01:42:08Z</time></trkpt><trkpt lat="-39.3683030270" lon="-72.6225109398"><ele>114.79</ele><time>2024-09-15T01:42:18Z</time></trkpt><trkpt lat="-39.3683209643" lon="-72.6225242671"><ele>115.43</ele><time>2024-09-15T01:42:19Z</time></trkpt><trkpt lat="-39.3683957309" lon="-72.6225503348"><ele>114.98</ele><time>2024-09-15T01:42:21Z</time></trkpt><trkpt lat="-39.3684389815" lon="-72.6225492451"><ele>115.59</ele><time>2024-09-15T01:42:22Z</time></trkpt><trkpt lat="-39.3684824836" lon="-72.6225301344"><ele>115.13</ele><time>2024-09-15T01:42:23Z</time></trkpt><trkpt lat="-39.3685254827" lon="-72.6225002110"><ele>114.80</ele><time>2024-09-15T01:42:24Z</time></trkpt><trkpt lat="-39.3685735948" lon="-72.6224629115"><ele>114.65</ele><time>2024-09-15T01:42:25Z</time></trkpt><trkpt lat="-39.3692101166" lon="-72.6218268927"><ele>115.68</ele><time>2024-09-15T01:42:36Z</time></trkpt><trkpt lat="-39.3699876219" lon="-72.6210729405"><ele>115.81</ele><time>2024-09-15T01:42:50Z</time></trkpt><trkpt lat="-39.3701784778" lon="-72.6208220702"><ele>116.44</ele><time>2024-09-15T01:42:59Z</time></trkpt><trkpt lat="-39.3701256718" lon="-72.6205996145"><ele>114.48</ele><time>2024-09-15T01:43:05Z</time></trkpt><trkpt lat="-39.3701429386" lon="-72.6204987802"><ele>116.27</ele><time>2024-09-15T01:43:07Z</time></trkpt><trkpt lat="-39.3701659888" lon="-72.6204513386"><ele>116.84</ele><time>2024-09-15T01:43:08Z</time></trkpt><trkpt lat="-39.3702025339" lon="-72.6203950960"><ele>116.50</ele><time>2024-09-15T01:43:09Z</time></trkpt><trkpt lat="-39.3702959083" lon="-72.6202712115"><ele>115.45</ele><time>2024-09-15T01:43:11Z</time></trkpt><trkpt lat="-39.3709191028" lon="-72.6194425765"><ele>114.14</ele><time>2024-09-15T01:43:22Z</time></trkpt><trkpt lat="-39.3715473264" lon="-72.6184627321"><ele>112.79</ele><time>2024-09-15T01:43:32Z</time></trkpt><trkpt lat="-39.3722640630" lon="-72.6170445140"><ele>112.59</ele><time>2024-09-15T01:43:46Z</time></trkpt><trkpt lat="-39.3730847351" lon="-72.6155599114"><ele>112.84</ele><time>2024-09-15T01:44:01Z</time></trkpt><trkpt lat="-39.3734618369" lon="-72.6143008657"><ele>111.75</ele><time>2024-09-15T01:44:12Z</time></trkpt><trkpt lat="-39.3739286251" lon="-72.6123770513"><ele>112.22</ele><time>2024-09-15T01:44:29Z</time></trkpt><trkpt lat="-39.3740390148" lon="-72.6108364575"><ele>114.47</ele><time>2024-09-15T01:44:42Z</time></trkpt><trkpt lat="-39.3740366679" lon="-72.6088735834"><ele>115.18</ele><time>2024-09-15T01:44:58Z</time></trkpt><trkpt lat="-39.3738261145" lon="-72.6069513615"><ele>115.89</ele><time>2024-09-15T01:45:14Z</time></trkpt><trkpt lat="-39.3735193368" lon="-72.6049262937"><ele>116.57</ele><time>2024-09-15T01:45:31Z</time></trkpt><trkpt lat="-39.3733588234" lon="-72.6042341162"><ele>116.82</ele><time>2024-09-15T01:45:37Z</time></trkpt><trkpt lat="-39.3733128905" lon="-72.6041249000"><ele>116.95</ele><time>2024-09-15T01:45:38Z</time></trkpt><trkpt lat="-39.3732607551" lon="-72.6040210482"><ele>116.90</ele><time>2024-09-15T01:45:39Z</time></trkpt><trkpt lat="-39.3724592775" lon="-72.6026873197"><ele>117.35</ele><time>2024-09-15T01:45:53Z</time></trkpt><trkpt lat="-39.3723288551" lon="-72.6022328530"><ele>116.85</ele><time>2024-09-15T01:45:57Z</time></trkpt><trkpt lat="-39.3723200541" lon="-72.6021108963"><ele>117.19</ele><time>2024-09-15T01:45:58Z</time></trkpt><trkpt lat="-39.3723190483" lon="-72.6019850001"><ele>117.06</ele><time>2024-09-15T01:45:59Z</time></trkpt><trkpt lat="-39.3723426852" lon="-72.6017410867"><ele>116.78</ele><time>2024-09-15T01:46:01Z</time></trkpt><trkpt lat="-39.3723678309" lon="-72.6016221475"><ele>116.65</ele><time>2024-09-15T01:46:02Z</time></trkpt><trkpt lat="-39.3724001013" lon="-72.6015040465"><ele>116.70</ele><time>2024-09-15T01:46:03Z</time></trkpt><trkpt lat="-39.3724359758" lon="-72.6013916451"><ele>116.20</ele><time>2024-09-15T01:46:04Z</time></trkpt><trkpt lat="-39.3724774662" lon="-72.6012879610"><ele>116.89</ele><time>2024-09-15T01:46:05Z</time></trkpt><trkpt lat="-39.3731394690" lon="-72.5997157674"><ele>117.86</ele><time>2024-09-15T01:46:20Z</time></trkpt><trkpt lat="-39.3738261983" lon="-72.5978304259"><ele>119.30</ele><time>2024-09-15T01:46:37Z</time></trkpt><trkpt lat="-39.3741556071" lon="-72.5960637722"><ele>119.93</ele><time>2024-09-15T01:46:52Z</time></trkpt><trkpt lat="-39.3745267577" lon="-72.5939133950"><ele>120.22</ele><time>2024-09-15T01:47:10Z</time></trkpt><trkpt lat="-39.3749142531" lon="-72.5916386303"><ele>121.19</ele><time>2024-09-15T01:47:29Z</time></trkpt><trkpt lat="-39.3752105534" lon="-72.5899932627"><ele>121.74</ele><time>2024-09-15T01:47:43Z</time></trkpt><trkpt lat="-39.3753446639" lon="-72.5892474409"><ele>121.09</ele><time>2024-09-15T01:47:53Z</time></trkpt><trkpt lat="-39.3752707355" lon="-72.5891419966"><ele>121.24</ele><time>2024-09-15T01:48:01Z</time></trkpt><trkpt lat="-39.3753054366" lon="-72.5892604329"><ele>121.44</ele><time>2024-09-15T01:48:11Z</time></trkpt><trkpt lat="-39.3752868287" lon="-72.5893826410"><ele>121.41</ele><time>2024-09-15T01:48:13Z</time></trkpt><trkpt lat="-39.3751236331" lon="-72.5903779082"><ele>121.66</ele><time>2024-09-15T01:48:23Z</time></trkpt><trkpt lat="-39.3748155143" lon="-72.5920307357"><ele>121.35</ele><time>2024-09-15T01:48:37Z</time></trkpt><trkpt lat="-39.3744270131" lon="-72.5942609087"><ele>120.61</ele><time>2024-09-15T01:48:56Z</time></trkpt><trkpt lat="-39.3740352429" lon="-72.5964930933"><ele>120.06</ele><time>2024-09-15T01:49:15Z</time></trkpt><trkpt lat="-39.3735711370" lon="-72.5986671913"><ele>118.97</ele><time>2024-09-15T01:49:34Z</time></trkpt><trkpt lat="-39.3728899397" lon="-72.6003582403"><ele>117.58</ele><time>2024-09-15T01:49:50Z</time></trkpt><trkpt lat="-39.3723184615" lon="-72.6019799709"><ele>117.03</ele><time>2024-09-15T01:50:05Z</time></trkpt><trkpt lat="-39.3723078165" lon="-72.6022103056"><ele>117.24</ele><time>2024-09-15T01:50:07Z</time></trkpt><trkpt lat="-39.3723113369" lon="-72.6023251377"><ele>117.35</ele><time>2024-09-15T01:50:08Z</time></trkpt><trkpt lat="-39.3723245803" lon="-72.6024429034"><ele>117.54</ele><time>2024-09-15T01:50:09Z</time></trkpt><trkpt lat="-39.3723461218" lon="-72.6025630999"><ele>117.44</ele><time>2024-09-15T01:50:10Z</time></trkpt><trkpt lat="-39.3723739497" lon="-72.6026855595"><ele>117.56</ele><time>2024-09-15T01:50:11Z</time></trkpt><trkpt lat="-39.3724089861" lon="-72.6027994696"><ele>117.75</ele><time>2024-09-15T01:50:12Z</time></trkpt><trkpt lat="-39.3724494707" lon="-72.6029073447"><ele>117.67</ele><time>2024-09-15T01:50:13Z</time></trkpt><trkpt lat="-39.3724969961" lon="-72.6030120347"><ele>117.48</ele><time>2024-09-15T01:50:14Z</time></trkpt><trkpt lat="-39.3725500535" lon="-72.6031139586"><ele>117.49</ele><time>2024-09-15T01:50:15Z</time></trkpt><trkpt lat="-39.3726035301" lon="-72.6032133680"><ele>117.42</ele><time>2024-09-15T01:50:16Z</time></trkpt><trkpt lat="-39.3733301573" lon="-72.6043298375"><ele>116.84</ele><time>2024-09-15T01:50:28Z</time></trkpt><trkpt lat="-39.3734825402" lon="-72.6047568116"><ele>116.68</ele><time>2024-09-15T01:50:32Z</time></trkpt><trkpt lat="-39.3735040817" lon="-72.6048672013"><ele>116.63</ele><time>2024-09-15T01:50:33Z</time></trkpt><trkpt lat="-39.3737822771" lon="-72.6068781037"><ele>116.11</ele><time>2024-09-15T01:50:50Z</time></trkpt><trkpt lat="-39.3740038946" lon="-72.6088902634"><ele>115.22</ele><time>2024-09-15T01:51:07Z</time></trkpt><trkpt lat="-39.3740146235" lon="-72.6106891036"><ele>114.84</ele><time>2024-09-15T01:51:22Z</time></trkpt><trkpt lat="-39.3738644198" lon="-72.6125934720"><ele>112.39</ele><time>2024-09-15T01:51:38Z</time></trkpt><trkpt lat="-39.3734153174" lon="-72.6143925637"><ele>112.18</ele><time>2024-09-15T01:51:54Z</time></trkpt><trkpt lat="-39.3729092181" lon="-72.6159325708"><ele>113.40</ele><time>2024-09-15T01:52:08Z</time></trkpt><trkpt lat="-39.3722413480" lon="-72.6171016786"><ele>113.03</ele><time>2024-09-15T01:52:20Z</time></trkpt><trkpt lat="-39.3713302352" lon="-72.6188966632"><ele>113.74</ele><time>2024-09-15T01:52:38Z</time></trkpt><trkpt lat="-39.3703684118" lon="-72.6201836206"><ele>115.96</ele><time>2024-09-15T01:52:53Z</time></trkpt><trkpt lat="-39.3700689264" lon="-72.6205980219"><ele>116.92</ele><time>2024-09-15T01:52:58Z</time></trkpt><trkpt lat="-39.3700231612" lon="-72.6206968445"><ele>117.27</ele><time>2024-09-15T01:52:59Z</time></trkpt><trkpt lat="-39.3699823413" lon="-72.6208067313"><ele>117.44</ele><time>2024-09-15T01:53:00Z</time></trkpt><trkpt lat="-39.3698944151" lon="-72.6210296899"><ele>117.03</ele><time>2024-09-15T01:53:02Z</time></trkpt><trkpt lat="-39.3698384240" lon="-72.6211270876"><ele>117.10</ele><time>2024-09-15T01:53:03Z</time></trkpt><trkpt lat="-39.3697740510" lon="-72.6212121639"><ele>117.09</ele><time>2024-09-15T01:53:04Z</time></trkpt><trkpt lat="-39.3697031401" lon="-72.6212907862"><ele>117.24</ele><time>2024-09-15T01:53:05Z</time></trkpt><trkpt lat="-39.3696287088" lon="-72.6213648822"><ele>117.11</ele><time>2024-09-15T01:53:06Z</time></trkpt><trkpt lat="-39.3684037775" lon="-72.6225284580"><ele>116.40</ele><time>2024-09-15T01:53:23Z</time></trkpt><trkpt lat="-39.3676111009" lon="-72.6232897025"><ele>115.36</ele><time>2024-09-15T01:53:36Z</time></trkpt><trkpt lat="-39.3669038359" lon="-72.6239757612"><ele>115.36</ele><time>2024-09-15T01:53:46Z</time></trkpt><trkpt lat="-39.3658014480" lon="-72.6250090823"><ele>114.66</ele><time>2024-09-15T01:54:02Z</time></trkpt><trkpt lat="-39.3656710256" lon="-72.6252412610"><ele>114.20</ele><time>2024-09-15T01:54:10Z</time></trkpt><trkpt lat="-39.3656879570" lon="-72.6252867747"><ele>114.06</ele><time>2024-09-15T01:54:11Z</time></trkpt><trkpt lat="-39.3657187186" lon="-72.6253351383"><ele>114.07</ele><time>2024-09-15T01:54:12Z</time></trkpt><trkpt lat="-39.3661655579" lon="-72.6260341890"><ele>113.96</ele><time>2024-09-15T01:54:22Z</time></trkpt><trkpt lat="-39.3663751055" lon="-72.6262869034"><ele>113.57</ele><time>2024-09-15T01:54:28Z</time></trkpt><trkpt lat="-39.3664180208" lon="-72.6262793597"><ele>113.59</ele><time>2024-09-15T01:54:29Z</time></trkpt><trkpt lat="-39.3664648756" lon="-72.6262481790"><ele>113.53</ele><time>2024-09-15T01:54:30Z</time></trkpt><trkpt lat="-39.3665128201" lon="-72.6262112148"><ele>113.63</ele><time>2024-09-15T01:54:31Z</time></trkpt><trkpt lat="-39.3665612675" lon="-72.6261643600"><ele>113.67</ele><time>2024-09-15T01:54:32Z</time></trkpt><trkpt lat="-39.3666160852" lon="-72.6261131465"><ele>113.76</ele><time>2024-09-15T01:54:33Z</time></trkpt><trkpt lat="-39.3673292175" lon="-72.6254039537"><ele>114.75</ele><time>2024-09-15T01:54:46Z</time></trkpt><trkpt lat="-39.3679921422" lon="-72.6247613132"><ele>115.27</ele><time>2024-09-15T01:54:58Z</time></trkpt><trkpt lat="-39.3683168571" lon="-72.6244590618"><ele>115.69</ele><time>2024-09-15T01:55:07Z</time></trkpt><trkpt lat="-39.3690071069" lon="-72.6238072012"><ele>116.11</ele><time>2024-09-15T01:55:21Z</time></trkpt><trkpt lat="-39.3693819456" lon="-72.6234589331"><ele>116.63</ele><time>2024-09-15T01:55:29Z</time></trkpt><trkpt lat="-39.3700512405" lon="-72.6228133589"><ele>116.91</ele><time>2024-09-15T01:55:41Z</time></trkpt><trkpt lat="-39.3706794642" lon="-72.6221926790"><ele>117.53</ele><time>2024-09-15T01:55:54Z</time></trkpt><trkpt lat="-39.3708737567" lon="-72.6221713051"><ele>117.38</ele><time>2024-09-15T01:56:03Z</time></trkpt><trkpt lat="-39.3711734097" lon="-72.6227557752"><ele>115.72</ele><time>2024-09-15T01:56:13Z</time></trkpt><trkpt lat="-39.3713558838" lon="-72.6231578551"><ele>114.90</ele><time>2024-09-15T01:56:20Z</time></trkpt><trkpt lat="-39.3713594042" lon="-72.6232099906"><ele>114.94</ele><time>2024-09-15T01:56:21Z</time></trkpt><trkpt lat="-39.3713468313" lon="-72.6232649758"><ele>114.92</ele><time>2024-09-15T01:56:22Z</time></trkpt><trkpt lat="-39.3713252898" lon="-72.6233140938"><ele>114.87</ele><time>2024-09-15T01:56:23Z</time></trkpt><trkpt lat="-39.3712930195" lon="-72.6233607810"><ele>114.85</ele><time>2024-09-15T01:56:24Z</time></trkpt><trkpt lat="-39.3712510262" lon="-72.6234051213"><ele>114.86</ele><time>2024-09-15T01:56:25Z</time></trkpt><trkpt lat="-39.3712053448" lon="-72.6234475337"><ele>114.97</ele><time>2024-09-15T01:56:26Z</time></trkpt><trkpt lat="-39.3711587414" lon="-72.6234914549"><ele>114.97</ele><time>2024-09-15T01:56:27Z</time></trkpt><trkpt lat="-39.3705779593" lon="-72.6240326744"><ele>116.28</ele><time>2024-09-15T01:56:41Z</time></trkpt><trkpt lat="-39.3698860332" lon="-72.6246625744"><ele>116.13</ele><time>2024-09-15T01:56:55Z</time></trkpt><trkpt lat="-39.3696825206" lon="-72.6248604711"><ele>115.62</ele><time>2024-09-15T01:57:01Z</time></trkpt><trkpt lat="-39.3696452212" lon="-72.6248971000"><ele>115.56</ele><time>2024-09-15T01:57:02Z</time></trkpt><trkpt lat="-39.3691178318" lon="-72.6254023612"><ele>116.10</ele><time>2024-09-15T01:57:12Z</time></trkpt><trkpt lat="-39.3687592540" lon="-72.6257584244"><ele>115.94</ele><time>2024-09-15T01:57:22Z</time></trkpt><trkpt lat="-39.3681626301" lon="-72.6263309922"><ele>115.35</ele><time>2024-09-15T01:57:33Z</time></trkpt><trkpt lat="-39.3675374240" lon="-72.6269475650"><ele>114.33</ele><time>2024-09-15T01:57:47Z</time></trkpt><trkpt lat="-39.3671210110" lon="-72.6273488905"><ele>113.26</ele><time>2024-09-15T01:57:58Z</time></trkpt><trkpt lat="-39.3670969550" lon="-72.6273690071"><ele>113.15</ele><time>2024-09-15T01:58:01Z</time></trkpt><trkpt lat="-39.3670381140" lon="-72.6274418458"><ele>113.25</ele><time>2024-09-15T01:58:04Z</time></trkpt><trkpt lat="-39.3670272175" lon="-72.6274842583"><ele>113.29</ele><time>2024-09-15T01:58:05Z</time></trkpt><trkpt lat="-39.3670252897" lon="-72.6275317837"><ele>113.38</ele><time>2024-09-15T01:58:06Z</time></trkpt><trkpt lat="-39.3670396227" lon="-72.6275840867"><ele>113.29</ele><time>2024-09-15T01:58:07Z</time></trkpt><trkpt lat="-39.3670639303" lon="-72.6276424248"><ele>113.27</ele><time>2024-09-15T01:58:08Z</time></trkpt><trkpt lat="-39.3670958653" lon="-72.6277047023"><ele>113.42</ele><time>2024-09-15T01:58:09Z</time></trkpt><trkpt lat="-39.3675729632" lon="-72.6284895837"><ele>113.42</ele><time>2024-09-15T01:58:22Z</time></trkpt><trkpt lat="-39.3676100951" lon="-72.6285128854"><ele>113.46</ele><time>2024-09-15T01:58:23Z</time></trkpt><trkpt lat="-39.3676454667" lon="-72.6285270508"><ele>113.46</ele><time>2024-09-15T01:58:24Z</time></trkpt><trkpt lat="-39.3676866218" lon="-72.6285236143"><ele>113.53</ele><time>2024-09-15T01:58:25Z</time></trkpt><trkpt lat="-39.3677286152" lon="-72.6285045873"><ele>113.39</ele><time>2024-09-15T01:58:26Z</time></trkpt><trkpt lat="-39.3677751347" lon="-72.6284759212"><ele>113.46</ele><time>2024-09-15T01:58:27Z</time></trkpt><trkpt lat="-39.3678242527" lon="-72.6284341794"><ele>113.55</ele><time>2024-09-15T01:58:28Z</time></trkpt><trkpt lat="-39.3678746279" lon="-72.6283859834"><ele>113.53</ele><time>2024-09-15T01:58:29Z</time></trkpt><trkpt lat="-39.3686588388" lon="-72.6276064664"><ele>114.26</ele><time>2024-09-15T01:58:44Z</time></trkpt><trkpt lat="-39.3693345040" lon="-72.6269467268"><ele>114.95</ele><time>2024-09-15T01:58:58Z</time></trkpt><trkpt lat="-39.3695339095" lon="-72.6267655101"><ele>115.09</ele><time>2024-09-15T01:59:06Z</time></trkpt><trkpt lat="-39.3701368198" lon="-72.6261865720"><ele>115.08</ele><time>2024-09-15T01:59:18Z</time></trkpt><trkpt lat="-39.3703723513" lon="-72.6260414813"><ele>114.63</ele><time>2024-09-15T01:59:26Z</time></trkpt><trkpt lat="-39.3703964073" lon="-72.6260674652"><ele>114.68</ele><time>2024-09-15T01:59:27Z</time></trkpt><trkpt lat="-39.3704213016" lon="-72.6261035074"><ele>114.67</ele><time>2024-09-15T01:59:28Z</time></trkpt><trkpt lat="-39.3704449385" lon="-72.6261433214"><ele>114.47</ele><time>2024-09-15T01:59:29Z</time></trkpt><trkpt lat="-39.3704694975" lon="-72.6261866558"><ele>114.48</ele><time>2024-09-15T01:59:30Z</time></trkpt><trkpt lat="-39.3708506227" lon="-72.6269141212"><ele>113.48</ele><time>2024-09-15T01:59:44Z</time></trkpt><trkpt lat="-39.3713108730" lon="-72.6277002599"><ele>110.43</ele><time>2024-09-15T01:59:55Z</time></trkpt><trkpt lat="-39.3716249429" lon="-72.6282313373"><ele>108.53</ele><time>2024-09-15T02:00:05Z</time></trkpt><trkpt lat="-39.3716215901" lon="-72.6282770187"><ele>108.43</ele><time>2024-09-15T02:00:06Z</time></trkpt><trkpt lat="-39.3716054130" lon="-72.6283224486"><ele>108.44</ele><time>2024-09-15T02:00:07Z</time></trkpt><trkpt lat="-39.3715745676" lon="-72.6283730753"><ele>108.55</ele><time>2024-09-15T02:00:08Z</time></trkpt><trkpt lat="-39.3715272099" lon="-72.6284256298"><ele>108.98</ele><time>2024-09-15T02:00:09Z</time></trkpt><trkpt lat="-39.3714692071" lon="-72.6284827944"><ele>109.55</ele><time>2024-09-15T02:00:10Z</time></trkpt><trkpt lat="-39.3711453304" lon="-72.6287749037"><ele>112.01</ele><time>2024-09-15T02:00:15Z</time></trkpt><trkpt lat="-39.3709193543" lon="-72.6289808471"><ele>115.21</ele><time>2024-09-15T02:00:20Z</time></trkpt><trkpt lat="-39.3708960526" lon="-72.6290059090"><ele>114.15</ele><time>2024-09-15T02:00:21Z</time></trkpt><trkpt lat="-39.3707227986" lon="-72.6291451324"><ele>114.06</ele><time>2024-09-15T02:00:29Z</time></trkpt><trkpt lat="-39.3699895497" lon="-72.6298370585"><ele>114.46</ele><time>2024-09-15T02:00:42Z</time></trkpt><trkpt lat="-39.3692179117" lon="-72.6305739116"><ele>113.34</ele><time>2024-09-15T02:00:56Z</time></trkpt><trkpt lat="-39.3690477591" lon="-72.6307421364"><ele>112.84</ele><time>2024-09-15T02:01:04Z</time></trkpt><trkpt lat="-39.3688191008" lon="-72.6309447270"><ele>112.72</ele><time>2024-09-15T02:01:13Z</time></trkpt><trkpt lat="-39.3683782965" lon="-72.6313486509"><ele>112.66</ele><time>2024-09-15T02:01:23Z</time></trkpt><trkpt lat="-39.3682192918" lon="-72.6315080747"><ele>112.19</ele><time>2024-09-15T02:01:33Z</time></trkpt><trkpt lat="-39.3682304397" lon="-72.6314965915"><ele>112.20</ele><time>2024-09-15T02:01:34Z</time></trkpt><trkpt lat="-39.3682955671" lon="-72.6314048935"><ele>112.49</ele><time>2024-09-15T02:01:48Z</time></trkpt><trkpt lat="-39.3683614489" lon="-72.6313758083"><ele>112.56</ele><time>2024-09-15T02:01:51Z</time></trkpt><trkpt lat="-39.3688703142" lon="-72.6308695413"><ele>112.79</ele><time>2024-09-15T02:02:05Z</time></trkpt><trkpt lat="-39.3689036742" lon="-72.6308286376"><ele>112.37</ele><time>2024-09-15T02:02:08Z</time></trkpt><trkpt lat="-39.3689373694" lon="-72.6307828724"><ele>112.26</ele><time>2024-09-15T02:02:10Z</time></trkpt><trkpt lat="-39.3689676281" lon="-72.6307296474"><ele>112.86</ele><time>2024-09-15T02:02:12Z</time></trkpt><trkpt lat="-39.3689762615" lon="-72.6306943595"><ele>112.96</ele><time>2024-09-15T02:02:13Z</time></trkpt><trkpt lat="-39.3689755909" lon="-72.6306511089"><ele>112.96</ele><time>2024-09-15T02:02:14Z</time></trkpt><trkpt lat="-39.3689636886" lon="-72.6306021586"><ele>113.00</ele><time>2024-09-15T02:02:15Z</time></trkpt><trkpt lat="-39.3689360283" lon="-72.6305494364"><ele>112.90</ele><time>2024-09-15T02:02:16Z</time></trkpt><trkpt lat="-39.3689011596" lon="-72.6304947026"><ele>112.79</ele><time>2024-09-15T02:02:17Z</time></trkpt><trkpt lat="-39.3688643631" lon="-72.6304349396"><ele>112.95</ele><time>2024-09-15T02:02:18Z</time></trkpt><trkpt lat="-39.3682789709" lon="-72.6294558495"><ele>113.41</ele><time>2024-09-15T02:02:32Z</time></trkpt><trkpt lat="-39.3674297165" lon="-72.6280323509"><ele>113.73</ele><time>2024-09-15T02:02:49Z</time></trkpt><trkpt lat="-39.3667047657" lon="-72.6267895661"><ele>113.94</ele><time>2024-09-15T02:03:04Z</time></trkpt><trkpt lat="-39.3661022745" lon="-72.6257590950"><ele>114.27</ele><time>2024-09-15T02:03:18Z</time></trkpt><trkpt lat="-39.3658001907" lon="-72.6252316218"><ele>114.19</ele><time>2024-09-15T02:03:29Z</time></trkpt><trkpt lat="-39.3656995241" lon="-72.6251696795"><ele>114.71</ele><time>2024-09-15T02:03:32Z</time></trkpt><trkpt lat="-39.3656456284" lon="-72.6251749601"><ele>114.81</ele><time>2024-09-15T02:03:33Z</time></trkpt><trkpt lat="-39.3655872904" lon="-72.6252015308"><ele>114.95</ele><time>2024-09-15T02:03:34Z</time></trkpt><trkpt lat="-39.3655292038" lon="-72.6252462063"><ele>114.75</ele><time>2024-09-15T02:03:35Z</time></trkpt><trkpt lat="-39.3654707819" lon="-72.6253004372"><ele>114.58</ele><time>2024-09-15T02:03:36Z</time></trkpt><trkpt lat="-39.3648941070" lon="-72.6258712448"><ele>114.47</ele><time>2024-09-15T02:03:48Z</time></trkpt><trkpt lat="-39.3648607470" lon="-72.6259014197"><ele>114.46</ele><time>2024-09-15T02:03:52Z</time></trkpt><trkpt lat="-39.3648366071" lon="-72.6259280741"><ele>114.00</ele><time>2024-09-15T02:03:55Z</time></trkpt><trkpt lat="-39.3647443224" lon="-72.6261233725"><ele>114.26</ele><time>2024-09-15T02:04:01Z</time></trkpt><trkpt lat="-39.3647558894" lon="-72.6261763461"><ele>114.20</ele><time>2024-09-15T02:04:02Z</time></trkpt><trkpt lat="-39.3647767603" lon="-72.6262292359"><ele>113.90</ele><time>2024-09-15T02:04:03Z</time></trkpt><trkpt lat="-39.3648055103" lon="-72.6262866519"><ele>113.91</ele><time>2024-09-15T02:04:04Z</time></trkpt><trkpt lat="-39.3648376130" lon="-72.6263496000"><ele>113.98</ele><time>2024-09-15T02:04:05Z</time></trkpt><trkpt lat="-39.3654332310" lon="-72.6273491420"><ele>114.17</ele><time>2024-09-15T02:04:20Z</time></trkpt><trkpt lat="-39.3661410827" lon="-72.6285583153"><ele>113.18</ele><time>2024-09-15T02:04:37Z</time></trkpt><trkpt lat="-39.3668619264" lon="-72.6298179477"><ele>112.63</ele><time>2024-09-15T02:04:53Z</time></trkpt><trkpt lat="-39.3675334007" lon="-72.6310339943"><ele>112.44</ele><time>2024-09-15T02:05:10Z</time></trkpt><trkpt lat="-39.3679371569" lon="-72.6317519043"><ele>111.71</ele><time>2024-09-15T02:05:23Z</time></trkpt><trkpt lat="-39.3679223210" lon="-72.6317922212"><ele>111.64</ele><time>2024-09-15T02:05:24Z</time></trkpt><trkpt lat="-39.3678927328" lon="-72.6318315323"><ele>112.09</ele><time>2024-09-15T02:05:25Z</time></trkpt><trkpt lat="-39.3678524997" lon="-72.6318722684"><ele>112.25</ele><time>2024-09-15T02:05:26Z</time></trkpt><trkpt lat="-39.3673656788" lon="-72.6323300879"><ele>111.72</ele><time>2024-09-15T02:05:36Z</time></trkpt><trkpt lat="-39.3673301395" lon="-72.6323528867"><ele>111.54</ele><time>2024-09-15T02:05:37Z</time></trkpt><trkpt lat="-39.3672993779" lon="-72.6323585026"><ele>111.36</ele><time>2024-09-15T02:05:38Z</time></trkpt><trkpt lat="-39.3672718853" lon="-72.6323492825"><ele>111.59</ele><time>2024-09-15T02:05:39Z</time></trkpt><trkpt lat="-39.3672420457" lon="-72.6323283277"><ele>111.56</ele><time>2024-09-15T02:05:40Z</time></trkpt><trkpt lat="-39.3672094401" lon="-72.6323004998"><ele>111.76</ele><time>2024-09-15T02:05:41Z</time></trkpt><trkpt lat="-39.3667767663" lon="-72.6318026986"><ele>111.80</ele><time>2024-09-15T02:05:53Z</time></trkpt><trkpt lat="-39.3665631954" lon="-72.6313599665"><ele>111.58</ele><time>2024-09-15T02:06:04Z</time></trkpt><trkpt lat="-39.3665859941" lon="-72.6313204877"><ele>111.58</ele><time>2024-09-15T02:06:05Z</time></trkpt><trkpt lat="-39.3666237127" lon="-72.6312811766"><ele>111.58</ele><time>2024-09-15T02:06:06Z</time></trkpt><trkpt lat="-39.3671899103" lon="-72.6307557989"><ele>112.11</ele><time>2024-09-15T02:06:16Z</time></trkpt><trkpt lat="-39.3673401140" lon="-72.6306494325"><ele>111.14</ele><time>2024-09-15T02:06:22Z</time></trkpt><trkpt lat="-39.3673703726" lon="-72.6306708902"><ele>111.18</ele><time>2024-09-15T02:06:23Z</time></trkpt><trkpt lat="-39.3674053252" lon="-72.6307164878"><ele>112.31</ele><time>2024-09-15T02:06:24Z</time></trkpt><trkpt lat="-39.3674455583" lon="-72.6307833754"><ele>112.69</ele><time>2024-09-15T02:06:25Z</time></trkpt><trkpt lat="-39.3674907368" lon="-72.6308629196"><ele>112.42</ele><time>2024-09-15T02:06:26Z</time></trkpt><trkpt lat="-39.3681194633" lon="-72.6319912076"><ele>111.96</ele><time>2024-09-15T02:06:41Z</time></trkpt><trkpt lat="-39.3685354572" lon="-72.6327019930"><ele>111.60</ele><time>2024-09-15T02:06:55Z</time></trkpt><trkpt lat="-39.3685496226" lon="-72.6327045076"><ele>111.41</ele><time>2024-09-15T02:07:13Z</time></trkpt><trkpt lat="-39.3685746845" lon="-72.6327147335"><ele>111.70</ele><time>2024-09-15T02:07:32Z</time></trkpt><trkpt lat="-39.3685958069" lon="-72.6327283960"><ele>111.61</ele><time>2024-09-15T02:07:33Z</time></trkpt><trkpt lat="-39.3686756864" lon="-72.6327300724"><ele>111.65</ele><time>2024-09-15T02:07:35Z</time></trkpt><trkpt lat="-39.3687224574" lon="-72.6327075250"><ele>111.71</ele><time>2024-09-15T02:07:36Z</time></trkpt><trkpt lat="-39.3687729165" lon="-72.6326696388"><ele>111.66</ele><time>2024-09-15T02:07:37Z</time></trkpt><trkpt lat="-39.3694007210" lon="-72.6320877671"><ele>111.82</ele><time>2024-09-15T02:07:50Z</time></trkpt><trkpt lat="-39.3694925029" lon="-72.6320032775"><ele>111.79</ele><time>2024-09-15T02:07:59Z</time></trkpt><trkpt lat="-39.3695049919" lon="-72.6319832448"><ele>111.67</ele><time>2024-09-15T02:08:17Z</time></trkpt><trkpt lat="-39.3695945945" lon="-72.6318983361"><ele>111.86</ele><time>2024-09-15T02:08:20Z</time></trkpt><trkpt lat="-39.3701099139" lon="-72.6313983556"><ele>112.68</ele><time>2024-09-15T02:08:31Z</time></trkpt><trkpt lat="-39.3705599383" lon="-72.6309617423"><ele>112.91</ele><time>2024-09-15T02:08:43Z</time></trkpt><trkpt lat="-39.3712545466" lon="-72.6302838977"><ele>111.87</ele><time>2024-09-15T02:08:59Z</time></trkpt><trkpt lat="-39.3717241846" lon="-72.6298164390"><ele>108.67</ele><time>2024-09-15T02:09:11Z</time></trkpt><trkpt lat="-39.3721985165" lon="-72.6293858606"><ele>106.91</ele><time>2024-09-15T02:09:25Z</time></trkpt><trkpt lat="-39.3722157832" lon="-72.6293820888"><ele>106.70</ele><time>2024-09-15T02:09:30Z</time></trkpt><trkpt lat="-39.3722345587" lon="-72.6293820050"><ele>106.73</ele><time>2024-09-15T02:09:31Z</time></trkpt><trkpt lat="-39.3722866941" lon="-72.6294097491"><ele>106.86</ele><time>2024-09-15T02:09:33Z</time></trkpt><trkpt lat="-39.3723161984" lon="-72.6294510718"><ele>107.00</ele><time>2024-09-15T02:09:34Z</time></trkpt><trkpt lat="-39.3727091420" lon="-72.6301054470"><ele>106.92</ele><time>2024-09-15T02:09:43Z</time></trkpt><trkpt lat="-39.3728587590" lon="-72.6305172499"><ele>106.50</ele><time>2024-09-15T02:09:51Z</time></trkpt><trkpt lat="-39.3728252314" lon="-72.6305663679"><ele>106.77</ele><time>2024-09-15T02:09:52Z</time></trkpt><trkpt lat="-39.3727790471" lon="-72.6306164078"><ele>106.82</ele><time>2024-09-15T02:09:53Z</time></trkpt><trkpt lat="-39.3721965048" lon="-72.6311851200"><ele>108.33</ele><time>2024-09-15T02:10:02Z</time></trkpt><trkpt lat="-39.3718660902" lon="-72.6315083262"><ele>109.64</ele><time>2024-09-15T02:10:10Z</time></trkpt><trkpt lat="-39.3712623417" lon="-72.6320948917"><ele>112.13</ele><time>2024-09-15T02:10:21Z</time></trkpt><trkpt lat="-39.3708264828" lon="-72.6325018331"><ele>113.12</ele><time>2024-09-15T02:10:30Z</time></trkpt><trkpt lat="-39.3703623768" lon="-72.6329511032"><ele>112.17</ele><time>2024-09-15T02:10:40Z</time></trkpt><trkpt lat="-39.3700173777" lon="-72.6332832780"><ele>112.51</ele><time>2024-09-15T02:10:48Z</time></trkpt><trkpt lat="-39.3694339134" lon="-72.6338674966"><ele>111.13</ele><time>2024-09-15T02:11:00Z</time></trkpt><trkpt lat="-39.3693284690" lon="-72.6340672374"><ele>111.33</ele><time>2024-09-15T02:11:07Z</time></trkpt><trkpt lat="-39.3693552073" lon="-72.6341185346"><ele>111.26</ele><time>2024-09-15T02:11:08Z</time></trkpt><trkpt lat="-39.3697734643" lon="-72.6348140649"><ele>111.81</ele><time>2024-09-15T02:11:19Z</time></trkpt><trkpt lat="-39.3699579500" lon="-72.6350423880"><ele>111.27</ele><time>2024-09-15T02:11:28Z</time></trkpt><trkpt lat="-39.3702405039" lon="-72.6347708143"><ele>111.62</ele><time>2024-09-15T02:11:37Z</time></trkpt><trkpt lat="-39.3707416579" lon="-72.6342694927"><ele>112.14</ele><time>2024-09-15T02:11:49Z</time></trkpt><trkpt lat="-39.3709068652" lon="-72.6341052912"><ele>112.19</ele><time>2024-09-15T02:11:58Z</time></trkpt><trkpt lat="-39.3713784311" lon="-72.6336423587"><ele>111.06</ele><time>2024-09-15T02:12:13Z</time></trkpt><trkpt lat="-39.3717540242" lon="-72.6332797576"><ele>108.91</ele><time>2024-09-15T02:12:27Z</time></trkpt><trkpt lat="-39.3717725482" lon="-72.6332557015"><ele>108.96</ele><time>2024-09-15T02:12:33Z</time></trkpt><trkpt lat="-39.3718532659" lon="-72.6331726369"><ele>108.79</ele><time>2024-09-15T02:12:36Z</time></trkpt><trkpt lat="-39.3724593613" lon="-72.6326095406"><ele>108.56</ele><time>2024-09-15T02:12:49Z</time></trkpt><trkpt lat="-39.3728141673" lon="-72.6322787069"><ele>108.01</ele><time>2024-09-15T02:12:58Z</time></trkpt><trkpt lat="-39.3734519463" lon="-72.6316944044"><ele>106.87</ele><time>2024-09-15T02:13:10Z</time></trkpt><trkpt lat="-39.3738235161" lon="-72.6313152071"><ele>106.50</ele><time>2024-09-15T02:13:20Z</time></trkpt><trkpt lat="-39.3742461316" lon="-72.6309233531"><ele>106.14</ele><time>2024-09-15T02:13:34Z</time></trkpt><trkpt lat="-39.3745690864" lon="-72.6305967104"><ele>106.34</ele><time>2024-09-15T02:13:44Z</time></trkpt><trkpt lat="-39.3752066139" lon="-72.6300036069"><ele>105.15</ele><time>2024-09-15T02:13:56Z</time></trkpt><trkpt lat="-39.3752493616" lon="-72.6299699116"><ele>104.99</ele><time>2024-09-15T02:13:57Z</time></trkpt><trkpt lat="-39.3752911873" lon="-72.6299527287"><ele>104.68</ele><time>2024-09-15T02:13:58Z</time></trkpt><trkpt lat="-39.3753333483" lon="-72.6299601886"><ele>104.60</ele><time>2024-09-15T02:13:59Z</time></trkpt><trkpt lat="-39.3753727432" lon="-72.6299885195"><ele>104.97</ele><time>2024-09-15T02:14:00Z</time></trkpt><trkpt lat="-39.3754117191" lon="-72.6300414931"><ele>105.13</ele><time>2024-09-15T02:14:01Z</time></trkpt><trkpt lat="-39.3754479289" lon="-72.6301100571"><ele>105.07</ele><time>2024-09-15T02:14:02Z</time></trkpt><trkpt lat="-39.3754852284" lon="-72.6301836502"><ele>105.19</ele><time>2024-09-15T02:14:03Z</time></trkpt><trkpt lat="-39.3758909963" lon="-72.6309345011"><ele>105.25</ele><time>2024-09-15T02:14:13Z</time></trkpt><trkpt lat="-39.3759069219" lon="-72.6309894864"><ele>105.20</ele><time>2024-09-15T02:14:14Z</time></trkpt><trkpt lat="-39.3759074248" lon="-72.6310400292"><ele>104.89</ele><time>2024-09-15T02:14:15Z</time></trkpt><trkpt lat="-39.3758857995" lon="-72.6310973614"><ele>105.36</ele><time>2024-09-15T02:14:16Z</time></trkpt><trkpt lat="-39.3758502603" lon="-72.6311510056"><ele>105.45</ele><time>2024-09-15T02:14:17Z</time></trkpt><trkpt lat="-39.3758024834" lon="-72.6312047336"><ele>105.49</ele><time>2024-09-15T02:14:18Z</time></trkpt><trkpt lat="-39.3757482525" lon="-72.6312599704"><ele>105.46</ele><time>2024-09-15T02:14:19Z</time></trkpt><trkpt lat="-39.3751414865" lon="-72.6318563428"><ele>105.50</ele><time>2024-09-15T02:14:32Z</time></trkpt><trkpt lat="-39.3745969981" lon="-72.6323973108"><ele>106.24</ele><time>2024-09-15T02:14:44Z</time></trkpt><trkpt lat="-39.3742589559" lon="-72.6327314973"><ele>106.58</ele><time>2024-09-15T02:14:53Z</time></trkpt><trkpt lat="-39.3739001267" lon="-72.6330858842"><ele>107.62</ele><time>2024-09-15T02:15:02Z</time></trkpt><trkpt lat="-39.3733941112" lon="-72.6335614733"><ele>107.62</ele><time>2024-09-15T02:15:16Z</time></trkpt><trkpt lat="-39.3730305880" lon="-72.6339216437"><ele>108.10</ele><time>2024-09-15T02:15:25Z</time></trkpt><trkpt lat="-39.3723964971" lon="-72.6345247217"><ele>107.94</ele><time>2024-09-15T02:15:39Z</time></trkpt><trkpt lat="-39.3716755696" lon="-72.6352083497"><ele>109.76</ele><time>2024-09-15T02:15:55Z</time></trkpt><trkpt lat="-39.3716421258" lon="-72.6352452300"><ele>109.83</ele><time>2024-09-15T02:16:01Z</time></trkpt><trkpt lat="-39.3715715501" lon="-72.6353244390"><ele>110.17</ele><time>2024-09-15T02:16:04Z</time></trkpt><trkpt lat="-39.3710645288" lon="-72.6358083263"><ele>111.37</ele><time>2024-09-15T02:16:16Z</time></trkpt><trkpt lat="-39.3707559071" lon="-72.6361078955"><ele>111.48</ele><time>2024-09-15T02:16:27Z</time></trkpt><trkpt lat="-39.3707360420" lon="-72.6361305267"><ele>111.38</ele><time>2024-09-15T02:16:31Z</time></trkpt><trkpt lat="-39.3706792127" lon="-72.6362101547"><ele>111.45</ele><time>2024-09-15T02:16:34Z</time></trkpt><trkpt lat="-39.3706636224" lon="-72.6362503879"><ele>111.58</ele><time>2024-09-15T02:16:35Z</time></trkpt><trkpt lat="-39.3706554919" lon="-72.6362999249"><ele>111.79</ele><time>2024-09-15T02:16:36Z</time></trkpt><trkpt lat="-39.3706617784" lon="-72.6363515574"><ele>111.74</ele><time>2024-09-15T02:16:37Z</time></trkpt><trkpt lat="-39.3706836551" lon="-72.6364007592"><ele>111.65</ele><time>2024-09-15T02:16:38Z</time></trkpt><trkpt lat="-39.3707169313" lon="-72.6364577562"><ele>111.63</ele><time>2024-09-15T02:16:39Z</time></trkpt><trkpt lat="-39.3707590923" lon="-72.6365168486"><ele>111.69</ele><time>2024-09-15T02:16:40Z</time></trkpt><trkpt lat="-39.3712597433" lon="-72.6373624988"><ele>110.97</ele><time>2024-09-15T02:16:54Z</time></trkpt><trkpt lat="-39.3713239487" lon="-72.6374127064"><ele>110.83</ele><time>2024-09-15T02:16:56Z</time></trkpt><trkpt lat="-39.3713651877" lon="-72.6374098565"><ele>110.79</ele><time>2024-09-15T02:16:57Z</time></trkpt><trkpt lat="-39.3714081030" lon="-72.6373867225"><ele>110.54</ele><time>2024-09-15T02:16:58Z</time></trkpt><trkpt lat="-39.3714485876" lon="-72.6373557094"><ele>110.58</ele><time>2024-09-15T02:16:59Z</time></trkpt><trkpt lat="-39.3714925088" lon="-72.6373174042"><ele>110.41</ele><time>2024-09-15T02:17:00Z</time></trkpt><trkpt lat="-39.3722422700" lon="-72.6365689002"><ele>107.96</ele><time>2024-09-15T02:17:15Z</time></trkpt><trkpt lat="-39.3724498898" lon="-72.6363623701"><ele>107.78</ele><time>2024-09-15T02:17:19Z</time></trkpt><trkpt lat="-39.3725113291" lon="-72.6362983324"><ele>107.81</ele><time>2024-09-15T02:17:20Z</time></trkpt><trkpt lat="-39.3730704021" lon="-72.6357669197"><ele>107.32</ele><time>2024-09-15T02:17:30Z</time></trkpt><trkpt lat="-39.3731517065" lon="-72.6356739644"><ele>107.39</ele><time>2024-09-15T02:17:32Z</time></trkpt><trkpt lat="-39.3733656965" lon="-72.6354710385"><ele>107.37</ele><time>2024-09-15T02:17:36Z</time></trkpt><trkpt lat="-39.3734799419" lon="-72.6353656780"><ele>107.52</ele><time>2024-09-15T02:17:38Z</time></trkpt><trkpt lat="-39.3738038186" lon="-72.6350430585"><ele>107.77</ele><time>2024-09-15T02:17:44Z</time></trkpt><trkpt lat="-39.3740800861" lon="-72.6347794477"><ele>107.76</ele><time>2024-09-15T02:17:50Z</time></trkpt><trkpt lat="-39.3741233367" lon="-72.6347378734"><ele>107.72</ele><time>2024-09-15T02:17:51Z</time></trkpt><trkpt lat="-39.3744901288" lon="-72.6344254799"><ele>107.36</ele><time>2024-09-15T02:18:00Z</time></trkpt><trkpt lat="-39.3748646323" lon="-72.6340607833"><ele>106.84</ele><time>2024-09-15T02:18:08Z</time></trkpt><trkpt lat="-39.3757934310" lon="-72.6331385225"><ele>106.54</ele><time>2024-09-15T02:18:23Z</time></trkpt><trkpt lat="-39.3771111500" lon="-72.6317394152"><ele>109.44</ele><time>2024-09-15T02:18:43Z</time></trkpt><trkpt lat="-39.3779042456" lon="-72.6309833676"><ele>109.03</ele><time>2024-09-15T02:18:58Z</time></trkpt><trkpt lat="-39.3780924194" lon="-72.6308353432"><ele>108.85</ele><time>2024-09-15T02:19:05Z</time></trkpt><trkpt lat="-39.3781510089" lon="-72.6308078505"><ele>108.89</ele><time>2024-09-15T02:19:06Z</time></trkpt><trkpt lat="-39.3790354673" lon="-72.6304322574"><ele>108.18</ele><time>2024-09-15T02:19:19Z</time></trkpt><trkpt lat="-39.3801997975" lon="-72.6299519744"><ele>108.32</ele><time>2024-09-15T02:19:35Z</time></trkpt><trkpt lat="-39.3808683380" lon="-72.6296488009"><ele>108.68</ele><time>2024-09-15T02:19:47Z</time></trkpt><trkpt lat="-39.3819559738" lon="-72.6291703619"><ele>109.04</ele><time>2024-09-15T02:20:07Z</time></trkpt><trkpt lat="-39.3825529329" lon="-72.6288952678"><ele>109.08</ele><time>2024-09-15T02:20:20Z</time></trkpt><trkpt lat="-39.3829783145" lon="-72.6287226845"><ele>109.65</ele><time>2024-09-15T02:20:31Z</time></trkpt><trkpt lat="-39.3830925599" lon="-72.6286707167"><ele>109.65</ele><time>2024-09-15T02:20:42Z</time></trkpt><trkpt lat="-39.3831214774" lon="-72.6286591496"><ele>109.61</ele><time>2024-09-15T02:20:44Z</time></trkpt><trkpt lat="-39.3835563306" lon="-72.6284750830"><ele>110.28</ele><time>2024-09-15T02:20:56Z</time></trkpt><trkpt lat="-39.3837388884" lon="-72.6283550542"><ele>110.55</ele><time>2024-09-15T02:21:02Z</time></trkpt><trkpt lat="-39.3837347813" lon="-72.6283211913"><ele>110.41</ele><time>2024-09-15T02:21:03Z</time></trkpt><trkpt lat="-39.3837156706" lon="-72.6282879151"><ele>110.40</ele><time>2024-09-15T02:21:04Z</time></trkpt><trkpt lat="-39.3836885132" lon="-72.6282579079"><ele>110.42</ele><time>2024-09-15T02:21:05Z</time></trkpt><trkpt lat="-39.3836586736" lon="-72.6282316726"><ele>110.31</ele><time>2024-09-15T02:21:06Z</time></trkpt><trkpt lat="-39.3833024427" lon="-72.6278652996"><ele>110.43</ele><time>2024-09-15T02:21:18Z</time></trkpt><trkpt lat="-39.3829352316" lon="-72.6276249904"><ele>110.34</ele><time>2024-09-15T02:21:30Z</time></trkpt><trkpt lat="-39.3825866282" lon="-72.6277741883"><ele>109.67</ele><time>2024-09-15T02:21:43Z</time></trkpt><trkpt lat="-39.3822547048" lon="-72.6279279962"><ele>109.13</ele><time>2024-09-15T02:21:56Z</time></trkpt><trkpt lat="-39.3820885755" lon="-72.6280038524"><ele>109.17</ele><time>2024-09-15T02:22:08Z</time></trkpt><trkpt lat="-39.3819873221" lon="-72.6280605979"><ele>109.17</ele><time>2024-09-15T02:22:20Z</time></trkpt><trkpt lat="-39.3819646072" lon="-72.6280750986"><ele>109.16</ele><time>2024-09-15T02:22:22Z</time></trkpt><trkpt lat="-39.3819535431" lon="-72.6280766912"><ele>109.08</ele><time>2024-09-15T02:22:23Z</time></trkpt><trkpt lat="-39.3819442391" lon="-72.6280762721"><ele>109.07</ele><time>2024-09-15T02:22:24Z</time></trkpt><trkpt lat="-39.3819284812" lon="-72.6280813012"><ele>109.02</ele><time>2024-09-15T02:22:25Z</time></trkpt><trkpt lat="-39.3819069397" lon="-72.6280892640"><ele>108.93</ele><time>2024-09-15T02:22:26Z</time></trkpt><trkpt lat="-39.3818822969" lon="-72.6280974783"><ele>108.97</ele><time>2024-09-15T02:22:27Z</time></trkpt><trkpt lat="-39.3816174287" lon="-72.6281974744"><ele>108.59</ele><time>2024-09-15T02:22:42Z</time></trkpt><trkpt lat="-39.3813867588" lon="-72.6283062715"><ele>108.72</ele><time>2024-09-15T02:22:53Z</time></trkpt><trkpt lat="-39.3813539017" lon="-72.6283679623"><ele>108.78</ele><time>2024-09-15T02:23:00Z</time></trkpt><trkpt lat="-39.3813540693" lon="-72.6283864025"><ele>108.63</ele><time>2024-09-15T02:23:01Z</time></trkpt><trkpt lat="-39.3813544046" lon="-72.6284025796"><ele>108.57</ele><time>2024-09-15T02:23:02Z</time></trkpt><trkpt lat="-39.3813611940" lon="-72.6284285635"><ele>108.68</ele><time>2024-09-15T02:23:04Z</time></trkpt><trkpt lat="-39.3814556580" lon="-72.6287573855"><ele>108.74</ele><time>2024-09-15T02:23:16Z</time></trkpt><trkpt lat="-39.3815580849" lon="-72.6291678473"><ele>108.64</ele><time>2024-09-15T02:23:28Z</time></trkpt><trkpt lat="-39.3816059455" lon="-72.6292728726"><ele>108.31</ele><time>2024-09-15T02:23:41Z</time></trkpt><trkpt lat="-39.3815253116" lon="-72.6293663308"><ele>108.45</ele><time>2024-09-15T02:23:45Z</time></trkpt><trkpt lat="-39.3814784568" lon="-72.6293896325"><ele>108.44</ele><time>2024-09-15T02:23:46Z</time></trkpt><trkpt lat="-39.3814223818" lon="-72.6294114254"><ele>108.62</ele><time>2024-09-15T02:23:47Z</time></trkpt><trkpt lat="-39.3807262648" lon="-72.6296849269"><ele>108.21</ele><time>2024-09-15T02:23:59Z</time></trkpt><trkpt lat="-39.3805507477" lon="-72.6297292672"><ele>107.93</ele><time>2024-09-15T02:24:04Z</time></trkpt><trkpt lat="-39.3805264402" lon="-72.6297073066"><ele>108.02</ele><time>2024-09-15T02:24:05Z</time></trkpt><trkpt lat="-39.3805063237" lon="-72.6296781376"><ele>108.15</ele><time>2024-09-15T02:24:06Z</time></trkpt><trkpt lat="-39.3804918230" lon="-72.6296402514"><ele>108.13</ele><time>2024-09-15T02:24:07Z</time></trkpt><trkpt lat="-39.3804789986" lon="-72.6296012755"><ele>108.25</ele><time>2024-09-15T02:24:08Z</time></trkpt><trkpt lat="-39.3804677669" lon="-72.6295612939"><ele>108.22</ele><time>2024-09-15T02:24:09Z</time></trkpt><trkpt lat="-39.3802942615" lon="-72.6289862115"><ele>108.33</ele><time>2024-09-15T02:24:25Z</time></trkpt><trkpt lat="-39.3801127095" lon="-72.6282708161"><ele>108.58</ele><time>2024-09-15T02:24:43Z</time></trkpt><trkpt lat="-39.3800502643" lon="-72.6279290020"><ele>108.37</ele><time>2024-09-15T02:24:53Z</time></trkpt><trkpt lat="-39.3800606579" lon="-72.6279067900"><ele>108.28</ele><time>2024-09-15T02:24:54Z</time></trkpt><trkpt lat="-39.3800713029" lon="-72.6278864220"><ele>108.38</ele><time>2024-09-15T02:24:55Z</time></trkpt><trkpt lat="-39.3800916709" lon="-72.6278650481"><ele>108.41</ele><time>2024-09-15T02:24:56Z</time></trkpt><trkpt lat="-39.3801189959" lon="-72.6278450992"><ele>108.48</ele><time>2024-09-15T02:24:57Z</time></trkpt><trkpt lat="-39.3801490031" lon="-72.6278281678"><ele>108.66</ele><time>2024-09-15T02:24:58Z</time></trkpt><trkpt lat="-39.3806691002" lon="-72.6276187878"><ele>108.96</ele><time>2024-09-15T02:25:14Z</time></trkpt><trkpt lat="-39.3810373172" lon="-72.6274389122"><ele>108.51</ele><time>2024-09-15T02:25:28Z</time></trkpt><trkpt lat="-39.3809881993" lon="-72.6271213219"><ele>108.58</ele><time>2024-09-15T02:25:39Z</time></trkpt><trkpt lat="-39.3810757902" lon="-72.6269164681"><ele>108.94</ele><time>2024-09-15T02:25:50Z</time></trkpt><trkpt lat="-39.3815156724" lon="-72.6267110277"><ele>109.16</ele><time>2024-09-15T02:26:05Z</time></trkpt><trkpt lat="-39.3815901037" lon="-72.6266775839"><ele>109.27</ele><time>2024-09-15T02:26:10Z</time></trkpt><trkpt lat="-39.3816035986" lon="-72.6266850438"><ele>109.14</ele><time>2024-09-15T02:26:11Z</time></trkpt><trkpt lat="-39.3816172611" lon="-72.6266998798"><ele>109.22</ele><time>2024-09-15T02:26:12Z</time></trkpt><trkpt lat="-39.3816279899" lon="-72.6267184876"><ele>109.13</ele><time>2024-09-15T02:26:13Z</time></trkpt><trkpt lat="-39.3816392217" lon="-72.6267365925"><ele>109.08</ele><time>2024-09-15T02:26:14Z</time></trkpt><trkpt lat="-39.3816460948" lon="-72.6267587207"><ele>109.11</ele><time>2024-09-15T02:26:15Z</time></trkpt><trkpt lat="-39.3816566560" lon="-72.6267836150"><ele>109.14</ele><time>2024-09-15T02:26:16Z</time></trkpt><trkpt lat="-39.3816645350" lon="-72.6268133707"><ele>109.14</ele><time>2024-09-15T02:26:17Z</time></trkpt><trkpt lat="-39.3817422353" lon="-72.6270669233"><ele>108.83</ele><time>2024-09-15T02:26:28Z</time></trkpt><trkpt lat="-39.3817364518" lon="-72.6270848606"><ele>108.94</ele><time>2024-09-15T02:26:29Z</time></trkpt><trkpt lat="-39.3817263935" lon="-72.6271016244"><ele>108.91</ele><time>2024-09-15T02:26:30Z</time></trkpt><trkpt lat="-39.3817122281" lon="-72.6271176338"><ele>108.93</ele><time>2024-09-15T02:26:31Z</time></trkpt><trkpt lat="-39.3816948775" lon="-72.6271335594"><ele>108.87</ele><time>2024-09-15T02:26:32Z</time></trkpt><trkpt lat="-39.3816759344" lon="-72.6271481439"><ele>109.09</ele><time>2024-09-15T02:26:33Z</time></trkpt><trkpt lat="-39.3812856730" lon="-72.6273316238"><ele>108.67</ele><time>2024-09-15T02:26:46Z</time></trkpt><trkpt lat="-39.3808625545" lon="-72.6275567617"><ele>108.52</ele><time>2024-09-15T02:27:00Z</time></trkpt><trkpt lat="-39.3804463092" lon="-72.6277306024"><ele>108.61</ele><time>2024-09-15T02:27:14Z</time></trkpt><trkpt lat="-39.3804365024" lon="-72.6277478691"><ele>108.55</ele><time>2024-09-15T02:27:15Z</time></trkpt><trkpt lat="-39.3804290425" lon="-72.6277708355"><ele>108.48</ele><time>2024-09-15T02:27:16Z</time></trkpt><trkpt lat="-39.3804279529" lon="-72.6277956460"><ele>108.52</ele><time>2024-09-15T02:27:17Z</time></trkpt><trkpt lat="-39.3804309703" lon="-72.6278190315"><ele>108.42</ele><time>2024-09-15T02:27:18Z</time></trkpt><trkpt lat="-39.3804352451" lon="-72.6278416626"><ele>108.38</ele><time>2024-09-15T02:27:19Z</time></trkpt><trkpt lat="-39.3805459701" lon="-72.6282839756"><ele>108.82</ele><time>2024-09-15T02:27:32Z</time></trkpt><trkpt lat="-39.3806184735" lon="-72.6285991352"><ele>108.80</ele><time>2024-09-15T02:27:44Z</time></trkpt><trkpt lat="-39.3806278612" lon="-72.6286248676"><ele>108.76</ele><time>2024-09-15T02:27:47Z</time></trkpt><trkpt lat="-39.3806380872" lon="-72.6286428887"><ele>108.71</ele><time>2024-09-15T02:27:48Z</time></trkpt><trkpt lat="-39.3806468043" lon="-72.6286645979"><ele>108.78</ele><time>2024-09-15T02:27:49Z</time></trkpt><trkpt lat="-39.3806543481" lon="-72.6286943536"><ele>108.86</ele><time>2024-09-15T02:27:50Z</time></trkpt><trkpt lat="-39.3806628976" lon="-72.6287262049"><ele>108.82</ele><time>2024-09-15T02:27:51Z</time></trkpt><trkpt lat="-39.3806752190" lon="-72.6287644263"><ele>108.73</ele><time>2024-09-15T02:27:52Z</time></trkpt><trkpt lat="-39.3806896359" lon="-72.6288066711"><ele>108.71</ele><time>2024-09-15T02:27:53Z</time></trkpt><trkpt lat="-39.3806989398" lon="-72.6288523525"><ele>108.79</ele><time>2024-09-15T02:27:54Z</time></trkpt><trkpt lat="-39.3808575254" lon="-72.6294056419"><ele>108.22</ele><time>2024-09-15T02:28:07Z</time></trkpt><trkpt lat="-39.3809162825" lon="-72.6295427699"><ele>108.03</ele><time>2024-09-15T02:28:14Z</time></trkpt><trkpt lat="-39.3809300289" lon="-72.6295536663"><ele>108.15</ele><time>2024-09-15T02:28:15Z</time></trkpt><trkpt lat="-39.3810484651" lon="-72.6295907982"><ele>108.30</ele><time>2024-09-15T02:28:21Z</time></trkpt><trkpt lat="-39.3810645584" lon="-72.6296172012"><ele>108.24</ele><time>2024-09-15T02:28:22Z</time></trkpt><trkpt lat="-39.3810763769" lon="-72.6296467893"><ele>108.27</ele><time>2024-09-15T02:28:23Z</time></trkpt><trkpt lat="-39.3810825795" lon="-72.6296785567"><ele>108.27</ele><time>2024-09-15T02:28:24Z</time></trkpt><trkpt lat="-39.3810904585" lon="-72.6297125034"><ele>108.28</ele><time>2024-09-15T02:28:25Z</time></trkpt><trkpt lat="-39.3812830746" lon="-72.6304330956"><ele>108.40</ele><time>2024-09-15T02:28:39Z</time></trkpt><trkpt lat="-39.3814010918" lon="-72.6308287214"><ele>108.18</ele><time>2024-09-15T02:28:50Z</time></trkpt><trkpt lat="-39.3814895209" lon="-72.6311732177"><ele>108.16</ele><time>2024-09-15T02:28:57Z</time></trkpt><trkpt lat="-39.3815053627" lon="-72.6312310528"><ele>108.28</ele><time>2024-09-15T02:28:58Z</time></trkpt><trkpt lat="-39.3816534709" lon="-72.6318192109"><ele>107.68</ele><time>2024-09-15T02:29:12Z</time></trkpt><trkpt lat="-39.3814823125" lon="-72.6321419142"><ele>107.74</ele><time>2024-09-15T02:29:21Z</time></trkpt><trkpt lat="-39.3813437596" lon="-72.6322953869"><ele>107.43</ele><time>2024-09-15T02:29:26Z</time></trkpt><trkpt lat="-39.3813114893" lon="-72.6322874241"><ele>107.42</ele><time>2024-09-15T02:29:27Z</time></trkpt><trkpt lat="-39.3812850863" lon="-72.6322580874"><ele>107.45</ele><time>2024-09-15T02:29:28Z</time></trkpt><trkpt lat="-39.3812654726" lon="-72.6322108135"><ele>107.47</ele><time>2024-09-15T02:29:29Z</time></trkpt><trkpt lat="-39.3812487088" lon="-72.6321497932"><ele>107.49</ele><time>2024-09-15T02:29:30Z</time></trkpt><trkpt lat="-39.3812311068" lon="-72.6320819836"><ele>107.52</ele><time>2024-09-15T02:29:31Z</time></trkpt><trkpt lat="-39.3809655681" lon="-72.6309759077"><ele>108.21</ele><time>2024-09-15T02:29:47Z</time></trkpt><trkpt lat="-39.3807105906" lon="-72.6299086399"><ele>108.39</ele><time>2024-09-15T02:30:01Z</time></trkpt><trkpt lat="-39.3807015382" lon="-72.6298722625"><ele>108.18</ele><time>2024-09-15T02:30:06Z</time></trkpt><trkpt lat="-39.3806871213" lon="-72.6298222225"><ele>108.29</ele><time>2024-09-15T02:30:09Z</time></trkpt><trkpt lat="-39.3806793261" lon="-72.6298082247"><ele>108.24</ele><time>2024-09-15T02:30:10Z</time></trkpt><trkpt lat="-39.3806665856" lon="-72.6297903713"><ele>108.26</ele><time>2024-09-15T02:30:11Z</time></trkpt><trkpt lat="-39.3806477264" lon="-72.6297732722"><ele>108.26</ele><time>2024-09-15T02:30:12Z</time></trkpt><trkpt lat="-39.3806225806" lon="-72.6297605317"><ele>108.39</ele><time>2024-09-15T02:30:13Z</time></trkpt><trkpt lat="-39.3805969320" lon="-72.6297541615"><ele>108.37</ele><time>2024-09-15T02:30:14Z</time></trkpt><trkpt lat="-39.3805673439" lon="-72.6297555026"><ele>108.31</ele><time>2024-09-15T02:30:15Z</time></trkpt><trkpt lat="-39.3805335648" lon="-72.6297632977"><ele>108.38</ele><time>2024-09-15T02:30:16Z</time></trkpt><trkpt lat="-39.3804976065" lon="-72.6297763735"><ele>108.39</ele><time>2024-09-15T02:30:17Z</time></trkpt><trkpt lat="-39.3804579601" lon="-72.6297927182"><ele>108.26</ele><time>2024-09-15T02:30:18Z</time></trkpt><trkpt lat="-39.3799663614" lon="-72.6300156768"><ele>108.13</ele><time>2024-09-15T02:30:30Z</time></trkpt><trkpt lat="-39.3797879107" lon="-72.6300784573"><ele>107.98</ele><time>2024-09-15T02:30:35Z</time></trkpt><trkpt lat="-39.3797594961" lon="-72.6300612744"><ele>107.95</ele><time>2024-09-15T02:30:36Z</time></trkpt><trkpt lat="-39.3797374517" lon="-72.6300340332"><ele>108.03</ele><time>2024-09-15T02:30:37Z</time></trkpt><trkpt lat="-39.3797247112" lon="-72.6299987454"><ele>108.17</ele><time>2024-09-15T02:30:38Z</time></trkpt><trkpt lat="-39.3797188438" lon="-72.6299656369"><ele>108.23</ele><time>2024-09-15T02:30:39Z</time></trkpt><trkpt lat="-39.3797165807" lon="-72.6299390662"><ele>108.24</ele><time>2024-09-15T02:30:40Z</time></trkpt><trkpt lat="-39.3796934467" lon="-72.6298813149"><ele>108.08</ele><time>2024-09-15T02:30:46Z</time></trkpt><trkpt lat="-39.3796797004" lon="-72.6298606116"><ele>108.13</ele><time>2024-09-15T02:30:47Z</time></trkpt><trkpt lat="-39.3796474300" lon="-72.6297886111"><ele>108.21</ele><time>2024-09-15T02:30:49Z</time></trkpt><trkpt lat="-39.3796330132" lon="-72.6297403313"><ele>108.19</ele><time>2024-09-15T02:30:50Z</time></trkpt><trkpt lat="-39.3793906923" lon="-72.6288802642"><ele>108.46</ele><time>2024-09-15T02:31:05Z</time></trkpt><trkpt lat="-39.3792378902" lon="-72.6282248832"><ele>108.51</ele><time>2024-09-15T02:31:18Z</time></trkpt><trkpt lat="-39.3792042788" lon="-72.6282098796"><ele>108.40</ele><time>2024-09-15T02:31:21Z</time></trkpt><trkpt lat="-39.3791778758" lon="-72.6282156631"><ele>108.43</ele><time>2024-09-15T02:31:24Z</time></trkpt><trkpt lat="-39.3789598625" lon="-72.6283151563"><ele>108.57</ele><time>2024-09-15T02:31:38Z</time></trkpt><trkpt lat="-39.3786934018" lon="-72.6284630969"><ele>108.92</ele><time>2024-09-15T02:31:53Z</time></trkpt><trkpt lat="-39.3784029689" lon="-72.6286039129"><ele>108.80</ele><time>2024-09-15T02:32:09Z</time></trkpt><trkpt lat="-39.3780618254" lon="-72.6287473273"><ele>109.35</ele><time>2024-09-15T02:32:24Z</time></trkpt><trkpt lat="-39.3780332431" lon="-72.6287441421"><ele>109.59</ele><time>2024-09-15T02:32:27Z</time></trkpt><trkpt lat="-39.3779847119" lon="-72.6283726562"><ele>109.56</ele><time>2024-09-15T02:32:37Z</time></trkpt><trkpt lat="-39.3779457361" lon="-72.6271990221"><ele>110.01</ele><time>2024-09-15T02:32:53Z</time></trkpt><trkpt lat="-39.3779422157" lon="-72.6265359297"><ele>110.12</ele><time>2024-09-15T02:33:03Z</time></trkpt><trkpt lat="-39.3779752403" lon="-72.6260961313"><ele>110.32</ele><time>2024-09-15T02:33:08Z</time></trkpt><trkpt lat="-39.3780502584" lon="-72.6257984899"><ele>110.66</ele><time>2024-09-15T02:33:11Z</time></trkpt><trkpt lat="-39.3780885637" lon="-72.6257033553"><ele>110.77</ele><time>2024-09-15T02:33:12Z</time></trkpt><trkpt lat="-39.3781335745" lon="-72.6256104838"><ele>110.90</ele><time>2024-09-15T02:33:13Z</time></trkpt><trkpt lat="-39.3790202122" lon="-72.6243683696"><ele>110.64</ele><time>2024-09-15T02:33:28Z</time></trkpt><trkpt lat="-39.3800542038" lon="-72.6228843536"><ele>110.86</ele><time>2024-09-15T02:33:46Z</time></trkpt><trkpt lat="-39.3810863513" lon="-72.6214348711"><ele>111.76</ele><time>2024-09-15T02:34:04Z</time></trkpt><trkpt lat="-39.3819729891" lon="-72.6202271227"><ele>112.77</ele><time>2024-09-15T02:34:19Z</time></trkpt><trkpt lat="-39.3828363251" lon="-72.6190435141"><ele>113.90</ele><time>2024-09-15T02:34:34Z</time></trkpt><trkpt lat="-39.3839049339" lon="-72.6175906789"><ele>114.65</ele><time>2024-09-15T02:34:52Z</time></trkpt><trkpt lat="-39.3846091814" lon="-72.6166148577"><ele>114.69</ele><time>2024-09-15T02:35:06Z</time></trkpt><trkpt lat="-39.3848415278" lon="-72.6163400151"><ele>114.38</ele><time>2024-09-15T02:35:14Z</time></trkpt><trkpt lat="-39.3848468084" lon="-72.6163153723"><ele>114.30</ele><time>2024-09-15T02:35:15Z</time></trkpt><trkpt lat="-39.3848410249" lon="-72.6163323037"><ele>114.17</ele><time>2024-09-15T02:35:19Z</time></trkpt><trkpt lat="-39.3848455511" lon="-72.6163571142"><ele>114.23</ele><time>2024-09-15T02:35:20Z</time></trkpt><trkpt lat="-39.3848531786" lon="-72.6163827628"><ele>114.29</ele><time>2024-09-15T02:35:21Z</time></trkpt><trkpt lat="-39.3848604709" lon="-72.6164001971"><ele>114.25</ele><time>2024-09-15T02:35:22Z</time></trkpt><trkpt lat="-39.3848323915" lon="-72.6164053101"><ele>114.25</ele><time>2024-09-15T02:35:27Z</time></trkpt><trkpt lat="-39.3848134484" lon="-72.6164083276"><ele>114.32</ele><time>2024-09-15T02:35:28Z</time></trkpt><trkpt lat="-39.3847640790" lon="-72.6164374128"><ele>114.36</ele><time>2024-09-15T02:35:30Z</time></trkpt><trkpt lat="-39.3847382627" lon="-72.6164626423"><ele>114.43</ele><time>2024-09-15T02:35:31Z</time></trkpt><trkpt lat="-39.3842960335" lon="-72.6170220505"><ele>114.98</ele><time>2024-09-15T02:35:43Z</time></trkpt><trkpt lat="-39.3834284227" lon="-72.6182007138"><ele>114.51</ele><time>2024-09-15T02:35:59Z</time></trkpt><trkpt lat="-39.3825479038" lon="-72.6194225438"><ele>114.13</ele><time>2024-09-15T02:36:15Z</time></trkpt><trkpt lat="-39.3817363679" lon="-72.6204957627"><ele>113.26</ele><time>2024-09-15T02:36:30Z</time></trkpt><trkpt lat="-39.3809637241" lon="-72.6215840690"><ele>112.58</ele><time>2024-09-15T02:36:44Z</time></trkpt><trkpt lat="-39.3802807666" lon="-72.6225876343"><ele>110.92</ele><time>2024-09-15T02:36:57Z</time></trkpt><trkpt lat="-39.3794748466" lon="-72.6237444207"><ele>110.70</ele><time>2024-09-15T02:37:12Z</time></trkpt><trkpt lat="-39.3787366524" lon="-72.6248018816"><ele>110.72</ele><time>2024-09-15T02:37:26Z</time></trkpt><trkpt lat="-39.3780116178" lon="-72.6260035951"><ele>111.24</ele><time>2024-09-15T02:37:41Z</time></trkpt><trkpt lat="-39.3779500946" lon="-72.6271162927"><ele>110.82</ele><time>2024-09-15T02:37:52Z</time></trkpt><trkpt lat="-39.3779775035" lon="-72.6289287116"><ele>110.12</ele><time>2024-09-15T02:38:10Z</time></trkpt><trkpt lat="-39.3780008890" lon="-72.6300295070"><ele>109.59</ele><time>2024-09-15T02:38:23Z</time></trkpt><trkpt lat="-39.3780132942" lon="-72.6302740909"><ele>109.17</ele><time>2024-09-15T02:38:29Z</time></trkpt><trkpt lat="-39.3780293874" lon="-72.6302851550"><ele>109.14</ele><time>2024-09-15T02:38:30Z</time></trkpt><trkpt lat="-39.3780483305" lon="-72.6302914415"><ele>109.08</ele><time>2024-09-15T02:38:31Z</time></trkpt><trkpt lat="-39.3780732248" lon="-72.6302895136"><ele>109.11</ele><time>2024-09-15T02:38:32Z</time></trkpt><trkpt lat="-39.3781044055" lon="-72.6302778628"><ele>109.11</ele><time>2024-09-15T02:38:33Z</time></trkpt><trkpt lat="-39.3781362567" lon="-72.6302646194"><ele>109.10</ele><time>2024-09-15T02:38:34Z</time></trkpt><trkpt lat="-39.3786826730" lon="-72.6299855020"><ele>108.85</ele><time>2024-09-15T02:38:49Z</time></trkpt><trkpt lat="-39.3792422488" lon="-72.6297228131"><ele>108.57</ele><time>2024-09-15T02:39:03Z</time></trkpt><trkpt lat="-39.3795719091" lon="-72.6295851823"><ele>108.19</ele><time>2024-09-15T02:39:14Z</time></trkpt><trkpt lat="-39.3795893434" lon="-72.6296007726"><ele>108.03</ele><time>2024-09-15T02:39:15Z</time></trkpt><trkpt lat="-39.3796032574" lon="-72.6296255831"><ele>108.28</ele><time>2024-09-15T02:39:16Z</time></trkpt><trkpt lat="-39.3796143215" lon="-72.6296592783"><ele>108.19</ele><time>2024-09-15T02:39:17Z</time></trkpt><trkpt lat="-39.3796243798" lon="-72.6296933927"><ele>108.25</ele><time>2024-09-15T02:39:18Z</time></trkpt><trkpt lat="-39.3797259685" lon="-72.6300451811"><ele>107.98</ele><time>2024-09-15T02:39:31Z</time></trkpt><trkpt lat="-39.3797346856" lon="-72.6300750207"><ele>108.06</ele><time>2024-09-15T02:39:32Z</time></trkpt><trkpt lat="-39.3797447439" lon="-72.6301139127"><ele>108.20</ele><time>2024-09-15T02:39:33Z</time></trkpt><trkpt lat="-39.3798760884" lon="-72.6306121331"><ele>108.53</ele><time>2024-09-15T02:39:44Z</time></trkpt><trkpt lat="-39.3798711430" lon="-72.6306360215"><ele>108.42</ele><time>2024-09-15T02:39:45Z</time></trkpt><trkpt lat="-39.3798353523" lon="-72.6307014842"><ele>108.29</ele><time>2024-09-15T02:39:49Z</time></trkpt><trkpt lat="-39.3798211869" lon="-72.6307089441"><ele>108.24</ele><time>2024-09-15T02:39:50Z</time></trkpt><trkpt lat="-39.3794958014" lon="-72.6308837906"><ele>108.35</ele><time>2024-09-15T02:40:00Z</time></trkpt><trkpt lat="-39.3787500635" lon="-72.6312042307"><ele>108.77</ele><time>2024-09-15T02:40:16Z</time></trkpt><trkpt lat="-39.3782264460" lon="-72.6314245071"><ele>108.77</ele><time>2024-09-15T02:40:31Z</time></trkpt><trkpt lat="-39.3781893980" lon="-72.6314709429"><ele>108.73</ele><time>2024-09-15T02:40:35Z</time></trkpt><trkpt lat="-39.3781841174" lon="-72.6315033808"><ele>108.76</ele><time>2024-09-15T02:40:36Z</time></trkpt><trkpt lat="-39.3781853747" lon="-72.6315398421"><ele>108.66</ele><time>2024-09-15T02:40:37Z</time></trkpt><trkpt lat="-39.3781944271" lon="-72.6315783150"><ele>108.76</ele><time>2024-09-15T02:40:38Z</time></trkpt><trkpt lat="-39.3782064971" lon="-72.6316189673"><ele>108.74</ele><time>2024-09-15T02:40:39Z</time></trkpt><trkpt lat="-39.3783390149" lon="-72.6319220569"><ele>108.71</ele><time>2024-09-15T02:40:47Z</time></trkpt><trkpt lat="-39.3783727102" lon="-72.6319227275"><ele>108.59</ele><time>2024-09-15T02:40:48Z</time></trkpt><trkpt lat="-39.3784081656" lon="-72.6319109090"><ele>108.50</ele><time>2024-09-15T02:40:49Z</time></trkpt><trkpt lat="-39.3789512292" lon="-72.6316466276"><ele>107.62</ele><time>2024-09-15T02:41:02Z</time></trkpt><trkpt lat="-39.3797212746" lon="-72.6313068252"><ele>107.80</ele><time>2024-09-15T02:41:19Z</time></trkpt><trkpt lat="-39.3800155632" lon="-72.6312353276"><ele>106.48</ele><time>2024-09-15T02:41:28Z</time></trkpt><trkpt lat="-39.3800397869" lon="-72.6312615629"><ele>107.99</ele><time>2024-09-15T02:41:29Z</time></trkpt><trkpt lat="-39.3800588977" lon="-72.6312998682"><ele>108.78</ele><time>2024-09-15T02:41:30Z</time></trkpt><trkpt lat="-39.3800739851" lon="-72.6313498244"><ele>108.59</ele><time>2024-09-15T02:41:31Z</time></trkpt><trkpt lat="-39.3800874799" lon="-72.6314058155"><ele>109.22</ele><time>2024-09-15T02:41:32Z</time></trkpt><trkpt lat="-39.3801293895" lon="-72.6316520758"><ele>107.73</ele><time>2024-09-15T02:41:37Z</time></trkpt><trkpt lat="-39.3801163137" lon="-72.6316902135"><ele>107.32</ele><time>2024-09-15T02:41:38Z</time></trkpt><trkpt lat="-39.3800921738" lon="-72.6317247469"><ele>106.64</ele><time>2024-09-15T02:41:39Z</time></trkpt><trkpt lat="-39.3800595682" lon="-72.6317527425"><ele>107.55</ele><time>2024-09-15T02:41:40Z</time></trkpt><trkpt lat="-39.3800191674" lon="-72.6317755412"><ele>108.09</ele><time>2024-09-15T02:41:41Z</time></trkpt><trkpt lat="-39.3799734022" lon="-72.6317945682"><ele>108.50</ele><time>2024-09-15T02:41:42Z</time></trkpt><trkpt lat="-39.3799242843" lon="-72.6318125054"><ele>108.11</ele><time>2024-09-15T02:41:43Z</time></trkpt><trkpt lat="-39.3791212142" lon="-72.6321760286"><ele>107.77</ele><time>2024-09-15T02:41:58Z</time></trkpt><trkpt lat="-39.3785025459" lon="-72.6324322633"><ele>107.74</ele><time>2024-09-15T02:42:12Z</time></trkpt><trkpt lat="-39.3783456367" lon="-72.6321158465"><ele>108.11</ele><time>2024-09-15T02:42:19Z</time></trkpt><trkpt lat="-39.3781980313" lon="-72.6316157822"><ele>108.29</ele><time>2024-09-15T02:42:29Z</time></trkpt><trkpt lat="-39.3781862967" lon="-72.6316227391"><ele>108.25</ele><time>2024-09-15T02:42:50Z</time></trkpt><trkpt lat="-39.3781733047" lon="-72.6316027902"><ele>108.16</ele><time>2024-09-15T02:43:02Z</time></trkpt><trkpt lat="-39.3781384360" lon="-72.6315012015"><ele>108.23</ele><time>2024-09-15T02:43:05Z</time></trkpt><trkpt lat="-39.3779556267" lon="-72.6310299709"><ele>108.50</ele><time>2024-09-15T02:43:15Z</time></trkpt><trkpt lat="-39.3779245298" lon="-72.6310218405"><ele>108.60</ele><time>2024-09-15T02:43:16Z</time></trkpt><trkpt lat="-39.3778939359" lon="-72.6310261991"><ele>108.55</ele><time>2024-09-15T02:43:17Z</time></trkpt><trkpt lat="-39.3778620847" lon="-72.6310417894"><ele>108.63</ele><time>2024-09-15T02:43:18Z</time></trkpt><trkpt lat="-39.3778257072" lon="-72.6310712937"><ele>108.72</ele><time>2024-09-15T02:43:19Z</time></trkpt><trkpt lat="-39.3777790200" lon="-72.6311147120"><ele>108.76</ele><time>2024-09-15T02:43:20Z</time></trkpt><trkpt lat="-39.3771383911" lon="-72.6317357272"><ele>109.30</ele><time>2024-09-15T02:43:31Z</time></trkpt><trkpt lat="-39.3767042086" lon="-72.6321958099"><ele>108.05</ele><time>2024-09-15T02:43:40Z</time></trkpt><trkpt lat="-39.3766839243" lon="-72.6322371326"><ele>107.80</ele><time>2024-09-15T02:43:41Z</time></trkpt><trkpt lat="-39.3766746204" lon="-72.6322789583"><ele>107.69</ele><time>2024-09-15T02:43:42Z</time></trkpt><trkpt lat="-39.3766708486" lon="-72.6323187724"><ele>107.49</ele><time>2024-09-15T02:43:43Z</time></trkpt><trkpt lat="-39.3766760454" lon="-72.6323538925"><ele>107.55</ele><time>2024-09-15T02:43:44Z</time></trkpt><trkpt lat="-39.3766885344" lon="-72.6323928684"><ele>107.55</ele><time>2024-09-15T02:43:45Z</time></trkpt><trkpt lat="-39.3767104950" lon="-72.6324389689"><ele>107.20</ele><time>2024-09-15T02:43:46Z</time></trkpt><trkpt lat="-39.3767403346" lon="-72.6324963849"><ele>106.77</ele><time>2024-09-15T02:43:47Z</time></trkpt><trkpt lat="-39.3772360403" lon="-72.6334033906"><ele>105.20</ele><time>2024-09-15T02:44:00Z</time></trkpt><trkpt lat="-39.3772598449" lon="-72.6334948372"><ele>105.00</ele><time>2024-09-15T02:44:02Z</time></trkpt><trkpt lat="-39.3772493675" lon="-72.6335335616"><ele>104.95</ele><time>2024-09-15T02:44:03Z</time></trkpt><trkpt lat="-39.3772271555" lon="-72.6335701905"><ele>104.93</ele><time>2024-09-15T02:44:04Z</time></trkpt><trkpt lat="-39.3771959748" lon="-72.6336100046"><ele>104.93</ele><time>2024-09-15T02:44:05Z</time></trkpt><trkpt lat="-39.3771584239" lon="-72.6336533390"><ele>104.85</ele><time>2024-09-15T02:44:06Z</time></trkpt><trkpt lat="-39.3765734509" lon="-72.6342145074"><ele>104.75</ele><time>2024-09-15T02:44:17Z</time></trkpt><trkpt lat="-39.3759214226" lon="-72.6348709781"><ele>104.61</ele><time>2024-09-15T02:44:29Z</time></trkpt><trkpt lat="-39.3754898384" lon="-72.6353070047"><ele>104.71</ele><time>2024-09-15T02:44:39Z</time></trkpt><trkpt lat="-39.3748358823" lon="-72.6359436940"><ele>107.39</ele><time>2024-09-15T02:44:52Z</time></trkpt><trkpt lat="-39.3745589443" lon="-72.6362127531"><ele>107.83</ele><time>2024-09-15T02:45:00Z</time></trkpt><trkpt lat="-39.3739347439" lon="-72.6367976423"><ele>107.62</ele><time>2024-09-15T02:45:12Z</time></trkpt><trkpt lat="-39.3735528644" lon="-72.6371691283"><ele>108.13</ele><time>2024-09-15T02:45:19Z</time></trkpt><trkpt lat="-39.3730795383" lon="-72.6376080886"><ele>107.43</ele><time>2024-09-15T02:45:29Z</time></trkpt><trkpt lat="-39.3728497904" lon="-72.6378257666"><ele>107.65</ele><time>2024-09-15T02:45:37Z</time></trkpt><trkpt lat="-39.3722460419" lon="-72.6384041179"><ele>109.21</ele><time>2024-09-15T02:45:48Z</time></trkpt><trkpt lat="-39.3721364904" lon="-72.6385118254"><ele>109.22</ele><time>2024-09-15T02:45:55Z</time></trkpt><trkpt lat="-39.3721136916" lon="-72.6385287568"><ele>109.20</ele><time>2024-09-15T02:45:58Z</time></trkpt><trkpt lat="-39.3720932398" lon="-72.6385487057"><ele>109.46</ele><time>2024-09-15T02:45:59Z</time></trkpt><trkpt lat="-39.3720468879" lon="-72.6386132464"><ele>109.55</ele><time>2024-09-15T02:46:01Z</time></trkpt><trkpt lat="-39.3720366620" lon="-72.6386637054"><ele>109.70</ele><time>2024-09-15T02:46:02Z</time></trkpt><trkpt lat="-39.3720473070" lon="-72.6387246419"><ele>109.86</ele><time>2024-09-15T02:46:03Z</time></trkpt><trkpt lat="-39.3720742967" lon="-72.6387888473"><ele>109.94</ele><time>2024-09-15T02:46:04Z</time></trkpt><trkpt lat="-39.3721106742" lon="-72.6388530526"><ele>109.77</ele><time>2024-09-15T02:46:05Z</time></trkpt><trkpt lat="-39.3721529189" lon="-72.6389211137"><ele>109.89</ele><time>2024-09-15T02:46:06Z</time></trkpt><trkpt lat="-39.3729609344" lon="-72.6402597036"><ele>109.44</ele><time>2024-09-15T02:46:23Z</time></trkpt><trkpt lat="-39.3732705619" lon="-72.6407700777"><ele>108.43</ele><time>2024-09-15T02:46:33Z</time></trkpt><trkpt lat="-39.3733459152" lon="-72.6407931279"><ele>108.49</ele><time>2024-09-15T02:46:36Z</time></trkpt><trkpt lat="-39.3733804487" lon="-72.6407731790"><ele>108.41</ele><time>2024-09-15T02:46:37Z</time></trkpt><trkpt lat="-39.3734170776" lon="-72.6407407410"><ele>108.44</ele><time>2024-09-15T02:46:38Z</time></trkpt><trkpt lat="-39.3734552152" lon="-72.6406996697"><ele>108.37</ele><time>2024-09-15T02:46:39Z</time></trkpt><trkpt lat="-39.3734964542" lon="-72.6406541560"><ele>108.31</ele><time>2024-09-15T02:46:40Z</time></trkpt><trkpt lat="-39.3742167950" lon="-72.6399954222"><ele>107.56</ele><time>2024-09-15T02:46:54Z</time></trkpt><trkpt lat="-39.3754347693" lon="-72.6388143282"><ele>107.90</ele><time>2024-09-15T02:47:16Z</time></trkpt><trkpt lat="-39.3760211673" lon="-72.6382238232"><ele>107.26</ele><time>2024-09-15T02:47:29Z</time></trkpt><trkpt lat="-39.3760209996" lon="-72.6381773874"><ele>107.33</ele><time>2024-09-15T02:47:30Z</time></trkpt><trkpt lat="-39.3760090973" lon="-72.6381288562"><ele>107.38</ele><time>2024-09-15T02:47:31Z</time></trkpt><trkpt lat="-39.3759878911" lon="-72.6380800735"><ele>107.51</ele><time>2024-09-15T02:47:32Z</time></trkpt><trkpt lat="-39.3759599794" lon="-72.6380320452"><ele>107.41</ele><time>2024-09-15T02:47:33Z</time></trkpt><trkpt lat="-39.3759286311" lon="-72.6379828434"><ele>107.48</ele><time>2024-09-15T02:47:34Z</time></trkpt><trkpt lat="-39.3752984796" lon="-72.6369191799"><ele>107.98</ele><time>2024-09-15T02:47:51Z</time></trkpt><trkpt lat="-39.3748029415" lon="-72.6361044589"><ele>108.41</ele><time>2024-09-15T02:48:05Z</time></trkpt><trkpt lat="-39.3742561061" lon="-72.6351588126"><ele>108.69</ele><time>2024-09-15T02:48:19Z</time></trkpt><trkpt lat="-39.3740643281" lon="-72.6348433178"><ele>108.65</ele><time>2024-09-15T02:48:28Z</time></trkpt><trkpt lat="-39.3736681156" lon="-72.6341891941"><ele>109.30</ele><time>2024-09-15T02:48:38Z</time></trkpt><trkpt lat="-39.3727270793" lon="-72.6325277332"><ele>109.85</ele><time>2024-09-15T02:48:58Z</time></trkpt><trkpt lat="-39.3720801640" lon="-72.6313877106"><ele>110.63</ele><time>2024-09-15T02:49:13Z</time></trkpt><trkpt lat="-39.3720485643" lon="-72.6313546859"><ele>110.63</ele><time>2024-09-15T02:49:14Z</time></trkpt><trkpt lat="-39.3720106781" lon="-72.6313468907"><ele>110.71</ele><time>2024-09-15T02:49:15Z</time></trkpt><trkpt lat="-39.3719666731" lon="-72.6313639898"><ele>110.83</ele><time>2024-09-15T02:49:16Z</time></trkpt><trkpt lat="-39.3719219975" lon="-72.6313984394"><ele>111.08</ele><time>2024-09-15T02:49:17Z</time></trkpt><trkpt lat="-39.3718739692" lon="-72.6314476412"><ele>111.15</ele><time>2024-09-15T02:49:18Z</time></trkpt><trkpt lat="-39.3718157150" lon="-72.6315071527"><ele>111.38</ele><time>2024-09-15T02:49:19Z</time></trkpt><trkpt lat="-39.3712548818" lon="-72.6320989989"><ele>113.58</ele><time>2024-09-15T02:49:30Z</time></trkpt><trkpt lat="-39.3708655424" lon="-72.6324872486"><ele>114.35</ele><time>2024-09-15T02:49:38Z</time></trkpt><trkpt lat="-39.3703866005" lon="-72.6329503488"><ele>113.72</ele><time>2024-09-15T02:49:49Z</time></trkpt><trkpt lat="-39.3700918928" lon="-72.6332137920"><ele>113.87</ele><time>2024-09-15T02:49:57Z</time></trkpt><trkpt lat="-39.3694514316" lon="-72.6338221505"><ele>112.75</ele><time>2024-09-15T02:50:09Z</time></trkpt><trkpt lat="-39.3693321571" lon="-72.6338759623"><ele>112.34</ele><time>2024-09-15T02:50:14Z</time></trkpt><trkpt lat="-39.3692898285" lon="-72.6338524092"><ele>112.28</ele><time>2024-09-15T02:50:15Z</time></trkpt><trkpt lat="-39.3692472484" lon="-72.6338038780"><ele>112.42</ele><time>2024-09-15T02:50:16Z</time></trkpt><trkpt lat="-39.3692031596" lon="-72.6337392535"><ele>112.53</ele><time>2024-09-15T02:50:17Z</time></trkpt><trkpt lat="-39.3691596575" lon="-72.6336646546"><ele>112.66</ele><time>2024-09-15T02:50:18Z</time></trkpt><trkpt lat="-39.3691182509" lon="-72.6335913967"><ele>112.66</ele><time>2024-09-15T02:50:19Z</time></trkpt><trkpt lat="-39.3687951285" lon="-72.6330696233"><ele>113.09</ele><time>2024-09-15T02:50:29Z</time></trkpt><trkpt lat="-39.3687894288" lon="-72.6330449805"><ele>113.03</ele><time>2024-09-15T02:50:43Z</time></trkpt><trkpt lat="-39.3687767722" lon="-72.6330205053"><ele>113.19</ele><time>2024-09-15T02:50:52Z</time></trkpt><trkpt lat="-39.3687364552" lon="-72.6329480018"><ele>113.34</ele><time>2024-09-15T02:50:54Z</time></trkpt><trkpt lat="-39.3687111419" lon="-72.6329102833"><ele>113.38</ele><time>2024-09-15T02:50:55Z</time></trkpt><trkpt lat="-39.3686806317" lon="-72.6328800246"><ele>113.52</ele><time>2024-09-15T02:50:56Z</time></trkpt><trkpt lat="-39.3686443381" lon="-72.6328661945"><ele>113.83</ele><time>2024-09-15T02:50:57Z</time></trkpt><trkpt lat="-39.3686055299" lon="-72.6328692120"><ele>113.97</ele><time>2024-09-15T02:50:58Z</time></trkpt><trkpt lat="-39.3685660511" lon="-72.6328863949"><ele>113.91</ele><time>2024-09-15T02:50:59Z</time></trkpt><trkpt lat="-39.3685279973" lon="-72.6329160668"><ele>113.92</ele><time>2024-09-15T02:51:00Z</time></trkpt><trkpt lat="-39.3684894405" lon="-72.6329525281"><ele>114.01</ele><time>2024-09-15T02:51:01Z</time></trkpt><trkpt lat="-39.3684489559" lon="-72.6329935156"><ele>114.01</ele><time>2024-09-15T02:51:02Z</time></trkpt><trkpt lat="-39.3679384980" lon="-72.6334888022"><ele>114.17</ele><time>2024-09-15T02:51:14Z</time></trkpt><trkpt lat="-39.3677743804" lon="-72.6336473040"><ele>113.97</ele><time>2024-09-15T02:51:21Z</time></trkpt><trkpt lat="-39.3674469832" lon="-72.6339623798"><ele>113.31</ele><time>2024-09-15T02:51:31Z</time></trkpt><trkpt lat="-39.3674184848" lon="-72.6340245735"><ele>113.24</ele><time>2024-09-15T02:51:33Z</time></trkpt><trkpt lat="-39.3674230948" lon="-72.6340710092"><ele>113.18</ele><time>2024-09-15T02:51:34Z</time></trkpt><trkpt lat="-39.3674417865" lon="-72.6341249887"><ele>113.21</ele><time>2024-09-15T02:51:35Z</time></trkpt><trkpt lat="-39.3674732186" lon="-72.6341857575"><ele>113.16</ele><time>2024-09-15T02:51:36Z</time></trkpt><trkpt lat="-39.3675121944" lon="-72.6342562493"><ele>113.26</ele><time>2024-09-15T02:51:37Z</time></trkpt><trkpt lat="-39.3681686651" lon="-72.6353820227"><ele>112.84</ele><time>2024-09-15T02:51:53Z</time></trkpt><trkpt lat="-39.3686922826" lon="-72.6362715103"><ele>113.07</ele><time>2024-09-15T02:52:05Z</time></trkpt><trkpt lat="-39.3693505973" lon="-72.6374296378"><ele>112.56</ele><time>2024-09-15T02:52:19Z</time></trkpt><trkpt lat="-39.3693506811" lon="-72.6374796778"><ele>112.50</ele><time>2024-09-15T02:52:20Z</time></trkpt><trkpt lat="-39.3693325762" lon="-72.6375232637"><ele>112.36</ele><time>2024-09-15T02:52:21Z</time></trkpt><trkpt lat="-39.3693012279" lon="-72.6375576295"><ele>112.51</ele><time>2024-09-15T02:52:22Z</time></trkpt><trkpt lat="-39.3692638446" lon="-72.6375904027"><ele>112.56</ele><time>2024-09-15T02:52:23Z</time></trkpt><trkpt lat="-39.3687811308" lon="-72.6379898004"><ele>111.84</ele><time>2024-09-15T02:52:37Z</time></trkpt><trkpt lat="-39.3682452757" lon="-72.6384772919"><ele>111.32</ele><time>2024-09-15T02:52:53Z</time></trkpt><trkpt lat="-39.3677004520" lon="-72.6389826369"><ele>111.15</ele><time>2024-09-15T02:53:06Z</time></trkpt><trkpt lat="-39.3675643299" lon="-72.6389682200"><ele>111.12</ele><time>2024-09-15T02:53:10Z</time></trkpt><trkpt lat="-39.3675271980" lon="-72.6389216166"><ele>111.14</ele><time>2024-09-15T02:53:11Z</time></trkpt><trkpt lat="-39.3674919941" lon="-72.6388662122"><ele>111.32</ele><time>2024-09-15T02:53:12Z</time></trkpt><trkpt lat="-39.3670486752" lon="-72.6380716078"><ele>111.43</ele><time>2024-09-15T02:53:26Z</time></trkpt><trkpt lat="-39.3668635190" lon="-72.6379476395"><ele>111.46</ele><time>2024-09-15T02:53:35Z</time></trkpt><trkpt lat="-39.3668247946" lon="-72.6379759703"><ele>111.52</ele><time>2024-09-15T02:53:36Z</time></trkpt><trkpt lat="-39.3662504666" lon="-72.6385299303"><ele>111.27</ele><time>2024-09-15T02:53:47Z</time></trkpt><trkpt lat="-39.3655037228" lon="-72.6390813757"><ele>111.07</ele><time>2024-09-15T02:54:00Z</time></trkpt><trkpt lat="-39.3647267204" lon="-72.6394137181"><ele>111.34</ele><time>2024-09-15T02:54:13Z</time></trkpt><trkpt lat="-39.3643137440" lon="-72.6395428833"><ele>110.92</ele><time>2024-09-15T02:54:24Z</time></trkpt><trkpt lat="-39.3642663863" lon="-72.6396228466"><ele>110.85</ele><time>2024-09-15T02:54:30Z</time></trkpt><trkpt lat="-39.3642599322" lon="-72.6395918336"><ele>110.85</ele><time>2024-09-15T02:54:36Z</time></trkpt><trkpt lat="-39.3642535619" lon="-72.6395794284"><ele>110.79</ele><time>2024-09-15T02:54:37Z</time></trkpt><trkpt lat="-39.3643368781" lon="-72.6395448949"><ele>110.93</ele><time>2024-09-15T02:54:45Z</time></trkpt><trkpt lat="-39.3649087753" lon="-72.6393089443"><ele>111.02</ele><time>2024-09-15T02:54:59Z</time></trkpt><trkpt lat="-39.3657843489" lon="-72.6389386319"><ele>110.78</ele><time>2024-09-15T02:55:15Z</time></trkpt><trkpt lat="-39.3664953858" lon="-72.6383242384"><ele>110.89</ele><time>2024-09-15T02:55:31Z</time></trkpt><trkpt lat="-39.3670205120" lon="-72.6378251798"><ele>111.10</ele><time>2024-09-15T02:55:47Z</time></trkpt><trkpt lat="-39.3676774856" lon="-72.6372084394"><ele>111.27</ele><time>2024-09-15T02:56:03Z</time></trkpt><trkpt lat="-39.3678229954" lon="-72.6370304916"><ele>111.41</ele><time>2024-09-15T02:56:09Z</time></trkpt><trkpt lat="-39.3678189721" lon="-72.6369894203"><ele>111.45</ele><time>2024-09-15T02:56:10Z</time></trkpt><trkpt lat="-39.3678038009" lon="-72.6369487680"><ele>111.36</ele><time>2024-09-15T02:56:11Z</time></trkpt><trkpt lat="-39.3674950954" lon="-72.6363912877"><ele>111.17</ele><time>2024-09-15T02:56:23Z</time></trkpt><trkpt lat="-39.3672334962" lon="-72.6359650679"><ele>111.37</ele><time>2024-09-15T02:56:37Z</time></trkpt><trkpt lat="-39.3669413030" lon="-72.6354572084"><ele>111.43</ele><time>2024-09-15T02:56:48Z</time></trkpt><trkpt lat="-39.3666180130" lon="-72.6348969620"><ele>111.94</ele><time>2024-09-15T02:57:00Z</time></trkpt><trkpt lat="-39.3665991537" lon="-72.6348711457"><ele>111.88</ele><time>2024-09-15T02:57:09Z</time></trkpt><trkpt lat="-39.3665653747" lon="-72.6348164957"><ele>112.01</ele><time>2024-09-15T02:57:11Z</time></trkpt><trkpt lat="-39.3662113231" lon="-72.6342239790"><ele>111.65</ele><time>2024-09-15T02:57:24Z</time></trkpt><trkpt lat="-39.3658707663" lon="-72.6336416043"><ele>111.06</ele><time>2024-09-15T02:57:38Z</time></trkpt><trkpt lat="-39.3654401042" lon="-72.6329072658"><ele>111.52</ele><time>2024-09-15T02:57:52Z</time></trkpt><trkpt lat="-39.3651697878" lon="-72.6324434951"><ele>111.65</ele><time>2024-09-15T02:58:02Z</time></trkpt><trkpt lat="-39.3647024967" lon="-72.6316266786"><ele>112.01</ele><time>2024-09-15T02:58:14Z</time></trkpt><trkpt lat="-39.3646013271" lon="-72.6314630639"><ele>111.60</ele><time>2024-09-15T02:58:21Z</time></trkpt><trkpt lat="-39.3642737623" lon="-72.6308968663"><ele>112.31</ele><time>2024-09-15T02:58:31Z</time></trkpt><trkpt lat="-39.3639228120" lon="-72.6302884240"><ele>112.02</ele><time>2024-09-15T02:58:41Z</time></trkpt><trkpt lat="-39.3634346500" lon="-72.6294605434"><ele>112.16</ele><time>2024-09-15T02:58:53Z</time></trkpt><trkpt lat="-39.3632743042" lon="-72.6292851940"><ele>111.62</ele><time>2024-09-15T02:59:00Z</time></trkpt><trkpt lat="-39.3632297125" lon="-72.6293014549"><ele>111.68</ele><time>2024-09-15T02:59:01Z</time></trkpt><trkpt lat="-39.3631870486" lon="-72.6293320488"><ele>111.65</ele><time>2024-09-15T02:59:02Z</time></trkpt><trkpt lat="-39.3626926001" lon="-72.6298122481"><ele>111.37</ele><time>2024-09-15T02:59:12Z</time></trkpt><trkpt lat="-39.3624334317" lon="-72.6301520504"><ele>111.26</ele><time>2024-09-15T02:59:20Z</time></trkpt><trkpt lat="-39.3624518719" lon="-72.6302092988"><ele>111.24</ele><time>2024-09-15T02:59:21Z</time></trkpt><trkpt lat="-39.3624843936" lon="-72.6302734204"><ele>111.31</ele><time>2024-09-15T02:59:22Z</time></trkpt><trkpt lat="-39.3625231180" lon="-72.6303425711"><ele>111.53</ele><time>2024-09-15T02:59:23Z</time></trkpt><trkpt lat="-39.3625648599" lon="-72.6304116379"><ele>111.67</ele><time>2024-09-15T02:59:24Z</time></trkpt><trkpt lat="-39.3630202487" lon="-72.6311468985"><ele>111.07</ele><time>2024-09-15T02:59:37Z</time></trkpt><trkpt lat="-39.3633520883" lon="-72.6317348890"><ele>111.37</ele><time>2024-09-15T02:59:48Z</time></trkpt><trkpt lat="-39.3636654876" lon="-72.6322724205"><ele>110.96</ele><time>2024-09-15T03:00:00Z</time></trkpt><trkpt lat="-39.3638247438" lon="-72.6325632725"><ele>111.07</ele><time>2024-09-15T03:00:08Z</time></trkpt><trkpt lat="-39.3642942142" lon="-72.6333674323"><ele>110.92</ele><time>2024-09-15T03:00:20Z</time></trkpt><trkpt lat="-39.3644077051" lon="-72.6335585397"><ele>110.59</ele><time>2024-09-15T03:00:27Z</time></trkpt><trkpt lat="-39.3648109585" lon="-72.6342582610"><ele>110.92</ele><time>2024-09-15T03:00:37Z</time></trkpt><trkpt lat="-39.3651814386" lon="-72.6348688826"><ele>110.60</ele><time>2024-09-15T03:00:48Z</time></trkpt><trkpt lat="-39.3655449618" lon="-72.6355080865"><ele>110.71</ele><time>2024-09-15T03:01:00Z</time></trkpt><trkpt lat="-39.3656094186" lon="-72.6356472261"><ele>110.72</ele><time>2024-09-15T03:01:07Z</time></trkpt><trkpt lat="-39.3656054791" lon="-72.6356873754"><ele>110.85</ele><time>2024-09-15T03:01:08Z</time></trkpt><trkpt lat="-39.3655890506" lon="-72.6357258484"><ele>110.84</ele><time>2024-09-15T03:01:09Z</time></trkpt><trkpt lat="-39.3655562773" lon="-72.6357652433"><ele>110.81</ele><time>2024-09-15T03:01:10Z</time></trkpt><trkpt lat="-39.3655098416" lon="-72.6358085778"><ele>110.90</ele><time>2024-09-15T03:01:11Z</time></trkpt><trkpt lat="-39.3654554430" lon="-72.6358568575"><ele>110.94</ele><time>2024-09-15T03:01:12Z</time></trkpt><trkpt lat="-39.3648577295" lon="-72.6364187803"><ele>110.50</ele><time>2024-09-15T03:01:22Z</time></trkpt><trkpt lat="-39.3648164067" lon="-72.6364423335"><ele>110.37</ele><time>2024-09-15T03:01:23Z</time></trkpt><trkpt lat="-39.3647738267" lon="-72.6364491228"><ele>110.44</ele><time>2024-09-15T03:01:24Z</time></trkpt><trkpt lat="-39.3647271395" lon="-72.6364344545"><ele>110.40</ele><time>2024-09-15T03:01:25Z</time></trkpt><trkpt lat="-39.3646797817" lon="-72.6363963168"><ele>110.50</ele><time>2024-09-15T03:01:26Z</time></trkpt><trkpt lat="-39.3646372855" lon="-72.6363418344"><ele>110.54</ele><time>2024-09-15T03:01:27Z</time></trkpt><trkpt lat="-39.3645947892" lon="-72.6362718455"><ele>110.44</ele><time>2024-09-15T03:01:28Z</time></trkpt><trkpt lat="-39.3645497784" lon="-72.6361915469"><ele>110.49</ele><time>2024-09-15T03:01:29Z</time></trkpt><trkpt lat="-39.3641340360" lon="-72.6353808492"><ele>109.91</ele><time>2024-09-15T03:01:41Z</time></trkpt><trkpt lat="-39.3636612128" lon="-72.6345771924"><ele>110.48</ele><time>2024-09-15T03:01:53Z</time></trkpt><trkpt lat="-39.3634928204" lon="-72.6343051158"><ele>110.06</ele><time>2024-09-15T03:02:00Z</time></trkpt><trkpt lat="-39.3634167127" lon="-72.6342311874"><ele>110.29</ele><time>2024-09-15T03:02:02Z</time></trkpt><trkpt lat="-39.3633743841" lon="-72.6341742743"><ele>110.39</ele><time>2024-09-15T03:02:03Z</time></trkpt><trkpt lat="-39.3633275293" lon="-72.6341020223"><ele>110.50</ele><time>2024-09-15T03:02:04Z</time></trkpt><trkpt lat="-39.3628748227" lon="-72.6333227567"><ele>110.02</ele><time>2024-09-15T03:02:14Z</time></trkpt><trkpt lat="-39.3627913389" lon="-72.6331489999"><ele>109.67</ele><time>2024-09-15T03:02:20Z</time></trkpt><trkpt lat="-39.3624424003" lon="-72.6324934512"><ele>110.44</ele><time>2024-09-15T03:02:29Z</time></trkpt><trkpt lat="-39.3621196132" lon="-72.6319441851"><ele>110.41</ele><time>2024-09-15T03:02:38Z</time></trkpt><trkpt lat="-39.3616451975" lon="-72.6311214175"><ele>110.41</ele><time>2024-09-15T03:02:48Z</time></trkpt><trkpt lat="-39.3615070637" lon="-72.6309692021"><ele>110.20</ele><time>2024-09-15T03:02:54Z</time></trkpt><trkpt lat="-39.3614674173" lon="-72.6309857145"><ele>110.21</ele><time>2024-09-15T03:02:55Z</time></trkpt><trkpt lat="-39.3614265136" lon="-72.6310191583"><ele>110.18</ele><time>2024-09-15T03:02:56Z</time></trkpt><trkpt lat="-39.3608333264" lon="-72.6315815840"><ele>110.49</ele><time>2024-09-15T03:03:06Z</time></trkpt><trkpt lat="-39.3607091065" lon="-72.6317229867"><ele>110.08</ele><time>2024-09-15T03:03:09Z</time></trkpt><trkpt lat="-39.3606894091" lon="-72.6317682490"><ele>110.10</ele><time>2024-09-15T03:03:10Z</time></trkpt><trkpt lat="-39.3606843799" lon="-72.6318192948"><ele>110.03</ele><time>2024-09-15T03:03:11Z</time></trkpt><trkpt lat="-39.3606999703" lon="-72.6318784710"><ele>110.01</ele><time>2024-09-15T03:03:12Z</time></trkpt><trkpt lat="-39.3607287202" lon="-72.6319368929"><ele>109.97</ele><time>2024-09-15T03:03:13Z</time></trkpt><trkpt lat="-39.3607668579" lon="-72.6320040319"><ele>110.09</ele><time>2024-09-15T03:03:14Z</time></trkpt><trkpt lat="-39.3613083288" lon="-72.6329031587"><ele>109.80</ele><time>2024-09-15T03:03:26Z</time></trkpt><trkpt lat="-39.3618420884" lon="-72.6338109188"><ele>109.50</ele><time>2024-09-15T03:03:37Z</time></trkpt><trkpt lat="-39.3620318547" lon="-72.6341364719"><ele>109.17</ele><time>2024-09-15T03:03:44Z</time></trkpt><trkpt lat="-39.3625057675" lon="-72.6349420566"><ele>109.46</ele><time>2024-09-15T03:03:54Z</time></trkpt><trkpt lat="-39.3627080228" lon="-72.6352730580"><ele>109.46</ele><time>2024-09-15T03:04:01Z</time></trkpt><trkpt lat="-39.3632550258" lon="-72.6361944806"><ele>109.52</ele><time>2024-09-15T03:04:13Z</time></trkpt><trkpt lat="-39.3636945728" lon="-72.6369180903"><ele>109.99</ele><time>2024-09-15T03:04:24Z</time></trkpt><trkpt lat="-39.3638865184" lon="-72.6372415479"><ele>109.66</ele><time>2024-09-15T03:04:32Z</time></trkpt><trkpt lat="-39.3638946488" lon="-72.6373189967"><ele>109.76</ele><time>2024-09-15T03:04:35Z</time></trkpt><trkpt lat="-39.3638774659" lon="-72.6373512670"><ele>109.82</ele><time>2024-09-15T03:04:36Z</time></trkpt><trkpt lat="-39.3638526555" lon="-72.6373849623"><ele>109.81</ele><time>2024-09-15T03:04:37Z</time></trkpt><trkpt lat="-39.3638203852" lon="-72.6374200825"><ele>109.90</ele><time>2024-09-15T03:04:38Z</time></trkpt><trkpt lat="-39.3637830019" lon="-72.6374557056"><ele>109.98</ele><time>2024-09-15T03:04:39Z</time></trkpt><trkpt lat="-39.3637429364" lon="-72.6374919992"><ele>109.93</ele><time>2024-09-15T03:04:40Z</time></trkpt><trkpt lat="-39.3631468154" lon="-72.6380325481"><ele>110.11</ele><time>2024-09-15T03:04:51Z</time></trkpt><trkpt lat="-39.3631058279" lon="-72.6380598731"><ele>109.98</ele><time>2024-09-15T03:04:52Z</time></trkpt><trkpt lat="-39.3630714621" lon="-72.6380726136"><ele>109.89</ele><time>2024-09-15T03:04:53Z</time></trkpt><trkpt lat="-39.3630349170" lon="-72.6380693447"><ele>109.66</ele><time>2024-09-15T03:04:54Z</time></trkpt><trkpt lat="-39.3629957736" lon="-72.6380404271"><ele>109.70</ele><time>2024-09-15T03:04:55Z</time></trkpt><trkpt lat="-39.3629530258" lon="-72.6379880402"><ele>109.73</ele><time>2024-09-15T03:04:56Z</time></trkpt><trkpt lat="-39.3629060034" lon="-72.6379131898"><ele>109.75</ele><time>2024-09-15T03:04:57Z</time></trkpt><trkpt lat="-39.3628556281" lon="-72.6378245931"><ele>109.83</ele><time>2024-09-15T03:04:58Z</time></trkpt><trkpt lat="-39.3622491974" lon="-72.6367344428"><ele>109.80</ele><time>2024-09-15T03:05:10Z</time></trkpt><trkpt lat="-39.3614578620" lon="-72.6353555359"><ele>109.69</ele><time>2024-09-15T03:05:24Z</time></trkpt><trkpt lat="-39.3611789122" lon="-72.6347742509"><ele>109.04</ele><time>2024-09-15T03:05:33Z</time></trkpt><trkpt lat="-39.3612092547" lon="-72.6347284857"><ele>109.00</ele><time>2024-09-15T03:05:34Z</time></trkpt><trkpt lat="-39.3612561096" lon="-72.6346791163"><ele>109.23</ele><time>2024-09-15T03:05:35Z</time></trkpt><trkpt lat="-39.3617794756" lon="-72.6341922116"><ele>109.19</ele><time>2024-09-15T03:05:43Z</time></trkpt><trkpt lat="-39.3626251258" lon="-72.6333972719"><ele>109.26</ele><time>2024-09-15T03:05:57Z</time></trkpt><trkpt lat="-39.3630288821" lon="-72.6330092736"><ele>109.55</ele><time>2024-09-15T03:06:07Z</time></trkpt><trkpt lat="-39.3635652401" lon="-72.6324797887"><ele>110.12</ele><time>2024-09-15T03:06:20Z</time></trkpt><trkpt lat="-39.3642865028" lon="-72.6317871083"><ele>111.19</ele><time>2024-09-15T03:06:32Z</time></trkpt><trkpt lat="-39.3650374375" lon="-72.6310658455"><ele>111.58</ele><time>2024-09-15T03:06:46Z</time></trkpt><trkpt lat="-39.3652567919" lon="-72.6308825333"><ele>108.98</ele><time>2024-09-15T03:06:52Z</time></trkpt><trkpt lat="-39.3652985338" lon="-72.6309003867"><ele>110.47</ele><time>2024-09-15T03:06:53Z</time></trkpt><trkpt lat="-39.3653499149" lon="-72.6309400331"><ele>113.13</ele><time>2024-09-15T03:06:54Z</time></trkpt><trkpt lat="-39.3654074147" lon="-72.6309963595"><ele>113.28</ele><time>2024-09-15T03:06:55Z</time></trkpt><trkpt lat="-39.3654719554" lon="-72.6310628280"><ele>112.26</ele><time>2024-09-15T03:06:56Z</time></trkpt><trkpt lat="-39.3661731854" lon="-72.6318267547"><ele>111.53</ele><time>2024-09-15T03:07:07Z</time></trkpt><trkpt lat="-39.3662259076" lon="-72.6319074724"><ele>111.46</ele><time>2024-09-15T03:07:08Z</time></trkpt><trkpt lat="-39.3668805342" lon="-72.6330816094"><ele>111.19</ele><time>2024-09-15T03:07:22Z</time></trkpt><trkpt lat="-39.3673288822" lon="-72.6338878646"><ele>111.11</ele><time>2024-09-15T03:07:35Z</time></trkpt><trkpt lat="-39.3673592247" lon="-72.6340097375"><ele>108.93</ele><time>2024-09-15T03:07:41Z</time></trkpt><trkpt lat="-39.3673430476" lon="-72.6340432651"><ele>111.99</ele><time>2024-09-15T03:07:42Z</time></trkpt><trkpt lat="-39.3673172314" lon="-72.6340772118"><ele>110.83</ele><time>2024-09-15T03:07:43Z</time></trkpt><trkpt lat="-39.3672787584" lon="-72.6341141760"><ele>112.62</ele><time>2024-09-15T03:07:44Z</time></trkpt><trkpt lat="-39.3672293052" lon="-72.6341602765"><ele>111.66</ele><time>2024-09-15T03:07:45Z</time></trkpt><trkpt lat="-39.3665959686" lon="-72.6347485185"><ele>111.38</ele><time>2024-09-15T03:07:55Z</time></trkpt><trkpt lat="-39.3657958321" lon="-72.6355020516"><ele>110.65</ele><time>2024-09-15T03:08:09Z</time></trkpt><trkpt lat="-39.3651683629" lon="-72.6360899583"><ele>110.82</ele><time>2024-09-15T03:08:19Z</time></trkpt><trkpt lat="-39.3637175392" lon="-72.6374579687"><ele>110.32</ele><time>2024-09-15T03:08:37Z</time></trkpt><trkpt lat="-39.3626788538" lon="-72.6384378970"><ele>110.11</ele><time>2024-09-15T03:08:48Z</time></trkpt><trkpt lat="-39.3618667312" lon="-72.6391986385"><ele>109.98</ele><time>2024-09-15T03:09:00Z</time></trkpt><trkpt lat="-39.3615246657" lon="-72.6395119540"><ele>109.72</ele><time>2024-09-15T03:09:06Z</time></trkpt><trkpt lat="-39.3614574429" lon="-72.6395459007"><ele>109.57</ele><time>2024-09-15T03:09:07Z</time></trkpt><trkpt lat="-39.3613867834" lon="-72.6395744830"><ele>108.18</ele><time>2024-09-15T03:09:08Z</time></trkpt><trkpt lat="-39.3613124359" lon="-72.6395904925"><ele>109.08</ele><time>2024-09-15T03:09:09Z</time></trkpt><trkpt lat="-39.3612342328" lon="-72.6395931747"><ele>110.06</ele><time>2024-09-15T03:09:10Z</time></trkpt><trkpt lat="-39.3611563649" lon="-72.6395801827"><ele>109.97</ele><time>2024-09-15T03:09:11Z</time></trkpt><trkpt lat="-39.3610753119" lon="-72.6395567134"><ele>110.04</ele><time>2024-09-15T03:09:12Z</time></trkpt><trkpt lat="-39.3609977793" lon="-72.6395148877"><ele>109.93</ele><time>2024-09-15T03:09:13Z</time></trkpt><trkpt lat="-39.3609277066" lon="-72.6394701283"><ele>109.64</ele><time>2024-09-15T03:09:14Z</time></trkpt><trkpt lat="-39.3608610705" lon="-72.6394219324"><ele>109.45</ele><time>2024-09-15T03:09:15Z</time></trkpt><trkpt lat="-39.3606200907" lon="-72.6392575633"><ele>109.48</ele><time>2024-09-15T03:09:19Z</time></trkpt><trkpt lat="-39.3605575617" lon="-72.6392387878"><ele>109.47</ele><time>2024-09-15T03:09:20Z</time></trkpt><trkpt lat="-39.3604937755" lon="-72.6392387878"><ele>109.45</ele><time>2024-09-15T03:09:21Z</time></trkpt><trkpt lat="-39.3604345992" lon="-72.6392585691"><ele>109.24</ele><time>2024-09-15T03:09:22Z</time></trkpt><trkpt lat="-39.3603801169" lon="-72.6392924320"><ele>109.20</ele><time>2024-09-15T03:09:23Z</time></trkpt><trkpt lat="-39.3603339326" lon="-72.6393344253"><ele>109.03</ele><time>2024-09-15T03:09:24Z</time></trkpt><trkpt lat="-39.3602918554" lon="-72.6393791009"><ele>108.71</ele><time>2024-09-15T03:09:25Z</time></trkpt><trkpt lat="-39.3602479342" lon="-72.6394195855"><ele>108.78</ele><time>2024-09-15T03:09:26Z</time></trkpt><trkpt lat="-39.3602010794" lon="-72.6394556277"><ele>108.76</ele><time>2024-09-15T03:09:27Z</time></trkpt><trkpt lat="-39.3601491954" lon="-72.6394830365"><ele>108.98</ele><time>2024-09-15T03:09:28Z</time></trkpt><trkpt lat="-39.3600908574" lon="-72.6395013090"><ele>109.32</ele><time>2024-09-15T03:09:29Z</time></trkpt><trkpt lat="-39.3600280769" lon="-72.6395102777"><ele>109.73</ele><time>2024-09-15T03:09:30Z</time></trkpt><trkpt lat="-39.3599611893" lon="-72.6395155583"><ele>109.57</ele><time>2024-09-15T03:09:31Z</time></trkpt><trkpt lat="-39.3597589340" lon="-72.6395490021"><ele>109.23</ele><time>2024-09-15T03:09:34Z</time></trkpt><trkpt lat="-39.3596990034" lon="-72.6395780873"><ele>109.08</ele><time>2024-09-15T03:09:35Z</time></trkpt><trkpt lat="-39.3596412521" lon="-72.6396194939"><ele>108.95</ele><time>2024-09-15T03:09:36Z</time></trkpt><trkpt lat="-39.3595830817" lon="-72.6396696176"><ele>108.85</ele><time>2024-09-15T03:09:37Z</time></trkpt><trkpt lat="-39.3595254980" lon="-72.6397246029"><ele>108.86</ele><time>2024-09-15T03:09:38Z</time></trkpt><trkpt lat="-39.3594006076" lon="-72.6399520878"><ele>109.43</ele><time>2024-09-15T03:09:41Z</time></trkpt><trkpt lat="-39.3593970034" lon="-72.6400422771"><ele>109.66</ele><time>2024-09-15T03:09:42Z</time></trkpt><trkpt lat="-39.3594078161" lon="-72.6401318796"><ele>109.86</ele><time>2024-09-15T03:09:43Z</time></trkpt><trkpt lat="-39.3594252504" lon="-72.6402194705"><ele>109.95</ele><time>2024-09-15T03:09:44Z</time></trkpt><trkpt lat="-39.3594514858" lon="-72.6403072290"><ele>110.14</ele><time>2024-09-15T03:09:45Z</time></trkpt><trkpt lat="-39.3594819121" lon="-72.6403892040"><ele>110.31</ele><time>2024-09-15T03:09:46Z</time></trkpt><trkpt lat="-39.3595234863" lon="-72.6404660661"><ele>110.19</ele><time>2024-09-15T03:09:47Z</time></trkpt><trkpt lat="-39.3595700897" lon="-72.6405314449"><ele>110.08</ele><time>2024-09-15T03:09:48Z</time></trkpt><trkpt lat="-39.3596316967" lon="-72.6405969076"><ele>110.22</ele><time>2024-09-15T03:09:49Z</time></trkpt><trkpt lat="-39.3596963212" lon="-72.6406500489"><ele>110.19</ele><time>2024-09-15T03:09:50Z</time></trkpt><trkpt lat="-39.3597710039" lon="-72.6406855881"><ele>110.37</ele><time>2024-09-15T03:09:51Z</time></trkpt><trkpt lat="-39.3598502968" lon="-72.6407129131"><ele>110.53</ele><time>2024-09-15T03:09:52Z</time></trkpt><trkpt lat="-39.3599326909" lon="-72.6407333650"><ele>110.49</ele><time>2024-09-15T03:09:53Z</time></trkpt><trkpt lat="-39.3605827913" lon="-72.6408901904"><ele>110.87</ele><time>2024-09-15T03:10:04Z</time></trkpt><trkpt lat="-39.3606547918" lon="-72.6409367099"><ele>111.01</ele><time>2024-09-15T03:10:13Z</time></trkpt><trkpt lat="-39.3606502656" lon="-72.6408794615"><ele>109.85</ele><time>2024-09-15T03:10:43Z</time></trkpt><trkpt lat="-39.3606534507" lon="-72.6408751030"><ele>114.44</ele><time>2024-09-15T03:10:44Z</time></trkpt><trkpt lat="-39.3606898282" lon="-72.6409043558"><ele>111.90</ele><time>2024-09-15T03:11:13Z</time></trkpt></trkseg></trk></gpx>