<?xml version="1.0" encoding="UTF-8" standalone="no" ?><gpx xmlns="http://www.topografix.com/GPX/1/1" xmlns:gpxx="http://www.garmin.com/xmlschemas/GpxExtensions/v3" xmlns:gpxtrkx="http://www.garmin.com/xmlschemas/TrackStatsExtension/v1" xmlns:wptx1="http://www.garmin.com/xmlschemas/WaypointExtension/v1" xmlns:gpxtpx="http://www.garmin.com/xmlschemas/TrackPointExtension/v1" creator="GPSMAP 64sx" version="1.1" xmlns:xsi="http://www.w3.org/2001/XMLSchema-instance" xsi:schemaLocation="http://www.topografix.com/GPX/1/1 http://www.topografix.com/GPX/1/1/gpx.xsd http://www.garmin.com/xmlschemas/GpxExtensions/v3 http://www8.garmin.com/xmlschemas/GpxExtensionsv3.xsd http://www.garmin.com/xmlschemas/TrackStatsExtension/v1 http://www8.garmin.com/xmlschemas/TrackStatsExtension.xsd http://www.garmin.com/xmlschemas/WaypointExtension/v1 http://www8.garmin.com/xmlschemas/WaypointExtensionv1.xsd http://www.garmin.com/xmlschemas/TrackPointExtension/v1 http://www.garmin.com/xmlschemas/TrackPointExtensionv1.xsd"><metadata><link href="http://www.garmin.com"><text>Garmin International</text></link><time>2024-09-16T02:42:55Z</time></metadata><trk><name>GPS LONCO 240915</name><extensions><gpxx:TrackExtension><gpxx:DisplayColor>Cyan</gpxx:DisplayColor></gpxx:TrackExtension><gpxtrkx:TrackStatsExtension><gpxtrkx:Distance>49900.000</gpxtrkx:Distance><gpxtrkx:TotalElapsedTime>7235</gpxtrkx:TotalElapsedTime><gpxtrkx:MovingTime>6985</gpxtrkx:MovingTime><gpxtrkx:StoppedTime>247</gpxtrkx:StoppedTime><gpxtrkx:MovingSpeed>7.144</gpxtrkx:MovingSpeed><gpxtrkx:MaxSpeed>18.029</gpxtrkx:MaxSpeed><gpxtrkx:MaxElevation>159.912</gpxtrkx:MaxElevation><gpxtrkx:MinElevation>110.442</gpxtrkx:MinElevation><gpxtrkx:Ascent>170.000</gpxtrkx:Ascent><gpxtrkx:Descent>206.844</gpxtrkx:Descent><gpxtrkx:AvgAscentRate>0.053</gpxtrkx:AvgAscentRate><gpxtrkx:MaxAscentRate>0.567</gpxtrkx:MaxAscentRate><gpxtrkx:AvgDescentRate>0.075</gpxtrkx:AvgDescentRate><gpxtrkx:MaxDescentRate>-0.704</gpxtrkx:MaxDescentRate></gpxtrkx:TrackStatsExtension></extensions><trkseg><trkpt lat="-39.3542359304" lon="-72.5777836796"><ele>159.91</ele><time>2024-09-16T00:42:20Z</time></trkpt><trkpt lat="-39.3542361818" lon="-72.5777837634"><ele>159.91</ele><time>2024-09-16T00:42:21Z</time></trkpt><trkpt lat="-39.3542313203" lon="-72.5777722802"><ele>155.76</ele><time>2024-09-16T00:42:24Z</time></trkpt><trkpt lat="-39.3542289734" lon="-72.5777698494"><ele>157.25</ele><time>2024-09-16T00:42:25Z</time></trkpt><trkpt lat="-39.3541930988" lon="-72.5777481403"><ele>156.43</ele><time>2024-09-16T00:42:53Z</time></trkpt><trkpt lat="-39.3542077672" lon="-72.5777004473"><ele>155.68</ele><time>2024-09-16T00:43:17Z</time></trkpt><trkpt lat="-39.3542104494" lon="-72.5777109247"><ele>155.65</ele><time>2024-09-16T00:43:21Z</time></trkpt><trkpt lat="-39.3542551249" lon="-72.5777547620"><ele>155.65</ele><time>2024-09-16T00:43:24Z</time></trkpt><trkpt lat="-39.3545815162" lon="-72.5779954903"><ele>154.95</ele><time>2024-09-16T00:43:37Z</time></trkpt><trkpt lat="-39.3546413630" lon="-72.5780526549"><ele>154.79</ele><time>2024-09-16T00:43:39Z</time></trkpt><trkpt lat="-39.3546814285" lon="-72.5780751184"><ele>154.76</ele><time>2024-09-16T00:43:40Z</time></trkpt><trkpt lat="-39.3548186403" lon="-72.5781408325"><ele>154.70</ele><time>2024-09-16T00:43:43Z</time></trkpt><trkpt lat="-39.3548578676" lon="-72.5781734381"><ele>154.71</ele><time>2024-09-16T00:43:44Z</time></trkpt><trkpt lat="-39.3548913114" lon="-72.5782208797"><ele>154.75</ele><time>2024-09-16T00:43:45Z</time></trkpt><trkpt lat="-39.3549192231" lon="-72.5782799721"><ele>154.80</ele><time>2024-09-16T00:43:46Z</time></trkpt><trkpt lat="-39.3549422733" lon="-72.5783490390"><ele>154.65</ele><time>2024-09-16T00:43:47Z</time></trkpt><trkpt lat="-39.3549656589" lon="-72.5784245599"><ele>154.71</ele><time>2024-09-16T00:43:48Z</time></trkpt><trkpt lat="-39.3553379830" lon="-72.5794295501"><ele>154.73</ele><time>2024-09-16T00:43:58Z</time></trkpt><trkpt lat="-39.3560694717" lon="-72.5814433862"><ele>153.90</ele><time>2024-09-16T00:44:13Z</time></trkpt><trkpt lat="-39.3568713684" lon="-72.5836153887"><ele>154.31</ele><time>2024-09-16T00:44:28Z</time></trkpt><trkpt lat="-39.3571355660" lon="-72.5843464583"><ele>152.02</ele><time>2024-09-16T00:44:33Z</time></trkpt><trkpt lat="-39.3580825534" lon="-72.5869178586"><ele>150.61</ele><time>2024-09-16T00:44:50Z</time></trkpt><trkpt lat="-39.3590466399" lon="-72.5895721558"><ele>148.71</ele><time>2024-09-16T00:45:07Z</time></trkpt><trkpt lat="-39.3599691521" lon="-72.5920791831"><ele>147.33</ele><time>2024-09-16T00:45:23Z</time></trkpt><trkpt lat="-39.3608852103" lon="-72.5945738051"><ele>145.94</ele><time>2024-09-16T00:45:38Z</time></trkpt><trkpt lat="-39.3620803859" lon="-72.5978416577"><ele>143.52</ele><time>2024-09-16T00:45:57Z</time></trkpt><trkpt lat="-39.3634181377" lon="-72.6016622968"><ele>140.45</ele><time>2024-09-16T00:46:18Z</time></trkpt><trkpt lat="-39.3639233150" lon="-72.6042804681"><ele>137.74</ele><time>2024-09-16T00:46:31Z</time></trkpt><trkpt lat="-39.3640275858" lon="-72.6066909358"><ele>134.65</ele><time>2024-09-16T00:46:43Z</time></trkpt><trkpt lat="-39.3639621232" lon="-72.6088282373"><ele>131.53</ele><time>2024-09-16T00:46:54Z</time></trkpt><trkpt lat="-39.3639187049" lon="-72.6102357265"><ele>128.14</ele><time>2024-09-16T00:47:01Z</time></trkpt><trkpt lat="-39.3638882786" lon="-72.6112620905"><ele>124.76</ele><time>2024-09-16T00:47:06Z</time></trkpt><trkpt lat="-39.3638509791" lon="-72.6122908853"><ele>121.89</ele><time>2024-09-16T00:47:11Z</time></trkpt><trkpt lat="-39.3638024479" lon="-72.6133090351"><ele>119.38</ele><time>2024-09-16T00:47:16Z</time></trkpt><trkpt lat="-39.3633879628" lon="-72.6156409644"><ele>117.81</ele><time>2024-09-16T00:47:28Z</time></trkpt><trkpt lat="-39.3626266345" lon="-72.6176572312"><ele>118.15</ele><time>2024-09-16T00:47:39Z</time></trkpt><trkpt lat="-39.3619938008" lon="-72.6187866088"><ele>121.75</ele><time>2024-09-16T00:47:46Z</time></trkpt><trkpt lat="-39.3614929821" lon="-72.6194822229"><ele>124.89</ele><time>2024-09-16T00:47:51Z</time></trkpt><trkpt lat="-39.3605274707" lon="-72.6205244288"><ele>127.93</ele><time>2024-09-16T00:48:00Z</time></trkpt><trkpt lat="-39.3603036739" lon="-72.6206874568"><ele>128.01</ele><time>2024-09-16T00:48:02Z</time></trkpt><trkpt lat="-39.3601902667" lon="-72.6207367424"><ele>128.15</ele><time>2024-09-16T00:48:03Z</time></trkpt><trkpt lat="-39.3600782845" lon="-72.6207660791"><ele>127.82</ele><time>2024-09-16T00:48:04Z</time></trkpt><trkpt lat="-39.3595227320" lon="-72.6209073141"><ele>125.34</ele><time>2024-09-16T00:48:10Z</time></trkpt><trkpt lat="-39.3594597001" lon="-72.6209436916"><ele>124.92</ele><time>2024-09-16T00:48:11Z</time></trkpt><trkpt lat="-39.3593403418" lon="-72.6210374851"><ele>122.90</ele><time>2024-09-16T00:48:15Z</time></trkpt><trkpt lat="-39.3593462091" lon="-72.6210388262"><ele>122.51</ele><time>2024-09-16T00:48:20Z</time></trkpt><trkpt lat="-39.3592970911" lon="-72.6210795622"><ele>122.55</ele><time>2024-09-16T00:48:30Z</time></trkpt><trkpt lat="-39.3592646532" lon="-72.6211055461"><ele>122.25</ele><time>2024-09-16T00:48:31Z</time></trkpt><trkpt lat="-39.3592363223" lon="-72.6211300213"><ele>121.68</ele><time>2024-09-16T00:48:32Z</time></trkpt><trkpt lat="-39.3592139427" lon="-72.6211560052"><ele>121.08</ele><time>2024-09-16T00:48:33Z</time></trkpt><trkpt lat="-39.3591972627" lon="-72.6211989205"><ele>120.75</ele><time>2024-09-16T00:48:34Z</time></trkpt><trkpt lat="-39.3591898028" lon="-72.6212527324"><ele>120.62</ele><time>2024-09-16T00:48:35Z</time></trkpt><trkpt lat="-39.3591979332" lon="-72.6213171054"><ele>120.30</ele><time>2024-09-16T00:48:36Z</time></trkpt><trkpt lat="-39.3592237495" lon="-72.6213912852"><ele>120.29</ele><time>2024-09-16T00:48:37Z</time></trkpt><trkpt lat="-39.3592574447" lon="-72.6214633696"><ele>119.90</ele><time>2024-09-16T00:48:38Z</time></trkpt><trkpt lat="-39.3592982646" lon="-72.6215466857"><ele>119.51</ele><time>2024-09-16T00:48:39Z</time></trkpt><trkpt lat="-39.3595446926" lon="-72.6220171619"><ele>117.35</ele><time>2024-09-16T00:48:44Z</time></trkpt><trkpt lat="-39.3598159309" lon="-72.6225138735"><ele>116.45</ele><time>2024-09-16T00:48:49Z</time></trkpt><trkpt lat="-39.3598813098" lon="-72.6226008777"><ele>116.21</ele><time>2024-09-16T00:48:50Z</time></trkpt><trkpt lat="-39.3599481136" lon="-72.6226741355"><ele>116.12</ele><time>2024-09-16T00:48:51Z</time></trkpt><trkpt lat="-39.3600248080" lon="-72.6227387600"><ele>115.84</ele><time>2024-09-16T00:48:52Z</time></trkpt><trkpt lat="-39.3601100519" lon="-72.6227889676"><ele>115.57</ele><time>2024-09-16T00:48:53Z</time></trkpt><trkpt lat="-39.3601994030" lon="-72.6228217408"><ele>115.31</ele><time>2024-09-16T00:48:54Z</time></trkpt><trkpt lat="-39.3602890894" lon="-72.6228388399"><ele>115.10</ele><time>2024-09-16T00:48:55Z</time></trkpt><trkpt lat="-39.3603755906" lon="-72.6228524186"><ele>115.27</ele><time>2024-09-16T00:48:56Z</time></trkpt><trkpt lat="-39.3604604155" lon="-72.6228663325"><ele>115.20</ele><time>2024-09-16T00:48:57Z</time></trkpt><trkpt lat="-39.3614272680" lon="-72.6231693383"><ele>117.02</ele><time>2024-09-16T00:49:09Z</time></trkpt><trkpt lat="-39.3616607040" lon="-72.6233674027"><ele>116.94</ele><time>2024-09-16T00:49:12Z</time></trkpt><trkpt lat="-39.3624398857" lon="-72.6241081953"><ele>115.48</ele><time>2024-09-16T00:49:22Z</time></trkpt><trkpt lat="-39.3625336792" lon="-72.6241397951"><ele>115.50</ele><time>2024-09-16T00:49:23Z</time></trkpt><trkpt lat="-39.3626303226" lon="-72.6241585705"><ele>115.65</ele><time>2024-09-16T00:49:24Z</time></trkpt><trkpt lat="-39.3627283070" lon="-72.6241587382"><ele>115.62</ele><time>2024-09-16T00:49:25Z</time></trkpt><trkpt lat="-39.3628239445" lon="-72.6241556369"><ele>115.84</ele><time>2024-09-16T00:49:26Z</time></trkpt><trkpt lat="-39.3631993700" lon="-72.6241798606"><ele>116.07</ele><time>2024-09-16T00:49:30Z</time></trkpt><trkpt lat="-39.3632884696" lon="-72.6242092811"><ele>116.26</ele><time>2024-09-16T00:49:31Z</time></trkpt><trkpt lat="-39.3633708637" lon="-72.6242469158"><ele>116.32</ele><time>2024-09-16T00:49:32Z</time></trkpt><trkpt lat="-39.3634452112" lon="-72.6242906693"><ele>116.45</ele><time>2024-09-16T00:49:33Z</time></trkpt><trkpt lat="-39.3635164574" lon="-72.6243406255"><ele>116.43</ele><time>2024-09-16T00:49:34Z</time></trkpt><trkpt lat="-39.3635773938" lon="-72.6243917551"><ele>116.43</ele><time>2024-09-16T00:49:35Z</time></trkpt><trkpt lat="-39.3636258412" lon="-72.6244422141"><ele>116.52</ele><time>2024-09-16T00:49:36Z</time></trkpt><trkpt lat="-39.3636668287" lon="-72.6244910806"><ele>116.40</ele><time>2024-09-16T00:49:37Z</time></trkpt><trkpt lat="-39.3636982609" lon="-72.6245316491"><ele>116.31</ele><time>2024-09-16T00:49:38Z</time></trkpt><trkpt lat="-39.3637186289" lon="-72.6245687809"><ele>116.26</ele><time>2024-09-16T00:49:39Z</time></trkpt><trkpt lat="-39.3637524080" lon="-72.6246336568"><ele>116.17</ele><time>2024-09-16T00:49:49Z</time></trkpt><trkpt lat="-39.3638036214" lon="-72.6246133726"><ele>116.26</ele><time>2024-09-16T00:49:53Z</time></trkpt><trkpt lat="-39.3638210557" lon="-72.6245781686"><ele>116.06</ele><time>2024-09-16T00:49:54Z</time></trkpt><trkpt lat="-39.3638336286" lon="-72.6245269552"><ele>116.11</ele><time>2024-09-16T00:49:55Z</time></trkpt><trkpt lat="-39.3638402503" lon="-72.6244658511"><ele>116.00</ele><time>2024-09-16T00:49:56Z</time></trkpt><trkpt lat="-39.3638464529" lon="-72.6243958622"><ele>115.65</ele><time>2024-09-16T00:49:57Z</time></trkpt><trkpt lat="-39.3638516497" lon="-72.6243190840"><ele>115.37</ele><time>2024-09-16T00:49:58Z</time></trkpt><trkpt lat="-39.3638503924" lon="-72.6239668764"><ele>114.22</ele><time>2024-09-16T00:50:03Z</time></trkpt><trkpt lat="-39.3638273422" lon="-72.6239073649"><ele>114.06</ele><time>2024-09-16T00:50:04Z</time></trkpt><trkpt lat="-39.3637878634" lon="-72.6238580793"><ele>114.24</ele><time>2024-09-16T00:50:05Z</time></trkpt><trkpt lat="-39.3637419306" lon="-72.6238154154"><ele>114.32</ele><time>2024-09-16T00:50:06Z</time></trkpt><trkpt lat="-39.3636889569" lon="-72.6237709075"><ele>114.35</ele><time>2024-09-16T00:50:07Z</time></trkpt><trkpt lat="-39.3632598035" lon="-72.6233328693"><ele>114.64</ele><time>2024-09-16T00:50:16Z</time></trkpt><trkpt lat="-39.3632348254" lon="-72.6232814882"><ele>114.54</ele><time>2024-09-16T00:50:17Z</time></trkpt><trkpt lat="-39.3632214982" lon="-72.6232265867"><ele>114.51</ele><time>2024-09-16T00:50:18Z</time></trkpt><trkpt lat="-39.3632189836" lon="-72.6231687516"><ele>114.78</ele><time>2024-09-16T00:50:19Z</time></trkpt><trkpt lat="-39.3632250186" lon="-72.6231109165"><ele>114.66</ele><time>2024-09-16T00:50:20Z</time></trkpt><trkpt lat="-39.3632314727" lon="-72.6230569370"><ele>114.65</ele><time>2024-09-16T00:50:21Z</time></trkpt><trkpt lat="-39.3632184807" lon="-72.6227899734"><ele>114.85</ele><time>2024-09-16T00:50:26Z</time></trkpt><trkpt lat="-39.3632200733" lon="-72.6223781705"><ele>114.93</ele><time>2024-09-16T00:50:32Z</time></trkpt><trkpt lat="-39.3632296287" lon="-72.6223329082"><ele>114.95</ele><time>2024-09-16T00:50:33Z</time></trkpt><trkpt lat="-39.3632475659" lon="-72.6223035716"><ele>114.98</ele><time>2024-09-16T00:50:34Z</time></trkpt><trkpt lat="-39.3632668443" lon="-72.6222909987"><ele>114.94</ele><time>2024-09-16T00:50:35Z</time></trkpt><trkpt lat="-39.3632852007" lon="-72.6222884841"><ele>114.82</ele><time>2024-09-16T00:50:36Z</time></trkpt><trkpt lat="-39.3633064069" lon="-72.6222942676"><ele>115.01</ele><time>2024-09-16T00:50:37Z</time></trkpt><trkpt lat="-39.3633337319" lon="-72.6223088522"><ele>115.07</ele><time>2024-09-16T00:50:38Z</time></trkpt><trkpt lat="-39.3633642420" lon="-72.6223321538"><ele>115.13</ele><time>2024-09-16T00:50:39Z</time></trkpt><trkpt lat="-39.3633979373" lon="-72.6223622449"><ele>115.07</ele><time>2024-09-16T00:50:40Z</time></trkpt><trkpt lat="-39.3635273539" lon="-72.6224707905"><ele>114.91</ele><time>2024-09-16T00:50:45Z</time></trkpt><trkpt lat="-39.3635434471" lon="-72.6224681083"><ele>114.79</ele><time>2024-09-16T00:50:46Z</time></trkpt><trkpt lat="-39.3635587860" lon="-72.6224552840"><ele>114.80</ele><time>2024-09-16T00:50:47Z</time></trkpt><trkpt lat="-39.3635675032" lon="-72.6224272884"><ele>114.79</ele><time>2024-09-16T00:50:48Z</time></trkpt><trkpt lat="-39.3635692634" lon="-72.6223916654"><ele>114.92</ele><time>2024-09-16T00:50:49Z</time></trkpt><trkpt lat="-39.3635692634" lon="-72.6223518513"><ele>114.95</ele><time>2024-09-16T00:50:50Z</time></trkpt><trkpt lat="-39.3635669164" lon="-72.6219962910"><ele>115.33</ele><time>2024-09-16T00:50:57Z</time></trkpt><trkpt lat="-39.3635649048" lon="-72.6219278947"><ele>115.29</ele><time>2024-09-16T00:50:58Z</time></trkpt><trkpt lat="-39.3635626417" lon="-72.6218010765"><ele>115.26</ele><time>2024-09-16T00:51:00Z</time></trkpt><trkpt lat="-39.3634935748" lon="-72.6213484537"><ele>115.39</ele><time>2024-09-16T00:51:11Z</time></trkpt><trkpt lat="-39.3632847816" lon="-72.6211948972"><ele>115.19</ele><time>2024-09-16T00:51:18Z</time></trkpt><trkpt lat="-39.3632694427" lon="-72.6212141756"><ele>115.05</ele><time>2024-09-16T00:51:19Z</time></trkpt><trkpt lat="-39.3632543553" lon="-72.6212486252"><ele>115.03</ele><time>2024-09-16T00:51:20Z</time></trkpt><trkpt lat="-39.3632421177" lon="-72.6212938875"><ele>115.13</ele><time>2024-09-16T00:51:21Z</time></trkpt><trkpt lat="-39.3632354960" lon="-72.6213423349"><ele>115.18</ele><time>2024-09-16T00:51:22Z</time></trkpt><trkpt lat="-39.3632344063" lon="-72.6213978231"><ele>115.04</ele><time>2024-09-16T00:51:23Z</time></trkpt><trkpt lat="-39.3632343225" lon="-72.6214595977"><ele>115.12</ele><time>2024-09-16T00:51:24Z</time></trkpt><trkpt lat="-39.3631980289" lon="-72.6217107195"><ele>115.02</ele><time>2024-09-16T00:51:30Z</time></trkpt><trkpt lat="-39.3631727993" lon="-72.6217234600"><ele>115.16</ele><time>2024-09-16T00:51:31Z</time></trkpt><trkpt lat="-39.3631415349" lon="-72.6217277348"><ele>115.11</ele><time>2024-09-16T00:51:32Z</time></trkpt><trkpt lat="-39.3626435660" lon="-72.6217395533"><ele>115.20</ele><time>2024-09-16T00:51:47Z</time></trkpt><trkpt lat="-39.3626240361" lon="-72.6217625197"><ele>115.27</ele><time>2024-09-16T00:51:48Z</time></trkpt><trkpt lat="-39.3626102898" lon="-72.6217942033"><ele>115.34</ele><time>2024-09-16T00:51:49Z</time></trkpt><trkpt lat="-39.3626029138" lon="-72.6218301617"><ele>115.35</ele><time>2024-09-16T00:51:50Z</time></trkpt><trkpt lat="-39.3625973817" lon="-72.6218646113"><ele>115.42</ele><time>2024-09-16T00:51:51Z</time></trkpt><trkpt lat="-39.3625506107" lon="-72.6219482627"><ele>115.61</ele><time>2024-09-16T00:51:54Z</time></trkpt><trkpt lat="-39.3625245430" lon="-72.6219592430"><ele>115.78</ele><time>2024-09-16T00:51:55Z</time></trkpt><trkpt lat="-39.3624952901" lon="-72.6219647750"><ele>115.62</ele><time>2024-09-16T00:51:56Z</time></trkpt><trkpt lat="-39.3624630198" lon="-72.6219727378"><ele>115.67</ele><time>2024-09-16T00:51:57Z</time></trkpt><trkpt lat="-39.3624281511" lon="-72.6219781861"><ele>115.58</ele><time>2024-09-16T00:51:58Z</time></trkpt><trkpt lat="-39.3623934500" lon="-72.6219869033"><ele>115.54</ele><time>2024-09-16T00:51:59Z</time></trkpt><trkpt lat="-39.3623571564" lon="-72.6219932735"><ele>115.51</ele><time>2024-09-16T00:52:00Z</time></trkpt><trkpt lat="-39.3623211142" lon="-72.6220027450"><ele>115.68</ele><time>2024-09-16T00:52:01Z</time></trkpt><trkpt lat="-39.3622851558" lon="-72.6220139768"><ele>115.74</ele><time>2024-09-16T00:52:02Z</time></trkpt><trkpt lat="-39.3619627878" lon="-72.6219093706"><ele>115.12</ele><time>2024-09-16T00:52:12Z</time></trkpt><trkpt lat="-39.3618379813" lon="-72.6217604242"><ele>115.11</ele><time>2024-09-16T00:52:17Z</time></trkpt><trkpt lat="-39.3618357182" lon="-72.6217298303"><ele>115.08</ele><time>2024-09-16T00:52:18Z</time></trkpt><trkpt lat="-39.3618456926" lon="-72.6216979790"><ele>115.12</ele><time>2024-09-16T00:52:19Z</time></trkpt><trkpt lat="-39.3618680723" lon="-72.6216735039"><ele>115.07</ele><time>2024-09-16T00:52:20Z</time></trkpt><trkpt lat="-39.3619014323" lon="-72.6216541417"><ele>115.07</ele><time>2024-09-16T00:52:21Z</time></trkpt><trkpt lat="-39.3619433418" lon="-72.6216407306"><ele>115.05</ele><time>2024-09-16T00:52:22Z</time></trkpt><trkpt lat="-39.3619914539" lon="-72.6216301695"><ele>114.97</ele><time>2024-09-16T00:52:23Z</time></trkpt><trkpt lat="-39.3625167478" lon="-72.6215456799"><ele>115.20</ele><time>2024-09-16T00:52:36Z</time></trkpt><trkpt lat="-39.3625316676" lon="-72.6215318497"><ele>115.13</ele><time>2024-09-16T00:52:37Z</time></trkpt><trkpt lat="-39.3625439052" lon="-72.6215123199"><ele>115.24</ele><time>2024-09-16T00:52:38Z</time></trkpt><trkpt lat="-39.3625544664" lon="-72.6214840729"><ele>115.05</ele><time>2024-09-16T00:52:39Z</time></trkpt><trkpt lat="-39.3625611719" lon="-72.6214417443"><ele>115.20</ele><time>2024-09-16T00:52:40Z</time></trkpt><trkpt lat="-39.3625660334" lon="-72.6213891897"><ele>115.21</ele><time>2024-09-16T00:52:41Z</time></trkpt><trkpt lat="-39.3625743315" lon="-72.6206748839"><ele>115.12</ele><time>2024-09-16T00:52:52Z</time></trkpt><trkpt lat="-39.3625863176" lon="-72.6206250954"><ele>115.00</ele><time>2024-09-16T00:52:53Z</time></trkpt><trkpt lat="-39.3626068532" lon="-72.6205896400"><ele>114.99</ele><time>2024-09-16T00:52:54Z</time></trkpt><trkpt lat="-39.3626371957" lon="-72.6205700263"><ele>115.08</ele><time>2024-09-16T00:52:55Z</time></trkpt><trkpt lat="-39.3626748305" lon="-72.6205618959"><ele>115.02</ele><time>2024-09-16T00:52:56Z</time></trkpt><trkpt lat="-39.3627157342" lon="-72.6205598004"><ele>115.09</ele><time>2024-09-16T00:52:57Z</time></trkpt><trkpt lat="-39.3627625052" lon="-72.6205603871"><ele>115.07</ele><time>2024-09-16T00:52:58Z</time></trkpt><trkpt lat="-39.3635735381" lon="-72.6205871254"><ele>115.26</ele><time>2024-09-16T00:53:14Z</time></trkpt><trkpt lat="-39.3639777135" lon="-72.6205526758"><ele>115.17</ele><time>2024-09-16T00:53:26Z</time></trkpt><trkpt lat="-39.3640138395" lon="-72.6204340719"><ele>115.34</ele><time>2024-09-16T00:53:29Z</time></trkpt><trkpt lat="-39.3640184496" lon="-72.6203760691"><ele>115.31</ele><time>2024-09-16T00:53:30Z</time></trkpt><trkpt lat="-39.3640013505" lon="-72.6201629173"><ele>115.28</ele><time>2024-09-16T00:53:34Z</time></trkpt><trkpt lat="-39.3639778811" lon="-72.6201357599"><ele>115.21</ele><time>2024-09-16T00:53:35Z</time></trkpt><trkpt lat="-39.3639471196" lon="-72.6201214269"><ele>115.41</ele><time>2024-09-16T00:53:36Z</time></trkpt><trkpt lat="-39.3639124185" lon="-72.6201144699"><ele>115.35</ele><time>2024-09-16T00:53:37Z</time></trkpt><trkpt lat="-39.3638749514" lon="-72.6201110333"><ele>115.52</ele><time>2024-09-16T00:53:38Z</time></trkpt><trkpt lat="-39.3631717097" lon="-72.6200932637"><ele>115.87</ele><time>2024-09-16T00:53:52Z</time></trkpt><trkpt lat="-39.3626663648" lon="-72.6200572215"><ele>114.85</ele><time>2024-09-16T00:54:05Z</time></trkpt><trkpt lat="-39.3626562227" lon="-72.6200402901"><ele>114.70</ele><time>2024-09-16T00:54:06Z</time></trkpt><trkpt lat="-39.3626480084" lon="-72.6200155634"><ele>114.68</ele><time>2024-09-16T00:54:07Z</time></trkpt><trkpt lat="-39.3626420572" lon="-72.6199806947"><ele>114.75</ele><time>2024-09-16T00:54:08Z</time></trkpt><trkpt lat="-39.3626386207" lon="-72.6199372765"><ele>114.91</ele><time>2024-09-16T00:54:09Z</time></trkpt><trkpt lat="-39.3626371119" lon="-72.6198905054"><ele>114.84</ele><time>2024-09-16T00:54:10Z</time></trkpt><trkpt lat="-39.3626369443" lon="-72.6198425610"><ele>114.82</ele><time>2024-09-16T00:54:11Z</time></trkpt><trkpt lat="-39.3626778480" lon="-72.6196781918"><ele>114.73</ele><time>2024-09-16T00:54:15Z</time></trkpt><trkpt lat="-39.3627109565" lon="-72.6196613442"><ele>114.86</ele><time>2024-09-16T00:54:16Z</time></trkpt><trkpt lat="-39.3627516087" lon="-72.6196531300"><ele>115.00</ele><time>2024-09-16T00:54:17Z</time></trkpt><trkpt lat="-39.3627964519" lon="-72.6196521241"><ele>114.93</ele><time>2024-09-16T00:54:18Z</time></trkpt><trkpt lat="-39.3628443126" lon="-72.6196550578"><ele>114.99</ele><time>2024-09-16T00:54:19Z</time></trkpt><trkpt lat="-39.3637436908" lon="-72.6196650323"><ele>115.87</ele><time>2024-09-16T00:54:35Z</time></trkpt><trkpt lat="-39.3638923019" lon="-72.6196852326"><ele>115.94</ele><time>2024-09-16T00:54:38Z</time></trkpt><trkpt lat="-39.3640499655" lon="-72.6195827220"><ele>115.79</ele><time>2024-09-16T00:54:46Z</time></trkpt><trkpt lat="-39.3640586827" lon="-72.6195269823"><ele>115.84</ele><time>2024-09-16T00:54:47Z</time></trkpt><trkpt lat="-39.3640632927" lon="-72.6194668841"><ele>115.98</ele><time>2024-09-16T00:54:48Z</time></trkpt><trkpt lat="-39.3640268315" lon="-72.6192131639"><ele>116.05</ele><time>2024-09-16T00:54:53Z</time></trkpt><trkpt lat="-39.3639967404" lon="-72.6191971544"><ele>116.03</ele><time>2024-09-16T00:54:54Z</time></trkpt><trkpt lat="-39.3639633805" lon="-72.6191899460"><ele>116.06</ele><time>2024-09-16T00:54:55Z</time></trkpt><trkpt lat="-39.3639269192" lon="-72.6191875152"><ele>116.18</ele><time>2024-09-16T00:54:56Z</time></trkpt><trkpt lat="-39.3638871890" lon="-72.6191863418"><ele>116.31</ele><time>2024-09-16T00:54:57Z</time></trkpt><trkpt lat="-39.3631794211" lon="-72.6191707514"><ele>115.49</ele><time>2024-09-16T00:55:13Z</time></trkpt><trkpt lat="-39.3627720606" lon="-72.6191350445"><ele>115.66</ele><time>2024-09-16T00:55:25Z</time></trkpt><trkpt lat="-39.3627654389" lon="-72.6191170234"><ele>115.51</ele><time>2024-09-16T00:55:26Z</time></trkpt><trkpt lat="-39.3627645168" lon="-72.6190904528"><ele>115.59</ele><time>2024-09-16T00:55:27Z</time></trkpt><trkpt lat="-39.3627687078" lon="-72.6190611161"><ele>115.61</ele><time>2024-09-16T00:55:28Z</time></trkpt><trkpt lat="-39.3627760839" lon="-72.6190205477"><ele>115.67</ele><time>2024-09-16T00:55:29Z</time></trkpt><trkpt lat="-39.3627884053" lon="-72.6189746987"><ele>115.68</ele><time>2024-09-16T00:55:30Z</time></trkpt><trkpt lat="-39.3628025707" lon="-72.6189275086"><ele>115.77</ele><time>2024-09-16T00:55:31Z</time></trkpt><trkpt lat="-39.3628876470" lon="-72.6187571883"><ele>115.93</ele><time>2024-09-16T00:55:41Z</time></trkpt><trkpt lat="-39.3629229348" lon="-72.6187639777"><ele>115.84</ele><time>2024-09-16T00:55:55Z</time></trkpt><trkpt lat="-39.3629473262" lon="-72.6187527459"><ele>115.98</ele><time>2024-09-16T00:55:56Z</time></trkpt><trkpt lat="-39.3629722204" lon="-72.6187458728"><ele>115.98</ele><time>2024-09-16T00:55:57Z</time></trkpt><trkpt lat="-39.3629956059" lon="-72.6187421009"><ele>116.20</ele><time>2024-09-16T00:55:58Z</time></trkpt><trkpt lat="-39.3630199134" lon="-72.6187414303"><ele>116.06</ele><time>2024-09-16T00:55:59Z</time></trkpt><trkpt lat="-39.3630409520" lon="-72.6187410112"><ele>116.32</ele><time>2024-09-16T00:56:00Z</time></trkpt><trkpt lat="-39.3630557042" lon="-72.6187372394"><ele>116.25</ele><time>2024-09-16T00:56:01Z</time></trkpt><trkpt lat="-39.3630658463" lon="-72.6187333837"><ele>116.19</ele><time>2024-09-16T00:56:02Z</time></trkpt><trkpt lat="-39.3630767427" lon="-72.6187322941"><ele>116.18</ele><time>2024-09-16T00:56:03Z</time></trkpt><trkpt lat="-39.3630910758" lon="-72.6187307015"><ele>116.17</ele><time>2024-09-16T00:56:04Z</time></trkpt><trkpt lat="-39.3631029781" lon="-72.6187304500"><ele>116.18</ele><time>2024-09-16T00:56:05Z</time></trkpt><trkpt lat="-39.3634201493" lon="-72.6187321264"><ele>116.52</ele><time>2024-09-16T00:56:15Z</time></trkpt><trkpt lat="-39.3639803119" lon="-72.6187634747"><ele>117.02</ele><time>2024-09-16T00:56:30Z</time></trkpt><trkpt lat="-39.3640176952" lon="-72.6187662408"><ele>116.78</ele><time>2024-09-16T00:56:36Z</time></trkpt><trkpt lat="-39.3640658911" lon="-72.6186146121"><ele>116.91</ele><time>2024-09-16T00:56:40Z</time></trkpt><trkpt lat="-39.3640705850" lon="-72.6185539272"><ele>116.86</ele><time>2024-09-16T00:56:41Z</time></trkpt><trkpt lat="-39.3640724290" lon="-72.6184913982"><ele>117.03</ele><time>2024-09-16T00:56:42Z</time></trkpt><trkpt lat="-39.3640704174" lon="-72.6184342336"><ele>117.03</ele><time>2024-09-16T00:56:43Z</time></trkpt><trkpt lat="-39.3640602753" lon="-72.6183856186"><ele>117.10</ele><time>2024-09-16T00:56:44Z</time></trkpt><trkpt lat="-39.3640408292" lon="-72.6183489896"><ele>117.05</ele><time>2024-09-16T00:56:45Z</time></trkpt><trkpt lat="-39.3640186172" lon="-72.6183252688"><ele>117.02</ele><time>2024-09-16T00:56:46Z</time></trkpt><trkpt lat="-39.3639895320" lon="-72.6183148753"><ele>117.15</ele><time>2024-09-16T00:56:47Z</time></trkpt><trkpt lat="-39.3639581837" lon="-72.6183073316"><ele>117.06</ele><time>2024-09-16T00:56:48Z</time></trkpt><trkpt lat="-39.3636245001" lon="-72.6182971057"><ele>117.00</ele><time>2024-09-16T00:56:57Z</time></trkpt><trkpt lat="-39.3635366578" lon="-72.6182923280"><ele>116.86</ele><time>2024-09-16T00:56:59Z</time></trkpt><trkpt lat="-39.3634909764" lon="-72.6182980277"><ele>116.81</ele><time>2024-09-16T00:57:00Z</time></trkpt><trkpt lat="-39.3634438701" lon="-72.6183008775"><ele>116.79</ele><time>2024-09-16T00:57:01Z</time></trkpt><trkpt lat="-39.3631867971" lon="-72.6182617340"><ele>116.51</ele><time>2024-09-16T00:57:09Z</time></trkpt><trkpt lat="-39.3631764874" lon="-72.6182428747"><ele>116.48</ele><time>2024-09-16T00:57:10Z</time></trkpt><trkpt lat="-39.3631717097" lon="-72.6182224229"><ele>116.51</ele><time>2024-09-16T00:57:11Z</time></trkpt><trkpt lat="-39.3631709553" lon="-72.6182010490"><ele>116.49</ele><time>2024-09-16T00:57:12Z</time></trkpt><trkpt lat="-39.3631752301" lon="-72.6181733888"><ele>116.53</ele><time>2024-09-16T00:57:13Z</time></trkpt><trkpt lat="-39.3631857075" lon="-72.6181433816"><ele>116.49</ele><time>2024-09-16T00:57:14Z</time></trkpt><trkpt lat="-39.3632024713" lon="-72.6181099378"><ele>116.46</ele><time>2024-09-16T00:57:15Z</time></trkpt><trkpt lat="-39.3632235937" lon="-72.6180705428"><ele>116.58</ele><time>2024-09-16T00:57:16Z</time></trkpt><trkpt lat="-39.3634639028" lon="-72.6178528648"><ele>116.89</ele><time>2024-09-16T00:57:25Z</time></trkpt><trkpt lat="-39.3640217185" lon="-72.6178645156"><ele>117.21</ele><time>2024-09-16T00:57:39Z</time></trkpt><trkpt lat="-39.3640394881" lon="-72.6178526133"><ele>117.20</ele><time>2024-09-16T00:57:40Z</time></trkpt><trkpt lat="-39.3640528154" lon="-72.6178289764"><ele>117.06</ele><time>2024-09-16T00:57:41Z</time></trkpt><trkpt lat="-39.3640632089" lon="-72.6177877374"><ele>117.02</ele><time>2024-09-16T00:57:42Z</time></trkpt><trkpt lat="-39.3640701659" lon="-72.6177311596"><ele>117.05</ele><time>2024-09-16T00:57:43Z</time></trkpt><trkpt lat="-39.3640741892" lon="-72.6176646072"><ele>117.27</ele><time>2024-09-16T00:57:44Z</time></trkpt><trkpt lat="-39.3640780449" lon="-72.6175953727"><ele>117.31</ele><time>2024-09-16T00:57:45Z</time></trkpt><trkpt lat="-39.3640786316" lon="-72.6175337657"><ele>117.36</ele><time>2024-09-16T00:57:46Z</time></trkpt><trkpt lat="-39.3640711717" lon="-72.6174843963"><ele>117.32</ele><time>2024-09-16T00:57:47Z</time></trkpt><trkpt lat="-39.3640491273" lon="-72.6174467616"><ele>117.32</ele><time>2024-09-16T00:57:48Z</time></trkpt><trkpt lat="-39.3640223052" lon="-72.6174295787"><ele>117.29</ele><time>2024-09-16T00:57:49Z</time></trkpt><trkpt lat="-39.3639902025" lon="-72.6174186822"><ele>117.32</ele><time>2024-09-16T00:57:50Z</time></trkpt><trkpt lat="-39.3639518134" lon="-72.6174122281"><ele>117.27</ele><time>2024-09-16T00:57:51Z</time></trkpt><trkpt lat="-39.3639083114" lon="-72.6174072828"><ele>117.34</ele><time>2024-09-16T00:57:52Z</time></trkpt><trkpt lat="-39.3635006994" lon="-72.6173786167"><ele>116.99</ele><time>2024-09-16T00:58:03Z</time></trkpt><trkpt lat="-39.3634972628" lon="-72.6173600927"><ele>116.96</ele><time>2024-09-16T00:58:04Z</time></trkpt><trkpt lat="-39.3634961732" lon="-72.6173370425"><ele>117.01</ele><time>2024-09-16T00:58:05Z</time></trkpt><trkpt lat="-39.3634986877" lon="-72.6173065323"><ele>117.00</ele><time>2024-09-16T00:58:06Z</time></trkpt><trkpt lat="-39.3635058962" lon="-72.6172697358"><ele>117.04</ele><time>2024-09-16T00:58:07Z</time></trkpt><trkpt lat="-39.3635177985" lon="-72.6172286645"><ele>117.12</ele><time>2024-09-16T00:58:08Z</time></trkpt><trkpt lat="-39.3637545872" lon="-72.6169589348"><ele>117.40</ele><time>2024-09-16T00:58:18Z</time></trkpt><trkpt lat="-39.3640126660" lon="-72.6170010120"><ele>117.46</ele><time>2024-09-16T00:58:27Z</time></trkpt><trkpt lat="-39.3640419189" lon="-72.6170268282"><ele>117.57</ele><time>2024-09-16T00:58:28Z</time></trkpt><trkpt lat="-39.3640600238" lon="-72.6170699112"><ele>117.53</ele><time>2024-09-16T00:58:29Z</time></trkpt><trkpt lat="-39.3640660588" lon="-72.6171259023"><ele>117.61</ele><time>2024-09-16T00:58:30Z</time></trkpt><trkpt lat="-39.3640668131" lon="-72.6171899401"><ele>117.72</ele><time>2024-09-16T00:58:31Z</time></trkpt><trkpt lat="-39.3640352972" lon="-72.6179792639"><ele>117.65</ele><time>2024-09-16T00:58:40Z</time></trkpt><trkpt lat="-39.3640289269" lon="-72.6180738118"><ele>117.57</ele><time>2024-09-16T00:58:41Z</time></trkpt><trkpt lat="-39.3640279211" lon="-72.6197238732"><ele>116.78</ele><time>2024-09-16T00:58:58Z</time></trkpt><trkpt lat="-39.3639206327" lon="-72.6216412336"><ele>115.86</ele><time>2024-09-16T00:59:18Z</time></trkpt><trkpt lat="-39.3639106583" lon="-72.6217313390"><ele>115.77</ele><time>2024-09-16T00:59:19Z</time></trkpt><trkpt lat="-39.3639072217" lon="-72.6218228694"><ele>115.76</ele><time>2024-09-16T00:59:20Z</time></trkpt><trkpt lat="-39.3638735265" lon="-72.6233304385"><ele>115.13</ele><time>2024-09-16T00:59:38Z</time></trkpt><trkpt lat="-39.3638653122" lon="-72.6237878390"><ele>114.73</ele><time>2024-09-16T00:59:48Z</time></trkpt><trkpt lat="-39.3638703413" lon="-72.6238017529"><ele>114.54</ele><time>2024-09-16T00:59:55Z</time></trkpt><trkpt lat="-39.3638659827" lon="-72.6238540560"><ele>114.62</ele><time>2024-09-16T00:59:57Z</time></trkpt><trkpt lat="-39.3638658989" lon="-72.6238932833"><ele>114.52</ele><time>2024-09-16T00:59:58Z</time></trkpt><trkpt lat="-39.3638710957" lon="-72.6240702253"><ele>114.71</ele><time>2024-09-16T01:00:01Z</time></trkpt><trkpt lat="-39.3638449442" lon="-72.6246240176"><ele>116.72</ele><time>2024-09-16T01:00:10Z</time></trkpt><trkpt lat="-39.3640480377" lon="-72.6250638999"><ele>116.79</ele><time>2024-09-16T01:00:18Z</time></trkpt><trkpt lat="-39.3641322758" lon="-72.6252026204"><ele>116.57</ele><time>2024-09-16T01:00:25Z</time></trkpt><trkpt lat="-39.3641603552" lon="-72.6252177916"><ele>116.46</ele><time>2024-09-16T01:00:28Z</time></trkpt><trkpt lat="-39.3642015941" lon="-72.6252171211"><ele>116.47</ele><time>2024-09-16T01:00:30Z</time></trkpt><trkpt lat="-39.3642295897" lon="-72.6251924783"><ele>116.48</ele><time>2024-09-16T01:00:31Z</time></trkpt><trkpt lat="-39.3642556574" lon="-72.6251473837"><ele>116.18</ele><time>2024-09-16T01:00:32Z</time></trkpt><trkpt lat="-39.3642720021" lon="-72.6250918955"><ele>116.04</ele><time>2024-09-16T01:00:33Z</time></trkpt><trkpt lat="-39.3642835692" lon="-72.6250219066"><ele>115.88</ele><time>2024-09-16T01:00:34Z</time></trkpt><trkpt lat="-39.3642907776" lon="-72.6249384228"><ele>115.61</ele><time>2024-09-16T01:00:35Z</time></trkpt><trkpt lat="-39.3642942142" lon="-72.6248442102"><ele>115.49</ele><time>2024-09-16T01:00:36Z</time></trkpt><trkpt lat="-39.3642962258" lon="-72.6247459743"><ele>115.23</ele><time>2024-09-16T01:00:37Z</time></trkpt><trkpt lat="-39.3643290829" lon="-72.6232812367"><ele>116.33</ele><time>2024-09-16T01:00:51Z</time></trkpt><trkpt lat="-39.3643595092" lon="-72.6220783498"><ele>116.11</ele><time>2024-09-16T01:01:04Z</time></trkpt><trkpt lat="-39.3643949647" lon="-72.6202891488"><ele>115.99</ele><time>2024-09-16T01:01:20Z</time></trkpt><trkpt lat="-39.3644306716" lon="-72.6180416252"><ele>115.99</ele><time>2024-09-16T01:01:39Z</time></trkpt><trkpt lat="-39.3644245528" lon="-72.6161443815"><ele>117.86</ele><time>2024-09-16T01:01:55Z</time></trkpt><trkpt lat="-39.3644504528" lon="-72.6149200369"><ele>120.89</ele><time>2024-09-16T01:02:07Z</time></trkpt><trkpt lat="-39.3644671328" lon="-72.6141666714"><ele>123.94</ele><time>2024-09-16T01:02:16Z</time></trkpt><trkpt lat="-39.3645666260" lon="-72.6133987214"><ele>126.24</ele><time>2024-09-16T01:02:25Z</time></trkpt><trkpt lat="-39.3645833060" lon="-72.6128193643"><ele>129.96</ele><time>2024-09-16T01:02:32Z</time></trkpt><trkpt lat="-39.3645813782" lon="-72.6119894721"><ele>131.13</ele><time>2024-09-16T01:02:42Z</time></trkpt><trkpt lat="-39.3647029996" lon="-72.6118265279"><ele>131.68</ele><time>2024-09-16T01:02:46Z</time></trkpt><trkpt lat="-39.3653635774" lon="-72.6114640106"><ele>134.82</ele><time>2024-09-16T01:03:00Z</time></trkpt><trkpt lat="-39.3654455524" lon="-72.6114273816"><ele>135.18</ele><time>2024-09-16T01:03:02Z</time></trkpt><trkpt lat="-39.3655257672" lon="-72.6117768232"><ele>135.98</ele><time>2024-09-16T01:03:10Z</time></trkpt><trkpt lat="-39.3653807603" lon="-72.6119349897"><ele>135.85</ele><time>2024-09-16T01:03:15Z</time></trkpt><trkpt lat="-39.3649274670" lon="-72.6121897995"><ele>133.10</ele><time>2024-09-16T01:03:23Z</time></trkpt><trkpt lat="-39.3646377046" lon="-72.6123699266"><ele>130.59</ele><time>2024-09-16T01:03:32Z</time></trkpt><trkpt lat="-39.3645953760" lon="-72.6127408259"><ele>130.46</ele><time>2024-09-16T01:03:40Z</time></trkpt><trkpt lat="-39.3646426499" lon="-72.6128342841"><ele>130.31</ele><time>2024-09-16T01:03:43Z</time></trkpt><trkpt lat="-39.3647356890" lon="-72.6128102280"><ele>131.01</ele><time>2024-09-16T01:03:50Z</time></trkpt><trkpt lat="-39.3647791073" lon="-72.6127872616"><ele>131.14</ele><time>2024-09-16T01:03:53Z</time></trkpt><trkpt lat="-39.3651465699" lon="-72.6126001775"><ele>134.01</ele><time>2024-09-16T01:04:08Z</time></trkpt><trkpt lat="-39.3654869590" lon="-72.6124151889"><ele>136.24</ele><time>2024-09-16T01:04:17Z</time></trkpt><trkpt lat="-39.3655241746" lon="-72.6124980859"><ele>135.85</ele><time>2024-09-16T01:04:21Z</time></trkpt><trkpt lat="-39.3653973565" lon="-72.6128934603"><ele>133.32</ele><time>2024-09-16T01:04:31Z</time></trkpt><trkpt lat="-39.3651573826" lon="-72.6130368747"><ele>131.91</ele><time>2024-09-16T01:04:36Z</time></trkpt><trkpt lat="-39.3646578211" lon="-72.6133103762"><ele>128.34</ele><time>2024-09-16T01:04:46Z</time></trkpt><trkpt lat="-39.3645670451" lon="-72.6134108752"><ele>127.31</ele><time>2024-09-16T01:04:51Z</time></trkpt><trkpt lat="-39.3644832261" lon="-72.6136301458"><ele>125.83</ele><time>2024-09-16T01:04:55Z</time></trkpt><trkpt lat="-39.3646117207" lon="-72.6138380170"><ele>125.20</ele><time>2024-09-16T01:05:01Z</time></trkpt><trkpt lat="-39.3646656163" lon="-72.6138081774"><ele>125.54</ele><time>2024-09-16T01:05:02Z</time></trkpt><trkpt lat="-39.3648456596" lon="-72.6137138810"><ele>126.94</ele><time>2024-09-16T01:05:05Z</time></trkpt><trkpt lat="-39.3652595580" lon="-72.6135109551"><ele>130.31</ele><time>2024-09-16T01:05:12Z</time></trkpt><trkpt lat="-39.3653147947" lon="-72.6134779304"><ele>130.90</ele><time>2024-09-16T01:05:13Z</time></trkpt><trkpt lat="-39.3656723667" lon="-72.6133272238"><ele>132.42</ele><time>2024-09-16T01:05:19Z</time></trkpt><trkpt lat="-39.3659390789" lon="-72.6128792111"><ele>135.22</ele><time>2024-09-16T01:05:26Z</time></trkpt><trkpt lat="-39.3659452815" lon="-72.6127825677"><ele>135.45</ele><time>2024-09-16T01:05:27Z</time></trkpt><trkpt lat="-39.3659440242" lon="-72.6119304635"><ele>134.73</ele><time>2024-09-16T01:05:36Z</time></trkpt><trkpt lat="-39.3659533281" lon="-72.6118842792"><ele>134.27</ele><time>2024-09-16T01:05:37Z</time></trkpt><trkpt lat="-39.3660029490" lon="-72.6118510868"><ele>133.70</ele><time>2024-09-16T01:05:39Z</time></trkpt><trkpt lat="-39.3660378177" lon="-72.6118671801"><ele>133.40</ele><time>2024-09-16T01:05:40Z</time></trkpt><trkpt lat="-39.3660697527" lon="-72.6118983608"><ele>133.18</ele><time>2024-09-16T01:05:41Z</time></trkpt><trkpt lat="-39.3661083095" lon="-72.6119412761"><ele>132.70</ele><time>2024-09-16T01:05:42Z</time></trkpt><trkpt lat="-39.3664673064" lon="-72.6122918073"><ele>129.63</ele><time>2024-09-16T01:05:48Z</time></trkpt><trkpt lat="-39.3669511098" lon="-72.6126200426"><ele>126.25</ele><time>2024-09-16T01:05:54Z</time></trkpt><trkpt lat="-39.3671946041" lon="-72.6127498783"><ele>124.81</ele><time>2024-09-16T01:05:57Z</time></trkpt><trkpt lat="-39.3672656827" lon="-72.6128005050"><ele>124.23</ele><time>2024-09-16T01:05:58Z</time></trkpt><trkpt lat="-39.3676235899" lon="-72.6130740903"><ele>121.20</ele><time>2024-09-16T01:06:04Z</time></trkpt><trkpt lat="-39.3677474745" lon="-72.6131727453"><ele>120.64</ele><time>2024-09-16T01:06:06Z</time></trkpt><trkpt lat="-39.3679621350" lon="-72.6133832987"><ele>119.12</ele><time>2024-09-16T01:06:11Z</time></trkpt><trkpt lat="-39.3679629732" lon="-72.6134117134"><ele>119.38</ele><time>2024-09-16T01:06:12Z</time></trkpt><trkpt lat="-39.3679546751" lon="-72.6134389546"><ele>119.09</ele><time>2024-09-16T01:06:13Z</time></trkpt><trkpt lat="-39.3679358158" lon="-72.6134630945"><ele>118.99</ele><time>2024-09-16T01:06:14Z</time></trkpt><trkpt lat="-39.3679088261" lon="-72.6134890784"><ele>118.92</ele><time>2024-09-16T01:06:15Z</time></trkpt><trkpt lat="-39.3678712752" lon="-72.6135206781"><ele>118.64</ele><time>2024-09-16T01:06:16Z</time></trkpt><trkpt lat="-39.3678257614" lon="-72.6135574747"><ele>118.67</ele><time>2024-09-16T01:06:17Z</time></trkpt><trkpt lat="-39.3676489033" lon="-72.6137272920"><ele>117.68</ele><time>2024-09-16T01:06:22Z</time></trkpt><trkpt lat="-39.3676467240" lon="-72.6137595624"><ele>117.58</ele><time>2024-09-16T01:06:23Z</time></trkpt><trkpt lat="-39.3676530942" lon="-72.6137869712"><ele>117.50</ele><time>2024-09-16T01:06:24Z</time></trkpt><trkpt lat="-39.3678845186" lon="-72.6142320503"><ele>117.99</ele><time>2024-09-16T01:06:33Z</time></trkpt><trkpt lat="-39.3679439463" lon="-72.6144079864"><ele>117.97</ele><time>2024-09-16T01:06:38Z</time></trkpt><trkpt lat="-39.3679243326" lon="-72.6144412626"><ele>118.03</ele><time>2024-09-16T01:06:39Z</time></trkpt><trkpt lat="-39.3678880390" lon="-72.6144828368"><ele>118.05</ele><time>2024-09-16T01:06:40Z</time></trkpt><trkpt lat="-39.3677016255" lon="-72.6146435179"><ele>117.72</ele><time>2024-09-16T01:06:45Z</time></trkpt><trkpt lat="-39.3676822633" lon="-72.6146332081"><ele>117.76</ele><time>2024-09-16T01:06:46Z</time></trkpt><trkpt lat="-39.3676649965" lon="-72.6146141812"><ele>117.82</ele><time>2024-09-16T01:06:47Z</time></trkpt><trkpt lat="-39.3674289621" lon="-72.6141830999"><ele>117.65</ele><time>2024-09-16T01:06:55Z</time></trkpt><trkpt lat="-39.3672457337" lon="-72.6140537672"><ele>117.79</ele><time>2024-09-16T01:07:02Z</time></trkpt><trkpt lat="-39.3671966158" lon="-72.6140884683"><ele>117.82</ele><time>2024-09-16T01:07:03Z</time></trkpt><trkpt lat="-39.3671435583" lon="-72.6141354907"><ele>117.96</ele><time>2024-09-16T01:07:04Z</time></trkpt><trkpt lat="-39.3669427279" lon="-72.6143369079"><ele>118.34</ele><time>2024-09-16T01:07:08Z</time></trkpt><trkpt lat="-39.3668918498" lon="-72.6143708546"><ele>118.50</ele><time>2024-09-16T01:07:09Z</time></trkpt><trkpt lat="-39.3666087091" lon="-72.6145725232"><ele>119.27</ele><time>2024-09-16T01:07:16Z</time></trkpt><trkpt lat="-39.3666086253" lon="-72.6146022789"><ele>119.37</ele><time>2024-09-16T01:07:17Z</time></trkpt><trkpt lat="-39.3666191027" lon="-72.6146311127"><ele>119.37</ele><time>2024-09-16T01:07:18Z</time></trkpt><trkpt lat="-39.3668708950" lon="-72.6151194423"><ele>118.36</ele><time>2024-09-16T01:07:26Z</time></trkpt><trkpt lat="-39.3669472542" lon="-72.6152702328"><ele>117.38</ele><time>2024-09-16T01:07:33Z</time></trkpt><trkpt lat="-39.3669411354" lon="-72.6153024193"><ele>117.24</ele><time>2024-09-16T01:07:35Z</time></trkpt><trkpt lat="-39.3668737449" lon="-72.6153993979"><ele>117.20</ele><time>2024-09-16T01:07:38Z</time></trkpt><trkpt lat="-39.3667418137" lon="-72.6155389566"><ele>117.28</ele><time>2024-09-16T01:07:41Z</time></trkpt><trkpt lat="-39.3667012453" lon="-72.6155718137"><ele>117.16</ele><time>2024-09-16T01:07:42Z</time></trkpt><trkpt lat="-39.3666616827" lon="-72.6155825425"><ele>117.17</ele><time>2024-09-16T01:07:43Z</time></trkpt><trkpt lat="-39.3666308373" lon="-72.6155681256"><ele>117.24</ele><time>2024-09-16T01:07:44Z</time></trkpt><trkpt lat="-39.3666051887" lon="-72.6155427285"><ele>117.29</ele><time>2024-09-16T01:07:45Z</time></trkpt><trkpt lat="-39.3665818870" lon="-72.6155051775"><ele>117.55</ele><time>2024-09-16T01:07:46Z</time></trkpt><trkpt lat="-39.3665537238" lon="-72.6154614240"><ele>117.84</ele><time>2024-09-16T01:07:47Z</time></trkpt><trkpt lat="-39.3662323616" lon="-72.6148713380"><ele>121.22</ele><time>2024-09-16T01:07:56Z</time></trkpt><trkpt lat="-39.3661988340" lon="-72.6148083899"><ele>121.42</ele><time>2024-09-16T01:07:57Z</time></trkpt><trkpt lat="-39.3659645598" lon="-72.6144410949"><ele>123.60</ele><time>2024-09-16T01:08:07Z</time></trkpt><trkpt lat="-39.3658151943" lon="-72.6142021269"><ele>124.92</ele><time>2024-09-16T01:08:15Z</time></trkpt><trkpt lat="-39.3655876257" lon="-72.6137914974"><ele>127.20</ele><time>2024-09-16T01:08:24Z</time></trkpt><trkpt lat="-39.3655604683" lon="-72.6137860492"><ele>127.18</ele><time>2024-09-16T01:08:25Z</time></trkpt><trkpt lat="-39.3655206542" lon="-72.6137982868"><ele>127.15</ele><time>2024-09-16T01:08:26Z</time></trkpt><trkpt lat="-39.3654768169" lon="-72.6138241868"><ele>127.11</ele><time>2024-09-16T01:08:27Z</time></trkpt><trkpt lat="-39.3654305488" lon="-72.6138588041"><ele>127.13</ele><time>2024-09-16T01:08:28Z</time></trkpt><trkpt lat="-39.3653844483" lon="-72.6138980314"><ele>127.04</ele><time>2024-09-16T01:08:29Z</time></trkpt><trkpt lat="-39.3653448019" lon="-72.6139365043"><ele>126.95</ele><time>2024-09-16T01:08:30Z</time></trkpt><trkpt lat="-39.3653151300" lon="-72.6139738876"><ele>126.83</ele><time>2024-09-16T01:08:31Z</time></trkpt><trkpt lat="-39.3653006293" lon="-72.6140106842"><ele>126.65</ele><time>2024-09-16T01:08:32Z</time></trkpt><trkpt lat="-39.3652991205" lon="-72.6140417811"><ele>126.69</ele><time>2024-09-16T01:08:33Z</time></trkpt><trkpt lat="-39.3653089274" lon="-72.6140726265"><ele>126.74</ele><time>2024-09-16T01:08:34Z</time></trkpt><trkpt lat="-39.3653259426" lon="-72.6141022146"><ele>126.69</ele><time>2024-09-16T01:08:35Z</time></trkpt><trkpt lat="-39.3653489091" lon="-72.6141407713"><ele>126.65</ele><time>2024-09-16T01:08:36Z</time></trkpt><trkpt lat="-39.3656641524" lon="-72.6147079747"><ele>123.82</ele><time>2024-09-16T01:08:46Z</time></trkpt><trkpt lat="-39.3657841813" lon="-72.6148618665"><ele>123.95</ele><time>2024-09-16T01:08:51Z</time></trkpt><trkpt lat="-39.3659968302" lon="-72.6152308378"><ele>120.74</ele><time>2024-09-16T01:08:57Z</time></trkpt><trkpt lat="-39.3663307652" lon="-72.6158293057"><ele>117.40</ele><time>2024-09-16T01:09:07Z</time></trkpt><trkpt lat="-39.3663428351" lon="-72.6158755738"><ele>116.79</ele><time>2024-09-16T01:09:11Z</time></trkpt><trkpt lat="-39.3663250655" lon="-72.6159301400"><ele>116.86</ele><time>2024-09-16T01:09:13Z</time></trkpt><trkpt lat="-39.3662990816" lon="-72.6159655116"><ele>116.84</ele><time>2024-09-16T01:09:14Z</time></trkpt><trkpt lat="-39.3662631232" lon="-72.6160080079"><ele>116.80</ele><time>2024-09-16T01:09:15Z</time></trkpt><trkpt lat="-39.3661798909" lon="-72.6160910726"><ele>116.80</ele><time>2024-09-16T01:09:17Z</time></trkpt><trkpt lat="-39.3661413342" lon="-72.6161155477"><ele>116.72</ele><time>2024-09-16T01:09:18Z</time></trkpt><trkpt lat="-39.3661057949" lon="-72.6161148772"><ele>116.82</ele><time>2024-09-16T01:09:19Z</time></trkpt><trkpt lat="-39.3660746980" lon="-72.6160971075"><ele>117.20</ele><time>2024-09-16T01:09:20Z</time></trkpt><trkpt lat="-39.3660487141" lon="-72.6160686091"><ele>117.38</ele><time>2024-09-16T01:09:21Z</time></trkpt><trkpt lat="-39.3660253286" lon="-72.6160293818"><ele>117.48</ele><time>2024-09-16T01:09:22Z</time></trkpt><trkpt lat="-39.3659991771" lon="-72.6159831136"><ele>117.69</ele><time>2024-09-16T01:09:23Z</time></trkpt><trkpt lat="-39.3659512326" lon="-72.6158829499"><ele>117.89</ele><time>2024-09-16T01:09:25Z</time></trkpt><trkpt lat="-39.3659251649" lon="-72.6158452313"><ele>117.88</ele><time>2024-09-16T01:09:26Z</time></trkpt><trkpt lat="-39.3658941519" lon="-72.6158288028"><ele>117.94</ele><time>2024-09-16T01:09:27Z</time></trkpt><trkpt lat="-39.3658597860" lon="-72.6158345025"><ele>118.02</ele><time>2024-09-16T01:09:28Z</time></trkpt><trkpt lat="-39.3658240791" lon="-72.6158540323"><ele>118.19</ele><time>2024-09-16T01:09:29Z</time></trkpt><trkpt lat="-39.3657829240" lon="-72.6158837043"><ele>118.13</ele><time>2024-09-16T01:09:30Z</time></trkpt><trkpt lat="-39.3656105921" lon="-72.6160615683"><ele>117.80</ele><time>2024-09-16T01:09:35Z</time></trkpt><trkpt lat="-39.3656135257" lon="-72.6161045674"><ele>117.81</ele><time>2024-09-16T01:09:36Z</time></trkpt><trkpt lat="-39.3656333908" lon="-72.6161541883"><ele>117.78</ele><time>2024-09-16T01:09:37Z</time></trkpt><trkpt lat="-39.3656613864" lon="-72.6162062399"><ele>117.72</ele><time>2024-09-16T01:09:38Z</time></trkpt><trkpt lat="-39.3656883761" lon="-72.6162580401"><ele>117.68</ele><time>2024-09-16T01:09:39Z</time></trkpt><trkpt lat="-39.3657131866" lon="-72.6163065713"><ele>117.46</ele><time>2024-09-16T01:09:40Z</time></trkpt><trkpt lat="-39.3657430261" lon="-72.6163873728"><ele>117.10</ele><time>2024-09-16T01:09:42Z</time></trkpt><trkpt lat="-39.3657412659" lon="-72.6164302044"><ele>116.72</ele><time>2024-09-16T01:09:43Z</time></trkpt><trkpt lat="-39.3657283578" lon="-72.6164688449"><ele>116.88</ele><time>2024-09-16T01:09:44Z</time></trkpt><trkpt lat="-39.3657076545" lon="-72.6165014505"><ele>116.76</ele><time>2024-09-16T01:09:45Z</time></trkpt><trkpt lat="-39.3656796589" lon="-72.6165343076"><ele>116.71</ele><time>2024-09-16T01:09:46Z</time></trkpt><trkpt lat="-39.3656471372" lon="-72.6165652368"><ele>116.50</ele><time>2024-09-16T01:09:47Z</time></trkpt><trkpt lat="-39.3655063212" lon="-72.6166457031"><ele>116.53</ele><time>2024-09-16T01:09:51Z</time></trkpt><trkpt lat="-39.3654771522" lon="-72.6166343037"><ele>116.71</ele><time>2024-09-16T01:09:52Z</time></trkpt><trkpt lat="-39.3654515874" lon="-72.6166074816"><ele>116.85</ele><time>2024-09-16T01:09:53Z</time></trkpt><trkpt lat="-39.3654265255" lon="-72.6165702660"><ele>116.83</ele><time>2024-09-16T01:09:54Z</time></trkpt><trkpt lat="-39.3654009607" lon="-72.6165277697"><ele>116.99</ele><time>2024-09-16T01:09:55Z</time></trkpt><trkpt lat="-39.3651945144" lon="-72.6161928289"><ele>117.51</ele><time>2024-09-16T01:10:04Z</time></trkpt><trkpt lat="-39.3650894053" lon="-72.6159763243"><ele>117.98</ele><time>2024-09-16T01:10:08Z</time></trkpt><trkpt lat="-39.3650940154" lon="-72.6159389410"><ele>118.19</ele><time>2024-09-16T01:10:09Z</time></trkpt><trkpt lat="-39.3651131261" lon="-72.6159065869"><ele>118.46</ele><time>2024-09-16T01:10:10Z</time></trkpt><trkpt lat="-39.3651451450" lon="-72.6158781722"><ele>118.37</ele><time>2024-09-16T01:10:11Z</time></trkpt><trkpt lat="-39.3651826121" lon="-72.6158474106"><ele>118.38</ele><time>2024-09-16T01:10:12Z</time></trkpt><trkpt lat="-39.3652222585" lon="-72.6158114523"><ele>118.52</ele><time>2024-09-16T01:10:13Z</time></trkpt><trkpt lat="-39.3652642518" lon="-72.6157767512"><ele>118.53</ele><time>2024-09-16T01:10:14Z</time></trkpt><trkpt lat="-39.3656314630" lon="-72.6154553890"><ele>119.22</ele><time>2024-09-16T01:10:24Z</time></trkpt><trkpt lat="-39.3659265898" lon="-72.6151530538"><ele>120.58</ele><time>2024-09-16T01:10:34Z</time></trkpt><trkpt lat="-39.3659259193" lon="-72.6151196100"><ele>120.70</ele><time>2024-09-16T01:10:35Z</time></trkpt><trkpt lat="-39.3659181241" lon="-72.6150815561"><ele>120.88</ele><time>2024-09-16T01:10:36Z</time></trkpt><trkpt lat="-39.3659020308" lon="-72.6150418259"><ele>121.56</ele><time>2024-09-16T01:10:37Z</time></trkpt><trkpt lat="-39.3658815790" lon="-72.6150006708"><ele>121.81</ele><time>2024-09-16T01:10:38Z</time></trkpt><trkpt lat="-39.3658586126" lon="-72.6149550732"><ele>122.33</ele><time>2024-09-16T01:10:39Z</time></trkpt><trkpt lat="-39.3657487258" lon="-72.6147951465"><ele>123.85</ele><time>2024-09-16T01:10:44Z</time></trkpt><trkpt lat="-39.3657170422" lon="-72.6148002595"><ele>123.94</ele><time>2024-09-16T01:10:45Z</time></trkpt><trkpt lat="-39.3656775635" lon="-72.6148244832"><ele>123.88</ele><time>2024-09-16T01:10:46Z</time></trkpt><trkpt lat="-39.3656350672" lon="-72.6148629561"><ele>124.01</ele><time>2024-09-16T01:10:47Z</time></trkpt><trkpt lat="-39.3655939959" lon="-72.6149053685"><ele>124.13</ele><time>2024-09-16T01:10:48Z</time></trkpt><trkpt lat="-39.3654931616" lon="-72.6149963960"><ele>123.89</ele><time>2024-09-16T01:10:51Z</time></trkpt><trkpt lat="-39.3654631544" lon="-72.6149971504"><ele>124.03</ele><time>2024-09-16T01:10:52Z</time></trkpt><trkpt lat="-39.3654343206" lon="-72.6149834879"><ele>123.93</ele><time>2024-09-16T01:10:53Z</time></trkpt><trkpt lat="-39.3654066604" lon="-72.6149552409"><ele>124.10</ele><time>2024-09-16T01:10:54Z</time></trkpt><trkpt lat="-39.3653789163" lon="-72.6149163488"><ele>123.99</ele><time>2024-09-16T01:10:55Z</time></trkpt><trkpt lat="-39.3653495796" lon="-72.6148698293"><ele>124.25</ele><time>2024-09-16T01:10:56Z</time></trkpt><trkpt lat="-39.3652844522" lon="-72.6147622056"><ele>124.53</ele><time>2024-09-16T01:10:58Z</time></trkpt><trkpt lat="-39.3650416285" lon="-72.6143258438"><ele>126.15</ele><time>2024-09-16T01:11:09Z</time></trkpt><trkpt lat="-39.3649968691" lon="-72.6143064816"><ele>126.09</ele><time>2024-09-16T01:11:11Z</time></trkpt><trkpt lat="-39.3649599049" lon="-72.6143145282"><ele>125.85</ele><time>2024-09-16T01:11:12Z</time></trkpt><trkpt lat="-39.3649191689" lon="-72.6143358182"><ele>125.85</ele><time>2024-09-16T01:11:13Z</time></trkpt><trkpt lat="-39.3648657762" lon="-72.6143731177"><ele>125.64</ele><time>2024-09-16T01:11:14Z</time></trkpt><trkpt lat="-39.3648034986" lon="-72.6144237444"><ele>125.36</ele><time>2024-09-16T01:11:15Z</time></trkpt><trkpt lat="-39.3644632772" lon="-72.6146901213"><ele>122.27</ele><time>2024-09-16T01:11:21Z</time></trkpt><trkpt lat="-39.3644372933" lon="-72.6147226430"><ele>122.05</ele><time>2024-09-16T01:11:22Z</time></trkpt><trkpt lat="-39.3644179311" lon="-72.6147679053"><ele>121.86</ele><time>2024-09-16T01:11:23Z</time></trkpt><trkpt lat="-39.3644033466" lon="-72.6148205437"><ele>121.83</ele><time>2024-09-16T01:11:24Z</time></trkpt><trkpt lat="-39.3643949647" lon="-72.6148865093"><ele>121.67</ele><time>2024-09-16T01:11:25Z</time></trkpt><trkpt lat="-39.3643737584" lon="-72.6152008306"><ele>120.46</ele><time>2024-09-16T01:11:29Z</time></trkpt><trkpt lat="-39.3643851578" lon="-72.6152560674"><ele>120.15</ele><time>2024-09-16T01:11:30Z</time></trkpt><trkpt lat="-39.3644155841" lon="-72.6152937021"><ele>119.89</ele><time>2024-09-16T01:11:31Z</time></trkpt><trkpt lat="-39.3644559011" lon="-72.6153043471"><ele>120.00</ele><time>2024-09-16T01:11:32Z</time></trkpt><trkpt lat="-39.3644971400" lon="-72.6152848173"><ele>120.12</ele><time>2024-09-16T01:11:33Z</time></trkpt><trkpt lat="-39.3645405583" lon="-72.6152509544"><ele>120.41</ele><time>2024-09-16T01:11:34Z</time></trkpt><trkpt lat="-39.3648871500" lon="-72.6149491221"><ele>122.47</ele><time>2024-09-16T01:11:41Z</time></trkpt><trkpt lat="-39.3649581447" lon="-72.6149389800"><ele>123.19</ele><time>2024-09-16T01:11:43Z</time></trkpt><trkpt lat="-39.3649855535" lon="-72.6149540674"><ele>123.15</ele><time>2024-09-16T01:11:44Z</time></trkpt><trkpt lat="-39.3650075980" lon="-72.6149860863"><ele>122.99</ele><time>2024-09-16T01:11:45Z</time></trkpt><trkpt lat="-39.3650278822" lon="-72.6150279120"><ele>122.96</ele><time>2024-09-16T01:11:46Z</time></trkpt><trkpt lat="-39.3650502618" lon="-72.6150724199"><ele>122.52</ele><time>2024-09-16T01:11:47Z</time></trkpt><trkpt lat="-39.3651232682" lon="-72.6152250543"><ele>121.80</ele><time>2024-09-16T01:11:51Z</time></trkpt><trkpt lat="-39.3651226815" lon="-72.6152538881"><ele>121.61</ele><time>2024-09-16T01:11:52Z</time></trkpt><trkpt lat="-39.3651144672" lon="-72.6152833086"><ele>121.40</ele><time>2024-09-16T01:11:53Z</time></trkpt><trkpt lat="-39.3650838733" lon="-72.6153225359"><ele>121.25</ele><time>2024-09-16T01:11:54Z</time></trkpt><trkpt lat="-39.3650415447" lon="-72.6153620146"><ele>121.21</ele><time>2024-09-16T01:11:55Z</time></trkpt><trkpt lat="-39.3649961986" lon="-72.6154101267"><ele>120.79</ele><time>2024-09-16T01:11:56Z</time></trkpt><trkpt lat="-39.3649504334" lon="-72.6154599991"><ele>120.52</ele><time>2024-09-16T01:11:57Z</time></trkpt><trkpt lat="-39.3646237906" lon="-72.6157764997"><ele>119.35</ele><time>2024-09-16T01:12:04Z</time></trkpt><trkpt lat="-39.3646000698" lon="-72.6158202533"><ele>119.22</ele><time>2024-09-16T01:12:05Z</time></trkpt><trkpt lat="-39.3645968009" lon="-72.6158738974"><ele>119.17</ele><time>2024-09-16T01:12:06Z</time></trkpt><trkpt lat="-39.3646142352" lon="-72.6159244403"><ele>119.34</ele><time>2024-09-16T01:12:07Z</time></trkpt><trkpt lat="-39.3646423984" lon="-72.6159790065"><ele>119.31</ele><time>2024-09-16T01:12:08Z</time></trkpt><trkpt lat="-39.3650996312" lon="-72.6168183703"><ele>116.66</ele><time>2024-09-16T01:12:19Z</time></trkpt><trkpt lat="-39.3651642557" lon="-72.6169815660"><ele>116.28</ele><time>2024-09-16T01:12:24Z</time></trkpt><trkpt lat="-39.3651551194" lon="-72.6170119923"><ele>116.38</ele><time>2024-09-16T01:12:25Z</time></trkpt><trkpt lat="-39.3651319854" lon="-72.6170500461"><ele>116.36</ele><time>2024-09-16T01:12:26Z</time></trkpt><trkpt lat="-39.3650950212" lon="-72.6170950569"><ele>116.46</ele><time>2024-09-16T01:12:27Z</time></trkpt><trkpt lat="-39.3650469091" lon="-72.6171430014"><ele>116.47</ele><time>2024-09-16T01:12:28Z</time></trkpt><trkpt lat="-39.3645219505" lon="-72.6176204346"><ele>116.02</ele><time>2024-09-16T01:12:39Z</time></trkpt><trkpt lat="-39.3644282408" lon="-72.6177206822"><ele>115.88</ele><time>2024-09-16T01:12:43Z</time></trkpt><trkpt lat="-39.3644066155" lon="-72.6177806128"><ele>115.92</ele><time>2024-09-16T01:12:44Z</time></trkpt><trkpt lat="-39.3643933721" lon="-72.6178536192"><ele>115.96</ele><time>2024-09-16T01:12:45Z</time></trkpt><trkpt lat="-39.3643867504" lon="-72.6179393660"><ele>116.20</ele><time>2024-09-16T01:12:46Z</time></trkpt><trkpt lat="-39.3643828109" lon="-72.6180322375"><ele>116.17</ele><time>2024-09-16T01:12:47Z</time></trkpt><trkpt lat="-39.3643673882" lon="-72.6187071484"><ele>116.05</ele><time>2024-09-16T01:12:55Z</time></trkpt><trkpt lat="-39.3643861637" lon="-72.6187431905"><ele>115.95</ele><time>2024-09-16T01:12:56Z</time></trkpt><trkpt lat="-39.3644147459" lon="-72.6187612955"><ele>115.97</ele><time>2024-09-16T01:12:57Z</time></trkpt><trkpt lat="-39.3644484412" lon="-72.6187577751"><ele>116.20</ele><time>2024-09-16T01:12:58Z</time></trkpt><trkpt lat="-39.3644848187" lon="-72.6187356468"><ele>116.29</ele><time>2024-09-16T01:12:59Z</time></trkpt><trkpt lat="-39.3645243812" lon="-72.6186981797"><ele>116.28</ele><time>2024-09-16T01:13:00Z</time></trkpt><trkpt lat="-39.3645677995" lon="-72.6186555997"><ele>116.49</ele><time>2024-09-16T01:13:01Z</time></trkpt><trkpt lat="-39.3651767448" lon="-72.6180872228"><ele>116.95</ele><time>2024-09-16T01:13:16Z</time></trkpt><trkpt lat="-39.3652576301" lon="-72.6179977879"><ele>117.44</ele><time>2024-09-16T01:13:24Z</time></trkpt><trkpt lat="-39.3652702868" lon="-72.6179848798"><ele>117.47</ele><time>2024-09-16T01:13:30Z</time></trkpt><trkpt lat="-39.3653372582" lon="-72.6179381926"><ele>117.76</ele><time>2024-09-16T01:13:33Z</time></trkpt><trkpt lat="-39.3655793276" lon="-72.6177232806"><ele>116.72</ele><time>2024-09-16T01:13:43Z</time></trkpt><trkpt lat="-39.3659408391" lon="-72.6174151618"><ele>117.20</ele><time>2024-09-16T01:13:53Z</time></trkpt><trkpt lat="-39.3664849084" lon="-72.6169461105"><ele>117.26</ele><time>2024-09-16T01:14:09Z</time></trkpt><trkpt lat="-39.3666432425" lon="-72.6168058813"><ele>117.48</ele><time>2024-09-16T01:14:14Z</time></trkpt><trkpt lat="-39.3666771892" lon="-72.6167641394"><ele>117.50</ele><time>2024-09-16T01:14:15Z</time></trkpt><trkpt lat="-39.3667142373" lon="-72.6167271752"><ele>117.59</ele><time>2024-09-16T01:14:16Z</time></trkpt><trkpt lat="-39.3671826180" lon="-72.6163244247"><ele>117.76</ele><time>2024-09-16T01:14:30Z</time></trkpt><trkpt lat="-39.3677669205" lon="-72.6158085186"><ele>118.32</ele><time>2024-09-16T01:14:46Z</time></trkpt><trkpt lat="-39.3679667450" lon="-72.6155389566"><ele>117.96</ele><time>2024-09-16T01:14:54Z</time></trkpt><trkpt lat="-39.3679509033" lon="-72.6154947840"><ele>118.06</ele><time>2024-09-16T01:14:55Z</time></trkpt><trkpt lat="-39.3679244164" lon="-72.6154522877"><ele>118.05</ele><time>2024-09-16T01:14:56Z</time></trkpt><trkpt lat="-39.3676047307" lon="-72.6148605254"><ele>117.82</ele><time>2024-09-16T01:15:07Z</time></trkpt><trkpt lat="-39.3676154595" lon="-72.6148005109"><ele>117.82</ele><time>2024-09-16T01:15:09Z</time></trkpt><trkpt lat="-39.3676382583" lon="-72.6147653069"><ele>117.82</ele><time>2024-09-16T01:15:10Z</time></trkpt><trkpt lat="-39.3676704448" lon="-72.6147271693"><ele>118.00</ele><time>2024-09-16T01:15:11Z</time></trkpt><trkpt lat="-39.3677119352" lon="-72.6146857627"><ele>118.08</ele><time>2024-09-16T01:15:12Z</time></trkpt><trkpt lat="-39.3677587062" lon="-72.6146409195"><ele>117.96</ele><time>2024-09-16T01:15:13Z</time></trkpt><trkpt lat="-39.3684457708" lon="-72.6140316390"><ele>118.73</ele><time>2024-09-16T01:15:26Z</time></trkpt><trkpt lat="-39.3687474355" lon="-72.6136767492"><ele>119.15</ele><time>2024-09-16T01:15:36Z</time></trkpt><trkpt lat="-39.3690252118" lon="-72.6132983062"><ele>118.42</ele><time>2024-09-16T01:15:46Z</time></trkpt><trkpt lat="-39.3690219428" lon="-72.6132548880"><ele>118.57</ele><time>2024-09-16T01:15:47Z</time></trkpt><trkpt lat="-39.3690074421" lon="-72.6132077817"><ele>118.58</ele><time>2024-09-16T01:15:48Z</time></trkpt><trkpt lat="-39.3689841405" lon="-72.6131605078"><ele>118.58</ele><time>2024-09-16T01:15:49Z</time></trkpt><trkpt lat="-39.3689600844" lon="-72.6131136529"><ele>118.45</ele><time>2024-09-16T01:15:50Z</time></trkpt><trkpt lat="-39.3688967172" lon="-72.6130028442"><ele>118.09</ele><time>2024-09-16T01:15:53Z</time></trkpt><trkpt lat="-39.3688694760" lon="-72.6129930373"><ele>118.08</ele><time>2024-09-16T01:15:54Z</time></trkpt><trkpt lat="-39.3688456714" lon="-72.6130005810"><ele>118.15</ele><time>2024-09-16T01:15:55Z</time></trkpt><trkpt lat="-39.3688298296" lon="-72.6130106393"><ele>118.19</ele><time>2024-09-16T01:15:56Z</time></trkpt><trkpt lat="-39.3688194361" lon="-72.6130196080"><ele>118.31</ele><time>2024-09-16T01:15:57Z</time></trkpt><trkpt lat="-39.3688086234" lon="-72.6130325161"><ele>118.38</ele><time>2024-09-16T01:15:58Z</time></trkpt><trkpt lat="-39.3687914405" lon="-72.6130505372"><ele>118.42</ele><time>2024-09-16T01:15:59Z</time></trkpt><trkpt lat="-39.3687692285" lon="-72.6130755153"><ele>118.64</ele><time>2024-09-16T01:16:00Z</time></trkpt><trkpt lat="-39.3687447533" lon="-72.6131014153"><ele>118.65</ele><time>2024-09-16T01:16:01Z</time></trkpt><trkpt lat="-39.3685968965" lon="-72.6132410578"><ele>118.85</ele><time>2024-09-16T01:16:06Z</time></trkpt><trkpt lat="-39.3682700023" lon="-72.6135556307"><ele>119.35</ele><time>2024-09-16T01:16:16Z</time></trkpt><trkpt lat="-39.3682377320" lon="-72.6135371905"><ele>119.50</ele><time>2024-09-16T01:16:17Z</time></trkpt><trkpt lat="-39.3682006001" lon="-72.6135091949"><ele>119.67</ele><time>2024-09-16T01:16:18Z</time></trkpt><trkpt lat="-39.3680769671" lon="-72.6133658644"><ele>119.85</ele><time>2024-09-16T01:16:22Z</time></trkpt><trkpt lat="-39.3680789787" lon="-72.6133289002"><ele>119.56</ele><time>2024-09-16T01:16:23Z</time></trkpt><trkpt lat="-39.3680938985" lon="-72.6132943667"><ele>119.41</ele><time>2024-09-16T01:16:24Z</time></trkpt><trkpt lat="-39.3681201339" lon="-72.6132584922"><ele>119.64</ele><time>2024-09-16T01:16:25Z</time></trkpt><trkpt lat="-39.3681512307" lon="-72.6132176723"><ele>119.40</ele><time>2024-09-16T01:16:26Z</time></trkpt><trkpt lat="-39.3686889298" lon="-72.6126215514"><ele>118.33</ele><time>2024-09-16T01:16:41Z</time></trkpt><trkpt lat="-39.3688253034" lon="-72.6124636363"><ele>118.11</ele><time>2024-09-16T01:16:46Z</time></trkpt><trkpt lat="-39.3688345235" lon="-72.6124209724"><ele>117.96</ele><time>2024-09-16T01:16:47Z</time></trkpt><trkpt lat="-39.3688377086" lon="-72.6123693399"><ele>118.18</ele><time>2024-09-16T01:16:48Z</time></trkpt><trkpt lat="-39.3688360322" lon="-72.6123088226"><ele>118.20</ele><time>2024-09-16T01:16:49Z</time></trkpt><trkpt lat="-39.3688317575" lon="-72.6122446172"><ele>118.14</ele><time>2024-09-16T01:16:50Z</time></trkpt><trkpt lat="-39.3688198552" lon="-72.6120571978"><ele>118.02</ele><time>2024-09-16T01:16:54Z</time></trkpt><trkpt lat="-39.3688037619" lon="-72.6120372489"><ele>117.94</ele><time>2024-09-16T01:16:55Z</time></trkpt><trkpt lat="-39.3687832262" lon="-72.6120287832"><ele>117.93</ele><time>2024-09-16T01:16:56Z</time></trkpt><trkpt lat="-39.3687632773" lon="-72.6120309625"><ele>117.81</ele><time>2024-09-16T01:16:57Z</time></trkpt><trkpt lat="-39.3687422387" lon="-72.6120427810"><ele>117.92</ele><time>2024-09-16T01:16:58Z</time></trkpt><trkpt lat="-39.3687202781" lon="-72.6120613050"><ele>117.98</ele><time>2024-09-16T01:16:59Z</time></trkpt><trkpt lat="-39.3686973955" lon="-72.6120867860"><ele>117.95</ele><time>2024-09-16T01:17:00Z</time></trkpt><trkpt lat="-39.3686727528" lon="-72.6121158712"><ele>118.05</ele><time>2024-09-16T01:17:01Z</time></trkpt><trkpt lat="-39.3681929726" lon="-72.6126399077"><ele>118.53</ele><time>2024-09-16T01:17:14Z</time></trkpt><trkpt lat="-39.3677773140" lon="-72.6130837295"><ele>120.44</ele><time>2024-09-16T01:17:26Z</time></trkpt><trkpt lat="-39.3677456304" lon="-72.6130875014"><ele>120.71</ele><time>2024-09-16T01:17:27Z</time></trkpt><trkpt lat="-39.3677082472" lon="-72.6130771078"><ele>121.04</ele><time>2024-09-16T01:17:28Z</time></trkpt><trkpt lat="-39.3676651642" lon="-72.6130505372"><ele>121.29</ele><time>2024-09-16T01:17:29Z</time></trkpt><trkpt lat="-39.3676160462" lon="-72.6130132377"><ele>121.46</ele><time>2024-09-16T01:17:30Z</time></trkpt><trkpt lat="-39.3671324104" lon="-72.6126686577"><ele>124.68</ele><time>2024-09-16T01:17:40Z</time></trkpt><trkpt lat="-39.3670938537" lon="-72.6126570906"><ele>124.84</ele><time>2024-09-16T01:17:41Z</time></trkpt><trkpt lat="-39.3670607451" lon="-72.6126601920"><ele>125.02</ele><time>2024-09-16T01:17:42Z</time></trkpt><trkpt lat="-39.3670316599" lon="-72.6126759499"><ele>125.03</ele><time>2024-09-16T01:17:43Z</time></trkpt><trkpt lat="-39.3670064304" lon="-72.6126959827"><ele>125.20</ele><time>2024-09-16T01:17:44Z</time></trkpt><trkpt lat="-39.3669806141" lon="-72.6127222180"><ele>124.96</ele><time>2024-09-16T01:17:45Z</time></trkpt><trkpt lat="-39.3667978048" lon="-72.6129966415"><ele>124.41</ele><time>2024-09-16T01:17:54Z</time></trkpt><trkpt lat="-39.3668140657" lon="-72.6130222902"><ele>124.24</ele><time>2024-09-16T01:17:55Z</time></trkpt><trkpt lat="-39.3668424804" lon="-72.6130504534"><ele>124.19</ele><time>2024-09-16T01:17:56Z</time></trkpt><trkpt lat="-39.3668724876" lon="-72.6130753476"><ele>124.02</ele><time>2024-09-16T01:17:57Z</time></trkpt><trkpt lat="-39.3669098709" lon="-72.6130968891"><ele>123.59</ele><time>2024-09-16T01:17:58Z</time></trkpt><trkpt lat="-39.3669542950" lon="-72.6131208614"><ele>123.29</ele><time>2024-09-16T01:17:59Z</time></trkpt><trkpt lat="-39.3670829572" lon="-72.6132077817"><ele>122.02</ele><time>2024-09-16T01:18:02Z</time></trkpt><trkpt lat="-39.3674489949" lon="-72.6134743262"><ele>118.85</ele><time>2024-09-16T01:18:09Z</time></trkpt><trkpt lat="-39.3674911559" lon="-72.6135140564"><ele>118.70</ele><time>2024-09-16T01:18:10Z</time></trkpt><trkpt lat="-39.3675235938" lon="-72.6135552954"><ele>118.55</ele><time>2024-09-16T01:18:11Z</time></trkpt><trkpt lat="-39.3675467279" lon="-72.6135948580"><ele>118.42</ele><time>2024-09-16T01:18:12Z</time></trkpt><trkpt lat="-39.3675651681" lon="-72.6136314869"><ele>118.24</ele><time>2024-09-16T01:18:13Z</time></trkpt><trkpt lat="-39.3675682694" lon="-72.6136693731"><ele>117.98</ele><time>2024-09-16T01:18:14Z</time></trkpt><trkpt lat="-39.3675626535" lon="-72.6137031522"><ele>118.14</ele><time>2024-09-16T01:18:15Z</time></trkpt><trkpt lat="-39.3675484043" lon="-72.6137374341"><ele>118.17</ele><time>2024-09-16T01:18:16Z</time></trkpt><trkpt lat="-39.3675183970" lon="-72.6137786731"><ele>118.26</ele><time>2024-09-16T01:18:17Z</time></trkpt><trkpt lat="-39.3674779963" lon="-72.6138226781"><ele>118.26</ele><time>2024-09-16T01:18:18Z</time></trkpt><trkpt lat="-39.3673984520" lon="-72.6139018871"><ele>118.14</ele><time>2024-09-16T01:18:20Z</time></trkpt><trkpt lat="-39.3673636671" lon="-72.6139245182"><ele>118.11</ele><time>2024-09-16T01:18:21Z</time></trkpt><trkpt lat="-39.3673326541" lon="-72.6139282901"><ele>118.17</ele><time>2024-09-16T01:18:22Z</time></trkpt><trkpt lat="-39.3673127051" lon="-72.6139209978"><ele>118.17</ele><time>2024-09-16T01:18:23Z</time></trkpt><trkpt lat="-39.3672941811" lon="-72.6138938405"><ele>118.21</ele><time>2024-09-16T01:18:26Z</time></trkpt><trkpt lat="-39.3672852963" lon="-72.6138791721"><ele>118.20</ele><time>2024-09-16T01:18:27Z</time></trkpt><trkpt lat="-39.3669708911" lon="-72.6136277989"><ele>121.69</ele><time>2024-09-16T01:18:37Z</time></trkpt><trkpt lat="-39.3668590765" lon="-72.6135477517"><ele>123.44</ele><time>2024-09-16T01:18:40Z</time></trkpt><trkpt lat="-39.3666994851" lon="-72.6134406310"><ele>126.12</ele><time>2024-09-16T01:18:46Z</time></trkpt><trkpt lat="-39.3666884210" lon="-72.6134240348"><ele>126.45</ele><time>2024-09-16T01:18:47Z</time></trkpt><trkpt lat="-39.3666854873" lon="-72.6134025771"><ele>126.71</ele><time>2024-09-16T01:18:48Z</time></trkpt><trkpt lat="-39.3666903488" lon="-72.6133758388"><ele>126.70</ele><time>2024-09-16T01:18:49Z</time></trkpt><trkpt lat="-39.3667004071" lon="-72.6133376174"><ele>126.71</ele><time>2024-09-16T01:18:50Z</time></trkpt><trkpt lat="-39.3668417260" lon="-72.6129414886"><ele>125.28</ele><time>2024-09-16T01:18:57Z</time></trkpt><trkpt lat="-39.3668720685" lon="-72.6128929574"><ele>125.53</ele><time>2024-09-16T01:18:58Z</time></trkpt><trkpt lat="-39.3669033330" lon="-72.6128517184"><ele>125.53</ele><time>2024-09-16T01:18:59Z</time></trkpt><trkpt lat="-39.3670386169" lon="-72.6127079688"><ele>125.38</ele><time>2024-09-16T01:19:06Z</time></trkpt><trkpt lat="-39.3670649361" lon="-72.6127059571"><ele>125.67</ele><time>2024-09-16T01:19:07Z</time></trkpt><trkpt lat="-39.3671044149" lon="-72.6127104834"><ele>125.59</ele><time>2024-09-16T01:19:08Z</time></trkpt><trkpt lat="-39.3671516050" lon="-72.6127303485"><ele>125.72</ele><time>2024-09-16T01:19:09Z</time></trkpt><trkpt lat="-39.3672051653" lon="-72.6127673965"><ele>125.55</ele><time>2024-09-16T01:19:10Z</time></trkpt><trkpt lat="-39.3672612403" lon="-72.6128139161"><ele>125.16</ele><time>2024-09-16T01:19:11Z</time></trkpt><trkpt lat="-39.3678796571" lon="-72.6132873259"><ele>121.95</ele><time>2024-09-16T01:19:21Z</time></trkpt><trkpt lat="-39.3688021693" lon="-72.6144023705"><ele>121.06</ele><time>2024-09-16T01:19:36Z</time></trkpt><trkpt lat="-39.3691689614" lon="-72.6150941290"><ele>120.58</ele><time>2024-09-16T01:19:44Z</time></trkpt><trkpt lat="-39.3692014832" lon="-72.6151974779"><ele>120.74</ele><time>2024-09-16T01:19:45Z</time></trkpt><trkpt lat="-39.3692447338" lon="-72.6154100429"><ele>120.87</ele><time>2024-09-16T01:19:47Z</time></trkpt><trkpt lat="-39.3692858890" lon="-72.6156705525"><ele>120.40</ele><time>2024-09-16T01:19:50Z</time></trkpt><trkpt lat="-39.3692977913" lon="-72.6157085225"><ele>120.13</ele><time>2024-09-16T01:19:51Z</time></trkpt><trkpt lat="-39.3692978751" lon="-72.6157008950"><ele>119.51</ele><time>2024-09-16T01:20:01Z</time></trkpt><trkpt lat="-39.3693158124" lon="-72.6156594045"><ele>119.37</ele><time>2024-09-16T01:20:41Z</time></trkpt><trkpt lat="-39.3693205062" lon="-72.6156795211"><ele>119.42</ele><time>2024-09-16T01:20:42Z</time></trkpt><trkpt lat="-39.3693236075" lon="-72.6157081034"><ele>119.52</ele><time>2024-09-16T01:20:43Z</time></trkpt><trkpt lat="-39.3693172373" lon="-72.6157481689"><ele>119.76</ele><time>2024-09-16T01:20:44Z</time></trkpt><trkpt lat="-39.3692984618" lon="-72.6157868095"><ele>119.75</ele><time>2024-09-16T01:20:45Z</time></trkpt><trkpt lat="-39.3692717236" lon="-72.6158182416"><ele>120.04</ele><time>2024-09-16T01:20:46Z</time></trkpt><trkpt lat="-39.3692392856" lon="-72.6158492547"><ele>120.37</ele><time>2024-09-16T01:20:47Z</time></trkpt><trkpt lat="-39.3691977952" lon="-72.6158872247"><ele>120.39</ele><time>2024-09-16T01:20:48Z</time></trkpt><trkpt lat="-39.3688841444" lon="-72.6161669288"><ele>119.82</ele><time>2024-09-16T01:20:54Z</time></trkpt><trkpt lat="-39.3688352779" lon="-72.6161946729"><ele>119.65</ele><time>2024-09-16T01:20:55Z</time></trkpt><trkpt lat="-39.3687814660" lon="-72.6162090059"><ele>119.66</ele><time>2024-09-16T01:20:56Z</time></trkpt><trkpt lat="-39.3687295821" lon="-72.6162017137"><ele>119.46</ele><time>2024-09-16T01:20:57Z</time></trkpt><trkpt lat="-39.3686797097" lon="-72.6161753945"><ele>119.43</ele><time>2024-09-16T01:20:58Z</time></trkpt><trkpt lat="-39.3686297536" lon="-72.6161397714"><ele>119.53</ele><time>2024-09-16T01:20:59Z</time></trkpt><trkpt lat="-39.3685757741" lon="-72.6160976943"><ele>119.49</ele><time>2024-09-16T01:21:00Z</time></trkpt><trkpt lat="-39.3683725968" lon="-72.6159590576"><ele>119.30</ele><time>2024-09-16T01:21:04Z</time></trkpt><trkpt lat="-39.3683239818" lon="-72.6159428805"><ele>119.37</ele><time>2024-09-16T01:21:05Z</time></trkpt><trkpt lat="-39.3682747800" lon="-72.6159409527"><ele>119.19</ele><time>2024-09-16T01:21:06Z</time></trkpt><trkpt lat="-39.3682255782" lon="-72.6159546152"><ele>119.21</ele><time>2024-09-16T01:21:07Z</time></trkpt><trkpt lat="-39.3681768794" lon="-72.6159849577"><ele>119.32</ele><time>2024-09-16T01:21:08Z</time></trkpt><trkpt lat="-39.3681302760" lon="-72.6160260290"><ele>119.28</ele><time>2024-09-16T01:21:09Z</time></trkpt><trkpt lat="-39.3680874445" lon="-72.6160662621"><ele>119.34</ele><time>2024-09-16T01:21:10Z</time></trkpt><trkpt lat="-39.3678703532" lon="-72.6162706967"><ele>119.15</ele><time>2024-09-16T01:21:15Z</time></trkpt><trkpt lat="-39.3678282760" lon="-72.6163072418"><ele>119.14</ele><time>2024-09-16T01:21:16Z</time></trkpt><trkpt lat="-39.3671475817" lon="-72.6169013511"><ele>119.13</ele><time>2024-09-16T01:21:29Z</time></trkpt><trkpt lat="-39.3664455973" lon="-72.6175054349"><ele>118.51</ele><time>2024-09-16T01:21:42Z</time></trkpt><trkpt lat="-39.3659244943" lon="-72.6179319900"><ele>117.62</ele><time>2024-09-16T01:21:54Z</time></trkpt><trkpt lat="-39.3659053836" lon="-72.6179478317"><ele>117.50</ele><time>2024-09-16T01:21:58Z</time></trkpt><trkpt lat="-39.3658625521" lon="-72.6179932617"><ele>117.60</ele><time>2024-09-16T01:22:01Z</time></trkpt><trkpt lat="-39.3658555113" lon="-72.6180191617"><ele>117.51</ele><time>2024-09-16T01:22:02Z</time></trkpt><trkpt lat="-39.3658576906" lon="-72.6180560421"><ele>117.61</ele><time>2024-09-16T01:22:03Z</time></trkpt><trkpt lat="-39.3658695929" lon="-72.6181049086"><ele>117.66</ele><time>2024-09-16T01:22:04Z</time></trkpt><trkpt lat="-39.3658835907" lon="-72.6181446388"><ele>117.85</ele><time>2024-09-16T01:22:05Z</time></trkpt><trkpt lat="-39.3659062218" lon="-72.6181931701"><ele>117.86</ele><time>2024-09-16T01:22:06Z</time></trkpt><trkpt lat="-39.3659310322" lon="-72.6182452217"><ele>117.94</ele><time>2024-09-16T01:22:07Z</time></trkpt><trkpt lat="-39.3659554236" lon="-72.6182946749"><ele>118.00</ele><time>2024-09-16T01:22:08Z</time></trkpt><trkpt lat="-39.3660117500" lon="-72.6183675975"><ele>117.98</ele><time>2024-09-16T01:22:10Z</time></trkpt><trkpt lat="-39.3660450261" lon="-72.6183731295"><ele>117.93</ele><time>2024-09-16T01:22:11Z</time></trkpt><trkpt lat="-39.3660792243" lon="-72.6183564495"><ele>117.89</ele><time>2024-09-16T01:22:12Z</time></trkpt><trkpt lat="-39.3666376267" lon="-72.6178903319"><ele>118.76</ele><time>2024-09-16T01:22:24Z</time></trkpt><trkpt lat="-39.3672236055" lon="-72.6173626073"><ele>119.13</ele><time>2024-09-16T01:22:37Z</time></trkpt><trkpt lat="-39.3672824465" lon="-72.6173457596"><ele>118.99</ele><time>2024-09-16T01:22:40Z</time></trkpt><trkpt lat="-39.3673018925" lon="-72.6173596736"><ele>118.96</ele><time>2024-09-16T01:22:41Z</time></trkpt><trkpt lat="-39.3673227634" lon="-72.6173928659"><ele>119.12</ele><time>2024-09-16T01:22:42Z</time></trkpt><trkpt lat="-39.3674541917" lon="-72.6176173333"><ele>119.24</ele><time>2024-09-16T01:22:48Z</time></trkpt><trkpt lat="-39.3674844503" lon="-72.6176263019"><ele>119.17</ele><time>2024-09-16T01:22:49Z</time></trkpt><trkpt lat="-39.3675235100" lon="-72.6176184230"><ele>119.28</ele><time>2024-09-16T01:22:50Z</time></trkpt><trkpt lat="-39.3675650004" lon="-72.6175942831"><ele>119.39</ele><time>2024-09-16T01:22:51Z</time></trkpt><trkpt lat="-39.3676071614" lon="-72.6175547205"><ele>119.66</ele><time>2024-09-16T01:22:52Z</time></trkpt><trkpt lat="-39.3676455505" lon="-72.6175203547"><ele>119.96</ele><time>2024-09-16T01:22:53Z</time></trkpt><trkpt lat="-39.3676805031" lon="-72.6175019983"><ele>120.02</ele><time>2024-09-16T01:22:54Z</time></trkpt><trkpt lat="-39.3677146174" lon="-72.6175014954"><ele>119.84</ele><time>2024-09-16T01:22:55Z</time></trkpt><trkpt lat="-39.3677420262" lon="-72.6175195165"><ele>119.95</ele><time>2024-09-16T01:22:56Z</time></trkpt><trkpt lat="-39.3677655794" lon="-72.6175584085"><ele>120.07</ele><time>2024-09-16T01:22:57Z</time></trkpt><trkpt lat="-39.3677830137" lon="-72.6176150702"><ele>120.10</ele><time>2024-09-16T01:22:58Z</time></trkpt><trkpt lat="-39.3677964248" lon="-72.6176840533"><ele>120.06</ele><time>2024-09-16T01:22:59Z</time></trkpt><trkpt lat="-39.3678082433" lon="-72.6177595742"><ele>120.19</ele><time>2024-09-16T01:23:00Z</time></trkpt><trkpt lat="-39.3679067306" lon="-72.6182901487"><ele>118.94</ele><time>2024-09-16T01:23:10Z</time></trkpt><trkpt lat="-39.3679415993" lon="-72.6182674337"><ele>118.95</ele><time>2024-09-16T01:23:21Z</time></trkpt><trkpt lat="-39.3680256698" lon="-72.6182341576"><ele>119.23</ele><time>2024-09-16T01:23:24Z</time></trkpt><trkpt lat="-39.3682708405" lon="-72.6180386916"><ele>119.95</ele><time>2024-09-16T01:23:29Z</time></trkpt><trkpt lat="-39.3683329504" lon="-72.6180120371"><ele>119.91</ele><time>2024-09-16T01:23:30Z</time></trkpt><trkpt lat="-39.3683985807" lon="-72.6179926749"><ele>120.06</ele><time>2024-09-16T01:23:31Z</time></trkpt><trkpt lat="-39.3685941305" lon="-72.6179272961"><ele>120.22</ele><time>2024-09-16T01:23:34Z</time></trkpt><trkpt lat="-39.3686517142" lon="-72.6178807765"><ele>120.24</ele><time>2024-09-16T01:23:35Z</time></trkpt><trkpt lat="-39.3686985690" lon="-72.6178189181"><ele>120.25</ele><time>2024-09-16T01:23:36Z</time></trkpt><trkpt lat="-39.3687326834" lon="-72.6177440677"><ele>120.27</ele><time>2024-09-16T01:23:37Z</time></trkpt><trkpt lat="-39.3687593378" lon="-72.6176625956"><ele>120.33</ele><time>2024-09-16T01:23:38Z</time></trkpt><trkpt lat="-39.3687874172" lon="-72.6175839733"><ele>120.27</ele><time>2024-09-16T01:23:39Z</time></trkpt><trkpt lat="-39.3688236270" lon="-72.6175169181"><ele>120.22</ele><time>2024-09-16T01:23:40Z</time></trkpt><trkpt lat="-39.3688677996" lon="-72.6174593344"><ele>120.45</ele><time>2024-09-16T01:23:41Z</time></trkpt><trkpt lat="-39.3689161632" lon="-72.6174086239"><ele>120.40</ele><time>2024-09-16T01:23:42Z</time></trkpt><trkpt lat="-39.3689667899" lon="-72.6173606794"><ele>120.39</ele><time>2024-09-16T01:23:43Z</time></trkpt><trkpt lat="-39.3694227654" lon="-72.6169741061"><ele>120.90</ele><time>2024-09-16T01:23:53Z</time></trkpt><trkpt lat="-39.3694521021" lon="-72.6169882715"><ele>120.78</ele><time>2024-09-16T01:23:54Z</time></trkpt><trkpt lat="-39.3694757391" lon="-72.6170159318"><ele>120.73</ele><time>2024-09-16T01:23:55Z</time></trkpt><trkpt lat="-39.3694986217" lon="-72.6170621999"><ele>120.85</ele><time>2024-09-16T01:23:56Z</time></trkpt><trkpt lat="-39.3695155531" lon="-72.6171246450"><ele>120.96</ele><time>2024-09-16T01:23:57Z</time></trkpt><trkpt lat="-39.3695282936" lon="-72.6172002498"><ele>121.06</ele><time>2024-09-16T01:23:58Z</time></trkpt><trkpt lat="-39.3695375975" lon="-72.6172831468"><ele>121.28</ele><time>2024-09-16T01:23:59Z</time></trkpt><trkpt lat="-39.3696018867" lon="-72.6178215165"><ele>121.63</ele><time>2024-09-16T01:24:05Z</time></trkpt><trkpt lat="-39.3695913255" lon="-72.6178920083"><ele>121.38</ele><time>2024-09-16T01:24:06Z</time></trkpt><trkpt lat="-39.3695619889" lon="-72.6179544535"><ele>121.38</ele><time>2024-09-16T01:24:07Z</time></trkpt><trkpt lat="-39.3695199117" lon="-72.6180016436"><ele>121.40</ele><time>2024-09-16T01:24:08Z</time></trkpt><trkpt lat="-39.3694720510" lon="-72.6180489175"><ele>121.39</ele><time>2024-09-16T01:24:09Z</time></trkpt><trkpt lat="-39.3692142237" lon="-72.6182845328"><ele>121.32</ele><time>2024-09-16T01:24:14Z</time></trkpt><trkpt lat="-39.3691568077" lon="-72.6183051523"><ele>121.39</ele><time>2024-09-16T01:24:15Z</time></trkpt><trkpt lat="-39.3690974638" lon="-72.6183086727"><ele>121.45</ele><time>2024-09-16T01:24:16Z</time></trkpt><trkpt lat="-39.3690375332" lon="-72.6183008775"><ele>121.11</ele><time>2024-09-16T01:24:17Z</time></trkpt><trkpt lat="-39.3689773511" lon="-72.6182909869"><ele>121.23</ele><time>2024-09-16T01:24:18Z</time></trkpt><trkpt lat="-39.3687931169" lon="-72.6182710379"><ele>121.35</ele><time>2024-09-16T01:24:21Z</time></trkpt><trkpt lat="-39.3687300012" lon="-72.6182862930"><ele>121.18</ele><time>2024-09-16T01:24:22Z</time></trkpt><trkpt lat="-39.3686702382" lon="-72.6183222514"><ele>121.40</ele><time>2024-09-16T01:24:23Z</time></trkpt><trkpt lat="-39.3686114810" lon="-72.6183737163"><ele>121.46</ele><time>2024-09-16T01:24:24Z</time></trkpt><trkpt lat="-39.3685550708" lon="-72.6184311323"><ele>121.56</ele><time>2024-09-16T01:24:25Z</time></trkpt><trkpt lat="-39.3675427884" lon="-72.6193661336"><ele>121.15</ele><time>2024-09-16T01:24:43Z</time></trkpt><trkpt lat="-39.3669937737" lon="-72.6198778488"><ele>120.34</ele><time>2024-09-16T01:24:54Z</time></trkpt><trkpt lat="-39.3668032531" lon="-72.6200626697"><ele>120.43</ele><time>2024-09-16T01:25:02Z</time></trkpt><trkpt lat="-39.3658587802" lon="-72.6209642272"><ele>120.43</ele><time>2024-09-16T01:25:18Z</time></trkpt><trkpt lat="-39.3650836218" lon="-72.6217058580"><ele>119.50</ele><time>2024-09-16T01:25:32Z</time></trkpt><trkpt lat="-39.3644078728" lon="-72.6223422959"><ele>118.79</ele><time>2024-09-16T01:25:44Z</time></trkpt><trkpt lat="-39.3643206172" lon="-72.6224650908"><ele>118.53</ele><time>2024-09-16T01:25:48Z</time></trkpt><trkpt lat="-39.3643105589" lon="-72.6225312240"><ele>118.66</ele><time>2024-09-16T01:25:49Z</time></trkpt><trkpt lat="-39.3643210363" lon="-72.6229861099"><ele>118.86</ele><time>2024-09-16T01:25:56Z</time></trkpt><trkpt lat="-39.3643494509" lon="-72.6230105851"><ele>118.87</ele><time>2024-09-16T01:25:57Z</time></trkpt><trkpt lat="-39.3643867504" lon="-72.6230066456"><ele>118.74</ele><time>2024-09-16T01:25:58Z</time></trkpt><trkpt lat="-39.3644290790" lon="-72.6229766384"><ele>118.96</ele><time>2024-09-16T01:25:59Z</time></trkpt><trkpt lat="-39.3644724134" lon="-72.6229327172"><ele>118.97</ele><time>2024-09-16T01:26:00Z</time></trkpt><trkpt lat="-39.3645193521" lon="-72.6228835993"><ele>119.18</ele><time>2024-09-16T01:26:01Z</time></trkpt><trkpt lat="-39.3650452327" lon="-72.6223585568"><ele>119.50</ele><time>2024-09-16T01:26:13Z</time></trkpt><trkpt lat="-39.3651178200" lon="-72.6222247817"><ele>119.41</ele><time>2024-09-16T01:26:16Z</time></trkpt><trkpt lat="-39.3651514314" lon="-72.6221854705"><ele>119.47</ele><time>2024-09-16T01:26:17Z</time></trkpt><trkpt lat="-39.3655819260" lon="-72.6217508689"><ele>120.04</ele><time>2024-09-16T01:26:29Z</time></trkpt><trkpt lat="-39.3656598777" lon="-72.6216815505"><ele>119.76</ele><time>2024-09-16T01:26:31Z</time></trkpt><trkpt lat="-39.3656849395" lon="-72.6216417365"><ele>119.56</ele><time>2024-09-16T01:26:32Z</time></trkpt><trkpt lat="-39.3657014519" lon="-72.6215974800"><ele>119.58</ele><time>2024-09-16T01:26:33Z</time></trkpt><trkpt lat="-39.3657185510" lon="-72.6215493679"><ele>119.49</ele><time>2024-09-16T01:26:34Z</time></trkpt><trkpt lat="-39.3657446187" lon="-72.6215007529"><ele>119.89</ele><time>2024-09-16T01:26:35Z</time></trkpt><trkpt lat="-39.3657810800" lon="-72.6214579213"><ele>120.09</ele><time>2024-09-16T01:26:36Z</time></trkpt><trkpt lat="-39.3658238277" lon="-72.6214137487"><ele>120.16</ele><time>2024-09-16T01:26:37Z</time></trkpt><trkpt lat="-39.3660898693" lon="-72.6211487968"><ele>120.52</ele><time>2024-09-16T01:26:43Z</time></trkpt><trkpt lat="-39.3661289290" lon="-72.6211378165"><ele>120.36</ele><time>2024-09-16T01:26:44Z</time></trkpt><trkpt lat="-39.3661668990" lon="-72.6211485453"><ele>120.23</ele><time>2024-09-16T01:26:45Z</time></trkpt><trkpt lat="-39.3662037794" lon="-72.6211851742"><ele>120.47</ele><time>2024-09-16T01:26:46Z</time></trkpt><trkpt lat="-39.3662321102" lon="-72.6212309394"><ele>120.49</ele><time>2024-09-16T01:26:47Z</time></trkpt><trkpt lat="-39.3662645482" lon="-72.6212932169"><ele>120.39</ele><time>2024-09-16T01:26:48Z</time></trkpt><trkpt lat="-39.3664755207" lon="-72.6215892658"><ele>120.02</ele><time>2024-09-16T01:26:54Z</time></trkpt><trkpt lat="-39.3665077910" lon="-72.6215860806"><ele>119.93</ele><time>2024-09-16T01:26:55Z</time></trkpt><trkpt lat="-39.3665305898" lon="-72.6215723343"><ele>119.83</ele><time>2024-09-16T01:26:56Z</time></trkpt><trkpt lat="-39.3665526342" lon="-72.6215500385"><ele>119.83</ele><time>2024-09-16T01:26:57Z</time></trkpt><trkpt lat="-39.3665771093" lon="-72.6215230487"><ele>119.86</ele><time>2024-09-16T01:26:58Z</time></trkpt><trkpt lat="-39.3666071165" lon="-72.6214948017"><ele>119.92</ele><time>2024-09-16T01:26:59Z</time></trkpt><trkpt lat="-39.3666409794" lon="-72.6214642078"><ele>120.43</ele><time>2024-09-16T01:27:00Z</time></trkpt><trkpt lat="-39.3667889200" lon="-72.6213234756"><ele>120.52</ele><time>2024-09-16T01:27:04Z</time></trkpt><trkpt lat="-39.3672544509" lon="-72.6208861079"><ele>121.61</ele><time>2024-09-16T01:27:16Z</time></trkpt><trkpt lat="-39.3673330732" lon="-72.6207264327"><ele>121.15</ele><time>2024-09-16T01:27:22Z</time></trkpt><trkpt lat="-39.3673176505" lon="-72.6206812542"><ele>121.37</ele><time>2024-09-16T01:27:23Z</time></trkpt><trkpt lat="-39.3672982883" lon="-72.6206367463"><ele>121.32</ele><time>2024-09-16T01:27:24Z</time></trkpt><trkpt lat="-39.3672619108" lon="-72.6204894762"><ele>121.62</ele><time>2024-09-16T01:27:27Z</time></trkpt><trkpt lat="-39.3673334084" lon="-72.6203805953"><ele>121.70</ele><time>2024-09-16T01:27:30Z</time></trkpt><trkpt lat="-39.3676062394" lon="-72.6201314852"><ele>121.86</ele><time>2024-09-16T01:27:39Z</time></trkpt><trkpt lat="-39.3676268589" lon="-72.6201367658"><ele>121.95</ele><time>2024-09-16T01:27:40Z</time></trkpt><trkpt lat="-39.3676450476" lon="-72.6201529428"><ele>121.83</ele><time>2024-09-16T01:27:41Z</time></trkpt><trkpt lat="-39.3676586263" lon="-72.6201786753"><ele>121.85</ele><time>2024-09-16T01:27:42Z</time></trkpt><trkpt lat="-39.3676689360" lon="-72.6202088501"><ele>121.59</ele><time>2024-09-16T01:27:43Z</time></trkpt><trkpt lat="-39.3676811736" lon="-72.6202412881"><ele>121.83</ele><time>2024-09-16T01:27:44Z</time></trkpt><trkpt lat="-39.3677427806" lon="-72.6203230117"><ele>121.79</ele><time>2024-09-16T01:27:47Z</time></trkpt><trkpt lat="-39.3677766435" lon="-72.6203266997"><ele>121.72</ele><time>2024-09-16T01:27:48Z</time></trkpt><trkpt lat="-39.3678110093" lon="-72.6203097682"><ele>121.61</ele><time>2024-09-16T01:27:49Z</time></trkpt><trkpt lat="-39.3678432796" lon="-72.6202807669"><ele>121.68</ele><time>2024-09-16T01:27:50Z</time></trkpt><trkpt lat="-39.3678773940" lon="-72.6202485804"><ele>121.77</ele><time>2024-09-16T01:27:51Z</time></trkpt><trkpt lat="-39.3685503770" lon="-72.6196320914"><ele>122.36</ele><time>2024-09-16T01:28:06Z</time></trkpt><trkpt lat="-39.3689729087" lon="-72.6192501280"><ele>122.49</ele><time>2024-09-16T01:28:16Z</time></trkpt><trkpt lat="-39.3689869903" lon="-72.6192613598"><ele>122.37</ele><time>2024-09-16T01:28:17Z</time></trkpt><trkpt lat="-39.3689978868" lon="-72.6192808896"><ele>122.44</ele><time>2024-09-16T01:28:18Z</time></trkpt><trkpt lat="-39.3690051790" lon="-72.6193082985"><ele>122.43</ele><time>2024-09-16T01:28:19Z</time></trkpt><trkpt lat="-39.3690114655" lon="-72.6193449274"><ele>122.43</ele><time>2024-09-16T01:28:20Z</time></trkpt><trkpt lat="-39.3690177519" lon="-72.6193934586"><ele>122.46</ele><time>2024-09-16T01:28:21Z</time></trkpt><trkpt lat="-39.3691009004" lon="-72.6198594924"><ele>122.55</ele><time>2024-09-16T01:28:29Z</time></trkpt><trkpt lat="-39.3690851424" lon="-72.6198891643"><ele>122.57</ele><time>2024-09-16T01:28:30Z</time></trkpt><trkpt lat="-39.3690604158" lon="-72.6199173275"><ele>122.31</ele><time>2024-09-16T01:28:31Z</time></trkpt><trkpt lat="-39.3684845790" lon="-72.6204361673"><ele>122.36</ele><time>2024-09-16T01:28:45Z</time></trkpt><trkpt lat="-39.3677057326" lon="-72.6211436838"><ele>121.77</ele><time>2024-09-16T01:29:03Z</time></trkpt><trkpt lat="-39.3676585425" lon="-72.6212245692"><ele>121.39</ele><time>2024-09-16T01:29:08Z</time></trkpt><trkpt lat="-39.3676597159" lon="-72.6212617848"><ele>121.55</ele><time>2024-09-16T01:29:09Z</time></trkpt><trkpt lat="-39.3676706124" lon="-72.6213046163"><ele>121.58</ele><time>2024-09-16T01:29:10Z</time></trkpt><trkpt lat="-39.3676919024" lon="-72.6213507168"><ele>121.74</ele><time>2024-09-16T01:29:11Z</time></trkpt><trkpt lat="-39.3677223288" lon="-72.6214015111"><ele>121.56</ele><time>2024-09-16T01:29:12Z</time></trkpt><trkpt lat="-39.3677594606" lon="-72.6214638725"><ele>121.88</ele><time>2024-09-16T01:29:13Z</time></trkpt><trkpt lat="-39.3682461977" lon="-72.6223677769"><ele>121.98</ele><time>2024-09-16T01:29:24Z</time></trkpt><trkpt lat="-39.3683658913" lon="-72.6225397736"><ele>121.34</ele><time>2024-09-16T01:29:29Z</time></trkpt><trkpt lat="-39.3684113212" lon="-72.6225533523"><ele>121.59</ele><time>2024-09-16T01:29:30Z</time></trkpt><trkpt lat="-39.3684596010" lon="-72.6225504186"><ele>121.66</ele><time>2024-09-16T01:29:31Z</time></trkpt><trkpt lat="-39.3685093895" lon="-72.6225269493"><ele>121.80</ele><time>2024-09-16T01:29:32Z</time></trkpt><trkpt lat="-39.3685601000" lon="-72.6224845368"><ele>121.87</ele><time>2024-09-16T01:29:33Z</time></trkpt><trkpt lat="-39.3686126545" lon="-72.6224357542"><ele>122.02</ele><time>2024-09-16T01:29:34Z</time></trkpt><trkpt lat="-39.3696414493" lon="-72.6214475278"><ele>122.80</ele><time>2024-09-16T01:29:50Z</time></trkpt><trkpt lat="-39.3701342214" lon="-72.6209594496"><ele>122.17</ele><time>2024-09-16T01:30:00Z</time></trkpt><trkpt lat="-39.3701646477" lon="-72.6208758820"><ele>122.09</ele><time>2024-09-16T01:30:02Z</time></trkpt><trkpt lat="-39.3701608758" lon="-72.6208179630"><ele>122.13</ele><time>2024-09-16T01:30:03Z</time></trkpt><trkpt lat="-39.3701466266" lon="-72.6207594573"><ele>122.37</ele><time>2024-09-16T01:30:04Z</time></trkpt><trkpt lat="-39.3701139372" lon="-72.6206337288"><ele>122.12</ele><time>2024-09-16T01:30:07Z</time></trkpt><trkpt lat="-39.3701253366" lon="-72.6205836050"><ele>122.27</ele><time>2024-09-16T01:30:08Z</time></trkpt><trkpt lat="-39.3701498955" lon="-72.6205269434"><ele>122.31</ele><time>2024-09-16T01:30:09Z</time></trkpt><trkpt lat="-39.3701920565" lon="-72.6204589661"><ele>122.62</ele><time>2024-09-16T01:30:10Z</time></trkpt><trkpt lat="-39.3702463713" lon="-72.6203833614"><ele>122.50</ele><time>2024-09-16T01:30:11Z</time></trkpt><trkpt lat="-39.3709622696" lon="-72.6194642019"><ele>121.93</ele><time>2024-09-16T01:30:21Z</time></trkpt><trkpt lat="-39.3719306309" lon="-72.6178490091"><ele>119.60</ele><time>2024-09-16T01:30:37Z</time></trkpt><trkpt lat="-39.3729944620" lon="-72.6158761606"><ele>120.10</ele><time>2024-09-16T01:30:56Z</time></trkpt><trkpt lat="-39.3732108828" lon="-72.6154610887"><ele>120.17</ele><time>2024-09-16T01:31:00Z</time></trkpt><trkpt lat="-39.3732483499" lon="-72.6153459214"><ele>120.16</ele><time>2024-09-16T01:31:01Z</time></trkpt><trkpt lat="-39.3738220073" lon="-72.6130691450"><ele>118.75</ele><time>2024-09-16T01:31:20Z</time></trkpt><trkpt lat="-39.3740722910" lon="-72.6111050136"><ele>120.46</ele><time>2024-09-16T01:31:36Z</time></trkpt><trkpt lat="-39.3740349077" lon="-72.6083635446"><ele>122.35</ele><time>2024-09-16T01:31:58Z</time></trkpt><trkpt lat="-39.3736350909" lon="-72.6053916570"><ele>123.04</ele><time>2024-09-16T01:32:22Z</time></trkpt><trkpt lat="-39.3734217715" lon="-72.6042958908"><ele>123.86</ele><time>2024-09-16T01:32:31Z</time></trkpt><trkpt lat="-39.3733721506" lon="-72.6041869260"><ele>123.84</ele><time>2024-09-16T01:32:32Z</time></trkpt><trkpt lat="-39.3724840879" lon="-72.6026930194"><ele>123.92</ele><time>2024-09-16T01:32:47Z</time></trkpt><trkpt lat="-39.3723782245" lon="-72.6023435779"><ele>124.24</ele><time>2024-09-16T01:32:50Z</time></trkpt><trkpt lat="-39.3723612931" lon="-72.6022217888"><ele>124.10</ele><time>2024-09-16T01:32:51Z</time></trkpt><trkpt lat="-39.3723546714" lon="-72.6020966470"><ele>124.00</ele><time>2024-09-16T01:32:52Z</time></trkpt><trkpt lat="-39.3723587785" lon="-72.6019705832"><ele>123.83</ele><time>2024-09-16T01:32:53Z</time></trkpt><trkpt lat="-39.3723738659" lon="-72.6018441003"><ele>123.89</ele><time>2024-09-16T01:32:54Z</time></trkpt><trkpt lat="-39.3723953236" lon="-72.6017218083"><ele>123.68</ele><time>2024-09-16T01:32:55Z</time></trkpt><trkpt lat="-39.3724200502" lon="-72.6016047131"><ele>123.57</ele><time>2024-09-16T01:32:56Z</time></trkpt><trkpt lat="-39.3724525720" lon="-72.6014881209"><ele>123.49</ele><time>2024-09-16T01:32:57Z</time></trkpt><trkpt lat="-39.3724916317" lon="-72.6013735402"><ele>123.43</ele><time>2024-09-16T01:32:58Z</time></trkpt><trkpt lat="-39.3725370616" lon="-72.6012608875"><ele>123.29</ele><time>2024-09-16T01:32:59Z</time></trkpt><trkpt lat="-39.3725852575" lon="-72.6011500787"><ele>123.28</ele><time>2024-09-16T01:33:00Z</time></trkpt><trkpt lat="-39.3734739069" lon="-72.5989304669"><ele>125.21</ele><time>2024-09-16T01:33:20Z</time></trkpt><trkpt lat="-39.3739466462" lon="-72.5971675850"><ele>125.97</ele><time>2024-09-16T01:33:35Z</time></trkpt><trkpt lat="-39.3746605329" lon="-72.5931342132"><ele>127.43</ele><time>2024-09-16T01:34:08Z</time></trkpt><trkpt lat="-39.3751853239" lon="-72.5901935063"><ele>127.56</ele><time>2024-09-16T01:34:33Z</time></trkpt><trkpt lat="-39.3753563147" lon="-72.5891820621"><ele>127.05</ele><time>2024-09-16T01:34:45Z</time></trkpt><trkpt lat="-39.3753383774" lon="-72.5891510490"><ele>127.04</ele><time>2024-09-16T01:34:46Z</time></trkpt><trkpt lat="-39.3753200211" lon="-72.5891355425"><ele>126.93</ele><time>2024-09-16T01:34:47Z</time></trkpt><trkpt lat="-39.3753272295" lon="-72.5891451817"><ele>126.70</ele><time>2024-09-16T01:34:51Z</time></trkpt><trkpt lat="-39.3753411435" lon="-72.5891482830"><ele>126.75</ele><time>2024-09-16T01:34:52Z</time></trkpt><trkpt lat="-39.3752957974" lon="-72.5892625283"><ele>126.80</ele><time>2024-09-16T01:34:58Z</time></trkpt><trkpt lat="-39.3752842303" lon="-72.5893237162"><ele>126.76</ele><time>2024-09-16T01:34:59Z</time></trkpt><trkpt lat="-39.3751361221" lon="-72.5902350806"><ele>127.60</ele><time>2024-09-16T01:35:08Z</time></trkpt><trkpt lat="-39.3747731857" lon="-72.5922693685"><ele>126.72</ele><time>2024-09-16T01:35:27Z</time></trkpt><trkpt lat="-39.3744715210" lon="-72.5940016564"><ele>126.77</ele><time>2024-09-16T01:35:42Z</time></trkpt><trkpt lat="-39.3741616420" lon="-72.5957397278"><ele>126.25</ele><time>2024-09-16T01:35:57Z</time></trkpt><trkpt lat="-39.3738443032" lon="-72.5975871831"><ele>123.21</ele><time>2024-09-16T01:36:12Z</time></trkpt><trkpt lat="-39.3738235161" lon="-72.5977123249"><ele>127.45</ele><time>2024-09-16T01:36:13Z</time></trkpt><trkpt lat="-39.3737996276" lon="-72.5978312641"><ele>127.53</ele><time>2024-09-16T01:36:14Z</time></trkpt><trkpt lat="-39.3733018264" lon="-72.5993213989"><ele>124.43</ele><time>2024-09-16T01:36:27Z</time></trkpt><trkpt lat="-39.3725330383" lon="-72.6012255996"><ele>123.02</ele><time>2024-09-16T01:36:44Z</time></trkpt><trkpt lat="-39.3723172881" lon="-72.6019206271"><ele>123.24</ele><time>2024-09-16T01:36:50Z</time></trkpt><trkpt lat="-39.3723067269" lon="-72.6020456851"><ele>123.32</ele><time>2024-09-16T01:36:51Z</time></trkpt><trkpt lat="-39.3723052181" lon="-72.6021735929"><ele>123.29</ele><time>2024-09-16T01:36:52Z</time></trkpt><trkpt lat="-39.3723126780" lon="-72.6022986509"><ele>123.54</ele><time>2024-09-16T01:36:53Z</time></trkpt><trkpt lat="-39.3723281007" lon="-72.6024209429"><ele>123.62</ele><time>2024-09-16T01:36:54Z</time></trkpt><trkpt lat="-39.3723540008" lon="-72.6025446597"><ele>123.81</ele><time>2024-09-16T01:36:55Z</time></trkpt><trkpt lat="-39.3723875284" lon="-72.6026631799"><ele>123.82</ele><time>2024-09-16T01:36:56Z</time></trkpt><trkpt lat="-39.3724286836" lon="-72.6027787663"><ele>123.93</ele><time>2024-09-16T01:36:57Z</time></trkpt><trkpt lat="-39.3724751193" lon="-72.6028889045"><ele>123.89</ele><time>2024-09-16T01:36:58Z</time></trkpt><trkpt lat="-39.3725262489" lon="-72.6029940974"><ele>124.00</ele><time>2024-09-16T01:36:59Z</time></trkpt><trkpt lat="-39.3733863998" lon="-72.6044052746"><ele>122.85</ele><time>2024-09-16T01:37:13Z</time></trkpt><trkpt lat="-39.3734658603" lon="-72.6046310831"><ele>122.61</ele><time>2024-09-16T01:37:15Z</time></trkpt><trkpt lat="-39.3734930176" lon="-72.6047512796"><ele>122.59</ele><time>2024-09-16T01:37:16Z</time></trkpt><trkpt lat="-39.3737531919" lon="-72.6066245511"><ele>122.19</ele><time>2024-09-16T01:37:31Z</time></trkpt><trkpt lat="-39.3739927467" lon="-72.6087432448"><ele>121.70</ele><time>2024-09-16T01:37:48Z</time></trkpt><trkpt lat="-39.3740253523" lon="-72.6106199529"><ele>120.76</ele><time>2024-09-16T01:38:03Z</time></trkpt><trkpt lat="-39.3739070836" lon="-72.6125078928"><ele>118.34</ele><time>2024-09-16T01:38:18Z</time></trkpt><trkpt lat="-39.3735335022" lon="-72.6139574591"><ele>118.11</ele><time>2024-09-16T01:38:30Z</time></trkpt><trkpt lat="-39.3730387185" lon="-72.6156954467"><ele>119.34</ele><time>2024-09-16T01:38:45Z</time></trkpt><trkpt lat="-39.3729849905" lon="-72.6157977898"><ele>119.49</ele><time>2024-09-16T01:38:46Z</time></trkpt><trkpt lat="-39.3729227129" lon="-72.6158973668"><ele>119.61</ele><time>2024-09-16T01:38:47Z</time></trkpt><trkpt lat="-39.3721688446" lon="-72.6172312628"><ele>119.19</ele><time>2024-09-16T01:39:00Z</time></trkpt><trkpt lat="-39.3712367769" lon="-72.6189748663"><ele>120.35</ele><time>2024-09-16T01:39:17Z</time></trkpt><trkpt lat="-39.3702961598" lon="-72.6202137116"><ele>122.13</ele><time>2024-09-16T01:39:31Z</time></trkpt><trkpt lat="-39.3701027054" lon="-72.6204861235"><ele>123.08</ele><time>2024-09-16T01:39:34Z</time></trkpt><trkpt lat="-39.3700484745" lon="-72.6205846947"><ele>123.49</ele><time>2024-09-16T01:39:35Z</time></trkpt><trkpt lat="-39.3700038828" lon="-72.6206937432"><ele>123.74</ele><time>2024-09-16T01:39:36Z</time></trkpt><trkpt lat="-39.3698693532" lon="-72.6210311148"><ele>123.59</ele><time>2024-09-16T01:39:39Z</time></trkpt><trkpt lat="-39.3698075786" lon="-72.6211246569"><ele>123.37</ele><time>2024-09-16T01:39:40Z</time></trkpt><trkpt lat="-39.3697340693" lon="-72.6212052908"><ele>123.45</ele><time>2024-09-16T01:39:41Z</time></trkpt><trkpt lat="-39.3685647938" lon="-72.6223264541"><ele>122.88</ele><time>2024-09-16T01:39:56Z</time></trkpt><trkpt lat="-39.3676692713" lon="-72.6231711823"><ele>121.49</ele><time>2024-09-16T01:40:09Z</time></trkpt><trkpt lat="-39.3668181729" lon="-72.6240161620"><ele>121.92</ele><time>2024-09-16T01:40:22Z</time></trkpt><trkpt lat="-39.3658203073" lon="-72.6249777339"><ele>121.07</ele><time>2024-09-16T01:40:37Z</time></trkpt><trkpt lat="-39.3657781463" lon="-72.6250457950"><ele>121.15</ele><time>2024-09-16T01:40:38Z</time></trkpt><trkpt lat="-39.3657557666" lon="-72.6251265965"><ele>121.18</ele><time>2024-09-16T01:40:39Z</time></trkpt><trkpt lat="-39.3657595385" lon="-72.6252121758"><ele>120.88</ele><time>2024-09-16T01:40:40Z</time></trkpt><trkpt lat="-39.3657844327" lon="-72.6252979226"><ele>121.01</ele><time>2024-09-16T01:40:41Z</time></trkpt><trkpt lat="-39.3658187147" lon="-72.6253812388"><ele>121.02</ele><time>2024-09-16T01:40:42Z</time></trkpt><trkpt lat="-39.3658618815" lon="-72.6254589390"><ele>120.95</ele><time>2024-09-16T01:40:43Z</time></trkpt><trkpt lat="-39.3659070600" lon="-72.6255389862"><ele>120.99</ele><time>2024-09-16T01:40:44Z</time></trkpt><trkpt lat="-39.3663047813" lon="-72.6262272242"><ele>120.27</ele><time>2024-09-16T01:40:53Z</time></trkpt><trkpt lat="-39.3663329445" lon="-72.6262617577"><ele>120.09</ele><time>2024-09-16T01:40:54Z</time></trkpt><trkpt lat="-39.3663595151" lon="-72.6262827124"><ele>119.93</ele><time>2024-09-16T01:40:55Z</time></trkpt><trkpt lat="-39.3663874269" lon="-72.6262930222"><ele>119.81</ele><time>2024-09-16T01:40:56Z</time></trkpt><trkpt lat="-39.3664222956" lon="-72.6262869872"><ele>119.78</ele><time>2024-09-16T01:40:57Z</time></trkpt><trkpt lat="-39.3664682284" lon="-72.6262625121"><ele>119.81</ele><time>2024-09-16T01:40:58Z</time></trkpt><trkpt lat="-39.3665196095" lon="-72.6262240391"><ele>120.11</ele><time>2024-09-16T01:40:59Z</time></trkpt><trkpt lat="-39.3665772770" lon="-72.6261752564"><ele>120.36</ele><time>2024-09-16T01:41:00Z</time></trkpt><trkpt lat="-39.3671976216" lon="-72.6255631261"><ele>120.98</ele><time>2024-09-16T01:41:11Z</time></trkpt><trkpt lat="-39.3675648328" lon="-72.6252090745"><ele>121.09</ele><time>2024-09-16T01:41:20Z</time></trkpt><trkpt lat="-39.3681540806" lon="-72.6246580482"><ele>121.41</ele><time>2024-09-16T01:41:32Z</time></trkpt><trkpt lat="-39.3681721855" lon="-72.6246489119"><ele>120.79</ele><time>2024-09-16T01:41:38Z</time></trkpt><trkpt lat="-39.3682528194" lon="-72.6245700382"><ele>121.19</ele><time>2024-09-16T01:41:41Z</time></trkpt><trkpt lat="-39.3688092101" lon="-72.6240340155"><ele>122.49</ele><time>2024-09-16T01:41:51Z</time></trkpt><trkpt lat="-39.3691336736" lon="-72.6237265673"><ele>121.98</ele><time>2024-09-16T01:41:59Z</time></trkpt><trkpt lat="-39.3696080893" lon="-72.6232519839"><ele>122.70</ele><time>2024-09-16T01:42:09Z</time></trkpt><trkpt lat="-39.3701675814" lon="-72.6227104291"><ele>123.32</ele><time>2024-09-16T01:42:22Z</time></trkpt><trkpt lat="-39.3707792088" lon="-72.6221516915"><ele>123.41</ele><time>2024-09-16T01:42:35Z</time></trkpt><trkpt lat="-39.3708433304" lon="-72.6221572235"><ele>123.19</ele><time>2024-09-16T01:42:37Z</time></trkpt><trkpt lat="-39.3708752654" lon="-72.6221887395"><ele>123.17</ele><time>2024-09-16T01:42:38Z</time></trkpt><trkpt lat="-39.3709065299" lon="-72.6222346723"><ele>123.16</ele><time>2024-09-16T01:42:39Z</time></trkpt><trkpt lat="-39.3713537883" lon="-72.6230244990"><ele>121.05</ele><time>2024-09-16T01:42:51Z</time></trkpt><trkpt lat="-39.3713982962" lon="-72.6231488865"><ele>120.75</ele><time>2024-09-16T01:42:53Z</time></trkpt><trkpt lat="-39.3713998888" lon="-72.6232135948"><ele>120.75</ele><time>2024-09-16T01:42:54Z</time></trkpt><trkpt lat="-39.3713848013" lon="-72.6232750341"><ele>120.58</ele><time>2024-09-16T01:42:55Z</time></trkpt><trkpt lat="-39.3713553809" lon="-72.6233240683"><ele>120.65</ele><time>2024-09-16T01:42:56Z</time></trkpt><trkpt lat="-39.3713138904" lon="-72.6233674865"><ele>120.47</ele><time>2024-09-16T01:42:57Z</time></trkpt><trkpt lat="-39.3712677062" lon="-72.6234092284"><ele>120.45</ele><time>2024-09-16T01:42:58Z</time></trkpt><trkpt lat="-39.3708756845" lon="-72.6237822231"><ele>121.37</ele><time>2024-09-16T01:43:06Z</time></trkpt><trkpt lat="-39.3704159372" lon="-72.6241962053"><ele>121.95</ele><time>2024-09-16T01:43:17Z</time></trkpt><trkpt lat="-39.3697225023" lon="-72.6248388458"><ele>121.18</ele><time>2024-09-16T01:43:31Z</time></trkpt><trkpt lat="-39.3691317458" lon="-72.6253974997"><ele>121.95</ele><time>2024-09-16T01:43:42Z</time></trkpt><trkpt lat="-39.3687259778" lon="-72.6257761940"><ele>121.62</ele><time>2024-09-16T01:43:51Z</time></trkpt><trkpt lat="-39.3680459540" lon="-72.6264391188"><ele>120.63</ele><time>2024-09-16T01:44:03Z</time></trkpt><trkpt lat="-39.3672675267" lon="-72.6271759719"><ele>119.74</ele><time>2024-09-16T01:44:16Z</time></trkpt><trkpt lat="-39.3670397904" lon="-72.6274328772"><ele>118.66</ele><time>2024-09-16T01:44:23Z</time></trkpt><trkpt lat="-39.3670362700" lon="-72.6274900418"><ele>118.93</ele><time>2024-09-16T01:44:24Z</time></trkpt><trkpt lat="-39.3670580629" lon="-72.6275579352"><ele>119.19</ele><time>2024-09-16T01:44:25Z</time></trkpt><trkpt lat="-39.3670955300" lon="-72.6276302710"><ele>119.31</ele><time>2024-09-16T01:44:26Z</time></trkpt><trkpt lat="-39.3671397027" lon="-72.6277032774"><ele>119.47</ele><time>2024-09-16T01:44:27Z</time></trkpt><trkpt lat="-39.3675872125" lon="-72.6284563076"><ele>119.39</ele><time>2024-09-16T01:44:37Z</time></trkpt><trkpt lat="-39.3676261883" lon="-72.6284935232"><ele>119.11</ele><time>2024-09-16T01:44:38Z</time></trkpt><trkpt lat="-39.3676696904" lon="-72.6285061799"><ele>119.09</ele><time>2024-09-16T01:44:39Z</time></trkpt><trkpt lat="-39.3677186407" lon="-72.6284985524"><ele>118.98</ele><time>2024-09-16T01:44:40Z</time></trkpt><trkpt lat="-39.3677731231" lon="-72.6284695510"><ele>119.04</ele><time>2024-09-16T01:44:41Z</time></trkpt><trkpt lat="-39.3678238336" lon="-72.6284321677"><ele>119.09</ele><time>2024-09-16T01:44:42Z</time></trkpt><trkpt lat="-39.3678742088" lon="-72.6283835527"><ele>119.20</ele><time>2024-09-16T01:44:43Z</time></trkpt><trkpt lat="-39.3679268472" lon="-72.6283283997"><ele>119.35</ele><time>2024-09-16T01:44:44Z</time></trkpt><trkpt lat="-39.3686937075" lon="-72.6276021916"><ele>120.83</ele><time>2024-09-16T01:44:56Z</time></trkpt><trkpt lat="-39.3693881482" lon="-72.6269422844"><ele>120.76</ele><time>2024-09-16T01:45:08Z</time></trkpt><trkpt lat="-39.3694437202" lon="-72.6268762350"><ele>120.41</ele><time>2024-09-16T01:45:20Z</time></trkpt><trkpt lat="-39.3694557901" lon="-72.6268626563"><ele>120.38</ele><time>2024-09-16T01:45:24Z</time></trkpt><trkpt lat="-39.3695272040" lon="-72.6267913263"><ele>120.61</ele><time>2024-09-16T01:45:27Z</time></trkpt><trkpt lat="-39.3700339738" lon="-72.6263055112"><ele>120.83</ele><time>2024-09-16T01:45:41Z</time></trkpt><trkpt lat="-39.3703593593" lon="-72.6260335185"><ele>120.22</ele><time>2024-09-16T01:45:50Z</time></trkpt><trkpt lat="-39.3703937251" lon="-72.6260546409"><ele>120.25</ele><time>2024-09-16T01:45:51Z</time></trkpt><trkpt lat="-39.3704271689" lon="-72.6260926109"><ele>120.09</ele><time>2024-09-16T01:45:52Z</time></trkpt><trkpt lat="-39.3704648875" lon="-72.6261490211"><ele>120.27</ele><time>2024-09-16T01:45:53Z</time></trkpt><trkpt lat="-39.3705046177" lon="-72.6262127236"><ele>120.37</ele><time>2024-09-16T01:45:54Z</time></trkpt><trkpt lat="-39.3711280636" lon="-72.6273365691"><ele>118.10</ele><time>2024-09-16T01:46:09Z</time></trkpt><trkpt lat="-39.3714221008" lon="-72.6278855000"><ele>115.70</ele><time>2024-09-16T01:46:15Z</time></trkpt><trkpt lat="-39.3715549540" lon="-72.6281078719"><ele>114.37</ele><time>2024-09-16T01:46:18Z</time></trkpt><trkpt lat="-39.3715889845" lon="-72.6281621866"><ele>114.07</ele><time>2024-09-16T01:46:19Z</time></trkpt><trkpt lat="-39.3716117833" lon="-72.6282168366"><ele>113.83</ele><time>2024-09-16T01:46:20Z</time></trkpt><trkpt lat="-39.3716169801" lon="-72.6282739174"><ele>113.62</ele><time>2024-09-16T01:46:21Z</time></trkpt><trkpt lat="-39.3715997972" lon="-72.6283272263"><ele>113.66</ele><time>2024-09-16T01:46:22Z</time></trkpt><trkpt lat="-39.3715625815" lon="-72.6283765957"><ele>113.91</ele><time>2024-09-16T01:46:23Z</time></trkpt><trkpt lat="-39.3715152238" lon="-72.6284226123"><ele>114.04</ele><time>2024-09-16T01:46:24Z</time></trkpt><trkpt lat="-39.3714599870" lon="-72.6284706406"><ele>114.27</ele><time>2024-09-16T01:46:25Z</time></trkpt><trkpt lat="-39.3710315879" lon="-72.6288499217"><ele>117.66</ele><time>2024-09-16T01:46:32Z</time></trkpt><trkpt lat="-39.3707196973" lon="-72.6291243453"><ele>119.31</ele><time>2024-09-16T01:46:40Z</time></trkpt><trkpt lat="-39.3700668309" lon="-72.6297337934"><ele>119.88</ele><time>2024-09-16T01:46:51Z</time></trkpt><trkpt lat="-39.3691770919" lon="-72.6306000631"><ele>118.74</ele><time>2024-09-16T01:47:04Z</time></trkpt><trkpt lat="-39.3688879162" lon="-72.6308793481"><ele>118.38</ele><time>2024-09-16T01:47:12Z</time></trkpt><trkpt lat="-39.3684034422" lon="-72.6313540153"><ele>118.20</ele><time>2024-09-16T01:47:21Z</time></trkpt><trkpt lat="-39.3683700822" lon="-72.6313746348"><ele>118.11</ele><time>2024-09-16T01:47:22Z</time></trkpt><trkpt lat="-39.3683405779" lon="-72.6313839387"><ele>117.89</ele><time>2024-09-16T01:47:23Z</time></trkpt><trkpt lat="-39.3683175277" lon="-72.6313808374"><ele>117.96</ele><time>2024-09-16T01:47:24Z</time></trkpt><trkpt lat="-39.3683028594" lon="-72.6313752215"><ele>117.81</ele><time>2024-09-16T01:47:25Z</time></trkpt><trkpt lat="-39.3683183659" lon="-72.6313859504"><ele>117.80</ele><time>2024-09-16T01:47:39Z</time></trkpt><trkpt lat="-39.3683347944" lon="-72.6313880458"><ele>117.74</ele><time>2024-09-16T01:47:44Z</time></trkpt><trkpt lat="-39.3683967367" lon="-72.6313278638"><ele>118.47</ele><time>2024-09-16T01:47:47Z</time></trkpt><trkpt lat="-39.3689008243" lon="-72.6308635902"><ele>117.99</ele><time>2024-09-16T01:47:59Z</time></trkpt><trkpt lat="-39.3689776026" lon="-72.6306151506"><ele>118.12</ele><time>2024-09-16T01:48:07Z</time></trkpt><trkpt lat="-39.3689519539" lon="-72.6305558905"><ele>118.26</ele><time>2024-09-16T01:48:08Z</time></trkpt><trkpt lat="-39.3685190286" lon="-72.6297519822"><ele>118.45</ele><time>2024-09-16T01:48:19Z</time></trkpt><trkpt lat="-39.3684430886" lon="-72.6296447776"><ele>118.38</ele><time>2024-09-16T01:48:21Z</time></trkpt><trkpt lat="-39.3684049509" lon="-72.6296255831"><ele>118.49</ele><time>2024-09-16T01:48:22Z</time></trkpt><trkpt lat="-39.3683648016" lon="-72.6296240743"><ele>118.30</ele><time>2024-09-16T01:48:23Z</time></trkpt><trkpt lat="-39.3683192041" lon="-72.6296379045"><ele>118.20</ele><time>2024-09-16T01:48:24Z</time></trkpt><trkpt lat="-39.3682741933" lon="-72.6296653133"><ele>118.35</ele><time>2024-09-16T01:48:25Z</time></trkpt><trkpt lat="-39.3682274222" lon="-72.6296989247"><ele>118.33</ele><time>2024-09-16T01:48:26Z</time></trkpt><trkpt lat="-39.3681808189" lon="-72.6297406666"><ele>118.37</ele><time>2024-09-16T01:48:27Z</time></trkpt><trkpt lat="-39.3681332096" lon="-72.6297882758"><ele>118.50</ele><time>2024-09-16T01:48:28Z</time></trkpt><trkpt lat="-39.3677900545" lon="-72.6301384717"><ele>118.34</ele><time>2024-09-16T01:48:35Z</time></trkpt><trkpt lat="-39.3677002005" lon="-72.6302594226"><ele>117.98</ele><time>2024-09-16T01:48:42Z</time></trkpt><trkpt lat="-39.3677193951" lon="-72.6302139927"><ele>118.01</ele><time>2024-09-16T01:48:45Z</time></trkpt><trkpt lat="-39.3677198980" lon="-72.6301978156"><ele>117.95</ele><time>2024-09-16T01:48:46Z</time></trkpt><trkpt lat="-39.3677520007" lon="-72.6301888470"><ele>118.17</ele><time>2024-09-16T01:48:52Z</time></trkpt><trkpt lat="-39.3677763082" lon="-72.6301766932"><ele>118.09</ele><time>2024-09-16T01:48:53Z</time></trkpt><trkpt lat="-39.3678119313" lon="-72.6301507931"><ele>118.15</ele><time>2024-09-16T01:48:54Z</time></trkpt><trkpt lat="-39.3678540085" lon="-72.6301090512"><ele>118.39</ele><time>2024-09-16T01:48:55Z</time></trkpt><trkpt lat="-39.3679051381" lon="-72.6300590951"><ele>118.61</ele><time>2024-09-16T01:48:56Z</time></trkpt><trkpt lat="-39.3682727683" lon="-72.6297130901"><ele>117.96</ele><time>2024-09-16T01:49:05Z</time></trkpt><trkpt lat="-39.3683507200" lon="-72.6295555942"><ele>117.90</ele><time>2024-09-16T01:49:13Z</time></trkpt><trkpt lat="-39.3683387339" lon="-72.6295084879"><ele>117.90</ele><time>2024-09-16T01:49:14Z</time></trkpt><trkpt lat="-39.3683172762" lon="-72.6294569392"><ele>117.96</ele><time>2024-09-16T01:49:15Z</time></trkpt><trkpt lat="-39.3682866823" lon="-72.6293995231"><ele>118.01</ele><time>2024-09-16T01:49:16Z</time></trkpt><trkpt lat="-39.3682498857" lon="-72.6293338928"><ele>118.18</ele><time>2024-09-16T01:49:17Z</time></trkpt><trkpt lat="-39.3676690198" lon="-72.6283061877"><ele>118.88</ele><time>2024-09-16T01:49:30Z</time></trkpt><trkpt lat="-39.3668510299" lon="-72.6268657576"><ele>119.37</ele><time>2024-09-16T01:49:45Z</time></trkpt><trkpt lat="-39.3659927230" lon="-72.6253429335"><ele>119.69</ele><time>2024-09-16T01:50:01Z</time></trkpt><trkpt lat="-39.3658326287" lon="-72.6250880398"><ele>118.69</ele><time>2024-09-16T01:50:07Z</time></trkpt><trkpt lat="-39.3657918088" lon="-72.6250647381"><ele>118.75</ele><time>2024-09-16T01:50:08Z</time></trkpt><trkpt lat="-39.3657409307" lon="-72.6250525843"><ele>118.88</ele><time>2024-09-16T01:50:09Z</time></trkpt><trkpt lat="-39.3656839337" lon="-72.6250652410"><ele>119.25</ele><time>2024-09-16T01:50:10Z</time></trkpt><trkpt lat="-39.3656169623" lon="-72.6251131017"><ele>119.22</ele><time>2024-09-16T01:50:11Z</time></trkpt><trkpt lat="-39.3655523378" lon="-72.6251751278"><ele>119.65</ele><time>2024-09-16T01:50:12Z</time></trkpt><trkpt lat="-39.3654873781" lon="-72.6252417639"><ele>119.66</ele><time>2024-09-16T01:50:13Z</time></trkpt><trkpt lat="-39.3648612499" lon="-72.6258659642"><ele>118.77</ele><time>2024-09-16T01:50:24Z</time></trkpt><trkpt lat="-39.3648327515" lon="-72.6259028446"><ele>118.79</ele><time>2024-09-16T01:50:25Z</time></trkpt><trkpt lat="-39.3648041692" lon="-72.6259510405"><ele>118.65</ele><time>2024-09-16T01:50:26Z</time></trkpt><trkpt lat="-39.3647905067" lon="-72.6260082051"><ele>118.76</ele><time>2024-09-16T01:50:27Z</time></trkpt><trkpt lat="-39.3647925183" lon="-72.6260771044"><ele>118.71</ele><time>2024-09-16T01:50:28Z</time></trkpt><trkpt lat="-39.3648089468" lon="-72.6261483505"><ele>118.78</ele><time>2024-09-16T01:50:29Z</time></trkpt><trkpt lat="-39.3648432288" lon="-72.6262226142"><ele>118.98</ele><time>2024-09-16T01:50:30Z</time></trkpt><trkpt lat="-39.3648828752" lon="-72.6263010688"><ele>118.92</ele><time>2024-09-16T01:50:31Z</time></trkpt><trkpt lat="-39.3649278022" lon="-72.6263772603"><ele>118.98</ele><time>2024-09-16T01:50:32Z</time></trkpt><trkpt lat="-39.3656036351" lon="-72.6275534928"><ele>119.02</ele><time>2024-09-16T01:50:45Z</time></trkpt><trkpt lat="-39.3667243794" lon="-72.6294968370"><ele>118.31</ele><time>2024-09-16T01:51:06Z</time></trkpt><trkpt lat="-39.3675097637" lon="-72.6308756601"><ele>117.65</ele><time>2024-09-16T01:51:22Z</time></trkpt><trkpt lat="-39.3679663260" lon="-72.6316669956"><ele>117.44</ele><time>2024-09-16T01:51:33Z</time></trkpt><trkpt lat="-39.3679778092" lon="-72.6317208074"><ele>117.44</ele><time>2024-09-16T01:51:34Z</time></trkpt><trkpt lat="-39.3679720256" lon="-72.6317717694"><ele>117.27</ele><time>2024-09-16T01:51:35Z</time></trkpt><trkpt lat="-39.3679494783" lon="-72.6318183728"><ele>117.30</ele><time>2024-09-16T01:51:36Z</time></trkpt><trkpt lat="-39.3679090776" lon="-72.6318592764"><ele>117.31</ele><time>2024-09-16T01:51:37Z</time></trkpt><trkpt lat="-39.3678578641" lon="-72.6319037005"><ele>117.43</ele><time>2024-09-16T01:51:38Z</time></trkpt><trkpt lat="-39.3674014695" lon="-72.6323341951"><ele>117.35</ele><time>2024-09-16T01:51:46Z</time></trkpt><trkpt lat="-39.3673557881" lon="-72.6323536411"><ele>117.18</ele><time>2024-09-16T01:51:47Z</time></trkpt><trkpt lat="-39.3673076760" lon="-72.6323567424"><ele>117.17</ele><time>2024-09-16T01:51:48Z</time></trkpt><trkpt lat="-39.3672628328" lon="-72.6323348656"><ele>117.02</ele><time>2024-09-16T01:51:49Z</time></trkpt><trkpt lat="-39.3672210909" lon="-72.6323015895"><ele>116.97</ele><time>2024-09-16T01:51:50Z</time></trkpt><trkpt lat="-39.3671769183" lon="-72.6322630327"><ele>117.03</ele><time>2024-09-16T01:51:51Z</time></trkpt><trkpt lat="-39.3669691309" lon="-72.6320685726"><ele>117.54</ele><time>2024-09-16T01:51:55Z</time></trkpt><trkpt lat="-39.3669186719" lon="-72.6320052054"><ele>117.50</ele><time>2024-09-16T01:51:56Z</time></trkpt><trkpt lat="-39.3665978126" lon="-72.6314244233"><ele>117.17</ele><time>2024-09-16T01:52:06Z</time></trkpt><trkpt lat="-39.3666058592" lon="-72.6313765626"><ele>117.01</ele><time>2024-09-16T01:52:07Z</time></trkpt><trkpt lat="-39.3666264787" lon="-72.6313324738"><ele>116.92</ele><time>2024-09-16T01:52:08Z</time></trkpt><trkpt lat="-39.3666569889" lon="-72.6312932465"><ele>116.84</ele><time>2024-09-16T01:52:09Z</time></trkpt><trkpt lat="-39.3666973896" lon="-72.6312524267"><ele>116.99</ele><time>2024-09-16T01:52:10Z</time></trkpt><trkpt lat="-39.3667470943" lon="-72.6312076673"><ele>117.25</ele><time>2024-09-16T01:52:11Z</time></trkpt><trkpt lat="-39.3673199136" lon="-72.6306335907"><ele>117.35</ele><time>2024-09-16T01:52:22Z</time></trkpt><trkpt lat="-39.3673617393" lon="-72.6306143962"><ele>116.83</ele><time>2024-09-16T01:52:24Z</time></trkpt><trkpt lat="-39.3673883099" lon="-72.6306266338"><ele>116.92</ele><time>2024-09-16T01:52:25Z</time></trkpt><trkpt lat="-39.3674220052" lon="-72.6306599937"><ele>116.94</ele><time>2024-09-16T01:52:26Z</time></trkpt><trkpt lat="-39.3674595561" lon="-72.6307094470"><ele>117.21</ele><time>2024-09-16T01:52:27Z</time></trkpt><trkpt lat="-39.3674984481" lon="-72.6307669468"><ele>117.27</ele><time>2024-09-16T01:52:28Z</time></trkpt><trkpt lat="-39.3679002766" lon="-72.6315080747"><ele>117.34</ele><time>2024-09-16T01:52:40Z</time></trkpt><trkpt lat="-39.3684177753" lon="-72.6323875878"><ele>118.09</ele><time>2024-09-16T01:52:53Z</time></trkpt><trkpt lat="-39.3686018419" lon="-72.6326971315"><ele>116.91</ele><time>2024-09-16T01:53:02Z</time></trkpt><trkpt lat="-39.3686108105" lon="-72.6327305753"><ele>116.97</ele><time>2024-09-16T01:53:27Z</time></trkpt><trkpt lat="-39.3686366268" lon="-72.6327524520"><ele>116.77</ele><time>2024-09-16T01:53:31Z</time></trkpt><trkpt lat="-39.3687266484" lon="-72.6327806991"><ele>117.47</ele><time>2024-09-16T01:53:34Z</time></trkpt><trkpt lat="-39.3687676359" lon="-72.6327696349"><ele>117.38</ele><time>2024-09-16T01:53:35Z</time></trkpt><trkpt lat="-39.3688086234" lon="-72.6327434834"><ele>117.39</ele><time>2024-09-16T01:53:36Z</time></trkpt><trkpt lat="-39.3688488565" lon="-72.6327042561"><ele>117.56</ele><time>2024-09-16T01:53:37Z</time></trkpt><trkpt lat="-39.3688922748" lon="-72.6326615084"><ele>117.45</ele><time>2024-09-16T01:53:38Z</time></trkpt><trkpt lat="-39.3694644235" lon="-72.6321020164"><ele>117.89</ele><time>2024-09-16T01:53:50Z</time></trkpt><trkpt lat="-39.3695231806" lon="-72.6320245676"><ele>117.31</ele><time>2024-09-16T01:53:59Z</time></trkpt><trkpt lat="-39.3695510924" lon="-72.6320025232"><ele>117.32</ele><time>2024-09-16T01:54:18Z</time></trkpt><trkpt lat="-39.3696039822" lon="-72.6319509745"><ele>117.80</ele><time>2024-09-16T01:54:20Z</time></trkpt><trkpt lat="-39.3701130990" lon="-72.6314647403"><ele>119.09</ele><time>2024-09-16T01:54:30Z</time></trkpt><trkpt lat="-39.3711314164" lon="-72.6304796990"><ele>118.66</ele><time>2024-09-16T01:54:45Z</time></trkpt><trkpt lat="-39.3717490789" lon="-72.6298530679"><ele>115.63</ele><time>2024-09-16T01:54:55Z</time></trkpt><trkpt lat="-39.3722746242" lon="-72.6293823402"><ele>112.57</ele><time>2024-09-16T01:55:04Z</time></trkpt><trkpt lat="-39.3723111693" lon="-72.6293866150"><ele>112.26</ele><time>2024-09-16T01:55:05Z</time></trkpt><trkpt lat="-39.3723503966" lon="-72.6294201426"><ele>112.23</ele><time>2024-09-16T01:55:06Z</time></trkpt><trkpt lat="-39.3723918870" lon="-72.6294804923"><ele>112.49</ele><time>2024-09-16T01:55:07Z</time></trkpt><trkpt lat="-39.3724881113" lon="-72.6296392456"><ele>113.03</ele><time>2024-09-16T01:55:09Z</time></trkpt><trkpt lat="-39.3728819769" lon="-72.6303263940"><ele>112.43</ele><time>2024-09-16T01:55:17Z</time></trkpt><trkpt lat="-39.3729035184" lon="-72.6303859055"><ele>112.14</ele><time>2024-09-16T01:55:18Z</time></trkpt><trkpt lat="-39.3729100563" lon="-72.6304450817"><ele>111.93</ele><time>2024-09-16T01:55:19Z</time></trkpt><trkpt lat="-39.3728968129" lon="-72.6305054314"><ele>111.81</ele><time>2024-09-16T01:55:20Z</time></trkpt><trkpt lat="-39.3728634529" lon="-72.6305587403"><ele>111.90</ele><time>2024-09-16T01:55:21Z</time></trkpt><trkpt lat="-39.3728160951" lon="-72.6306102052"><ele>111.92</ele><time>2024-09-16T01:55:22Z</time></trkpt><trkpt lat="-39.3727583438" lon="-72.6306655258"><ele>112.08</ele><time>2024-09-16T01:55:23Z</time></trkpt><trkpt lat="-39.3721635640" lon="-72.6312257722"><ele>113.98</ele><time>2024-09-16T01:55:33Z</time></trkpt><trkpt lat="-39.3717650883" lon="-72.6316168718"><ele>115.75</ele><time>2024-09-16T01:55:41Z</time></trkpt><trkpt lat="-39.3712909240" lon="-72.6320659742"><ele>117.83</ele><time>2024-09-16T01:55:50Z</time></trkpt><trkpt lat="-39.3712347653" lon="-72.6321043633"><ele>117.63</ele><time>2024-09-16T01:55:55Z</time></trkpt><trkpt lat="-39.3711804505" lon="-72.6321537327"><ele>117.85</ele><time>2024-09-16T01:55:57Z</time></trkpt><trkpt lat="-39.3711469229" lon="-72.6321908645"><ele>118.00</ele><time>2024-09-16T01:55:58Z</time></trkpt><trkpt lat="-39.3706057873" lon="-72.6327150688"><ele>118.28</ele><time>2024-09-16T01:56:07Z</time></trkpt><trkpt lat="-39.3703887798" lon="-72.6328986324"><ele>117.36</ele><time>2024-09-16T01:56:13Z</time></trkpt><trkpt lat="-39.3699902203" lon="-72.6332926657"><ele>118.11</ele><time>2024-09-16T01:56:21Z</time></trkpt><trkpt lat="-39.3695101049" lon="-72.6337623876"><ele>117.58</ele><time>2024-09-16T01:56:28Z</time></trkpt><trkpt lat="-39.3694567122" lon="-72.6338214800"><ele>116.27</ele><time>2024-09-16T01:56:31Z</time></trkpt><trkpt lat="-39.3693780899" lon="-72.6339546684"><ele>116.41</ele><time>2024-09-16T01:56:39Z</time></trkpt><trkpt lat="-39.3693798501" lon="-72.6340117492"><ele>116.52</ele><time>2024-09-16T01:56:40Z</time></trkpt><trkpt lat="-39.3694053311" lon="-72.6340759546"><ele>116.71</ele><time>2024-09-16T01:56:41Z</time></trkpt><trkpt lat="-39.3698218279" lon="-72.6348159928"><ele>118.00</ele><time>2024-09-16T01:56:50Z</time></trkpt><trkpt lat="-39.3699078262" lon="-72.6349563058"><ele>117.90</ele><time>2024-09-16T01:56:52Z</time></trkpt><trkpt lat="-39.3699556869" lon="-72.6349998917"><ele>117.65</ele><time>2024-09-16T01:56:53Z</time></trkpt><trkpt lat="-39.3700060621" lon="-72.6350134704"><ele>117.60</ele><time>2024-09-16T01:56:54Z</time></trkpt><trkpt lat="-39.3700570241" lon="-72.6349960361"><ele>117.28</ele><time>2024-09-16T01:56:55Z</time></trkpt><trkpt lat="-39.3701093271" lon="-72.6349546295"><ele>117.59</ele><time>2024-09-16T01:56:56Z</time></trkpt><trkpt lat="-39.3701652344" lon="-72.6349009853"><ele>117.81</ele><time>2024-09-16T01:56:57Z</time></trkpt><trkpt lat="-39.3702268414" lon="-72.6348386239"><ele>117.98</ele><time>2024-09-16T01:56:58Z</time></trkpt><trkpt lat="-39.3708169274" lon="-72.6342415810"><ele>117.89</ele><time>2024-09-16T01:57:09Z</time></trkpt><trkpt lat="-39.3710626848" lon="-72.6339977514"><ele>117.73</ele><time>2024-09-16T01:57:19Z</time></trkpt><trkpt lat="-39.3710790295" lon="-72.6339728571"><ele>117.58</ele><time>2024-09-16T01:57:30Z</time></trkpt><trkpt lat="-39.3711501919" lon="-72.6338958275"><ele>117.56</ele><time>2024-09-16T01:57:33Z</time></trkpt><trkpt lat="-39.3716580514" lon="-72.6334091742"><ele>115.76</ele><time>2024-09-16T01:57:45Z</time></trkpt><trkpt lat="-39.3720033020" lon="-72.6330830343"><ele>114.75</ele><time>2024-09-16T01:57:54Z</time></trkpt><trkpt lat="-39.3727098126" lon="-72.6324089617"><ele>113.38</ele><time>2024-09-16T01:58:09Z</time></trkpt><trkpt lat="-39.3731858209" lon="-72.6319513936"><ele>113.85</ele><time>2024-09-16T01:58:17Z</time></trkpt><trkpt lat="-39.3735745735" lon="-72.6315942407"><ele>112.39</ele><time>2024-09-16T01:58:25Z</time></trkpt><trkpt lat="-39.3740624841" lon="-72.6311282068"><ele>112.23</ele><time>2024-09-16T01:58:34Z</time></trkpt><trkpt lat="-39.3745899573" lon="-72.6306308247"><ele>112.30</ele><time>2024-09-16T01:58:45Z</time></trkpt><trkpt lat="-39.3752149958" lon="-72.6300357934"><ele>111.11</ele><time>2024-09-16T01:58:55Z</time></trkpt><trkpt lat="-39.3752564862" lon="-72.6299974043"><ele>110.76</ele><time>2024-09-16T01:58:56Z</time></trkpt><trkpt lat="-39.3752991501" lon="-72.6299741864"><ele>110.55</ele><time>2024-09-16T01:58:57Z</time></trkpt><trkpt lat="-39.3753407244" lon="-72.6299680676"><ele>110.47</ele><time>2024-09-16T01:58:58Z</time></trkpt><trkpt lat="-39.3753817119" lon="-72.6299867593"><ele>110.40</ele><time>2024-09-16T01:58:59Z</time></trkpt><trkpt lat="-39.3754197657" lon="-72.6300257351"><ele>110.46</ele><time>2024-09-16T01:59:00Z</time></trkpt><trkpt lat="-39.3754542992" lon="-72.6300797146"><ele>110.62</ele><time>2024-09-16T01:59:01Z</time></trkpt><trkpt lat="-39.3754876591" lon="-72.6301385555"><ele>110.69</ele><time>2024-09-16T01:59:02Z</time></trkpt><trkpt lat="-39.3758506794" lon="-72.6307780109"><ele>111.18</ele><time>2024-09-16T01:59:12Z</time></trkpt><trkpt lat="-39.3758914992" lon="-72.6308498438"><ele>111.24</ele><time>2024-09-16T01:59:13Z</time></trkpt><trkpt lat="-39.3759434670" lon="-72.6309729740"><ele>110.79</ele><time>2024-09-16T01:59:15Z</time></trkpt><trkpt lat="-39.3759480771" lon="-72.6310291328"><ele>110.72</ele><time>2024-09-16T01:59:16Z</time></trkpt><trkpt lat="-39.3759344984" lon="-72.6310842857"><ele>110.73</ele><time>2024-09-16T01:59:17Z</time></trkpt><trkpt lat="-39.3759010546" lon="-72.6311391033"><ele>110.70</ele><time>2024-09-16T01:59:18Z</time></trkpt><trkpt lat="-39.3758507632" lon="-72.6311926637"><ele>110.85</ele><time>2024-09-16T01:59:19Z</time></trkpt><trkpt lat="-39.3757982086" lon="-72.6312472299"><ele>111.03</ele><time>2024-09-16T01:59:20Z</time></trkpt><trkpt lat="-39.3751897663" lon="-72.6318749506"><ele>111.11</ele><time>2024-09-16T01:59:32Z</time></trkpt><trkpt lat="-39.3747011013" lon="-72.6323432475"><ele>112.18</ele><time>2024-09-16T01:59:41Z</time></trkpt><trkpt lat="-39.3742421921" lon="-72.6327818725"><ele>112.50</ele><time>2024-09-16T01:59:51Z</time></trkpt><trkpt lat="-39.3736852985" lon="-72.6333193202"><ele>113.65</ele><time>2024-09-16T02:00:00Z</time></trkpt><trkpt lat="-39.3733119685" lon="-72.6336793229"><ele>113.72</ele><time>2024-09-16T02:00:08Z</time></trkpt><trkpt lat="-39.3723778892" lon="-72.6345553994"><ele>114.20</ele><time>2024-09-16T02:00:22Z</time></trkpt><trkpt lat="-39.3717539404" lon="-72.6351373550"><ele>115.57</ele><time>2024-09-16T02:00:31Z</time></trkpt><trkpt lat="-39.3717159703" lon="-72.6351771690"><ele>115.50</ele><time>2024-09-16T02:00:32Z</time></trkpt><trkpt lat="-39.3713131361" lon="-72.6355546061"><ele>117.05</ele><time>2024-09-16T02:00:40Z</time></trkpt><trkpt lat="-39.3707791250" lon="-72.6360643096"><ele>117.32</ele><time>2024-09-16T02:00:49Z</time></trkpt><trkpt lat="-39.3706969824" lon="-72.6361877751"><ele>117.06</ele><time>2024-09-16T02:00:52Z</time></trkpt><trkpt lat="-39.3706920370" lon="-72.6362549141"><ele>117.34</ele><time>2024-09-16T02:00:53Z</time></trkpt><trkpt lat="-39.3707048614" lon="-72.6363255735"><ele>117.44</ele><time>2024-09-16T02:00:54Z</time></trkpt><trkpt lat="-39.3707293365" lon="-72.6363932155"><ele>117.52</ele><time>2024-09-16T02:00:55Z</time></trkpt><trkpt lat="-39.3707641214" lon="-72.6364659704"><ele>117.50</ele><time>2024-09-16T02:00:56Z</time></trkpt><trkpt lat="-39.3708052766" lon="-72.6365408208"><ele>117.49</ele><time>2024-09-16T02:00:57Z</time></trkpt><trkpt lat="-39.3710669596" lon="-72.6370533742"><ele>117.02</ele><time>2024-09-16T02:01:04Z</time></trkpt><trkpt lat="-39.3710994814" lon="-72.6371193398"><ele>116.61</ele><time>2024-09-16T02:01:06Z</time></trkpt><trkpt lat="-39.3710975535" lon="-72.6371250395"><ele>116.27</ele><time>2024-09-16T02:01:21Z</time></trkpt><trkpt lat="-39.3711221125" lon="-72.6371695474"><ele>116.25</ele><time>2024-09-16T02:01:50Z</time></trkpt><trkpt lat="-39.3711403850" lon="-72.6371783484"><ele>116.15</ele><time>2024-09-16T02:01:51Z</time></trkpt><trkpt lat="-39.3711891677" lon="-72.6372193359"><ele>116.39</ele><time>2024-09-16T02:01:53Z</time></trkpt><trkpt lat="-39.3712973781" lon="-72.6373303961"><ele>116.53</ele><time>2024-09-16T02:01:56Z</time></trkpt><trkpt lat="-39.3713521119" lon="-72.6373528596"><ele>116.50</ele><time>2024-09-16T02:01:57Z</time></trkpt><trkpt lat="-39.3714070134" lon="-72.6373467408"><ele>116.45</ele><time>2024-09-16T02:01:58Z</time></trkpt><trkpt lat="-39.3714630045" lon="-72.6373176556"><ele>116.39</ele><time>2024-09-16T02:01:59Z</time></trkpt><trkpt lat="-39.3715200853" lon="-72.6372730639"><ele>116.34</ele><time>2024-09-16T02:02:00Z</time></trkpt><trkpt lat="-39.3715790100" lon="-72.6372199226"><ele>116.24</ele><time>2024-09-16T02:02:01Z</time></trkpt><trkpt lat="-39.3724850938" lon="-72.6363340393"><ele>114.46</ele><time>2024-09-16T02:02:14Z</time></trkpt><trkpt lat="-39.3742575310" lon="-72.6346371230"><ele>114.40</ele><time>2024-09-16T02:02:39Z</time></trkpt><trkpt lat="-39.3751936220" lon="-72.6337335538"><ele>113.34</ele><time>2024-09-16T02:02:53Z</time></trkpt><trkpt lat="-39.3765511550" lon="-72.6323691476"><ele>113.63</ele><time>2024-09-16T02:03:10Z</time></trkpt><trkpt lat="-39.3775920197" lon="-72.6312986109"><ele>115.31</ele><time>2024-09-16T02:03:24Z</time></trkpt><trkpt lat="-39.3780114502" lon="-72.6309159771"><ele>114.09</ele><time>2024-09-16T02:03:32Z</time></trkpt><trkpt lat="-39.3780664355" lon="-72.6308754925"><ele>114.17</ele><time>2024-09-16T02:03:33Z</time></trkpt><trkpt lat="-39.3781277910" lon="-72.6308393665"><ele>114.38</ele><time>2024-09-16T02:03:34Z</time></trkpt><trkpt lat="-39.3781935051" lon="-72.6308069285"><ele>114.38</ele><time>2024-09-16T02:03:35Z</time></trkpt><trkpt lat="-39.3793152552" lon="-72.6303228736"><ele>114.08</ele><time>2024-09-16T02:03:48Z</time></trkpt><trkpt lat="-39.3803335726" lon="-72.6298809797"><ele>113.62</ele><time>2024-09-16T02:04:02Z</time></trkpt><trkpt lat="-39.3811352178" lon="-72.6295543369"><ele>114.75</ele><time>2024-09-16T02:04:14Z</time></trkpt><trkpt lat="-39.3821709696" lon="-72.6290809270"><ele>114.32</ele><time>2024-09-16T02:04:29Z</time></trkpt><trkpt lat="-39.3830330484" lon="-72.6287115365"><ele>115.33</ele><time>2024-09-16T02:04:41Z</time></trkpt><trkpt lat="-39.3837583344" lon="-72.6284174155"><ele>115.67</ele><time>2024-09-16T02:04:51Z</time></trkpt><trkpt lat="-39.3837882578" lon="-72.6283830497"><ele>115.69</ele><time>2024-09-16T02:04:52Z</time></trkpt><trkpt lat="-39.3838009145" lon="-72.6283412240"><ele>115.51</ele><time>2024-09-16T02:04:53Z</time></trkpt><trkpt lat="-39.3837901019" lon="-72.6282938663"><ele>115.42</ele><time>2024-09-16T02:04:54Z</time></trkpt><trkpt lat="-39.3837636989" lon="-72.6282493584"><ele>115.28</ele><time>2024-09-16T02:04:55Z</time></trkpt><trkpt lat="-39.3837238848" lon="-72.6282090414"><ele>115.22</ele><time>2024-09-16T02:04:56Z</time></trkpt><trkpt lat="-39.3836791255" lon="-72.6281652041"><ele>115.17</ele><time>2024-09-16T02:04:57Z</time></trkpt><trkpt lat="-39.3836305942" lon="-72.6281137392"><ele>115.19</ele><time>2024-09-16T02:04:58Z</time></trkpt><trkpt lat="-39.3831832521" lon="-72.6275617070"><ele>115.26</ele><time>2024-09-16T02:05:08Z</time></trkpt><trkpt lat="-39.3831401691" lon="-72.6275412552"><ele>115.25</ele><time>2024-09-16T02:05:09Z</time></trkpt><trkpt lat="-39.3830971699" lon="-72.6275368966"><ele>115.16</ele><time>2024-09-16T02:05:10Z</time></trkpt><trkpt lat="-39.3830552604" lon="-72.6275490504"><ele>115.17</ele><time>2024-09-16T02:05:11Z</time></trkpt><trkpt lat="-39.3830063101" lon="-72.6275747828"><ele>115.26</ele><time>2024-09-16T02:05:12Z</time></trkpt><trkpt lat="-39.3829553481" lon="-72.6275977492"><ele>115.26</ele><time>2024-09-16T02:05:13Z</time></trkpt><trkpt lat="-39.3829018716" lon="-72.6276211347"><ele>115.17</ele><time>2024-09-16T02:05:14Z</time></trkpt><trkpt lat="-39.3825551122" lon="-72.6277588494"><ele>114.76</ele><time>2024-09-16T02:05:22Z</time></trkpt><trkpt lat="-39.3822825328" lon="-72.6278998330"><ele>114.00</ele><time>2024-09-16T02:05:31Z</time></trkpt><trkpt lat="-39.3821593188" lon="-72.6279559080"><ele>114.23</ele><time>2024-09-16T02:05:42Z</time></trkpt><trkpt lat="-39.3822201714" lon="-72.6279352885"><ele>114.09</ele><time>2024-09-16T02:05:50Z</time></trkpt><trkpt lat="-39.3822503462" lon="-72.6278980728"><ele>114.06</ele><time>2024-09-16T02:05:57Z</time></trkpt><trkpt lat="-39.3822397012" lon="-72.6278762799"><ele>114.13</ele><time>2024-09-16T02:05:58Z</time></trkpt><trkpt lat="-39.3822271284" lon="-72.6278521400"><ele>114.24</ele><time>2024-09-16T02:05:59Z</time></trkpt><trkpt lat="-39.3822148070" lon="-72.6278142538"><ele>114.23</ele><time>2024-09-16T02:06:00Z</time></trkpt><trkpt lat="-39.3822008930" lon="-72.6277714223"><ele>114.25</ele><time>2024-09-16T02:06:01Z</time></trkpt><trkpt lat="-39.3820318300" lon="-72.6271643210"><ele>114.76</ele><time>2024-09-16T02:06:10Z</time></trkpt><trkpt lat="-39.3820192572" lon="-72.6271146163"><ele>114.75</ele><time>2024-09-16T02:06:11Z</time></trkpt><trkpt lat="-39.3820057623" lon="-72.6270760596"><ele>114.61</ele><time>2024-09-16T02:06:12Z</time></trkpt><trkpt lat="-39.3819880765" lon="-72.6270450465"><ele>114.56</ele><time>2024-09-16T02:06:13Z</time></trkpt><trkpt lat="-39.3819603324" lon="-72.6270205714"><ele>114.49</ele><time>2024-09-16T02:06:14Z</time></trkpt><trkpt lat="-39.3819221947" lon="-72.6270067412"><ele>114.50</ele><time>2024-09-16T02:06:15Z</time></trkpt><trkpt lat="-39.3818748370" lon="-72.6270137820"><ele>114.60</ele><time>2024-09-16T02:06:16Z</time></trkpt><trkpt lat="-39.3818276469" lon="-72.6270313840"><ele>114.72</ele><time>2024-09-16T02:06:17Z</time></trkpt><trkpt lat="-39.3817832228" lon="-72.6270532608"><ele>114.88</ele><time>2024-09-16T02:06:18Z</time></trkpt><trkpt lat="-39.3817507010" lon="-72.6270765625"><ele>114.93</ele><time>2024-09-16T02:06:19Z</time></trkpt><trkpt lat="-39.3817296624" lon="-72.6271094196"><ele>114.92</ele><time>2024-09-16T02:06:20Z</time></trkpt><trkpt lat="-39.3817206938" lon="-72.6271547657"><ele>114.89</ele><time>2024-09-16T02:06:21Z</time></trkpt><trkpt lat="-39.3817255553" lon="-72.6272094157"><ele>114.93</ele><time>2024-09-16T02:06:22Z</time></trkpt><trkpt lat="-39.3817373738" lon="-72.6272675861"><ele>114.91</ele><time>2024-09-16T02:06:23Z</time></trkpt><trkpt lat="-39.3817522097" lon="-72.6273189671"><ele>114.98</ele><time>2024-09-16T02:06:24Z</time></trkpt><trkpt lat="-39.3817661237" lon="-72.6273636427"><ele>114.84</ele><time>2024-09-16T02:06:25Z</time></trkpt><trkpt lat="-39.3817773554" lon="-72.6274013612"><ele>114.82</ele><time>2024-09-16T02:06:26Z</time></trkpt><trkpt lat="-39.3818264734" lon="-72.6276193745"><ele>114.79</ele><time>2024-09-16T02:06:33Z</time></trkpt><trkpt lat="-39.3819055147" lon="-72.6279065385"><ele>114.70</ele><time>2024-09-16T02:06:39Z</time></trkpt><trkpt lat="-39.3819187582" lon="-72.6279517170"><ele>114.76</ele><time>2024-09-16T02:06:40Z</time></trkpt><trkpt lat="-39.3819197640" lon="-72.6279875077"><ele>114.59</ele><time>2024-09-16T02:06:41Z</time></trkpt><trkpt lat="-39.3819075264" lon="-72.6280190237"><ele>114.48</ele><time>2024-09-16T02:06:42Z</time></trkpt><trkpt lat="-39.3818853982" lon="-72.6280436665"><ele>114.37</ele><time>2024-09-16T02:06:43Z</time></trkpt><trkpt lat="-39.3818445783" lon="-72.6280630287"><ele>114.24</ele><time>2024-09-16T02:06:44Z</time></trkpt><trkpt lat="-39.3817960471" lon="-72.6280816365"><ele>114.27</ele><time>2024-09-16T02:06:45Z</time></trkpt><trkpt lat="-39.3813746888" lon="-72.6282840595"><ele>114.09</ele><time>2024-09-16T02:06:55Z</time></trkpt><trkpt lat="-39.3813617807" lon="-72.6283064391"><ele>114.00</ele><time>2024-09-16T02:06:56Z</time></trkpt><trkpt lat="-39.3813549075" lon="-72.6283376198"><ele>114.00</ele><time>2024-09-16T02:06:57Z</time></trkpt><trkpt lat="-39.3813559972" lon="-72.6283789426"><ele>114.11</ele><time>2024-09-16T02:06:58Z</time></trkpt><trkpt lat="-39.3813694920" lon="-72.6284343470"><ele>114.19</ele><time>2024-09-16T02:06:59Z</time></trkpt><trkpt lat="-39.3813819811" lon="-72.6284938585"><ele>114.23</ele><time>2024-09-16T02:07:00Z</time></trkpt><trkpt lat="-39.3813983258" lon="-72.6285614166"><ele>114.40</ele><time>2024-09-16T02:07:01Z</time></trkpt><trkpt lat="-39.3814184424" lon="-72.6286318246"><ele>114.55</ele><time>2024-09-16T02:07:02Z</time></trkpt><trkpt lat="-39.3814391457" lon="-72.6286994666"><ele>114.76</ele><time>2024-09-16T02:07:03Z</time></trkpt><trkpt lat="-39.3815724179" lon="-72.6292178035"><ele>114.46</ele><time>2024-09-16T02:07:14Z</time></trkpt><trkpt lat="-39.3815752678" lon="-72.6292717829"><ele>114.07</ele><time>2024-09-16T02:07:16Z</time></trkpt><trkpt lat="-39.3815653771" lon="-72.6292977668"><ele>113.96</ele><time>2024-09-16T02:07:17Z</time></trkpt><trkpt lat="-39.3815394770" lon="-72.6293291990"><ele>114.13</ele><time>2024-09-16T02:07:18Z</time></trkpt><trkpt lat="-39.3815092184" lon="-72.6293554343"><ele>114.19</ele><time>2024-09-16T02:07:19Z</time></trkpt><trkpt lat="-39.3814673088" lon="-72.6293758862"><ele>114.13</ele><time>2024-09-16T02:07:20Z</time></trkpt><trkpt lat="-39.3814163469" lon="-72.6293922309"><ele>114.14</ele><time>2024-09-16T02:07:21Z</time></trkpt><trkpt lat="-39.3813583441" lon="-72.6294091623"><ele>114.33</ele><time>2024-09-16T02:07:22Z</time></trkpt><trkpt lat="-39.3806005362" lon="-72.6297223102"><ele>114.21</ele><time>2024-09-16T02:07:34Z</time></trkpt><trkpt lat="-39.3805177230" lon="-72.6297410857"><ele>113.35</ele><time>2024-09-16T02:07:40Z</time></trkpt><trkpt lat="-39.3805051502" lon="-72.6297279261"><ele>113.31</ele><time>2024-09-16T02:07:41Z</time></trkpt><trkpt lat="-39.3804873805" lon="-72.6297042891"><ele>113.52</ele><time>2024-09-16T02:07:42Z</time></trkpt><trkpt lat="-39.3804497458" lon="-72.6296108309"><ele>113.83</ele><time>2024-09-16T02:07:44Z</time></trkpt><trkpt lat="-39.3803366739" lon="-72.6292293705"><ele>114.04</ele><time>2024-09-16T02:07:52Z</time></trkpt><trkpt lat="-39.3802948482" lon="-72.6289762370"><ele>113.78</ele><time>2024-09-16T02:08:01Z</time></trkpt><trkpt lat="-39.3802748993" lon="-72.6289389376"><ele>113.66</ele><time>2024-09-16T02:08:18Z</time></trkpt><trkpt lat="-39.3802397791" lon="-72.6288525201"><ele>113.88</ele><time>2024-09-16T02:08:21Z</time></trkpt><trkpt lat="-39.3802294694" lon="-72.6288056653"><ele>113.95</ele><time>2024-09-16T02:08:22Z</time></trkpt><trkpt lat="-39.3802137114" lon="-72.6287468243"><ele>113.92</ele><time>2024-09-16T02:08:23Z</time></trkpt><trkpt lat="-39.3800220173" lon="-72.6279820595"><ele>114.68</ele><time>2024-09-16T02:08:32Z</time></trkpt><trkpt lat="-39.3800376076" lon="-72.6278775372"><ele>113.83</ele><time>2024-09-16T02:08:35Z</time></trkpt><trkpt lat="-39.3800625857" lon="-72.6278518047"><ele>114.11</ele><time>2024-09-16T02:08:36Z</time></trkpt><trkpt lat="-39.3800961133" lon="-72.6278298441"><ele>114.25</ele><time>2024-09-16T02:08:37Z</time></trkpt><trkpt lat="-39.3801372685" lon="-72.6278136671"><ele>114.44</ele><time>2024-09-16T02:08:38Z</time></trkpt><trkpt lat="-39.3801858835" lon="-72.6277965680"><ele>114.61</ele><time>2024-09-16T02:08:39Z</time></trkpt><trkpt lat="-39.3809507322" lon="-72.6275032852"><ele>115.05</ele><time>2024-09-16T02:08:50Z</time></trkpt><trkpt lat="-39.3810075615" lon="-72.6274731103"><ele>114.89</ele><time>2024-09-16T02:08:51Z</time></trkpt><trkpt lat="-39.3810464535" lon="-72.6274425164"><ele>114.55</ele><time>2024-09-16T02:08:52Z</time></trkpt><trkpt lat="-39.3810687494" lon="-72.6274011936"><ele>114.33</ele><time>2024-09-16T02:08:53Z</time></trkpt><trkpt lat="-39.3810736109" lon="-72.6273537520"><ele>114.12</ele><time>2024-09-16T02:08:54Z</time></trkpt><trkpt lat="-39.3810676597" lon="-72.6273004431"><ele>114.00</ele><time>2024-09-16T02:08:55Z</time></trkpt><trkpt lat="-39.3810529914" lon="-72.6272398420"><ele>114.10</ele><time>2024-09-16T02:08:56Z</time></trkpt><trkpt lat="-39.3810337130" lon="-72.6271743793"><ele>114.30</ele><time>2024-09-16T02:08:57Z</time></trkpt><trkpt lat="-39.3810147699" lon="-72.6271107607"><ele>114.37</ele><time>2024-09-16T02:08:58Z</time></trkpt><trkpt lat="-39.3810100760" lon="-72.6269314718"><ele>114.27</ele><time>2024-09-16T02:09:02Z</time></trkpt><trkpt lat="-39.3810407538" lon="-72.6269103494"><ele>114.24</ele><time>2024-09-16T02:09:03Z</time></trkpt><trkpt lat="-39.3810827471" lon="-72.6268947590"><ele>114.41</ele><time>2024-09-16T02:09:04Z</time></trkpt><trkpt lat="-39.3815931212" lon="-72.6266903244"><ele>115.16</ele><time>2024-09-16T02:09:13Z</time></trkpt><trkpt lat="-39.3816487771" lon="-72.6266801823"><ele>114.69</ele><time>2024-09-16T02:09:15Z</time></trkpt><trkpt lat="-39.3816688098" lon="-72.6266977843"><ele>114.78</ele><time>2024-09-16T02:09:16Z</time></trkpt><trkpt lat="-39.3816876691" lon="-72.6267373469"><ele>114.63</ele><time>2024-09-16T02:09:17Z</time></trkpt><trkpt lat="-39.3817045167" lon="-72.6268034801"><ele>114.69</ele><time>2024-09-16T02:09:18Z</time></trkpt><trkpt lat="-39.3817260582" lon="-72.6268789172"><ele>114.94</ele><time>2024-09-16T02:09:19Z</time></trkpt><trkpt lat="-39.3817537185" lon="-72.6270758081"><ele>114.58</ele><time>2024-09-16T02:09:23Z</time></trkpt><trkpt lat="-39.3817336019" lon="-72.6271047257"><ele>114.42</ele><time>2024-09-16T02:09:24Z</time></trkpt><trkpt lat="-39.3816948775" lon="-72.6271325536"><ele>114.50</ele><time>2024-09-16T02:09:25Z</time></trkpt><trkpt lat="-39.3816425744" lon="-72.6271574479"><ele>114.61</ele><time>2024-09-16T02:09:26Z</time></trkpt><trkpt lat="-39.3815796264" lon="-72.6271823421"><ele>114.81</ele><time>2024-09-16T02:09:27Z</time></trkpt><trkpt lat="-39.3809898756" lon="-72.6274756249"><ele>114.20</ele><time>2024-09-16T02:09:37Z</time></trkpt><trkpt lat="-39.3805006240" lon="-72.6276564226"><ele>114.36</ele><time>2024-09-16T02:09:47Z</time></trkpt><trkpt lat="-39.3804349098" lon="-72.6277113240"><ele>114.13</ele><time>2024-09-16T02:09:49Z</time></trkpt><trkpt lat="-39.3804233428" lon="-72.6277513057"><ele>114.28</ele><time>2024-09-16T02:09:50Z</time></trkpt><trkpt lat="-39.3804207444" lon="-72.6277882699"><ele>114.11</ele><time>2024-09-16T02:09:51Z</time></trkpt><trkpt lat="-39.3804251868" lon="-72.6278216299"><ele>113.99</ele><time>2024-09-16T02:09:52Z</time></trkpt><trkpt lat="-39.3804320600" lon="-72.6278547384"><ele>113.97</ele><time>2024-09-16T02:09:53Z</time></trkpt><trkpt lat="-39.3805218302" lon="-72.6281998213"><ele>114.25</ele><time>2024-09-16T02:10:00Z</time></trkpt><trkpt lat="-39.3807019573" lon="-72.6289181504"><ele>114.37</ele><time>2024-09-16T02:10:11Z</time></trkpt><trkpt lat="-39.3808333017" lon="-72.6294566877"><ele>114.63</ele><time>2024-09-16T02:10:19Z</time></trkpt><trkpt lat="-39.3808836769" lon="-72.6295832545"><ele>113.56</ele><time>2024-09-16T02:10:23Z</time></trkpt><trkpt lat="-39.3809066433" lon="-72.6295985095"><ele>113.33</ele><time>2024-09-16T02:10:24Z</time></trkpt><trkpt lat="-39.3809414282" lon="-72.6296058856"><ele>113.66</ele><time>2024-09-16T02:10:25Z</time></trkpt><trkpt lat="-39.3810454477" lon="-72.6296456996"><ele>113.74</ele><time>2024-09-16T02:10:28Z</time></trkpt><trkpt lat="-39.3810737785" lon="-72.6296853460"><ele>113.82</ele><time>2024-09-16T02:10:29Z</time></trkpt><trkpt lat="-39.3811010197" lon="-72.6297456119"><ele>113.98</ele><time>2024-09-16T02:10:30Z</time></trkpt><trkpt lat="-39.3811236508" lon="-72.6298287604"><ele>114.39</ele><time>2024-09-16T02:10:31Z</time></trkpt><trkpt lat="-39.3811504729" lon="-72.6299203746"><ele>114.62</ele><time>2024-09-16T02:10:32Z</time></trkpt><trkpt lat="-39.3813342042" lon="-72.6307200920"><ele>113.54</ele><time>2024-09-16T02:10:42Z</time></trkpt><trkpt lat="-39.3814803008" lon="-72.6313387603"><ele>114.03</ele><time>2024-09-16T02:10:50Z</time></trkpt><trkpt lat="-39.3816069514" lon="-72.6317907963"><ele>113.64</ele><time>2024-09-16T02:10:55Z</time></trkpt><trkpt lat="-39.3816159200" lon="-72.6318354718"><ele>113.17</ele><time>2024-09-16T02:10:56Z</time></trkpt><trkpt lat="-39.3816175126" lon="-72.6318734419"><ele>112.92</ele><time>2024-09-16T02:10:57Z</time></trkpt><trkpt lat="-39.3816111423" lon="-72.6319166087"><ele>112.80</ele><time>2024-09-16T02:10:58Z</time></trkpt><trkpt lat="-39.3815888464" lon="-72.6319644693"><ele>112.82</ele><time>2024-09-16T02:10:59Z</time></trkpt><trkpt lat="-39.3815507926" lon="-72.6320234779"><ele>112.92</ele><time>2024-09-16T02:11:00Z</time></trkpt><trkpt lat="-39.3813707493" lon="-72.6322751865"><ele>113.15</ele><time>2024-09-16T02:11:04Z</time></trkpt><trkpt lat="-39.3813288398" lon="-72.6322922017"><ele>112.95</ele><time>2024-09-16T02:11:05Z</time></trkpt><trkpt lat="-39.3812927976" lon="-72.6322781201"><ele>112.75</ele><time>2024-09-16T02:11:06Z</time></trkpt><trkpt lat="-39.3812601920" lon="-72.6322419941"><ele>112.67</ele><time>2024-09-16T02:11:07Z</time></trkpt><trkpt lat="-39.3812318612" lon="-72.6321739331"><ele>112.71</ele><time>2024-09-16T02:11:08Z</time></trkpt><trkpt lat="-39.3812042009" lon="-72.6320810616"><ele>113.00</ele><time>2024-09-16T02:11:09Z</time></trkpt><trkpt lat="-39.3811755348" lon="-72.6319764555"><ele>113.24</ele><time>2024-09-16T02:11:10Z</time></trkpt><trkpt lat="-39.3807398435" lon="-72.6302535553"><ele>114.58</ele><time>2024-09-16T02:11:24Z</time></trkpt><trkpt lat="-39.3806562759" lon="-72.6298571751"><ele>113.96</ele><time>2024-09-16T02:11:28Z</time></trkpt><trkpt lat="-39.3806411885" lon="-72.6298125833"><ele>113.62</ele><time>2024-09-16T02:11:29Z</time></trkpt><trkpt lat="-39.3806195632" lon="-72.6297817379"><ele>113.31</ele><time>2024-09-16T02:11:30Z</time></trkpt><trkpt lat="-39.3805873767" lon="-72.6297591906"><ele>113.20</ele><time>2024-09-16T02:11:31Z</time></trkpt><trkpt lat="-39.3805425335" lon="-72.6297442708"><ele>113.40</ele><time>2024-09-16T02:11:32Z</time></trkpt><trkpt lat="-39.3804883864" lon="-72.6297409181"><ele>113.52</ele><time>2024-09-16T02:11:33Z</time></trkpt><trkpt lat="-39.3804246839" lon="-72.6297586877"><ele>113.64</ele><time>2024-09-16T02:11:34Z</time></trkpt><trkpt lat="-39.3803570420" lon="-72.6297881920"><ele>113.70</ele><time>2024-09-16T02:11:35Z</time></trkpt><trkpt lat="-39.3802909087" lon="-72.6298210490"><ele>113.72</ele><time>2024-09-16T02:11:36Z</time></trkpt><trkpt lat="-39.3797804508" lon="-72.6300451811"><ele>113.55</ele><time>2024-09-16T02:11:44Z</time></trkpt><trkpt lat="-39.3797278963" lon="-72.6300317701"><ele>113.24</ele><time>2024-09-16T02:11:45Z</time></trkpt><trkpt lat="-39.3796848133" lon="-72.6299932972"><ele>113.14</ele><time>2024-09-16T02:11:46Z</time></trkpt><trkpt lat="-39.3796568178" lon="-72.6299326122"><ele>113.29</ele><time>2024-09-16T02:11:47Z</time></trkpt><trkpt lat="-39.3796356115" lon="-72.6298617851"><ele>113.31</ele><time>2024-09-16T02:11:48Z</time></trkpt><trkpt lat="-39.3796140701" lon="-72.6297829952"><ele>113.42</ele><time>2024-09-16T02:11:49Z</time></trkpt><trkpt lat="-39.3793285824" lon="-72.6286494266"><ele>114.27</ele><time>2024-09-16T02:12:00Z</time></trkpt><trkpt lat="-39.3792841583" lon="-72.6284445729"><ele>114.16</ele><time>2024-09-16T02:12:02Z</time></trkpt><trkpt lat="-39.3791912030" lon="-72.6281610131"><ele>113.37</ele><time>2024-09-16T02:12:08Z</time></trkpt><trkpt lat="-39.3791742716" lon="-72.6281669643"><ele>113.45</ele><time>2024-09-16T02:12:09Z</time></trkpt><trkpt lat="-39.3788359780" lon="-72.6283437386"><ele>113.56</ele><time>2024-09-16T02:12:21Z</time></trkpt><trkpt lat="-39.3783534318" lon="-72.6285801083"><ele>114.02</ele><time>2024-09-16T02:12:34Z</time></trkpt><trkpt lat="-39.3780445587" lon="-72.6286945213"><ele>114.40</ele><time>2024-09-16T02:12:44Z</time></trkpt><trkpt lat="-39.3780191615" lon="-72.6286796015"><ele>114.51</ele><time>2024-09-16T02:12:46Z</time></trkpt><trkpt lat="-39.3780066725" lon="-72.6286476664"><ele>114.61</ele><time>2024-09-16T02:12:47Z</time></trkpt><trkpt lat="-39.3779992964" lon="-72.6286096964"><ele>114.63</ele><time>2024-09-16T02:12:48Z</time></trkpt><trkpt lat="-39.3779992126" lon="-72.6285539567"><ele>114.64</ele><time>2024-09-16T02:12:49Z</time></trkpt><trkpt lat="-39.3780026492" lon="-72.6284722332"><ele>114.78</ele><time>2024-09-16T02:12:50Z</time></trkpt><trkpt lat="-39.3779775035" lon="-72.6273784786"><ele>115.57</ele><time>2024-09-16T02:13:00Z</time></trkpt><trkpt lat="-39.3780179042" lon="-72.6260472648"><ele>116.44</ele><time>2024-09-16T02:13:12Z</time></trkpt><trkpt lat="-39.3780413736" lon="-72.6259285770"><ele>116.58</ele><time>2024-09-16T02:13:13Z</time></trkpt><trkpt lat="-39.3780723028" lon="-72.6258134935"><ele>116.62</ele><time>2024-09-16T02:13:14Z</time></trkpt><trkpt lat="-39.3781111110" lon="-72.6257039420"><ele>116.73</ele><time>2024-09-16T02:13:15Z</time></trkpt><trkpt lat="-39.3781621568" lon="-72.6255945582"><ele>116.88</ele><time>2024-09-16T02:13:16Z</time></trkpt><trkpt lat="-39.3782158848" lon="-72.6254957356"><ele>116.93</ele><time>2024-09-16T02:13:17Z</time></trkpt><trkpt lat="-39.3782781623" lon="-72.6253967453"><ele>116.89</ele><time>2024-09-16T02:13:18Z</time></trkpt><trkpt lat="-39.3794021755" lon="-72.6239153277"><ele>116.76</ele><time>2024-09-16T02:13:34Z</time></trkpt><trkpt lat="-39.3804990314" lon="-72.6223609038"><ele>117.17</ele><time>2024-09-16T02:13:51Z</time></trkpt><trkpt lat="-39.3813204579" lon="-72.6211943943"><ele>119.26</ele><time>2024-09-16T02:14:04Z</time></trkpt><trkpt lat="-39.3822839577" lon="-72.6198563073"><ele>119.18</ele><time>2024-09-16T02:14:19Z</time></trkpt><trkpt lat="-39.3832560070" lon="-72.6185447071"><ele>120.45</ele><time>2024-09-16T02:14:34Z</time></trkpt><trkpt lat="-39.3841254618" lon="-72.6173855737"><ele>120.75</ele><time>2024-09-16T02:14:47Z</time></trkpt><trkpt lat="-39.3847747240" lon="-72.6165353972"><ele>119.84</ele><time>2024-09-16T02:14:58Z</time></trkpt><trkpt lat="-39.3848542683" lon="-72.6164518297"><ele>119.17</ele><time>2024-09-16T02:15:01Z</time></trkpt><trkpt lat="-39.3848611414" lon="-72.6164272707"><ele>119.11</ele><time>2024-09-16T02:15:02Z</time></trkpt><trkpt lat="-39.3848588783" lon="-72.6164462976"><ele>118.85</ele><time>2024-09-16T02:15:06Z</time></trkpt><trkpt lat="-39.3848643266" lon="-72.6164897997"><ele>118.71</ele><time>2024-09-16T02:15:20Z</time></trkpt><trkpt lat="-39.3847495783" lon="-72.6165015344"><ele>118.93</ele><time>2024-09-16T02:15:25Z</time></trkpt><trkpt lat="-39.3846551143" lon="-72.6165919751"><ele>119.53</ele><time>2024-09-16T02:15:27Z</time></trkpt><trkpt lat="-39.3840451632" lon="-72.6174282376"><ele>120.28</ele><time>2024-09-16T02:15:37Z</time></trkpt><trkpt lat="-39.3830922246" lon="-72.6186452899"><ele>119.92</ele><time>2024-09-16T02:15:51Z</time></trkpt><trkpt lat="-39.3821232766" lon="-72.6198951155"><ele>119.28</ele><time>2024-09-16T02:16:05Z</time></trkpt><trkpt lat="-39.3812719267" lon="-72.6210846752"><ele>119.88</ele><time>2024-09-16T02:16:18Z</time></trkpt><trkpt lat="-39.3804225046" lon="-72.6222499274"><ele>116.86</ele><time>2024-09-16T02:16:31Z</time></trkpt><trkpt lat="-39.3793984875" lon="-72.6237823907"><ele>116.55</ele><time>2024-09-16T02:16:47Z</time></trkpt><trkpt lat="-39.3785615545" lon="-72.6250051428"><ele>116.98</ele><time>2024-09-16T02:17:00Z</time></trkpt><trkpt lat="-39.3779940158" lon="-72.6260350272"><ele>117.30</ele><time>2024-09-16T02:17:10Z</time></trkpt><trkpt lat="-39.3779774196" lon="-72.6261544693"><ele>117.06</ele><time>2024-09-16T02:17:11Z</time></trkpt><trkpt lat="-39.3779662717" lon="-72.6262797788"><ele>116.93</ele><time>2024-09-16T02:17:12Z</time></trkpt><trkpt lat="-39.3779714685" lon="-72.6281703170"><ele>116.39</ele><time>2024-09-16T02:17:27Z</time></trkpt><trkpt lat="-39.3780320697" lon="-72.6298876014"><ele>115.71</ele><time>2024-09-16T02:17:41Z</time></trkpt><trkpt lat="-39.3780473247" lon="-72.6301942952"><ele>114.63</ele><time>2024-09-16T02:17:45Z</time></trkpt><trkpt lat="-39.3780747335" lon="-72.6302216202"><ele>114.30</ele><time>2024-09-16T02:17:46Z</time></trkpt><trkpt lat="-39.3781101890" lon="-72.6302276552"><ele>114.13</ele><time>2024-09-16T02:17:47Z</time></trkpt><trkpt lat="-39.3781487457" lon="-72.6302162558"><ele>114.18</ele><time>2024-09-16T02:17:48Z</time></trkpt><trkpt lat="-39.3781942595" lon="-72.6301971450"><ele>114.17</ele><time>2024-09-16T02:17:49Z</time></trkpt><trkpt lat="-39.3789648078" lon="-72.6298687421"><ele>114.88</ele><time>2024-09-16T02:18:00Z</time></trkpt><trkpt lat="-39.3791938853" lon="-72.6297653094"><ele>114.59</ele><time>2024-09-16T02:18:03Z</time></trkpt><trkpt lat="-39.3792680651" lon="-72.6297127549"><ele>114.53</ele><time>2024-09-16T02:18:04Z</time></trkpt><trkpt lat="-39.3796335161" lon="-72.6295602042"><ele>113.53</ele><time>2024-09-16T02:18:11Z</time></trkpt><trkpt lat="-39.3796599191" lon="-72.6295746211"><ele>113.47</ele><time>2024-09-16T02:18:12Z</time></trkpt><trkpt lat="-39.3796822987" lon="-72.6296077296"><ele>113.52</ele><time>2024-09-16T02:18:13Z</time></trkpt><trkpt lat="-39.3797017448" lon="-72.6296560094"><ele>113.55</ele><time>2024-09-16T02:18:14Z</time></trkpt><trkpt lat="-39.3797170836" lon="-72.6297175325"><ele>113.69</ele><time>2024-09-16T02:18:15Z</time></trkpt><trkpt lat="-39.3797326740" lon="-72.6297795586"><ele>113.77</ele><time>2024-09-16T02:18:16Z</time></trkpt><trkpt lat="-39.3798638508" lon="-72.6302870829"><ele>113.93</ele><time>2024-09-16T02:18:25Z</time></trkpt><trkpt lat="-39.3798907567" lon="-72.6303652860"><ele>114.29</ele><time>2024-09-16T02:18:26Z</time></trkpt><trkpt lat="-39.3799546268" lon="-72.6305554714"><ele>114.01</ele><time>2024-09-16T02:18:29Z</time></trkpt><trkpt lat="-39.3799544591" lon="-72.6306049246"><ele>113.85</ele><time>2024-09-16T02:18:30Z</time></trkpt><trkpt lat="-39.3799382821" lon="-72.6306489296"><ele>113.90</ele><time>2024-09-16T02:18:31Z</time></trkpt><trkpt lat="-39.3799056765" lon="-72.6306799427"><ele>113.86</ele><time>2024-09-16T02:18:32Z</time></trkpt><trkpt lat="-39.3798615038" lon="-72.6306982152"><ele>113.84</ele><time>2024-09-16T02:18:33Z</time></trkpt><trkpt lat="-39.3798066024" lon="-72.6307118777"><ele>113.89</ele><time>2024-09-16T02:18:34Z</time></trkpt><trkpt lat="-39.3796868250" lon="-72.6307598222"><ele>114.06</ele><time>2024-09-16T02:18:36Z</time></trkpt><trkpt lat="-39.3787753768" lon="-72.6311567891"><ele>114.93</ele><time>2024-09-16T02:18:49Z</time></trkpt><trkpt lat="-39.3782238476" lon="-72.6314147841"><ele>114.44</ele><time>2024-09-16T02:18:59Z</time></trkpt><trkpt lat="-39.3782173097" lon="-72.6314556878"><ele>114.37</ele><time>2024-09-16T02:19:00Z</time></trkpt><trkpt lat="-39.3782207463" lon="-72.6315094158"><ele>114.52</ele><time>2024-09-16T02:19:01Z</time></trkpt><trkpt lat="-39.3782349117" lon="-72.6315798238"><ele>114.79</ele><time>2024-09-16T02:19:02Z</time></trkpt><trkpt lat="-39.3782566208" lon="-72.6316587813"><ele>115.00</ele><time>2024-09-16T02:19:03Z</time></trkpt><trkpt lat="-39.3782791682" lon="-72.6317358948"><ele>115.06</ele><time>2024-09-16T02:19:04Z</time></trkpt><trkpt lat="-39.3783066608" lon="-72.6318013575"><ele>115.01</ele><time>2024-09-16T02:19:05Z</time></trkpt><trkpt lat="-39.3783432897" lon="-72.6318456139"><ele>114.76</ele><time>2024-09-16T02:19:06Z</time></trkpt><trkpt lat="-39.3783932459" lon="-72.6318653114"><ele>114.56</ele><time>2024-09-16T02:19:07Z</time></trkpt><trkpt lat="-39.3784458842" lon="-72.6318626292"><ele>114.28</ele><time>2024-09-16T02:19:08Z</time></trkpt><trkpt lat="-39.3785053957" lon="-72.6318410039"><ele>114.41</ele><time>2024-09-16T02:19:09Z</time></trkpt><trkpt lat="-39.3785759714" lon="-72.6318108290"><ele>114.62</ele><time>2024-09-16T02:19:10Z</time></trkpt><trkpt lat="-39.3795090448" lon="-72.6314293686"><ele>113.65</ele><time>2024-09-16T02:19:24Z</time></trkpt><trkpt lat="-39.3795620184" lon="-72.6314104255"><ele>113.81</ele><time>2024-09-16T02:19:25Z</time></trkpt><trkpt lat="-39.3796152435" lon="-72.6313805021"><ele>113.99</ele><time>2024-09-16T02:19:26Z</time></trkpt><trkpt lat="-39.3800562993" lon="-72.6312546898"><ele>113.90</ele><time>2024-09-16T02:19:35Z</time></trkpt><trkpt lat="-39.3800752424" lon="-72.6313036401"><ele>114.01</ele><time>2024-09-16T02:19:36Z</time></trkpt><trkpt lat="-39.3800920900" lon="-72.6313679293"><ele>114.17</ele><time>2024-09-16T02:19:37Z</time></trkpt><trkpt lat="-39.3801106978" lon="-72.6314398460"><ele>114.39</ele><time>2024-09-16T02:19:38Z</time></trkpt><trkpt lat="-39.3801315688" lon="-72.6315108407"><ele>114.54</ele><time>2024-09-16T02:19:39Z</time></trkpt><trkpt lat="-39.3801443931" lon="-72.6315773092"><ele>114.41</ele><time>2024-09-16T02:19:40Z</time></trkpt><trkpt lat="-39.3801459018" lon="-72.6316377427"><ele>114.38</ele><time>2024-09-16T02:19:41Z</time></trkpt><trkpt lat="-39.3801240250" lon="-72.6316970028"><ele>114.23</ele><time>2024-09-16T02:19:42Z</time></trkpt><trkpt lat="-39.3800897431" lon="-72.6317398343"><ele>114.11</ele><time>2024-09-16T02:19:43Z</time></trkpt><trkpt lat="-39.3800422177" lon="-72.6317709312"><ele>113.98</ele><time>2024-09-16T02:19:44Z</time></trkpt><trkpt lat="-39.3799857236" lon="-72.6317964122"><ele>113.84</ele><time>2024-09-16T02:19:45Z</time></trkpt><trkpt lat="-39.3799255416" lon="-72.6318195462"><ele>113.84</ele><time>2024-09-16T02:19:46Z</time></trkpt><trkpt lat="-39.3789453618" lon="-72.6322169323"><ele>114.49</ele><time>2024-09-16T02:19:59Z</time></trkpt><trkpt lat="-39.3785187230" lon="-72.6323752664"><ele>114.04</ele><time>2024-09-16T02:20:07Z</time></trkpt><trkpt lat="-39.3784936611" lon="-72.6323522162"><ele>113.99</ele><time>2024-09-16T02:20:08Z</time></trkpt><trkpt lat="-39.3784674257" lon="-72.6323100552"><ele>113.88</ele><time>2024-09-16T02:20:09Z</time></trkpt><trkpt lat="-39.3784397654" lon="-72.6322455984"><ele>114.16</ele><time>2024-09-16T02:20:10Z</time></trkpt><trkpt lat="-39.3784116022" lon="-72.6321673952"><ele>114.39</ele><time>2024-09-16T02:20:11Z</time></trkpt><trkpt lat="-39.3780578859" lon="-72.6311130356"><ele>115.11</ele><time>2024-09-16T02:20:22Z</time></trkpt><trkpt lat="-39.3780299742" lon="-72.6310432982"><ele>115.06</ele><time>2024-09-16T02:20:23Z</time></trkpt><trkpt lat="-39.3779997993" lon="-72.6309852954"><ele>114.89</ele><time>2024-09-16T02:20:24Z</time></trkpt><trkpt lat="-39.3779592309" lon="-72.6309456490"><ele>114.90</ele><time>2024-09-16T02:20:25Z</time></trkpt><trkpt lat="-39.3779096939" lon="-72.6309355069"><ele>114.96</ele><time>2024-09-16T02:20:26Z</time></trkpt><trkpt lat="-39.3778603245" lon="-72.6309535280"><ele>115.04</ele><time>2024-09-16T02:20:27Z</time></trkpt><trkpt lat="-39.3778014835" lon="-72.6309984550"><ele>115.20</ele><time>2024-09-16T02:20:28Z</time></trkpt><trkpt lat="-39.3777348474" lon="-72.6310573798"><ele>115.37</ele><time>2024-09-16T02:20:29Z</time></trkpt><trkpt lat="-39.3768992554" lon="-72.6318622939"><ele>115.54</ele><time>2024-09-16T02:20:40Z</time></trkpt><trkpt lat="-39.3766788952" lon="-72.6321401540"><ele>115.22</ele><time>2024-09-16T02:20:44Z</time></trkpt><trkpt lat="-39.3766544200" lon="-72.6322007552"><ele>114.36</ele><time>2024-09-16T02:20:45Z</time></trkpt><trkpt lat="-39.3766486365" lon="-72.6322550699"><ele>114.03</ele><time>2024-09-16T02:20:46Z</time></trkpt><trkpt lat="-39.3766613770" lon="-72.6323105581"><ele>113.97</ele><time>2024-09-16T02:20:47Z</time></trkpt><trkpt lat="-39.3766873609" lon="-72.6323730871"><ele>113.78</ele><time>2024-09-16T02:20:48Z</time></trkpt><trkpt lat="-39.3767239898" lon="-72.6324460097"><ele>113.52</ele><time>2024-09-16T02:20:49Z</time></trkpt><trkpt lat="-39.3767660670" lon="-72.6325337682"><ele>113.10</ele><time>2024-09-16T02:20:50Z</time></trkpt><trkpt lat="-39.3772362918" lon="-72.6333593018"><ele>112.37</ele><time>2024-09-16T02:20:59Z</time></trkpt><trkpt lat="-39.3772494514" lon="-72.6334386785"><ele>112.04</ele><time>2024-09-16T02:21:00Z</time></trkpt><trkpt lat="-39.3772279099" lon="-72.6335099246"><ele>111.99</ele><time>2024-09-16T02:21:01Z</time></trkpt><trkpt lat="-39.3771874253" lon="-72.6335718669"><ele>111.68</ele><time>2024-09-16T02:21:02Z</time></trkpt><trkpt lat="-39.3771373853" lon="-72.6336276066"><ele>111.50</ele><time>2024-09-16T02:21:03Z</time></trkpt><trkpt lat="-39.3770771194" lon="-72.6336849388"><ele>111.71</ele><time>2024-09-16T02:21:04Z</time></trkpt><trkpt lat="-39.3764607981" lon="-72.6342535671"><ele>111.27</ele><time>2024-09-16T02:21:13Z</time></trkpt><trkpt lat="-39.3757201731" lon="-72.6350154821"><ele>111.68</ele><time>2024-09-16T02:21:24Z</time></trkpt><trkpt lat="-39.3749912828" lon="-72.6357199810"><ele>113.53</ele><time>2024-09-16T02:21:36Z</time></trkpt><trkpt lat="-39.3746646401" lon="-72.6360280160"><ele>113.54</ele><time>2024-09-16T02:21:44Z</time></trkpt><trkpt lat="-39.3740637414" lon="-72.6366082951"><ele>114.62</ele><time>2024-09-16T02:21:53Z</time></trkpt><trkpt lat="-39.3737628311" lon="-72.6369019970"><ele>113.54</ele><time>2024-09-16T02:22:00Z</time></trkpt><trkpt lat="-39.3730665464" lon="-72.6375681069"><ele>113.37</ele><time>2024-09-16T02:22:12Z</time></trkpt><trkpt lat="-39.3726066314" lon="-72.6380247530"><ele>114.18</ele><time>2024-09-16T02:22:22Z</time></trkpt><trkpt lat="-39.3720619753" lon="-72.6385197043"><ele>115.01</ele><time>2024-09-16T02:22:33Z</time></trkpt><trkpt lat="-39.3720426969" lon="-72.6385669783"><ele>115.06</ele><time>2024-09-16T02:22:34Z</time></trkpt><trkpt lat="-39.3720356561" lon="-72.6386263222"><ele>115.03</ele><time>2024-09-16T02:22:35Z</time></trkpt><trkpt lat="-39.3720513303" lon="-72.6386950538"><ele>115.31</ele><time>2024-09-16T02:22:36Z</time></trkpt><trkpt lat="-39.3720864505" lon="-72.6387611032"><ele>115.36</ele><time>2024-09-16T02:22:37Z</time></trkpt><trkpt lat="-39.3721340597" lon="-72.6388363726"><ele>115.47</ele><time>2024-09-16T02:22:38Z</time></trkpt><trkpt lat="-39.3727747723" lon="-72.6398784947"><ele>115.26</ele><time>2024-09-16T02:22:50Z</time></trkpt><trkpt lat="-39.3733078614" lon="-72.6407782082"><ele>113.94</ele><time>2024-09-16T02:23:02Z</time></trkpt><trkpt lat="-39.3733786885" lon="-72.6407965645"><ele>114.06</ele><time>2024-09-16T02:23:04Z</time></trkpt><trkpt lat="-39.3734222744" lon="-72.6407719217"><ele>114.03</ele><time>2024-09-16T02:23:05Z</time></trkpt><trkpt lat="-39.3734713923" lon="-72.6407309342"><ele>114.04</ele><time>2024-09-16T02:23:06Z</time></trkpt><trkpt lat="-39.3735273834" lon="-72.6406772062"><ele>114.15</ele><time>2024-09-16T02:23:07Z</time></trkpt><trkpt lat="-39.3735847156" lon="-72.6406204607"><ele>114.13</ele><time>2024-09-16T02:23:08Z</time></trkpt><trkpt lat="-39.3745561782" lon="-72.6396754012"><ele>113.88</ele><time>2024-09-16T02:23:23Z</time></trkpt><trkpt lat="-39.3755117990" lon="-72.6387751009"><ele>114.11</ele><time>2024-09-16T02:23:37Z</time></trkpt><trkpt lat="-39.3760172278" lon="-72.6382987574"><ele>113.16</ele><time>2024-09-16T02:23:45Z</time></trkpt><trkpt lat="-39.3760488275" lon="-72.6382368151"><ele>113.08</ele><time>2024-09-16T02:23:46Z</time></trkpt><trkpt lat="-39.3760593049" lon="-72.6381670777"><ele>113.17</ele><time>2024-09-16T02:23:47Z</time></trkpt><trkpt lat="-39.3760412000" lon="-72.6380914729"><ele>113.11</ele><time>2024-09-16T02:23:48Z</time></trkpt><trkpt lat="-39.3760064989" lon="-72.6380202267"><ele>113.16</ele><time>2024-09-16T02:23:49Z</time></trkpt><trkpt lat="-39.3759650923" lon="-72.6379487291"><ele>113.03</ele><time>2024-09-16T02:23:50Z</time></trkpt><trkpt lat="-39.3753954582" lon="-72.6369989756"><ele>113.71</ele><time>2024-09-16T02:24:03Z</time></trkpt><trkpt lat="-39.3747448549" lon="-72.6359244995"><ele>114.41</ele><time>2024-09-16T02:24:16Z</time></trkpt><trkpt lat="-39.3741582055" lon="-72.6349232811"><ele>114.07</ele><time>2024-09-16T02:24:28Z</time></trkpt><trkpt lat="-39.3739845324" lon="-72.6346139051"><ele>114.60</ele><time>2024-09-16T02:24:35Z</time></trkpt><trkpt lat="-39.3733723182" lon="-72.6335698552"><ele>115.41</ele><time>2024-09-16T02:24:46Z</time></trkpt><trkpt lat="-39.3725771271" lon="-72.6322142500"><ele>115.85</ele><time>2024-09-16T02:25:00Z</time></trkpt><trkpt lat="-39.3720378354" lon="-72.6313095074"><ele>115.79</ele><time>2024-09-16T02:25:11Z</time></trkpt><trkpt lat="-39.3719996139" lon="-72.6312936656"><ele>115.68</ele><time>2024-09-16T02:25:12Z</time></trkpt><trkpt lat="-39.3719606381" lon="-72.6313079987"><ele>115.76</ele><time>2024-09-16T02:25:13Z</time></trkpt><trkpt lat="-39.3719102629" lon="-72.6313556079"><ele>115.86</ele><time>2024-09-16T02:25:14Z</time></trkpt><trkpt lat="-39.3718489073" lon="-72.6314235013"><ele>116.24</ele><time>2024-09-16T02:25:15Z</time></trkpt><trkpt lat="-39.3717864621" lon="-72.6314955857"><ele>116.33</ele><time>2024-09-16T02:25:16Z</time></trkpt><trkpt lat="-39.3712184206" lon="-72.6320632920"><ele>118.35</ele><time>2024-09-16T02:25:26Z</time></trkpt><trkpt lat="-39.3707933743" lon="-72.6324788667"><ele>119.65</ele><time>2024-09-16T02:25:33Z</time></trkpt><trkpt lat="-39.3703171983" lon="-72.6329407096"><ele>118.41</ele><time>2024-09-16T02:25:42Z</time></trkpt><trkpt lat="-39.3697670940" lon="-72.6334519219"><ele>119.25</ele><time>2024-09-16T02:25:51Z</time></trkpt><trkpt lat="-39.3693553749" lon="-72.6338219829"><ele>117.12</ele><time>2024-09-16T02:25:59Z</time></trkpt><trkpt lat="-39.3693139683" lon="-72.6338048838"><ele>117.05</ele><time>2024-09-16T02:26:00Z</time></trkpt><trkpt lat="-39.3692724779" lon="-72.6337579452"><ele>117.06</ele><time>2024-09-16T02:26:01Z</time></trkpt><trkpt lat="-39.3692289758" lon="-72.6336821727"><ele>117.24</ele><time>2024-09-16T02:26:02Z</time></trkpt><trkpt lat="-39.3688123114" lon="-72.6330271270"><ele>119.06</ele><time>2024-09-16T02:26:09Z</time></trkpt><trkpt lat="-39.3687936198" lon="-72.6330098603"><ele>117.54</ele><time>2024-09-16T02:26:14Z</time></trkpt><trkpt lat="-39.3688159995" lon="-72.6330104470"><ele>117.39</ele><time>2024-09-16T02:26:45Z</time></trkpt><trkpt lat="-39.3688127305" lon="-72.6329806913"><ele>117.34</ele><time>2024-09-16T02:26:55Z</time></trkpt><trkpt lat="-39.3687477708" lon="-72.6329029910"><ele>117.69</ele><time>2024-09-16T02:26:58Z</time></trkpt><trkpt lat="-39.3687102199" lon="-72.6328803599"><ele>117.71</ele><time>2024-09-16T02:26:59Z</time></trkpt><trkpt lat="-39.3686637003" lon="-72.6328703854"><ele>117.79</ele><time>2024-09-16T02:27:00Z</time></trkpt><trkpt lat="-39.3686113134" lon="-72.6328819524"><ele>118.20</ele><time>2024-09-16T02:27:01Z</time></trkpt><trkpt lat="-39.3685542326" lon="-72.6329155639"><ele>118.08</ele><time>2024-09-16T02:27:02Z</time></trkpt><trkpt lat="-39.3684965651" lon="-72.6329618320"><ele>118.31</ele><time>2024-09-16T02:27:03Z</time></trkpt><trkpt lat="-39.3684353773" lon="-72.6330174878"><ele>118.47</ele><time>2024-09-16T02:27:04Z</time></trkpt><trkpt lat="-39.3679287750" lon="-72.6334968489"><ele>118.19</ele><time>2024-09-16T02:27:15Z</time></trkpt><trkpt lat="-39.3676504120" lon="-72.6337541733"><ele>118.39</ele><time>2024-09-16T02:27:22Z</time></trkpt><trkpt lat="-39.3675000407" lon="-72.6339148544"><ele>118.00</ele><time>2024-09-16T02:27:25Z</time></trkpt><trkpt lat="-39.3674752302" lon="-72.6339761261"><ele>117.89</ele><time>2024-09-16T02:27:26Z</time></trkpt><trkpt lat="-39.3674676027" lon="-72.6340479590"><ele>117.76</ele><time>2024-09-16T02:27:27Z</time></trkpt><trkpt lat="-39.3674853723" lon="-72.6341223903"><ele>117.68</ele><time>2024-09-16T02:27:28Z</time></trkpt><trkpt lat="-39.3675201572" lon="-72.6341964025"><ele>117.71</ele><time>2024-09-16T02:27:29Z</time></trkpt><trkpt lat="-39.3675662577" lon="-72.6342785452"><ele>117.81</ele><time>2024-09-16T02:27:30Z</time></trkpt><trkpt lat="-39.3676179741" lon="-72.6343692373"><ele>117.99</ele><time>2024-09-16T02:27:31Z</time></trkpt><trkpt lat="-39.3682095688" lon="-72.6353743952"><ele>117.56</ele><time>2024-09-16T02:27:42Z</time></trkpt><trkpt lat="-39.3689129781" lon="-72.6365439221"><ele>117.54</ele><time>2024-09-16T02:27:55Z</time></trkpt><trkpt lat="-39.3693706300" lon="-72.6373282168"><ele>117.38</ele><time>2024-09-16T02:28:04Z</time></trkpt><trkpt lat="-39.3693861365" lon="-72.6373997983"><ele>117.24</ele><time>2024-09-16T02:28:05Z</time></trkpt><trkpt lat="-39.3693711329" lon="-72.6374624111"><ele>117.15</ele><time>2024-09-16T02:28:06Z</time></trkpt><trkpt lat="-39.3693335820" lon="-72.6375213359"><ele>117.20</ele><time>2024-09-16T02:28:07Z</time></trkpt><trkpt lat="-39.3692812789" lon="-72.6375722140"><ele>117.20</ele><time>2024-09-16T02:28:08Z</time></trkpt><trkpt lat="-39.3692182470" lon="-72.6376215834"><ele>117.31</ele><time>2024-09-16T02:28:09Z</time></trkpt><trkpt lat="-39.3683217186" lon="-72.6383980829"><ele>117.09</ele><time>2024-09-16T02:28:21Z</time></trkpt><trkpt lat="-39.3677316327" lon="-72.6389677171"><ele>116.30</ele><time>2024-09-16T02:28:30Z</time></trkpt><trkpt lat="-39.3676703610" lon="-72.6389855705"><ele>116.25</ele><time>2024-09-16T02:28:31Z</time></trkpt><trkpt lat="-39.3676082511" lon="-72.6389859058"><ele>116.25</ele><time>2024-09-16T02:28:32Z</time></trkpt><trkpt lat="-39.3675479852" lon="-72.6389628556"><ele>116.42</ele><time>2024-09-16T02:28:33Z</time></trkpt><trkpt lat="-39.3674926646" lon="-72.6389081217"><ele>116.42</ele><time>2024-09-16T02:28:34Z</time></trkpt><trkpt lat="-39.3674488273" lon="-72.6388248894"><ele>116.70</ele><time>2024-09-16T02:28:35Z</time></trkpt><trkpt lat="-39.3674062472" lon="-72.6387198642"><ele>116.86</ele><time>2024-09-16T02:28:36Z</time></trkpt><trkpt lat="-39.3673571292" lon="-72.6386207901"><ele>117.02</ele><time>2024-09-16T02:28:37Z</time></trkpt><trkpt lat="-39.3669575639" lon="-72.6379112620"><ele>116.33</ele><time>2024-09-16T02:28:47Z</time></trkpt><trkpt lat="-39.3669147324" lon="-72.6379136089"><ele>116.33</ele><time>2024-09-16T02:28:48Z</time></trkpt><trkpt lat="-39.3668617588" lon="-72.6379359886"><ele>116.25</ele><time>2024-09-16T02:28:49Z</time></trkpt><trkpt lat="-39.3668060191" lon="-72.6379796583"><ele>116.44</ele><time>2024-09-16T02:28:50Z</time></trkpt><trkpt lat="-39.3667454179" lon="-72.6380353142"><ele>116.62</ele><time>2024-09-16T02:28:51Z</time></trkpt><trkpt lat="-39.3658940680" lon="-72.6388174295"><ele>117.14</ele><time>2024-09-16T02:29:03Z</time></trkpt><trkpt lat="-39.3648743257" lon="-72.6393284742"><ele>117.28</ele><time>2024-09-16T02:29:15Z</time></trkpt><trkpt lat="-39.3644420709" lon="-72.6394740678"><ele>116.93</ele><time>2024-09-16T02:29:21Z</time></trkpt><trkpt lat="-39.3642902747" lon="-72.6395610720"><ele>116.08</ele><time>2024-09-16T02:29:26Z</time></trkpt><trkpt lat="-39.3642928731" lon="-72.6395886485"><ele>116.21</ele><time>2024-09-16T02:29:27Z</time></trkpt><trkpt lat="-39.3642896879" lon="-72.6395591442"><ele>115.84</ele><time>2024-09-16T02:29:32Z</time></trkpt><trkpt lat="-39.3642819766" lon="-72.6395458169"><ele>115.83</ele><time>2024-09-16T02:29:33Z</time></trkpt><trkpt lat="-39.3644182663" lon="-72.6395391114"><ele>116.04</ele><time>2024-09-16T02:29:40Z</time></trkpt><trkpt lat="-39.3650981225" lon="-72.6392887440"><ele>117.11</ele><time>2024-09-16T02:29:49Z</time></trkpt><trkpt lat="-39.3660713453" lon="-72.6387557387"><ele>116.65</ele><time>2024-09-16T02:30:01Z</time></trkpt><trkpt lat="-39.3661470339" lon="-72.6386903599"><ele>116.60</ele><time>2024-09-16T02:30:02Z</time></trkpt><trkpt lat="-39.3671496771" lon="-72.6377238426"><ele>117.28</ele><time>2024-09-16T02:30:16Z</time></trkpt><trkpt lat="-39.3677745480" lon="-72.6371237822"><ele>117.35</ele><time>2024-09-16T02:30:25Z</time></trkpt><trkpt lat="-39.3678120989" lon="-72.6370595768"><ele>117.18</ele><time>2024-09-16T02:30:26Z</time></trkpt><trkpt lat="-39.3678286951" lon="-72.6369881630"><ele>117.11</ele><time>2024-09-16T02:30:27Z</time></trkpt><trkpt lat="-39.3678188883" lon="-72.6369065233"><ele>117.22</ele><time>2024-09-16T02:30:28Z</time></trkpt><trkpt lat="-39.3677857798" lon="-72.6368216984"><ele>117.00</ele><time>2024-09-16T02:30:29Z</time></trkpt><trkpt lat="-39.3677396793" lon="-72.6367342751"><ele>117.00</ele><time>2024-09-16T02:30:30Z</time></trkpt><trkpt lat="-39.3676866218" lon="-72.6366432477"><ele>117.25</ele><time>2024-09-16T02:30:31Z</time></trkpt><trkpt lat="-39.3672293890" lon="-72.6358589530"><ele>117.04</ele><time>2024-09-16T02:30:42Z</time></trkpt><trkpt lat="-39.3668209389" lon="-72.6351515204"><ele>117.94</ele><time>2024-09-16T02:30:50Z</time></trkpt><trkpt lat="-39.3666109722" lon="-72.6348041743"><ele>117.34</ele><time>2024-09-16T02:30:57Z</time></trkpt><trkpt lat="-39.3663398176" lon="-72.6343683992"><ele>118.19</ele><time>2024-09-16T02:31:04Z</time></trkpt><trkpt lat="-39.3659121729" lon="-72.6336227451"><ele>117.07</ele><time>2024-09-16T02:31:14Z</time></trkpt><trkpt lat="-39.3654868752" lon="-72.6329055056"><ele>118.17</ele><time>2024-09-16T02:31:23Z</time></trkpt><trkpt lat="-39.3651921675" lon="-72.6324122306"><ele>117.75</ele><time>2024-09-16T02:31:31Z</time></trkpt><trkpt lat="-39.3647083640" lon="-72.6315725315"><ele>118.28</ele><time>2024-09-16T02:31:42Z</time></trkpt><trkpt lat="-39.3645724095" lon="-72.6313354913"><ele>117.80</ele><time>2024-09-16T02:31:50Z</time></trkpt><trkpt lat="-39.3641523086" lon="-72.6306141447"><ele>119.01</ele><time>2024-09-16T02:31:59Z</time></trkpt><trkpt lat="-39.3639690802" lon="-72.6302716602"><ele>118.45</ele><time>2024-09-16T02:32:04Z</time></trkpt><trkpt lat="-39.3639290985" lon="-72.6302103046"><ele>118.42</ele><time>2024-09-16T02:32:05Z</time></trkpt><trkpt lat="-39.3638844229" lon="-72.6301409863"><ele>118.37</ele><time>2024-09-16T02:32:06Z</time></trkpt><trkpt lat="-39.3634034693" lon="-72.6293163747"><ele>118.61</ele><time>2024-09-16T02:32:15Z</time></trkpt><trkpt lat="-39.3633719534" lon="-72.6292673405"><ele>118.19</ele><time>2024-09-16T02:32:16Z</time></trkpt><trkpt lat="-39.3633401021" lon="-72.6292384230"><ele>117.77</ele><time>2024-09-16T02:32:17Z</time></trkpt><trkpt lat="-39.3633054849" lon="-72.6292193122"><ele>117.76</ele><time>2024-09-16T02:32:18Z</time></trkpt><trkpt lat="-39.3632655032" lon="-72.6292195637"><ele>117.73</ele><time>2024-09-16T02:32:19Z</time></trkpt><trkpt lat="-39.3632173073" lon="-72.6292452123"><ele>117.77</ele><time>2024-09-16T02:32:20Z</time></trkpt><trkpt lat="-39.3631642498" lon="-72.6292888820"><ele>117.88</ele><time>2024-09-16T02:32:21Z</time></trkpt><trkpt lat="-39.3631095998" lon="-72.6293408498"><ele>118.02</ele><time>2024-09-16T02:32:22Z</time></trkpt><trkpt lat="-39.3625103775" lon="-72.6299537346"><ele>117.79</ele><time>2024-09-16T02:32:33Z</time></trkpt><trkpt lat="-39.3624796160" lon="-72.6299996674"><ele>117.52</ele><time>2024-09-16T02:32:34Z</time></trkpt><trkpt lat="-39.3624636065" lon="-72.6300530601"><ele>117.37</ele><time>2024-09-16T02:32:35Z</time></trkpt><trkpt lat="-39.3624705635" lon="-72.6301158406"><ele>117.16</ele><time>2024-09-16T02:32:36Z</time></trkpt><trkpt lat="-39.3624927755" lon="-72.6301828120"><ele>117.48</ele><time>2024-09-16T02:32:37Z</time></trkpt><trkpt lat="-39.3625299912" lon="-72.6302540582"><ele>117.81</ele><time>2024-09-16T02:32:38Z</time></trkpt><trkpt lat="-39.3625749182" lon="-72.6303257234"><ele>117.96</ele><time>2024-09-16T02:32:39Z</time></trkpt><trkpt lat="-39.3626222759" lon="-72.6303972211"><ele>117.97</ele><time>2024-09-16T02:32:40Z</time></trkpt><trkpt lat="-39.3630811013" lon="-72.6311647519"><ele>117.22</ele><time>2024-09-16T02:32:51Z</time></trkpt><trkpt lat="-39.3634539284" lon="-72.6318105776"><ele>117.91</ele><time>2024-09-16T02:33:00Z</time></trkpt><trkpt lat="-39.3637690041" lon="-72.6323729195"><ele>116.83</ele><time>2024-09-16T02:33:09Z</time></trkpt><trkpt lat="-39.3641777057" lon="-72.6330831181"><ele>117.94</ele><time>2024-09-16T02:33:18Z</time></trkpt><trkpt lat="-39.3644465972" lon="-72.6335456315"><ele>116.60</ele><time>2024-09-16T02:33:26Z</time></trkpt><trkpt lat="-39.3648955319" lon="-72.6342789643"><ele>117.65</ele><time>2024-09-16T02:33:35Z</time></trkpt><trkpt lat="-39.3651293870" lon="-72.6347007416"><ele>116.77</ele><time>2024-09-16T02:33:42Z</time></trkpt><trkpt lat="-39.3656130228" lon="-72.6355122775"><ele>117.62</ele><time>2024-09-16T02:33:52Z</time></trkpt><trkpt lat="-39.3656499032" lon="-72.6356774848"><ele>116.80</ele><time>2024-09-16T02:33:56Z</time></trkpt><trkpt lat="-39.3656198960" lon="-72.6357264351"><ele>117.02</ele><time>2024-09-16T02:33:57Z</time></trkpt><trkpt lat="-39.3655693531" lon="-72.6357775647"><ele>117.23</ele><time>2024-09-16T02:33:58Z</time></trkpt><trkpt lat="-39.3648542929" lon="-72.6364291739"><ele>116.85</ele><time>2024-09-16T02:34:09Z</time></trkpt><trkpt lat="-39.3648120482" lon="-72.6364322752"><ele>116.69</ele><time>2024-09-16T02:34:10Z</time></trkpt><trkpt lat="-39.3647732399" lon="-72.6364222169"><ele>116.58</ele><time>2024-09-16T02:34:11Z</time></trkpt><trkpt lat="-39.3647407182" lon="-72.6363951433"><ele>116.58</ele><time>2024-09-16T02:34:12Z</time></trkpt><trkpt lat="-39.3647080287" lon="-72.6363533176"><ele>116.45</ele><time>2024-09-16T02:34:13Z</time></trkpt><trkpt lat="-39.3646688014" lon="-72.6363010984"><ele>116.61</ele><time>2024-09-16T02:34:14Z</time></trkpt><trkpt lat="-39.3642684817" lon="-72.6355581265"><ele>116.81</ele><time>2024-09-16T02:34:23Z</time></trkpt><trkpt lat="-39.3639566749" lon="-72.6350081898"><ele>116.82</ele><time>2024-09-16T02:34:31Z</time></trkpt><trkpt lat="-39.3635488115" lon="-72.6343118213"><ele>116.67</ele><time>2024-09-16T02:34:40Z</time></trkpt><trkpt lat="-39.3634791579" lon="-72.6342274994"><ele>116.60</ele><time>2024-09-16T02:34:42Z</time></trkpt><trkpt lat="-39.3634425290" lon="-72.6341728494"><ele>116.55</ele><time>2024-09-16T02:34:43Z</time></trkpt><trkpt lat="-39.3630013894" lon="-72.6334189810"><ele>116.84</ele><time>2024-09-16T02:34:52Z</time></trkpt><trkpt lat="-39.3629250303" lon="-72.6332774945"><ele>116.58</ele><time>2024-09-16T02:34:54Z</time></trkpt><trkpt lat="-39.3628138863" lon="-72.6330371015"><ele>116.12</ele><time>2024-09-16T02:35:00Z</time></trkpt><trkpt lat="-39.3627735693" lon="-72.6329622511"><ele>116.60</ele><time>2024-09-16T02:35:01Z</time></trkpt><trkpt lat="-39.3622944597" lon="-72.6320983283"><ele>117.42</ele><time>2024-09-16T02:35:11Z</time></trkpt><trkpt lat="-39.3617584370" lon="-72.6311725471"><ele>117.87</ele><time>2024-09-16T02:35:23Z</time></trkpt><trkpt lat="-39.3616385758" lon="-72.6309702918"><ele>117.42</ele><time>2024-09-16T02:35:26Z</time></trkpt><trkpt lat="-39.3616071437" lon="-72.6309385244"><ele>117.18</ele><time>2024-09-16T02:35:27Z</time></trkpt><trkpt lat="-39.3615778908" lon="-72.6309209224"><ele>116.82</ele><time>2024-09-16T02:35:28Z</time></trkpt><trkpt lat="-39.3615404237" lon="-72.6309153065"><ele>116.75</ele><time>2024-09-16T02:35:29Z</time></trkpt><trkpt lat="-39.3614918925" lon="-72.6309298072"><ele>116.82</ele><time>2024-09-16T02:35:30Z</time></trkpt><trkpt lat="-39.3614426069" lon="-72.6309654303"><ele>116.85</ele><time>2024-09-16T02:35:31Z</time></trkpt><trkpt lat="-39.3613790721" lon="-72.6310230978"><ele>117.12</ele><time>2024-09-16T02:35:32Z</time></trkpt><trkpt lat="-39.3613144476" lon="-72.6310879737"><ele>117.34</ele><time>2024-09-16T02:35:33Z</time></trkpt><trkpt lat="-39.3607649300" lon="-72.6316627208"><ele>117.28</ele><time>2024-09-16T02:35:42Z</time></trkpt><trkpt lat="-39.3607380241" lon="-72.6317228191"><ele>116.92</ele><time>2024-09-16T02:35:43Z</time></trkpt><trkpt lat="-39.3607303966" lon="-72.6317878626"><ele>116.81</ele><time>2024-09-16T02:35:44Z</time></trkpt><trkpt lat="-39.3607468251" lon="-72.6318581868"><ele>116.62</ele><time>2024-09-16T02:35:45Z</time></trkpt><trkpt lat="-39.3607779220" lon="-72.6319277566"><ele>116.81</ele><time>2024-09-16T02:35:46Z</time></trkpt><trkpt lat="-39.3608209211" lon="-72.6320011821"><ele>116.77</ele><time>2024-09-16T02:35:47Z</time></trkpt><trkpt lat="-39.3608688656" lon="-72.6320775412"><ele>116.99</ele><time>2024-09-16T02:35:48Z</time></trkpt><trkpt lat="-39.3614961673" lon="-72.6331434678"><ele>116.99</ele><time>2024-09-16T02:36:00Z</time></trkpt><trkpt lat="-39.3620674778" lon="-72.6341115776"><ele>115.66</ele><time>2024-09-16T02:36:12Z</time></trkpt><trkpt lat="-39.3625111319" lon="-72.6348768454"><ele>116.73</ele><time>2024-09-16T02:36:21Z</time></trkpt><trkpt lat="-39.3627515249" lon="-72.6352797635"><ele>116.14</ele><time>2024-09-16T02:36:28Z</time></trkpt><trkpt lat="-39.3632671796" lon="-72.6361581031"><ele>116.81</ele><time>2024-09-16T02:36:38Z</time></trkpt><trkpt lat="-39.3638503086" lon="-72.6371652726"><ele>117.12</ele><time>2024-09-16T02:36:49Z</time></trkpt><trkpt lat="-39.3638939783" lon="-72.6373330783"><ele>116.32</ele><time>2024-09-16T02:36:54Z</time></trkpt><trkpt lat="-39.3638757896" lon="-72.6373656001"><ele>116.36</ele><time>2024-09-16T02:36:55Z</time></trkpt><trkpt lat="-39.3638448603" lon="-72.6374008879"><ele>116.38</ele><time>2024-09-16T02:36:56Z</time></trkpt><trkpt lat="-39.3638028670" lon="-72.6374361757"><ele>116.51</ele><time>2024-09-16T02:36:57Z</time></trkpt><trkpt lat="-39.3637521565" lon="-72.6374776661"><ele>116.53</ele><time>2024-09-16T02:36:58Z</time></trkpt><trkpt lat="-39.3631474860" lon="-72.6380414329"><ele>117.01</ele><time>2024-09-16T02:37:08Z</time></trkpt><trkpt lat="-39.3630892318" lon="-72.6380617172"><ele>116.86</ele><time>2024-09-16T02:37:09Z</time></trkpt><trkpt lat="-39.3630309775" lon="-72.6380506530"><ele>116.70</ele><time>2024-09-16T02:37:10Z</time></trkpt><trkpt lat="-39.3629778363" lon="-72.6380159520"><ele>116.59</ele><time>2024-09-16T02:37:11Z</time></trkpt><trkpt lat="-39.3629303109" lon="-72.6379571110"><ele>116.51</ele><time>2024-09-16T02:37:12Z</time></trkpt><trkpt lat="-39.3628853001" lon="-72.6378775667"><ele>116.58</ele><time>2024-09-16T02:37:13Z</time></trkpt><trkpt lat="-39.3628360145" lon="-72.6377896406"><ele>116.73</ele><time>2024-09-16T02:37:14Z</time></trkpt><trkpt lat="-39.3620787095" lon="-72.6363956463"><ele>116.95</ele><time>2024-09-16T02:37:28Z</time></trkpt><trkpt lat="-39.3613443710" lon="-72.6351195853"><ele>117.17</ele><time>2024-09-16T02:37:42Z</time></trkpt><trkpt lat="-39.3611934967" lon="-72.6347684674"><ele>115.73</ele><time>2024-09-16T02:37:48Z</time></trkpt><trkpt lat="-39.3612205703" lon="-72.6347236242"><ele>115.77</ele><time>2024-09-16T02:37:49Z</time></trkpt><trkpt lat="-39.3612639047" lon="-72.6346787810"><ele>115.78</ele><time>2024-09-16T02:37:50Z</time></trkpt><trkpt lat="-39.3618999235" lon="-72.6340961549"><ele>116.61</ele><time>2024-09-16T02:37:59Z</time></trkpt><trkpt lat="-39.3627107050" lon="-72.6333189849"><ele>115.80</ele><time>2024-09-16T02:38:12Z</time></trkpt><trkpt lat="-39.3631589692" lon="-72.6329067629"><ele>116.91</ele><time>2024-09-16T02:38:20Z</time></trkpt><trkpt lat="-39.3636287749" lon="-72.6324524637"><ele>116.96</ele><time>2024-09-16T02:38:29Z</time></trkpt><trkpt lat="-39.3641407415" lon="-72.6319492143"><ele>118.55</ele><time>2024-09-16T02:38:37Z</time></trkpt><trkpt lat="-39.3651823606" lon="-72.6309449784"><ele>119.25</ele><time>2024-09-16T02:38:51Z</time></trkpt><trkpt lat="-39.3652308080" lon="-72.6309032366"><ele>119.06</ele><time>2024-09-16T02:38:52Z</time></trkpt><trkpt lat="-39.3652811833" lon="-72.6308847126"><ele>118.77</ele><time>2024-09-16T02:38:53Z</time></trkpt><trkpt lat="-39.3653328158" lon="-72.6308919210"><ele>118.53</ele><time>2024-09-16T02:38:54Z</time></trkpt><trkpt lat="-39.3653854541" lon="-72.6309231017"><ele>118.34</ele><time>2024-09-16T02:38:55Z</time></trkpt><trkpt lat="-39.3654369190" lon="-72.6309723873"><ele>118.45</ele><time>2024-09-16T02:38:56Z</time></trkpt><trkpt lat="-39.3654926587" lon="-72.6310326532"><ele>118.58</ele><time>2024-09-16T02:38:57Z</time></trkpt><trkpt lat="-39.3662137538" lon="-72.6318576839"><ele>119.53</ele><time>2024-09-16T02:39:07Z</time></trkpt><trkpt lat="-39.3668582384" lon="-72.6329705492"><ele>118.30</ele><time>2024-09-16T02:39:18Z</time></trkpt><trkpt lat="-39.3674005475" lon="-72.6339353900"><ele>117.63</ele><time>2024-09-16T02:39:31Z</time></trkpt><trkpt lat="-39.3673948478" lon="-72.6340165269"><ele>117.56</ele><time>2024-09-16T02:39:34Z</time></trkpt><trkpt lat="-39.3673661817" lon="-72.6340539102"><ele>117.58</ele><time>2024-09-16T02:39:35Z</time></trkpt><trkpt lat="-39.3673188239" lon="-72.6341005974"><ele>117.72</ele><time>2024-09-16T02:39:36Z</time></trkpt><trkpt lat="-39.3665175140" lon="-72.6348439883"><ele>118.40</ele><time>2024-09-16T02:39:48Z</time></trkpt><trkpt lat="-39.3655560259" lon="-72.6357447077"><ele>117.66</ele><time>2024-09-16T02:40:03Z</time></trkpt><trkpt lat="-39.3644736707" lon="-72.6367691439"><ele>117.17</ele><time>2024-09-16T02:40:18Z</time></trkpt><trkpt lat="-39.3633118551" lon="-72.6378651615"><ele>117.46</ele><time>2024-09-16T02:40:34Z</time></trkpt><trkpt lat="-39.3618628755" lon="-72.6392548811"><ele>117.54</ele><time>2024-09-16T02:40:54Z</time></trkpt><trkpt lat="-39.3615609594" lon="-72.6395092718"><ele>117.33</ele><time>2024-09-16T02:40:58Z</time></trkpt><trkpt lat="-39.3614754640" lon="-72.6395532768"><ele>117.37</ele><time>2024-09-16T02:40:59Z</time></trkpt><trkpt lat="-39.3613843527" lon="-72.6395827811"><ele>117.31</ele><time>2024-09-16T02:41:00Z</time></trkpt><trkpt lat="-39.3612898048" lon="-72.6395940129"><ele>117.10</ele><time>2024-09-16T02:41:01Z</time></trkpt><trkpt lat="-39.3611931615" lon="-72.6395869721"><ele>116.96</ele><time>2024-09-16T02:41:02Z</time></trkpt><trkpt lat="-39.3610994518" lon="-72.6395661850"><ele>117.07</ele><time>2024-09-16T02:41:03Z</time></trkpt><trkpt lat="-39.3610085081" lon="-72.6395298913"><ele>116.97</ele><time>2024-09-16T02:41:04Z</time></trkpt><trkpt lat="-39.3609204981" lon="-72.6394857187"><ele>116.88</ele><time>2024-09-16T02:41:05Z</time></trkpt><trkpt lat="-39.3608389422" lon="-72.6394308172"><ele>117.03</ele><time>2024-09-16T02:41:06Z</time></trkpt><trkpt lat="-39.3607627507" lon="-72.6393720601"><ele>116.87</ele><time>2024-09-16T02:41:07Z</time></trkpt><trkpt lat="-39.3606144749" lon="-72.6392790210"><ele>116.84</ele><time>2024-09-16T02:41:09Z</time></trkpt><trkpt lat="-39.3605409656" lon="-72.6392627601"><ele>116.80</ele><time>2024-09-16T02:41:10Z</time></trkpt><trkpt lat="-39.3604677077" lon="-72.6392685436"><ele>116.72</ele><time>2024-09-16T02:41:11Z</time></trkpt><trkpt lat="-39.3603948690" lon="-72.6393109560"><ele>116.70</ele><time>2024-09-16T02:41:12Z</time></trkpt><trkpt lat="-39.3603258859" lon="-72.6393669471"><ele>116.79</ele><time>2024-09-16T02:41:13Z</time></trkpt><trkpt lat="-39.3602553941" lon="-72.6394278836"><ele>116.80</ele><time>2024-09-16T02:41:14Z</time></trkpt><trkpt lat="-39.3601800408" lon="-72.6394795999"><ele>116.80</ele><time>2024-09-16T02:41:15Z</time></trkpt><trkpt lat="-39.3600967247" lon="-72.6395073440"><ele>116.90</ele><time>2024-09-16T02:41:16Z</time></trkpt><trkpt lat="-39.3600067031" lon="-72.6395171508"><ele>116.96</ele><time>2024-09-16T02:41:17Z</time></trkpt><trkpt lat="-39.3599155080" lon="-72.6395232696"><ele>117.07</ele><time>2024-09-16T02:41:18Z</time></trkpt><trkpt lat="-39.3598259892" lon="-72.6395365968"><ele>116.97</ele><time>2024-09-16T02:41:19Z</time></trkpt><trkpt lat="-39.3597398233" lon="-72.6395633351"><ele>117.05</ele><time>2024-09-16T02:41:20Z</time></trkpt><trkpt lat="-39.3596569262" lon="-72.6396062505"><ele>116.84</ele><time>2024-09-16T02:41:21Z</time></trkpt><trkpt lat="-39.3595801480" lon="-72.6396677736"><ele>116.72</ele><time>2024-09-16T02:41:22Z</time></trkpt><trkpt lat="-39.3595074769" lon="-72.6397375111"><ele>116.74</ele><time>2024-09-16T02:41:23Z</time></trkpt><trkpt lat="-39.3593830895" lon="-72.6399072446"><ele>117.12</ele><time>2024-09-16T02:41:25Z</time></trkpt><trkpt lat="-39.3593866937" lon="-72.6400431991"><ele>117.34</ele><time>2024-09-16T02:41:26Z</time></trkpt><trkpt lat="-39.3593908008" lon="-72.6401612163"><ele>117.32</ele><time>2024-09-16T02:41:27Z</time></trkpt><trkpt lat="-39.3594067264" lon="-72.6402714383"><ele>117.44</ele><time>2024-09-16T02:41:28Z</time></trkpt><trkpt lat="-39.3594416790" lon="-72.6403785590"><ele>117.41</ele><time>2024-09-16T02:41:29Z</time></trkpt><trkpt lat="-39.3594951555" lon="-72.6404878590"><ele>117.45</ele><time>2024-09-16T02:41:30Z</time></trkpt><trkpt lat="-39.3595633004" lon="-72.6405804791"><ele>117.48</ele><time>2024-09-16T02:41:31Z</time></trkpt><trkpt lat="-39.3596400786" lon="-72.6406537369"><ele>117.35</ele><time>2024-09-16T02:41:32Z</time></trkpt><trkpt lat="-39.3597197905" lon="-72.6407128293"><ele>117.49</ele><time>2024-09-16T02:41:33Z</time></trkpt><trkpt lat="-39.3598032743" lon="-72.6407569181"><ele>117.63</ele><time>2024-09-16T02:41:34Z</time></trkpt><trkpt lat="-39.3598942179" lon="-72.6407847460"><ele>117.72</ele><time>2024-09-16T02:41:35Z</time></trkpt><trkpt lat="-39.3599880114" lon="-72.6408040244"><ele>117.82</ele><time>2024-09-16T02:41:36Z</time></trkpt><trkpt lat="-39.3609359208" lon="-72.6409507077"><ele>120.03</ele><time>2024-09-16T02:41:47Z</time></trkpt><trkpt lat="-39.3609736394" lon="-72.6409502886"><ele>119.99</ele><time>2024-09-16T02:41:48Z</time></trkpt><trkpt lat="-39.3609962706" lon="-72.6409518812"><ele>119.75</ele><time>2024-09-16T02:41:49Z</time></trkpt><trkpt lat="-39.3610130344" lon="-72.6409515459"><ele>119.70</ele><time>2024-09-16T02:41:50Z</time></trkpt><trkpt lat="-39.3610522617" lon="-72.6409645379"><ele>119.61</ele><time>2024-09-16T02:42:05Z</time></trkpt><trkpt lat="-39.3610564526" lon="-72.6409584191"><ele>119.62</ele><time>2024-09-16T02:42:35Z</time></trkpt></trkseg></trk></gpx>