<?xml version="1.0" encoding="UTF-8" standalone="no" ?><gpx xmlns="http://www.topografix.com/GPX/1/1" xmlns:gpxx="http://www.garmin.com/xmlschemas/GpxExtensions/v3" xmlns:gpxtrkx="http://www.garmin.com/xmlschemas/TrackStatsExtension/v1" xmlns:wptx1="http://www.garmin.com/xmlschemas/WaypointExtension/v1" xmlns:gpxtpx="http://www.garmin.com/xmlschemas/TrackPointExtension/v1" creator="GPSMAP 64sx" version="1.1" xmlns:xsi="http://www.w3.org/2001/XMLSchema-instance" xsi:schemaLocation="http://www.topografix.com/GPX/1/1 http://www.topografix.com/GPX/1/1/gpx.xsd http://www.garmin.com/xmlschemas/GpxExtensions/v3 http://www8.garmin.com/xmlschemas/GpxExtensionsv3.xsd http://www.garmin.com/xmlschemas/TrackStatsExtension/v1 http://www8.garmin.com/xmlschemas/TrackStatsExtension.xsd http://www.garmin.com/xmlschemas/WaypointExtension/v1 http://www8.garmin.com/xmlschemas/WaypointExtensionv1.xsd http://www.garmin.com/xmlschemas/TrackPointExtension/v1 http://www.garmin.com/xmlschemas/TrackPointExtensionv1.xsd"><metadata><link href="http://www.garmin.com"><text>Garmin International</text></link><time>2024-09-17T03:15:52Z</time></metadata><trk><name>GPS LONCO 240916</name><extensions><gpxx:TrackExtension><gpxx:DisplayColor>Cyan</gpxx:DisplayColor></gpxx:TrackExtension><gpxtrkx:TrackStatsExtension><gpxtrkx:Distance>49559.000</gpxtrkx:Distance><gpxtrkx:TotalElapsedTime>7567</gpxtrkx:TotalElapsedTime><gpxtrkx:MovingTime>7419</gpxtrkx:MovingTime><gpxtrkx:StoppedTime>145</gpxtrkx:StoppedTime><gpxtrkx:MovingSpeed>6.680</gpxtrkx:MovingSpeed><gpxtrkx:MaxSpeed>26.440</gpxtrkx:MaxSpeed><gpxtrkx:MaxElevation>152.197</gpxtrkx:MaxElevation><gpxtrkx:MinElevation>92.056</gpxtrkx:MinElevation><gpxtrkx:Ascent>220.000</gpxtrkx:Ascent><gpxtrkx:Descent>259.587</gpxtrkx:Descent><gpxtrkx:AvgAscentRate>0.057</gpxtrkx:AvgAscentRate><gpxtrkx:MaxAscentRate>1.123</gpxtrkx:MaxAscentRate><gpxtrkx:AvgDescentRate>0.078</gpxtrkx:AvgDescentRate><gpxtrkx:MaxDescentRate>-1.221</gpxtrkx:MaxDescentRate></gpxtrkx:TrackStatsExtension></extensions><trkseg><trkpt lat="-39.3542021513" lon="-72.5775167160"><ele>142.91</ele><time>2024-09-17T01:09:45Z</time></trkpt><trkpt lat="-39.3542027380" lon="-72.5775157940"><ele>142.91</ele><time>2024-09-17T01:09:46Z</time></trkpt><trkpt lat="-39.3542013969" lon="-72.5775127765"><ele>149.18</ele><time>2024-09-17T01:09:49Z</time></trkpt><trkpt lat="-39.3542018160" lon="-72.5775112677"><ele>152.19</ele><time>2024-09-17T01:09:50Z</time></trkpt><trkpt lat="-39.3542009778" lon="-72.5775107648"><ele>150.61</ele><time>2024-09-17T01:09:51Z</time></trkpt><trkpt lat="-39.3542039953" lon="-72.5775055680"><ele>149.73</ele><time>2024-09-17T01:09:53Z</time></trkpt><trkpt lat="-39.3542374391" lon="-72.5774679333"><ele>149.58</ele><time>2024-09-17T01:10:02Z</time></trkpt><trkpt lat="-39.3542923406" lon="-72.5775663368"><ele>149.80</ele><time>2024-09-17T01:10:06Z</time></trkpt><trkpt lat="-39.3543226831" lon="-72.5775894709"><ele>149.77</ele><time>2024-09-17T01:10:07Z</time></trkpt><trkpt lat="-39.3543493375" lon="-72.5776180532"><ele>149.68</ele><time>2024-09-17T01:10:08Z</time></trkpt><trkpt lat="-39.3543767463" lon="-72.5776453782"><ele>149.71</ele><time>2024-09-17T01:10:09Z</time></trkpt><trkpt lat="-39.3544095196" lon="-72.5776653271"><ele>149.82</ele><time>2024-09-17T01:10:10Z</time></trkpt><trkpt lat="-39.3544433825" lon="-72.5776844379"><ele>149.72</ele><time>2024-09-17T01:10:11Z</time></trkpt><trkpt lat="-39.3544767424" lon="-72.5777039677"><ele>149.77</ele><time>2024-09-17T01:10:12Z</time></trkpt><trkpt lat="-39.3545774929" lon="-72.5777991023"><ele>149.53</ele><time>2024-09-17T01:10:15Z</time></trkpt><trkpt lat="-39.3546468113" lon="-72.5779047981"><ele>149.56</ele><time>2024-09-17T01:10:17Z</time></trkpt><trkpt lat="-39.3546873797" lon="-72.5779494736"><ele>149.21</ele><time>2024-09-17T01:10:18Z</time></trkpt><trkpt lat="-39.3547301274" lon="-72.5779895391"><ele>149.06</ele><time>2024-09-17T01:10:19Z</time></trkpt><trkpt lat="-39.3547770660" lon="-72.5780228153"><ele>149.09</ele><time>2024-09-17T01:10:20Z</time></trkpt><trkpt lat="-39.3548257649" lon="-72.5780522358"><ele>149.03</ele><time>2024-09-17T01:10:21Z</time></trkpt><trkpt lat="-39.3549209833" lon="-72.5781137589"><ele>149.09</ele><time>2024-09-17T01:10:23Z</time></trkpt><trkpt lat="-39.3549637310" lon="-72.5781565905"><ele>149.27</ele><time>2024-09-17T01:10:24Z</time></trkpt><trkpt lat="-39.3550037965" lon="-72.5782145094"><ele>149.09</ele><time>2024-09-17T01:10:25Z</time></trkpt><trkpt lat="-39.3550383300" lon="-72.5782853365"><ele>149.15</ele><time>2024-09-17T01:10:26Z</time></trkpt><trkpt lat="-39.3550695106" lon="-72.5783672277"><ele>149.12</ele><time>2024-09-17T01:10:27Z</time></trkpt><trkpt lat="-39.3551014457" lon="-72.5784604345"><ele>149.18</ele><time>2024-09-17T01:10:28Z</time></trkpt><trkpt lat="-39.3555105664" lon="-72.5795510877"><ele>149.90</ele><time>2024-09-17T01:10:36Z</time></trkpt><trkpt lat="-39.3561664503" lon="-72.5813906640"><ele>150.11</ele><time>2024-09-17T01:10:45Z</time></trkpt><trkpt lat="-39.3572394177" lon="-72.5843024533"><ele>149.46</ele><time>2024-09-17T01:10:57Z</time></trkpt><trkpt lat="-39.3585287221" lon="-72.5878355093"><ele>147.95</ele><time>2024-09-17T01:11:10Z</time></trkpt><trkpt lat="-39.3600196950" lon="-72.5919409655"><ele>144.87</ele><time>2024-09-17T01:11:25Z</time></trkpt><trkpt lat="-39.3617959041" lon="-72.5967807602"><ele>141.79</ele><time>2024-09-17T01:11:43Z</time></trkpt><trkpt lat="-39.3632282037" lon="-72.6006625034"><ele>138.73</ele><time>2024-09-17T01:11:58Z</time></trkpt><trkpt lat="-39.3639003485" lon="-72.6032574568"><ele>135.69</ele><time>2024-09-17T01:12:08Z</time></trkpt><trkpt lat="-39.3640720099" lon="-72.6048279740"><ele>132.61</ele><time>2024-09-17T01:12:15Z</time></trkpt><trkpt lat="-39.3641254865" lon="-72.6060415898"><ele>129.88</ele><time>2024-09-17T01:12:23Z</time></trkpt><trkpt lat="-39.3640807271" lon="-72.6075732149"><ele>128.19</ele><time>2024-09-17T01:12:37Z</time></trkpt><trkpt lat="-39.3640129175" lon="-72.6093860529"><ele>125.10</ele><time>2024-09-17T01:12:52Z</time></trkpt><trkpt lat="-39.3639657274" lon="-72.6105557475"><ele>121.69</ele><time>2024-09-17T01:13:02Z</time></trkpt><trkpt lat="-39.3639796413" lon="-72.6107747667"><ele>120.93</ele><time>2024-09-17T01:13:04Z</time></trkpt><trkpt lat="-39.3639806472" lon="-72.6110850647"><ele>119.38</ele><time>2024-09-17T01:13:07Z</time></trkpt><trkpt lat="-39.3639624584" lon="-72.6122306194"><ele>116.35</ele><time>2024-09-17T01:13:17Z</time></trkpt><trkpt lat="-39.3638335448" lon="-72.6140220836"><ele>113.74</ele><time>2024-09-17T01:13:31Z</time></trkpt><trkpt lat="-39.3634986877" lon="-72.6156402938"><ele>113.17</ele><time>2024-09-17T01:13:45Z</time></trkpt><trkpt lat="-39.3628278002" lon="-72.6173812151"><ele>113.62</ele><time>2024-09-17T01:14:01Z</time></trkpt><trkpt lat="-39.3622383848" lon="-72.6184418611"><ele>116.71</ele><time>2024-09-17T01:14:12Z</time></trkpt><trkpt lat="-39.3617399130" lon="-72.6191938855"><ele>120.08</ele><time>2024-09-17T01:14:20Z</time></trkpt><trkpt lat="-39.3611179758" lon="-72.6199519448"><ele>123.09</ele><time>2024-09-17T01:14:29Z</time></trkpt><trkpt lat="-39.3603297416" lon="-72.6206129417"><ele>124.72</ele><time>2024-09-17T01:14:39Z</time></trkpt><trkpt lat="-39.3601698987" lon="-72.6206535939"><ele>124.22</ele><time>2024-09-17T01:14:41Z</time></trkpt><trkpt lat="-39.3597985804" lon="-72.6207544282"><ele>122.74</ele><time>2024-09-17T01:14:46Z</time></trkpt><trkpt lat="-39.3597392365" lon="-72.6207758859"><ele>124.65</ele><time>2024-09-17T01:14:47Z</time></trkpt><trkpt lat="-39.3595027830" lon="-72.6209576055"><ele>122.60</ele><time>2024-09-17T01:14:56Z</time></trkpt><trkpt lat="-39.3594758771" lon="-72.6209803205"><ele>122.76</ele><time>2024-09-17T01:15:08Z</time></trkpt><trkpt lat="-39.3593998533" lon="-72.6210418437"><ele>122.56</ele><time>2024-09-17T01:15:11Z</time></trkpt><trkpt lat="-39.3593429402" lon="-72.6211700868"><ele>121.17</ele><time>2024-09-17T01:15:16Z</time></trkpt><trkpt lat="-39.3593497295" lon="-72.6212312747"><ele>121.17</ele><time>2024-09-17T01:15:17Z</time></trkpt><trkpt lat="-39.3593684211" lon="-72.6212926302"><ele>121.31</ele><time>2024-09-17T01:15:18Z</time></trkpt><trkpt lat="-39.3593980931" lon="-72.6213479508"><ele>121.52</ele><time>2024-09-17T01:15:19Z</time></trkpt><trkpt lat="-39.3594336323" lon="-72.6214220468"><ele>121.30</ele><time>2024-09-17T01:15:20Z</time></trkpt><trkpt lat="-39.3594719376" lon="-72.6215017587"><ele>121.14</ele><time>2024-09-17T01:15:21Z</time></trkpt><trkpt lat="-39.3595596962" lon="-72.6216610987"><ele>117.63</ele><time>2024-09-17T01:15:23Z</time></trkpt><trkpt lat="-39.3596938066" lon="-72.6219496038"><ele>114.40</ele><time>2024-09-17T01:15:26Z</time></trkpt><trkpt lat="-39.3600287475" lon="-72.6225213334"><ele>113.21</ele><time>2024-09-17T01:15:32Z</time></trkpt><trkpt lat="-39.3601036817" lon="-72.6225989498"><ele>113.03</ele><time>2024-09-17T01:15:33Z</time></trkpt><trkpt lat="-39.3601833098" lon="-72.6226647478"><ele>112.73</ele><time>2024-09-17T01:15:34Z</time></trkpt><trkpt lat="-39.3602658715" lon="-72.6227147039"><ele>112.46</ele><time>2024-09-17T01:15:35Z</time></trkpt><trkpt lat="-39.3603501096" lon="-72.6227572002"><ele>112.29</ele><time>2024-09-17T01:15:36Z</time></trkpt><trkpt lat="-39.3604376167" lon="-72.6227804180"><ele>112.08</ele><time>2024-09-17T01:15:37Z</time></trkpt><trkpt lat="-39.3605227768" lon="-72.6228008699"><ele>112.09</ele><time>2024-09-17T01:15:38Z</time></trkpt><trkpt lat="-39.3614970054" lon="-72.6231042948"><ele>114.45</ele><time>2024-09-17T01:15:50Z</time></trkpt><trkpt lat="-39.3622836471" lon="-72.6238798723"><ele>112.98</ele><time>2024-09-17T01:16:01Z</time></trkpt><trkpt lat="-39.3623595871" lon="-72.6239423174"><ele>112.69</ele><time>2024-09-17T01:16:02Z</time></trkpt><trkpt lat="-39.3625180889" lon="-72.6240481809"><ele>112.57</ele><time>2024-09-17T01:16:04Z</time></trkpt><trkpt lat="-39.3625970464" lon="-72.6240808703"><ele>112.48</ele><time>2024-09-17T01:16:05Z</time></trkpt><trkpt lat="-39.3634258490" lon="-72.6242142264"><ele>113.43</ele><time>2024-09-17T01:16:15Z</time></trkpt><trkpt lat="-39.3635017890" lon="-72.6242552139"><ele>113.60</ele><time>2024-09-17T01:16:16Z</time></trkpt><trkpt lat="-39.3635726161" lon="-72.6243017334"><ele>113.52</ele><time>2024-09-17T01:16:17Z</time></trkpt><trkpt lat="-39.3636361510" lon="-72.6243505161"><ele>113.52</ele><time>2024-09-17T01:16:18Z</time></trkpt><trkpt lat="-39.3636885379" lon="-72.6244060043"><ele>113.50</ele><time>2024-09-17T01:16:19Z</time></trkpt><trkpt lat="-39.3637353927" lon="-72.6244610734"><ele>113.38</ele><time>2024-09-17T01:16:20Z</time></trkpt><trkpt lat="-39.3637750391" lon="-72.6245101914"><ele>113.15</ele><time>2024-09-17T01:16:21Z</time></trkpt><trkpt lat="-39.3638120033" lon="-72.6245506760"><ele>112.97</ele><time>2024-09-17T01:16:22Z</time></trkpt><trkpt lat="-39.3638432678" lon="-72.6245775819"><ele>112.89</ele><time>2024-09-17T01:16:23Z</time></trkpt><trkpt lat="-39.3638766278" lon="-72.6245799288"><ele>113.00</ele><time>2024-09-17T01:16:24Z</time></trkpt><trkpt lat="-39.3639036175" lon="-72.6245666854"><ele>112.98</ele><time>2024-09-17T01:16:25Z</time></trkpt><trkpt lat="-39.3639220577" lon="-72.6245381869"><ele>113.01</ele><time>2024-09-17T01:16:26Z</time></trkpt><trkpt lat="-39.3639318645" lon="-72.6244922541"><ele>113.00</ele><time>2024-09-17T01:16:27Z</time></trkpt><trkpt lat="-39.3639455270" lon="-72.6244286355"><ele>112.78</ele><time>2024-09-17T01:16:28Z</time></trkpt><trkpt lat="-39.3639555853" lon="-72.6243601553"><ele>112.69</ele><time>2024-09-17T01:16:29Z</time></trkpt><trkpt lat="-39.3639384024" lon="-72.6239300799"><ele>110.88</ele><time>2024-09-17T01:16:35Z</time></trkpt><trkpt lat="-39.3639115803" lon="-72.6238817163"><ele>110.78</ele><time>2024-09-17T01:16:36Z</time></trkpt><trkpt lat="-39.3638835847" lon="-72.6238367893"><ele>110.88</ele><time>2024-09-17T01:16:37Z</time></trkpt><trkpt lat="-39.3638490513" lon="-72.6237988193"><ele>110.88</ele><time>2024-09-17T01:16:38Z</time></trkpt><trkpt lat="-39.3638151046" lon="-72.6237472706"><ele>110.96</ele><time>2024-09-17T01:16:39Z</time></trkpt><trkpt lat="-39.3634715304" lon="-72.6233576797"><ele>111.33</ele><time>2024-09-17T01:16:47Z</time></trkpt><trkpt lat="-39.3634344824" lon="-72.6233117469"><ele>111.36</ele><time>2024-09-17T01:16:48Z</time></trkpt><trkpt lat="-39.3634022120" lon="-72.6232581865"><ele>111.40</ele><time>2024-09-17T01:16:49Z</time></trkpt><trkpt lat="-39.3633762281" lon="-72.6231957413"><ele>111.39</ele><time>2024-09-17T01:16:50Z</time></trkpt><trkpt lat="-39.3633648288" lon="-72.6231295243"><ele>111.42</ele><time>2024-09-17T01:16:51Z</time></trkpt><trkpt lat="-39.3633564468" lon="-72.6230527461"><ele>111.50</ele><time>2024-09-17T01:16:52Z</time></trkpt><trkpt lat="-39.3633523397" lon="-72.6229675021"><ele>111.47</ele><time>2024-09-17T01:16:53Z</time></trkpt><trkpt lat="-39.3633673433" lon="-72.6222215127"><ele>111.46</ele><time>2024-09-17T01:17:03Z</time></trkpt><trkpt lat="-39.3633816764" lon="-72.6221994683"><ele>111.42</ele><time>2024-09-17T01:17:04Z</time></trkpt><trkpt lat="-39.3634033855" lon="-72.6221859735"><ele>111.45</ele><time>2024-09-17T01:17:05Z</time></trkpt><trkpt lat="-39.3634256814" lon="-72.6221865602"><ele>111.46</ele><time>2024-09-17T01:17:06Z</time></trkpt><trkpt lat="-39.3634480610" lon="-72.6222032402"><ele>111.50</ele><time>2024-09-17T01:17:07Z</time></trkpt><trkpt lat="-39.3634737097" lon="-72.6222296432"><ele>111.50</ele><time>2024-09-17T01:17:08Z</time></trkpt><trkpt lat="-39.3635028787" lon="-72.6222630031"><ele>111.53</ele><time>2024-09-17T01:17:09Z</time></trkpt><trkpt lat="-39.3636395875" lon="-72.6223621611"><ele>111.42</ele><time>2024-09-17T01:17:18Z</time></trkpt><trkpt lat="-39.3636447843" lon="-72.6222428866"><ele>111.60</ele><time>2024-09-17T01:17:21Z</time></trkpt><trkpt lat="-39.3636367377" lon="-72.6216943748"><ele>111.88</ele><time>2024-09-17T01:17:32Z</time></trkpt><trkpt lat="-39.3636147771" lon="-72.6213879324"><ele>111.98</ele><time>2024-09-17T01:17:40Z</time></trkpt><trkpt lat="-39.3635916431" lon="-72.6213558298"><ele>112.06</ele><time>2024-09-17T01:17:41Z</time></trkpt><trkpt lat="-39.3635709397" lon="-72.6213198714"><ele>112.19</ele><time>2024-09-17T01:17:42Z</time></trkpt><trkpt lat="-39.3633757252" lon="-72.6211228129"><ele>111.61</ele><time>2024-09-17T01:17:49Z</time></trkpt><trkpt lat="-39.3633613084" lon="-72.6211404987"><ele>111.60</ele><time>2024-09-17T01:17:50Z</time></trkpt><trkpt lat="-39.3633495737" lon="-72.6211703382"><ele>111.53</ele><time>2024-09-17T01:17:51Z</time></trkpt><trkpt lat="-39.3633399345" lon="-72.6212106552"><ele>111.61</ele><time>2024-09-17T01:17:52Z</time></trkpt><trkpt lat="-39.3633448798" lon="-72.6212534029"><ele>111.71</ele><time>2024-09-17T01:17:53Z</time></trkpt><trkpt lat="-39.3633468077" lon="-72.6213144232"><ele>111.75</ele><time>2024-09-17T01:17:54Z</time></trkpt><trkpt lat="-39.3633477297" lon="-72.6213723421"><ele>111.88</ele><time>2024-09-17T01:17:55Z</time></trkpt><trkpt lat="-39.3633280322" lon="-72.6215633657"><ele>111.64</ele><time>2024-09-17T01:17:59Z</time></trkpt><trkpt lat="-39.3633016292" lon="-72.6215826441"><ele>111.68</ele><time>2024-09-17T01:18:00Z</time></trkpt><trkpt lat="-39.3632735498" lon="-72.6215895172"><ele>111.77</ele><time>2024-09-17T01:18:01Z</time></trkpt><trkpt lat="-39.3632302992" lon="-72.6215942111"><ele>111.84</ele><time>2024-09-17T01:18:02Z</time></trkpt><trkpt lat="-39.3631846178" lon="-72.6215927023"><ele>111.91</ele><time>2024-09-17T01:18:03Z</time></trkpt><trkpt lat="-39.3627319112" lon="-72.6216025930"><ele>111.85</ele><time>2024-09-17T01:18:15Z</time></trkpt><trkpt lat="-39.3627198413" lon="-72.6216210332"><ele>111.94</ele><time>2024-09-17T01:18:16Z</time></trkpt><trkpt lat="-39.3627100345" lon="-72.6216492802"><ele>112.07</ele><time>2024-09-17T01:18:17Z</time></trkpt><trkpt lat="-39.3627042510" lon="-72.6216828078"><ele>112.09</ele><time>2024-09-17T01:18:18Z</time></trkpt><trkpt lat="-39.3627012335" lon="-72.6217196044"><ele>112.21</ele><time>2024-09-17T01:18:19Z</time></trkpt><trkpt lat="-39.3626974616" lon="-72.6217495278"><ele>112.29</ele><time>2024-09-17T01:18:20Z</time></trkpt><trkpt lat="-39.3626839668" lon="-72.6217735000"><ele>112.30</ele><time>2024-09-17T01:18:21Z</time></trkpt><trkpt lat="-39.3626656104" lon="-72.6217894256"><ele>112.32</ele><time>2024-09-17T01:18:22Z</time></trkpt><trkpt lat="-39.3626454100" lon="-72.6218025852"><ele>112.37</ele><time>2024-09-17T01:18:23Z</time></trkpt><trkpt lat="-39.3626138940" lon="-72.6218142360"><ele>112.32</ele><time>2024-09-17T01:18:24Z</time></trkpt><trkpt lat="-39.3625808693" lon="-72.6218225341"><ele>112.29</ele><time>2024-09-17T01:18:25Z</time></trkpt><trkpt lat="-39.3621372990" lon="-72.6218989771"><ele>112.35</ele><time>2024-09-17T01:18:38Z</time></trkpt><trkpt lat="-39.3619368877" lon="-72.6216526330"><ele>112.40</ele><time>2024-09-17T01:18:46Z</time></trkpt><trkpt lat="-39.3619505502" lon="-72.6215921156"><ele>112.36</ele><time>2024-09-17T01:18:48Z</time></trkpt><trkpt lat="-39.3619731814" lon="-72.6215715799"><ele>112.32</ele><time>2024-09-17T01:18:49Z</time></trkpt><trkpt lat="-39.3620031886" lon="-72.6215559896"><ele>112.21</ele><time>2024-09-17T01:18:50Z</time></trkpt><trkpt lat="-39.3620370515" lon="-72.6215462666"><ele>112.15</ele><time>2024-09-17T01:18:51Z</time></trkpt><trkpt lat="-39.3620772846" lon="-72.6215325203"><ele>112.21</ele><time>2024-09-17T01:18:52Z</time></trkpt><trkpt lat="-39.3624895904" lon="-72.6214621961"><ele>112.43</ele><time>2024-09-17T01:19:01Z</time></trkpt><trkpt lat="-39.3625305779" lon="-72.6214591786"><ele>112.43</ele><time>2024-09-17T01:19:02Z</time></trkpt><trkpt lat="-39.3626537081" lon="-72.6214180235"><ele>112.37</ele><time>2024-09-17T01:19:08Z</time></trkpt><trkpt lat="-39.3626643531" lon="-72.6213704143"><ele>112.49</ele><time>2024-09-17T01:19:09Z</time></trkpt><trkpt lat="-39.3626703043" lon="-72.6213058736"><ele>112.60</ele><time>2024-09-17T01:19:10Z</time></trkpt><trkpt lat="-39.3626758363" lon="-72.6212319452"><ele>112.70</ele><time>2024-09-17T01:19:11Z</time></trkpt><trkpt lat="-39.3626752496" lon="-72.6211508084"><ele>112.77</ele><time>2024-09-17T01:19:12Z</time></trkpt><trkpt lat="-39.3626730703" lon="-72.6210659835"><ele>112.83</ele><time>2024-09-17T01:19:13Z</time></trkpt><trkpt lat="-39.3626750819" lon="-72.6205699425"><ele>112.82</ele><time>2024-09-17T01:19:19Z</time></trkpt><trkpt lat="-39.3626981322" lon="-72.6205223333"><ele>112.71</ele><time>2024-09-17T01:19:20Z</time></trkpt><trkpt lat="-39.3627418019" lon="-72.6204917394"><ele>112.59</ele><time>2024-09-17T01:19:21Z</time></trkpt><trkpt lat="-39.3627947755" lon="-72.6204769872"><ele>112.52</ele><time>2024-09-17T01:19:22Z</time></trkpt><trkpt lat="-39.3628553767" lon="-72.6204780769"><ele>112.52</ele><time>2024-09-17T01:19:23Z</time></trkpt><trkpt lat="-39.3629208393" lon="-72.6204842795"><ele>112.65</ele><time>2024-09-17T01:19:24Z</time></trkpt><trkpt lat="-39.3637498096" lon="-72.6205232553"><ele>113.04</ele><time>2024-09-17T01:19:37Z</time></trkpt><trkpt lat="-39.3640979100" lon="-72.6205364149"><ele>112.75</ele><time>2024-09-17T01:19:45Z</time></trkpt><trkpt lat="-39.3641172722" lon="-72.6205068268"><ele>112.71</ele><time>2024-09-17T01:19:46Z</time></trkpt><trkpt lat="-39.3641309347" lon="-72.6204552781"><ele>112.85</ele><time>2024-09-17T01:19:47Z</time></trkpt><trkpt lat="-39.3641435914" lon="-72.6203909889"><ele>112.25</ele><time>2024-09-17T01:19:48Z</time></trkpt><trkpt lat="-39.3641508836" lon="-72.6203186531"><ele>113.52</ele><time>2024-09-17T01:19:49Z</time></trkpt><trkpt lat="-39.3641476147" lon="-72.6202449761"><ele>113.53</ele><time>2024-09-17T01:19:50Z</time></trkpt><trkpt lat="-39.3641426694" lon="-72.6201857999"><ele>113.17</ele><time>2024-09-17T01:19:51Z</time></trkpt><trkpt lat="-39.3641316891" lon="-72.6201335806"><ele>113.15</ele><time>2024-09-17T01:19:52Z</time></trkpt><trkpt lat="-39.3641094770" lon="-72.6200937666"><ele>113.13</ele><time>2024-09-17T01:19:53Z</time></trkpt><trkpt lat="-39.3640800565" lon="-72.6200697105"><ele>113.20</ele><time>2024-09-17T01:19:54Z</time></trkpt><trkpt lat="-39.3640370574" lon="-72.6200611610"><ele>113.19</ele><time>2024-09-17T01:19:55Z</time></trkpt><trkpt lat="-39.3639866821" lon="-72.6200580597"><ele>113.46</ele><time>2024-09-17T01:19:56Z</time></trkpt><trkpt lat="-39.3639270868" lon="-72.6200610772"><ele>113.62</ele><time>2024-09-17T01:19:57Z</time></trkpt><trkpt lat="-39.3631580472" lon="-72.6200420503"><ele>113.71</ele><time>2024-09-17T01:20:10Z</time></trkpt><trkpt lat="-39.3627893273" lon="-72.6199930161"><ele>112.46</ele><time>2024-09-17T01:20:20Z</time></trkpt><trkpt lat="-39.3627743237" lon="-72.6199678704"><ele>112.59</ele><time>2024-09-17T01:20:21Z</time></trkpt><trkpt lat="-39.3627667800" lon="-72.6199318282"><ele>112.64</ele><time>2024-09-17T01:20:22Z</time></trkpt><trkpt lat="-39.3627661094" lon="-72.6198754180"><ele>112.68</ele><time>2024-09-17T01:20:23Z</time></trkpt><trkpt lat="-39.3627694622" lon="-72.6198049262"><ele>112.77</ele><time>2024-09-17T01:20:24Z</time></trkpt><trkpt lat="-39.3627698813" lon="-72.6197283994"><ele>112.90</ele><time>2024-09-17T01:20:25Z</time></trkpt><trkpt lat="-39.3627789337" lon="-72.6196649484"><ele>112.83</ele><time>2024-09-17T01:20:26Z</time></trkpt><trkpt lat="-39.3627927639" lon="-72.6196075324"><ele>112.77</ele><time>2024-09-17T01:20:27Z</time></trkpt><trkpt lat="-39.3628231902" lon="-72.6195739210"><ele>112.74</ele><time>2024-09-17T01:20:28Z</time></trkpt><trkpt lat="-39.3628597353" lon="-72.6195584144"><ele>112.85</ele><time>2024-09-17T01:20:29Z</time></trkpt><trkpt lat="-39.3629078474" lon="-72.6195598394"><ele>112.70</ele><time>2024-09-17T01:20:30Z</time></trkpt><trkpt lat="-39.3629709631" lon="-72.6195606776"><ele>112.81</ele><time>2024-09-17T01:20:31Z</time></trkpt><trkpt lat="-39.3638332933" lon="-72.6196102146"><ele>113.63</ele><time>2024-09-17T01:20:43Z</time></trkpt><trkpt lat="-39.3641627021" lon="-72.6196225360"><ele>113.60</ele><time>2024-09-17T01:20:52Z</time></trkpt><trkpt lat="-39.3642029352" lon="-72.6195446681"><ele>113.72</ele><time>2024-09-17T01:20:54Z</time></trkpt><trkpt lat="-39.3642127421" lon="-72.6194786187"><ele>114.01</ele><time>2024-09-17T01:20:55Z</time></trkpt><trkpt lat="-39.3642152566" lon="-72.6194042712"><ele>113.95</ele><time>2024-09-17T01:20:56Z</time></trkpt><trkpt lat="-39.3642137479" lon="-72.6193322707"><ele>114.03</ele><time>2024-09-17T01:20:57Z</time></trkpt><trkpt lat="-39.3642098084" lon="-72.6192760281"><ele>113.97</ele><time>2024-09-17T01:20:58Z</time></trkpt><trkpt lat="-39.3641953077" lon="-72.6192277484"><ele>113.91</ele><time>2024-09-17T01:20:59Z</time></trkpt><trkpt lat="-39.3641690724" lon="-72.6191926282"><ele>113.99</ele><time>2024-09-17T01:21:00Z</time></trkpt><trkpt lat="-39.3641352933" lon="-72.6191765349"><ele>113.94</ele><time>2024-09-17T01:21:01Z</time></trkpt><trkpt lat="-39.3640936352" lon="-72.6191651355"><ele>114.13</ele><time>2024-09-17T01:21:02Z</time></trkpt><trkpt lat="-39.3640425056" lon="-72.6191587653"><ele>114.15</ele><time>2024-09-17T01:21:03Z</time></trkpt><trkpt lat="-39.3639831617" lon="-72.6191550773"><ele>114.18</ele><time>2024-09-17T01:21:04Z</time></trkpt><trkpt lat="-39.3631780799" lon="-72.6191427559"><ele>113.86</ele><time>2024-09-17T01:21:16Z</time></trkpt><trkpt lat="-39.3629165646" lon="-72.6190810651"><ele>113.10</ele><time>2024-09-17T01:21:23Z</time></trkpt><trkpt lat="-39.3629091047" lon="-72.6190573443"><ele>113.20</ele><time>2024-09-17T01:21:24Z</time></trkpt><trkpt lat="-39.3629029859" lon="-72.6190220565"><ele>113.25</ele><time>2024-09-17T01:21:25Z</time></trkpt><trkpt lat="-39.3629043270" lon="-72.6189783029"><ele>113.24</ele><time>2024-09-17T01:21:26Z</time></trkpt><trkpt lat="-39.3629134633" lon="-72.6189351361"><ele>113.27</ele><time>2024-09-17T01:21:27Z</time></trkpt><trkpt lat="-39.3629314844" lon="-72.6188824140"><ele>113.45</ele><time>2024-09-17T01:21:28Z</time></trkpt><trkpt lat="-39.3629547022" lon="-72.6188234054"><ele>113.53</ele><time>2024-09-17T01:21:29Z</time></trkpt><trkpt lat="-39.3629816920" lon="-72.6187669951"><ele>113.58</ele><time>2024-09-17T01:21:30Z</time></trkpt><trkpt lat="-39.3630088493" lon="-72.6187157817"><ele>113.66</ele><time>2024-09-17T01:21:31Z</time></trkpt><trkpt lat="-39.3630365934" lon="-72.6186779793"><ele>113.67</ele><time>2024-09-17T01:21:32Z</time></trkpt><trkpt lat="-39.3630716298" lon="-72.6186535042"><ele>113.58</ele><time>2024-09-17T01:21:33Z</time></trkpt><trkpt lat="-39.3631096836" lon="-72.6186414342"><ele>113.64</ele><time>2024-09-17T01:21:34Z</time></trkpt><trkpt lat="-39.3631502520" lon="-72.6186397579"><ele>113.48</ele><time>2024-09-17T01:21:35Z</time></trkpt><trkpt lat="-39.3631978612" lon="-72.6186389197"><ele>113.69</ele><time>2024-09-17T01:21:36Z</time></trkpt><trkpt lat="-39.3639109097" lon="-72.6186904684"><ele>114.65</ele><time>2024-09-17T01:21:47Z</time></trkpt><trkpt lat="-39.3640863430" lon="-72.6187187992"><ele>114.69</ele><time>2024-09-17T01:21:50Z</time></trkpt><trkpt lat="-39.3641206250" lon="-72.6187251695"><ele>114.59</ele><time>2024-09-17T01:21:51Z</time></trkpt><trkpt lat="-39.3641812261" lon="-72.6187229063"><ele>114.46</ele><time>2024-09-17T01:21:54Z</time></trkpt><trkpt lat="-39.3642014265" lon="-72.6186964195"><ele>114.54</ele><time>2024-09-17T01:21:55Z</time></trkpt><trkpt lat="-39.3642172683" lon="-72.6186482236"><ele>114.62</ele><time>2024-09-17T01:21:56Z</time></trkpt><trkpt lat="-39.3642288353" lon="-72.6185877901"><ele>114.81</ele><time>2024-09-17T01:21:57Z</time></trkpt><trkpt lat="-39.3642347027" lon="-72.6185183041"><ele>114.94</ele><time>2024-09-17T01:21:58Z</time></trkpt><trkpt lat="-39.3642354570" lon="-72.6184509974"><ele>115.02</ele><time>2024-09-17T01:21:59Z</time></trkpt><trkpt lat="-39.3642316852" lon="-72.6183934975"><ele>114.91</ele><time>2024-09-17T01:22:00Z</time></trkpt><trkpt lat="-39.3642225489" lon="-72.6183456369"><ele>114.95</ele><time>2024-09-17T01:22:01Z</time></trkpt><trkpt lat="-39.3642015941" lon="-72.6183035597"><ele>114.90</ele><time>2024-09-17T01:22:02Z</time></trkpt><trkpt lat="-39.3641692400" lon="-72.6182708703"><ele>114.84</ele><time>2024-09-17T01:22:03Z</time></trkpt><trkpt lat="-39.3641305156" lon="-72.6182540227"><ele>114.84</ele><time>2024-09-17T01:22:04Z</time></trkpt><trkpt lat="-39.3640808947" lon="-72.6182458084"><ele>115.07</ele><time>2024-09-17T01:22:05Z</time></trkpt><trkpt lat="-39.3640213832" lon="-72.6182413660"><ele>115.16</ele><time>2024-09-17T01:22:06Z</time></trkpt><trkpt lat="-39.3633753061" lon="-72.6181933377"><ele>114.43</ele><time>2024-09-17T01:22:16Z</time></trkpt><trkpt lat="-39.3633216619" lon="-72.6181536913"><ele>114.20</ele><time>2024-09-17T01:22:19Z</time></trkpt><trkpt lat="-39.3633101787" lon="-72.6181346644"><ele>114.17</ele><time>2024-09-17T01:22:20Z</time></trkpt><trkpt lat="-39.3633100949" lon="-72.6181008015"><ele>114.30</ele><time>2024-09-17T01:22:21Z</time></trkpt><trkpt lat="-39.3633211590" lon="-72.6180583052"><ele>114.37</ele><time>2024-09-17T01:22:22Z</time></trkpt><trkpt lat="-39.3633406889" lon="-72.6180046611"><ele>114.35</ele><time>2024-09-17T01:22:23Z</time></trkpt><trkpt lat="-39.3635495659" lon="-72.6177514438"><ele>114.71</ele><time>2024-09-17T01:22:30Z</time></trkpt><trkpt lat="-39.3641492072" lon="-72.6178059261"><ele>115.40</ele><time>2024-09-17T01:22:41Z</time></trkpt><trkpt lat="-39.3642000854" lon="-72.6177839655"><ele>115.38</ele><time>2024-09-17T01:22:44Z</time></trkpt><trkpt lat="-39.3642167654" lon="-72.6177540421"><ele>115.38</ele><time>2024-09-17T01:22:45Z</time></trkpt><trkpt lat="-39.3642275780" lon="-72.6176969614"><ele>115.85</ele><time>2024-09-17T01:22:46Z</time></trkpt><trkpt lat="-39.3642337807" lon="-72.6176257152"><ele>116.03</ele><time>2024-09-17T01:22:47Z</time></trkpt><trkpt lat="-39.3642370496" lon="-72.6175555587"><ele>115.90</ele><time>2024-09-17T01:22:48Z</time></trkpt><trkpt lat="-39.3642359599" lon="-72.6174957119"><ele>115.34</ele><time>2024-09-17T01:22:49Z</time></trkpt><trkpt lat="-39.3642277457" lon="-72.6174447499"><ele>115.20</ele><time>2024-09-17T01:22:50Z</time></trkpt><trkpt lat="-39.3642151728" lon="-72.6174036786"><ele>116.09</ele><time>2024-09-17T01:22:51Z</time></trkpt><trkpt lat="-39.3641879316" lon="-72.6173770241"><ele>115.69</ele><time>2024-09-17T01:22:52Z</time></trkpt><trkpt lat="-39.3641479500" lon="-72.6173655409"><ele>116.12</ele><time>2024-09-17T01:22:53Z</time></trkpt><trkpt lat="-39.3640964851" lon="-72.6173609309"><ele>116.27</ele><time>2024-09-17T01:22:54Z</time></trkpt><trkpt lat="-39.3640373927" lon="-72.6173606794"><ele>116.21</ele><time>2024-09-17T01:22:55Z</time></trkpt><trkpt lat="-39.3636963330" lon="-72.6173217036"><ele>115.43</ele><time>2024-09-17T01:23:03Z</time></trkpt><trkpt lat="-39.3636886217" lon="-72.6172967255"><ele>115.35</ele><time>2024-09-17T01:23:04Z</time></trkpt><trkpt lat="-39.3636821676" lon="-72.6172527205"><ele>115.42</ele><time>2024-09-17T01:23:05Z</time></trkpt><trkpt lat="-39.3636902142" lon="-72.6172039378"><ele>115.53</ele><time>2024-09-17T01:23:06Z</time></trkpt><trkpt lat="-39.3637058884" lon="-72.6171416603"><ele>115.73</ele><time>2024-09-17T01:23:07Z</time></trkpt><trkpt lat="-39.3637270946" lon="-72.6170744374"><ele>115.85</ele><time>2024-09-17T01:23:08Z</time></trkpt><trkpt lat="-39.3637522403" lon="-72.6170095615"><ele>116.12</ele><time>2024-09-17T01:23:09Z</time></trkpt><trkpt lat="-39.3637804035" lon="-72.6169466134"><ele>116.06</ele><time>2024-09-17T01:23:10Z</time></trkpt><trkpt lat="-39.3638144340" lon="-72.6169082243"><ele>116.05</ele><time>2024-09-17T01:23:11Z</time></trkpt><trkpt lat="-39.3638555054" lon="-72.6168872695"><ele>115.98</ele><time>2024-09-17T01:23:12Z</time></trkpt><trkpt lat="-39.3639012706" lon="-72.6168822404"><ele>115.93</ele><time>2024-09-17T01:23:13Z</time></trkpt><trkpt lat="-39.3639552500" lon="-72.6168841682"><ele>115.96</ele><time>2024-09-17T01:23:14Z</time></trkpt><trkpt lat="-39.3641331978" lon="-72.6169045363"><ele>116.23</ele><time>2024-09-17T01:23:17Z</time></trkpt><trkpt lat="-39.3641813938" lon="-72.6169289276"><ele>116.15</ele><time>2024-09-17T01:23:18Z</time></trkpt><trkpt lat="-39.3642180227" lon="-72.6169628743"><ele>116.34</ele><time>2024-09-17T01:23:19Z</time></trkpt><trkpt lat="-39.3642450124" lon="-72.6170083042"><ele>116.52</ele><time>2024-09-17T01:23:20Z</time></trkpt><trkpt lat="-39.3642600160" lon="-72.6170719229"><ele>116.54</ele><time>2024-09-17T01:23:21Z</time></trkpt><trkpt lat="-39.3642628659" lon="-72.6171498746"><ele>116.54</ele><time>2024-09-17T01:23:22Z</time></trkpt><trkpt lat="-39.3642621115" lon="-72.6172493678"><ele>116.52</ele><time>2024-09-17T01:23:23Z</time></trkpt><trkpt lat="-39.3642399833" lon="-72.6188222319"><ele>116.59</ele><time>2024-09-17T01:23:37Z</time></trkpt><trkpt lat="-39.3642217107" lon="-72.6204340719"><ele>116.05</ele><time>2024-09-17T01:23:52Z</time></trkpt><trkpt lat="-39.3641556613" lon="-72.6214771997"><ele>114.99</ele><time>2024-09-17T01:24:04Z</time></trkpt><trkpt lat="-39.3640938029" lon="-72.6224443037"><ele>115.40</ele><time>2024-09-17T01:24:13Z</time></trkpt><trkpt lat="-39.3640394043" lon="-72.6239304990"><ele>114.70</ele><time>2024-09-17T01:24:25Z</time></trkpt><trkpt lat="-39.3640280887" lon="-72.6244293898"><ele>115.92</ele><time>2024-09-17T01:24:33Z</time></trkpt><trkpt lat="-39.3640005123" lon="-72.6246161386"><ele>116.68</ele><time>2024-09-17T01:24:40Z</time></trkpt><trkpt lat="-39.3640210479" lon="-72.6246707048"><ele>116.59</ele><time>2024-09-17T01:24:41Z</time></trkpt><trkpt lat="-39.3640534859" lon="-72.6247291267"><ele>116.66</ele><time>2024-09-17T01:24:42Z</time></trkpt><trkpt lat="-39.3640896119" lon="-72.6247959305"><ele>116.82</ele><time>2024-09-17T01:24:43Z</time></trkpt><trkpt lat="-39.3641303480" lon="-72.6248672605"><ele>117.00</ele><time>2024-09-17T01:24:44Z</time></trkpt><trkpt lat="-39.3643369619" lon="-72.6251505688"><ele>116.62</ele><time>2024-09-17T01:24:49Z</time></trkpt><trkpt lat="-39.3643787876" lon="-72.6251720265"><ele>116.64</ele><time>2024-09-17T01:24:50Z</time></trkpt><trkpt lat="-39.3644098006" lon="-72.6251768041"><ele>116.62</ele><time>2024-09-17T01:24:51Z</time></trkpt><trkpt lat="-39.3644336890" lon="-72.6251603756"><ele>116.51</ele><time>2024-09-17T01:24:52Z</time></trkpt><trkpt lat="-39.3644504528" lon="-72.6251231600"><ele>116.32</ele><time>2024-09-17T01:24:53Z</time></trkpt><trkpt lat="-39.3644538894" lon="-72.6250773948"><ele>116.16</ele><time>2024-09-17T01:24:54Z</time></trkpt><trkpt lat="-39.3644539732" lon="-72.6250225771"><ele>115.98</ele><time>2024-09-17T01:24:55Z</time></trkpt><trkpt lat="-39.3644539732" lon="-72.6249524206"><ele>115.85</ele><time>2024-09-17T01:24:56Z</time></trkpt><trkpt lat="-39.3644455913" lon="-72.6248658355"><ele>115.73</ele><time>2024-09-17T01:24:57Z</time></trkpt><trkpt lat="-39.3644617684" lon="-72.6233377308"><ele>116.67</ele><time>2024-09-17T01:25:13Z</time></trkpt><trkpt lat="-39.3644787837" lon="-72.6224345807"><ele>116.51</ele><time>2024-09-17T01:25:24Z</time></trkpt><trkpt lat="-39.3645098805" lon="-72.6205628179"><ele>116.63</ele><time>2024-09-17T01:25:41Z</time></trkpt><trkpt lat="-39.3644996546" lon="-72.6184478961"><ele>116.75</ele><time>2024-09-17T01:26:00Z</time></trkpt><trkpt lat="-39.3645548075" lon="-72.6162293740"><ele>118.31</ele><time>2024-09-17T01:26:20Z</time></trkpt><trkpt lat="-39.3645597529" lon="-72.6148475334"><ele>121.17</ele><time>2024-09-17T01:26:32Z</time></trkpt><trkpt lat="-39.3645805400" lon="-72.6141678449"><ele>124.40</ele><time>2024-09-17T01:26:39Z</time></trkpt><trkpt lat="-39.3645966332" lon="-72.6137746498"><ele>125.22</ele><time>2024-09-17T01:26:43Z</time></trkpt><trkpt lat="-39.3646905944" lon="-72.6133762579"><ele>126.43</ele><time>2024-09-17T01:26:47Z</time></trkpt><trkpt lat="-39.3647264689" lon="-72.6126907021"><ele>130.41</ele><time>2024-09-17T01:26:54Z</time></trkpt><trkpt lat="-39.3647288997" lon="-72.6125951484"><ele>130.70</ele><time>2024-09-17T01:26:55Z</time></trkpt><trkpt lat="-39.3647345155" lon="-72.6119419467"><ele>131.37</ele><time>2024-09-17T01:27:02Z</time></trkpt><trkpt lat="-39.3648538738" lon="-72.6117344946"><ele>131.63</ele><time>2024-09-17T01:27:06Z</time></trkpt><trkpt lat="-39.3655468058" lon="-72.6113749109"><ele>134.97</ele><time>2024-09-17T01:27:16Z</time></trkpt><trkpt lat="-39.3656369112" lon="-72.6113504358"><ele>135.42</ele><time>2024-09-17T01:27:18Z</time></trkpt><trkpt lat="-39.3656727020" lon="-72.6113687083"><ele>135.53</ele><time>2024-09-17T01:27:19Z</time></trkpt><trkpt lat="-39.3656990211" lon="-72.6114034932"><ele>135.72</ele><time>2024-09-17T01:27:20Z</time></trkpt><trkpt lat="-39.3657089956" lon="-72.6114588138"><ele>135.82</ele><time>2024-09-17T01:27:21Z</time></trkpt><trkpt lat="-39.3657100853" lon="-72.6115285512"><ele>136.03</ele><time>2024-09-17T01:27:22Z</time></trkpt><trkpt lat="-39.3657050561" lon="-72.6115966123"><ele>136.02</ele><time>2024-09-17T01:27:23Z</time></trkpt><trkpt lat="-39.3656511605" lon="-72.6117877197"><ele>136.05</ele><time>2024-09-17T01:27:27Z</time></trkpt><trkpt lat="-39.3650587276" lon="-72.6121701859"><ele>132.93</ele><time>2024-09-17T01:27:37Z</time></trkpt><trkpt lat="-39.3647639360" lon="-72.6123141032"><ele>130.44</ele><time>2024-09-17T01:27:45Z</time></trkpt><trkpt lat="-39.3647472560" lon="-72.6123505645"><ele>130.46</ele><time>2024-09-17T01:27:46Z</time></trkpt><trkpt lat="-39.3647432327" lon="-72.6126851700"><ele>128.95</ele><time>2024-09-17T01:27:52Z</time></trkpt><trkpt lat="-39.3648690451" lon="-72.6127504651"><ele>130.96</ele><time>2024-09-17T01:27:56Z</time></trkpt><trkpt lat="-39.3649146426" lon="-72.6127302647"><ele>131.53</ele><time>2024-09-17T01:27:57Z</time></trkpt><trkpt lat="-39.3651359249" lon="-72.6126020215"><ele>132.72</ele><time>2024-09-17T01:28:01Z</time></trkpt><trkpt lat="-39.3656014558" lon="-72.6123544201"><ele>135.92</ele><time>2024-09-17T01:28:11Z</time></trkpt><trkpt lat="-39.3656259310" lon="-72.6123454515"><ele>135.86</ele><time>2024-09-17T01:28:12Z</time></trkpt><trkpt lat="-39.3656871188" lon="-72.6124747004"><ele>135.69</ele><time>2024-09-17T01:28:17Z</time></trkpt><trkpt lat="-39.3656624760" lon="-72.6127541531"><ele>133.82</ele><time>2024-09-17T01:28:22Z</time></trkpt><trkpt lat="-39.3650912493" lon="-72.6131064445"><ele>130.45</ele><time>2024-09-17T01:28:35Z</time></trkpt><trkpt lat="-39.3649138883" lon="-72.6131916046"><ele>129.24</ele><time>2024-09-17T01:28:38Z</time></trkpt><trkpt lat="-39.3646981381" lon="-72.6133062690"><ele>127.44</ele><time>2024-09-17T01:28:45Z</time></trkpt><trkpt lat="-39.3645917717" lon="-72.6136562135"><ele>125.66</ele><time>2024-09-17T01:28:52Z</time></trkpt><trkpt lat="-39.3648415525" lon="-72.6137083489"><ele>126.72</ele><time>2024-09-17T01:28:58Z</time></trkpt><trkpt lat="-39.3653163873" lon="-72.6134654414"><ele>130.24</ele><time>2024-09-17T01:29:05Z</time></trkpt><trkpt lat="-39.3658194691" lon="-72.6131975558"><ele>133.42</ele><time>2024-09-17T01:29:13Z</time></trkpt><trkpt lat="-39.3658754602" lon="-72.6131667942"><ele>133.53</ele><time>2024-09-17T01:29:14Z</time></trkpt><trkpt lat="-39.3660907913" lon="-72.6127343718"><ele>136.24</ele><time>2024-09-17T01:29:22Z</time></trkpt><trkpt lat="-39.3660767097" lon="-72.6118620671"><ele>135.20</ele><time>2024-09-17T01:29:35Z</time></trkpt><trkpt lat="-39.3661184516" lon="-72.6118082553"><ele>134.16</ele><time>2024-09-17T01:29:47Z</time></trkpt><trkpt lat="-39.3661584333" lon="-72.6118161343"><ele>133.83</ele><time>2024-09-17T01:29:49Z</time></trkpt><trkpt lat="-39.3661826570" lon="-72.6118376758"><ele>133.64</ele><time>2024-09-17T01:29:50Z</time></trkpt><trkpt lat="-39.3662120774" lon="-72.6118688565"><ele>133.48</ele><time>2024-09-17T01:29:51Z</time></trkpt><trkpt lat="-39.3662493769" lon="-72.6119111013"><ele>133.22</ele><time>2024-09-17T01:29:52Z</time></trkpt><trkpt lat="-39.3667185120" lon="-72.6123210602"><ele>130.10</ele><time>2024-09-17T01:30:00Z</time></trkpt><trkpt lat="-39.3671802711" lon="-72.6126176957"><ele>126.79</ele><time>2024-09-17T01:30:07Z</time></trkpt><trkpt lat="-39.3675634917" lon="-72.6128735114"><ele>123.67</ele><time>2024-09-17T01:30:14Z</time></trkpt><trkpt lat="-39.3681199662" lon="-72.6133051794"><ele>120.94</ele><time>2024-09-17T01:30:26Z</time></trkpt><trkpt lat="-39.3681250792" lon="-72.6133335102"><ele>120.74</ele><time>2024-09-17T01:30:27Z</time></trkpt><trkpt lat="-39.3681206368" lon="-72.6133616734"><ele>120.60</ele><time>2024-09-17T01:30:28Z</time></trkpt><trkpt lat="-39.3681012746" lon="-72.6133962907"><ele>120.53</ele><time>2024-09-17T01:30:29Z</time></trkpt><trkpt lat="-39.3680652324" lon="-72.6134337578"><ele>120.29</ele><time>2024-09-17T01:30:30Z</time></trkpt><trkpt lat="-39.3680146895" lon="-72.6134765893"><ele>120.26</ele><time>2024-09-17T01:30:31Z</time></trkpt><trkpt lat="-39.3679603748" lon="-72.6135180797"><ele>120.14</ele><time>2024-09-17T01:30:32Z</time></trkpt><trkpt lat="-39.3679108378" lon="-72.6135548763"><ele>119.87</ele><time>2024-09-17T01:30:33Z</time></trkpt><trkpt lat="-39.3678151164" lon="-72.6136425510"><ele>119.16</ele><time>2024-09-17T01:30:36Z</time></trkpt><trkpt lat="-39.3678025436" lon="-72.6136644278"><ele>119.06</ele><time>2024-09-17T01:30:37Z</time></trkpt><trkpt lat="-39.3678020407" lon="-72.6136899926"><ele>118.89</ele><time>2024-09-17T01:30:38Z</time></trkpt><trkpt lat="-39.3678108416" lon="-72.6137162279"><ele>118.87</ele><time>2024-09-17T01:30:39Z</time></trkpt><trkpt lat="-39.3678266834" lon="-72.6137464866"><ele>118.88</ele><time>2024-09-17T01:30:40Z</time></trkpt><trkpt lat="-39.3678480573" lon="-72.6137774158"><ele>119.03</ele><time>2024-09-17T01:30:41Z</time></trkpt><trkpt lat="-39.3678701017" lon="-72.6138164755"><ele>119.05</ele><time>2024-09-17T01:30:42Z</time></trkpt><trkpt lat="-39.3678958341" lon="-72.6138633303"><ele>119.12</ele><time>2024-09-17T01:30:43Z</time></trkpt><trkpt lat="-39.3681357242" lon="-72.6142846886"><ele>119.44</ele><time>2024-09-17T01:30:54Z</time></trkpt><trkpt lat="-39.3681385741" lon="-72.6143111754"><ele>119.52</ele><time>2024-09-17T01:30:55Z</time></trkpt><trkpt lat="-39.3681258336" lon="-72.6143424399"><ele>119.42</ele><time>2024-09-17T01:30:56Z</time></trkpt><trkpt lat="-39.3681022804" lon="-72.6143757999"><ele>119.45</ele><time>2024-09-17T01:30:57Z</time></trkpt><trkpt lat="-39.3680616282" lon="-72.6144142728"><ele>119.52</ele><time>2024-09-17T01:30:58Z</time></trkpt><trkpt lat="-39.3680120073" lon="-72.6144576073"><ele>119.41</ele><time>2024-09-17T01:30:59Z</time></trkpt><trkpt lat="-39.3678651564" lon="-72.6145556755"><ele>119.38</ele><time>2024-09-17T01:31:03Z</time></trkpt><trkpt lat="-39.3678457942" lon="-72.6145457849"><ele>119.39</ele><time>2024-09-17T01:31:04Z</time></trkpt><trkpt lat="-39.3678304553" lon="-72.6145281829"><ele>119.34</ele><time>2024-09-17T01:31:05Z</time></trkpt><trkpt lat="-39.3678146135" lon="-72.6145005226"><ele>119.22</ele><time>2024-09-17T01:31:06Z</time></trkpt><trkpt lat="-39.3677981012" lon="-72.6144700963"><ele>119.33</ele><time>2024-09-17T01:31:07Z</time></trkpt><trkpt lat="-39.3677787390" lon="-72.6144397538"><ele>119.42</ele><time>2024-09-17T01:31:08Z</time></trkpt><trkpt lat="-39.3677519169" lon="-72.6144015323"><ele>119.24</ele><time>2024-09-17T01:31:09Z</time></trkpt><trkpt lat="-39.3674843665" lon="-72.6139414497"><ele>119.16</ele><time>2024-09-17T01:31:20Z</time></trkpt><trkpt lat="-39.3674593046" lon="-72.6139214169"><ele>119.02</ele><time>2024-09-17T01:31:22Z</time></trkpt><trkpt lat="-39.3674296327" lon="-72.6139149629"><ele>119.03</ele><time>2024-09-17T01:31:23Z</time></trkpt><trkpt lat="-39.3673950154" lon="-72.6139174774"><ele>119.27</ele><time>2024-09-17T01:31:24Z</time></trkpt><trkpt lat="-39.3673578836" lon="-72.6139353309"><ele>119.36</ele><time>2024-09-17T01:31:25Z</time></trkpt><trkpt lat="-39.3673192430" lon="-72.6139636617"><ele>119.44</ele><time>2024-09-17T01:31:26Z</time></trkpt><trkpt lat="-39.3672822788" lon="-72.6139948424"><ele>119.53</ele><time>2024-09-17T01:31:27Z</time></trkpt><trkpt lat="-39.3672509305" lon="-72.6140256040"><ele>119.52</ele><time>2024-09-17T01:31:28Z</time></trkpt><trkpt lat="-39.3671236094" lon="-72.6141772326"><ele>119.70</ele><time>2024-09-17T01:31:32Z</time></trkpt><trkpt lat="-39.3670805264" lon="-72.6142151188"><ele>119.77</ele><time>2024-09-17T01:31:33Z</time></trkpt><trkpt lat="-39.3670319114" lon="-72.6142512448"><ele>119.96</ele><time>2024-09-17T01:31:34Z</time></trkpt><trkpt lat="-39.3668246269" lon="-72.6143847685"><ele>121.02</ele><time>2024-09-17T01:31:38Z</time></trkpt><trkpt lat="-39.3667864893" lon="-72.6144150272"><ele>121.15</ele><time>2024-09-17T01:31:39Z</time></trkpt><trkpt lat="-39.3667211104" lon="-72.6144856866"><ele>121.33</ele><time>2024-09-17T01:31:42Z</time></trkpt><trkpt lat="-39.3667170871" lon="-72.6145177055"><ele>121.36</ele><time>2024-09-17T01:31:43Z</time></trkpt><trkpt lat="-39.3667223677" lon="-72.6145538315"><ele>121.51</ele><time>2024-09-17T01:31:44Z</time></trkpt><trkpt lat="-39.3667346053" lon="-72.6145951543"><ele>121.54</ele><time>2024-09-17T01:31:45Z</time></trkpt><trkpt lat="-39.3667553086" lon="-72.6146429311"><ele>121.41</ele><time>2024-09-17T01:31:46Z</time></trkpt><trkpt lat="-39.3667823821" lon="-72.6146958210"><ele>121.35</ele><time>2024-09-17T01:31:47Z</time></trkpt><trkpt lat="-39.3668173347" lon="-72.6147474535"><ele>121.15</ele><time>2024-09-17T01:31:48Z</time></trkpt><trkpt lat="-39.3668550532" lon="-72.6148054563"><ele>121.10</ele><time>2024-09-17T01:31:49Z</time></trkpt><trkpt lat="-39.3668904249" lon="-72.6148663927"><ele>120.92</ele><time>2024-09-17T01:31:50Z</time></trkpt><trkpt lat="-39.3670617510" lon="-72.6152135711"><ele>119.24</ele><time>2024-09-17T01:31:59Z</time></trkpt><trkpt lat="-39.3670564704" lon="-72.6152399741"><ele>118.97</ele><time>2024-09-17T01:32:00Z</time></trkpt><trkpt lat="-39.3670434784" lon="-72.6152660418"><ele>117.72</ele><time>2024-09-17T01:32:01Z</time></trkpt><trkpt lat="-39.3670162372" lon="-72.6152999885"><ele>119.05</ele><time>2024-09-17T01:32:02Z</time></trkpt><trkpt lat="-39.3669771776" lon="-72.6153373718"><ele>118.47</ele><time>2024-09-17T01:32:03Z</time></trkpt><trkpt lat="-39.3669314962" lon="-72.6153818797"><ele>120.28</ele><time>2024-09-17T01:32:04Z</time></trkpt><trkpt lat="-39.3667490222" lon="-72.6155027468"><ele>118.95</ele><time>2024-09-17T01:32:09Z</time></trkpt><trkpt lat="-39.3667264748" lon="-72.6154864021"><ele>118.99</ele><time>2024-09-17T01:32:10Z</time></trkpt><trkpt lat="-39.3667106330" lon="-72.6154633518"><ele>119.04</ele><time>2024-09-17T01:32:11Z</time></trkpt><trkpt lat="-39.3664797954" lon="-72.6150576677"><ele>121.75</ele><time>2024-09-17T01:32:18Z</time></trkpt><trkpt lat="-39.3663564976" lon="-72.6148502994"><ele>123.10</ele><time>2024-09-17T01:32:21Z</time></trkpt><trkpt lat="-39.3661462795" lon="-72.6144594513"><ele>125.55</ele><time>2024-09-17T01:32:30Z</time></trkpt><trkpt lat="-39.3661330361" lon="-72.6144438609"><ele>125.53</ele><time>2024-09-17T01:32:31Z</time></trkpt><trkpt lat="-39.3661200441" lon="-72.6144240797"><ele>125.59</ele><time>2024-09-17T01:32:32Z</time></trkpt><trkpt lat="-39.3660786375" lon="-72.6143664122"><ele>125.69</ele><time>2024-09-17T01:32:34Z</time></trkpt><trkpt lat="-39.3660560064" lon="-72.6143247541"><ele>125.81</ele><time>2024-09-17T01:32:35Z</time></trkpt><trkpt lat="-39.3657669984" lon="-72.6138122845"><ele>128.95</ele><time>2024-09-17T01:32:43Z</time></trkpt><trkpt lat="-39.3656936567" lon="-72.6137001347"><ele>129.34</ele><time>2024-09-17T01:32:47Z</time></trkpt><trkpt lat="-39.3656654097" lon="-72.6136934292"><ele>129.32</ele><time>2024-09-17T01:32:48Z</time></trkpt><trkpt lat="-39.3656300381" lon="-72.6136985421"><ele>129.43</ele><time>2024-09-17T01:32:49Z</time></trkpt><trkpt lat="-39.3655839376" lon="-72.6137237716"><ele>129.48</ele><time>2024-09-17T01:32:50Z</time></trkpt><trkpt lat="-39.3655369990" lon="-72.6137611549"><ele>129.48</ele><time>2024-09-17T01:32:51Z</time></trkpt><trkpt lat="-39.3654939998" lon="-72.6138012204"><ele>129.42</ele><time>2024-09-17T01:32:52Z</time></trkpt><trkpt lat="-39.3654191494" lon="-72.6138820220"><ele>129.19</ele><time>2024-09-17T01:32:54Z</time></trkpt><trkpt lat="-39.3654015474" lon="-72.6139173098"><ele>128.84</ele><time>2024-09-17T01:32:55Z</time></trkpt><trkpt lat="-39.3654017989" lon="-72.6139392704"><ele>128.75</ele><time>2024-09-17T01:32:56Z</time></trkpt><trkpt lat="-39.3654034752" lon="-72.6139568724"><ele>128.74</ele><time>2024-09-17T01:32:57Z</time></trkpt><trkpt lat="-39.3654107675" lon="-72.6139799226"><ele>128.71</ele><time>2024-09-17T01:32:58Z</time></trkpt><trkpt lat="-39.3654259387" lon="-72.6140114386"><ele>128.66</ele><time>2024-09-17T01:32:59Z</time></trkpt><trkpt lat="-39.3654495757" lon="-72.6140563656"><ele>128.63</ele><time>2024-09-17T01:33:00Z</time></trkpt><trkpt lat="-39.3657728657" lon="-72.6146035362"><ele>126.13</ele><time>2024-09-17T01:33:10Z</time></trkpt><trkpt lat="-39.3660047092" lon="-72.6149716694"><ele>124.50</ele><time>2024-09-17T01:33:19Z</time></trkpt><trkpt lat="-39.3661119137" lon="-72.6151739247"><ele>122.89</ele><time>2024-09-17T01:33:22Z</time></trkpt><trkpt lat="-39.3664269894" lon="-72.6157057565"><ele>119.83</ele><time>2024-09-17T01:33:32Z</time></trkpt><trkpt lat="-39.3664471060" lon="-72.6158257853"><ele>118.82</ele><time>2024-09-17T01:33:37Z</time></trkpt><trkpt lat="-39.3664260674" lon="-72.6158617437"><ele>118.75</ele><time>2024-09-17T01:33:38Z</time></trkpt><trkpt lat="-39.3663881812" lon="-72.6159008872"><ele>118.83</ele><time>2024-09-17T01:33:39Z</time></trkpt><trkpt lat="-39.3663436733" lon="-72.6159405336"><ele>118.74</ele><time>2024-09-17T01:33:40Z</time></trkpt><trkpt lat="-39.3663001712" lon="-72.6159778330"><ele>118.85</ele><time>2024-09-17T01:33:41Z</time></trkpt><trkpt lat="-39.3661662284" lon="-72.6160218380"><ele>118.89</ele><time>2024-09-17T01:33:45Z</time></trkpt><trkpt lat="-39.3661417533" lon="-72.6159974467"><ele>119.06</ele><time>2024-09-17T01:33:46Z</time></trkpt><trkpt lat="-39.3661190383" lon="-72.6159588061"><ele>119.24</ele><time>2024-09-17T01:33:47Z</time></trkpt><trkpt lat="-39.3659557588" lon="-72.6157350093"><ele>120.30</ele><time>2024-09-17T01:33:53Z</time></trkpt><trkpt lat="-39.3659242429" lon="-72.6157425530"><ele>120.39</ele><time>2024-09-17T01:33:54Z</time></trkpt><trkpt lat="-39.3658915535" lon="-72.6157658547"><ele>120.39</ele><time>2024-09-17T01:33:55Z</time></trkpt><trkpt lat="-39.3658540864" lon="-72.6157990471"><ele>120.38</ele><time>2024-09-17T01:33:56Z</time></trkpt><trkpt lat="-39.3658186309" lon="-72.6158343349"><ele>120.39</ele><time>2024-09-17T01:33:57Z</time></trkpt><trkpt lat="-39.3656766415" lon="-72.6159976982"><ele>120.13</ele><time>2024-09-17T01:34:02Z</time></trkpt><trkpt lat="-39.3656766415" lon="-72.6160339080"><ele>120.11</ele><time>2024-09-17T01:34:03Z</time></trkpt><trkpt lat="-39.3656866997" lon="-72.6160759851"><ele>119.97</ele><time>2024-09-17T01:34:04Z</time></trkpt><trkpt lat="-39.3657077383" lon="-72.6161199063"><ele>119.81</ele><time>2024-09-17T01:34:05Z</time></trkpt><trkpt lat="-39.3657322135" lon="-72.6161647495"><ele>119.80</ele><time>2024-09-17T01:34:06Z</time></trkpt><trkpt lat="-39.3658045493" lon="-72.6164104231"><ele>119.02</ele><time>2024-09-17T01:34:13Z</time></trkpt><trkpt lat="-39.3657768052" lon="-72.6164536737"><ele>119.02</ele><time>2024-09-17T01:34:14Z</time></trkpt><trkpt lat="-39.3657379970" lon="-72.6164991874"><ele>119.02</ele><time>2024-09-17T01:34:15Z</time></trkpt><trkpt lat="-39.3656974286" lon="-72.6165410969"><ele>119.03</ele><time>2024-09-17T01:34:16Z</time></trkpt><trkpt lat="-39.3656559382" lon="-72.6165738702"><ele>119.06</ele><time>2024-09-17T01:34:17Z</time></trkpt><trkpt lat="-39.3656200636" lon="-72.6165906340"><ele>118.85</ele><time>2024-09-17T01:34:18Z</time></trkpt><trkpt lat="-39.3655875418" lon="-72.6165939867"><ele>118.99</ele><time>2024-09-17T01:34:19Z</time></trkpt><trkpt lat="-39.3655621447" lon="-72.6165802404"><ele>119.05</ele><time>2024-09-17T01:34:20Z</time></trkpt><trkpt lat="-39.3655432854" lon="-72.6165514067"><ele>119.17</ele><time>2024-09-17T01:34:21Z</time></trkpt><trkpt lat="-39.3655208219" lon="-72.6165166218"><ele>119.17</ele><time>2024-09-17T01:34:22Z</time></trkpt><trkpt lat="-39.3654986937" lon="-72.6164730359"><ele>119.36</ele><time>2024-09-17T01:34:23Z</time></trkpt><trkpt lat="-39.3651883118" lon="-72.6158722211"><ele>120.55</ele><time>2024-09-17T01:34:36Z</time></trkpt><trkpt lat="-39.3651909940" lon="-72.6158490870"><ele>120.62</ele><time>2024-09-17T01:34:37Z</time></trkpt><trkpt lat="-39.3651970290" lon="-72.6158286352"><ele>120.65</ele><time>2024-09-17T01:34:38Z</time></trkpt><trkpt lat="-39.3652106915" lon="-72.6158089377"><ele>120.56</ele><time>2024-09-17T01:34:39Z</time></trkpt><trkpt lat="-39.3652359210" lon="-72.6157868095"><ele>120.64</ele><time>2024-09-17T01:34:40Z</time></trkpt><trkpt lat="-39.3652664311" lon="-72.6157614961"><ele>120.73</ele><time>2024-09-17T01:34:41Z</time></trkpt><trkpt lat="-39.3658218998" lon="-72.6153089572"><ele>121.83</ele><time>2024-09-17T01:34:54Z</time></trkpt><trkpt lat="-39.3660487980" lon="-72.6150926203"><ele>122.28</ele><time>2024-09-17T01:35:03Z</time></trkpt><trkpt lat="-39.3660492171" lon="-72.6150673907"><ele>122.52</ele><time>2024-09-17T01:35:04Z</time></trkpt><trkpt lat="-39.3660369795" lon="-72.6150316000"><ele>123.59</ele><time>2024-09-17T01:35:05Z</time></trkpt><trkpt lat="-39.3660184555" lon="-72.6149906125"><ele>124.66</ele><time>2024-09-17T01:35:06Z</time></trkpt><trkpt lat="-39.3659978360" lon="-72.6149512175"><ele>124.67</ele><time>2024-09-17T01:35:07Z</time></trkpt><trkpt lat="-39.3658623844" lon="-72.6147255767"><ele>126.24</ele><time>2024-09-17T01:35:16Z</time></trkpt><trkpt lat="-39.3658338021" lon="-72.6147147641"><ele>126.25</ele><time>2024-09-17T01:35:17Z</time></trkpt><trkpt lat="-39.3658074830" lon="-72.6147175301"><ele>126.33</ele><time>2024-09-17T01:35:18Z</time></trkpt><trkpt lat="-39.3657763861" lon="-72.6147313602"><ele>126.35</ele><time>2024-09-17T01:35:19Z</time></trkpt><trkpt lat="-39.3657403439" lon="-72.6147583500"><ele>126.39</ele><time>2024-09-17T01:35:20Z</time></trkpt><trkpt lat="-39.3656975962" lon="-72.6147958171"><ele>126.36</ele><time>2024-09-17T01:35:21Z</time></trkpt><trkpt lat="-39.3655483983" lon="-72.6149110682"><ele>126.44</ele><time>2024-09-17T01:35:25Z</time></trkpt><trkpt lat="-39.3655225821" lon="-72.6149007585"><ele>126.42</ele><time>2024-09-17T01:35:26Z</time></trkpt><trkpt lat="-39.3654946703" lon="-72.6148739364"><ele>126.49</ele><time>2024-09-17T01:35:27Z</time></trkpt><trkpt lat="-39.3654648308" lon="-72.6148300152"><ele>126.54</ele><time>2024-09-17T01:35:28Z</time></trkpt><trkpt lat="-39.3654304650" lon="-72.6147751976"><ele>126.83</ele><time>2024-09-17T01:35:29Z</time></trkpt><trkpt lat="-39.3651443068" lon="-72.6142720319"><ele>128.58</ele><time>2024-09-17T01:35:39Z</time></trkpt><trkpt lat="-39.3649801053" lon="-72.6142706070"><ele>128.05</ele><time>2024-09-17T01:35:45Z</time></trkpt><trkpt lat="-39.3649268802" lon="-72.6143103372"><ele>127.86</ele><time>2024-09-17T01:35:46Z</time></trkpt><trkpt lat="-39.3645459227" lon="-72.6146145165"><ele>124.82</ele><time>2024-09-17T01:35:54Z</time></trkpt><trkpt lat="-39.3645041808" lon="-72.6146702562"><ele>124.37</ele><time>2024-09-17T01:35:56Z</time></trkpt><trkpt lat="-39.3644864950" lon="-72.6147227269"><ele>124.17</ele><time>2024-09-17T01:35:57Z</time></trkpt><trkpt lat="-39.3644784484" lon="-72.6147850044"><ele>124.14</ele><time>2024-09-17T01:35:58Z</time></trkpt><trkpt lat="-39.3645350263" lon="-72.6152357832"><ele>122.28</ele><time>2024-09-17T01:36:07Z</time></trkpt><trkpt lat="-39.3645643629" lon="-72.6152332686"><ele>122.42</ele><time>2024-09-17T01:36:08Z</time></trkpt><trkpt lat="-39.3646010756" lon="-72.6152140740"><ele>122.44</ele><time>2024-09-17T01:36:09Z</time></trkpt><trkpt lat="-39.3646459188" lon="-72.6151802111"><ele>122.90</ele><time>2024-09-17T01:36:10Z</time></trkpt><trkpt lat="-39.3646933604" lon="-72.6151412353"><ele>123.27</ele><time>2024-09-17T01:36:11Z</time></trkpt><trkpt lat="-39.3650329951" lon="-72.6148708351"><ele>125.55</ele><time>2024-09-17T01:36:20Z</time></trkpt><trkpt lat="-39.3650597334" lon="-72.6148841623"><ele>125.65</ele><time>2024-09-17T01:36:21Z</time></trkpt><trkpt lat="-39.3650867231" lon="-72.6149153430"><ele>125.52</ele><time>2024-09-17T01:36:22Z</time></trkpt><trkpt lat="-39.3651191611" lon="-72.6149520557"><ele>125.52</ele><time>2024-09-17T01:36:23Z</time></trkpt><trkpt lat="-39.3651487492" lon="-72.6149927918"><ele>125.31</ele><time>2024-09-17T01:36:24Z</time></trkpt><trkpt lat="-39.3651749007" lon="-72.6150341146"><ele>125.09</ele><time>2024-09-17T01:36:25Z</time></trkpt><trkpt lat="-39.3652493320" lon="-72.6151936222"><ele>123.81</ele><time>2024-09-17T01:36:32Z</time></trkpt><trkpt lat="-39.3652361725" lon="-72.6152314246"><ele>123.97</ele><time>2024-09-17T01:36:33Z</time></trkpt><trkpt lat="-39.3652046565" lon="-72.6152761001"><ele>123.86</ele><time>2024-09-17T01:36:34Z</time></trkpt><trkpt lat="-39.3647397961" lon="-72.6156910881"><ele>121.92</ele><time>2024-09-17T01:36:43Z</time></trkpt><trkpt lat="-39.3647178356" lon="-72.6157323271"><ele>121.99</ele><time>2024-09-17T01:36:44Z</time></trkpt><trkpt lat="-39.3647055980" lon="-72.6157806907"><ele>121.70</ele><time>2024-09-17T01:36:45Z</time></trkpt><trkpt lat="-39.3647072744" lon="-72.6158362627"><ele>121.55</ele><time>2024-09-17T01:36:46Z</time></trkpt><trkpt lat="-39.3647268880" lon="-72.6158967800"><ele>121.65</ele><time>2024-09-17T01:36:47Z</time></trkpt><trkpt lat="-39.3647591583" lon="-72.6159575488"><ele>121.55</ele><time>2024-09-17T01:36:48Z</time></trkpt><trkpt lat="-39.3647975475" lon="-72.6160210837"><ele>121.53</ele><time>2024-09-17T01:36:49Z</time></trkpt><trkpt lat="-39.3652623240" lon="-72.6168559212"><ele>119.22</ele><time>2024-09-17T01:37:03Z</time></trkpt><trkpt lat="-39.3652653415" lon="-72.6169128343"><ele>119.20</ele><time>2024-09-17T01:37:05Z</time></trkpt><trkpt lat="-39.3652467337" lon="-72.6169550791"><ele>119.22</ele><time>2024-09-17T01:37:06Z</time></trkpt><trkpt lat="-39.3652070034" lon="-72.6170052867"><ele>119.30</ele><time>2024-09-17T01:37:07Z</time></trkpt><trkpt lat="-39.3651554547" lon="-72.6170581765"><ele>119.41</ele><time>2024-09-17T01:37:08Z</time></trkpt><trkpt lat="-39.3650883995" lon="-72.6171202026"><ele>119.43</ele><time>2024-09-17T01:37:09Z</time></trkpt><trkpt lat="-39.3646550551" lon="-72.6175062731"><ele>119.07</ele><time>2024-09-17T01:37:16Z</time></trkpt><trkpt lat="-39.3646156602" lon="-72.6175251324"><ele>118.93</ele><time>2024-09-17T01:37:17Z</time></trkpt><trkpt lat="-39.3645828031" lon="-72.6175350230"><ele>118.85</ele><time>2024-09-17T01:37:18Z</time></trkpt><trkpt lat="-39.3645649496" lon="-72.6175383758"><ele>118.69</ele><time>2024-09-17T01:37:19Z</time></trkpt><trkpt lat="-39.3645451684" lon="-72.6175467577"><ele>118.56</ele><time>2024-09-17T01:37:20Z</time></trkpt><trkpt lat="-39.3644767720" lon="-72.6176465861"><ele>118.56</ele><time>2024-09-17T01:37:23Z</time></trkpt><trkpt lat="-39.3644691445" lon="-72.6177119650"><ele>118.68</ele><time>2024-09-17T01:37:24Z</time></trkpt><trkpt lat="-39.3644665461" lon="-72.6177940238"><ele>118.89</ele><time>2024-09-17T01:37:25Z</time></trkpt><trkpt lat="-39.3644467648" lon="-72.6185833476"><ele>118.85</ele><time>2024-09-17T01:37:34Z</time></trkpt><trkpt lat="-39.3644641154" lon="-72.6186229102"><ele>118.78</ele><time>2024-09-17T01:37:35Z</time></trkpt><trkpt lat="-39.3644905183" lon="-72.6186461281"><ele>118.83</ele><time>2024-09-17T01:37:36Z</time></trkpt><trkpt lat="-39.3645208608" lon="-72.6186561864"><ele>118.77</ele><time>2024-09-17T01:37:37Z</time></trkpt><trkpt lat="-39.3645544723" lon="-72.6186513249"><ele>118.85</ele><time>2024-09-17T01:37:38Z</time></trkpt><trkpt lat="-39.3645901792" lon="-72.6186337229"><ele>118.91</ele><time>2024-09-17T01:37:39Z</time></trkpt><trkpt lat="-39.3646204378" lon="-72.6186097506"><ele>118.95</ele><time>2024-09-17T01:37:40Z</time></trkpt><trkpt lat="-39.3646501936" lon="-72.6185785700"><ele>119.06</ele><time>2024-09-17T01:37:41Z</time></trkpt><trkpt lat="-39.3651367631" lon="-72.6181224268"><ele>119.51</ele><time>2024-09-17T01:37:55Z</time></trkpt><trkpt lat="-39.3656444550" lon="-72.6176877413"><ele>119.52</ele><time>2024-09-17T01:38:07Z</time></trkpt><trkpt lat="-39.3659463711" lon="-72.6174310874"><ele>119.75</ele><time>2024-09-17T01:38:16Z</time></trkpt><trkpt lat="-39.3665300868" lon="-72.6169368904"><ele>120.07</ele><time>2024-09-17T01:38:29Z</time></trkpt><trkpt lat="-39.3668647762" lon="-72.6166258380"><ele>120.39</ele><time>2024-09-17T01:38:41Z</time></trkpt><trkpt lat="-39.3674272858" lon="-72.6161109377"><ele>120.97</ele><time>2024-09-17T01:38:55Z</time></trkpt><trkpt lat="-39.3679923937" lon="-72.6156237815"><ele>121.35</ele><time>2024-09-17T01:39:09Z</time></trkpt><trkpt lat="-39.3680581916" lon="-72.6155107096"><ele>121.13</ele><time>2024-09-17T01:39:13Z</time></trkpt><trkpt lat="-39.3680462055" lon="-72.6154653635"><ele>120.96</ele><time>2024-09-17T01:39:14Z</time></trkpt><trkpt lat="-39.3680259213" lon="-72.6154162455"><ele>121.12</ele><time>2024-09-17T01:39:15Z</time></trkpt><trkpt lat="-39.3680016976" lon="-72.6153681334"><ele>121.09</ele><time>2024-09-17T01:39:16Z</time></trkpt><trkpt lat="-39.3679690082" lon="-72.6153118908"><ele>121.25</ele><time>2024-09-17T01:39:17Z</time></trkpt><trkpt lat="-39.3676615600" lon="-72.6147979964"><ele>120.77</ele><time>2024-09-17T01:39:27Z</time></trkpt><trkpt lat="-39.3676555250" lon="-72.6147306897"><ele>120.55</ele><time>2024-09-17T01:39:32Z</time></trkpt><trkpt lat="-39.3676687684" lon="-72.6147021074"><ele>120.69</ele><time>2024-09-17T01:39:33Z</time></trkpt><trkpt lat="-39.3676924054" lon="-72.6146681607"><ele>120.75</ele><time>2024-09-17T01:39:34Z</time></trkpt><trkpt lat="-39.3677302916" lon="-72.6146251615"><ele>120.85</ele><time>2024-09-17T01:39:35Z</time></trkpt><trkpt lat="-39.3677875400" lon="-72.6145736128"><ele>120.90</ele><time>2024-09-17T01:39:36Z</time></trkpt><trkpt lat="-39.3684855849" lon="-72.6139991172"><ele>121.61</ele><time>2024-09-17T01:39:50Z</time></trkpt><trkpt lat="-39.3686600961" lon="-72.6137453131"><ele>122.05</ele><time>2024-09-17T01:40:00Z</time></trkpt><trkpt lat="-39.3690479267" lon="-72.6133263856"><ele>121.70</ele><time>2024-09-17T01:40:15Z</time></trkpt><trkpt lat="-39.3690895848" lon="-72.6132559776"><ele>121.51</ele><time>2024-09-17T01:40:18Z</time></trkpt><trkpt lat="-39.3690885790" lon="-72.6132207736"><ele>121.46</ele><time>2024-09-17T01:40:19Z</time></trkpt><trkpt lat="-39.3690781854" lon="-72.6131807081"><ele>121.48</ele><time>2024-09-17T01:40:20Z</time></trkpt><trkpt lat="-39.3690597452" lon="-72.6131368708"><ele>121.40</ele><time>2024-09-17T01:40:21Z</time></trkpt><trkpt lat="-39.3690393772" lon="-72.6130943745"><ele>121.43</ele><time>2024-09-17T01:40:22Z</time></trkpt><trkpt lat="-39.3689403031" lon="-72.6129175164"><ele>121.16</ele><time>2024-09-17T01:40:27Z</time></trkpt><trkpt lat="-39.3689106312" lon="-72.6129118167"><ele>121.10</ele><time>2024-09-17T01:40:28Z</time></trkpt><trkpt lat="-39.3688940350" lon="-72.6129070390"><ele>121.01</ele><time>2024-09-17T01:40:29Z</time></trkpt><trkpt lat="-39.3688771036" lon="-72.6129141636"><ele>121.15</ele><time>2024-09-17T01:40:30Z</time></trkpt><trkpt lat="-39.3688645307" lon="-72.6129256468"><ele>121.16</ele><time>2024-09-17T01:40:31Z</time></trkpt><trkpt lat="-39.3688557297" lon="-72.6129365433"><ele>121.13</ele><time>2024-09-17T01:40:32Z</time></trkpt><trkpt lat="-39.3688428216" lon="-72.6129499543"><ele>121.25</ele><time>2024-09-17T01:40:33Z</time></trkpt><trkpt lat="-39.3685745168" lon="-72.6132202707"><ele>121.75</ele><time>2024-09-17T01:40:44Z</time></trkpt><trkpt lat="-39.3683224730" lon="-72.6134466659"><ele>122.21</ele><time>2024-09-17T01:40:56Z</time></trkpt><trkpt lat="-39.3682908732" lon="-72.6134359371"><ele>122.27</ele><time>2024-09-17T01:40:57Z</time></trkpt><trkpt lat="-39.3682560045" lon="-72.6134179998"><ele>122.45</ele><time>2024-09-17T01:40:58Z</time></trkpt><trkpt lat="-39.3682156038" lon="-72.6133886632"><ele>122.43</ele><time>2024-09-17T01:40:59Z</time></trkpt><trkpt lat="-39.3681758735" lon="-72.6133538783"><ele>122.59</ele><time>2024-09-17T01:41:00Z</time></trkpt><trkpt lat="-39.3681425136" lon="-72.6133202668"><ele>122.65</ele><time>2024-09-17T01:41:01Z</time></trkpt><trkpt lat="-39.3681187090" lon="-72.6132874936"><ele>122.56</ele><time>2024-09-17T01:41:02Z</time></trkpt><trkpt lat="-39.3681073934" lon="-72.6132602524"><ele>122.59</ele><time>2024-09-17T01:41:03Z</time></trkpt><trkpt lat="-39.3681137636" lon="-72.6132268086"><ele>122.56</ele><time>2024-09-17T01:41:04Z</time></trkpt><trkpt lat="-39.3681270070" lon="-72.6131969690"><ele>122.48</ele><time>2024-09-17T01:41:05Z</time></trkpt><trkpt lat="-39.3681534100" lon="-72.6131633576"><ele>122.28</ele><time>2024-09-17T01:41:06Z</time></trkpt><trkpt lat="-39.3681884464" lon="-72.6131280698"><ele>122.25</ele><time>2024-09-17T01:41:07Z</time></trkpt><trkpt lat="-39.3682249915" lon="-72.6130890101"><ele>122.03</ele><time>2024-09-17T01:41:08Z</time></trkpt><trkpt lat="-39.3682618719" lon="-72.6130527165"><ele>121.98</ele><time>2024-09-17T01:41:09Z</time></trkpt><trkpt lat="-39.3682979140" lon="-72.6130155846"><ele>121.90</ele><time>2024-09-17T01:41:10Z</time></trkpt><trkpt lat="-39.3683336210" lon="-72.6129771955"><ele>121.88</ele><time>2024-09-17T01:41:11Z</time></trkpt><trkpt lat="-39.3687283248" lon="-72.6125412527"><ele>121.18</ele><time>2024-09-17T01:41:24Z</time></trkpt><trkpt lat="-39.3688905146" lon="-72.6122826710"><ele>121.01</ele><time>2024-09-17T01:41:34Z</time></trkpt><trkpt lat="-39.3688319251" lon="-72.6119770668"><ele>120.09</ele><time>2024-09-17T01:41:41Z</time></trkpt><trkpt lat="-39.3688108027" lon="-72.6119723730"><ele>120.74</ele><time>2024-09-17T01:41:42Z</time></trkpt><trkpt lat="-39.3687869981" lon="-72.6119792461"><ele>120.99</ele><time>2024-09-17T01:41:43Z</time></trkpt><trkpt lat="-39.3687596731" lon="-72.6119971834"><ele>120.75</ele><time>2024-09-17T01:41:44Z</time></trkpt><trkpt lat="-39.3687341083" lon="-72.6120242570"><ele>120.76</ele><time>2024-09-17T01:41:45Z</time></trkpt><trkpt lat="-39.3687071186" lon="-72.6120613888"><ele>120.85</ele><time>2024-09-17T01:41:46Z</time></trkpt><trkpt lat="-39.3682386540" lon="-72.6125803962"><ele>121.32</ele><time>2024-09-17T01:41:58Z</time></trkpt><trkpt lat="-39.3678733706" lon="-72.6129836496"><ele>122.55</ele><time>2024-09-17T01:42:10Z</time></trkpt><trkpt lat="-39.3675686046" lon="-72.6128693204"><ele>124.41</ele><time>2024-09-17T01:42:18Z</time></trkpt><trkpt lat="-39.3672000524" lon="-72.6126071345"><ele>126.96</ele><time>2024-09-17T01:42:26Z</time></trkpt><trkpt lat="-39.3671376072" lon="-72.6125881914"><ele>127.07</ele><time>2024-09-17T01:42:28Z</time></trkpt><trkpt lat="-39.3671104498" lon="-72.6125966571"><ele>127.38</ele><time>2024-09-17T01:42:29Z</time></trkpt><trkpt lat="-39.3670889083" lon="-72.6126118284"><ele>127.48</ele><time>2024-09-17T01:42:30Z</time></trkpt><trkpt lat="-39.3668779358" lon="-72.6129257306"><ele>126.51</ele><time>2024-09-17T01:42:42Z</time></trkpt><trkpt lat="-39.3668883294" lon="-72.6129489485"><ele>126.42</ele><time>2024-09-17T01:42:43Z</time></trkpt><trkpt lat="-39.3669067696" lon="-72.6129720826"><ele>126.15</ele><time>2024-09-17T01:42:44Z</time></trkpt><trkpt lat="-39.3669335078" lon="-72.6129964739"><ele>125.97</ele><time>2024-09-17T01:42:45Z</time></trkpt><trkpt lat="-39.3669699691" lon="-72.6130215358"><ele>125.70</ele><time>2024-09-17T01:42:46Z</time></trkpt><trkpt lat="-39.3672012258" lon="-72.6131728292"><ele>123.32</ele><time>2024-09-17T01:42:52Z</time></trkpt><trkpt lat="-39.3676592130" lon="-72.6135369390"><ele>120.72</ele><time>2024-09-17T01:43:04Z</time></trkpt><trkpt lat="-39.3676747195" lon="-72.6136423834"><ele>120.34</ele><time>2024-09-17T01:43:08Z</time></trkpt><trkpt lat="-39.3676546868" lon="-72.6136764139"><ele>120.61</ele><time>2024-09-17T01:43:09Z</time></trkpt><trkpt lat="-39.3676269427" lon="-72.6137097739"><ele>120.51</ele><time>2024-09-17T01:43:10Z</time></trkpt><trkpt lat="-39.3674276210" lon="-72.6138446387"><ele>120.62</ele><time>2024-09-17T01:43:16Z</time></trkpt><trkpt lat="-39.3674049899" lon="-72.6138279587"><ele>120.62</ele><time>2024-09-17T01:43:17Z</time></trkpt><trkpt lat="-39.3673808500" lon="-72.6138026454"><ele>120.69</ele><time>2024-09-17T01:43:18Z</time></trkpt><trkpt lat="-39.3672754895" lon="-72.6137058344"><ele>121.25</ele><time>2024-09-17T01:43:21Z</time></trkpt><trkpt lat="-39.3671280518" lon="-72.6136035752"><ele>122.06</ele><time>2024-09-17T01:43:24Z</time></trkpt><trkpt lat="-39.3668900896" lon="-72.6134428103"><ele>125.09</ele><time>2024-09-17T01:43:29Z</time></trkpt><trkpt lat="-39.3667658698" lon="-72.6133313309"><ele>127.79</ele><time>2024-09-17T01:43:34Z</time></trkpt><trkpt lat="-39.3667588290" lon="-72.6133098733"><ele>127.88</ele><time>2024-09-17T01:43:35Z</time></trkpt><trkpt lat="-39.3667586613" lon="-72.6132817939"><ele>127.85</ele><time>2024-09-17T01:43:36Z</time></trkpt><trkpt lat="-39.3667683844" lon="-72.6132413093"><ele>127.81</ele><time>2024-09-17T01:43:37Z</time></trkpt><trkpt lat="-39.3667879980" lon="-72.6131943706"><ele>127.64</ele><time>2024-09-17T01:43:38Z</time></trkpt><trkpt lat="-39.3669532891" lon="-72.6127781253"><ele>126.55</ele><time>2024-09-17T01:43:47Z</time></trkpt><trkpt lat="-39.3671799358" lon="-72.6126090623"><ele>126.97</ele><time>2024-09-17T01:43:57Z</time></trkpt><trkpt lat="-39.3672225997" lon="-72.6126371417"><ele>126.90</ele><time>2024-09-17T01:43:58Z</time></trkpt><trkpt lat="-39.3672724720" lon="-72.6126734354"><ele>126.78</ele><time>2024-09-17T01:43:59Z</time></trkpt><trkpt lat="-39.3677363265" lon="-72.6130293310"><ele>123.57</ele><time>2024-09-17T01:44:07Z</time></trkpt><trkpt lat="-39.3685808871" lon="-72.6138874702"><ele>122.07</ele><time>2024-09-17T01:44:19Z</time></trkpt><trkpt lat="-39.3692098651" lon="-72.6149362978"><ele>121.60</ele><time>2024-09-17T01:44:31Z</time></trkpt><trkpt lat="-39.3692790158" lon="-72.6150859986"><ele>121.65</ele><time>2024-09-17T01:44:33Z</time></trkpt><trkpt lat="-39.3692987971" lon="-72.6151549816"><ele>121.50</ele><time>2024-09-17T01:44:34Z</time></trkpt><trkpt lat="-39.3693105318" lon="-72.6152170077"><ele>121.48</ele><time>2024-09-17T01:44:35Z</time></trkpt><trkpt lat="-39.3693207577" lon="-72.6152676344"><ele>121.32</ele><time>2024-09-17T01:44:36Z</time></trkpt><trkpt lat="-39.3693305645" lon="-72.6153037604"><ele>121.29</ele><time>2024-09-17T01:44:37Z</time></trkpt><trkpt lat="-39.3693415448" lon="-72.6153243799"><ele>121.29</ele><time>2024-09-17T01:44:38Z</time></trkpt><trkpt lat="-39.3693525251" lon="-72.6153080352"><ele>120.99</ele><time>2024-09-17T01:44:52Z</time></trkpt><trkpt lat="-39.3693822809" lon="-72.6154493541"><ele>121.24</ele><time>2024-09-17T01:45:12Z</time></trkpt><trkpt lat="-39.3693965301" lon="-72.6156851370"><ele>121.34</ele><time>2024-09-17T01:45:16Z</time></trkpt><trkpt lat="-39.3693727255" lon="-72.6157319918"><ele>121.49</ele><time>2024-09-17T01:45:17Z</time></trkpt><trkpt lat="-39.3693353422" lon="-72.6157800201"><ele>121.61</ele><time>2024-09-17T01:45:18Z</time></trkpt><trkpt lat="-39.3692884874" lon="-72.6158267912"><ele>121.69</ele><time>2024-09-17T01:45:19Z</time></trkpt><trkpt lat="-39.3692392018" lon="-72.6158709638"><ele>121.80</ele><time>2024-09-17T01:45:20Z</time></trkpt><trkpt lat="-39.3689046800" lon="-72.6161396038"><ele>121.16</ele><time>2024-09-17T01:45:26Z</time></trkpt><trkpt lat="-39.3688483536" lon="-72.6161510870"><ele>121.07</ele><time>2024-09-17T01:45:27Z</time></trkpt><trkpt lat="-39.3687916081" lon="-72.6161467284"><ele>120.98</ele><time>2024-09-17T01:45:28Z</time></trkpt><trkpt lat="-39.3687357847" lon="-72.6161277015"><ele>121.16</ele><time>2024-09-17T01:45:29Z</time></trkpt><trkpt lat="-39.3686821405" lon="-72.6160879713"><ele>120.98</ele><time>2024-09-17T01:45:30Z</time></trkpt><trkpt lat="-39.3686261494" lon="-72.6160436310"><ele>120.88</ele><time>2024-09-17T01:45:31Z</time></trkpt><trkpt lat="-39.3684164342" lon="-72.6158933435"><ele>120.53</ele><time>2024-09-17T01:45:35Z</time></trkpt><trkpt lat="-39.3683612812" lon="-72.6158750709"><ele>120.56</ele><time>2024-09-17T01:45:36Z</time></trkpt><trkpt lat="-39.3683069665" lon="-72.6158736460"><ele>120.52</ele><time>2024-09-17T01:45:37Z</time></trkpt><trkpt lat="-39.3682497181" lon="-72.6158944331"><ele>120.63</ele><time>2024-09-17T01:45:38Z</time></trkpt><trkpt lat="-39.3681888655" lon="-72.6159186568"><ele>120.70</ele><time>2024-09-17T01:45:39Z</time></trkpt><trkpt lat="-39.3681285158" lon="-72.6159568783"><ele>120.75</ele><time>2024-09-17T01:45:40Z</time></trkpt><trkpt lat="-39.3680695072" lon="-72.6160124503"><ele>120.76</ele><time>2024-09-17T01:45:41Z</time></trkpt><trkpt lat="-39.3680103309" lon="-72.6160737220"><ele>120.77</ele><time>2024-09-17T01:45:42Z</time></trkpt><trkpt lat="-39.3670345098" lon="-72.6169684064"><ele>120.78</ele><time>2024-09-17T01:45:57Z</time></trkpt><trkpt lat="-39.3662140053" lon="-72.6176860649"><ele>119.92</ele><time>2024-09-17T01:46:10Z</time></trkpt><trkpt lat="-39.3660584372" lon="-72.6178104524"><ele>119.56</ele><time>2024-09-17T01:46:13Z</time></trkpt><trkpt lat="-39.3660135940" lon="-72.6178480033"><ele>119.45</ele><time>2024-09-17T01:46:14Z</time></trkpt><trkpt lat="-39.3658990972" lon="-72.6179890707"><ele>118.87</ele><time>2024-09-17T01:46:19Z</time></trkpt><trkpt lat="-39.3658991810" lon="-72.6180246938"><ele>119.01</ele><time>2024-09-17T01:46:20Z</time></trkpt><trkpt lat="-39.3659070600" lon="-72.6180723868"><ele>119.12</ele><time>2024-09-17T01:46:21Z</time></trkpt><trkpt lat="-39.3659214769" lon="-72.6181108598"><ele>119.04</ele><time>2024-09-17T01:46:22Z</time></trkpt><trkpt lat="-39.3659441918" lon="-72.6181583013"><ele>119.07</ele><time>2024-09-17T01:46:23Z</time></trkpt><trkpt lat="-39.3659681641" lon="-72.6182068326"><ele>119.10</ele><time>2024-09-17T01:46:24Z</time></trkpt><trkpt lat="-39.3659905437" lon="-72.6182494126"><ele>119.02</ele><time>2024-09-17T01:46:25Z</time></trkpt><trkpt lat="-39.3660104088" lon="-72.6182834432"><ele>118.94</ele><time>2024-09-17T01:46:26Z</time></trkpt><trkpt lat="-39.3660663161" lon="-72.6183525100"><ele>118.96</ele><time>2024-09-17T01:46:29Z</time></trkpt><trkpt lat="-39.3660967425" lon="-72.6183592994"><ele>119.08</ele><time>2024-09-17T01:46:30Z</time></trkpt><trkpt lat="-39.3661370594" lon="-72.6183426194"><ele>119.12</ele><time>2024-09-17T01:46:31Z</time></trkpt><trkpt lat="-39.3662369717" lon="-72.6182668470"><ele>119.38</ele><time>2024-09-17T01:46:33Z</time></trkpt><trkpt lat="-39.3669258803" lon="-72.6176579017"><ele>120.07</ele><time>2024-09-17T01:46:47Z</time></trkpt><trkpt lat="-39.3673509266" lon="-72.6172934566"><ele>120.10</ele><time>2024-09-17T01:46:58Z</time></trkpt><trkpt lat="-39.3673728034" lon="-72.6172971446"><ele>120.15</ele><time>2024-09-17T01:46:59Z</time></trkpt><trkpt lat="-39.3673956860" lon="-72.6173135731"><ele>120.18</ele><time>2024-09-17T01:47:00Z</time></trkpt><trkpt lat="-39.3674201611" lon="-72.6173457596"><ele>120.42</ele><time>2024-09-17T01:47:01Z</time></trkpt><trkpt lat="-39.3674475700" lon="-72.6173926145"><ele>120.32</ele><time>2024-09-17T01:47:02Z</time></trkpt><trkpt lat="-39.3674743082" lon="-72.6174453367"><ele>120.43</ele><time>2024-09-17T01:47:03Z</time></trkpt><trkpt lat="-39.3674982805" lon="-72.6174948737"><ele>120.52</ele><time>2024-09-17T01:47:04Z</time></trkpt><trkpt lat="-39.3675988633" lon="-72.6175741665"><ele>120.35</ele><time>2024-09-17T01:47:09Z</time></trkpt><trkpt lat="-39.3676307146" lon="-72.6175537147"><ele>120.59</ele><time>2024-09-17T01:47:10Z</time></trkpt><trkpt lat="-39.3676635716" lon="-72.6175234560"><ele>120.62</ele><time>2024-09-17T01:47:11Z</time></trkpt><trkpt lat="-39.3677898869" lon="-72.6174345240"><ele>120.76</ele><time>2024-09-17T01:47:20Z</time></trkpt><trkpt lat="-39.3677874561" lon="-72.6174408104"><ele>121.10</ele><time>2024-09-17T01:47:25Z</time></trkpt><trkpt lat="-39.3678281084" lon="-72.6174613461"><ele>120.87</ele><time>2024-09-17T01:47:31Z</time></trkpt><trkpt lat="-39.3678871170" lon="-72.6176552195"><ele>120.88</ele><time>2024-09-17T01:47:35Z</time></trkpt><trkpt lat="-39.3680110853" lon="-72.6182033122"><ele>120.12</ele><time>2024-09-17T01:47:44Z</time></trkpt><trkpt lat="-39.3680506479" lon="-72.6182085089"><ele>120.16</ele><time>2024-09-17T01:47:45Z</time></trkpt><trkpt lat="-39.3680936471" lon="-72.6181976125"><ele>120.22</ele><time>2024-09-17T01:47:46Z</time></trkpt><trkpt lat="-39.3681477942" lon="-72.6181577984"><ele>120.42</ele><time>2024-09-17T01:47:47Z</time></trkpt><trkpt lat="-39.3682050426" lon="-72.6181078423"><ele>120.60</ele><time>2024-09-17T01:47:48Z</time></trkpt><trkpt lat="-39.3683226407" lon="-72.6180128753"><ele>120.80</ele><time>2024-09-17T01:47:50Z</time></trkpt><trkpt lat="-39.3683899473" lon="-72.6179796830"><ele>120.82</ele><time>2024-09-17T01:47:51Z</time></trkpt><trkpt lat="-39.3684623670" lon="-72.6179576386"><ele>120.85</ele><time>2024-09-17T01:47:52Z</time></trkpt><trkpt lat="-39.3686755188" lon="-72.6178780105"><ele>120.85</ele><time>2024-09-17T01:47:55Z</time></trkpt><trkpt lat="-39.3687342759" lon="-72.6178294793"><ele>120.79</ele><time>2024-09-17T01:47:56Z</time></trkpt><trkpt lat="-39.3687823880" lon="-72.6177638490"><ele>120.91</ele><time>2024-09-17T01:47:57Z</time></trkpt><trkpt lat="-39.3688161671" lon="-72.6176850591"><ele>120.98</ele><time>2024-09-17T01:47:58Z</time></trkpt><trkpt lat="-39.3688389659" lon="-72.6176061016"><ele>121.15</ele><time>2024-09-17T01:47:59Z</time></trkpt><trkpt lat="-39.3688595854" lon="-72.6175430696"><ele>121.01</ele><time>2024-09-17T01:48:00Z</time></trkpt><trkpt lat="-39.3688857369" lon="-72.6174951252"><ele>120.69</ele><time>2024-09-17T01:48:01Z</time></trkpt><trkpt lat="-39.3689208571" lon="-72.6174530480"><ele>120.77</ele><time>2024-09-17T01:48:02Z</time></trkpt><trkpt lat="-39.3689658679" lon="-72.6174044330"><ele>120.81</ele><time>2024-09-17T01:48:03Z</time></trkpt><trkpt lat="-39.3693873938" lon="-72.6169898640"><ele>121.66</ele><time>2024-09-17T01:48:12Z</time></trkpt><trkpt lat="-39.3695401121" lon="-72.6169561688"><ele>121.58</ele><time>2024-09-17T01:48:17Z</time></trkpt><trkpt lat="-39.3695630785" lon="-72.6169917081"><ele>121.59</ele><time>2024-09-17T01:48:18Z</time></trkpt><trkpt lat="-39.3695817702" lon="-72.6170463581"><ele>121.73</ele><time>2024-09-17T01:48:19Z</time></trkpt><trkpt lat="-39.3695953488" lon="-72.6171207894"><ele>121.86</ele><time>2024-09-17T01:48:20Z</time></trkpt><trkpt lat="-39.3696103524" lon="-72.6172078773"><ele>121.89</ele><time>2024-09-17T01:48:21Z</time></trkpt><trkpt lat="-39.3696827721" lon="-72.6177740749"><ele>122.10</ele><time>2024-09-17T01:48:27Z</time></trkpt><trkpt lat="-39.3696735520" lon="-72.6178506017"><ele>122.02</ele><time>2024-09-17T01:48:28Z</time></trkpt><trkpt lat="-39.3696435448" lon="-72.6179220155"><ele>122.02</ele><time>2024-09-17T01:48:29Z</time></trkpt><trkpt lat="-39.3695926666" lon="-72.6179740671"><ele>122.18</ele><time>2024-09-17T01:48:30Z</time></trkpt><trkpt lat="-39.3695340771" lon="-72.6180318184"><ele>122.26</ele><time>2024-09-17T01:48:31Z</time></trkpt><trkpt lat="-39.3692958634" lon="-72.6182502508"><ele>122.16</ele><time>2024-09-17T01:48:35Z</time></trkpt><trkpt lat="-39.3692345917" lon="-72.6182764024"><ele>122.21</ele><time>2024-09-17T01:48:36Z</time></trkpt><trkpt lat="-39.3691722304" lon="-72.6182850357"><ele>122.22</ele><time>2024-09-17T01:48:37Z</time></trkpt><trkpt lat="-39.3691063486" lon="-72.6182782464"><ele>122.20</ele><time>2024-09-17T01:48:38Z</time></trkpt><trkpt lat="-39.3690407183" lon="-72.6182645839"><ele>122.16</ele><time>2024-09-17T01:48:39Z</time></trkpt><trkpt lat="-39.3689780217" lon="-72.6182502508"><ele>122.17</ele><time>2024-09-17T01:48:40Z</time></trkpt><trkpt lat="-39.3688579928" lon="-72.6182401087"><ele>121.72</ele><time>2024-09-17T01:48:42Z</time></trkpt><trkpt lat="-39.3688006606" lon="-72.6182537712"><ele>121.78</ele><time>2024-09-17T01:48:43Z</time></trkpt><trkpt lat="-39.3687444180" lon="-72.6182858739"><ele>121.73</ele><time>2024-09-17T01:48:44Z</time></trkpt><trkpt lat="-39.3683275860" lon="-72.6186469663"><ele>121.40</ele><time>2024-09-17T01:48:53Z</time></trkpt><trkpt lat="-39.3682406656" lon="-72.6187074836"><ele>121.22</ele><time>2024-09-17T01:49:00Z</time></trkpt><trkpt lat="-39.3681669887" lon="-72.6188029535"><ele>121.36</ele><time>2024-09-17T01:49:03Z</time></trkpt><trkpt lat="-39.3676424492" lon="-72.6192930434"><ele>121.69</ele><time>2024-09-17T01:49:12Z</time></trkpt><trkpt lat="-39.3670381140" lon="-72.6198330894"><ele>120.86</ele><time>2024-09-17T01:49:24Z</time></trkpt><trkpt lat="-39.3667858187" lon="-72.6201088540"><ele>121.28</ele><time>2024-09-17T01:49:32Z</time></trkpt><trkpt lat="-39.3657317944" lon="-72.6210866030"><ele>120.47</ele><time>2024-09-17T01:49:49Z</time></trkpt><trkpt lat="-39.3651920836" lon="-72.6216155849"><ele>119.74</ele><time>2024-09-17T01:50:01Z</time></trkpt><trkpt lat="-39.3646439910" lon="-72.6221475005"><ele>119.71</ele><time>2024-09-17T01:50:13Z</time></trkpt><trkpt lat="-39.3644409813" lon="-72.6223337464"><ele>119.06</ele><time>2024-09-17T01:50:19Z</time></trkpt><trkpt lat="-39.3643740937" lon="-72.6224658452"><ele>119.08</ele><time>2024-09-17T01:50:23Z</time></trkpt><trkpt lat="-39.3643725011" lon="-72.6225381810"><ele>119.20</ele><time>2024-09-17T01:50:24Z</time></trkpt><trkpt lat="-39.3643750157" lon="-72.6226124447"><ele>119.22</ele><time>2024-09-17T01:50:25Z</time></trkpt><trkpt lat="-39.3644233793" lon="-72.6230027899"><ele>119.10</ele><time>2024-09-17T01:50:33Z</time></trkpt><trkpt lat="-39.3644548953" lon="-72.6229981799"><ele>119.13</ele><time>2024-09-17T01:50:34Z</time></trkpt><trkpt lat="-39.3644903507" lon="-72.6229784824"><ele>119.26</ele><time>2024-09-17T01:50:35Z</time></trkpt><trkpt lat="-39.3645388819" lon="-72.6229319628"><ele>119.31</ele><time>2024-09-17T01:50:36Z</time></trkpt><trkpt lat="-39.3645836413" lon="-72.6228851080"><ele>119.35</ele><time>2024-09-17T01:50:37Z</time></trkpt><trkpt lat="-39.3650852144" lon="-72.6223708782"><ele>118.45</ele><time>2024-09-17T01:50:50Z</time></trkpt><trkpt lat="-39.3651080970" lon="-72.6223244425"><ele>119.80</ele><time>2024-09-17T01:50:51Z</time></trkpt><trkpt lat="-39.3651474919" lon="-72.6222215127"><ele>120.45</ele><time>2024-09-17T01:50:53Z</time></trkpt><trkpt lat="-39.3651774991" lon="-72.6221728977"><ele>119.95</ele><time>2024-09-17T01:50:54Z</time></trkpt><trkpt lat="-39.3652128708" lon="-72.6221292280"><ele>119.75</ele><time>2024-09-17T01:50:55Z</time></trkpt><trkpt lat="-39.3653845321" lon="-72.6219461672"><ele>119.92</ele><time>2024-09-17T01:50:59Z</time></trkpt><trkpt lat="-39.3654264417" lon="-72.6218995638"><ele>119.96</ele><time>2024-09-17T01:51:00Z</time></trkpt><trkpt lat="-39.3656342290" lon="-72.6217069477"><ele>119.81</ele><time>2024-09-17T01:51:05Z</time></trkpt><trkpt lat="-39.3656693492" lon="-72.6216798741"><ele>119.66</ele><time>2024-09-17T01:51:06Z</time></trkpt><trkpt lat="-39.3657011166" lon="-72.6216503698"><ele>119.10</ele><time>2024-09-17T01:51:07Z</time></trkpt><trkpt lat="-39.3657226581" lon="-72.6216201112"><ele>119.26</ele><time>2024-09-17T01:51:08Z</time></trkpt><trkpt lat="-39.3657392543" lon="-72.6215819735"><ele>119.13</ele><time>2024-09-17T01:51:09Z</time></trkpt><trkpt lat="-39.3657560181" lon="-72.6215367112"><ele>120.01</ele><time>2024-09-17T01:51:10Z</time></trkpt><trkpt lat="-39.3658010289" lon="-72.6214420795"><ele>119.95</ele><time>2024-09-17T01:51:12Z</time></trkpt><trkpt lat="-39.3658361491" lon="-72.6213985775"><ele>120.04</ele><time>2024-09-17T01:51:13Z</time></trkpt><trkpt lat="-39.3661868479" lon="-72.6210788079"><ele>120.20</ele><time>2024-09-17T01:51:21Z</time></trkpt><trkpt lat="-39.3662218004" lon="-72.6210900396"><ele>120.17</ele><time>2024-09-17T01:51:22Z</time></trkpt><trkpt lat="-39.3662565853" lon="-72.6211265009"><ele>120.24</ele><time>2024-09-17T01:51:23Z</time></trkpt><trkpt lat="-39.3662953936" lon="-72.6211959869"><ele>120.12</ele><time>2024-09-17T01:51:24Z</time></trkpt><trkpt lat="-39.3665411510" lon="-72.6215492003"><ele>119.41</ele><time>2024-09-17T01:51:31Z</time></trkpt><trkpt lat="-39.3665703200" lon="-72.6215394773"><ele>119.40</ele><time>2024-09-17T01:51:32Z</time></trkpt><trkpt lat="-39.3665999081" lon="-72.6215155888"><ele>119.36</ele><time>2024-09-17T01:51:33Z</time></trkpt><trkpt lat="-39.3666334357" lon="-72.6214811392"><ele>119.56</ele><time>2024-09-17T01:51:34Z</time></trkpt><trkpt lat="-39.3666703161" lon="-72.6214404870"><ele>119.72</ele><time>2024-09-17T01:51:35Z</time></trkpt><trkpt lat="-39.3670691270" lon="-72.6210560929"><ele>120.46</ele><time>2024-09-17T01:51:48Z</time></trkpt><trkpt lat="-39.3673642538" lon="-72.6207784005"><ele>120.97</ele><time>2024-09-17T01:51:59Z</time></trkpt><trkpt lat="-39.3673849571" lon="-72.6207423583"><ele>120.77</ele><time>2024-09-17T01:52:08Z</time></trkpt><trkpt lat="-39.3673824426" lon="-72.6207089145"><ele>120.90</ele><time>2024-09-17T01:52:09Z</time></trkpt><trkpt lat="-39.3673702888" lon="-72.6206697710"><ele>120.75</ele><time>2024-09-17T01:52:10Z</time></trkpt><trkpt lat="-39.3673471548" lon="-72.6206219103"><ele>120.99</ele><time>2024-09-17T01:52:11Z</time></trkpt><trkpt lat="-39.3673229311" lon="-72.6205719542"><ele>121.15</ele><time>2024-09-17T01:52:12Z</time></trkpt><trkpt lat="-39.3672914151" lon="-72.6204472315"><ele>121.29</ele><time>2024-09-17T01:52:15Z</time></trkpt><trkpt lat="-39.3673550338" lon="-72.6203553658"><ele>121.15</ele><time>2024-09-17T01:52:18Z</time></trkpt><trkpt lat="-39.3676478975" lon="-72.6201170683"><ele>121.30</ele><time>2024-09-17T01:52:28Z</time></trkpt><trkpt lat="-39.3676664215" lon="-72.6201308984"><ele>121.32</ele><time>2024-09-17T01:52:29Z</time></trkpt><trkpt lat="-39.3676878791" lon="-72.6201627497"><ele>121.24</ele><time>2024-09-17T01:52:30Z</time></trkpt><trkpt lat="-39.3677075766" lon="-72.6202045754"><ele>121.27</ele><time>2024-09-17T01:52:31Z</time></trkpt><trkpt lat="-39.3677311298" lon="-72.6202443894"><ele>121.14</ele><time>2024-09-17T01:52:32Z</time></trkpt><trkpt lat="-39.3678058963" lon="-72.6203189883"><ele>120.86</ele><time>2024-09-17T01:52:36Z</time></trkpt><trkpt lat="-39.3678335566" lon="-72.6203042362"><ele>120.73</ele><time>2024-09-17T01:52:37Z</time></trkpt><trkpt lat="-39.3678637315" lon="-72.6202778332"><ele>121.73</ele><time>2024-09-17T01:52:38Z</time></trkpt><trkpt lat="-39.3683955632" lon="-72.6197938621"><ele>122.14</ele><time>2024-09-17T01:52:48Z</time></trkpt><trkpt lat="-39.3689981382" lon="-72.6192528941"><ele>122.04</ele><time>2024-09-17T01:53:01Z</time></trkpt><trkpt lat="-39.3690142315" lon="-72.6192563307"><ele>122.03</ele><time>2024-09-17T01:53:02Z</time></trkpt><trkpt lat="-39.3690306600" lon="-72.6192668080"><ele>121.96</ele><time>2024-09-17T01:53:03Z</time></trkpt><trkpt lat="-39.3690444063" lon="-72.6192852482"><ele>122.04</ele><time>2024-09-17T01:53:04Z</time></trkpt><trkpt lat="-39.3690542132" lon="-72.6193103101"><ele>121.95</ele><time>2024-09-17T01:53:05Z</time></trkpt><trkpt lat="-39.3690848071" lon="-72.6193387248"><ele>122.03</ele><time>2024-09-17T01:53:06Z</time></trkpt><trkpt lat="-39.3690948654" lon="-72.6193757728"><ele>121.83</ele><time>2024-09-17T01:53:07Z</time></trkpt><trkpt lat="-39.3691028282" lon="-72.6194224600"><ele>121.83</ele><time>2024-09-17T01:53:08Z</time></trkpt><trkpt lat="-39.3691100366" lon="-72.6194797922"><ele>121.88</ele><time>2024-09-17T01:53:09Z</time></trkpt><trkpt lat="-39.3691267166" lon="-72.6198825426"><ele>121.86</ele><time>2024-09-17T01:53:18Z</time></trkpt><trkpt lat="-39.3690946139" lon="-72.6199125499"><ele>121.94</ele><time>2024-09-17T01:53:19Z</time></trkpt><trkpt lat="-39.3685699068" lon="-72.6203742251"><ele>121.81</ele><time>2024-09-17T01:53:30Z</time></trkpt><trkpt lat="-39.3678778131" lon="-72.6209890377"><ele>121.04</ele><time>2024-09-17T01:53:46Z</time></trkpt><trkpt lat="-39.3677559402" lon="-72.6210821606"><ele>120.57</ele><time>2024-09-17T01:53:52Z</time></trkpt><trkpt lat="-39.3677463848" lon="-72.6211131737"><ele>120.63</ele><time>2024-09-17T01:53:53Z</time></trkpt><trkpt lat="-39.3677476421" lon="-72.6211549994"><ele>120.72</ele><time>2024-09-17T01:53:54Z</time></trkpt><trkpt lat="-39.3677577004" lon="-72.6211982500"><ele>120.66</ele><time>2024-09-17T01:53:55Z</time></trkpt><trkpt lat="-39.3677747995" lon="-72.6212472841"><ele>120.68</ele><time>2024-09-17T01:53:56Z</time></trkpt><trkpt lat="-39.3678033818" lon="-72.6213080529"><ele>120.86</ele><time>2024-09-17T01:53:57Z</time></trkpt><trkpt lat="-39.3681761250" lon="-72.6220297348"><ele>120.67</ele><time>2024-09-17T01:54:07Z</time></trkpt><trkpt lat="-39.3682884425" lon="-72.6223220117"><ele>120.42</ele><time>2024-09-17T01:54:17Z</time></trkpt><trkpt lat="-39.3684039451" lon="-72.6225152146"><ele>120.47</ele><time>2024-09-17T01:54:28Z</time></trkpt><trkpt lat="-39.3684425019" lon="-72.6225382648"><ele>120.55</ele><time>2024-09-17T01:54:29Z</time></trkpt><trkpt lat="-39.3684837408" lon="-72.6225460600"><ele>120.83</ele><time>2024-09-17T01:54:30Z</time></trkpt><trkpt lat="-39.3685262371" lon="-72.6225323137"><ele>120.93</ele><time>2024-09-17T01:54:31Z</time></trkpt><trkpt lat="-39.3685758580" lon="-72.6224956010"><ele>121.05</ele><time>2024-09-17T01:54:32Z</time></trkpt><trkpt lat="-39.3686313462" lon="-72.6224449743"><ele>121.28</ele><time>2024-09-17T01:54:33Z</time></trkpt><trkpt lat="-39.3686901871" lon="-72.6223883964"><ele>121.23</ele><time>2024-09-17T01:54:34Z</time></trkpt><trkpt lat="-39.3696452212" lon="-72.6214119047"><ele>121.51</ele><time>2024-09-17T01:54:50Z</time></trkpt><trkpt lat="-39.3700881209" lon="-72.6209840085"><ele>121.30</ele><time>2024-09-17T01:55:01Z</time></trkpt><trkpt lat="-39.3701862730" lon="-72.6208086591"><ele>121.70</ele><time>2024-09-17T01:55:08Z</time></trkpt><trkpt lat="-39.3701813277" lon="-72.6207565237"><ele>121.80</ele><time>2024-09-17T01:55:09Z</time></trkpt><trkpt lat="-39.3701721914" lon="-72.6207125187"><ele>121.50</ele><time>2024-09-17T01:55:10Z</time></trkpt><trkpt lat="-39.3701535836" lon="-72.6205574535"><ele>121.46</ele><time>2024-09-17T01:55:16Z</time></trkpt><trkpt lat="-39.3701697607" lon="-72.6205073297"><ele>121.52</ele><time>2024-09-17T01:55:17Z</time></trkpt><trkpt lat="-39.3701992650" lon="-72.6204584632"><ele>121.42</ele><time>2024-09-17T01:55:18Z</time></trkpt><trkpt lat="-39.3707300071" lon="-72.6197710633"><ele>120.15</ele><time>2024-09-17T01:55:28Z</time></trkpt><trkpt lat="-39.3715370167" lon="-72.6186029613"><ele>118.68</ele><time>2024-09-17T01:55:43Z</time></trkpt><trkpt lat="-39.3722401746" lon="-72.6172041055"><ele>117.81</ele><time>2024-09-17T01:55:59Z</time></trkpt><trkpt lat="-39.3723696750" lon="-72.6169352978"><ele>116.20</ele><time>2024-09-17T01:56:02Z</time></trkpt><trkpt lat="-39.3725431804" lon="-72.6165868621"><ele>119.32</ele><time>2024-09-17T01:56:06Z</time></trkpt><trkpt lat="-39.3731977232" lon="-72.6154972147"><ele>117.97</ele><time>2024-09-17T01:56:19Z</time></trkpt><trkpt lat="-39.3735406268" lon="-72.6142662484"><ele>116.62</ele><time>2024-09-17T01:56:31Z</time></trkpt><trkpt lat="-39.3740168028" lon="-72.6123818289"><ele>116.99</ele><time>2024-09-17T01:56:50Z</time></trkpt><trkpt lat="-39.3741209898" lon="-72.6108262315"><ele>118.28</ele><time>2024-09-17T01:57:05Z</time></trkpt><trkpt lat="-39.3741246779" lon="-72.6091061812"><ele>119.96</ele><time>2024-09-17T01:57:21Z</time></trkpt><trkpt lat="-39.3739420362" lon="-72.6072121225"><ele>120.45</ele><time>2024-09-17T01:57:39Z</time></trkpt><trkpt lat="-39.3736149743" lon="-72.6051556226"><ele>121.26</ele><time>2024-09-17T01:57:59Z</time></trkpt><trkpt lat="-39.3733826280" lon="-72.6041561645"><ele>121.60</ele><time>2024-09-17T01:58:09Z</time></trkpt><trkpt lat="-39.3733268045" lon="-72.6040722616"><ele>121.56</ele><time>2024-09-17T01:58:10Z</time></trkpt><trkpt lat="-39.3725197110" lon="-72.6027592365"><ele>121.92</ele><time>2024-09-17T01:58:26Z</time></trkpt><trkpt lat="-39.3723608740" lon="-72.6021567453"><ele>122.21</ele><time>2024-09-17T01:58:32Z</time></trkpt><trkpt lat="-39.3723562639" lon="-72.6020528935"><ele>122.13</ele><time>2024-09-17T01:58:33Z</time></trkpt><trkpt lat="-39.3723628856" lon="-72.6019465271"><ele>121.76</ele><time>2024-09-17T01:58:34Z</time></trkpt><trkpt lat="-39.3723777216" lon="-72.6018395741"><ele>121.78</ele><time>2024-09-17T01:58:35Z</time></trkpt><trkpt lat="-39.3724002689" lon="-72.6017330401"><ele>121.43</ele><time>2024-09-17T01:58:36Z</time></trkpt><trkpt lat="-39.3724239897" lon="-72.6016280986"><ele>121.91</ele><time>2024-09-17T01:58:37Z</time></trkpt><trkpt lat="-39.3728989083" lon="-72.6004051790"><ele>121.94</ele><time>2024-09-17T01:58:50Z</time></trkpt><trkpt lat="-39.3735215161" lon="-72.5988898985"><ele>124.18</ele><time>2024-09-17T01:59:06Z</time></trkpt><trkpt lat="-39.3739185669" lon="-72.5976022705"><ele>124.46</ele><time>2024-09-17T01:59:19Z</time></trkpt><trkpt lat="-39.3741829321" lon="-72.5961777661"><ele>124.57</ele><time>2024-09-17T01:59:33Z</time></trkpt><trkpt lat="-39.3744658213" lon="-72.5945194066"><ele>125.48</ele><time>2024-09-17T01:59:49Z</time></trkpt><trkpt lat="-39.3747038674" lon="-72.5930575188"><ele>125.67</ele><time>2024-09-17T02:00:03Z</time></trkpt><trkpt lat="-39.3749735970" lon="-72.5916153286"><ele>126.64</ele><time>2024-09-17T02:00:17Z</time></trkpt><trkpt lat="-39.3752471823" lon="-72.5902007148"><ele>126.79</ele><time>2024-09-17T02:00:31Z</time></trkpt><trkpt lat="-39.3753925245" lon="-72.5892248098"><ele>126.43</ele><time>2024-09-17T02:00:43Z</time></trkpt><trkpt lat="-39.3753399700" lon="-72.5891315192"><ele>126.44</ele><time>2024-09-17T02:00:52Z</time></trkpt><trkpt lat="-39.3753503636" lon="-72.5891392305"><ele>126.44</ele><time>2024-09-17T02:00:53Z</time></trkpt><trkpt lat="-39.3753604218" lon="-72.5891426671"><ele>126.37</ele><time>2024-09-17T02:00:54Z</time></trkpt><trkpt lat="-39.3753708154" lon="-72.5891440921"><ele>126.18</ele><time>2024-09-17T02:00:55Z</time></trkpt><trkpt lat="-39.3753584940" lon="-72.5891678967"><ele>126.37</ele><time>2024-09-17T02:00:58Z</time></trkpt><trkpt lat="-39.3753242120" lon="-72.5892968941"><ele>126.58</ele><time>2024-09-17T02:01:01Z</time></trkpt><trkpt lat="-39.3751975615" lon="-72.5900968630"><ele>127.05</ele><time>2024-09-17T02:01:09Z</time></trkpt><trkpt lat="-39.3748974893" lon="-72.5918277260"><ele>126.20</ele><time>2024-09-17T02:01:24Z</time></trkpt><trkpt lat="-39.3745470420" lon="-72.5937942043"><ele>125.72</ele><time>2024-09-17T02:01:43Z</time></trkpt><trkpt lat="-39.3742755521" lon="-72.5953323673"><ele>125.33</ele><time>2024-09-17T02:01:58Z</time></trkpt><trkpt lat="-39.3740117736" lon="-72.5968799181"><ele>124.92</ele><time>2024-09-17T02:02:13Z</time></trkpt><trkpt lat="-39.3736330792" lon="-72.5984920096"><ele>124.22</ele><time>2024-09-17T02:02:29Z</time></trkpt><trkpt lat="-39.3729787041" lon="-72.6001002453"><ele>123.22</ele><time>2024-09-17T02:02:46Z</time></trkpt><trkpt lat="-39.3723199703" lon="-72.6021233015"><ele>122.88</ele><time>2024-09-17T02:03:07Z</time></trkpt><trkpt lat="-39.3723301962" lon="-72.6023323461"><ele>122.94</ele><time>2024-09-17T02:03:09Z</time></trkpt><trkpt lat="-39.3723498937" lon="-72.6024370361"><ele>123.01</ele><time>2024-09-17T02:03:10Z</time></trkpt><trkpt lat="-39.3723787274" lon="-72.6025414746"><ele>123.25</ele><time>2024-09-17T02:03:11Z</time></trkpt><trkpt lat="-39.3724126741" lon="-72.6026436500"><ele>123.26</ele><time>2024-09-17T02:03:12Z</time></trkpt><trkpt lat="-39.3724519853" lon="-72.6027415507"><ele>123.24</ele><time>2024-09-17T02:03:13Z</time></trkpt><trkpt lat="-39.3724934757" lon="-72.6028375234"><ele>123.26</ele><time>2024-09-17T02:03:14Z</time></trkpt><trkpt lat="-39.3725815695" lon="-72.6030212548"><ele>123.04</ele><time>2024-09-17T02:03:16Z</time></trkpt><trkpt lat="-39.3734144792" lon="-72.6043762732"><ele>122.30</ele><time>2024-09-17T02:03:32Z</time></trkpt><trkpt lat="-39.3736305647" lon="-72.6055004541"><ele>121.79</ele><time>2024-09-17T02:03:43Z</time></trkpt><trkpt lat="-39.3738603126" lon="-72.6070583984"><ele>121.28</ele><time>2024-09-17T02:03:58Z</time></trkpt><trkpt lat="-39.3740365002" lon="-72.6085248124"><ele>120.23</ele><time>2024-09-17T02:04:12Z</time></trkpt><trkpt lat="-39.3740581255" lon="-72.6100908034"><ele>119.72</ele><time>2024-09-17T02:04:27Z</time></trkpt><trkpt lat="-39.3739033956" lon="-72.6126022730"><ele>117.02</ele><time>2024-09-17T02:04:51Z</time></trkpt><trkpt lat="-39.3733816221" lon="-72.6146937255"><ele>116.83</ele><time>2024-09-17T02:05:12Z</time></trkpt><trkpt lat="-39.3728071265" lon="-72.6160666812"><ele>118.09</ele><time>2024-09-17T02:05:27Z</time></trkpt><trkpt lat="-39.3721108418" lon="-72.6173799578"><ele>117.62</ele><time>2024-09-17T02:05:42Z</time></trkpt><trkpt lat="-39.3712319154" lon="-72.6190291811"><ele>118.92</ele><time>2024-09-17T02:06:01Z</time></trkpt><trkpt lat="-39.3701485544" lon="-72.6204659231"><ele>121.00</ele><time>2024-09-17T02:06:20Z</time></trkpt><trkpt lat="-39.3700258434" lon="-72.6207381673"><ele>121.80</ele><time>2024-09-17T02:06:23Z</time></trkpt><trkpt lat="-39.3699533399" lon="-72.6209369861"><ele>121.68</ele><time>2024-09-17T02:06:25Z</time></trkpt><trkpt lat="-39.3699053954" lon="-72.6210245769"><ele>121.53</ele><time>2024-09-17T02:06:26Z</time></trkpt><trkpt lat="-39.3698493205" lon="-72.6211026125"><ele>121.40</ele><time>2024-09-17T02:06:27Z</time></trkpt><trkpt lat="-39.3687485252" lon="-72.6221904997"><ele>120.90</ele><time>2024-09-17T02:06:44Z</time></trkpt><trkpt lat="-39.3677871209" lon="-72.6231119223"><ele>119.93</ele><time>2024-09-17T02:07:00Z</time></trkpt><trkpt lat="-39.3671769183" lon="-72.6237011701"><ele>120.03</ele><time>2024-09-17T02:07:11Z</time></trkpt><trkpt lat="-39.3659354746" lon="-72.6248789951"><ele>119.18</ele><time>2024-09-17T02:07:30Z</time></trkpt><trkpt lat="-39.3657669146" lon="-72.6250638999"><ele>119.03</ele><time>2024-09-17T02:07:34Z</time></trkpt><trkpt lat="-39.3657488935" lon="-72.6251170412"><ele>118.95</ele><time>2024-09-17T02:07:35Z</time></trkpt><trkpt lat="-39.3657441996" lon="-72.6251700986"><ele>118.93</ele><time>2024-09-17T02:07:36Z</time></trkpt><trkpt lat="-39.3657509889" lon="-72.6252217311"><ele>118.83</ele><time>2024-09-17T02:07:37Z</time></trkpt><trkpt lat="-39.3657675851" lon="-72.6252643950"><ele>118.54</ele><time>2024-09-17T02:07:38Z</time></trkpt><trkpt lat="-39.3657888751" lon="-72.6253008563"><ele>118.42</ele><time>2024-09-17T02:07:39Z</time></trkpt><trkpt lat="-39.3658114225" lon="-72.6253332105"><ele>118.37</ele><time>2024-09-17T02:07:40Z</time></trkpt><trkpt lat="-39.3658334669" lon="-72.6253637206"><ele>118.40</ele><time>2024-09-17T02:07:41Z</time></trkpt><trkpt lat="-39.3661886919" lon="-72.6259706542"><ele>118.45</ele><time>2024-09-17T02:07:51Z</time></trkpt><trkpt lat="-39.3663473614" lon="-72.6262112148"><ele>118.03</ele><time>2024-09-17T02:07:55Z</time></trkpt><trkpt lat="-39.3663905282" lon="-72.6262365282"><ele>117.97</ele><time>2024-09-17T02:07:56Z</time></trkpt><trkpt lat="-39.3664352875" lon="-72.6262474246"><ele>117.92</ele><time>2024-09-17T02:07:57Z</time></trkpt><trkpt lat="-39.3664799631" lon="-72.6262393780"><ele>117.94</ele><time>2024-09-17T02:07:58Z</time></trkpt><trkpt lat="-39.3665288296" lon="-72.6262092032"><ele>118.04</ele><time>2024-09-17T02:07:59Z</time></trkpt><trkpt lat="-39.3665807135" lon="-72.6261687186"><ele>117.95</ele><time>2024-09-17T02:08:00Z</time></trkpt><trkpt lat="-39.3666333519" lon="-72.6261237077"><ele>118.24</ele><time>2024-09-17T02:08:01Z</time></trkpt><trkpt lat="-39.3674626574" lon="-72.6253329590"><ele>119.43</ele><time>2024-09-17T02:08:16Z</time></trkpt><trkpt lat="-39.3681538291" lon="-72.6246630773"><ele>119.81</ele><time>2024-09-17T02:08:30Z</time></trkpt><trkpt lat="-39.3684167694" lon="-72.6244137995"><ele>120.17</ele><time>2024-09-17T02:08:39Z</time></trkpt><trkpt lat="-39.3690290675" lon="-72.6238462608"><ele>120.58</ele><time>2024-09-17T02:08:51Z</time></trkpt><trkpt lat="-39.3694152217" lon="-72.6234664768"><ele>120.89</ele><time>2024-09-17T02:09:02Z</time></trkpt><trkpt lat="-39.3700946588" lon="-72.6228126884"><ele>121.02</ele><time>2024-09-17T02:09:17Z</time></trkpt><trkpt lat="-39.3708108086" lon="-72.6221283060"><ele>121.74</ele><time>2024-09-17T02:09:33Z</time></trkpt><trkpt lat="-39.3708881736" lon="-72.6221087761"><ele>121.65</ele><time>2024-09-17T02:09:37Z</time></trkpt><trkpt lat="-39.3709140737" lon="-72.6221272163"><ele>121.64</ele><time>2024-09-17T02:09:38Z</time></trkpt><trkpt lat="-39.3709389679" lon="-72.6221550442"><ele>121.59</ele><time>2024-09-17T02:09:39Z</time></trkpt><trkpt lat="-39.3709884211" lon="-72.6222363487"><ele>121.39</ele><time>2024-09-17T02:09:41Z</time></trkpt><trkpt lat="-39.3713703845" lon="-72.6229383331"><ele>119.35</ele><time>2024-09-17T02:09:52Z</time></trkpt><trkpt lat="-39.3714408763" lon="-72.6231078990"><ele>118.84</ele><time>2024-09-17T02:09:55Z</time></trkpt><trkpt lat="-39.3714489229" lon="-72.6231656503"><ele>118.72</ele><time>2024-09-17T02:09:56Z</time></trkpt><trkpt lat="-39.3714471627" lon="-72.6232248265"><ele>118.97</ele><time>2024-09-17T02:09:57Z</time></trkpt><trkpt lat="-39.3714293931" lon="-72.6232804824"><ele>118.86</ele><time>2024-09-17T02:09:58Z</time></trkpt><trkpt lat="-39.3713959493" lon="-72.6233303547"><ele>118.77</ele><time>2024-09-17T02:09:59Z</time></trkpt><trkpt lat="-39.3713507708" lon="-72.6233749464"><ele>118.82</ele><time>2024-09-17T02:10:00Z</time></trkpt><trkpt lat="-39.3713014014" lon="-72.6234189514"><ele>118.85</ele><time>2024-09-17T02:10:01Z</time></trkpt><trkpt lat="-39.3706409074" lon="-72.6240453310"><ele>120.26</ele><time>2024-09-17T02:10:17Z</time></trkpt><trkpt lat="-39.3700007815" lon="-72.6246086787"><ele>120.12</ele><time>2024-09-17T02:10:28Z</time></trkpt><trkpt lat="-39.3695945106" lon="-72.6249942463"><ele>119.99</ele><time>2024-09-17T02:10:37Z</time></trkpt><trkpt lat="-39.3689102121" lon="-72.6256282534"><ele>120.43</ele><time>2024-09-17T02:10:50Z</time></trkpt><trkpt lat="-39.3684371375" lon="-72.6260721590"><ele>120.05</ele><time>2024-09-17T02:10:59Z</time></trkpt><trkpt lat="-39.3676561117" lon="-72.6268179808"><ele>118.45</ele><time>2024-09-17T02:11:13Z</time></trkpt><trkpt lat="-39.3671268784" lon="-72.6273028739"><ele>116.76</ele><time>2024-09-17T02:11:24Z</time></trkpt><trkpt lat="-39.3670998886" lon="-72.6275948994"><ele>116.88</ele><time>2024-09-17T02:11:31Z</time></trkpt><trkpt lat="-39.3675054051" lon="-72.6282644458"><ele>117.38</ele><time>2024-09-17T02:11:41Z</time></trkpt><trkpt lat="-39.3676119391" lon="-72.6284286473"><ele>117.11</ele><time>2024-09-17T02:11:44Z</time></trkpt><trkpt lat="-39.3676487356" lon="-72.6284648571"><ele>117.05</ele><time>2024-09-17T02:11:45Z</time></trkpt><trkpt lat="-39.3676869571" lon="-72.6284883264"><ele>117.09</ele><time>2024-09-17T02:11:46Z</time></trkpt><trkpt lat="-39.3677284475" lon="-72.6284985524"><ele>117.01</ele><time>2024-09-17T02:11:47Z</time></trkpt><trkpt lat="-39.3677732907" lon="-72.6284905896"><ele>117.08</ele><time>2024-09-17T02:11:48Z</time></trkpt><trkpt lat="-39.3678184692" lon="-72.6284682937"><ele>117.14</ele><time>2024-09-17T02:11:49Z</time></trkpt><trkpt lat="-39.3678649049" lon="-72.6284361072"><ele>117.17</ele><time>2024-09-17T02:11:50Z</time></trkpt><trkpt lat="-39.3679121789" lon="-72.6283953711"><ele>117.12</ele><time>2024-09-17T02:11:51Z</time></trkpt><trkpt lat="-39.3679586984" lon="-72.6283475943"><ele>117.30</ele><time>2024-09-17T02:11:52Z</time></trkpt><trkpt lat="-39.3688029237" lon="-72.6275211386"><ele>118.28</ele><time>2024-09-17T02:12:08Z</time></trkpt><trkpt lat="-39.3694186583" lon="-72.6269175578"><ele>118.73</ele><time>2024-09-17T02:12:21Z</time></trkpt><trkpt lat="-39.3696567044" lon="-72.6266878936"><ele>118.86</ele><time>2024-09-17T02:12:29Z</time></trkpt><trkpt lat="-39.3702349719" lon="-72.6261194330"><ele>118.43</ele><time>2024-09-17T02:12:42Z</time></trkpt><trkpt lat="-39.3703799788" lon="-72.6260378771"><ele>118.24</ele><time>2024-09-17T02:12:47Z</time></trkpt><trkpt lat="-39.3704095669" lon="-72.6260600053"><ele>118.29</ele><time>2024-09-17T02:12:48Z</time></trkpt><trkpt lat="-39.3704380654" lon="-72.6261032559"><ele>118.25</ele><time>2024-09-17T02:12:49Z</time></trkpt><trkpt lat="-39.3708553165" lon="-72.6268430427"><ele>117.46</ele><time>2024-09-17T02:13:01Z</time></trkpt><trkpt lat="-39.3713024911" lon="-72.6275804825"><ele>114.01</ele><time>2024-09-17T02:13:12Z</time></trkpt><trkpt lat="-39.3713468313" lon="-72.6276601106"><ele>113.73</ele><time>2024-09-17T02:13:13Z</time></trkpt><trkpt lat="-39.3716452271" lon="-72.6281734183"><ele>112.19</ele><time>2024-09-17T02:13:21Z</time></trkpt><trkpt lat="-39.3716526031" lon="-72.6282247156"><ele>111.85</ele><time>2024-09-17T02:13:22Z</time></trkpt><trkpt lat="-39.3716418743" lon="-72.6282753423"><ele>111.73</ele><time>2024-09-17T02:13:23Z</time></trkpt><trkpt lat="-39.3716157228" lon="-72.6283283159"><ele>111.78</ele><time>2024-09-17T02:13:24Z</time></trkpt><trkpt lat="-39.3715754058" lon="-72.6283772662"><ele>111.94</ele><time>2024-09-17T02:13:25Z</time></trkpt><trkpt lat="-39.3715200853" lon="-72.6284304075"><ele>111.34</ele><time>2024-09-17T02:13:26Z</time></trkpt><trkpt lat="-39.3714607414" lon="-72.6284872368"><ele>112.19</ele><time>2024-09-17T02:13:27Z</time></trkpt><trkpt lat="-39.3711616751" lon="-72.6287664380"><ele>115.58</ele><time>2024-09-17T02:13:32Z</time></trkpt><trkpt lat="-39.3711098749" lon="-72.6288177352"><ele>115.83</ele><time>2024-09-17T02:13:33Z</time></trkpt><trkpt lat="-39.3708924484" lon="-72.6290220022"><ele>116.94</ele><time>2024-09-17T02:13:41Z</time></trkpt><trkpt lat="-39.3706303462" lon="-72.6292787399"><ele>117.61</ele><time>2024-09-17T02:13:48Z</time></trkpt><trkpt lat="-39.3698062375" lon="-72.6300267410"><ele>117.33</ele><time>2024-09-17T02:14:02Z</time></trkpt><trkpt lat="-39.3691333383" lon="-72.6306566410"><ele>115.81</ele><time>2024-09-17T02:14:17Z</time></trkpt><trkpt lat="-39.3688179273" lon="-72.6309592277"><ele>116.07</ele><time>2024-09-17T02:14:26Z</time></trkpt><trkpt lat="-39.3682630453" lon="-72.6314524189"><ele>115.47</ele><time>2024-09-17T02:14:39Z</time></trkpt><trkpt lat="-39.3682395760" lon="-72.6314857788"><ele>115.12</ele><time>2024-09-17T02:14:45Z</time></trkpt><trkpt lat="-39.3682534061" lon="-72.6314721163"><ele>115.24</ele><time>2024-09-17T02:14:46Z</time></trkpt><trkpt lat="-39.3683385663" lon="-72.6313560270"><ele>115.23</ele><time>2024-09-17T02:15:01Z</time></trkpt><trkpt lat="-39.3683498818" lon="-72.6313629001"><ele>115.20</ele><time>2024-09-17T02:15:02Z</time></trkpt><trkpt lat="-39.3684009276" lon="-72.6313629840"><ele>115.28</ele><time>2024-09-17T02:15:06Z</time></trkpt><trkpt lat="-39.3687122315" lon="-72.6310624927"><ele>115.67</ele><time>2024-09-17T02:15:15Z</time></trkpt><trkpt lat="-39.3690043408" lon="-72.6307210140"><ele>115.77</ele><time>2024-09-17T02:15:25Z</time></trkpt><trkpt lat="-39.3690049276" lon="-72.6306583174"><ele>115.78</ele><time>2024-09-17T02:15:26Z</time></trkpt><trkpt lat="-39.3689906783" lon="-72.6305904239"><ele>115.85</ele><time>2024-09-17T02:15:27Z</time></trkpt><trkpt lat="-39.3689631857" lon="-72.6305196807"><ele>115.80</ele><time>2024-09-17T02:15:28Z</time></trkpt><trkpt lat="-39.3689253833" lon="-72.6304490212"><ele>115.98</ele><time>2024-09-17T02:15:29Z</time></trkpt><trkpt lat="-39.3688830547" lon="-72.6303750090"><ele>116.01</ele><time>2024-09-17T02:15:30Z</time></trkpt><trkpt lat="-39.3681261688" lon="-72.6290642470"><ele>116.81</ele><time>2024-09-17T02:15:46Z</time></trkpt><trkpt lat="-39.3673787545" lon="-72.6277754456"><ele>116.77</ele><time>2024-09-17T02:16:01Z</time></trkpt><trkpt lat="-39.3666023389" lon="-72.6264076866"><ele>116.58</ele><time>2024-09-17T02:16:18Z</time></trkpt><trkpt lat="-39.3661150150" lon="-72.6255789679"><ele>116.69</ele><time>2024-09-17T02:16:31Z</time></trkpt><trkpt lat="-39.3658912182" lon="-72.6251876168"><ele>116.51</ele><time>2024-09-17T02:16:42Z</time></trkpt><trkpt lat="-39.3657488097" lon="-72.6250791550"><ele>116.78</ele><time>2024-09-17T02:16:48Z</time></trkpt><trkpt lat="-39.3657069840" lon="-72.6250877883"><ele>116.90</ele><time>2024-09-17T02:16:49Z</time></trkpt><trkpt lat="-39.3656620570" lon="-72.6251147781"><ele>117.02</ele><time>2024-09-17T02:16:50Z</time></trkpt><trkpt lat="-39.3656139448" lon="-72.6251560170"><ele>117.00</ele><time>2024-09-17T02:16:51Z</time></trkpt><trkpt lat="-39.3655628990" lon="-72.6252067275"><ele>117.05</ele><time>2024-09-17T02:16:52Z</time></trkpt><trkpt lat="-39.3649178278" lon="-72.6258540619"><ele>116.95</ele><time>2024-09-17T02:17:05Z</time></trkpt><trkpt lat="-39.3648008164" lon="-72.6260046847"><ele>116.85</ele><time>2024-09-17T02:17:11Z</time></trkpt><trkpt lat="-39.3647953682" lon="-72.6260556467"><ele>116.88</ele><time>2024-09-17T02:17:12Z</time></trkpt><trkpt lat="-39.3648031633" lon="-72.6261105482"><ele>116.93</ele><time>2024-09-17T02:17:13Z</time></trkpt><trkpt lat="-39.3648259621" lon="-72.6261685509"><ele>117.08</ele><time>2024-09-17T02:17:14Z</time></trkpt><trkpt lat="-39.3648562208" lon="-72.6262293197"><ele>117.03</ele><time>2024-09-17T02:17:15Z</time></trkpt><trkpt lat="-39.3648928497" lon="-72.6262931898"><ele>117.07</ele><time>2024-09-17T02:17:16Z</time></trkpt><trkpt lat="-39.3649324123" lon="-72.6263580658"><ele>117.06</ele><time>2024-09-17T02:17:17Z</time></trkpt><trkpt lat="-39.3655695207" lon="-72.6274474617"><ele>116.89</ele><time>2024-09-17T02:17:33Z</time></trkpt><trkpt lat="-39.3662628718" lon="-72.6286575571"><ele>116.56</ele><time>2024-09-17T02:17:48Z</time></trkpt><trkpt lat="-39.3669843860" lon="-72.6298987493"><ele>116.00</ele><time>2024-09-17T02:18:03Z</time></trkpt><trkpt lat="-39.3676825147" lon="-72.6311210822"><ele>112.75</ele><time>2024-09-17T02:18:18Z</time></trkpt><trkpt lat="-39.3678052258" lon="-72.6313408557"><ele>115.78</ele><time>2024-09-17T02:18:21Z</time></trkpt><trkpt lat="-39.3679766357" lon="-72.6316277683"><ele>115.93</ele><time>2024-09-17T02:18:26Z</time></trkpt><trkpt lat="-39.3679938186" lon="-72.6316726953"><ele>116.65</ele><time>2024-09-17T02:18:27Z</time></trkpt><trkpt lat="-39.3679979257" lon="-72.6317146886"><ele>115.79</ele><time>2024-09-17T02:18:28Z</time></trkpt><trkpt lat="-39.3679918069" lon="-72.6317554247"><ele>115.60</ele><time>2024-09-17T02:18:29Z</time></trkpt><trkpt lat="-39.3679750431" lon="-72.6317956578"><ele>115.44</ele><time>2024-09-17T02:18:30Z</time></trkpt><trkpt lat="-39.3679479696" lon="-72.6318368129"><ele>115.44</ele><time>2024-09-17T02:18:31Z</time></trkpt><trkpt lat="-39.3679126818" lon="-72.6318767108"><ele>115.43</ele><time>2024-09-17T02:18:32Z</time></trkpt><trkpt lat="-39.3678700179" lon="-72.6319174469"><ele>115.53</ele><time>2024-09-17T02:18:33Z</time></trkpt><trkpt lat="-39.3678222410" lon="-72.6319600269"><ele>115.53</ele><time>2024-09-17T02:18:34Z</time></trkpt><trkpt lat="-39.3673367612" lon="-72.6323459297"><ele>114.94</ele><time>2024-09-17T02:18:45Z</time></trkpt><trkpt lat="-39.3673131242" lon="-72.6323322672"><ele>115.67</ele><time>2024-09-17T02:18:46Z</time></trkpt><trkpt lat="-39.3672857154" lon="-72.6323117316"><ele>115.13</ele><time>2024-09-17T02:18:47Z</time></trkpt><trkpt lat="-39.3668439891" lon="-72.6318313647"><ele>115.48</ele><time>2024-09-17T02:19:00Z</time></trkpt><trkpt lat="-39.3666082062" lon="-72.6314086653"><ele>115.68</ele><time>2024-09-17T02:19:11Z</time></trkpt><trkpt lat="-39.3666189350" lon="-72.6313741319"><ele>115.54</ele><time>2024-09-17T02:19:12Z</time></trkpt><trkpt lat="-39.3666430749" lon="-72.6313375030"><ele>115.25</ele><time>2024-09-17T02:19:13Z</time></trkpt><trkpt lat="-39.3666770216" lon="-72.6313004550"><ele>115.01</ele><time>2024-09-17T02:19:14Z</time></trkpt><trkpt lat="-39.3667177577" lon="-72.6312634908"><ele>115.12</ele><time>2024-09-17T02:19:15Z</time></trkpt><trkpt lat="-39.3672891520" lon="-72.6307180803"><ele>115.36</ele><time>2024-09-17T02:19:27Z</time></trkpt><trkpt lat="-39.3674003799" lon="-72.6306454092"><ele>115.42</ele><time>2024-09-17T02:19:32Z</time></trkpt><trkpt lat="-39.3674344942" lon="-72.6306723990"><ele>115.36</ele><time>2024-09-17T02:19:33Z</time></trkpt><trkpt lat="-39.3674690276" lon="-72.6307251211"><ele>115.50</ele><time>2024-09-17T02:19:34Z</time></trkpt><trkpt lat="-39.3678920623" lon="-72.6314530056"><ele>115.93</ele><time>2024-09-17T02:19:43Z</time></trkpt><trkpt lat="-39.3686005007" lon="-72.6326585747"><ele>115.36</ele><time>2024-09-17T02:20:00Z</time></trkpt><trkpt lat="-39.3686327711" lon="-72.6327058487"><ele>115.33</ele><time>2024-09-17T02:20:09Z</time></trkpt><trkpt lat="-39.3687268998" lon="-72.6327574812"><ele>115.58</ele><time>2024-09-17T02:20:35Z</time></trkpt><trkpt lat="-39.3687730841" lon="-72.6327480096"><ele>115.79</ele><time>2024-09-17T02:20:36Z</time></trkpt><trkpt lat="-39.3688224535" lon="-72.6327203494"><ele>115.75</ele><time>2024-09-17T02:20:37Z</time></trkpt><trkpt lat="-39.3693629187" lon="-72.6322123222"><ele>115.84</ele><time>2024-09-17T02:20:48Z</time></trkpt><trkpt lat="-39.3695217557" lon="-72.6320392359"><ele>115.68</ele><time>2024-09-17T02:20:58Z</time></trkpt><trkpt lat="-39.3695541937" lon="-72.6320134196"><ele>115.70</ele><time>2024-09-17T02:21:18Z</time></trkpt><trkpt lat="-39.3696101848" lon="-72.6319621224"><ele>115.76</ele><time>2024-09-17T02:21:20Z</time></trkpt><trkpt lat="-39.3700820021" lon="-72.6315241680"><ele>116.64</ele><time>2024-09-17T02:21:29Z</time></trkpt><trkpt lat="-39.3710405566" lon="-72.6305928547"><ele>116.59</ele><time>2024-09-17T02:21:45Z</time></trkpt><trkpt lat="-39.3717226759" lon="-72.6299192011"><ele>113.55</ele><time>2024-09-17T02:21:57Z</time></trkpt><trkpt lat="-39.3719706964" lon="-72.6296804007"><ele>111.65</ele><time>2024-09-17T02:22:01Z</time></trkpt><trkpt lat="-39.3723664898" lon="-72.6293911412"><ele>110.57</ele><time>2024-09-17T02:22:10Z</time></trkpt><trkpt lat="-39.3724034540" lon="-72.6294353139"><ele>110.62</ele><time>2024-09-17T02:22:11Z</time></trkpt><trkpt lat="-39.3724428490" lon="-72.6295009442"><ele>110.56</ele><time>2024-09-17T02:22:12Z</time></trkpt><trkpt lat="-39.3729212880" lon="-72.6303488575"><ele>110.12</ele><time>2024-09-17T02:22:23Z</time></trkpt><trkpt lat="-39.3729346152" lon="-72.6304836385"><ele>110.11</ele><time>2024-09-17T02:22:26Z</time></trkpt><trkpt lat="-39.3729102239" lon="-72.6305357739"><ele>110.13</ele><time>2024-09-17T02:22:27Z</time></trkpt><trkpt lat="-39.3728692364" lon="-72.6305880770"><ele>110.24</ele><time>2024-09-17T02:22:28Z</time></trkpt><trkpt lat="-39.3728168495" lon="-72.6306417212"><ele>110.34</ele><time>2024-09-17T02:22:29Z</time></trkpt><trkpt lat="-39.3727556616" lon="-72.6307018194"><ele>110.45</ele><time>2024-09-17T02:22:30Z</time></trkpt><trkpt lat="-39.3721958343" lon="-72.6312254369"><ele>112.02</ele><time>2024-09-17T02:22:40Z</time></trkpt><trkpt lat="-39.3716697861" lon="-72.6317218132"><ele>114.13</ele><time>2024-09-17T02:22:52Z</time></trkpt><trkpt lat="-39.3715293054" lon="-72.6318494696"><ele>114.72</ele><time>2024-09-17T02:22:55Z</time></trkpt><trkpt lat="-39.3711363617" lon="-72.6322266553"><ele>116.25</ele><time>2024-09-17T02:23:07Z</time></trkpt><trkpt lat="-39.3705214653" lon="-72.6328024082"><ele>116.05</ele><time>2024-09-17T02:23:19Z</time></trkpt><trkpt lat="-39.3703649752" lon="-72.6329467446"><ele>115.71</ele><time>2024-09-17T02:23:26Z</time></trkpt><trkpt lat="-39.3699307926" lon="-72.6333737187"><ele>116.01</ele><time>2024-09-17T02:23:35Z</time></trkpt><trkpt lat="-39.3694766611" lon="-72.6337980106"><ele>114.53</ele><time>2024-09-17T02:23:45Z</time></trkpt><trkpt lat="-39.3694013078" lon="-72.6339006890"><ele>114.23</ele><time>2024-09-17T02:23:49Z</time></trkpt><trkpt lat="-39.3693915009" lon="-72.6339610387"><ele>114.39</ele><time>2024-09-17T02:23:50Z</time></trkpt><trkpt lat="-39.3693941832" lon="-72.6340348832"><ele>114.65</ele><time>2024-09-17T02:23:51Z</time></trkpt><trkpt lat="-39.3694165628" lon="-72.6340983342"><ele>114.62</ele><time>2024-09-17T02:23:52Z</time></trkpt><trkpt lat="-39.3694494199" lon="-72.6341674011"><ele>114.87</ele><time>2024-09-17T02:23:53Z</time></trkpt><trkpt lat="-39.3694920838" lon="-72.6342413295"><ele>115.03</ele><time>2024-09-17T02:23:54Z</time></trkpt><trkpt lat="-39.3699390069" lon="-72.6349797752"><ele>115.21</ele><time>2024-09-17T02:24:04Z</time></trkpt><trkpt lat="-39.3699830957" lon="-72.6350122131"><ele>115.12</ele><time>2024-09-17T02:24:05Z</time></trkpt><trkpt lat="-39.3700273521" lon="-72.6350255404"><ele>115.00</ele><time>2024-09-17T02:24:06Z</time></trkpt><trkpt lat="-39.3700711057" lon="-72.6350195892"><ele>115.05</ele><time>2024-09-17T02:24:07Z</time></trkpt><trkpt lat="-39.3701177090" lon="-72.6349915937"><ele>115.01</ele><time>2024-09-17T02:24:08Z</time></trkpt><trkpt lat="-39.3701664917" lon="-72.6349471696"><ele>115.23</ele><time>2024-09-17T02:24:09Z</time></trkpt><trkpt lat="-39.3702185433" lon="-72.6348948665"><ele>115.35</ele><time>2024-09-17T02:24:10Z</time></trkpt><trkpt lat="-39.3708419055" lon="-72.6342691574"><ele>116.13</ele><time>2024-09-17T02:24:23Z</time></trkpt><trkpt lat="-39.3710352760" lon="-72.6340666506"><ele>116.46</ele><time>2024-09-17T02:24:30Z</time></trkpt><trkpt lat="-39.3716225121" lon="-72.6334936637"><ele>114.29</ele><time>2024-09-17T02:24:41Z</time></trkpt><trkpt lat="-39.3718768191" lon="-72.6332323998"><ele>112.72</ele><time>2024-09-17T02:24:49Z</time></trkpt><trkpt lat="-39.3723264243" lon="-72.6328131370"><ele>112.81</ele><time>2024-09-17T02:24:57Z</time></trkpt><trkpt lat="-39.3727305997" lon="-72.6324323472"><ele>111.94</ele><time>2024-09-17T02:25:07Z</time></trkpt><trkpt lat="-39.3732558936" lon="-72.6319458615"><ele>111.50</ele><time>2024-09-17T02:25:17Z</time></trkpt><trkpt lat="-39.3736956082" lon="-72.6315205637"><ele>110.83</ele><time>2024-09-17T02:25:27Z</time></trkpt><trkpt lat="-39.3743675854" lon="-72.6309127919"><ele>110.06</ele><time>2024-09-17T02:25:39Z</time></trkpt><trkpt lat="-39.3745747022" lon="-72.6306841336"><ele>110.01</ele><time>2024-09-17T02:25:46Z</time></trkpt><trkpt lat="-39.3751107249" lon="-72.6302074548"><ele>109.48</ele><time>2024-09-17T02:25:56Z</time></trkpt><trkpt lat="-39.3753025029" lon="-72.6300163474"><ele>108.92</ele><time>2024-09-17T02:26:00Z</time></trkpt><trkpt lat="-39.3753424846" lon="-72.6299922075"><ele>108.87</ele><time>2024-09-17T02:26:01Z</time></trkpt><trkpt lat="-39.3753797002" lon="-72.6299906988"><ele>108.70</ele><time>2024-09-17T02:26:02Z</time></trkpt><trkpt lat="-39.3754102942" lon="-72.6300252322"><ele>108.71</ele><time>2024-09-17T02:26:03Z</time></trkpt><trkpt lat="-39.3754444923" lon="-72.6300853305"><ele>108.74</ele><time>2024-09-17T02:26:04Z</time></trkpt><trkpt lat="-39.3754863180" lon="-72.6301614381"><ele>108.86</ele><time>2024-09-17T02:26:05Z</time></trkpt><trkpt lat="-39.3759337440" lon="-72.6309355907"><ele>109.28</ele><time>2024-09-17T02:26:15Z</time></trkpt><trkpt lat="-39.3759519327" lon="-72.6309852954"><ele>109.12</ele><time>2024-09-17T02:26:16Z</time></trkpt><trkpt lat="-39.3759539444" lon="-72.6310360059"><ele>109.08</ele><time>2024-09-17T02:26:17Z</time></trkpt><trkpt lat="-39.3759415392" lon="-72.6310860459"><ele>109.03</ele><time>2024-09-17T02:26:18Z</time></trkpt><trkpt lat="-39.3759127054" lon="-72.6311349124"><ele>109.13</ele><time>2024-09-17T02:26:19Z</time></trkpt><trkpt lat="-39.3758677784" lon="-72.6311847847"><ele>109.00</ele><time>2024-09-17T02:26:20Z</time></trkpt><trkpt lat="-39.3758163135" lon="-72.6312350761"><ele>109.23</ele><time>2024-09-17T02:26:21Z</time></trkpt><trkpt lat="-39.3752144929" lon="-72.6318121701"><ele>109.38</ele><time>2024-09-17T02:26:33Z</time></trkpt><trkpt lat="-39.3748306017" lon="-72.6321845781"><ele>110.08</ele><time>2024-09-17T02:26:41Z</time></trkpt><trkpt lat="-39.3743106723" lon="-72.6326846424"><ele>110.42</ele><time>2024-09-17T02:26:52Z</time></trkpt><trkpt lat="-39.3739422876" lon="-72.6330427174"><ele>111.26</ele><time>2024-09-17T02:27:00Z</time></trkpt><trkpt lat="-39.3734514434" lon="-72.6335107628"><ele>111.33</ele><time>2024-09-17T02:27:12Z</time></trkpt><trkpt lat="-39.3731127307" lon="-72.6338358130"><ele>111.98</ele><time>2024-09-17T02:27:20Z</time></trkpt><trkpt lat="-39.3721707724" lon="-72.6347308327"><ele>112.12</ele><time>2024-09-17T02:27:36Z</time></trkpt><trkpt lat="-39.3717062473" lon="-72.6351539511"><ele>113.24</ele><time>2024-09-17T02:27:46Z</time></trkpt><trkpt lat="-39.3716832809" lon="-72.6351715531"><ele>113.10</ele><time>2024-09-17T02:27:57Z</time></trkpt><trkpt lat="-39.3716624100" lon="-72.6351925917"><ele>113.35</ele><time>2024-09-17T02:27:58Z</time></trkpt><trkpt lat="-39.3716396112" lon="-72.6352179889"><ele>113.51</ele><time>2024-09-17T02:27:59Z</time></trkpt><trkpt lat="-39.3716137111" lon="-72.6352478284"><ele>113.61</ele><time>2024-09-17T02:28:00Z</time></trkpt><trkpt lat="-39.3715807702" lon="-72.6352843735"><ele>113.77</ele><time>2024-09-17T02:28:01Z</time></trkpt><trkpt lat="-39.3711047620" lon="-72.6357376669"><ele>115.10</ele><time>2024-09-17T02:28:09Z</time></trkpt><trkpt lat="-39.3707462680" lon="-72.6360812411"><ele>114.56</ele><time>2024-09-17T02:28:17Z</time></trkpt><trkpt lat="-39.3706761114" lon="-72.6361848414"><ele>114.57</ele><time>2024-09-17T02:28:20Z</time></trkpt><trkpt lat="-39.3706591800" lon="-72.6362396590"><ele>114.70</ele><time>2024-09-17T02:28:21Z</time></trkpt><trkpt lat="-39.3706605211" lon="-72.6363124140"><ele>114.89</ele><time>2024-09-17T02:28:22Z</time></trkpt><trkpt lat="-39.3706835713" lon="-72.6363798045"><ele>114.86</ele><time>2024-09-17T02:28:23Z</time></trkpt><trkpt lat="-39.3707209546" lon="-72.6364402380"><ele>114.77</ele><time>2024-09-17T02:28:24Z</time></trkpt><trkpt lat="-39.3707694020" lon="-72.6365113165"><ele>114.87</ele><time>2024-09-17T02:28:25Z</time></trkpt><trkpt lat="-39.3712844700" lon="-72.6373323239"><ele>114.05</ele><time>2024-09-17T02:28:36Z</time></trkpt><trkpt lat="-39.3713235296" lon="-72.6373706292"><ele>114.11</ele><time>2024-09-17T02:28:37Z</time></trkpt><trkpt lat="-39.3713634275" lon="-72.6373950206"><ele>114.03</ele><time>2024-09-17T02:28:38Z</time></trkpt><trkpt lat="-39.3714040797" lon="-72.6373992953"><ele>113.92</ele><time>2024-09-17T02:28:39Z</time></trkpt><trkpt lat="-39.3714465760" lon="-72.6373834535"><ele>113.78</ele><time>2024-09-17T02:28:40Z</time></trkpt><trkpt lat="-39.3714880664" lon="-72.6373558771"><ele>113.83</ele><time>2024-09-17T02:28:41Z</time></trkpt><trkpt lat="-39.3715299759" lon="-72.6373164821"><ele>113.76</ele><time>2024-09-17T02:28:42Z</time></trkpt><trkpt lat="-39.3715780042" lon="-72.6372682024"><ele>113.71</ele><time>2024-09-17T02:28:43Z</time></trkpt><trkpt lat="-39.3723863550" lon="-72.6364861708"><ele>111.56</ele><time>2024-09-17T02:28:57Z</time></trkpt><trkpt lat="-39.3732873257" lon="-72.6356139500"><ele>110.88</ele><time>2024-09-17T02:29:11Z</time></trkpt><trkpt lat="-39.3741520029" lon="-72.6347790286"><ele>110.83</ele><time>2024-09-17T02:29:26Z</time></trkpt><trkpt lat="-39.3746380694" lon="-72.6343179401"><ele>110.31</ele><time>2024-09-17T02:29:38Z</time></trkpt><trkpt lat="-39.3755983841" lon="-72.6333950926"><ele>109.12</ele><time>2024-09-17T02:29:54Z</time></trkpt><trkpt lat="-39.3765369058" lon="-72.6324300840"><ele>110.03</ele><time>2024-09-17T02:30:08Z</time></trkpt><trkpt lat="-39.3777034152" lon="-72.6312550250"><ele>111.75</ele><time>2024-09-17T02:30:25Z</time></trkpt><trkpt lat="-39.3779675290" lon="-72.6309987903"><ele>110.94</ele><time>2024-09-17T02:30:33Z</time></trkpt><trkpt lat="-39.3783879653" lon="-72.6307598222"><ele>111.23</ele><time>2024-09-17T02:30:42Z</time></trkpt><trkpt lat="-39.3794199452" lon="-72.6303077862"><ele>110.38</ele><time>2024-09-17T02:30:57Z</time></trkpt><trkpt lat="-39.3803251069" lon="-72.6299324445"><ele>110.47</ele><time>2024-09-17T02:31:11Z</time></trkpt><trkpt lat="-39.3811591063" lon="-72.6295646466"><ele>111.04</ele><time>2024-09-17T02:31:23Z</time></trkpt><trkpt lat="-39.3817053549" lon="-72.6293244213"><ele>110.99</ele><time>2024-09-17T02:31:32Z</time></trkpt><trkpt lat="-39.3819948658" lon="-72.6291670091"><ele>111.02</ele><time>2024-09-17T02:31:39Z</time></trkpt><trkpt lat="-39.3825944234" lon="-72.6289066672"><ele>110.86</ele><time>2024-09-17T02:31:50Z</time></trkpt><trkpt lat="-39.3835665565" lon="-72.6285292301"><ele>112.02</ele><time>2024-09-17T02:32:05Z</time></trkpt><trkpt lat="-39.3837183528" lon="-72.6284222770"><ele>111.91</ele><time>2024-09-17T02:32:09Z</time></trkpt><trkpt lat="-39.3837224599" lon="-72.6283860672"><ele>111.66</ele><time>2024-09-17T02:32:10Z</time></trkpt><trkpt lat="-39.3837162573" lon="-72.6283496059"><ele>111.69</ele><time>2024-09-17T02:32:11Z</time></trkpt><trkpt lat="-39.3836971465" lon="-72.6283118036"><ele>111.68</ele><time>2024-09-17T02:32:12Z</time></trkpt><trkpt lat="-39.3836685643" lon="-72.6282765158"><ele>111.71</ele><time>2024-09-17T02:32:13Z</time></trkpt><trkpt lat="-39.3836343661" lon="-72.6282411441"><ele>111.63</ele><time>2024-09-17T02:32:14Z</time></trkpt><trkpt lat="-39.3835958093" lon="-72.6282016654"><ele>111.77</ele><time>2024-09-17T02:32:15Z</time></trkpt><trkpt lat="-39.3831242435" lon="-72.6276249904"><ele>111.75</ele><time>2024-09-17T02:32:28Z</time></trkpt><trkpt lat="-39.3827915657" lon="-72.6276932191"><ele>111.55</ele><time>2024-09-17T02:32:37Z</time></trkpt><trkpt lat="-39.3825204950" lon="-72.6278117392"><ele>110.98</ele><time>2024-09-17T02:32:46Z</time></trkpt><trkpt lat="-39.3822239432" lon="-72.6279403176"><ele>110.50</ele><time>2024-09-17T02:32:55Z</time></trkpt><trkpt lat="-39.3820733204" lon="-72.6279995777"><ele>110.67</ele><time>2024-09-17T02:33:07Z</time></trkpt><trkpt lat="-39.3820536230" lon="-72.6280118991"><ele>110.64</ele><time>2024-09-17T02:33:09Z</time></trkpt><trkpt lat="-39.3819151539" lon="-72.6280626934"><ele>110.95</ele><time>2024-09-17T02:33:26Z</time></trkpt><trkpt lat="-39.3818715680" lon="-72.6280869171"><ele>110.49</ele><time>2024-09-17T02:33:29Z</time></trkpt><trkpt lat="-39.3816547282" lon="-72.6281626895"><ele>110.44</ele><time>2024-09-17T02:33:43Z</time></trkpt><trkpt lat="-39.3814601004" lon="-72.6282276493"><ele>110.27</ele><time>2024-09-17T02:33:57Z</time></trkpt><trkpt lat="-39.3813618645" lon="-72.6283149887"><ele>110.30</ele><time>2024-09-17T02:34:10Z</time></trkpt><trkpt lat="-39.3813641276" lon="-72.6283379551"><ele>110.25</ele><time>2024-09-17T02:34:11Z</time></trkpt><trkpt lat="-39.3813880999" lon="-72.6285652723"><ele>110.24</ele><time>2024-09-17T02:34:24Z</time></trkpt><trkpt lat="-39.3814768642" lon="-72.6288469043"><ele>110.49</ele><time>2024-09-17T02:34:37Z</time></trkpt><trkpt lat="-39.3815599289" lon="-72.6292121876"><ele>110.33</ele><time>2024-09-17T02:34:50Z</time></trkpt><trkpt lat="-39.3815577496" lon="-72.6293176319"><ele>110.33</ele><time>2024-09-17T02:35:03Z</time></trkpt><trkpt lat="-39.3815432489" lon="-72.6293366589"><ele>110.25</ele><time>2024-09-17T02:35:04Z</time></trkpt><trkpt lat="-39.3815181870" lon="-72.6293561887"><ele>110.39</ele><time>2024-09-17T02:35:05Z</time></trkpt><trkpt lat="-39.3814826477" lon="-72.6293771435"><ele>110.37</ele><time>2024-09-17T02:35:06Z</time></trkpt><trkpt lat="-39.3814420793" lon="-72.6293958351"><ele>110.47</ele><time>2024-09-17T02:35:07Z</time></trkpt><trkpt lat="-39.3813977391" lon="-72.6294124313"><ele>110.52</ele><time>2024-09-17T02:35:08Z</time></trkpt><trkpt lat="-39.3813520577" lon="-72.6294270996"><ele>110.44</ele><time>2024-09-17T02:35:09Z</time></trkpt><trkpt lat="-39.3806742970" lon="-72.6297053788"><ele>109.99</ele><time>2024-09-17T02:35:22Z</time></trkpt><trkpt lat="-39.3805302959" lon="-72.6297358051"><ele>109.89</ele><time>2024-09-17T02:35:26Z</time></trkpt><trkpt lat="-39.3805105984" lon="-72.6297108270"><ele>109.90</ele><time>2024-09-17T02:35:27Z</time></trkpt><trkpt lat="-39.3804934993" lon="-72.6296680793"><ele>109.94</ele><time>2024-09-17T02:35:28Z</time></trkpt><trkpt lat="-39.3804815132" lon="-72.6296179555"><ele>109.96</ele><time>2024-09-17T02:35:29Z</time></trkpt><trkpt lat="-39.3804670963" lon="-72.6295624673"><ele>110.03</ele><time>2024-09-17T02:35:30Z</time></trkpt><trkpt lat="-39.3803830259" lon="-72.6292955037"><ele>110.02</ele><time>2024-09-17T02:35:35Z</time></trkpt><trkpt lat="-39.3801953550" lon="-72.6285372768"><ele>110.59</ele><time>2024-09-17T02:35:49Z</time></trkpt><trkpt lat="-39.3800539523" lon="-72.6279188599"><ele>109.85</ele><time>2024-09-17T02:36:01Z</time></trkpt><trkpt lat="-39.3801471591" lon="-72.6278351247"><ele>110.13</ele><time>2024-09-17T02:36:05Z</time></trkpt><trkpt lat="-39.3807478901" lon="-72.6276012696"><ele>110.47</ele><time>2024-09-17T02:36:16Z</time></trkpt><trkpt lat="-39.3810813222" lon="-72.6274353079"><ele>109.95</ele><time>2024-09-17T02:36:24Z</time></trkpt><trkpt lat="-39.3810871895" lon="-72.6274009421"><ele>109.91</ele><time>2024-09-17T02:36:25Z</time></trkpt><trkpt lat="-39.3810788915" lon="-72.6273593679"><ele>109.84</ele><time>2024-09-17T02:36:26Z</time></trkpt><trkpt lat="-39.3810653128" lon="-72.6273133513"><ele>109.85</ele><time>2024-09-17T02:36:27Z</time></trkpt><trkpt lat="-39.3810505606" lon="-72.6272628922"><ele>110.01</ele><time>2024-09-17T02:36:28Z</time></trkpt><trkpt lat="-39.3809922226" lon="-72.6269934140"><ele>110.14</ele><time>2024-09-17T02:36:35Z</time></trkpt><trkpt lat="-39.3810070585" lon="-72.6269713696"><ele>110.19</ele><time>2024-09-17T02:36:36Z</time></trkpt><trkpt lat="-39.3810308632" lon="-72.6269517560"><ele>110.29</ele><time>2024-09-17T02:36:37Z</time></trkpt><trkpt lat="-39.3810629658" lon="-72.6269352436"><ele>110.26</ele><time>2024-09-17T02:36:38Z</time></trkpt><trkpt lat="-39.3810990080" lon="-72.6269243471"><ele>110.32</ele><time>2024-09-17T02:36:39Z</time></trkpt><trkpt lat="-39.3811363075" lon="-72.6269131992"><ele>110.39</ele><time>2024-09-17T02:36:40Z</time></trkpt><trkpt lat="-39.3816331867" lon="-72.6267156377"><ele>110.62</ele><time>2024-09-17T02:36:54Z</time></trkpt><trkpt lat="-39.3816492800" lon="-72.6267317310"><ele>110.68</ele><time>2024-09-17T02:36:55Z</time></trkpt><trkpt lat="-39.3816657923" lon="-72.6267640851"><ele>110.80</ele><time>2024-09-17T02:36:56Z</time></trkpt><trkpt lat="-39.3816808797" lon="-72.6268070005"><ele>110.65</ele><time>2024-09-17T02:36:57Z</time></trkpt><trkpt lat="-39.3816944584" lon="-72.6268564537"><ele>110.63</ele><time>2024-09-17T02:36:58Z</time></trkpt><trkpt lat="-39.3817567360" lon="-72.6270952541"><ele>110.46</ele><time>2024-09-17T02:37:05Z</time></trkpt><trkpt lat="-39.3817433249" lon="-72.6271222439"><ele>110.49</ele><time>2024-09-17T02:37:06Z</time></trkpt><trkpt lat="-39.3817168381" lon="-72.6271473896"><ele>110.53</ele><time>2024-09-17T02:37:07Z</time></trkpt><trkpt lat="-39.3816821370" lon="-72.6271697693"><ele>110.69</ele><time>2024-09-17T02:37:08Z</time></trkpt><trkpt lat="-39.3816422392" lon="-72.6271896344"><ele>110.65</ele><time>2024-09-17T02:37:09Z</time></trkpt><trkpt lat="-39.3815941270" lon="-72.6272088289"><ele>110.78</ele><time>2024-09-17T02:37:10Z</time></trkpt><trkpt lat="-39.3810013589" lon="-72.6274773013"><ele>110.07</ele><time>2024-09-17T02:37:22Z</time></trkpt><trkpt lat="-39.3809524924" lon="-72.6274985913"><ele>110.09</ele><time>2024-09-17T02:37:23Z</time></trkpt><trkpt lat="-39.3804206606" lon="-72.6276964881"><ele>109.80</ele><time>2024-09-17T02:37:35Z</time></trkpt><trkpt lat="-39.3804314733" lon="-72.6277155988"><ele>109.86</ele><time>2024-09-17T02:37:42Z</time></trkpt><trkpt lat="-39.3804183137" lon="-72.6277751941"><ele>109.75</ele><time>2024-09-17T02:37:44Z</time></trkpt><trkpt lat="-39.3804193195" lon="-72.6278028544"><ele>109.78</ele><time>2024-09-17T02:37:45Z</time></trkpt><trkpt lat="-39.3805481493" lon="-72.6283055171"><ele>110.20</ele><time>2024-09-17T02:37:58Z</time></trkpt><trkpt lat="-39.3806945812" lon="-72.6288146339"><ele>110.04</ele><time>2024-09-17T02:38:09Z</time></trkpt><trkpt lat="-39.3808877002" lon="-72.6295488048"><ele>109.45</ele><time>2024-09-17T02:38:23Z</time></trkpt><trkpt lat="-39.3809143547" lon="-72.6295901276"><ele>109.37</ele><time>2024-09-17T02:38:25Z</time></trkpt><trkpt lat="-39.3809393328" lon="-72.6296018623"><ele>109.44</ele><time>2024-09-17T02:38:26Z</time></trkpt><trkpt lat="-39.3810395803" lon="-72.6296430174"><ele>109.57</ele><time>2024-09-17T02:38:30Z</time></trkpt><trkpt lat="-39.3810588587" lon="-72.6296745334"><ele>109.62</ele><time>2024-09-17T02:38:31Z</time></trkpt><trkpt lat="-39.3810722698" lon="-72.6297151018"><ele>109.66</ele><time>2024-09-17T02:38:32Z</time></trkpt><trkpt lat="-39.3812719267" lon="-72.6303708181"><ele>109.70</ele><time>2024-09-17T02:38:44Z</time></trkpt><trkpt lat="-39.3813714199" lon="-72.6307877339"><ele>109.38</ele><time>2024-09-17T02:38:54Z</time></trkpt><trkpt lat="-39.3815276586" lon="-72.6313572004"><ele>109.35</ele><time>2024-09-17T02:39:03Z</time></trkpt><trkpt lat="-39.3816607632" lon="-72.6319004316"><ele>108.79</ele><time>2024-09-17T02:39:13Z</time></trkpt><trkpt lat="-39.3816440832" lon="-72.6319416706"><ele>108.72</ele><time>2024-09-17T02:39:14Z</time></trkpt><trkpt lat="-39.3816121481" lon="-72.6319886930"><ele>108.66</ele><time>2024-09-17T02:39:15Z</time></trkpt><trkpt lat="-39.3813663907" lon="-72.6323100552"><ele>108.56</ele><time>2024-09-17T02:39:22Z</time></trkpt><trkpt lat="-39.3813372217" lon="-72.6323073730"><ele>108.64</ele><time>2024-09-17T02:39:23Z</time></trkpt><trkpt lat="-39.3813138362" lon="-72.6322785392"><ele>108.70</ele><time>2024-09-17T02:39:24Z</time></trkpt><trkpt lat="-39.3812942225" lon="-72.6322288346"><ele>108.69</ele><time>2024-09-17T02:39:25Z</time></trkpt><trkpt lat="-39.3812746089" lon="-72.6321638748"><ele>108.69</ele><time>2024-09-17T02:39:26Z</time></trkpt><trkpt lat="-39.3810367305" lon="-72.6312600542"><ele>109.34</ele><time>2024-09-17T02:39:37Z</time></trkpt><trkpt lat="-39.3807190564" lon="-72.6299771201"><ele>109.51</ele><time>2024-09-17T02:39:51Z</time></trkpt><trkpt lat="-39.3805767316" lon="-72.6297518145"><ele>109.02</ele><time>2024-09-17T02:39:59Z</time></trkpt><trkpt lat="-39.3805276975" lon="-72.6297579333"><ele>109.05</ele><time>2024-09-17T02:40:00Z</time></trkpt><trkpt lat="-39.3804727122" lon="-72.6297751162"><ele>109.14</ele><time>2024-09-17T02:40:01Z</time></trkpt><trkpt lat="-39.3797943648" lon="-72.6300854143"><ele>109.10</ele><time>2024-09-17T02:40:14Z</time></trkpt><trkpt lat="-39.3797590770" lon="-72.6300803013"><ele>109.00</ele><time>2024-09-17T02:40:15Z</time></trkpt><trkpt lat="-39.3797317520" lon="-72.6300557423"><ele>108.11</ele><time>2024-09-17T02:40:16Z</time></trkpt><trkpt lat="-39.3797113001" lon="-72.6300154254"><ele>108.39</ele><time>2024-09-17T02:40:17Z</time></trkpt><trkpt lat="-39.3796944525" lon="-72.6299594343"><ele>109.07</ele><time>2024-09-17T02:40:18Z</time></trkpt><trkpt lat="-39.3796756770" lon="-72.6299003419"><ele>108.66</ele><time>2024-09-17T02:40:19Z</time></trkpt><trkpt lat="-39.3796584941" lon="-72.6298330352"><ele>108.56</ele><time>2024-09-17T02:40:20Z</time></trkpt><trkpt lat="-39.3793568294" lon="-72.6285900827"><ele>109.25</ele><time>2024-09-17T02:40:36Z</time></trkpt><trkpt lat="-39.3792816438" lon="-72.6282440778"><ele>103.10</ele><time>2024-09-17T02:40:42Z</time></trkpt><trkpt lat="-39.3792744353" lon="-72.6282084547"><ele>105.68</ele><time>2024-09-17T02:40:43Z</time></trkpt><trkpt lat="-39.3792604376" lon="-72.6281845663"><ele>109.62</ele><time>2024-09-17T02:40:44Z</time></trkpt><trkpt lat="-39.3792449310" lon="-72.6281720772"><ele>108.55</ele><time>2024-09-17T02:40:45Z</time></trkpt><trkpt lat="-39.3792342022" lon="-72.6281681377"><ele>114.23</ele><time>2024-09-17T02:40:46Z</time></trkpt><trkpt lat="-39.3792207912" lon="-72.6281693950"><ele>109.04</ele><time>2024-09-17T02:40:47Z</time></trkpt><trkpt lat="-39.3792073801" lon="-72.6281734183"><ele>108.61</ele><time>2024-09-17T02:40:48Z</time></trkpt><trkpt lat="-39.3791933823" lon="-72.6281811297"><ele>110.36</ele><time>2024-09-17T02:40:49Z</time></trkpt><trkpt lat="-39.3791738525" lon="-72.6281892601"><ele>109.11</ele><time>2024-09-17T02:40:50Z</time></trkpt><trkpt lat="-39.3791039474" lon="-72.6282196864"><ele>110.64</ele><time>2024-09-17T02:40:53Z</time></trkpt><trkpt lat="-39.3790736888" lon="-72.6282315049"><ele>107.63</ele><time>2024-09-17T02:40:54Z</time></trkpt><trkpt lat="-39.3789925519" lon="-72.6282751746"><ele>110.83</ele><time>2024-09-17T02:40:57Z</time></trkpt><trkpt lat="-39.3788533285" lon="-72.6283529587"><ele>109.21</ele><time>2024-09-17T02:41:02Z</time></trkpt><trkpt lat="-39.3785854429" lon="-72.6284855604"><ele>106.09</ele><time>2024-09-17T02:41:11Z</time></trkpt><trkpt lat="-39.3785311282" lon="-72.6285168249"><ele>110.88</ele><time>2024-09-17T02:41:13Z</time></trkpt><trkpt lat="-39.3784989417" lon="-72.6285325829"><ele>109.61</ele><time>2024-09-17T02:41:14Z</time></trkpt><trkpt lat="-39.3783444632" lon="-72.6286024041"><ele>109.11</ele><time>2024-09-17T02:41:19Z</time></trkpt><trkpt lat="-39.3781360891" lon="-72.6286995504"><ele>110.00</ele><time>2024-09-17T02:41:26Z</time></trkpt><trkpt lat="-39.3780598976" lon="-72.6287175715"><ele>108.91</ele><time>2024-09-17T02:41:31Z</time></trkpt><trkpt lat="-39.3780382723" lon="-72.6287099440"><ele>111.93</ele><time>2024-09-17T02:41:33Z</time></trkpt><trkpt lat="-39.3780171499" lon="-72.6286797691"><ele>107.86</ele><time>2024-09-17T02:41:35Z</time></trkpt><trkpt lat="-39.3780110311" lon="-72.6286531147"><ele>109.52</ele><time>2024-09-17T02:41:36Z</time></trkpt><trkpt lat="-39.3780087680" lon="-72.6286159828"><ele>108.87</ele><time>2024-09-17T02:41:37Z</time></trkpt><trkpt lat="-39.3780084327" lon="-72.6285656914"><ele>106.71</ele><time>2024-09-17T02:41:38Z</time></trkpt><trkpt lat="-39.3780079298" lon="-72.6285157353"><ele>109.85</ele><time>2024-09-17T02:41:39Z</time></trkpt><trkpt lat="-39.3779995479" lon="-72.6279542316"><ele>110.95</ele><time>2024-09-17T02:41:46Z</time></trkpt><trkpt lat="-39.3779873941" lon="-72.6265945192"><ele>113.04</ele><time>2024-09-17T02:41:59Z</time></trkpt><trkpt lat="-39.3779899087" lon="-72.6264917571"><ele>112.97</ele><time>2024-09-17T02:42:00Z</time></trkpt><trkpt lat="-39.3780682795" lon="-72.6258734241"><ele>111.81</ele><time>2024-09-17T02:42:06Z</time></trkpt><trkpt lat="-39.3780997116" lon="-72.6257764455"><ele>112.26</ele><time>2024-09-17T02:42:07Z</time></trkpt><trkpt lat="-39.3781358376" lon="-72.6256856695"><ele>111.27</ele><time>2024-09-17T02:42:08Z</time></trkpt><trkpt lat="-39.3781779148" lon="-72.6255980786"><ele>112.18</ele><time>2024-09-17T02:42:09Z</time></trkpt><trkpt lat="-39.3782229256" lon="-72.6255131699"><ele>112.22</ele><time>2024-09-17T02:42:10Z</time></trkpt><trkpt lat="-39.3790083937" lon="-72.6244282164"><ele>111.67</ele><time>2024-09-17T02:42:24Z</time></trkpt><trkpt lat="-39.3796148244" lon="-72.6235772017"><ele>110.44</ele><time>2024-09-17T02:42:35Z</time></trkpt><trkpt lat="-39.3806027994" lon="-72.6221818663"><ele>111.49</ele><time>2024-09-17T02:42:53Z</time></trkpt><trkpt lat="-39.3808709364" lon="-72.6217956282"><ele>112.42</ele><time>2024-09-17T02:42:58Z</time></trkpt><trkpt lat="-39.3811331224" lon="-72.6214249805"><ele>113.30</ele><time>2024-09-17T02:43:03Z</time></trkpt><trkpt lat="-39.3819227815" lon="-72.6203532703"><ele>113.11</ele><time>2024-09-17T02:43:17Z</time></trkpt><trkpt lat="-39.3827034719" lon="-72.6193269901"><ele>113.69</ele><time>2024-09-17T02:43:31Z</time></trkpt><trkpt lat="-39.3834580109" lon="-72.6183513366"><ele>114.21</ele><time>2024-09-17T02:43:44Z</time></trkpt><trkpt lat="-39.3841770943" lon="-72.6173374616"><ele>114.20</ele><time>2024-09-17T02:43:57Z</time></trkpt><trkpt lat="-39.3847511709" lon="-72.6165411808"><ele>113.92</ele><time>2024-09-17T02:44:09Z</time></trkpt><trkpt lat="-39.3848385941" lon="-72.6164011192"><ele>114.33</ele><time>2024-09-17T02:44:14Z</time></trkpt><trkpt lat="-39.3848347384" lon="-72.6164338086"><ele>113.12</ele><time>2024-09-17T02:44:18Z</time></trkpt><trkpt lat="-39.3847181462" lon="-72.6165110059"><ele>113.20</ele><time>2024-09-17T02:44:27Z</time></trkpt><trkpt lat="-39.3846776616" lon="-72.6165489759"><ele>113.26</ele><time>2024-09-17T02:44:28Z</time></trkpt><trkpt lat="-39.3846370932" lon="-72.6165949926"><ele>113.44</ele><time>2024-09-17T02:44:29Z</time></trkpt><trkpt lat="-39.3841501046" lon="-72.6172304247"><ele>113.90</ele><time>2024-09-17T02:44:38Z</time></trkpt><trkpt lat="-39.3834174424" lon="-72.6182206627"><ele>113.37</ele><time>2024-09-17T02:44:51Z</time></trkpt><trkpt lat="-39.3826841936" lon="-72.6192152593"><ele>113.12</ele><time>2024-09-17T02:45:04Z</time></trkpt><trkpt lat="-39.3818675447" lon="-72.6202528551"><ele>112.48</ele><time>2024-09-17T02:45:18Z</time></trkpt><trkpt lat="-39.3810980022" lon="-72.6212447695"><ele>113.43</ele><time>2024-09-17T02:45:31Z</time></trkpt><trkpt lat="-39.3803022243" lon="-72.6223665196"><ele>110.95</ele><time>2024-09-17T02:45:45Z</time></trkpt><trkpt lat="-39.3793221284" lon="-72.6238106377"><ele>110.64</ele><time>2024-09-17T02:46:03Z</time></trkpt><trkpt lat="-39.3785423599" lon="-72.6249749679"><ele>110.73</ele><time>2024-09-17T02:46:18Z</time></trkpt><trkpt lat="-39.3779697083" lon="-72.6259966381"><ele>110.53</ele><time>2024-09-17T02:46:30Z</time></trkpt><trkpt lat="-39.3779489212" lon="-72.6261014957"><ele>110.47</ele><time>2024-09-17T02:46:31Z</time></trkpt><trkpt lat="-39.3779348396" lon="-72.6262096222"><ele>110.41</ele><time>2024-09-17T02:46:32Z</time></trkpt><trkpt lat="-39.3779264577" lon="-72.6263170782"><ele>110.39</ele><time>2024-09-17T02:46:33Z</time></trkpt><trkpt lat="-39.3779232726" lon="-72.6264236122"><ele>110.31</ele><time>2024-09-17T02:46:34Z</time></trkpt><trkpt lat="-39.3779577222" lon="-72.6282416470"><ele>109.91</ele><time>2024-09-17T02:46:51Z</time></trkpt><trkpt lat="-39.3779568002" lon="-72.6285555493"><ele>106.12</ele><time>2024-09-17T02:46:54Z</time></trkpt><trkpt lat="-39.3779560458" lon="-72.6286589820"><ele>109.70</ele><time>2024-09-17T02:46:55Z</time></trkpt><trkpt lat="-39.3779984582" lon="-72.6300818939"><ele>108.69</ele><time>2024-09-17T02:47:09Z</time></trkpt><trkpt lat="-39.3780027330" lon="-72.6302030962"><ele>107.58</ele><time>2024-09-17T02:47:11Z</time></trkpt><trkpt lat="-39.3780122045" lon="-72.6302503701"><ele>108.39</ele><time>2024-09-17T02:47:12Z</time></trkpt><trkpt lat="-39.3780292198" lon="-72.6302851550"><ele>108.86</ele><time>2024-09-17T02:47:13Z</time></trkpt><trkpt lat="-39.3780488335" lon="-72.6303083729"><ele>109.35</ele><time>2024-09-17T02:47:14Z</time></trkpt><trkpt lat="-39.3780718837" lon="-72.6303149108"><ele>109.74</ele><time>2024-09-17T02:47:15Z</time></trkpt><trkpt lat="-39.3781029806" lon="-72.6303062774"><ele>109.31</ele><time>2024-09-17T02:47:16Z</time></trkpt><trkpt lat="-39.3781446386" lon="-72.6302869990"><ele>109.01</ele><time>2024-09-17T02:47:17Z</time></trkpt><trkpt lat="-39.3787729461" lon="-72.6299982425"><ele>108.56</ele><time>2024-09-17T02:47:27Z</time></trkpt><trkpt lat="-39.3795039319" lon="-72.6296573505"><ele>107.41</ele><time>2024-09-17T02:47:41Z</time></trkpt><trkpt lat="-39.3796563148" lon="-72.6297925506"><ele>106.62</ele><time>2024-09-17T02:47:49Z</time></trkpt><trkpt lat="-39.3797796965" lon="-72.6302126516"><ele>107.84</ele><time>2024-09-17T02:48:00Z</time></trkpt><trkpt lat="-39.3798532058" lon="-72.6304830518"><ele>106.74</ele><time>2024-09-17T02:48:04Z</time></trkpt><trkpt lat="-39.3798923492" lon="-72.6306119654"><ele>110.42</ele><time>2024-09-17T02:48:07Z</time></trkpt><trkpt lat="-39.3798874877" lon="-72.6306811161"><ele>108.19</ele><time>2024-09-17T02:48:09Z</time></trkpt><trkpt lat="-39.3798696343" lon="-72.6307112910"><ele>107.91</ele><time>2024-09-17T02:48:10Z</time></trkpt><trkpt lat="-39.3798359390" lon="-72.6307360176"><ele>107.78</ele><time>2024-09-17T02:48:11Z</time></trkpt><trkpt lat="-39.3797880784" lon="-72.6307593193"><ele>107.77</ele><time>2024-09-17T02:48:12Z</time></trkpt><trkpt lat="-39.3790135067" lon="-72.6310831122"><ele>108.87</ele><time>2024-09-17T02:48:23Z</time></trkpt><trkpt lat="-39.3782245182" lon="-72.6314097550"><ele>107.79</ele><time>2024-09-17T02:48:36Z</time></trkpt><trkpt lat="-39.3781852908" lon="-72.6314615551"><ele>106.97</ele><time>2024-09-17T02:48:39Z</time></trkpt><trkpt lat="-39.3781833630" lon="-72.6314996090"><ele>108.72</ele><time>2024-09-17T02:48:40Z</time></trkpt><trkpt lat="-39.3781910744" lon="-72.6315502357"><ele>110.04</ele><time>2024-09-17T02:48:41Z</time></trkpt><trkpt lat="-39.3782059941" lon="-72.6316125132"><ele>109.81</ele><time>2024-09-17T02:48:42Z</time></trkpt><trkpt lat="-39.3782242667" lon="-72.6316785626"><ele>109.06</ele><time>2024-09-17T02:48:43Z</time></trkpt><trkpt lat="-39.3783074152" lon="-72.6318860147"><ele>105.57</ele><time>2024-09-17T02:48:47Z</time></trkpt><trkpt lat="-39.3783391826" lon="-72.6319109090"><ele>106.51</ele><time>2024-09-17T02:48:48Z</time></trkpt><trkpt lat="-39.3783761468" lon="-72.6319207158"><ele>109.33</ele><time>2024-09-17T02:48:49Z</time></trkpt><trkpt lat="-39.3784226663" lon="-72.6319068018"><ele>108.04</ele><time>2024-09-17T02:48:50Z</time></trkpt><trkpt lat="-39.3784774002" lon="-72.6318860147"><ele>108.35</ele><time>2024-09-17T02:48:51Z</time></trkpt><trkpt lat="-39.3793321867" lon="-72.6315144449"><ele>108.10</ele><time>2024-09-17T02:49:04Z</time></trkpt><trkpt lat="-39.3799967039" lon="-72.6312577073"><ele>107.83</ele><time>2024-09-17T02:49:16Z</time></trkpt><trkpt lat="-39.3800457381" lon="-72.6312817633"><ele>108.13</ele><time>2024-09-17T02:49:18Z</time></trkpt><trkpt lat="-39.3800665252" lon="-72.6313183084"><ele>108.05</ele><time>2024-09-17T02:49:19Z</time></trkpt><trkpt lat="-39.3800817803" lon="-72.6313668396"><ele>107.97</ele><time>2024-09-17T02:49:20Z</time></trkpt><trkpt lat="-39.3801112846" lon="-72.6314946637"><ele>106.47</ele><time>2024-09-17T02:49:22Z</time></trkpt><trkpt lat="-39.3801271264" lon="-72.6315602101"><ele>109.49</ele><time>2024-09-17T02:49:23Z</time></trkpt><trkpt lat="-39.3801354244" lon="-72.6316182129"><ele>109.35</ele><time>2024-09-17T02:49:24Z</time></trkpt><trkpt lat="-39.3801346701" lon="-72.6316660736"><ele>108.45</ele><time>2024-09-17T02:49:25Z</time></trkpt><trkpt lat="-39.3801236060" lon="-72.6317073125"><ele>108.10</ele><time>2024-09-17T02:49:26Z</time></trkpt><trkpt lat="-39.3800964486" lon="-72.6317462046"><ele>107.74</ele><time>2024-09-17T02:49:27Z</time></trkpt><trkpt lat="-39.3800564669" lon="-72.6317693386"><ele>107.59</ele><time>2024-09-17T02:49:28Z</time></trkpt><trkpt lat="-39.3799956143" lon="-72.6317948196"><ele>107.72</ele><time>2024-09-17T02:49:29Z</time></trkpt><trkpt lat="-39.3799258769" lon="-72.6318200491"><ele>107.57</ele><time>2024-09-17T02:49:30Z</time></trkpt><trkpt lat="-39.3790349644" lon="-72.6322090533"><ele>108.42</ele><time>2024-09-17T02:49:42Z</time></trkpt><trkpt lat="-39.3786756322" lon="-72.6323585864"><ele>108.52</ele><time>2024-09-17T02:49:48Z</time></trkpt><trkpt lat="-39.3784758914" lon="-72.6323732547"><ele>108.35</ele><time>2024-09-17T02:49:56Z</time></trkpt><trkpt lat="-39.3783425353" lon="-72.6320098992"><ele>109.70</ele><time>2024-09-17T02:50:03Z</time></trkpt><trkpt lat="-39.3781970255" lon="-72.6315548457"><ele>109.26</ele><time>2024-09-17T02:50:08Z</time></trkpt><trkpt lat="-39.3780914973" lon="-72.6311739720"><ele>92.33</ele><time>2024-09-17T02:50:13Z</time></trkpt><trkpt lat="-39.3780821934" lon="-72.6311350800"><ele>108.83</ele><time>2024-09-17T02:50:14Z</time></trkpt><trkpt lat="-39.3780769967" lon="-72.6311152987"><ele>122.75</ele><time>2024-09-17T02:50:15Z</time></trkpt><trkpt lat="-39.3780768290" lon="-72.6311068330"><ele>111.86</ele><time>2024-09-17T02:50:16Z</time></trkpt><trkpt lat="-39.3780829478" lon="-72.6311103534"><ele>108.72</ele><time>2024-09-17T02:50:20Z</time></trkpt><trkpt lat="-39.3781207502" lon="-72.6310998760"><ele>108.50</ele><time>2024-09-17T02:50:50Z</time></trkpt><trkpt lat="-39.3780982029" lon="-72.6310738083"><ele>108.42</ele><time>2024-09-17T02:50:55Z</time></trkpt><trkpt lat="-39.3780388590" lon="-72.6309906598"><ele>108.45</ele><time>2024-09-17T02:50:58Z</time></trkpt><trkpt lat="-39.3780008890" lon="-72.6309718844"><ele>108.52</ele><time>2024-09-17T02:50:59Z</time></trkpt><trkpt lat="-39.3779499270" lon="-72.6309734769"><ele>108.71</ele><time>2024-09-17T02:51:00Z</time></trkpt><trkpt lat="-39.3778934330" lon="-72.6309980359"><ele>108.79</ele><time>2024-09-17T02:51:01Z</time></trkpt><trkpt lat="-39.3778328318" lon="-72.6310385205"><ele>108.89</ele><time>2024-09-17T02:51:02Z</time></trkpt><trkpt lat="-39.3777681235" lon="-72.6310919970"><ele>108.97</ele><time>2024-09-17T02:51:03Z</time></trkpt><trkpt lat="-39.3776988890" lon="-72.6311532687"><ele>109.21</ele><time>2024-09-17T02:51:04Z</time></trkpt><trkpt lat="-39.3767897040" lon="-72.6320471149"><ele>108.47</ele><time>2024-09-17T02:51:19Z</time></trkpt><trkpt lat="-39.3767172843" lon="-72.6321418304"><ele>107.98</ele><time>2024-09-17T02:51:21Z</time></trkpt><trkpt lat="-39.3766927253" lon="-72.6321861707"><ele>107.87</ele><time>2024-09-17T02:51:22Z</time></trkpt><trkpt lat="-39.3766793981" lon="-72.6322285831"><ele>107.65</ele><time>2024-09-17T02:51:23Z</time></trkpt><trkpt lat="-39.3766783923" lon="-72.6322714146"><ele>107.52</ele><time>2024-09-17T02:51:24Z</time></trkpt><trkpt lat="-39.3766856007" lon="-72.6323130727"><ele>107.41</ele><time>2024-09-17T02:51:25Z</time></trkpt><trkpt lat="-39.3766995985" lon="-72.6323620230"><ele>107.22</ele><time>2024-09-17T02:51:26Z</time></trkpt><trkpt lat="-39.3767236546" lon="-72.6324214507"><ele>106.96</ele><time>2024-09-17T02:51:27Z</time></trkpt><trkpt lat="-39.3771623634" lon="-72.6332428772"><ele>104.89</ele><time>2024-09-17T02:51:37Z</time></trkpt><trkpt lat="-39.3772734236" lon="-72.6334666740"><ele>105.23</ele><time>2024-09-17T02:51:41Z</time></trkpt><trkpt lat="-39.3772603478" lon="-72.6335095894"><ele>105.05</ele><time>2024-09-17T02:51:42Z</time></trkpt><trkpt lat="-39.3772289995" lon="-72.6335561927"><ele>105.06</ele><time>2024-09-17T02:51:43Z</time></trkpt><trkpt lat="-39.3771841563" lon="-72.6336048916"><ele>105.14</ele><time>2024-09-17T02:51:44Z</time></trkpt><trkpt lat="-39.3771314342" lon="-72.6336570270"><ele>105.03</ele><time>2024-09-17T02:51:45Z</time></trkpt><trkpt lat="-39.3764962535" lon="-72.6342381444"><ele>104.36</ele><time>2024-09-17T02:51:56Z</time></trkpt><trkpt lat="-39.3764571100" lon="-72.6342805568"><ele>104.16</ele><time>2024-09-17T02:51:57Z</time></trkpt><trkpt lat="-39.3758350052" lon="-72.6349082775"><ele>104.29</ele><time>2024-09-17T02:52:08Z</time></trkpt><trkpt lat="-39.3754000682" lon="-72.6353383530"><ele>104.82</ele><time>2024-09-17T02:52:17Z</time></trkpt><trkpt lat="-39.3748062104" lon="-72.6358984318"><ele>107.15</ele><time>2024-09-17T02:52:30Z</time></trkpt><trkpt lat="-39.3744522426" lon="-72.6362393238"><ele>108.05</ele><time>2024-09-17T02:52:38Z</time></trkpt><trkpt lat="-39.3738934211" lon="-72.6367802918"><ele>107.39</ele><time>2024-09-17T02:52:49Z</time></trkpt><trkpt lat="-39.3732945342" lon="-72.6373687014"><ele>107.71</ele><time>2024-09-17T02:52:59Z</time></trkpt><trkpt lat="-39.3730383832" lon="-72.6375915762"><ele>107.00</ele><time>2024-09-17T02:53:07Z</time></trkpt><trkpt lat="-39.3725811504" lon="-72.6380541734"><ele>108.49</ele><time>2024-09-17T02:53:16Z</time></trkpt><trkpt lat="-39.3721181341" lon="-72.6384845003"><ele>108.94</ele><time>2024-09-17T02:53:26Z</time></trkpt><trkpt lat="-39.3720272742" lon="-72.6386518031"><ele>109.11</ele><time>2024-09-17T02:53:31Z</time></trkpt><trkpt lat="-39.3720376678" lon="-72.6387138292"><ele>109.10</ele><time>2024-09-17T02:53:32Z</time></trkpt><trkpt lat="-39.3720633164" lon="-72.6387768611"><ele>109.03</ele><time>2024-09-17T02:53:33Z</time></trkpt><trkpt lat="-39.3720999453" lon="-72.6388433296"><ele>109.04</ele><time>2024-09-17T02:53:34Z</time></trkpt><trkpt lat="-39.3721447885" lon="-72.6389168389"><ele>109.19</ele><time>2024-09-17T02:53:35Z</time></trkpt><trkpt lat="-39.3727730121" lon="-72.6399307977"><ele>109.11</ele><time>2024-09-17T02:53:47Z</time></trkpt><trkpt lat="-39.3732532114" lon="-72.6407549903"><ele>108.20</ele><time>2024-09-17T02:54:00Z</time></trkpt><trkpt lat="-39.3733822089" lon="-72.6408030186"><ele>108.16</ele><time>2024-09-17T02:54:05Z</time></trkpt><trkpt lat="-39.3734336738" lon="-72.6407692395"><ele>108.20</ele><time>2024-09-17T02:54:06Z</time></trkpt><trkpt lat="-39.3741246779" lon="-72.6401125174"><ele>107.65</ele><time>2024-09-17T02:54:17Z</time></trkpt><trkpt lat="-39.3752100505" lon="-72.6390716527"><ele>107.92</ele><time>2024-09-17T02:54:33Z</time></trkpt><trkpt lat="-39.3760117795" lon="-72.6383362245"><ele>107.15</ele><time>2024-09-17T02:54:45Z</time></trkpt><trkpt lat="-39.3760465644" lon="-72.6382883638"><ele>106.90</ele><time>2024-09-17T02:54:46Z</time></trkpt><trkpt lat="-39.3760592211" lon="-72.6382317860"><ele>106.94</ele><time>2024-09-17T02:54:47Z</time></trkpt><trkpt lat="-39.3760538567" lon="-72.6381661557"><ele>106.90</ele><time>2024-09-17T02:54:48Z</time></trkpt><trkpt lat="-39.3760264479" lon="-72.6380975079"><ele>107.02</ele><time>2024-09-17T02:54:49Z</time></trkpt><trkpt lat="-39.3759872206" lon="-72.6380298659"><ele>107.00</ele><time>2024-09-17T02:54:50Z</time></trkpt><trkpt lat="-39.3759420421" lon="-72.6379582006"><ele>107.09</ele><time>2024-09-17T02:54:51Z</time></trkpt><trkpt lat="-39.3751697335" lon="-72.6366521325"><ele>107.88</ele><time>2024-09-17T02:55:07Z</time></trkpt><trkpt lat="-39.3743806612" lon="-72.6353145484"><ele>108.43</ele><time>2024-09-17T02:55:22Z</time></trkpt><trkpt lat="-39.3741165474" lon="-72.6348719001"><ele>107.58</ele><time>2024-09-17T02:55:31Z</time></trkpt><trkpt lat="-39.3738330714" lon="-72.6344222110"><ele>108.27</ele><time>2024-09-17T02:55:40Z</time></trkpt><trkpt lat="-39.3731323443" lon="-72.6332060806"><ele>108.92</ele><time>2024-09-17T02:55:55Z</time></trkpt><trkpt lat="-39.3723128457" lon="-72.6317814086"><ele>109.31</ele><time>2024-09-17T02:56:11Z</time></trkpt><trkpt lat="-39.3720312137" lon="-72.6313111000"><ele>109.48</ele><time>2024-09-17T02:56:18Z</time></trkpt><trkpt lat="-39.3719898909" lon="-72.6312959287"><ele>109.57</ele><time>2024-09-17T02:56:19Z</time></trkpt><trkpt lat="-39.3719501607" lon="-72.6313069928"><ele>109.40</ele><time>2024-09-17T02:56:20Z</time></trkpt><trkpt lat="-39.3719156273" lon="-72.6313352399"><ele>109.49</ele><time>2024-09-17T02:56:21Z</time></trkpt><trkpt lat="-39.3718816806" lon="-72.6313722879"><ele>109.58</ele><time>2024-09-17T02:56:22Z</time></trkpt><trkpt lat="-39.3713888247" lon="-72.6318779681"><ele>112.03</ele><time>2024-09-17T02:56:32Z</time></trkpt><trkpt lat="-39.3711684644" lon="-72.6321016811"><ele>112.82</ele><time>2024-09-17T02:56:40Z</time></trkpt><trkpt lat="-39.3711352721" lon="-72.6321397349"><ele>112.98</ele><time>2024-09-17T02:56:41Z</time></trkpt><trkpt lat="-39.3710942008" lon="-72.6321805548"><ele>112.89</ele><time>2024-09-17T02:56:42Z</time></trkpt><trkpt lat="-39.3704723474" lon="-72.6327671204"><ele>112.95</ele><time>2024-09-17T02:56:53Z</time></trkpt><trkpt lat="-39.3702918850" lon="-72.6329415478"><ele>112.55</ele><time>2024-09-17T02:57:00Z</time></trkpt><trkpt lat="-39.3698498234" lon="-72.6333601400"><ele>112.78</ele><time>2024-09-17T02:57:09Z</time></trkpt><trkpt lat="-39.3694051635" lon="-72.6337820850"><ele>111.25</ele><time>2024-09-17T02:57:20Z</time></trkpt><trkpt lat="-39.3692961149" lon="-72.6337771397"><ele>111.24</ele><time>2024-09-17T02:57:24Z</time></trkpt><trkpt lat="-39.3692564685" lon="-72.6337310392"><ele>111.42</ele><time>2024-09-17T02:57:25Z</time></trkpt><trkpt lat="-39.3692137208" lon="-72.6336644031"><ele>111.51</ele><time>2024-09-17T02:57:26Z</time></trkpt><trkpt lat="-39.3688162509" lon="-72.6330524404"><ele>111.87</ele><time>2024-09-17T02:57:37Z</time></trkpt><trkpt lat="-39.3687866628" lon="-72.6329918392"><ele>111.83</ele><time>2024-09-17T02:57:47Z</time></trkpt><trkpt lat="-39.3687635288" lon="-72.6329606585"><ele>111.63</ele><time>2024-09-17T02:57:52Z</time></trkpt><trkpt lat="-39.3686906900" lon="-72.6328792702"><ele>111.98</ele><time>2024-09-17T02:57:55Z</time></trkpt><trkpt lat="-39.3686582521" lon="-72.6328562200"><ele>112.09</ele><time>2024-09-17T02:57:56Z</time></trkpt><trkpt lat="-39.3686166778" lon="-72.6328507718"><ele>112.05</ele><time>2024-09-17T02:57:57Z</time></trkpt><trkpt lat="-39.3685733434" lon="-72.6328619197"><ele>112.17</ele><time>2024-09-17T02:57:58Z</time></trkpt><trkpt lat="-39.3685303442" lon="-72.6328899991"><ele>112.25</ele><time>2024-09-17T02:57:59Z</time></trkpt><trkpt lat="-39.3684802204" lon="-72.6329354290"><ele>112.14</ele><time>2024-09-17T02:58:00Z</time></trkpt><trkpt lat="-39.3684228044" lon="-72.6329889055"><ele>112.33</ele><time>2024-09-17T02:58:01Z</time></trkpt><trkpt lat="-39.3678980973" lon="-72.6334727928"><ele>112.35</ele><time>2024-09-17T02:58:12Z</time></trkpt><trkpt lat="-39.3676266074" lon="-72.6337334700"><ele>112.32</ele><time>2024-09-17T02:58:20Z</time></trkpt><trkpt lat="-39.3674455583" lon="-72.6339097414"><ele>111.72</ele><time>2024-09-17T02:58:24Z</time></trkpt><trkpt lat="-39.3674202450" lon="-72.6339513995"><ele>111.66</ele><time>2024-09-17T02:58:25Z</time></trkpt><trkpt lat="-39.3674060795" lon="-72.6339995116"><ele>111.48</ele><time>2024-09-17T02:58:26Z</time></trkpt><trkpt lat="-39.3674073368" lon="-72.6340536587"><ele>111.54</ele><time>2024-09-17T02:58:27Z</time></trkpt><trkpt lat="-39.3674214184" lon="-72.6341130026"><ele>111.44</ele><time>2024-09-17T02:58:28Z</time></trkpt><trkpt lat="-39.3674510065" lon="-72.6341739390"><ele>111.52</ele><time>2024-09-17T02:58:29Z</time></trkpt><trkpt lat="-39.3674878869" lon="-72.6342393178"><ele>111.49</ele><time>2024-09-17T02:58:30Z</time></trkpt><trkpt lat="-39.3680623826" lon="-72.6352225989"><ele>111.46</ele><time>2024-09-17T02:58:42Z</time></trkpt><trkpt lat="-39.3686080445" lon="-72.6361247431"><ele>111.09</ele><time>2024-09-17T02:58:54Z</time></trkpt><trkpt lat="-39.3692200072" lon="-72.6371608302"><ele>110.71</ele><time>2024-09-17T02:59:07Z</time></trkpt><trkpt lat="-39.3693444785" lon="-72.6374099404"><ele>110.86</ele><time>2024-09-17T02:59:11Z</time></trkpt><trkpt lat="-39.3693407066" lon="-72.6374583039"><ele>110.84</ele><time>2024-09-17T02:59:12Z</time></trkpt><trkpt lat="-39.3693238590" lon="-72.6375044882"><ele>110.78</ele><time>2024-09-17T02:59:13Z</time></trkpt><trkpt lat="-39.3692864757" lon="-72.6375490800"><ele>110.89</ele><time>2024-09-17T02:59:14Z</time></trkpt><trkpt lat="-39.3692305684" lon="-72.6375961024"><ele>111.04</ele><time>2024-09-17T02:59:15Z</time></trkpt><trkpt lat="-39.3691640999" lon="-72.6376499981"><ele>111.11</ele><time>2024-09-17T02:59:16Z</time></trkpt><trkpt lat="-39.3685161788" lon="-72.6382001862"><ele>101.28</ele><time>2024-09-17T02:59:25Z</time></trkpt><trkpt lat="-39.3684439268" lon="-72.6382660680"><ele>97.45</ele><time>2024-09-17T02:59:26Z</time></trkpt><trkpt lat="-39.3683733512" lon="-72.6383283455"><ele>124.30</ele><time>2024-09-17T02:59:27Z</time></trkpt><trkpt lat="-39.3683010153" lon="-72.6383910421"><ele>116.59</ele><time>2024-09-17T02:59:28Z</time></trkpt><trkpt lat="-39.3682322837" lon="-72.6384544931"><ele>109.75</ele><time>2024-09-17T02:59:29Z</time></trkpt><trkpt lat="-39.3676568661" lon="-72.6390010770"><ele>113.27</ele><time>2024-09-17T02:59:39Z</time></trkpt><trkpt lat="-39.3676131126" lon="-72.6390144881"><ele>111.50</ele><time>2024-09-17T02:59:40Z</time></trkpt><trkpt lat="-39.3675684370" lon="-72.6390096266"><ele>110.28</ele><time>2024-09-17T02:59:41Z</time></trkpt><trkpt lat="-39.3675243482" lon="-72.6389747579"><ele>109.99</ele><time>2024-09-17T02:59:42Z</time></trkpt><trkpt lat="-39.3674831931" lon="-72.6389248017"><ele>109.71</ele><time>2024-09-17T02:59:43Z</time></trkpt><trkpt lat="-39.3674450554" lon="-72.6388531365"><ele>108.32</ele><time>2024-09-17T02:59:44Z</time></trkpt><trkpt lat="-39.3674045708" lon="-72.6387710776"><ele>108.10</ele><time>2024-09-17T02:59:45Z</time></trkpt><trkpt lat="-39.3669963721" lon="-72.6379590388"><ele>110.29</ele><time>2024-09-17T02:59:57Z</time></trkpt><trkpt lat="-39.3669793569" lon="-72.6379407663"><ele>106.52</ele><time>2024-09-17T02:59:58Z</time></trkpt><trkpt lat="-39.3669551332" lon="-72.6379219070"><ele>106.78</ele><time>2024-09-17T02:59:59Z</time></trkpt><trkpt lat="-39.3668858986" lon="-72.6379262656"><ele>108.27</ele><time>2024-09-17T03:00:01Z</time></trkpt><trkpt lat="-39.3668433186" lon="-72.6379542612"><ele>112.45</ele><time>2024-09-17T03:00:02Z</time></trkpt><trkpt lat="-39.3667900935" lon="-72.6380006969"><ele>112.92</ele><time>2024-09-17T03:00:03Z</time></trkpt><trkpt lat="-39.3666715734" lon="-72.6381160319"><ele>111.13</ele><time>2024-09-17T03:00:05Z</time></trkpt><trkpt lat="-39.3657290284" lon="-72.6389316749"><ele>109.79</ele><time>2024-09-17T03:00:19Z</time></trkpt><trkpt lat="-39.3654054031" lon="-72.6391324215"><ele>111.25</ele><time>2024-09-17T03:00:24Z</time></trkpt><trkpt lat="-39.3647268042" lon="-72.6393894106"><ele>110.17</ele><time>2024-09-17T03:00:35Z</time></trkpt><trkpt lat="-39.3646842241" lon="-72.6394138858"><ele>108.45</ele><time>2024-09-17T03:00:39Z</time></trkpt><trkpt lat="-39.3645966332" lon="-72.6394538675"><ele>112.59</ele><time>2024-09-17T03:00:42Z</time></trkpt><trkpt lat="-39.3645475991" lon="-72.6394619979"><ele>109.66</ele><time>2024-09-17T03:00:43Z</time></trkpt><trkpt lat="-39.3644531351" lon="-72.6394855510"><ele>108.22</ele><time>2024-09-17T03:00:45Z</time></trkpt><trkpt lat="-39.3643978145" lon="-72.6394995488"><ele>109.58</ele><time>2024-09-17T03:00:47Z</time></trkpt><trkpt lat="-39.3643097207" lon="-72.6395552047"><ele>109.68</ele><time>2024-09-17T03:00:52Z</time></trkpt><trkpt lat="-39.3643051106" lon="-72.6395826973"><ele>110.80</ele><time>2024-09-17T03:00:53Z</time></trkpt><trkpt lat="-39.3643065356" lon="-72.6396028977"><ele>111.24</ele><time>2024-09-17T03:00:54Z</time></trkpt><trkpt lat="-39.3642930407" lon="-72.6395446435"><ele>105.67</ele><time>2024-09-17T03:01:04Z</time></trkpt><trkpt lat="-39.3643150851" lon="-72.6395377703"><ele>106.82</ele><time>2024-09-17T03:01:05Z</time></trkpt><trkpt lat="-39.3643714115" lon="-72.6395274606"><ele>111.33</ele><time>2024-09-17T03:01:07Z</time></trkpt><trkpt lat="-39.3644126505" lon="-72.6395139657"><ele>109.55</ele><time>2024-09-17T03:01:08Z</time></trkpt><trkpt lat="-39.3644614331" lon="-72.6394956931"><ele>108.94</ele><time>2024-09-17T03:01:09Z</time></trkpt><trkpt lat="-39.3647613376" lon="-72.6393744908"><ele>115.13</ele><time>2024-09-17T03:01:14Z</time></trkpt><trkpt lat="-39.3648297340" lon="-72.6393456571"><ele>112.07</ele><time>2024-09-17T03:01:15Z</time></trkpt><trkpt lat="-39.3650456518" lon="-72.6392760873"><ele>108.90</ele><time>2024-09-17T03:01:18Z</time></trkpt><trkpt lat="-39.3651921675" lon="-72.6392314117"><ele>106.95</ele><time>2024-09-17T03:01:20Z</time></trkpt><trkpt lat="-39.3658356462" lon="-72.6389150787"><ele>111.28</ele><time>2024-09-17T03:01:29Z</time></trkpt><trkpt lat="-39.3663261551" lon="-72.6385326125"><ele>111.62</ele><time>2024-09-17T03:01:36Z</time></trkpt><trkpt lat="-39.3664613552" lon="-72.6384042855"><ele>110.84</ele><time>2024-09-17T03:01:38Z</time></trkpt><trkpt lat="-39.3670580629" lon="-72.6378201507"><ele>109.71</ele><time>2024-09-17T03:01:49Z</time></trkpt><trkpt lat="-39.3672403693" lon="-72.6376386825"><ele>110.99</ele><time>2024-09-17T03:01:52Z</time></trkpt><trkpt lat="-39.3677658308" lon="-72.6371573936"><ele>106.20</ele><time>2024-09-17T03:02:01Z</time></trkpt><trkpt lat="-39.3677951675" lon="-72.6371110417"><ele>107.18</ele><time>2024-09-17T03:02:02Z</time></trkpt><trkpt lat="-39.3678079080" lon="-72.6370590739"><ele>112.22</ele><time>2024-09-17T03:02:03Z</time></trkpt><trkpt lat="-39.3678099196" lon="-72.6369955391"><ele>113.19</ele><time>2024-09-17T03:02:04Z</time></trkpt><trkpt lat="-39.3677916471" lon="-72.6369306631"><ele>113.27</ele><time>2024-09-17T03:02:05Z</time></trkpt><trkpt lat="-39.3677596282" lon="-72.6368655358"><ele>113.20</ele><time>2024-09-17T03:02:06Z</time></trkpt><trkpt lat="-39.3676360790" lon="-72.6366452593"><ele>110.09</ele><time>2024-09-17T03:02:09Z</time></trkpt><trkpt lat="-39.3672556244" lon="-72.6359576918"><ele>113.30</ele><time>2024-09-17T03:02:21Z</time></trkpt><trkpt lat="-39.3672011420" lon="-72.6358847693"><ele>111.03</ele><time>2024-09-17T03:02:23Z</time></trkpt><trkpt lat="-39.3671246991" lon="-72.6357675903"><ele>109.13</ele><time>2024-09-17T03:02:25Z</time></trkpt><trkpt lat="-39.3669855595" lon="-72.6355430391"><ele>112.38</ele><time>2024-09-17T03:02:28Z</time></trkpt><trkpt lat="-39.3669376988" lon="-72.6354663447"><ele>112.50</ele><time>2024-09-17T03:02:29Z</time></trkpt><trkpt lat="-39.3666643649" lon="-72.6349972095"><ele>107.54</ele><time>2024-09-17T03:02:36Z</time></trkpt><trkpt lat="-39.3666459247" lon="-72.6349516120"><ele>107.48</ele><time>2024-09-17T03:02:37Z</time></trkpt><trkpt lat="-39.3666301668" lon="-72.6349169947"><ele>110.61</ele><time>2024-09-17T03:02:38Z</time></trkpt><trkpt lat="-39.3666118942" lon="-72.6348872390"><ele>111.29</ele><time>2024-09-17T03:02:40Z</time></trkpt><trkpt lat="-39.3665904365" lon="-72.6348511130"><ele>111.26</ele><time>2024-09-17T03:02:43Z</time></trkpt><trkpt lat="-39.3665481079" lon="-72.6347859018"><ele>111.83</ele><time>2024-09-17T03:02:45Z</time></trkpt><trkpt lat="-39.3664751854" lon="-72.6346760988"><ele>109.99</ele><time>2024-09-17T03:02:47Z</time></trkpt><trkpt lat="-39.3659780547" lon="-72.6338115055"><ele>110.67</ele><time>2024-09-17T03:02:58Z</time></trkpt><trkpt lat="-39.3657988496" lon="-72.6335143670"><ele>109.65</ele><time>2024-09-17T03:03:03Z</time></trkpt><trkpt lat="-39.3652816862" lon="-72.6326004043"><ele>112.03</ele><time>2024-09-17T03:03:15Z</time></trkpt><trkpt lat="-39.3652147986" lon="-72.6324842311"><ele>112.37</ele><time>2024-09-17T03:03:17Z</time></trkpt><trkpt lat="-39.3647113815" lon="-72.6316269301"><ele>110.65</ele><time>2024-09-17T03:03:29Z</time></trkpt><trkpt lat="-39.3645802885" lon="-72.6314074919"><ele>112.86</ele><time>2024-09-17T03:03:36Z</time></trkpt><trkpt lat="-39.3642380554" lon="-72.6308151428"><ele>111.64</ele><time>2024-09-17T03:03:44Z</time></trkpt><trkpt lat="-39.3638508115" lon="-72.6301690657"><ele>110.67</ele><time>2024-09-17T03:03:54Z</time></trkpt><trkpt lat="-39.3633731268" lon="-72.6293369103"><ele>111.27</ele><time>2024-09-17T03:04:05Z</time></trkpt><trkpt lat="-39.3633171357" lon="-72.6292672567"><ele>105.93</ele><time>2024-09-17T03:04:08Z</time></trkpt><trkpt lat="-39.3632880505" lon="-72.6292597130"><ele>107.39</ele><time>2024-09-17T03:04:09Z</time></trkpt><trkpt lat="-39.3632145412" lon="-72.6292831823"><ele>110.24</ele><time>2024-09-17T03:04:11Z</time></trkpt><trkpt lat="-39.3631729670" lon="-72.6293168776"><ele>114.37</ele><time>2024-09-17T03:04:12Z</time></trkpt><trkpt lat="-39.3631230108" lon="-72.6293605473"><ele>113.50</ele><time>2024-09-17T03:04:13Z</time></trkpt><trkpt lat="-39.3630082626" lon="-72.6294756308"><ele>111.61</ele><time>2024-09-17T03:04:15Z</time></trkpt><trkpt lat="-39.3625070248" lon="-72.6299655531"><ele>108.35</ele><time>2024-09-17T03:04:25Z</time></trkpt><trkpt lat="-39.3624739163" lon="-72.6300063729"><ele>105.53</ele><time>2024-09-17T03:04:26Z</time></trkpt><trkpt lat="-39.3624571525" lon="-72.6300534792"><ele>111.35</ele><time>2024-09-17T03:04:27Z</time></trkpt><trkpt lat="-39.3624546379" lon="-72.6301088836"><ele>106.72</ele><time>2024-09-17T03:04:28Z</time></trkpt><trkpt lat="-39.3624750059" lon="-72.6301705744"><ele>112.25</ele><time>2024-09-17T03:04:29Z</time></trkpt><trkpt lat="-39.3625062704" lon="-72.6302372944"><ele>112.72</ele><time>2024-09-17T03:04:30Z</time></trkpt><trkpt lat="-39.3625442404" lon="-72.6303109713"><ele>113.14</ele><time>2024-09-17T03:04:31Z</time></trkpt><trkpt lat="-39.3629556242" lon="-72.6310350839"><ele>109.24</ele><time>2024-09-17T03:04:40Z</time></trkpt><trkpt lat="-39.3632204924" lon="-72.6315044705"><ele>110.74</ele><time>2024-09-17T03:04:47Z</time></trkpt><trkpt lat="-39.3636581954" lon="-72.6322637871"><ele>110.61</ele><time>2024-09-17T03:04:58Z</time></trkpt><trkpt lat="-39.3639256619" lon="-72.6327239536"><ele>110.78</ele><time>2024-09-17T03:05:06Z</time></trkpt><trkpt lat="-39.3643152528" lon="-72.6334313024"><ele>110.15</ele><time>2024-09-17T03:05:16Z</time></trkpt><trkpt lat="-39.3645557296" lon="-72.6338285208"><ele>110.69</ele><time>2024-09-17T03:05:24Z</time></trkpt><trkpt lat="-39.3646615930" lon="-72.6339861844"><ele>113.82</ele><time>2024-09-17T03:05:26Z</time></trkpt><trkpt lat="-39.3647980504" lon="-72.6342133339"><ele>111.08</ele><time>2024-09-17T03:05:29Z</time></trkpt><trkpt lat="-39.3648749962" lon="-72.6343505457"><ele>109.10</ele><time>2024-09-17T03:05:31Z</time></trkpt><trkpt lat="-39.3653111905" lon="-72.6351191662"><ele>110.63</ele><time>2024-09-17T03:05:42Z</time></trkpt><trkpt lat="-39.3656061497" lon="-72.6356309652"><ele>111.75</ele><time>2024-09-17T03:05:51Z</time></trkpt><trkpt lat="-39.3656141963" lon="-72.6356583741"><ele>114.95</ele><time>2024-09-17T03:05:52Z</time></trkpt><trkpt lat="-39.3656130228" lon="-72.6356903929"><ele>113.05</ele><time>2024-09-17T03:05:53Z</time></trkpt><trkpt lat="-39.3655996118" lon="-72.6357263513"><ele>111.45</ele><time>2024-09-17T03:05:54Z</time></trkpt><trkpt lat="-39.3655717839" lon="-72.6357657462"><ele>110.80</ele><time>2024-09-17T03:05:55Z</time></trkpt><trkpt lat="-39.3655288685" lon="-72.6358059794"><ele>110.46</ele><time>2024-09-17T03:05:56Z</time></trkpt><trkpt lat="-39.3654781580" lon="-72.6358520798"><ele>107.47</ele><time>2024-09-17T03:05:57Z</time></trkpt><trkpt lat="-39.3652854580" lon="-72.6360223163"><ele>109.83</ele><time>2024-09-17T03:06:00Z</time></trkpt><trkpt lat="-39.3649174087" lon="-72.6363753621"><ele>113.30</ele><time>2024-09-17T03:06:06Z</time></trkpt><trkpt lat="-39.3648704700" lon="-72.6364170201"><ele>112.88</ele><time>2024-09-17T03:06:07Z</time></trkpt><trkpt lat="-39.3648268841" lon="-72.6364440098"><ele>111.05</ele><time>2024-09-17T03:06:08Z</time></trkpt><trkpt lat="-39.3647825439" lon="-72.6364549901"><ele>110.25</ele><time>2024-09-17T03:06:09Z</time></trkpt><trkpt lat="-39.3647402991" lon="-72.6364420820"><ele>110.05</ele><time>2024-09-17T03:06:10Z</time></trkpt><trkpt lat="-39.3646988086" lon="-72.6363964844"><ele>109.86</ele><time>2024-09-17T03:06:11Z</time></trkpt><trkpt lat="-39.3646567315" lon="-72.6363273337"><ele>109.96</ele><time>2024-09-17T03:06:12Z</time></trkpt><trkpt lat="-39.3646105472" lon="-72.6362479571"><ele>110.06</ele><time>2024-09-17T03:06:13Z</time></trkpt><trkpt lat="-39.3641899433" lon="-72.6354788337"><ele>107.58</ele><time>2024-09-17T03:06:22Z</time></trkpt><trkpt lat="-39.3641080521" lon="-72.6353396941"><ele>108.73</ele><time>2024-09-17T03:06:24Z</time></trkpt><trkpt lat="-39.3640218861" lon="-72.6351868920"><ele>107.26</ele><time>2024-09-17T03:06:26Z</time></trkpt><trkpt lat="-39.3639299367" lon="-72.6350241993"><ele>109.24</ele><time>2024-09-17T03:06:28Z</time></trkpt><trkpt lat="-39.3635309581" lon="-72.6343207899"><ele>109.35</ele><time>2024-09-17T03:06:39Z</time></trkpt><trkpt lat="-39.3634608015" lon="-72.6342497952"><ele>112.70</ele><time>2024-09-17T03:06:42Z</time></trkpt><trkpt lat="-39.3634338118" lon="-72.6342106517"><ele>111.29</ele><time>2024-09-17T03:06:43Z</time></trkpt><trkpt lat="-39.3633991107" lon="-72.6341605280"><ele>107.50</ele><time>2024-09-17T03:06:44Z</time></trkpt><trkpt lat="-39.3633175548" lon="-72.6340280101"><ele>106.21</ele><time>2024-09-17T03:06:46Z</time></trkpt><trkpt lat="-39.3631397747" lon="-72.6337342244"><ele>109.22</ele><time>2024-09-17T03:06:50Z</time></trkpt><trkpt lat="-39.3629268743" lon="-72.6333844475"><ele>109.59</ele><time>2024-09-17T03:06:56Z</time></trkpt><trkpt lat="-39.3627547938" lon="-72.6330402028"><ele>110.93</ele><time>2024-09-17T03:07:05Z</time></trkpt><trkpt lat="-39.3625844736" lon="-72.6327138115"><ele>107.60</ele><time>2024-09-17T03:07:09Z</time></trkpt><trkpt lat="-39.3620803021" lon="-72.6317732781"><ele>109.46</ele><time>2024-09-17T03:07:21Z</time></trkpt><trkpt lat="-39.3620339502" lon="-72.6316880342"><ele>109.61</ele><time>2024-09-17T03:07:22Z</time></trkpt><trkpt lat="-39.3619368877" lon="-72.6315175463"><ele>110.87</ele><time>2024-09-17T03:07:24Z</time></trkpt><trkpt lat="-39.3616090715" lon="-72.6309454814"><ele>109.06</ele><time>2024-09-17T03:07:34Z</time></trkpt><trkpt lat="-39.3615094107" lon="-72.6309502590"><ele>109.28</ele><time>2024-09-17T03:07:37Z</time></trkpt><trkpt lat="-39.3614633940" lon="-72.6309886482"><ele>109.34</ele><time>2024-09-17T03:07:38Z</time></trkpt><trkpt lat="-39.3614063133" lon="-72.6310420409"><ele>109.58</ele><time>2024-09-17T03:07:39Z</time></trkpt><trkpt lat="-39.3608168978" lon="-72.6316418499"><ele>109.34</ele><time>2024-09-17T03:07:49Z</time></trkpt><trkpt lat="-39.3607799336" lon="-72.6316869445"><ele>109.25</ele><time>2024-09-17T03:07:50Z</time></trkpt><trkpt lat="-39.3607532792" lon="-72.6317357272"><ele>109.27</ele><time>2024-09-17T03:07:51Z</time></trkpt><trkpt lat="-39.3607407063" lon="-72.6317881979"><ele>109.19</ele><time>2024-09-17T03:07:52Z</time></trkpt><trkpt lat="-39.3607447296" lon="-72.6318450272"><ele>109.18</ele><time>2024-09-17T03:07:53Z</time></trkpt><trkpt lat="-39.3607635889" lon="-72.6319040358"><ele>109.13</ele><time>2024-09-17T03:07:54Z</time></trkpt><trkpt lat="-39.3607902434" lon="-72.6319658943"><ele>109.21</ele><time>2024-09-17T03:07:55Z</time></trkpt><trkpt lat="-39.3608203344" lon="-72.6320306025"><ele>109.34</ele><time>2024-09-17T03:07:56Z</time></trkpt><trkpt lat="-39.3612912297" lon="-72.6328561362"><ele>108.88</ele><time>2024-09-17T03:08:08Z</time></trkpt><trkpt lat="-39.3618000951" lon="-72.6337136887"><ele>108.73</ele><time>2024-09-17T03:08:19Z</time></trkpt><trkpt lat="-39.3620385602" lon="-72.6341140084"><ele>108.29</ele><time>2024-09-17T03:08:27Z</time></trkpt><trkpt lat="-39.3625084497" lon="-72.6349337585"><ele>108.82</ele><time>2024-09-17T03:08:37Z</time></trkpt><trkpt lat="-39.3626782671" lon="-72.6352375187"><ele>108.81</ele><time>2024-09-17T03:08:44Z</time></trkpt><trkpt lat="-39.3631929997" lon="-72.6360767148"><ele>109.14</ele><time>2024-09-17T03:08:54Z</time></trkpt><trkpt lat="-39.3633950874" lon="-72.6364242285"><ele>105.59</ele><time>2024-09-17T03:09:00Z</time></trkpt><trkpt lat="-39.3635958340" lon="-72.6367773581"><ele>109.62</ele><time>2024-09-17T03:09:04Z</time></trkpt><trkpt lat="-39.3636472989" lon="-72.6368615124"><ele>109.64</ele><time>2024-09-17T03:09:05Z</time></trkpt><trkpt lat="-39.3638660666" lon="-72.6372539531"><ele>109.01</ele><time>2024-09-17T03:09:13Z</time></trkpt><trkpt lat="-39.3638527393" lon="-72.6373759098"><ele>109.87</ele><time>2024-09-17T03:09:23Z</time></trkpt><trkpt lat="-39.3638141826" lon="-72.6374173164"><ele>110.06</ele><time>2024-09-17T03:09:24Z</time></trkpt><trkpt lat="-39.3635636475" lon="-72.6376375929"><ele>104.54</ele><time>2024-09-17T03:09:28Z</time></trkpt><trkpt lat="-39.3635036331" lon="-72.6376951765"><ele>108.70</ele><time>2024-09-17T03:09:29Z</time></trkpt><trkpt lat="-39.3633917347" lon="-72.6378028002"><ele>109.59</ele><time>2024-09-17T03:09:31Z</time></trkpt><trkpt lat="-39.3631533533" lon="-72.6380320452"><ele>110.22</ele><time>2024-09-17T03:09:36Z</time></trkpt><trkpt lat="-39.3631130364" lon="-72.6380572747"><ele>109.73</ele><time>2024-09-17T03:09:37Z</time></trkpt><trkpt lat="-39.3630765751" lon="-72.6380675845"><ele>110.13</ele><time>2024-09-17T03:09:38Z</time></trkpt><trkpt lat="-39.3630369287" lon="-72.6380574424"><ele>109.41</ele><time>2024-09-17T03:09:39Z</time></trkpt><trkpt lat="-39.3630024791" lon="-72.6380231604"><ele>109.19</ele><time>2024-09-17T03:09:40Z</time></trkpt><trkpt lat="-39.3629680295" lon="-72.6379705220"><ele>108.63</ele><time>2024-09-17T03:09:41Z</time></trkpt><trkpt lat="-39.3629283831" lon="-72.6379019581"><ele>109.17</ele><time>2024-09-17T03:09:42Z</time></trkpt><trkpt lat="-39.3624320906" lon="-72.6370320842"><ele>108.80</ele><time>2024-09-17T03:09:53Z</time></trkpt><trkpt lat="-39.3615840096" lon="-72.6355888881"><ele>109.06</ele><time>2024-09-17T03:10:10Z</time></trkpt><trkpt lat="-39.3611889705" lon="-72.6348736603"><ele>109.02</ele><time>2024-09-17T03:10:21Z</time></trkpt><trkpt lat="-39.3611882161" lon="-72.6348254643"><ele>108.80</ele><time>2024-09-17T03:10:22Z</time></trkpt><trkpt lat="-39.3612063210" lon="-72.6347744185"><ele>106.22</ele><time>2024-09-17T03:10:23Z</time></trkpt><trkpt lat="-39.3612456322" lon="-72.6347173378"><ele>107.47</ele><time>2024-09-17T03:10:24Z</time></trkpt><trkpt lat="-39.3613015395" lon="-72.6346536353"><ele>108.72</ele><time>2024-09-17T03:10:25Z</time></trkpt><trkpt lat="-39.3613742944" lon="-72.6345832273"><ele>108.75</ele><time>2024-09-17T03:10:26Z</time></trkpt><trkpt lat="-39.3614478037" lon="-72.6345128193"><ele>109.32</ele><time>2024-09-17T03:10:27Z</time></trkpt><trkpt lat="-39.3622628599" lon="-72.6337229926"><ele>108.87</ele><time>2024-09-17T03:10:39Z</time></trkpt><trkpt lat="-39.3627476692" lon="-72.6332818530"><ele>108.40</ele><time>2024-09-17T03:10:49Z</time></trkpt><trkpt lat="-39.3633761443" lon="-72.6326641068"><ele>109.00</ele><time>2024-09-17T03:11:01Z</time></trkpt><trkpt lat="-39.3637450319" lon="-72.6322841551"><ele>109.90</ele><time>2024-09-17T03:11:10Z</time></trkpt><trkpt lat="-39.3645253871" lon="-72.6315660775"><ele>110.33</ele><time>2024-09-17T03:11:22Z</time></trkpt><trkpt lat="-39.3651430495" lon="-72.6309749018"><ele>110.59</ele><time>2024-09-17T03:11:33Z</time></trkpt><trkpt lat="-39.3652186543" lon="-72.6309127081"><ele>110.43</ele><time>2024-09-17T03:11:35Z</time></trkpt><trkpt lat="-39.3652513437" lon="-72.6308987103"><ele>110.54</ele><time>2024-09-17T03:11:36Z</time></trkpt><trkpt lat="-39.3652847037" lon="-72.6309023984"><ele>110.61</ele><time>2024-09-17T03:11:37Z</time></trkpt><trkpt lat="-39.3653182313" lon="-72.6309221797"><ele>110.51</ele><time>2024-09-17T03:11:38Z</time></trkpt><trkpt lat="-39.3653551117" lon="-72.6309583895"><ele>110.45</ele><time>2024-09-17T03:11:39Z</time></trkpt><trkpt lat="-39.3654056545" lon="-72.6310114469"><ele>110.59</ele><time>2024-09-17T03:11:40Z</time></trkpt><trkpt lat="-39.3661357183" lon="-72.6318217255"><ele>110.53</ele><time>2024-09-17T03:11:52Z</time></trkpt><trkpt lat="-39.3667771015" lon="-72.6329315733"><ele>109.84</ele><time>2024-09-17T03:12:05Z</time></trkpt><trkpt lat="-39.3673170637" lon="-72.6338723581"><ele>109.92</ele><time>2024-09-17T03:12:18Z</time></trkpt><trkpt lat="-39.3673482444" lon="-72.6340383198"><ele>109.73</ele><time>2024-09-17T03:12:24Z</time></trkpt><trkpt lat="-39.3673199974" lon="-72.6340792235"><ele>109.93</ele><time>2024-09-17T03:12:25Z</time></trkpt><trkpt lat="-39.3672795128" lon="-72.6341204625"><ele>109.88</ele><time>2024-09-17T03:12:26Z</time></trkpt><trkpt lat="-39.3666652031" lon="-72.6346688066"><ele>110.28</ele><time>2024-09-17T03:12:36Z</time></trkpt><trkpt lat="-39.3656689301" lon="-72.6355982758"><ele>109.44</ele><time>2024-09-17T03:12:53Z</time></trkpt><trkpt lat="-39.3649371061" lon="-72.6362834964"><ele>109.41</ele><time>2024-09-17T03:13:05Z</time></trkpt><trkpt lat="-39.3637065589" lon="-72.6374675240"><ele>109.28</ele><time>2024-09-17T03:13:24Z</time></trkpt><trkpt lat="-39.3625911791" lon="-72.6385289244"><ele>109.26</ele><time>2024-09-17T03:13:40Z</time></trkpt><trkpt lat="-39.3616175372" lon="-72.6394671947"><ele>109.20</ele><time>2024-09-17T03:13:55Z</time></trkpt><trkpt lat="-39.3615501467" lon="-72.6395142172"><ele>109.15</ele><time>2024-09-17T03:13:56Z</time></trkpt><trkpt lat="-39.3614734523" lon="-72.6395486668"><ele>109.20</ele><time>2024-09-17T03:13:57Z</time></trkpt><trkpt lat="-39.3613957521" lon="-72.6395703759"><ele>109.17</ele><time>2024-09-17T03:13:58Z</time></trkpt><trkpt lat="-39.3613144476" lon="-72.6395765785"><ele>109.01</ele><time>2024-09-17T03:13:59Z</time></trkpt><trkpt lat="-39.3612323888" lon="-72.6395623293"><ele>108.83</ele><time>2024-09-17T03:14:00Z</time></trkpt><trkpt lat="-39.3611499108" lon="-72.6395376027"><ele>108.88</ele><time>2024-09-17T03:14:01Z</time></trkpt><trkpt lat="-39.3610689417" lon="-72.6395004708"><ele>108.83</ele><time>2024-09-17T03:14:02Z</time></trkpt><trkpt lat="-39.3609885592" lon="-72.6394581422"><ele>108.75</ele><time>2024-09-17T03:14:03Z</time></trkpt><trkpt lat="-39.3606546242" lon="-72.6392532047"><ele>108.44</ele><time>2024-09-17T03:14:08Z</time></trkpt><trkpt lat="-39.3605914246" lon="-72.6392312441"><ele>108.36</ele><time>2024-09-17T03:14:09Z</time></trkpt><trkpt lat="-39.3605296500" lon="-72.6392255444"><ele>108.28</ele><time>2024-09-17T03:14:10Z</time></trkpt><trkpt lat="-39.3604698870" lon="-72.6392383687"><ele>108.37</ele><time>2024-09-17T03:14:11Z</time></trkpt><trkpt lat="-39.3604147341" lon="-72.6392659452"><ele>108.35</ele><time>2024-09-17T03:14:12Z</time></trkpt><trkpt lat="-39.3603641074" lon="-72.6393059269"><ele>108.36</ele><time>2024-09-17T03:14:13Z</time></trkpt><trkpt lat="-39.3603184260" lon="-72.6393521950"><ele>108.31</ele><time>2024-09-17T03:14:14Z</time></trkpt><trkpt lat="-39.3602763489" lon="-72.6393941045"><ele>108.41</ele><time>2024-09-17T03:14:15Z</time></trkpt><trkpt lat="-39.3602295779" lon="-72.6394309849"><ele>108.34</ele><time>2024-09-17T03:14:16Z</time></trkpt><trkpt lat="-39.3601719942" lon="-72.6394635066"><ele>108.33</ele><time>2024-09-17T03:14:17Z</time></trkpt><trkpt lat="-39.3601082079" lon="-72.6394875627"><ele>108.55</ele><time>2024-09-17T03:14:18Z</time></trkpt><trkpt lat="-39.3600392248" lon="-72.6395013928"><ele>108.41</ele><time>2024-09-17T03:14:19Z</time></trkpt><trkpt lat="-39.3599646259" lon="-72.6395052485"><ele>108.44</ele><time>2024-09-17T03:14:20Z</time></trkpt><trkpt lat="-39.3598870095" lon="-72.6395087689"><ele>108.41</ele><time>2024-09-17T03:14:21Z</time></trkpt><trkpt lat="-39.3598111533" lon="-72.6395215932"><ele>108.29</ele><time>2024-09-17T03:14:22Z</time></trkpt><trkpt lat="-39.3597410806" lon="-72.6395488344"><ele>108.29</ele><time>2024-09-17T03:14:23Z</time></trkpt><trkpt lat="-39.3596713431" lon="-72.6395912468"><ele>108.19</ele><time>2024-09-17T03:14:24Z</time></trkpt><trkpt lat="-39.3596064672" lon="-72.6396443043"><ele>108.11</ele><time>2024-09-17T03:14:25Z</time></trkpt><trkpt lat="-39.3595456146" lon="-72.6397047378"><ele>108.14</ele><time>2024-09-17T03:14:26Z</time></trkpt><trkpt lat="-39.3594844267" lon="-72.6397690270"><ele>108.24</ele><time>2024-09-17T03:14:27Z</time></trkpt><trkpt lat="-39.3594057206" lon="-72.6399235893"><ele>108.42</ele><time>2024-09-17T03:14:29Z</time></trkpt><trkpt lat="-39.3594058044" lon="-72.6400188915"><ele>108.79</ele><time>2024-09-17T03:14:30Z</time></trkpt><trkpt lat="-39.3594187126" lon="-72.6401159540"><ele>108.84</ele><time>2024-09-17T03:14:31Z</time></trkpt><trkpt lat="-39.3594431877" lon="-72.6402167045"><ele>108.99</ele><time>2024-09-17T03:14:32Z</time></trkpt><trkpt lat="-39.3594767991" lon="-72.6403163653"><ele>109.00</ele><time>2024-09-17T03:14:33Z</time></trkpt><trkpt lat="-39.3595168646" lon="-72.6404181216"><ele>109.12</ele><time>2024-09-17T03:14:34Z</time></trkpt><trkpt lat="-39.3595612887" lon="-72.6405019406"><ele>109.05</ele><time>2024-09-17T03:14:35Z</time></trkpt><trkpt lat="-39.3596166931" lon="-72.6405786350"><ele>109.14</ele><time>2024-09-17T03:14:36Z</time></trkpt><trkpt lat="-39.3596835807" lon="-72.6406450197"><ele>109.43</ele><time>2024-09-17T03:14:37Z</time></trkpt><trkpt lat="-39.3597513903" lon="-72.6407011785"><ele>109.46</ele><time>2024-09-17T03:14:38Z</time></trkpt><trkpt lat="-39.3598229717" lon="-72.6407490391"><ele>109.53</ele><time>2024-09-17T03:14:39Z</time></trkpt><trkpt lat="-39.3598990794" lon="-72.6407804713"><ele>109.67</ele><time>2024-09-17T03:14:40Z</time></trkpt><trkpt lat="-39.3599780370" lon="-72.6408018451"><ele>109.63</ele><time>2024-09-17T03:14:41Z</time></trkpt><trkpt lat="-39.3600585870" lon="-72.6408172678"><ele>109.83</ele><time>2024-09-17T03:14:42Z</time></trkpt><trkpt lat="-39.3606274668" lon="-72.6409476064"><ele>110.59</ele><time>2024-09-17T03:14:52Z</time></trkpt><trkpt lat="-39.3606592342" lon="-72.6409418229"><ele>110.77</ele><time>2024-09-17T03:15:01Z</time></trkpt><trkpt lat="-39.3606646825" lon="-72.6409133244"><ele>109.65</ele><time>2024-09-17T03:15:26Z</time></trkpt><trkpt lat="-39.3606532831" lon="-72.6409381349"><ele>109.69</ele><time>2024-09-17T03:15:46Z</time></trkpt></trkseg></trk></gpx>