<?xml version="1.0" encoding="UTF-8" standalone="no" ?><gpx xmlns="http://www.topografix.com/GPX/1/1" xmlns:gpxx="http://www.garmin.com/xmlschemas/GpxExtensions/v3" xmlns:gpxtrkx="http://www.garmin.com/xmlschemas/TrackStatsExtension/v1" xmlns:wptx1="http://www.garmin.com/xmlschemas/WaypointExtension/v1" xmlns:gpxtpx="http://www.garmin.com/xmlschemas/TrackPointExtension/v1" creator="GPSMAP 64sx" version="1.1" xmlns:xsi="http://www.w3.org/2001/XMLSchema-instance" xsi:schemaLocation="http://www.topografix.com/GPX/1/1 http://www.topografix.com/GPX/1/1/gpx.xsd http://www.garmin.com/xmlschemas/GpxExtensions/v3 http://www8.garmin.com/xmlschemas/GpxExtensionsv3.xsd http://www.garmin.com/xmlschemas/TrackStatsExtension/v1 http://www8.garmin.com/xmlschemas/TrackStatsExtension.xsd http://www.garmin.com/xmlschemas/WaypointExtension/v1 http://www8.garmin.com/xmlschemas/WaypointExtensionv1.xsd http://www.garmin.com/xmlschemas/TrackPointExtension/v1 http://www.garmin.com/xmlschemas/TrackPointExtensionv1.xsd"><metadata><link href="http://www.garmin.com"><text>Garmin International</text></link><time>2024-09-12T03:13:03Z</time></metadata><trk><name>GPS LONCO 240911</name><extensions><gpxx:TrackExtension><gpxx:DisplayColor>Cyan</gpxx:DisplayColor></gpxx:TrackExtension><gpxtrkx:TrackStatsExtension><gpxtrkx:Distance>49763.000</gpxtrkx:Distance><gpxtrkx:TotalElapsedTime>8077</gpxtrkx:TotalElapsedTime><gpxtrkx:MovingTime>7631</gpxtrkx:MovingTime><gpxtrkx:StoppedTime>443</gpxtrkx:StoppedTime><gpxtrkx:MovingSpeed>6.521</gpxtrkx:MovingSpeed><gpxtrkx:MaxSpeed>22.450</gpxtrkx:MaxSpeed><gpxtrkx:MaxElevation>181.512</gpxtrkx:MaxElevation><gpxtrkx:MinElevation>107.071</gpxtrkx:MinElevation><gpxtrkx:Ascent>181.000</gpxtrkx:Ascent><gpxtrkx:Descent>234.893</gpxtrkx:Descent><gpxtrkx:AvgAscentRate>0.052</gpxtrkx:AvgAscentRate><gpxtrkx:MaxAscentRate>1.227</gpxtrkx:MaxAscentRate><gpxtrkx:AvgDescentRate>0.072</gpxtrkx:AvgDescentRate><gpxtrkx:MaxDescentRate>-2.349</gpxtrkx:MaxDescentRate></gpxtrkx:TrackStatsExtension></extensions><trkseg><trkpt lat="-39.3541824538" lon="-72.5777480565"><ele>181.51</ele><time>2024-09-12T00:58:26Z</time></trkpt><trkpt lat="-39.3541853037" lon="-72.5777458772"><ele>181.51</ele><time>2024-09-12T00:58:27Z</time></trkpt><trkpt lat="-39.3541945238" lon="-72.5777474698"><ele>169.45</ele><time>2024-09-12T00:58:30Z</time></trkpt><trkpt lat="-39.3541946914" lon="-72.5777467154"><ele>169.45</ele><time>2024-09-12T00:58:31Z</time></trkpt><trkpt lat="-39.3541940209" lon="-72.5777410995"><ele>166.53</ele><time>2024-09-12T00:58:38Z</time></trkpt><trkpt lat="-39.3541459087" lon="-72.5777348131"><ele>166.66</ele><time>2024-09-12T00:59:09Z</time></trkpt><trkpt lat="-39.3542040791" lon="-72.5776861142"><ele>167.26</ele><time>2024-09-12T00:59:33Z</time></trkpt><trkpt lat="-39.3542129640" lon="-72.5777052250"><ele>167.13</ele><time>2024-09-12T00:59:34Z</time></trkpt><trkpt lat="-39.3542540353" lon="-72.5777364057"><ele>166.33</ele><time>2024-09-12T00:59:36Z</time></trkpt><trkpt lat="-39.3542866409" lon="-72.5777482241"><ele>166.50</ele><time>2024-09-12T00:59:37Z</time></trkpt><trkpt lat="-39.3543225154" lon="-72.5777554326"><ele>166.71</ele><time>2024-09-12T00:59:38Z</time></trkpt><trkpt lat="-39.3543583062" lon="-72.5777654070"><ele>166.65</ele><time>2024-09-12T00:59:39Z</time></trkpt><trkpt lat="-39.3545619026" lon="-72.5779941492"><ele>165.53</ele><time>2024-09-12T00:59:46Z</time></trkpt><trkpt lat="-39.3545985315" lon="-72.5780337956"><ele>165.71</ele><time>2024-09-12T00:59:47Z</time></trkpt><trkpt lat="-39.3546407763" lon="-72.5780611206"><ele>165.69</ele><time>2024-09-12T00:59:48Z</time></trkpt><trkpt lat="-39.3546892237" lon="-72.5780800637"><ele>165.81</ele><time>2024-09-12T00:59:49Z</time></trkpt><trkpt lat="-39.3547407724" lon="-72.5780958217"><ele>166.60</ele><time>2024-09-12T00:59:50Z</time></trkpt><trkpt lat="-39.3548433669" lon="-72.5781503879"><ele>166.06</ele><time>2024-09-12T00:59:52Z</time></trkpt><trkpt lat="-39.3548829295" lon="-72.5781992543"><ele>166.07</ele><time>2024-09-12T00:59:53Z</time></trkpt><trkpt lat="-39.3549173791" lon="-72.5782557484"><ele>165.51</ele><time>2024-09-12T00:59:54Z</time></trkpt><trkpt lat="-39.3549462128" lon="-72.5783186965"><ele>165.57</ele><time>2024-09-12T00:59:55Z</time></trkpt><trkpt lat="-39.3549713586" lon="-72.5783864222"><ele>165.37</ele><time>2024-09-12T00:59:56Z</time></trkpt><trkpt lat="-39.3549949955" lon="-72.5784583390"><ele>165.86</ele><time>2024-09-12T00:59:57Z</time></trkpt><trkpt lat="-39.3553389050" lon="-72.5794054102"><ele>166.35</ele><time>2024-09-12T01:00:06Z</time></trkpt><trkpt lat="-39.3559833057" lon="-72.5811946113"><ele>166.80</ele><time>2024-09-12T01:00:16Z</time></trkpt><trkpt lat="-39.3570005335" lon="-72.5839644950"><ele>165.20</ele><time>2024-09-12T01:00:29Z</time></trkpt><trkpt lat="-39.3583884928" lon="-72.5877459068"><ele>162.95</ele><time>2024-09-12T01:00:46Z</time></trkpt><trkpt lat="-39.3597798888" lon="-72.5915543083"><ele>160.62</ele><time>2024-09-12T01:01:03Z</time></trkpt><trkpt lat="-39.3611838575" lon="-72.5953755341"><ele>158.22</ele><time>2024-09-12T01:01:20Z</time></trkpt><trkpt lat="-39.3624499440" lon="-72.5988365896"><ele>155.78</ele><time>2024-09-12T01:01:35Z</time></trkpt><trkpt lat="-39.3635483924" lon="-72.6021344494"><ele>152.50</ele><time>2024-09-12T01:01:49Z</time></trkpt><trkpt lat="-39.3639298528" lon="-72.6042666379"><ele>149.37</ele><time>2024-09-12T01:01:58Z</time></trkpt><trkpt lat="-39.3640228081" lon="-72.6056382526"><ele>146.15</ele><time>2024-09-12T01:02:06Z</time></trkpt><trkpt lat="-39.3640114926" lon="-72.6068119705"><ele>143.52</ele><time>2024-09-12T01:02:17Z</time></trkpt><trkpt lat="-39.3639255781" lon="-72.6087479386"><ele>141.34</ele><time>2024-09-12T01:02:34Z</time></trkpt><trkpt lat="-39.3638885301" lon="-72.6100360695"><ele>138.33</ele><time>2024-09-12T01:02:45Z</time></trkpt><trkpt lat="-39.3638812378" lon="-72.6109946240"><ele>135.27</ele><time>2024-09-12T01:02:53Z</time></trkpt><trkpt lat="-39.3638584390" lon="-72.6117427088"><ele>132.11</ele><time>2024-09-12T01:03:00Z</time></trkpt><trkpt lat="-39.3638136797" lon="-72.6131204423"><ele>129.01</ele><time>2024-09-12T01:03:13Z</time></trkpt><trkpt lat="-39.3635886256" lon="-72.6148197893"><ele>127.78</ele><time>2024-09-12T01:03:26Z</time></trkpt><trkpt lat="-39.3630811851" lon="-72.6165951602"><ele>126.92</ele><time>2024-09-12T01:03:41Z</time></trkpt><trkpt lat="-39.3622556515" lon="-72.6183246821"><ele>129.34</ele><time>2024-09-12T01:03:58Z</time></trkpt><trkpt lat="-39.3617326207" lon="-72.6191299316"><ele>133.14</ele><time>2024-09-12T01:04:08Z</time></trkpt><trkpt lat="-39.3610337377" lon="-72.6199893281"><ele>136.24</ele><time>2024-09-12T01:04:20Z</time></trkpt><trkpt lat="-39.3603504449" lon="-72.6205984410"><ele>137.41</ele><time>2024-09-12T01:04:31Z</time></trkpt><trkpt lat="-39.3602833897" lon="-72.6206285320"><ele>137.45</ele><time>2024-09-12T01:04:32Z</time></trkpt><trkpt lat="-39.3602193519" lon="-72.6206519175"><ele>137.74</ele><time>2024-09-12T01:04:33Z</time></trkpt><trkpt lat="-39.3595323712" lon="-72.6208747085"><ele>136.66</ele><time>2024-09-12T01:04:44Z</time></trkpt><trkpt lat="-39.3594173715" lon="-72.6209898759"><ele>134.67</ele><time>2024-09-12T01:04:52Z</time></trkpt><trkpt lat="-39.3594022840" lon="-72.6210064720"><ele>134.57</ele><time>2024-09-12T01:04:54Z</time></trkpt><trkpt lat="-39.3593365699" lon="-72.6210460346"><ele>134.34</ele><time>2024-09-12T01:05:07Z</time></trkpt><trkpt lat="-39.3593189679" lon="-72.6210647263"><ele>134.11</ele><time>2024-09-12T01:05:08Z</time></trkpt><trkpt lat="-39.3591939099" lon="-72.6212371420"><ele>132.73</ele><time>2024-09-12T01:05:16Z</time></trkpt><trkpt lat="-39.3591944128" lon="-72.6212894451"><ele>132.62</ele><time>2024-09-12T01:05:17Z</time></trkpt><trkpt lat="-39.3592094164" lon="-72.6213498786"><ele>132.56</ele><time>2024-09-12T01:05:18Z</time></trkpt><trkpt lat="-39.3592382502" lon="-72.6214148384"><ele>132.64</ele><time>2024-09-12T01:05:19Z</time></trkpt><trkpt lat="-39.3592794053" lon="-72.6214875933"><ele>132.45</ele><time>2024-09-12T01:05:20Z</time></trkpt><trkpt lat="-39.3593254220" lon="-72.6215683110"><ele>132.20</ele><time>2024-09-12T01:05:21Z</time></trkpt><trkpt lat="-39.3598517217" lon="-72.6225382648"><ele>129.45</ele><time>2024-09-12T01:05:32Z</time></trkpt><trkpt lat="-39.3599154241" lon="-72.6226150431"><ele>129.23</ele><time>2024-09-12T01:05:33Z</time></trkpt><trkpt lat="-39.3599844910" lon="-72.6226794161"><ele>128.95</ele><time>2024-09-12T01:05:34Z</time></trkpt><trkpt lat="-39.3600593414" lon="-72.6227339823"><ele>128.76</ele><time>2024-09-12T01:05:35Z</time></trkpt><trkpt lat="-39.3601370417" lon="-72.6227846928"><ele>128.58</ele><time>2024-09-12T01:05:36Z</time></trkpt><trkpt lat="-39.3602225371" lon="-72.6228221599"><ele>128.40</ele><time>2024-09-12T01:05:37Z</time></trkpt><trkpt lat="-39.3603046797" lon="-72.6228474732"><ele>128.14</ele><time>2024-09-12T01:05:38Z</time></trkpt><trkpt lat="-39.3603893369" lon="-72.6228614710"><ele>128.08</ele><time>2024-09-12T01:05:39Z</time></trkpt><trkpt lat="-39.3604738265" lon="-72.6228703558"><ele>127.75</ele><time>2024-09-12T01:05:40Z</time></trkpt><trkpt lat="-39.3613593746" lon="-72.6230924763"><ele>130.06</ele><time>2024-09-12T01:05:51Z</time></trkpt><trkpt lat="-39.3617285974" lon="-72.6233552489"><ele>130.06</ele><time>2024-09-12T01:05:56Z</time></trkpt><trkpt lat="-39.3624611758" lon="-72.6240853127"><ele>128.43</ele><time>2024-09-12T01:06:06Z</time></trkpt><trkpt lat="-39.3625457492" lon="-72.6241208520"><ele>128.45</ele><time>2024-09-12T01:06:07Z</time></trkpt><trkpt lat="-39.3626333401" lon="-72.6241424773"><ele>128.31</ele><time>2024-09-12T01:06:08Z</time></trkpt><trkpt lat="-39.3627206795" lon="-72.6241560560"><ele>128.53</ele><time>2024-09-12T01:06:09Z</time></trkpt><trkpt lat="-39.3628092762" lon="-72.6241625100"><ele>128.47</ele><time>2024-09-12T01:06:10Z</time></trkpt><trkpt lat="-39.3634302914" lon="-72.6242513582"><ele>129.00</ele><time>2024-09-12T01:06:17Z</time></trkpt><trkpt lat="-39.3635029625" lon="-72.6242891606"><ele>128.93</ele><time>2024-09-12T01:06:18Z</time></trkpt><trkpt lat="-39.3635680899" lon="-72.6243323274"><ele>129.03</ele><time>2024-09-12T01:06:19Z</time></trkpt><trkpt lat="-39.3636225723" lon="-72.6243744045"><ele>128.89</ele><time>2024-09-12T01:06:20Z</time></trkpt><trkpt lat="-39.3636676669" lon="-72.6244236901"><ele>129.31</ele><time>2024-09-12T01:06:21Z</time></trkpt><trkpt lat="-39.3637063075" lon="-72.6244775020"><ele>129.01</ele><time>2024-09-12T01:06:22Z</time></trkpt><trkpt lat="-39.3637889531" lon="-72.6246333215"><ele>126.72</ele><time>2024-09-12T01:06:29Z</time></trkpt><trkpt lat="-39.3638021126" lon="-72.6246421225"><ele>126.93</ele><time>2024-09-12T01:06:30Z</time></trkpt><trkpt lat="-39.3638177030" lon="-72.6246465649"><ele>127.23</ele><time>2024-09-12T01:06:31Z</time></trkpt><trkpt lat="-39.3638329580" lon="-72.6246369258"><ele>127.66</ele><time>2024-09-12T01:06:32Z</time></trkpt><trkpt lat="-39.3638435192" lon="-72.6246194914"><ele>127.58</ele><time>2024-09-12T01:06:33Z</time></trkpt><trkpt lat="-39.3638523202" lon="-72.6246031467"><ele>127.54</ele><time>2024-09-12T01:06:34Z</time></trkpt><trkpt lat="-39.3638609536" lon="-72.6245834492"><ele>126.86</ele><time>2024-09-12T01:06:35Z</time></trkpt><trkpt lat="-39.3638665695" lon="-72.6245610695"><ele>127.25</ele><time>2024-09-12T01:06:36Z</time></trkpt><trkpt lat="-39.3638674077" lon="-72.6245383546"><ele>127.47</ele><time>2024-09-12T01:06:37Z</time></trkpt><trkpt lat="-39.3638685811" lon="-72.6245179866"><ele>127.55</ele><time>2024-09-12T01:06:38Z</time></trkpt><trkpt lat="-39.3638719339" lon="-72.6244955231"><ele>127.16</ele><time>2024-09-12T01:06:39Z</time></trkpt><trkpt lat="-39.3638783041" lon="-72.6239472628"><ele>125.50</ele><time>2024-09-12T01:06:50Z</time></trkpt><trkpt lat="-39.3638576847" lon="-72.6238957979"><ele>125.63</ele><time>2024-09-12T01:06:51Z</time></trkpt><trkpt lat="-39.3638274260" lon="-72.6238505356"><ele>125.94</ele><time>2024-09-12T01:06:52Z</time></trkpt><trkpt lat="-39.3637853488" lon="-72.6238060277"><ele>126.20</ele><time>2024-09-12T01:06:53Z</time></trkpt><trkpt lat="-39.3632916547" lon="-72.6233404130"><ele>126.76</ele><time>2024-09-12T01:07:03Z</time></trkpt><trkpt lat="-39.3632548582" lon="-72.6232793927"><ele>126.82</ele><time>2024-09-12T01:07:04Z</time></trkpt><trkpt lat="-39.3632390164" lon="-72.6231980883"><ele>126.88</ele><time>2024-09-12T01:07:05Z</time></trkpt><trkpt lat="-39.3632324785" lon="-72.6231065579"><ele>126.62</ele><time>2024-09-12T01:07:06Z</time></trkpt><trkpt lat="-39.3632302154" lon="-72.6230064780"><ele>126.77</ele><time>2024-09-12T01:07:07Z</time></trkpt><trkpt lat="-39.3632314727" lon="-72.6229063142"><ele>126.93</ele><time>2024-09-12T01:07:08Z</time></trkpt><trkpt lat="-39.3632530980" lon="-72.6222536992"><ele>126.12</ele><time>2024-09-12T01:07:17Z</time></trkpt><trkpt lat="-39.3632741366" lon="-72.6222503465"><ele>126.00</ele><time>2024-09-12T01:07:18Z</time></trkpt><trkpt lat="-39.3632978573" lon="-72.6222515199"><ele>125.94</ele><time>2024-09-12T01:07:19Z</time></trkpt><trkpt lat="-39.3633251823" lon="-72.6222645957"><ele>125.99</ele><time>2024-09-12T01:07:20Z</time></trkpt><trkpt lat="-39.3633563630" lon="-72.6222844608"><ele>125.93</ele><time>2024-09-12T01:07:21Z</time></trkpt><trkpt lat="-39.3633929919" lon="-72.6223107800"><ele>126.15</ele><time>2024-09-12T01:07:22Z</time></trkpt><trkpt lat="-39.3635261804" lon="-72.6224342454"><ele>125.64</ele><time>2024-09-12T01:07:31Z</time></trkpt><trkpt lat="-39.3635593727" lon="-72.6224018075"><ele>125.60</ele><time>2024-09-12T01:07:42Z</time></trkpt><trkpt lat="-39.3635614682" lon="-72.6223794278"><ele>125.75</ele><time>2024-09-12T01:07:43Z</time></trkpt><trkpt lat="-39.3635631446" lon="-72.6223482471"><ele>125.68</ele><time>2024-09-12T01:07:44Z</time></trkpt><trkpt lat="-39.3635846861" lon="-72.6217548922"><ele>127.24</ele><time>2024-09-12T01:07:52Z</time></trkpt><trkpt lat="-39.3635773938" lon="-72.6214174367"><ele>125.86</ele><time>2024-09-12T01:07:59Z</time></trkpt><trkpt lat="-39.3635669164" lon="-72.6213912014"><ele>126.10</ele><time>2024-09-12T01:08:00Z</time></trkpt><trkpt lat="-39.3635390885" lon="-72.6213606074"><ele>126.27</ele><time>2024-09-12T01:08:01Z</time></trkpt><trkpt lat="-39.3633130286" lon="-72.6211847551"><ele>125.63</ele><time>2024-09-12T01:08:08Z</time></trkpt><trkpt lat="-39.3632867094" lon="-72.6211998425"><ele>125.46</ele><time>2024-09-12T01:08:09Z</time></trkpt><trkpt lat="-39.3632672634" lon="-72.6212273352"><ele>125.51</ele><time>2024-09-12T01:08:10Z</time></trkpt><trkpt lat="-39.3632525951" lon="-72.6212687418"><ele>125.47</ele><time>2024-09-12T01:08:11Z</time></trkpt><trkpt lat="-39.3632452190" lon="-72.6213206258"><ele>124.10</ele><time>2024-09-12T01:08:12Z</time></trkpt><trkpt lat="-39.3632429559" lon="-72.6213800535"><ele>123.21</ele><time>2024-09-12T01:08:13Z</time></trkpt><trkpt lat="-39.3632406089" lon="-72.6214403193"><ele>122.93</ele><time>2024-09-12T01:08:14Z</time></trkpt><trkpt lat="-39.3632186484" lon="-72.6216253918"><ele>123.38</ele><time>2024-09-12T01:08:23Z</time></trkpt><trkpt lat="-39.3632262759" lon="-72.6216391381"><ele>123.48</ele><time>2024-09-12T01:08:51Z</time></trkpt><trkpt lat="-39.3632123619" lon="-72.6216289960"><ele>123.25</ele><time>2024-09-12T01:09:17Z</time></trkpt><trkpt lat="-39.3632245995" lon="-72.6216312591"><ele>122.96</ele><time>2024-09-12T01:09:46Z</time></trkpt><trkpt lat="-39.3632181454" lon="-72.6216773596"><ele>122.96</ele><time>2024-09-12T01:09:49Z</time></trkpt><trkpt lat="-39.3632043991" lon="-72.6217071153"><ele>123.24</ele><time>2024-09-12T01:09:51Z</time></trkpt><trkpt lat="-39.3631864619" lon="-72.6217151619"><ele>123.18</ele><time>2024-09-12T01:09:52Z</time></trkpt><trkpt lat="-39.3631611485" lon="-72.6217199396"><ele>123.29</ele><time>2024-09-12T01:09:53Z</time></trkpt><trkpt lat="-39.3631261960" lon="-72.6217228733"><ele>123.26</ele><time>2024-09-12T01:09:54Z</time></trkpt><trkpt lat="-39.3630814366" lon="-72.6217249688"><ele>123.50</ele><time>2024-09-12T01:09:55Z</time></trkpt><trkpt lat="-39.3626389559" lon="-72.6217387151"><ele>123.48</ele><time>2024-09-12T01:10:05Z</time></trkpt><trkpt lat="-39.3626145646" lon="-72.6217507012"><ele>123.44</ele><time>2024-09-12T01:10:06Z</time></trkpt><trkpt lat="-39.3625946995" lon="-72.6217757631"><ele>123.47</ele><time>2024-09-12T01:10:07Z</time></trkpt><trkpt lat="-39.3625820428" lon="-72.6218129788"><ele>123.51</ele><time>2024-09-12T01:10:08Z</time></trkpt><trkpt lat="-39.3625759240" lon="-72.6218561456"><ele>123.55</ele><time>2024-09-12T01:10:09Z</time></trkpt><trkpt lat="-39.3625683803" lon="-72.6219013240"><ele>123.55</ele><time>2024-09-12T01:10:10Z</time></trkpt><trkpt lat="-39.3625515327" lon="-72.6219383720"><ele>124.03</ele><time>2024-09-12T01:10:11Z</time></trkpt><trkpt lat="-39.3625208549" lon="-72.6219630148"><ele>123.88</ele><time>2024-09-12T01:10:12Z</time></trkpt><trkpt lat="-39.3624793645" lon="-72.6219801139"><ele>123.74</ele><time>2024-09-12T01:10:13Z</time></trkpt><trkpt lat="-39.3624299113" lon="-72.6219986379"><ele>123.81</ele><time>2024-09-12T01:10:14Z</time></trkpt><trkpt lat="-39.3623718247" lon="-72.6220123004"><ele>123.98</ele><time>2024-09-12T01:10:15Z</time></trkpt><trkpt lat="-39.3623119779" lon="-72.6220229454"><ele>124.13</ele><time>2024-09-12T01:10:16Z</time></trkpt><trkpt lat="-39.3619915377" lon="-72.6220003981"><ele>123.52</ele><time>2024-09-12T01:10:25Z</time></trkpt><trkpt lat="-39.3618271686" lon="-72.6217590831"><ele>123.40</ele><time>2024-09-12T01:10:33Z</time></trkpt><trkpt lat="-39.3618264142" lon="-72.6217299141"><ele>123.28</ele><time>2024-09-12T01:10:34Z</time></trkpt><trkpt lat="-39.3618362211" lon="-72.6217025053"><ele>123.36</ele><time>2024-09-12T01:10:35Z</time></trkpt><trkpt lat="-39.3618556671" lon="-72.6216819696"><ele>123.11</ele><time>2024-09-12T01:10:36Z</time></trkpt><trkpt lat="-39.3618855905" lon="-72.6216625236"><ele>123.16</ele><time>2024-09-12T01:10:37Z</time></trkpt><trkpt lat="-39.3619234767" lon="-72.6216465980"><ele>123.11</ele><time>2024-09-12T01:10:38Z</time></trkpt><trkpt lat="-39.3619629554" lon="-72.6216344442"><ele>123.07</ele><time>2024-09-12T01:10:39Z</time></trkpt><trkpt lat="-39.3620035239" lon="-72.6216273196"><ele>123.07</ele><time>2024-09-12T01:10:40Z</time></trkpt><trkpt lat="-39.3620438408" lon="-72.6216212008"><ele>123.06</ele><time>2024-09-12T01:10:41Z</time></trkpt><trkpt lat="-39.3621326890" lon="-72.6216061134"><ele>122.97</ele><time>2024-09-12T01:10:43Z</time></trkpt><trkpt lat="-39.3625490181" lon="-72.6215146668"><ele>123.15</ele><time>2024-09-12T01:10:54Z</time></trkpt><trkpt lat="-39.3625637703" lon="-72.6214841567"><ele>123.34</ele><time>2024-09-12T01:10:55Z</time></trkpt><trkpt lat="-39.3625760078" lon="-72.6214436721"><ele>123.36</ele><time>2024-09-12T01:10:56Z</time></trkpt><trkpt lat="-39.3625860661" lon="-72.6213854179"><ele>123.29</ele><time>2024-09-12T01:10:57Z</time></trkpt><trkpt lat="-39.3625902571" lon="-72.6213084720"><ele>123.42</ele><time>2024-09-12T01:10:58Z</time></trkpt><trkpt lat="-39.3625911791" lon="-72.6212202944"><ele>123.60</ele><time>2024-09-12T01:10:59Z</time></trkpt><trkpt lat="-39.3625931069" lon="-72.6211283449"><ele>123.78</ele><time>2024-09-12T01:11:00Z</time></trkpt><trkpt lat="-39.3626029138" lon="-72.6206634007"><ele>123.87</ele><time>2024-09-12T01:11:05Z</time></trkpt><trkpt lat="-39.3626196776" lon="-72.6206100918"><ele>123.56</ele><time>2024-09-12T01:11:06Z</time></trkpt><trkpt lat="-39.3626557197" lon="-72.6205777377"><ele>123.29</ele><time>2024-09-12T01:11:07Z</time></trkpt><trkpt lat="-39.3627076037" lon="-72.6205612253"><ele>123.09</ele><time>2024-09-12T01:11:08Z</time></trkpt><trkpt lat="-39.3627682887" lon="-72.6205566991"><ele>123.07</ele><time>2024-09-12T01:11:09Z</time></trkpt><trkpt lat="-39.3628371041" lon="-72.6205566153"><ele>123.06</ele><time>2024-09-12T01:11:10Z</time></trkpt><trkpt lat="-39.3638133444" lon="-72.6205980219"><ele>123.70</ele><time>2024-09-12T01:11:23Z</time></trkpt><trkpt lat="-39.3640000932" lon="-72.6205813419"><ele>123.19</ele><time>2024-09-12T01:11:30Z</time></trkpt><trkpt lat="-39.3640146777" lon="-72.6205532625"><ele>123.44</ele><time>2024-09-12T01:11:31Z</time></trkpt><trkpt lat="-39.3640261609" lon="-72.6205144543"><ele>123.49</ele><time>2024-09-12T01:11:32Z</time></trkpt><trkpt lat="-39.3640345428" lon="-72.6204674318"><ele>123.31</ele><time>2024-09-12T01:11:33Z</time></trkpt><trkpt lat="-39.3640401587" lon="-72.6204183139"><ele>123.38</ele><time>2024-09-12T01:11:34Z</time></trkpt><trkpt lat="-39.3640446011" lon="-72.6203650888"><ele>123.44</ele><time>2024-09-12T01:11:35Z</time></trkpt><trkpt lat="-39.3640280887" lon="-72.6201617438"><ele>123.52</ele><time>2024-09-12T01:11:39Z</time></trkpt><trkpt lat="-39.3640053738" lon="-72.6201367658"><ele>123.57</ele><time>2024-09-12T01:11:40Z</time></trkpt><trkpt lat="-39.3639693316" lon="-72.6201220136"><ele>123.84</ele><time>2024-09-12T01:11:41Z</time></trkpt><trkpt lat="-39.3639195431" lon="-72.6201178227"><ele>123.87</ele><time>2024-09-12T01:11:42Z</time></trkpt><trkpt lat="-39.3638612051" lon="-72.6201153919"><ele>123.93</ele><time>2024-09-12T01:11:43Z</time></trkpt><trkpt lat="-39.3629729748" lon="-72.6200920064"><ele>124.12</ele><time>2024-09-12T01:11:56Z</time></trkpt><trkpt lat="-39.3626869004" lon="-72.6200565509"><ele>122.92</ele><time>2024-09-12T01:12:02Z</time></trkpt><trkpt lat="-39.3626713101" lon="-72.6200240292"><ele>122.70</ele><time>2024-09-12T01:12:03Z</time></trkpt><trkpt lat="-39.3626632635" lon="-72.6199731510"><ele>122.66</ele><time>2024-09-12T01:12:04Z</time></trkpt><trkpt lat="-39.3626602460" lon="-72.6199062634"><ele>122.77</ele><time>2024-09-12T01:12:05Z</time></trkpt><trkpt lat="-39.3626624253" lon="-72.6198304910"><ele>122.57</ele><time>2024-09-12T01:12:06Z</time></trkpt><trkpt lat="-39.3626824580" lon="-72.6196973864"><ele>122.76</ele><time>2024-09-12T01:12:08Z</time></trkpt><trkpt lat="-39.3627060112" lon="-72.6196536329"><ele>122.52</ele><time>2024-09-12T01:12:09Z</time></trkpt><trkpt lat="-39.3627423886" lon="-72.6196289062"><ele>122.52</ele><time>2024-09-12T01:12:10Z</time></trkpt><trkpt lat="-39.3627874833" lon="-72.6196219493"><ele>122.65</ele><time>2024-09-12T01:12:11Z</time></trkpt><trkpt lat="-39.3628438096" lon="-72.6196222007"><ele>122.36</ele><time>2024-09-12T01:12:12Z</time></trkpt><trkpt lat="-39.3629080988" lon="-72.6196242962"><ele>122.88</ele><time>2024-09-12T01:12:13Z</time></trkpt><trkpt lat="-39.3638263363" lon="-72.6196364500"><ele>123.86</ele><time>2024-09-12T01:12:25Z</time></trkpt><trkpt lat="-39.3640395720" lon="-72.6196128130"><ele>123.51</ele><time>2024-09-12T01:12:31Z</time></trkpt><trkpt lat="-39.3640536536" lon="-72.6195631083"><ele>123.83</ele><time>2024-09-12T01:12:32Z</time></trkpt><trkpt lat="-39.3640643824" lon="-72.6194974780"><ele>123.77</ele><time>2024-09-12T01:12:33Z</time></trkpt><trkpt lat="-39.3640715908" lon="-72.6194229629"><ele>123.94</ele><time>2024-09-12T01:12:34Z</time></trkpt><trkpt lat="-39.3640752789" lon="-72.6193493698"><ele>124.01</ele><time>2024-09-12T01:12:35Z</time></trkpt><trkpt lat="-39.3640730996" lon="-72.6192817278"><ele>123.91</ele><time>2024-09-12T01:12:36Z</time></trkpt><trkpt lat="-39.3640619516" lon="-72.6192347053"><ele>123.64</ele><time>2024-09-12T01:12:37Z</time></trkpt><trkpt lat="-39.3640406616" lon="-72.6192111522"><ele>123.82</ele><time>2024-09-12T01:12:38Z</time></trkpt><trkpt lat="-39.3640108220" lon="-72.6191965677"><ele>123.98</ele><time>2024-09-12T01:12:39Z</time></trkpt><trkpt lat="-39.3639735226" lon="-72.6191896945"><ele>123.99</ele><time>2024-09-12T01:12:40Z</time></trkpt><trkpt lat="-39.3639299367" lon="-72.6191855874"><ele>124.05</ele><time>2024-09-12T01:12:41Z</time></trkpt><trkpt lat="-39.3634422775" lon="-72.6191744395"><ele>123.80</ele><time>2024-09-12T01:12:49Z</time></trkpt><trkpt lat="-39.3628070969" lon="-72.6191643812"><ele>122.61</ele><time>2024-09-12T01:13:00Z</time></trkpt><trkpt lat="-39.3627949432" lon="-72.6190884411"><ele>122.40</ele><time>2024-09-12T01:13:07Z</time></trkpt><trkpt lat="-39.3627953622" lon="-72.6190498844"><ele>122.22</ele><time>2024-09-12T01:13:08Z</time></trkpt><trkpt lat="-39.3628047500" lon="-72.6189947315"><ele>122.40</ele><time>2024-09-12T01:13:09Z</time></trkpt><trkpt lat="-39.3628233578" lon="-72.6189301908"><ele>122.61</ele><time>2024-09-12T01:13:10Z</time></trkpt><trkpt lat="-39.3628503475" lon="-72.6188630518"><ele>122.92</ele><time>2024-09-12T01:13:11Z</time></trkpt><trkpt lat="-39.3628753256" lon="-72.6187994331"><ele>123.06</ele><time>2024-09-12T01:13:12Z</time></trkpt><trkpt lat="-39.3629054166" lon="-72.6187522430"><ele>123.28</ele><time>2024-09-12T01:13:13Z</time></trkpt><trkpt lat="-39.3629381061" lon="-72.6187208109"><ele>122.72</ele><time>2024-09-12T01:13:14Z</time></trkpt><trkpt lat="-39.3629775010" lon="-72.6187040471"><ele>122.38</ele><time>2024-09-12T01:13:15Z</time></trkpt><trkpt lat="-39.3630203325" lon="-72.6187001914"><ele>122.32</ele><time>2024-09-12T01:13:16Z</time></trkpt><trkpt lat="-39.3630674388" lon="-72.6187027898"><ele>122.95</ele><time>2024-09-12T01:13:17Z</time></trkpt><trkpt lat="-39.3631193228" lon="-72.6187063102"><ele>123.15</ele><time>2024-09-12T01:13:18Z</time></trkpt><trkpt lat="-39.3639109936" lon="-72.6187308691"><ele>123.99</ele><time>2024-09-12T01:13:30Z</time></trkpt><trkpt lat="-39.3640415836" lon="-72.6187257562"><ele>123.57</ele><time>2024-09-12T01:13:35Z</time></trkpt><trkpt lat="-39.3640607782" lon="-72.6186913904"><ele>123.93</ele><time>2024-09-12T01:13:36Z</time></trkpt><trkpt lat="-39.3640774582" lon="-72.6186451223"><ele>124.01</ele><time>2024-09-12T01:13:37Z</time></trkpt><trkpt lat="-39.3640899472" lon="-72.6185857784"><ele>124.01</ele><time>2024-09-12T01:13:38Z</time></trkpt><trkpt lat="-39.3640972394" lon="-72.6185250934"><ele>124.13</ele><time>2024-09-12T01:13:39Z</time></trkpt><trkpt lat="-39.3640996702" lon="-72.6184675936"><ele>124.06</ele><time>2024-09-12T01:13:40Z</time></trkpt><trkpt lat="-39.3640929647" lon="-72.6184143685"><ele>124.09</ele><time>2024-09-12T01:13:41Z</time></trkpt><trkpt lat="-39.3640814815" lon="-72.6183725428"><ele>124.05</ele><time>2024-09-12T01:13:42Z</time></trkpt><trkpt lat="-39.3640624546" lon="-72.6183388475"><ele>123.93</ele><time>2024-09-12T01:13:43Z</time></trkpt><trkpt lat="-39.3640387338" lon="-72.6183162164"><ele>123.99</ele><time>2024-09-12T01:13:44Z</time></trkpt><trkpt lat="-39.3640017696" lon="-72.6183014642"><ele>124.08</ele><time>2024-09-12T01:13:45Z</time></trkpt><trkpt lat="-39.3639589380" lon="-72.6182961836"><ele>124.11</ele><time>2024-09-12T01:13:46Z</time></trkpt><trkpt lat="-39.3639073893" lon="-72.6182956807"><ele>124.14</ele><time>2024-09-12T01:13:47Z</time></trkpt><trkpt lat="-39.3632689398" lon="-72.6182900649"><ele>123.51</ele><time>2024-09-12T01:13:58Z</time></trkpt><trkpt lat="-39.3631979451" lon="-72.6182402764"><ele>123.08</ele><time>2024-09-12T01:14:02Z</time></trkpt><trkpt lat="-39.3631947599" lon="-72.6182080060"><ele>122.99</ele><time>2024-09-12T01:14:03Z</time></trkpt><trkpt lat="-39.3631976098" lon="-72.6181677729"><ele>122.86</ele><time>2024-09-12T01:14:04Z</time></trkpt><trkpt lat="-39.3632107694" lon="-72.6181174815"><ele>122.75</ele><time>2024-09-12T01:14:05Z</time></trkpt><trkpt lat="-39.3632339872" lon="-72.6180565450"><ele>122.79</ele><time>2024-09-12T01:14:06Z</time></trkpt><trkpt lat="-39.3632655032" lon="-72.6179926749"><ele>122.91</ele><time>2024-09-12T01:14:07Z</time></trkpt><trkpt lat="-39.3632939178" lon="-72.6179356780"><ele>123.80</ele><time>2024-09-12T01:14:08Z</time></trkpt><trkpt lat="-39.3633276131" lon="-72.6178956125"><ele>123.40</ele><time>2024-09-12T01:14:09Z</time></trkpt><trkpt lat="-39.3633675948" lon="-72.6178725623"><ele>123.40</ele><time>2024-09-12T01:14:10Z</time></trkpt><trkpt lat="-39.3634135276" lon="-72.6178612467"><ele>123.48</ele><time>2024-09-12T01:14:11Z</time></trkpt><trkpt lat="-39.3634659145" lon="-72.6178563852"><ele>122.86</ele><time>2024-09-12T01:14:12Z</time></trkpt><trkpt lat="-39.3635266833" lon="-72.6178547926"><ele>124.00</ele><time>2024-09-12T01:14:13Z</time></trkpt><trkpt lat="-39.3639982492" lon="-72.6178544573"><ele>123.94</ele><time>2024-09-12T01:14:22Z</time></trkpt><trkpt lat="-39.3640225567" lon="-72.6178447343"><ele>123.81</ele><time>2024-09-12T01:14:24Z</time></trkpt><trkpt lat="-39.3640381470" lon="-72.6178289764"><ele>123.88</ele><time>2024-09-12T01:14:25Z</time></trkpt><trkpt lat="-39.3640534859" lon="-72.6177944429"><ele>124.00</ele><time>2024-09-12T01:14:26Z</time></trkpt><trkpt lat="-39.3640649691" lon="-72.6177410502"><ele>124.03</ele><time>2024-09-12T01:14:27Z</time></trkpt><trkpt lat="-39.3640730157" lon="-72.6176693849"><ele>124.20</ele><time>2024-09-12T01:14:28Z</time></trkpt><trkpt lat="-39.3640795536" lon="-72.6175290719"><ele>124.10</ele><time>2024-09-12T01:14:30Z</time></trkpt><trkpt lat="-39.3640754465" lon="-72.6174786966"><ele>124.21</ele><time>2024-09-12T01:14:31Z</time></trkpt><trkpt lat="-39.3640555814" lon="-72.6174455881"><ele>124.22</ele><time>2024-09-12T01:14:32Z</time></trkpt><trkpt lat="-39.3640306871" lon="-72.6174258906"><ele>124.19</ele><time>2024-09-12T01:14:33Z</time></trkpt><trkpt lat="-39.3639913760" lon="-72.6174114738"><ele>124.07</ele><time>2024-09-12T01:14:34Z</time></trkpt><trkpt lat="-39.3639385700" lon="-72.6174048521"><ele>124.17</ele><time>2024-09-12T01:14:35Z</time></trkpt><trkpt lat="-39.3638754543" lon="-72.6174040977"><ele>124.53</ele><time>2024-09-12T01:14:36Z</time></trkpt><trkpt lat="-39.3638067227" lon="-72.6174030080"><ele>124.69</ele><time>2024-09-12T01:14:37Z</time></trkpt><trkpt lat="-39.3635264318" lon="-72.6173708215"><ele>123.50</ele><time>2024-09-12T01:14:44Z</time></trkpt><trkpt lat="-39.3635138590" lon="-72.6173420716"><ele>123.49</ele><time>2024-09-12T01:14:45Z</time></trkpt><trkpt lat="-39.3635102548" lon="-72.6173043530"><ele>123.55</ele><time>2024-09-12T01:14:46Z</time></trkpt><trkpt lat="-39.3635172956" lon="-72.6172551513"><ele>123.66</ele><time>2024-09-12T01:14:47Z</time></trkpt><trkpt lat="-39.3635347299" lon="-72.6171909459"><ele>123.79</ele><time>2024-09-12T01:14:48Z</time></trkpt><trkpt lat="-39.3635557685" lon="-72.6171194483"><ele>124.01</ele><time>2024-09-12T01:14:49Z</time></trkpt><trkpt lat="-39.3635859434" lon="-72.6170548238"><ele>123.91</ele><time>2024-09-12T01:14:50Z</time></trkpt><trkpt lat="-39.3636221532" lon="-72.6170104835"><ele>123.98</ele><time>2024-09-12T01:14:51Z</time></trkpt><trkpt lat="-39.3636745401" lon="-72.6169806439"><ele>123.97</ele><time>2024-09-12T01:14:52Z</time></trkpt><trkpt lat="-39.3637327943" lon="-72.6169688255"><ele>123.91</ele><time>2024-09-12T01:14:53Z</time></trkpt><trkpt lat="-39.3637985922" lon="-72.6169670653"><ele>124.12</ele><time>2024-09-12T01:14:54Z</time></trkpt><trkpt lat="-39.3638603669" lon="-72.6169643831"><ele>124.33</ele><time>2024-09-12T01:14:55Z</time></trkpt><trkpt lat="-39.3639783002" lon="-72.6169721782"><ele>124.46</ele><time>2024-09-12T01:14:57Z</time></trkpt><trkpt lat="-39.3640284240" lon="-72.6169951446"><ele>124.64</ele><time>2024-09-12T01:14:58Z</time></trkpt><trkpt lat="-39.3640618678" lon="-72.6170436759"><ele>124.57</ele><time>2024-09-12T01:14:59Z</time></trkpt><trkpt lat="-39.3640811462" lon="-72.6171016786"><ele>124.45</ele><time>2024-09-12T01:15:00Z</time></trkpt><trkpt lat="-39.3640855048" lon="-72.6171777025"><ele>124.42</ele><time>2024-09-12T01:15:01Z</time></trkpt><trkpt lat="-39.3640829902" lon="-72.6172755193"><ele>124.40</ele><time>2024-09-12T01:15:02Z</time></trkpt><trkpt lat="-39.3640766200" lon="-72.6173807122"><ele>124.59</ele><time>2024-09-12T01:15:03Z</time></trkpt><trkpt lat="-39.3640412483" lon="-72.6189066377"><ele>124.20</ele><time>2024-09-12T01:15:18Z</time></trkpt><trkpt lat="-39.3640280049" lon="-72.6200071815"><ele>124.07</ele><time>2024-09-12T01:15:28Z</time></trkpt><trkpt lat="-39.3640119955" lon="-72.6206114329"><ele>122.81</ele><time>2024-09-12T01:15:36Z</time></trkpt><trkpt lat="-39.3640176952" lon="-72.6205933280"><ele>122.57</ele><time>2024-09-12T01:15:48Z</time></trkpt><trkpt lat="-39.3640002608" lon="-72.6206150372"><ele>122.61</ele><time>2024-09-12T01:15:50Z</time></trkpt><trkpt lat="-39.3639863469" lon="-72.6206208207"><ele>122.59</ele><time>2024-09-12T01:15:51Z</time></trkpt><trkpt lat="-39.3639734387" lon="-72.6206232514"><ele>122.60</ele><time>2024-09-12T01:15:52Z</time></trkpt><trkpt lat="-39.3639602792" lon="-72.6206157915"><ele>122.63</ele><time>2024-09-12T01:15:53Z</time></trkpt><trkpt lat="-39.3639502209" lon="-72.6206074934"><ele>122.68</ele><time>2024-09-12T01:15:54Z</time></trkpt><trkpt lat="-39.3639293499" lon="-72.6205991115"><ele>122.56</ele><time>2024-09-12T01:16:12Z</time></trkpt><trkpt lat="-39.3639261648" lon="-72.6206036378"><ele>122.44</ele><time>2024-09-12T01:16:24Z</time></trkpt><trkpt lat="-39.3639069702" lon="-72.6206171326"><ele>122.51</ele><time>2024-09-12T01:16:25Z</time></trkpt><trkpt lat="-39.3638750352" lon="-72.6206297055"><ele>122.51</ele><time>2024-09-12T01:16:26Z</time></trkpt><trkpt lat="-39.3638469558" lon="-72.6206373330"><ele>122.51</ele><time>2024-09-12T01:16:27Z</time></trkpt><trkpt lat="-39.3638114166" lon="-72.6206434518"><ele>122.66</ele><time>2024-09-12T01:16:28Z</time></trkpt><trkpt lat="-39.3637702614" lon="-72.6206428651"><ele>122.70</ele><time>2024-09-12T01:16:29Z</time></trkpt><trkpt lat="-39.3637260050" lon="-72.6206409372"><ele>122.83</ele><time>2024-09-12T01:16:30Z</time></trkpt><trkpt lat="-39.3635313772" lon="-72.6206286158"><ele>122.92</ele><time>2024-09-12T01:16:34Z</time></trkpt><trkpt lat="-39.3632704485" lon="-72.6207260136"><ele>122.58</ele><time>2024-09-12T01:16:41Z</time></trkpt><trkpt lat="-39.3632615637" lon="-72.6207808312"><ele>122.45</ele><time>2024-09-12T01:16:42Z</time></trkpt><trkpt lat="-39.3633642420" lon="-72.6212276705"><ele>121.78</ele><time>2024-09-12T01:16:52Z</time></trkpt><trkpt lat="-39.3635913916" lon="-72.6214364637"><ele>122.09</ele><time>2024-09-12T01:17:04Z</time></trkpt><trkpt lat="-39.3636370730" lon="-72.6214564126"><ele>122.01</ele><time>2024-09-12T01:17:28Z</time></trkpt><trkpt lat="-39.3637192994" lon="-72.6215183549"><ele>122.15</ele><time>2024-09-12T01:17:31Z</time></trkpt><trkpt lat="-39.3639038689" lon="-72.6217172574"><ele>121.49</ele><time>2024-09-12T01:17:40Z</time></trkpt><trkpt lat="-39.3639051262" lon="-72.6217531320"><ele>121.56</ele><time>2024-09-12T01:17:41Z</time></trkpt><trkpt lat="-39.3639034498" lon="-72.6218021661"><ele>121.52</ele><time>2024-09-12T01:17:42Z</time></trkpt><trkpt lat="-39.3638829980" lon="-72.6225960162"><ele>122.07</ele><time>2024-09-12T01:17:51Z</time></trkpt><trkpt lat="-39.3638584390" lon="-72.6245136280"><ele>122.38</ele><time>2024-09-12T01:18:10Z</time></trkpt><trkpt lat="-39.3638298567" lon="-72.6246764045"><ele>122.87</ele><time>2024-09-12T01:18:15Z</time></trkpt><trkpt lat="-39.3638422620" lon="-72.6247270312"><ele>122.82</ele><time>2024-09-12T01:18:16Z</time></trkpt><trkpt lat="-39.3638670724" lon="-72.6247855369"><ele>122.92</ele><time>2024-09-12T01:18:17Z</time></trkpt><trkpt lat="-39.3639052939" lon="-72.6248554420"><ele>123.18</ele><time>2024-09-12T01:18:18Z</time></trkpt><trkpt lat="-39.3639526516" lon="-72.6249338966"><ele>123.30</ele><time>2024-09-12T01:18:19Z</time></trkpt><trkpt lat="-39.3641423341" lon="-72.6252146065"><ele>122.90</ele><time>2024-09-12T01:18:23Z</time></trkpt><trkpt lat="-39.3641888537" lon="-72.6252391655"><ele>122.93</ele><time>2024-09-12T01:18:24Z</time></trkpt><trkpt lat="-39.3642302603" lon="-72.6252343878"><ele>122.87</ele><time>2024-09-12T01:18:25Z</time></trkpt><trkpt lat="-39.3642650452" lon="-72.6252062246"><ele>122.61</ele><time>2024-09-12T01:18:26Z</time></trkpt><trkpt lat="-39.3642912805" lon="-72.6251534186"><ele>122.44</ele><time>2024-09-12T01:18:27Z</time></trkpt><trkpt lat="-39.3642970640" lon="-72.6250823401"><ele>122.24</ele><time>2024-09-12T01:18:28Z</time></trkpt><trkpt lat="-39.3642998300" lon="-72.6249951683"><ele>122.19</ele><time>2024-09-12T01:18:29Z</time></trkpt><trkpt lat="-39.3643020932" lon="-72.6249022130"><ele>122.09</ele><time>2024-09-12T01:18:30Z</time></trkpt><trkpt lat="-39.3643818051" lon="-72.6232534088"><ele>122.68</ele><time>2024-09-12T01:18:46Z</time></trkpt><trkpt lat="-39.3644046877" lon="-72.6225014683"><ele>122.21</ele><time>2024-09-12T01:18:55Z</time></trkpt><trkpt lat="-39.3644327670" lon="-72.6211982500"><ele>122.30</ele><time>2024-09-12T01:19:07Z</time></trkpt><trkpt lat="-39.3644569069" lon="-72.6187664922"><ele>122.44</ele><time>2024-09-12T01:19:29Z</time></trkpt><trkpt lat="-39.3644579966" lon="-72.6163261849"><ele>124.05</ele><time>2024-09-12T01:19:51Z</time></trkpt><trkpt lat="-39.3644480221" lon="-72.6148997527"><ele>127.28</ele><time>2024-09-12T01:20:04Z</time></trkpt><trkpt lat="-39.3644616846" lon="-72.6142481435"><ele>130.67</ele><time>2024-09-12T01:20:10Z</time></trkpt><trkpt lat="-39.3644643668" lon="-72.6141364127"><ele>130.89</ele><time>2024-09-12T01:20:11Z</time></trkpt><trkpt lat="-39.3644700665" lon="-72.6138170622"><ele>131.43</ele><time>2024-09-12T01:20:14Z</time></trkpt><trkpt lat="-39.3645523768" lon="-72.6134227775"><ele>132.59</ele><time>2024-09-12T01:20:18Z</time></trkpt><trkpt lat="-39.3645881675" lon="-72.6127421670"><ele>136.72</ele><time>2024-09-12T01:20:25Z</time></trkpt><trkpt lat="-39.3646009918" lon="-72.6120054815"><ele>137.73</ele><time>2024-09-12T01:20:33Z</time></trkpt><trkpt lat="-39.3647418078" lon="-72.6117514260"><ele>137.77</ele><time>2024-09-12T01:20:38Z</time></trkpt><trkpt lat="-39.3652468175" lon="-72.6114935149"><ele>140.84</ele><time>2024-09-12T01:20:48Z</time></trkpt><trkpt lat="-39.3652375136" lon="-72.6115278807"><ele>140.17</ele><time>2024-09-12T01:20:56Z</time></trkpt><trkpt lat="-39.3651857134" lon="-72.6115652639"><ele>136.16</ele><time>2024-09-12T01:21:00Z</time></trkpt><trkpt lat="-39.3651692849" lon="-72.6115763281"><ele>138.95</ele><time>2024-09-12T01:21:01Z</time></trkpt><trkpt lat="-39.3651204184" lon="-72.6116091851"><ele>133.71</ele><time>2024-09-12T01:21:04Z</time></trkpt><trkpt lat="-39.3651069235" lon="-72.6116185728"><ele>141.14</ele><time>2024-09-12T01:21:05Z</time></trkpt><trkpt lat="-39.3650978711" lon="-72.6116227638"><ele>140.38</ele><time>2024-09-12T01:21:06Z</time></trkpt><trkpt lat="-39.3650939316" lon="-72.6116510946"><ele>128.73</ele><time>2024-09-12T01:21:17Z</time></trkpt><trkpt lat="-39.3650920875" lon="-72.6116508432"><ele>125.66</ele><time>2024-09-12T01:21:19Z</time></trkpt><trkpt lat="-39.3650697079" lon="-72.6116550341"><ele>142.18</ele><time>2024-09-12T01:21:23Z</time></trkpt><trkpt lat="-39.3650717195" lon="-72.6116443053"><ele>141.18</ele><time>2024-09-12T01:21:24Z</time></trkpt><trkpt lat="-39.3650815263" lon="-72.6115938462"><ele>141.75</ele><time>2024-09-12T01:21:36Z</time></trkpt><trkpt lat="-39.3650856335" lon="-72.6115895715"><ele>140.23</ele><time>2024-09-12T01:22:06Z</time></trkpt><trkpt lat="-39.3650831189" lon="-72.6116028149"><ele>140.43</ele><time>2024-09-12T01:22:24Z</time></trkpt><trkpt lat="-39.3650910817" lon="-72.6116659306"><ele>140.79</ele><time>2024-09-12T01:22:33Z</time></trkpt><trkpt lat="-39.3651030678" lon="-72.6116458979"><ele>138.94</ele><time>2024-09-12T01:22:40Z</time></trkpt><trkpt lat="-39.3652708735" lon="-72.6115573011"><ele>140.29</ele><time>2024-09-12T01:22:45Z</time></trkpt><trkpt lat="-39.3654547725" lon="-72.6114779245"><ele>141.66</ele><time>2024-09-12T01:22:49Z</time></trkpt><trkpt lat="-39.3655361608" lon="-72.6115587261"><ele>142.14</ele><time>2024-09-12T01:22:52Z</time></trkpt><trkpt lat="-39.3655412737" lon="-72.6116176508"><ele>142.28</ele><time>2024-09-12T01:22:53Z</time></trkpt><trkpt lat="-39.3655409385" lon="-72.6116878074"><ele>142.45</ele><time>2024-09-12T01:22:54Z</time></trkpt><trkpt lat="-39.3655392621" lon="-72.6117579639"><ele>142.56</ele><time>2024-09-12T01:22:55Z</time></trkpt><trkpt lat="-39.3654461391" lon="-72.6119663380"><ele>142.33</ele><time>2024-09-12T01:23:00Z</time></trkpt><trkpt lat="-39.3649341725" lon="-72.6122942381"><ele>138.98</ele><time>2024-09-12T01:23:10Z</time></trkpt><trkpt lat="-39.3647110462" lon="-72.6124073938"><ele>136.83</ele><time>2024-09-12T01:23:19Z</time></trkpt><trkpt lat="-39.3646713998" lon="-72.6124703418"><ele>136.94</ele><time>2024-09-12T01:23:21Z</time></trkpt><trkpt lat="-39.3646390457" lon="-72.6128115691"><ele>136.35</ele><time>2024-09-12T01:23:27Z</time></trkpt><trkpt lat="-39.3648711406" lon="-72.6127944700"><ele>137.69</ele><time>2024-09-12T01:23:33Z</time></trkpt><trkpt lat="-39.3652190734" lon="-72.6126012672"><ele>139.99</ele><time>2024-09-12T01:23:43Z</time></trkpt><trkpt lat="-39.3652218394" lon="-72.6125440188"><ele>139.96</ele><time>2024-09-12T01:23:55Z</time></trkpt><trkpt lat="-39.3652580492" lon="-72.6125130057"><ele>140.18</ele><time>2024-09-12T01:23:58Z</time></trkpt><trkpt lat="-39.3653739709" lon="-72.6124226488"><ele>141.28</ele><time>2024-09-12T01:24:02Z</time></trkpt><trkpt lat="-39.3654814269" lon="-72.6123803202"><ele>142.09</ele><time>2024-09-12T01:24:05Z</time></trkpt><trkpt lat="-39.3655304611" lon="-72.6127203740"><ele>140.40</ele><time>2024-09-12T01:24:13Z</time></trkpt><trkpt lat="-39.3654504977" lon="-72.6128818933"><ele>138.82</ele><time>2024-09-12T01:24:17Z</time></trkpt><trkpt lat="-39.3648817856" lon="-72.6132286526"><ele>135.76</ele><time>2024-09-12T01:24:27Z</time></trkpt><trkpt lat="-39.3647093698" lon="-72.6133196801"><ele>133.54</ele><time>2024-09-12T01:24:34Z</time></trkpt><trkpt lat="-39.3647086993" lon="-72.6133148186"><ele>133.63</ele><time>2024-09-12T01:24:37Z</time></trkpt><trkpt lat="-39.3645960465" lon="-72.6134930179"><ele>133.08</ele><time>2024-09-12T01:24:42Z</time></trkpt><trkpt lat="-39.3645527121" lon="-72.6136360969"><ele>132.17</ele><time>2024-09-12T01:24:44Z</time></trkpt><trkpt lat="-39.3647126388" lon="-72.6138377655"><ele>132.34</ele><time>2024-09-12T01:24:51Z</time></trkpt><trkpt lat="-39.3647806998" lon="-72.6138055790"><ele>133.02</ele><time>2024-09-12T01:24:52Z</time></trkpt><trkpt lat="-39.3652895652" lon="-72.6135059260"><ele>136.88</ele><time>2024-09-12T01:24:59Z</time></trkpt><trkpt lat="-39.3657125998" lon="-72.6132693049"><ele>139.02</ele><time>2024-09-12T01:25:06Z</time></trkpt><trkpt lat="-39.3659187946" lon="-72.6130475197"><ele>141.02</ele><time>2024-09-12T01:25:10Z</time></trkpt><trkpt lat="-39.3659736123" lon="-72.6127138361"><ele>142.23</ele><time>2024-09-12T01:25:14Z</time></trkpt><trkpt lat="-39.3659658171" lon="-72.6118944213"><ele>140.87</ele><time>2024-09-12T01:25:24Z</time></trkpt><trkpt lat="-39.3659753725" lon="-72.6118667610"><ele>140.46</ele><time>2024-09-12T01:25:25Z</time></trkpt><trkpt lat="-39.3659827486" lon="-72.6118504163"><ele>140.13</ele><time>2024-09-12T01:25:26Z</time></trkpt><trkpt lat="-39.3660195451" lon="-72.6118351612"><ele>139.47</ele><time>2024-09-12T01:25:28Z</time></trkpt><trkpt lat="-39.3660551682" lon="-72.6118538529"><ele>139.28</ele><time>2024-09-12T01:25:29Z</time></trkpt><trkpt lat="-39.3660937250" lon="-72.6118946727"><ele>139.16</ele><time>2024-09-12T01:25:30Z</time></trkpt><trkpt lat="-39.3661436811" lon="-72.6119572017"><ele>138.89</ele><time>2024-09-12T01:25:31Z</time></trkpt><trkpt lat="-39.3662043661" lon="-72.6120283641"><ele>138.66</ele><time>2024-09-12T01:25:32Z</time></trkpt><trkpt lat="-39.3667405564" lon="-72.6124857645"><ele>135.20</ele><time>2024-09-12T01:25:39Z</time></trkpt><trkpt lat="-39.3671015650" lon="-72.6127285883"><ele>131.83</ele><time>2024-09-12T01:25:44Z</time></trkpt><trkpt lat="-39.3674711231" lon="-72.6129724178"><ele>128.31</ele><time>2024-09-12T01:25:50Z</time></trkpt><trkpt lat="-39.3675748911" lon="-72.6130453404"><ele>127.31</ele><time>2024-09-12T01:25:52Z</time></trkpt><trkpt lat="-39.3679695949" lon="-72.6133531239"><ele>125.95</ele><time>2024-09-12T01:25:59Z</time></trkpt><trkpt lat="-39.3679867778" lon="-72.6133933570"><ele>125.59</ele><time>2024-09-12T01:26:00Z</time></trkpt><trkpt lat="-39.3679949082" lon="-72.6134312432"><ele>125.17</ele><time>2024-09-12T01:26:01Z</time></trkpt><trkpt lat="-39.3679908849" lon="-72.6134692971"><ele>125.15</ele><time>2024-09-12T01:26:02Z</time></trkpt><trkpt lat="-39.3679677509" lon="-72.6135081891"><ele>124.93</ele><time>2024-09-12T01:26:03Z</time></trkpt><trkpt lat="-39.3679375760" lon="-72.6135486737"><ele>124.81</ele><time>2024-09-12T01:26:04Z</time></trkpt><trkpt lat="-39.3678970914" lon="-72.6135858055"><ele>124.76</ele><time>2024-09-12T01:26:05Z</time></trkpt><trkpt lat="-39.3678505719" lon="-72.6136187464"><ele>124.54</ele><time>2024-09-12T01:26:06Z</time></trkpt><trkpt lat="-39.3678047229" lon="-72.6136433892"><ele>124.26</ele><time>2024-09-12T01:26:07Z</time></trkpt><trkpt lat="-39.3677675072" lon="-72.6136687864"><ele>124.01</ele><time>2024-09-12T01:26:08Z</time></trkpt><trkpt lat="-39.3677004520" lon="-72.6137475763"><ele>123.26</ele><time>2024-09-12T01:26:12Z</time></trkpt><trkpt lat="-39.3677011225" lon="-72.6137748174"><ele>123.20</ele><time>2024-09-12T01:26:13Z</time></trkpt><trkpt lat="-39.3677094206" lon="-72.6138020586"><ele>123.37</ele><time>2024-09-12T01:26:14Z</time></trkpt><trkpt lat="-39.3677252624" lon="-72.6138415374"><ele>123.36</ele><time>2024-09-12T01:26:15Z</time></trkpt><trkpt lat="-39.3677488156" lon="-72.6138989534"><ele>123.49</ele><time>2024-09-12T01:26:16Z</time></trkpt><trkpt lat="-39.3679767195" lon="-72.6143604610"><ele>123.51</ele><time>2024-09-12T01:26:27Z</time></trkpt><trkpt lat="-39.3679760490" lon="-72.6143809129"><ele>123.52</ele><time>2024-09-12T01:26:28Z</time></trkpt><trkpt lat="-39.3679763004" lon="-72.6144039631"><ele>123.42</ele><time>2024-09-12T01:26:29Z</time></trkpt><trkpt lat="-39.3679617997" lon="-72.6144270971"><ele>123.44</ele><time>2024-09-12T01:26:30Z</time></trkpt><trkpt lat="-39.3679337204" lon="-72.6144558471"><ele>123.51</ele><time>2024-09-12T01:26:31Z</time></trkpt><trkpt lat="-39.3678960018" lon="-72.6144898776"><ele>123.55</ele><time>2024-09-12T01:26:32Z</time></trkpt><trkpt lat="-39.3677176349" lon="-72.6146065537"><ele>123.32</ele><time>2024-09-12T01:26:38Z</time></trkpt><trkpt lat="-39.3676984403" lon="-72.6145809051"><ele>123.18</ele><time>2024-09-12T01:26:39Z</time></trkpt><trkpt lat="-39.3676788267" lon="-72.6145468745"><ele>123.24</ele><time>2024-09-12T01:26:40Z</time></trkpt><trkpt lat="-39.3676566985" lon="-72.6145025343"><ele>123.36</ele><time>2024-09-12T01:26:41Z</time></trkpt><trkpt lat="-39.3676359113" lon="-72.6144607086"><ele>123.44</ele><time>2024-09-12T01:26:42Z</time></trkpt><trkpt lat="-39.3675047345" lon="-72.6142421085"><ele>123.40</ele><time>2024-09-12T01:26:47Z</time></trkpt><trkpt lat="-39.3674472347" lon="-72.6141275279"><ele>124.31</ele><time>2024-09-12T01:26:54Z</time></trkpt><trkpt lat="-39.3674291298" lon="-72.6141060703"><ele>122.72</ele><time>2024-09-12T01:26:56Z</time></trkpt><trkpt lat="-39.3673862983" lon="-72.6140471455"><ele>123.03</ele><time>2024-09-12T01:26:59Z</time></trkpt><trkpt lat="-39.3673340790" lon="-72.6140130311"><ele>122.99</ele><time>2024-09-12T01:27:03Z</time></trkpt><trkpt lat="-39.3673014734" lon="-72.6140126120"><ele>123.13</ele><time>2024-09-12T01:27:04Z</time></trkpt><trkpt lat="-39.3672651798" lon="-72.6140228380"><ele>123.05</ele><time>2024-09-12T01:27:05Z</time></trkpt><trkpt lat="-39.3672241084" lon="-72.6140480675"><ele>123.29</ele><time>2024-09-12T01:27:06Z</time></trkpt><trkpt lat="-39.3671826180" lon="-72.6140804216"><ele>123.68</ele><time>2024-09-12T01:27:07Z</time></trkpt><trkpt lat="-39.3671385292" lon="-72.6141208224"><ele>123.70</ele><time>2024-09-12T01:27:08Z</time></trkpt><trkpt lat="-39.3670935184" lon="-72.6141673420"><ele>123.99</ele><time>2024-09-12T01:27:09Z</time></trkpt><trkpt lat="-39.3670483399" lon="-72.6142172143"><ele>124.11</ele><time>2024-09-12T01:27:10Z</time></trkpt><trkpt lat="-39.3666415662" lon="-72.6145274285"><ele>124.93</ele><time>2024-09-12T01:27:19Z</time></trkpt><trkpt lat="-39.3666293286" lon="-72.6145505626"><ele>124.76</ele><time>2024-09-12T01:27:20Z</time></trkpt><trkpt lat="-39.3666192703" lon="-72.6145825814"><ele>125.01</ele><time>2024-09-12T01:27:21Z</time></trkpt><trkpt lat="-39.3666153308" lon="-72.6146190427"><ele>124.97</ele><time>2024-09-12T01:27:22Z</time></trkpt><trkpt lat="-39.3666222878" lon="-72.6146582700"><ele>125.08</ele><time>2024-09-12T01:27:23Z</time></trkpt><trkpt lat="-39.3666420691" lon="-72.6147090644"><ele>125.07</ele><time>2024-09-12T01:27:24Z</time></trkpt><trkpt lat="-39.3666721601" lon="-72.6147722639"><ele>125.10</ele><time>2024-09-12T01:27:25Z</time></trkpt><trkpt lat="-39.3667206913" lon="-72.6148521435"><ele>124.98</ele><time>2024-09-12T01:27:26Z</time></trkpt><trkpt lat="-39.3667675462" lon="-72.6149340346"><ele>124.88</ele><time>2024-09-12T01:27:27Z</time></trkpt><trkpt lat="-39.3669648562" lon="-72.6152936183"><ele>122.67</ele><time>2024-09-12T01:27:35Z</time></trkpt><trkpt lat="-39.3669636827" lon="-72.6153211109"><ele>122.79</ele><time>2024-09-12T01:27:36Z</time></trkpt><trkpt lat="-39.3669547979" lon="-72.6153517049"><ele>122.60</ele><time>2024-09-12T01:27:37Z</time></trkpt><trkpt lat="-39.3669325020" lon="-72.6153900102"><ele>122.70</ele><time>2024-09-12T01:27:38Z</time></trkpt><trkpt lat="-39.3668941129" lon="-72.6154307462"><ele>122.67</ele><time>2024-09-12T01:27:39Z</time></trkpt><trkpt lat="-39.3668449111" lon="-72.6154764276"><ele>122.84</ele><time>2024-09-12T01:27:40Z</time></trkpt><trkpt lat="-39.3666871637" lon="-72.6155977976"><ele>122.60</ele><time>2024-09-12T01:27:44Z</time></trkpt><trkpt lat="-39.3666612636" lon="-72.6155843027"><ele>122.84</ele><time>2024-09-12T01:27:45Z</time></trkpt><trkpt lat="-39.3666380458" lon="-72.6155554689"><ele>122.76</ele><time>2024-09-12T01:27:46Z</time></trkpt><trkpt lat="-39.3666161690" lon="-72.6155166607"><ele>122.75</ele><time>2024-09-12T01:27:47Z</time></trkpt><trkpt lat="-39.3665929511" lon="-72.6154685486"><ele>122.97</ele><time>2024-09-12T01:27:48Z</time></trkpt><trkpt lat="-39.3665652908" lon="-72.6154180057"><ele>123.36</ele><time>2024-09-12T01:27:49Z</time></trkpt><trkpt lat="-39.3663131632" lon="-72.6149746869"><ele>126.53</ele><time>2024-09-12T01:27:57Z</time></trkpt><trkpt lat="-39.3660637178" lon="-72.6145112514"><ele>129.02</ele><time>2024-09-12T01:28:06Z</time></trkpt><trkpt lat="-39.3658053875" lon="-72.6141385920"><ele>131.71</ele><time>2024-09-12T01:28:14Z</time></trkpt><trkpt lat="-39.3656100892" lon="-72.6137987897"><ele>133.01</ele><time>2024-09-12T01:28:23Z</time></trkpt><trkpt lat="-39.3655824289" lon="-72.6137896534"><ele>132.95</ele><time>2024-09-12T01:28:28Z</time></trkpt><trkpt lat="-39.3655587081" lon="-72.6137937605"><ele>133.16</ele><time>2024-09-12T01:28:29Z</time></trkpt><trkpt lat="-39.3655255158" lon="-72.6138075069"><ele>133.13</ele><time>2024-09-12T01:28:30Z</time></trkpt><trkpt lat="-39.3654874619" lon="-72.6138335746"><ele>133.01</ele><time>2024-09-12T01:28:31Z</time></trkpt><trkpt lat="-39.3654460553" lon="-72.6138686948"><ele>133.03</ele><time>2024-09-12T01:28:32Z</time></trkpt><trkpt lat="-39.3654055707" lon="-72.6139054913"><ele>132.96</ele><time>2024-09-12T01:28:33Z</time></trkpt><trkpt lat="-39.3653498311" lon="-72.6140013803"><ele>132.62</ele><time>2024-09-12T01:28:36Z</time></trkpt><trkpt lat="-39.3653686903" lon="-72.6140553597"><ele>132.23</ele><time>2024-09-12T01:28:41Z</time></trkpt><trkpt lat="-39.3653724622" lon="-72.6140801702"><ele>132.41</ele><time>2024-09-12T01:28:42Z</time></trkpt><trkpt lat="-39.3653839454" lon="-72.6141110994"><ele>132.51</ele><time>2024-09-12T01:28:43Z</time></trkpt><trkpt lat="-39.3654026370" lon="-72.6141535956"><ele>132.53</ele><time>2024-09-12T01:28:44Z</time></trkpt><trkpt lat="-39.3654279504" lon="-72.6142052282"><ele>132.43</ele><time>2024-09-12T01:28:45Z</time></trkpt><trkpt lat="-39.3654633220" lon="-72.6142661646"><ele>132.22</ele><time>2024-09-12T01:28:46Z</time></trkpt><trkpt lat="-39.3654996157" lon="-72.6143303700"><ele>131.90</ele><time>2024-09-12T01:28:47Z</time></trkpt><trkpt lat="-39.3656938244" lon="-72.6147136744"><ele>128.87</ele><time>2024-09-12T01:28:55Z</time></trkpt><trkpt lat="-39.3657087442" lon="-72.6147538237"><ele>128.97</ele><time>2024-09-12T01:28:57Z</time></trkpt><trkpt lat="-39.3657279387" lon="-72.6147731859"><ele>129.01</ele><time>2024-09-12T01:28:58Z</time></trkpt><trkpt lat="-39.3657550123" lon="-72.6147885248"><ele>128.92</ele><time>2024-09-12T01:28:59Z</time></trkpt><trkpt lat="-39.3657810800" lon="-72.6148106530"><ele>129.09</ele><time>2024-09-12T01:29:00Z</time></trkpt><trkpt lat="-39.3658037949" lon="-72.6148422528"><ele>128.91</ele><time>2024-09-12T01:29:01Z</time></trkpt><trkpt lat="-39.3658291083" lon="-72.6148922089"><ele>128.79</ele><time>2024-09-12T01:29:02Z</time></trkpt><trkpt lat="-39.3658599537" lon="-72.6149554923"><ele>128.45</ele><time>2024-09-12T01:29:03Z</time></trkpt><trkpt lat="-39.3660638016" lon="-72.6153237093"><ele>126.16</ele><time>2024-09-12T01:29:08Z</time></trkpt><trkpt lat="-39.3663238082" lon="-72.6157932635"><ele>122.92</ele><time>2024-09-12T01:29:15Z</time></trkpt><trkpt lat="-39.3663646281" lon="-72.6158894878"><ele>121.88</ele><time>2024-09-12T01:29:19Z</time></trkpt><trkpt lat="-39.3663549051" lon="-72.6159265358"><ele>121.66</ele><time>2024-09-12T01:29:20Z</time></trkpt><trkpt lat="-39.3663375545" lon="-72.6159697026"><ele>121.66</ele><time>2024-09-12T01:29:21Z</time></trkpt><trkpt lat="-39.3663005065" lon="-72.6160139591"><ele>121.82</ele><time>2024-09-12T01:29:22Z</time></trkpt><trkpt lat="-39.3662517238" lon="-72.6160576288"><ele>121.80</ele><time>2024-09-12T01:29:23Z</time></trkpt><trkpt lat="-39.3661646359" lon="-72.6161302999"><ele>121.96</ele><time>2024-09-12T01:29:25Z</time></trkpt><trkpt lat="-39.3661325332" lon="-72.6161346585"><ele>121.91</ele><time>2024-09-12T01:29:26Z</time></trkpt><trkpt lat="-39.3661099859" lon="-72.6161214989"><ele>122.01</ele><time>2024-09-12T01:29:27Z</time></trkpt><trkpt lat="-39.3660859298" lon="-72.6160929166"><ele>122.16</ele><time>2024-09-12T01:29:28Z</time></trkpt><trkpt lat="-39.3660618737" lon="-72.6160535216"><ele>122.27</ele><time>2024-09-12T01:29:29Z</time></trkpt><trkpt lat="-39.3660384044" lon="-72.6160115283"><ele>122.58</ele><time>2024-09-12T01:29:30Z</time></trkpt><trkpt lat="-39.3659363128" lon="-72.6158301439"><ele>122.90</ele><time>2024-09-12T01:29:35Z</time></trkpt><trkpt lat="-39.3659060542" lon="-72.6158269588"><ele>122.97</ele><time>2024-09-12T01:29:36Z</time></trkpt><trkpt lat="-39.3658699282" lon="-72.6158368494"><ele>123.12</ele><time>2024-09-12T01:29:37Z</time></trkpt><trkpt lat="-39.3658309523" lon="-72.6158624981"><ele>123.20</ele><time>2024-09-12T01:29:38Z</time></trkpt><trkpt lat="-39.3657895457" lon="-72.6158961933"><ele>123.24</ele><time>2024-09-12T01:29:39Z</time></trkpt><trkpt lat="-39.3657493964" lon="-72.6159298886"><ele>123.11</ele><time>2024-09-12T01:29:40Z</time></trkpt><trkpt lat="-39.3656331394" lon="-72.6160867978"><ele>122.75</ele><time>2024-09-12T01:29:45Z</time></trkpt><trkpt lat="-39.3656458799" lon="-72.6161253545"><ele>122.52</ele><time>2024-09-12T01:29:46Z</time></trkpt><trkpt lat="-39.3656688463" lon="-72.6161733828"><ele>122.47</ele><time>2024-09-12T01:29:47Z</time></trkpt><trkpt lat="-39.3657103367" lon="-72.6165270153"><ele>121.50</ele><time>2024-09-12T01:29:56Z</time></trkpt><trkpt lat="-39.3656676728" lon="-72.6165717747"><ele>121.67</ele><time>2024-09-12T01:29:57Z</time></trkpt><trkpt lat="-39.3655170500" lon="-72.6166660711"><ele>121.41</ele><time>2024-09-12T01:30:01Z</time></trkpt><trkpt lat="-39.3654883001" lon="-72.6166495588"><ele>121.56</ele><time>2024-09-12T01:30:02Z</time></trkpt><trkpt lat="-39.3654607236" lon="-72.6166113373"><ele>121.82</ele><time>2024-09-12T01:30:03Z</time></trkpt><trkpt lat="-39.3654316384" lon="-72.6165584475"><ele>121.73</ele><time>2024-09-12T01:30:04Z</time></trkpt><trkpt lat="-39.3653981946" lon="-72.6164969243"><ele>121.93</ele><time>2024-09-12T01:30:05Z</time></trkpt><trkpt lat="-39.3651088513" lon="-72.6159111131"><ele>122.76</ele><time>2024-09-12T01:30:15Z</time></trkpt><trkpt lat="-39.3651194125" lon="-72.6158850454"><ele>122.83</ele><time>2024-09-12T01:30:16Z</time></trkpt><trkpt lat="-39.3651331589" lon="-72.6158671919"><ele>122.60</ele><time>2024-09-12T01:30:17Z</time></trkpt><trkpt lat="-39.3651479948" lon="-72.6158566307"><ele>122.61</ele><time>2024-09-12T01:30:18Z</time></trkpt><trkpt lat="-39.3652204145" lon="-72.6158231869"><ele>122.76</ele><time>2024-09-12T01:30:29Z</time></trkpt><trkpt lat="-39.3652647547" lon="-72.6157859713"><ele>122.88</ele><time>2024-09-12T01:30:32Z</time></trkpt><trkpt lat="-39.3652842846" lon="-72.6157668605"><ele>122.90</ele><time>2024-09-12T01:30:33Z</time></trkpt><trkpt lat="-39.3656961713" lon="-72.6154163294"><ele>124.32</ele><time>2024-09-12T01:30:44Z</time></trkpt><trkpt lat="-39.3659482151" lon="-72.6151160896"><ele>125.99</ele><time>2024-09-12T01:30:53Z</time></trkpt><trkpt lat="-39.3659272604" lon="-72.6150680613"><ele>126.51</ele><time>2024-09-12T01:30:54Z</time></trkpt><trkpt lat="-39.3659031205" lon="-72.6150201168"><ele>127.09</ele><time>2024-09-12T01:30:55Z</time></trkpt><trkpt lat="-39.3657805771" lon="-72.6148009300"><ele>128.64</ele><time>2024-09-12T01:31:02Z</time></trkpt><trkpt lat="-39.3657545093" lon="-72.6147915423"><ele>128.69</ele><time>2024-09-12T01:31:03Z</time></trkpt><trkpt lat="-39.3657211494" lon="-72.6147924643"><ele>128.76</ele><time>2024-09-12T01:31:04Z</time></trkpt><trkpt lat="-39.3656846043" lon="-72.6148069650"><ele>128.84</ele><time>2024-09-12T01:31:05Z</time></trkpt><trkpt lat="-39.3656431139" lon="-72.6148373075"><ele>128.93</ele><time>2024-09-12T01:31:06Z</time></trkpt><trkpt lat="-39.3656011205" lon="-72.6148792170"><ele>129.01</ele><time>2024-09-12T01:31:07Z</time></trkpt><trkpt lat="-39.3655662518" lon="-72.6149163488"><ele>129.07</ele><time>2024-09-12T01:31:08Z</time></trkpt><trkpt lat="-39.3654551916" lon="-72.6149835717"><ele>128.62</ele><time>2024-09-12T01:31:15Z</time></trkpt><trkpt lat="-39.3654333148" lon="-72.6149565820"><ele>128.48</ele><time>2024-09-12T01:31:16Z</time></trkpt><trkpt lat="-39.3654095940" lon="-72.6149194501"><ele>128.69</ele><time>2024-09-12T01:31:17Z</time></trkpt><trkpt lat="-39.3651002180" lon="-72.6143424399"><ele>131.19</ele><time>2024-09-12T01:31:27Z</time></trkpt><trkpt lat="-39.3650565483" lon="-72.6143018715"><ele>131.09</ele><time>2024-09-12T01:31:30Z</time></trkpt><trkpt lat="-39.3650255352" lon="-72.6143017039"><ele>131.04</ele><time>2024-09-12T01:31:31Z</time></trkpt><trkpt lat="-39.3649790995" lon="-72.6143210661"><ele>131.16</ele><time>2024-09-12T01:31:32Z</time></trkpt><trkpt lat="-39.3649297301" lon="-72.6143515762"><ele>130.86</ele><time>2024-09-12T01:31:33Z</time></trkpt><trkpt lat="-39.3648732360" lon="-72.6143923122"><ele>130.61</ele><time>2024-09-12T01:31:34Z</time></trkpt><trkpt lat="-39.3645740021" lon="-72.6146334596"><ele>127.61</ele><time>2024-09-12T01:31:39Z</time></trkpt><trkpt lat="-39.3644574098" lon="-72.6147823222"><ele>126.51</ele><time>2024-09-12T01:31:43Z</time></trkpt><trkpt lat="-39.3644372933" lon="-72.6148470305"><ele>126.48</ele><time>2024-09-12T01:31:44Z</time></trkpt><trkpt lat="-39.3644287437" lon="-72.6149376389"><ele>126.41</ele><time>2024-09-12T01:31:45Z</time></trkpt><trkpt lat="-39.3644246366" lon="-72.6152510382"><ele>124.92</ele><time>2024-09-12T01:31:49Z</time></trkpt><trkpt lat="-39.3644367065" lon="-72.6152972225"><ele>124.44</ele><time>2024-09-12T01:31:50Z</time></trkpt><trkpt lat="-39.3644576613" lon="-72.6153232902"><ele>124.16</ele><time>2024-09-12T01:31:51Z</time></trkpt><trkpt lat="-39.3644902669" lon="-72.6153263915"><ele>123.96</ele><time>2024-09-12T01:31:52Z</time></trkpt><trkpt lat="-39.3645279016" lon="-72.6153055206"><ele>124.05</ele><time>2024-09-12T01:31:53Z</time></trkpt><trkpt lat="-39.3645681348" lon="-72.6152772736"><ele>124.32</ele><time>2024-09-12T01:31:54Z</time></trkpt><trkpt lat="-39.3646149058" lon="-72.6152353641"><ele>124.74</ele><time>2024-09-12T01:31:55Z</time></trkpt><trkpt lat="-39.3646663707" lon="-72.6151909400"><ele>125.26</ele><time>2024-09-12T01:31:56Z</time></trkpt><trkpt lat="-39.3650136329" lon="-72.6149457693"><ele>127.52</ele><time>2024-09-12T01:32:04Z</time></trkpt><trkpt lat="-39.3650423829" lon="-72.6149706636"><ele>127.41</ele><time>2024-09-12T01:32:05Z</time></trkpt><trkpt lat="-39.3650750723" lon="-72.6150110643"><ele>127.19</ele><time>2024-09-12T01:32:06Z</time></trkpt><trkpt lat="-39.3651065882" lon="-72.6150709949"><ele>126.90</ele><time>2024-09-12T01:32:07Z</time></trkpt><trkpt lat="-39.3651358411" lon="-72.6151297521"><ele>126.73</ele><time>2024-09-12T01:32:08Z</time></trkpt><trkpt lat="-39.3651575502" lon="-72.6151776966"><ele>126.45</ele><time>2024-09-12T01:32:09Z</time></trkpt><trkpt lat="-39.3651723024" lon="-72.6152129844"><ele>126.29</ele><time>2024-09-12T01:32:10Z</time></trkpt><trkpt lat="-39.3651765771" lon="-72.6152445003"><ele>126.17</ele><time>2024-09-12T01:32:11Z</time></trkpt><trkpt lat="-39.3651703745" lon="-72.6152812969"><ele>125.99</ele><time>2024-09-12T01:32:12Z</time></trkpt><trkpt lat="-39.3651462346" lon="-72.6153289899"><ele>126.01</ele><time>2024-09-12T01:32:13Z</time></trkpt><trkpt lat="-39.3651100248" lon="-72.6153835561"><ele>125.85</ele><time>2024-09-12T01:32:14Z</time></trkpt><trkpt lat="-39.3650596496" lon="-72.6154398825"><ele>125.65</ele><time>2024-09-12T01:32:15Z</time></trkpt><trkpt lat="-39.3650033232" lon="-72.6154945325"><ele>125.45</ele><time>2024-09-12T01:32:16Z</time></trkpt><trkpt lat="-39.3649439793" lon="-72.6155519485"><ele>125.13</ele><time>2024-09-12T01:32:17Z</time></trkpt><trkpt lat="-39.3648830429" lon="-72.6156023238"><ele>124.82</ele><time>2024-09-12T01:32:18Z</time></trkpt><trkpt lat="-39.3646755069" lon="-72.6157684531"><ele>123.80</ele><time>2024-09-12T01:32:22Z</time></trkpt><trkpt lat="-39.3646431528" lon="-72.6158096921"><ele>123.62</ele><time>2024-09-12T01:32:23Z</time></trkpt><trkpt lat="-39.3646249641" lon="-72.6158516016"><ele>123.28</ele><time>2024-09-12T01:32:24Z</time></trkpt><trkpt lat="-39.3646199349" lon="-72.6158937626"><ele>123.17</ele><time>2024-09-12T01:32:25Z</time></trkpt><trkpt lat="-39.3646331783" lon="-72.6159412041"><ele>123.25</ele><time>2024-09-12T01:32:26Z</time></trkpt><trkpt lat="-39.3646566477" lon="-72.6159882266"><ele>123.19</ele><time>2024-09-12T01:32:27Z</time></trkpt><trkpt lat="-39.3646877445" lon="-72.6160517614"><ele>123.03</ele><time>2024-09-12T01:32:28Z</time></trkpt><trkpt lat="-39.3647266366" lon="-72.6161292940"><ele>123.11</ele><time>2024-09-12T01:32:29Z</time></trkpt><trkpt lat="-39.3647708092" lon="-72.6162111014"><ele>122.81</ele><time>2024-09-12T01:32:30Z</time></trkpt><trkpt lat="-39.3651555385" lon="-72.6169096492"><ele>120.65</ele><time>2024-09-12T01:32:40Z</time></trkpt><trkpt lat="-39.3651824445" lon="-72.6169729326"><ele>120.44</ele><time>2024-09-12T01:32:47Z</time></trkpt><trkpt lat="-39.3651760742" lon="-72.6170074660"><ele>120.50</ele><time>2024-09-12T01:32:48Z</time></trkpt><trkpt lat="-39.3651605677" lon="-72.6170532312"><ele>120.46</ele><time>2024-09-12T01:32:49Z</time></trkpt><trkpt lat="-39.3651257828" lon="-72.6171026845"><ele>120.61</ele><time>2024-09-12T01:32:50Z</time></trkpt><trkpt lat="-39.3650715519" lon="-72.6171618607"><ele>120.69</ele><time>2024-09-12T01:32:51Z</time></trkpt><trkpt lat="-39.3650105316" lon="-72.6172198635"><ele>120.82</ele><time>2024-09-12T01:32:52Z</time></trkpt><trkpt lat="-39.3649433088" lon="-72.6172839850"><ele>120.96</ele><time>2024-09-12T01:32:53Z</time></trkpt><trkpt lat="-39.3644861598" lon="-72.6176710613"><ele>119.96</ele><time>2024-09-12T01:33:02Z</time></trkpt><trkpt lat="-39.3644157518" lon="-72.6178268809"><ele>120.08</ele><time>2024-09-12T01:33:06Z</time></trkpt><trkpt lat="-39.3644085433" lon="-72.6179101132"><ele>120.21</ele><time>2024-09-12T01:33:07Z</time></trkpt><trkpt lat="-39.3644038495" lon="-72.6186752133"><ele>120.29</ele><time>2024-09-12T01:33:16Z</time></trkpt><trkpt lat="-39.3644185178" lon="-72.6187135186"><ele>120.26</ele><time>2024-09-12T01:33:17Z</time></trkpt><trkpt lat="-39.3644461781" lon="-72.6187301148"><ele>120.21</ele><time>2024-09-12T01:33:18Z</time></trkpt><trkpt lat="-39.3644792866" lon="-72.6187317073"><ele>120.16</ele><time>2024-09-12T01:33:19Z</time></trkpt><trkpt lat="-39.3645149935" lon="-72.6187173743"><ele>120.21</ele><time>2024-09-12T01:33:20Z</time></trkpt><trkpt lat="-39.3645557296" lon="-72.6186869480"><ele>120.30</ele><time>2024-09-12T01:33:21Z</time></trkpt><trkpt lat="-39.3646008242" lon="-72.6186404284"><ele>120.55</ele><time>2024-09-12T01:33:22Z</time></trkpt><trkpt lat="-39.3646525405" lon="-72.6185889635"><ele>120.91</ele><time>2024-09-12T01:33:23Z</time></trkpt><trkpt lat="-39.3647074420" lon="-72.6185375825"><ele>120.89</ele><time>2024-09-12T01:33:24Z</time></trkpt><trkpt lat="-39.3654125277" lon="-72.6178943552"><ele>121.21</ele><time>2024-09-12T01:33:36Z</time></trkpt><trkpt lat="-39.3655760586" lon="-72.6177428942"><ele>120.51</ele><time>2024-09-12T01:33:43Z</time></trkpt><trkpt lat="-39.3655882962" lon="-72.6177202631"><ele>120.50</ele><time>2024-09-12T01:33:52Z</time></trkpt><trkpt lat="-39.3655986059" lon="-72.6177094504"><ele>120.77</ele><time>2024-09-12T01:33:53Z</time></trkpt><trkpt lat="-39.3656146992" lon="-72.6176933572"><ele>120.51</ele><time>2024-09-12T01:33:54Z</time></trkpt><trkpt lat="-39.3656340614" lon="-72.6176756714"><ele>120.47</ele><time>2024-09-12T01:33:55Z</time></trkpt><trkpt lat="-39.3656579498" lon="-72.6176540460"><ele>120.34</ele><time>2024-09-12T01:33:56Z</time></trkpt><trkpt lat="-39.3656856101" lon="-72.6176306605"><ele>120.47</ele><time>2024-09-12T01:33:57Z</time></trkpt><trkpt lat="-39.3662072998" lon="-72.6171867549"><ele>121.23</ele><time>2024-09-12T01:34:10Z</time></trkpt><trkpt lat="-39.3664964754" lon="-72.6169295143"><ele>121.05</ele><time>2024-09-12T01:34:21Z</time></trkpt><trkpt lat="-39.3669655267" lon="-72.6165229082"><ele>121.65</ele><time>2024-09-12T01:34:32Z</time></trkpt><trkpt lat="-39.3677169643" lon="-72.6158624142"><ele>122.62</ele><time>2024-09-12T01:34:46Z</time></trkpt><trkpt lat="-39.3679763842" lon="-72.6156074367"><ele>121.89</ele><time>2024-09-12T01:34:53Z</time></trkpt><trkpt lat="-39.3679795694" lon="-72.6155705564"><ele>121.87</ele><time>2024-09-12T01:34:54Z</time></trkpt><trkpt lat="-39.3679715227" lon="-72.6155270543"><ele>121.84</ele><time>2024-09-12T01:34:55Z</time></trkpt><trkpt lat="-39.3679545075" lon="-72.6154776011"><ele>122.04</ele><time>2024-09-12T01:34:56Z</time></trkpt><trkpt lat="-39.3679233268" lon="-72.6154246274"><ele>122.21</ele><time>2024-09-12T01:34:57Z</time></trkpt><trkpt lat="-39.3678861111" lon="-72.6153649483"><ele>122.35</ele><time>2024-09-12T01:34:58Z</time></trkpt><trkpt lat="-39.3676171359" lon="-72.6148124970"><ele>121.62</ele><time>2024-09-12T01:35:08Z</time></trkpt><trkpt lat="-39.3676322233" lon="-72.6147709228"><ele>121.54</ele><time>2024-09-12T01:35:09Z</time></trkpt><trkpt lat="-39.3676605541" lon="-72.6147287618"><ele>121.47</ele><time>2024-09-12T01:35:10Z</time></trkpt><trkpt lat="-39.3677003682" lon="-72.6146881934"><ele>121.67</ele><time>2024-09-12T01:35:11Z</time></trkpt><trkpt lat="-39.3677478936" lon="-72.6146430150"><ele>121.77</ele><time>2024-09-12T01:35:12Z</time></trkpt><trkpt lat="-39.3683181144" lon="-72.6141391788"><ele>122.56</ele><time>2024-09-12T01:35:24Z</time></trkpt><trkpt lat="-39.3685008399" lon="-72.6139515918"><ele>122.83</ele><time>2024-09-12T01:35:32Z</time></trkpt><trkpt lat="-39.3688206933" lon="-72.6135750767"><ele>122.89</ele><time>2024-09-12T01:35:42Z</time></trkpt><trkpt lat="-39.3690081127" lon="-72.6132989768"><ele>122.28</ele><time>2024-09-12T01:35:51Z</time></trkpt><trkpt lat="-39.3690045085" lon="-72.6132619288"><ele>122.26</ele><time>2024-09-12T01:35:52Z</time></trkpt><trkpt lat="-39.3689971324" lon="-72.6132293232"><ele>122.23</ele><time>2024-09-12T01:35:53Z</time></trkpt><trkpt lat="-39.3689896725" lon="-72.6132101286"><ele>122.19</ele><time>2024-09-12T01:35:54Z</time></trkpt><trkpt lat="-39.3689600844" lon="-72.6131275669"><ele>121.97</ele><time>2024-09-12T01:36:04Z</time></trkpt><trkpt lat="-39.3689133134" lon="-72.6130471844"><ele>121.94</ele><time>2024-09-12T01:36:07Z</time></trkpt><trkpt lat="-39.3688957114" lon="-72.6130195241"><ele>121.93</ele><time>2024-09-12T01:36:08Z</time></trkpt><trkpt lat="-39.3688758463" lon="-72.6130018383"><ele>121.86</ele><time>2024-09-12T01:36:09Z</time></trkpt><trkpt lat="-39.3688565679" lon="-72.6129921153"><ele>121.85</ele><time>2024-09-12T01:36:10Z</time></trkpt><trkpt lat="-39.3688370381" lon="-72.6129793748"><ele>117.67</ele><time>2024-09-12T01:36:13Z</time></trkpt><trkpt lat="-39.3688371219" lon="-72.6129747648"><ele>112.09</ele><time>2024-09-12T01:36:14Z</time></trkpt><trkpt lat="-39.3688391335" lon="-72.6129805483"><ele>130.81</ele><time>2024-09-12T01:36:15Z</time></trkpt><trkpt lat="-39.3688422348" lon="-72.6129723340"><ele>127.26</ele><time>2024-09-12T01:36:16Z</time></trkpt><trkpt lat="-39.3688467611" lon="-72.6129600964"><ele>123.53</ele><time>2024-09-12T01:36:19Z</time></trkpt><trkpt lat="-39.3688488565" lon="-72.6129685622"><ele>123.65</ele><time>2024-09-12T01:36:20Z</time></trkpt><trkpt lat="-39.3688520417" lon="-72.6129630301"><ele>124.38</ele><time>2024-09-12T01:36:33Z</time></trkpt><trkpt lat="-39.3689126428" lon="-72.6130232122"><ele>123.50</ele><time>2024-09-12T01:38:05Z</time></trkpt><trkpt lat="-39.3689062726" lon="-72.6130138244"><ele>123.85</ele><time>2024-09-12T01:38:07Z</time></trkpt><trkpt lat="-39.3688772712" lon="-72.6129824761"><ele>123.46</ele><time>2024-09-12T01:38:17Z</time></trkpt><trkpt lat="-39.3688497785" lon="-72.6129492000"><ele>123.31</ele><time>2024-09-12T01:38:19Z</time></trkpt><trkpt lat="-39.3688333500" lon="-72.6129410695"><ele>123.03</ele><time>2024-09-12T01:38:20Z</time></trkpt><trkpt lat="-39.3688184302" lon="-72.6129440032"><ele>122.80</ele><time>2024-09-12T01:38:21Z</time></trkpt><trkpt lat="-39.3688027561" lon="-72.6129543129"><ele>122.69</ele><time>2024-09-12T01:38:22Z</time></trkpt><trkpt lat="-39.3687869981" lon="-72.6129676402"><ele>122.68</ele><time>2024-09-12T01:38:23Z</time></trkpt><trkpt lat="-39.3687704857" lon="-72.6129838172"><ele>122.86</ele><time>2024-09-12T01:38:24Z</time></trkpt><trkpt lat="-39.3685253151" lon="-72.6132309996"><ele>123.48</ele><time>2024-09-12T01:38:36Z</time></trkpt><trkpt lat="-39.3683663104" lon="-72.6134403795"><ele>123.76</ele><time>2024-09-12T01:38:47Z</time></trkpt><trkpt lat="-39.3683190364" lon="-72.6135122124"><ele>124.02</ele><time>2024-09-12T01:38:52Z</time></trkpt><trkpt lat="-39.3682979979" lon="-72.6135226898"><ele>123.96</ele><time>2024-09-12T01:38:53Z</time></trkpt><trkpt lat="-39.3682730198" lon="-72.6135216001"><ele>124.10</ele><time>2024-09-12T01:38:54Z</time></trkpt><trkpt lat="-39.3682430126" lon="-72.6135065127"><ele>124.18</ele><time>2024-09-12T01:38:55Z</time></trkpt><trkpt lat="-39.3682109937" lon="-72.6134780142"><ele>123.93</ele><time>2024-09-12T01:38:56Z</time></trkpt><trkpt lat="-39.3681766279" lon="-72.6134452410"><ele>124.09</ele><time>2024-09-12T01:38:57Z</time></trkpt><trkpt lat="-39.3680840917" lon="-72.6132864878"><ele>124.21</ele><time>2024-09-12T01:39:03Z</time></trkpt><trkpt lat="-39.3680945691" lon="-72.6132570673"><ele>124.18</ele><time>2024-09-12T01:39:04Z</time></trkpt><trkpt lat="-39.3681107461" lon="-72.6132276468"><ele>124.00</ele><time>2024-09-12T01:39:05Z</time></trkpt><trkpt lat="-39.3681303598" lon="-72.6131983940"><ele>123.83</ele><time>2024-09-12T01:39:06Z</time></trkpt><trkpt lat="-39.3681511469" lon="-72.6131716557"><ele>123.70</ele><time>2024-09-12T01:39:07Z</time></trkpt><trkpt lat="-39.3681746162" lon="-72.6131474320"><ele>123.64</ele><time>2024-09-12T01:39:08Z</time></trkpt><trkpt lat="-39.3681968283" lon="-72.6131258067"><ele>123.64</ele><time>2024-09-12T01:39:09Z</time></trkpt><trkpt lat="-39.3684885185" lon="-72.6128103118"><ele>122.85</ele><time>2024-09-12T01:39:22Z</time></trkpt><trkpt lat="-39.3687864952" lon="-72.6124866866"><ele>122.45</ele><time>2024-09-12T01:39:34Z</time></trkpt><trkpt lat="-39.3688039295" lon="-72.6121191401"><ele>122.33</ele><time>2024-09-12T01:39:43Z</time></trkpt><trkpt lat="-39.3687799573" lon="-72.6120670885"><ele>122.22</ele><time>2024-09-12T01:39:45Z</time></trkpt><trkpt lat="-39.3687606789" lon="-72.6120595448"><ele>122.21</ele><time>2024-09-12T01:39:46Z</time></trkpt><trkpt lat="-39.3687377125" lon="-72.6120615564"><ele>122.23</ele><time>2024-09-12T01:39:47Z</time></trkpt><trkpt lat="-39.3687133212" lon="-72.6120786555"><ele>122.15</ele><time>2024-09-12T01:39:48Z</time></trkpt><trkpt lat="-39.3686841521" lon="-72.6121094171"><ele>122.19</ele><time>2024-09-12T01:39:49Z</time></trkpt><trkpt lat="-39.3686491996" lon="-72.6121468004"><ele>122.19</ele><time>2024-09-12T01:39:50Z</time></trkpt><trkpt lat="-39.3681377359" lon="-72.6127052028"><ele>123.34</ele><time>2024-09-12T01:40:00Z</time></trkpt><trkpt lat="-39.3677844387" lon="-72.6130966377"><ele>124.29</ele><time>2024-09-12T01:40:10Z</time></trkpt><trkpt lat="-39.3677463848" lon="-72.6131132338"><ele>124.71</ele><time>2024-09-12T01:40:12Z</time></trkpt><trkpt lat="-39.3677187245" lon="-72.6131077018"><ele>124.76</ele><time>2024-09-12T01:40:13Z</time></trkpt><trkpt lat="-39.3676880468" lon="-72.6130922791"><ele>125.00</ele><time>2024-09-12T01:40:14Z</time></trkpt><trkpt lat="-39.3676489871" lon="-72.6130661275"><ele>125.27</ele><time>2024-09-12T01:40:15Z</time></trkpt><trkpt lat="-39.3675988633" lon="-72.6130286604"><ele>125.62</ele><time>2024-09-12T01:40:16Z</time></trkpt><trkpt lat="-39.3675448839" lon="-72.6129871700"><ele>126.02</ele><time>2024-09-12T01:40:17Z</time></trkpt><trkpt lat="-39.3671172392" lon="-72.6126890257"><ele>129.02</ele><time>2024-09-12T01:40:26Z</time></trkpt><trkpt lat="-39.3668470066" lon="-72.6127976552"><ele>129.09</ele><time>2024-09-12T01:40:35Z</time></trkpt><trkpt lat="-39.3667517044" lon="-72.6129554026"><ele>128.52</ele><time>2024-09-12T01:40:40Z</time></trkpt><trkpt lat="-39.3667581584" lon="-72.6129823923"><ele>128.54</ele><time>2024-09-12T01:40:41Z</time></trkpt><trkpt lat="-39.3667776883" lon="-72.6130127348"><ele>128.51</ele><time>2024-09-12T01:40:42Z</time></trkpt><trkpt lat="-39.3668096233" lon="-72.6130468491"><ele>128.41</ele><time>2024-09-12T01:40:43Z</time></trkpt><trkpt lat="-39.3668509461" lon="-72.6130829751"><ele>128.03</ele><time>2024-09-12T01:40:44Z</time></trkpt><trkpt lat="-39.3669009861" lon="-72.6131165866"><ele>127.78</ele><time>2024-09-12T01:40:45Z</time></trkpt><trkpt lat="-39.3669540435" lon="-72.6131506171"><ele>127.41</ele><time>2024-09-12T01:40:46Z</time></trkpt><trkpt lat="-39.3671836238" lon="-72.6133070234"><ele>125.16</ele><time>2024-09-12T01:40:50Z</time></trkpt><trkpt lat="-39.3673565425" lon="-72.6134195086"><ele>123.84</ele><time>2024-09-12T01:40:53Z</time></trkpt><trkpt lat="-39.3675345741" lon="-72.6135559659"><ele>122.74</ele><time>2024-09-12T01:40:57Z</time></trkpt><trkpt lat="-39.3675814290" lon="-72.6137655135"><ele>122.07</ele><time>2024-09-12T01:41:05Z</time></trkpt><trkpt lat="-39.3675496615" lon="-72.6137976162"><ele>122.19</ele><time>2024-09-12T01:41:06Z</time></trkpt><trkpt lat="-39.3673909921" lon="-72.6139479037"><ele>122.38</ele><time>2024-09-12T01:41:11Z</time></trkpt><trkpt lat="-39.3673688639" lon="-72.6139454730"><ele>122.36</ele><time>2024-09-12T01:41:12Z</time></trkpt><trkpt lat="-39.3673443887" lon="-72.6139266137"><ele>122.42</ele><time>2024-09-12T01:41:13Z</time></trkpt><trkpt lat="-39.3673159741" lon="-72.6138938405"><ele>122.56</ele><time>2024-09-12T01:41:14Z</time></trkpt><trkpt lat="-39.3672832008" lon="-72.6138572954"><ele>122.94</ele><time>2024-09-12T01:41:15Z</time></trkpt><trkpt lat="-39.3672452308" lon="-72.6138240192"><ele>123.34</ele><time>2024-09-12T01:41:16Z</time></trkpt><trkpt lat="-39.3672003038" lon="-72.6137922518"><ele>123.66</ele><time>2024-09-12T01:41:17Z</time></trkpt><trkpt lat="-39.3669306580" lon="-72.6135920919"><ele>126.82</ele><time>2024-09-12T01:41:23Z</time></trkpt><trkpt lat="-39.3668928556" lon="-72.6135789324"><ele>127.08</ele><time>2024-09-12T01:41:24Z</time></trkpt><trkpt lat="-39.3667362817" lon="-72.6134886593"><ele>129.20</ele><time>2024-09-12T01:41:30Z</time></trkpt><trkpt lat="-39.3666981440" lon="-72.6134480909"><ele>130.16</ele><time>2024-09-12T01:41:33Z</time></trkpt><trkpt lat="-39.3666983116" lon="-72.6134236995"><ele>130.32</ele><time>2024-09-12T01:41:34Z</time></trkpt><trkpt lat="-39.3667043466" lon="-72.6133963745"><ele>130.23</ele><time>2024-09-12T01:41:35Z</time></trkpt><trkpt lat="-39.3668576516" lon="-72.6129507925"><ele>128.56</ele><time>2024-09-12T01:41:43Z</time></trkpt><trkpt lat="-39.3668836355" lon="-72.6129062846"><ele>128.61</ele><time>2024-09-12T01:41:44Z</time></trkpt><trkpt lat="-39.3669123854" lon="-72.6128627826"><ele>128.68</ele><time>2024-09-12T01:41:45Z</time></trkpt><trkpt lat="-39.3669412192" lon="-72.6128267404"><ele>128.65</ele><time>2024-09-12T01:41:46Z</time></trkpt><trkpt lat="-39.3670977093" lon="-72.6127217989"><ele>128.64</ele><time>2024-09-12T01:41:56Z</time></trkpt><trkpt lat="-39.3672548700" lon="-72.6127888542"><ele>128.25</ele><time>2024-09-12T01:42:01Z</time></trkpt><trkpt lat="-39.3678440340" lon="-72.6132170856"><ele>125.17</ele><time>2024-09-12T01:42:10Z</time></trkpt><trkpt lat="-39.3685398158" lon="-72.6140085049"><ele>123.24</ele><time>2024-09-12T01:42:23Z</time></trkpt><trkpt lat="-39.3686424941" lon="-72.6141169667"><ele>123.19</ele><time>2024-09-12T01:42:28Z</time></trkpt><trkpt lat="-39.3686751835" lon="-72.6141637377"><ele>123.26</ele><time>2024-09-12T01:42:29Z</time></trkpt><trkpt lat="-39.3691106234" lon="-72.6149043627"><ele>123.63</ele><time>2024-09-12T01:42:38Z</time></trkpt><trkpt lat="-39.3692522775" lon="-72.6152869128"><ele>123.74</ele><time>2024-09-12T01:42:42Z</time></trkpt><trkpt lat="-39.3692692090" lon="-72.6153765991"><ele>123.57</ele><time>2024-09-12T01:42:43Z</time></trkpt><trkpt lat="-39.3692749925" lon="-72.6154505275"><ele>123.80</ele><time>2024-09-12T01:42:44Z</time></trkpt><trkpt lat="-39.3692759145" lon="-72.6154976338"><ele>123.79</ele><time>2024-09-12T01:42:45Z</time></trkpt><trkpt lat="-39.3692785967" lon="-72.6155243721"><ele>123.30</ele><time>2024-09-12T01:42:46Z</time></trkpt><trkpt lat="-39.3692603242" lon="-72.6154858992"><ele>122.84</ele><time>2024-09-12T01:42:59Z</time></trkpt><trkpt lat="-39.3692575581" lon="-72.6154679619"><ele>122.83</ele><time>2024-09-12T01:43:00Z</time></trkpt><trkpt lat="-39.3692556303" lon="-72.6154497731"><ele>122.96</ele><time>2024-09-12T01:43:01Z</time></trkpt><trkpt lat="-39.3692529481" lon="-72.6154328417"><ele>122.82</ele><time>2024-09-12T01:43:02Z</time></trkpt><trkpt lat="-39.3692731485" lon="-72.6154179219"><ele>122.78</ele><time>2024-09-12T01:43:19Z</time></trkpt><trkpt lat="-39.3692727294" lon="-72.6154193468"><ele>122.62</ele><time>2024-09-12T01:43:46Z</time></trkpt><trkpt lat="-39.3692546245" lon="-72.6154790260"><ele>122.78</ele><time>2024-09-12T01:44:02Z</time></trkpt><trkpt lat="-39.3692580611" lon="-72.6155179180"><ele>123.09</ele><time>2024-09-12T01:44:03Z</time></trkpt><trkpt lat="-39.3692661915" lon="-72.6155680418"><ele>122.96</ele><time>2024-09-12T01:44:04Z</time></trkpt><trkpt lat="-39.3692743219" lon="-72.6156226918"><ele>122.93</ele><time>2024-09-12T01:44:05Z</time></trkpt><trkpt lat="-39.3692833744" lon="-72.6156792697"><ele>123.10</ele><time>2024-09-12T01:44:06Z</time></trkpt><trkpt lat="-39.3692902476" lon="-72.6157352608"><ele>122.98</ele><time>2024-09-12T01:44:07Z</time></trkpt><trkpt lat="-39.3692883197" lon="-72.6157886535"><ele>123.12</ele><time>2024-09-12T01:44:08Z</time></trkpt><trkpt lat="-39.3692714721" lon="-72.6158377714"><ele>123.11</ele><time>2024-09-12T01:44:09Z</time></trkpt><trkpt lat="-39.3692372739" lon="-72.6158796810"><ele>123.18</ele><time>2024-09-12T01:44:10Z</time></trkpt><trkpt lat="-39.3691881560" lon="-72.6159209199"><ele>123.48</ele><time>2024-09-12T01:44:11Z</time></trkpt><trkpt lat="-39.3691300694" lon="-72.6159686130"><ele>123.65</ele><time>2024-09-12T01:44:12Z</time></trkpt><trkpt lat="-39.3688274827" lon="-72.6161955111"><ele>122.97</ele><time>2024-09-12T01:44:17Z</time></trkpt><trkpt lat="-39.3687750120" lon="-72.6162190642"><ele>122.74</ele><time>2024-09-12T01:44:18Z</time></trkpt><trkpt lat="-39.3687256426" lon="-72.6162147056"><ele>122.45</ele><time>2024-09-12T01:44:19Z</time></trkpt><trkpt lat="-39.3686694838" lon="-72.6161854528"><ele>122.63</ele><time>2024-09-12T01:44:20Z</time></trkpt><trkpt lat="-39.3686103076" lon="-72.6161410287"><ele>122.53</ele><time>2024-09-12T01:44:21Z</time></trkpt><trkpt lat="-39.3685515504" lon="-72.6160902344"><ele>122.52</ele><time>2024-09-12T01:44:22Z</time></trkpt><trkpt lat="-39.3684953917" lon="-72.6160427090"><ele>122.50</ele><time>2024-09-12T01:44:23Z</time></trkpt><trkpt lat="-39.3684392329" lon="-72.6159999613"><ele>122.39</ele><time>2024-09-12T01:44:24Z</time></trkpt><trkpt lat="-39.3683799729" lon="-72.6159680262"><ele>122.32</ele><time>2024-09-12T01:44:25Z</time></trkpt><trkpt lat="-39.3683171924" lon="-72.6159483287"><ele>122.33</ele><time>2024-09-12T01:44:26Z</time></trkpt><trkpt lat="-39.3682529032" lon="-72.6159405336"><ele>122.41</ele><time>2024-09-12T01:44:27Z</time></trkpt><trkpt lat="-39.3681860156" lon="-72.6159464009"><ele>122.50</ele><time>2024-09-12T01:44:28Z</time></trkpt><trkpt lat="-39.3681188766" lon="-72.6159733906"><ele>122.51</ele><time>2024-09-12T01:44:29Z</time></trkpt><trkpt lat="-39.3680560961" lon="-72.6160135400"><ele>122.68</ele><time>2024-09-12T01:44:30Z</time></trkpt><trkpt lat="-39.3679949082" lon="-72.6160631608"><ele>122.70</ele><time>2024-09-12T01:44:31Z</time></trkpt><trkpt lat="-39.3679320440" lon="-72.6161153801"><ele>122.63</ele><time>2024-09-12T01:44:32Z</time></trkpt><trkpt lat="-39.3672319036" lon="-72.6167589426"><ele>122.43</ele><time>2024-09-12T01:44:43Z</time></trkpt><trkpt lat="-39.3664393108" lon="-72.6174458396"><ele>121.48</ele><time>2024-09-12T01:44:56Z</time></trkpt><trkpt lat="-39.3658472132" lon="-72.6179564651"><ele>120.49</ele><time>2024-09-12T01:45:08Z</time></trkpt><trkpt lat="-39.3658265099" lon="-72.6180521864"><ele>120.42</ele><time>2024-09-12T01:45:13Z</time></trkpt><trkpt lat="-39.3658394180" lon="-72.6180990413"><ele>120.48</ele><time>2024-09-12T01:45:14Z</time></trkpt><trkpt lat="-39.3658607919" lon="-72.6181463990"><ele>120.59</ele><time>2024-09-12T01:45:15Z</time></trkpt><trkpt lat="-39.3659538310" lon="-72.6183051523"><ele>120.56</ele><time>2024-09-12T01:45:18Z</time></trkpt><trkpt lat="-39.3659863528" lon="-72.6183377579"><ele>120.60</ele><time>2024-09-12T01:45:19Z</time></trkpt><trkpt lat="-39.3660205510" lon="-72.6183564495"><ele>120.51</ele><time>2024-09-12T01:45:20Z</time></trkpt><trkpt lat="-39.3660563417" lon="-72.6183516718"><ele>120.57</ele><time>2024-09-12T01:45:21Z</time></trkpt><trkpt lat="-39.3660935573" lon="-72.6183287054"><ele>120.73</ele><time>2024-09-12T01:45:22Z</time></trkpt><trkpt lat="-39.3661392387" lon="-72.6182929147"><ele>120.86</ele><time>2024-09-12T01:45:23Z</time></trkpt><trkpt lat="-39.3661938887" lon="-72.6182452217"><ele>121.08</ele><time>2024-09-12T01:45:24Z</time></trkpt><trkpt lat="-39.3668949511" lon="-72.6176375337"><ele>121.89</ele><time>2024-09-12T01:45:36Z</time></trkpt><trkpt lat="-39.3672614079" lon="-72.6173105557"><ele>121.25</ele><time>2024-09-12T01:45:45Z</time></trkpt><trkpt lat="-39.3672957737" lon="-72.6173129026"><ele>121.36</ele><time>2024-09-12T01:45:47Z</time></trkpt><trkpt lat="-39.3673133757" lon="-72.6173349470"><ele>121.49</ele><time>2024-09-12T01:45:48Z</time></trkpt><trkpt lat="-39.3673329893" lon="-72.6173711568"><ele>121.56</ele><time>2024-09-12T01:45:49Z</time></trkpt><trkpt lat="-39.3673541956" lon="-72.6174216997"><ele>121.78</ele><time>2024-09-12T01:45:50Z</time></trkpt><trkpt lat="-39.3673790898" lon="-72.6174776908"><ele>121.86</ele><time>2024-09-12T01:45:51Z</time></trkpt><trkpt lat="-39.3674721289" lon="-72.6176230330"><ele>121.39</ele><time>2024-09-12T01:45:56Z</time></trkpt><trkpt lat="-39.3674989510" lon="-72.6176309958"><ele>121.62</ele><time>2024-09-12T01:45:57Z</time></trkpt><trkpt lat="-39.3675297964" lon="-72.6176250447"><ele>121.67</ele><time>2024-09-12T01:45:58Z</time></trkpt><trkpt lat="-39.3675646652" lon="-72.6176048443"><ele>121.80</ele><time>2024-09-12T01:45:59Z</time></trkpt><trkpt lat="-39.3676006235" lon="-72.6175724901"><ele>121.91</ele><time>2024-09-12T01:46:00Z</time></trkpt><trkpt lat="-39.3676332291" lon="-72.6175359450"><ele>122.24</ele><time>2024-09-12T01:46:01Z</time></trkpt><trkpt lat="-39.3677588739" lon="-72.6174890902"><ele>122.12</ele><time>2024-09-12T01:46:05Z</time></trkpt><trkpt lat="-39.3677820079" lon="-72.6175247133"><ele>122.12</ele><time>2024-09-12T01:46:06Z</time></trkpt><trkpt lat="-39.3678002805" lon="-72.6175723225"><ele>122.12</ele><time>2024-09-12T01:46:07Z</time></trkpt><trkpt lat="-39.3678147811" lon="-72.6176279783"><ele>122.16</ele><time>2024-09-12T01:46:08Z</time></trkpt><trkpt lat="-39.3678293657" lon="-72.6176962070"><ele>122.32</ele><time>2024-09-12T01:46:09Z</time></trkpt><trkpt lat="-39.3678848539" lon="-72.6181090996"><ele>121.73</ele><time>2024-09-12T01:46:14Z</time></trkpt><trkpt lat="-39.3678960856" lon="-72.6181615703"><ele>121.55</ele><time>2024-09-12T01:46:15Z</time></trkpt><trkpt lat="-39.3679095805" lon="-72.6181957684"><ele>121.41</ele><time>2024-09-12T01:46:16Z</time></trkpt><trkpt lat="-39.3679235782" lon="-72.6182300504"><ele>121.25</ele><time>2024-09-12T01:46:17Z</time></trkpt><trkpt lat="-39.3679500651" lon="-72.6182493288"><ele>121.24</ele><time>2024-09-12T01:46:18Z</time></trkpt><trkpt lat="-39.3679822516" lon="-72.6182471495"><ele>121.44</ele><time>2024-09-12T01:46:19Z</time></trkpt><trkpt lat="-39.3680233229" lon="-72.6182227582"><ele>121.57</ele><time>2024-09-12T01:46:20Z</time></trkpt><trkpt lat="-39.3680707645" lon="-72.6181812678"><ele>121.62</ele><time>2024-09-12T01:46:21Z</time></trkpt><trkpt lat="-39.3681197148" lon="-72.6181370113"><ele>121.80</ele><time>2024-09-12T01:46:22Z</time></trkpt><trkpt lat="-39.3682821561" lon="-72.6180128753"><ele>122.00</ele><time>2024-09-12T01:46:25Z</time></trkpt><trkpt lat="-39.3683442660" lon="-72.6179825328"><ele>122.10</ele><time>2024-09-12T01:46:26Z</time></trkpt><trkpt lat="-39.3684057053" lon="-72.6179602370"><ele>122.15</ele><time>2024-09-12T01:46:27Z</time></trkpt><trkpt lat="-39.3685350381" lon="-72.6179127116"><ele>122.23</ele><time>2024-09-12T01:46:29Z</time></trkpt><trkpt lat="-39.3685957231" lon="-72.6178709697"><ele>122.29</ele><time>2024-09-12T01:46:30Z</time></trkpt><trkpt lat="-39.3686475232" lon="-72.6178237796"><ele>122.13</ele><time>2024-09-12T01:46:31Z</time></trkpt><trkpt lat="-39.3686930370" lon="-72.6177736558"><ele>122.15</ele><time>2024-09-12T01:46:32Z</time></trkpt><trkpt lat="-39.3687223736" lon="-72.6177131385"><ele>122.05</ele><time>2024-09-12T01:46:33Z</time></trkpt><trkpt lat="-39.3687440827" lon="-72.6176521182"><ele>121.96</ele><time>2024-09-12T01:46:34Z</time></trkpt><trkpt lat="-39.3687621877" lon="-72.6175952051"><ele>122.04</ele><time>2024-09-12T01:46:35Z</time></trkpt><trkpt lat="-39.3687855732" lon="-72.6175349392"><ele>122.19</ele><time>2024-09-12T01:46:36Z</time></trkpt><trkpt lat="-39.3688174244" lon="-72.6174839772"><ele>122.17</ele><time>2024-09-12T01:46:37Z</time></trkpt><trkpt lat="-39.3688578252" lon="-72.6174385473"><ele>122.24</ele><time>2024-09-12T01:46:38Z</time></trkpt><trkpt lat="-39.3689101283" lon="-72.6173926983"><ele>122.47</ele><time>2024-09-12T01:46:39Z</time></trkpt><trkpt lat="-39.3689673766" lon="-72.6173396409"><ele>122.51</ele><time>2024-09-12T01:46:40Z</time></trkpt><trkpt lat="-39.3694044091" lon="-72.6169723459"><ele>122.78</ele><time>2024-09-12T01:46:50Z</time></trkpt><trkpt lat="-39.3694333266" lon="-72.6169881038"><ele>122.68</ele><time>2024-09-12T01:46:51Z</time></trkpt><trkpt lat="-39.3694624119" lon="-72.6170274150"><ele>122.81</ele><time>2024-09-12T01:46:52Z</time></trkpt><trkpt lat="-39.3694824446" lon="-72.6170886029"><ele>122.92</ele><time>2024-09-12T01:46:53Z</time></trkpt><trkpt lat="-39.3694967777" lon="-72.6171854138"><ele>123.21</ele><time>2024-09-12T01:46:54Z</time></trkpt><trkpt lat="-39.3695090991" lon="-72.6173015870"><ele>123.40</ele><time>2024-09-12T01:46:55Z</time></trkpt><trkpt lat="-39.3695767410" lon="-72.6178289764"><ele>123.27</ele><time>2024-09-12T01:47:00Z</time></trkpt><trkpt lat="-39.3695728015" lon="-72.6179015636"><ele>123.12</ele><time>2024-09-12T01:47:01Z</time></trkpt><trkpt lat="-39.3695474043" lon="-72.6179609075"><ele>123.12</ele><time>2024-09-12T01:47:02Z</time></trkpt><trkpt lat="-39.3695072550" lon="-72.6180133782"><ele>123.23</ele><time>2024-09-12T01:47:03Z</time></trkpt><trkpt lat="-39.3694554549" lon="-72.6180699561"><ele>123.42</ele><time>2024-09-12T01:47:04Z</time></trkpt><trkpt lat="-39.3693939317" lon="-72.6181292161"><ele>123.51</ele><time>2024-09-12T01:47:05Z</time></trkpt><trkpt lat="-39.3692159001" lon="-72.6182913221"><ele>123.31</ele><time>2024-09-12T01:47:08Z</time></trkpt><trkpt lat="-39.3691598251" lon="-72.6183204073"><ele>123.19</ele><time>2024-09-12T01:47:09Z</time></trkpt><trkpt lat="-39.3690995593" lon="-72.6183294598"><ele>123.19</ele><time>2024-09-12T01:47:10Z</time></trkpt><trkpt lat="-39.3690317497" lon="-72.6183223352"><ele>123.19</ele><time>2024-09-12T01:47:11Z</time></trkpt><trkpt lat="-39.3689642753" lon="-72.6183126122"><ele>123.24</ele><time>2024-09-12T01:47:12Z</time></trkpt><trkpt lat="-39.3688953761" lon="-72.6183003746"><ele>123.06</ele><time>2024-09-12T01:47:13Z</time></trkpt><trkpt lat="-39.3688289914" lon="-72.6182952616"><ele>122.88</ele><time>2024-09-12T01:47:14Z</time></trkpt><trkpt lat="-39.3687593378" lon="-72.6183023863"><ele>123.00</ele><time>2024-09-12T01:47:15Z</time></trkpt><trkpt lat="-39.3686895166" lon="-72.6183302980"><ele>122.97</ele><time>2024-09-12T01:47:16Z</time></trkpt><trkpt lat="-39.3686196953" lon="-72.6183819305"><ele>123.14</ele><time>2024-09-12T01:47:17Z</time></trkpt><trkpt lat="-39.3685485329" lon="-72.6184451301"><ele>123.13</ele><time>2024-09-12T01:47:18Z</time></trkpt><trkpt lat="-39.3684737664" lon="-72.6185162086"><ele>123.20</ele><time>2024-09-12T01:47:19Z</time></trkpt><trkpt lat="-39.3676848616" lon="-72.6192441769"><ele>122.80</ele><time>2024-09-12T01:47:31Z</time></trkpt><trkpt lat="-39.3669776805" lon="-72.6198801119"><ele>121.47</ele><time>2024-09-12T01:47:44Z</time></trkpt><trkpt lat="-39.3668430671" lon="-72.6200112049"><ele>121.40</ele><time>2024-09-12T01:47:50Z</time></trkpt><trkpt lat="-39.3662616145" lon="-72.6205508318"><ele>121.77</ele><time>2024-09-12T01:47:59Z</time></trkpt><trkpt lat="-39.3654535152" lon="-72.6213701628"><ele>120.74</ele><time>2024-09-12T01:48:12Z</time></trkpt><trkpt lat="-39.3651484977" lon="-72.6216536388"><ele>120.28</ele><time>2024-09-12T01:48:21Z</time></trkpt><trkpt lat="-39.3650825322" lon="-72.6217200235"><ele>120.45</ele><time>2024-09-12T01:48:23Z</time></trkpt><trkpt lat="-39.3650383595" lon="-72.6217626873"><ele>120.55</ele><time>2024-09-12T01:48:24Z</time></trkpt><trkpt lat="-39.3644321803" lon="-72.6223315671"><ele>119.93</ele><time>2024-09-12T01:48:36Z</time></trkpt><trkpt lat="-39.3643039372" lon="-72.6224842854"><ele>119.51</ele><time>2024-09-12T01:48:43Z</time></trkpt><trkpt lat="-39.3642997462" lon="-72.6225408632"><ele>119.71</ele><time>2024-09-12T01:48:44Z</time></trkpt><trkpt lat="-39.3642987404" lon="-72.6226115227"><ele>119.73</ele><time>2024-09-12T01:48:45Z</time></trkpt><trkpt lat="-39.3643175159" lon="-72.6230251696"><ele>119.77</ele><time>2024-09-12T01:48:52Z</time></trkpt><trkpt lat="-39.3643388059" lon="-72.6230558474"><ele>119.69</ele><time>2024-09-12T01:48:53Z</time></trkpt><trkpt lat="-39.3643688969" lon="-72.6230705157"><ele>119.78</ele><time>2024-09-12T01:48:54Z</time></trkpt><trkpt lat="-39.3644096330" lon="-72.6230555121"><ele>119.77</ele><time>2024-09-12T01:48:55Z</time></trkpt><trkpt lat="-39.3644422386" lon="-72.6230332162"><ele>119.79</ele><time>2024-09-12T01:48:56Z</time></trkpt><trkpt lat="-39.3644780293" lon="-72.6229984313"><ele>119.78</ele><time>2024-09-12T01:48:57Z</time></trkpt><trkpt lat="-39.3645176757" lon="-72.6229603775"><ele>119.88</ele><time>2024-09-12T01:48:58Z</time></trkpt><trkpt lat="-39.3648924306" lon="-72.6225645002"><ele>120.00</ele><time>2024-09-12T01:49:09Z</time></trkpt><trkpt lat="-39.3651484977" lon="-72.6221967861"><ele>120.15</ele><time>2024-09-12T01:49:19Z</time></trkpt><trkpt lat="-39.3656609673" lon="-72.6216833945"><ele>119.92</ele><time>2024-09-12T01:49:33Z</time></trkpt><trkpt lat="-39.3657017872" lon="-72.6215427462"><ele>119.82</ele><time>2024-09-12T01:49:41Z</time></trkpt><trkpt lat="-39.3657169584" lon="-72.6215134934"><ele>120.03</ele><time>2024-09-12T01:49:42Z</time></trkpt><trkpt lat="-39.3657503184" lon="-72.6214771159"><ele>120.20</ele><time>2024-09-12T01:49:43Z</time></trkpt><trkpt lat="-39.3657971732" lon="-72.6214348711"><ele>120.44</ele><time>2024-09-12T01:49:44Z</time></trkpt><trkpt lat="-39.3658455368" lon="-72.6213871781"><ele>120.66</ele><time>2024-09-12T01:49:45Z</time></trkpt><trkpt lat="-39.3658925593" lon="-72.6213368028"><ele>120.81</ele><time>2024-09-12T01:49:46Z</time></trkpt><trkpt lat="-39.3661051244" lon="-72.6211425941"><ele>120.50</ele><time>2024-09-12T01:49:52Z</time></trkpt><trkpt lat="-39.3661344610" lon="-72.6211524010"><ele>120.57</ele><time>2024-09-12T01:49:53Z</time></trkpt><trkpt lat="-39.3661683239" lon="-72.6211835817"><ele>120.47</ele><time>2024-09-12T01:49:54Z</time></trkpt><trkpt lat="-39.3661992531" lon="-72.6212285925"><ele>120.51</ele><time>2024-09-12T01:49:55Z</time></trkpt><trkpt lat="-39.3662420847" lon="-72.6212950610"><ele>120.58</ele><time>2024-09-12T01:49:56Z</time></trkpt><trkpt lat="-39.3664571643" lon="-72.6215816382"><ele>119.86</ele><time>2024-09-12T01:50:02Z</time></trkpt><trkpt lat="-39.3664890155" lon="-72.6215830632"><ele>119.70</ele><time>2024-09-12T01:50:03Z</time></trkpt><trkpt lat="-39.3665196095" lon="-72.6215721667"><ele>119.94</ele><time>2024-09-12T01:50:04Z</time></trkpt><trkpt lat="-39.3665492814" lon="-72.6215507090"><ele>119.90</ele><time>2024-09-12T01:50:05Z</time></trkpt><trkpt lat="-39.3665846530" lon="-72.6215212047"><ele>120.06</ele><time>2024-09-12T01:50:06Z</time></trkpt><trkpt lat="-39.3668943644" lon="-72.6212102361"><ele>120.59</ele><time>2024-09-12T01:50:15Z</time></trkpt><trkpt lat="-39.3672583066" lon="-72.6208351459"><ele>121.17</ele><time>2024-09-12T01:50:28Z</time></trkpt><trkpt lat="-39.3673144653" lon="-72.6207204815"><ele>121.32</ele><time>2024-09-12T01:50:34Z</time></trkpt><trkpt lat="-39.3673028983" lon="-72.6206768118"><ele>121.40</ele><time>2024-09-12T01:50:35Z</time></trkpt><trkpt lat="-39.3672838714" lon="-72.6206330582"><ele>121.50</ele><time>2024-09-12T01:50:36Z</time></trkpt><trkpt lat="-39.3672610726" lon="-72.6205880474"><ele>121.54</ele><time>2024-09-12T01:50:37Z</time></trkpt><trkpt lat="-39.3672365136" lon="-72.6205466408"><ele>121.55</ele><time>2024-09-12T01:50:38Z</time></trkpt><trkpt lat="-39.3672251981" lon="-72.6205132809"><ele>121.60</ele><time>2024-09-12T01:50:39Z</time></trkpt><trkpt lat="-39.3672255334" lon="-72.6204861235"><ele>121.46</ele><time>2024-09-12T01:50:40Z</time></trkpt><trkpt lat="-39.3672336638" lon="-72.6204615645"><ele>121.44</ele><time>2024-09-12T01:50:41Z</time></trkpt><trkpt lat="-39.3673023116" lon="-72.6203725487"><ele>121.54</ele><time>2024-09-12T01:50:44Z</time></trkpt><trkpt lat="-39.3673318159" lon="-72.6203475706"><ele>121.67</ele><time>2024-09-12T01:50:45Z</time></trkpt><trkpt lat="-39.3675522599" lon="-72.6201438066"><ele>121.83</ele><time>2024-09-12T01:50:53Z</time></trkpt><trkpt lat="-39.3676287867" lon="-72.6202065032"><ele>121.63</ele><time>2024-09-12T01:50:57Z</time></trkpt><trkpt lat="-39.3677084986" lon="-72.6203332376"><ele>121.59</ele><time>2024-09-12T01:51:01Z</time></trkpt><trkpt lat="-39.3678147811" lon="-72.6202969439"><ele>121.84</ele><time>2024-09-12T01:51:05Z</time></trkpt><trkpt lat="-39.3678546790" lon="-72.6202640869"><ele>121.94</ele><time>2024-09-12T01:51:06Z</time></trkpt><trkpt lat="-39.3684112374" lon="-72.6197552215"><ele>122.63</ele><time>2024-09-12T01:51:16Z</time></trkpt><trkpt lat="-39.3689061049" lon="-72.6192828175"><ele>122.13</ele><time>2024-09-12T01:51:28Z</time></trkpt><trkpt lat="-39.3689314183" lon="-72.6192769501"><ele>122.03</ele><time>2024-09-12T01:51:30Z</time></trkpt><trkpt lat="-39.3689449970" lon="-72.6192812249"><ele>122.02</ele><time>2024-09-12T01:51:31Z</time></trkpt><trkpt lat="-39.3689573184" lon="-72.6192917861"><ele>122.09</ele><time>2024-09-12T01:51:32Z</time></trkpt><trkpt lat="-39.3689717352" lon="-72.6193124056"><ele>122.20</ele><time>2024-09-12T01:51:33Z</time></trkpt><trkpt lat="-39.3689813744" lon="-72.6193440054"><ele>122.07</ele><time>2024-09-12T01:51:34Z</time></trkpt><trkpt lat="-39.3689899240" lon="-72.6193817239"><ele>122.19</ele><time>2024-09-12T01:51:35Z</time></trkpt><trkpt lat="-39.3690842204" lon="-72.6198180858"><ele>122.01</ele><time>2024-09-12T01:51:44Z</time></trkpt><trkpt lat="-39.3690550514" lon="-72.6198876556"><ele>122.02</ele><time>2024-09-12T01:51:46Z</time></trkpt><trkpt lat="-39.3686493672" lon="-72.6202797610"><ele>122.04</ele><time>2024-09-12T01:51:55Z</time></trkpt><trkpt lat="-39.3679601233" lon="-72.6209038775"><ele>121.71</ele><time>2024-09-12T01:52:10Z</time></trkpt><trkpt lat="-39.3676331453" lon="-72.6212109067"><ele>120.83</ele><time>2024-09-12T01:52:20Z</time></trkpt><trkpt lat="-39.3676252663" lon="-72.6212352142"><ele>120.89</ele><time>2024-09-12T01:52:21Z</time></trkpt><trkpt lat="-39.3676250987" lon="-72.6212653890"><ele>120.99</ele><time>2024-09-12T01:52:22Z</time></trkpt><trkpt lat="-39.3676329777" lon="-72.6213018503"><ele>121.02</ele><time>2024-09-12T01:52:23Z</time></trkpt><trkpt lat="-39.3676480651" lon="-72.6213461906"><ele>121.11</ele><time>2024-09-12T01:52:24Z</time></trkpt><trkpt lat="-39.3676756416" lon="-72.6213955600"><ele>121.05</ele><time>2024-09-12T01:52:25Z</time></trkpt><trkpt lat="-39.3677092530" lon="-72.6214523055"><ele>121.08</ele><time>2024-09-12T01:52:26Z</time></trkpt><trkpt lat="-39.3681556731" lon="-72.6222535316"><ele>120.94</ele><time>2024-09-12T01:52:38Z</time></trkpt><trkpt lat="-39.3683158513" lon="-72.6225249376"><ele>120.37</ele><time>2024-09-12T01:52:47Z</time></trkpt><trkpt lat="-39.3684237264" lon="-72.6225714572"><ele>120.58</ele><time>2024-09-12T01:52:50Z</time></trkpt><trkpt lat="-39.3684727605" lon="-72.6225594711"><ele>120.71</ele><time>2024-09-12T01:52:51Z</time></trkpt><trkpt lat="-39.3685268238" lon="-72.6225294638"><ele>120.84</ele><time>2024-09-12T01:52:52Z</time></trkpt><trkpt lat="-39.3685833178" lon="-72.6224847883"><ele>121.05</ele><time>2024-09-12T01:52:53Z</time></trkpt><trkpt lat="-39.3686390575" lon="-72.6224345807"><ele>121.09</ele><time>2024-09-12T01:52:54Z</time></trkpt><trkpt lat="-39.3695478234" lon="-72.6215217914"><ele>121.69</ele><time>2024-09-12T01:53:09Z</time></trkpt><trkpt lat="-39.3700096663" lon="-72.6210794784"><ele>121.02</ele><time>2024-09-12T01:53:19Z</time></trkpt><trkpt lat="-39.3701362330" lon="-72.6208053902"><ele>121.26</ele><time>2024-09-12T01:53:28Z</time></trkpt><trkpt lat="-39.3701118417" lon="-72.6205598842"><ele>120.79</ele><time>2024-09-12T01:53:35Z</time></trkpt><trkpt lat="-39.3701372389" lon="-72.6205089223"><ele>120.92</ele><time>2024-09-12T01:53:36Z</time></trkpt><trkpt lat="-39.3701739516" lon="-72.6204500813"><ele>120.88</ele><time>2024-09-12T01:53:37Z</time></trkpt><trkpt lat="-39.3708405644" lon="-72.6195849851"><ele>119.80</ele><time>2024-09-12T01:53:49Z</time></trkpt><trkpt lat="-39.3717610650" lon="-72.6181131229"><ele>117.52</ele><time>2024-09-12T01:54:06Z</time></trkpt><trkpt lat="-39.3725201301" lon="-72.6165355649"><ele>117.29</ele><time>2024-09-12T01:54:23Z</time></trkpt><trkpt lat="-39.3731038459" lon="-72.6155855600"><ele>117.77</ele><time>2024-09-12T01:54:34Z</time></trkpt><trkpt lat="-39.3734786008" lon="-72.6142263506"><ele>116.05</ele><time>2024-09-12T01:54:47Z</time></trkpt><trkpt lat="-39.3738456443" lon="-72.6127880998"><ele>116.56</ele><time>2024-09-12T01:55:01Z</time></trkpt><trkpt lat="-39.3740608077" lon="-72.6110450830"><ele>117.95</ele><time>2024-09-12T01:55:17Z</time></trkpt><trkpt lat="-39.3740483187" lon="-72.6091727335"><ele>119.47</ele><time>2024-09-12T01:55:34Z</time></trkpt><trkpt lat="-39.3738969415" lon="-72.6073008031"><ele>120.01</ele><time>2024-09-12T01:55:51Z</time></trkpt><trkpt lat="-39.3735920079" lon="-72.6051333267"><ele>120.78</ele><time>2024-09-12T01:56:11Z</time></trkpt><trkpt lat="-39.3734506890" lon="-72.6043787878"><ele>121.15</ele><time>2024-09-12T01:56:18Z</time></trkpt><trkpt lat="-39.3734160718" lon="-72.6042720024"><ele>121.32</ele><time>2024-09-12T01:56:19Z</time></trkpt><trkpt lat="-39.3733735755" lon="-72.6041704137"><ele>121.30</ele><time>2024-09-12T01:56:20Z</time></trkpt><trkpt lat="-39.3733266369" lon="-72.6040759496"><ele>121.24</ele><time>2024-09-12T01:56:21Z</time></trkpt><trkpt lat="-39.3732739147" lon="-72.6039850060"><ele>121.31</ele><time>2024-09-12T01:56:22Z</time></trkpt><trkpt lat="-39.3732203543" lon="-72.6038975827"><ele>121.51</ele><time>2024-09-12T01:56:23Z</time></trkpt><trkpt lat="-39.3724199664" lon="-72.6025925204"><ele>121.60</ele><time>2024-09-12T01:56:38Z</time></trkpt><trkpt lat="-39.3723360635" lon="-72.6022833958"><ele>121.70</ele><time>2024-09-12T01:56:41Z</time></trkpt><trkpt lat="-39.3723219819" lon="-72.6021748502"><ele>121.79</ele><time>2024-09-12T01:56:42Z</time></trkpt><trkpt lat="-39.3723259214" lon="-72.6017332077"><ele>121.40</ele><time>2024-09-12T01:56:46Z</time></trkpt><trkpt lat="-39.3723714352" lon="-72.6015214808"><ele>121.08</ele><time>2024-09-12T01:56:48Z</time></trkpt><trkpt lat="-39.3724025320" lon="-72.6014218200"><ele>121.04</ele><time>2024-09-12T01:56:49Z</time></trkpt><trkpt lat="-39.3730082083" lon="-72.5999805517"><ele>122.05</ele><time>2024-09-12T01:57:04Z</time></trkpt><trkpt lat="-39.3736047484" lon="-72.5985189155"><ele>123.30</ele><time>2024-09-12T01:57:19Z</time></trkpt><trkpt lat="-39.3739444669" lon="-72.5970759708"><ele>123.68</ele><time>2024-09-12T01:57:33Z</time></trkpt><trkpt lat="-39.3742488138" lon="-72.5953271706"><ele>124.11</ele><time>2024-09-12T01:57:49Z</time></trkpt><trkpt lat="-39.3746014405" lon="-72.5932780467"><ele>124.66</ele><time>2024-09-12T01:58:08Z</time></trkpt><trkpt lat="-39.3749564141" lon="-72.5914500374"><ele>125.06</ele><time>2024-09-12T01:58:25Z</time></trkpt><trkpt lat="-39.3752549775" lon="-72.5897942763"><ele>125.45</ele><time>2024-09-12T01:58:41Z</time></trkpt><trkpt lat="-39.3753377907" lon="-72.5891667232"><ele>125.06</ele><time>2024-09-12T01:58:51Z</time></trkpt><trkpt lat="-39.3753195181" lon="-72.5891507976"><ele>125.11</ele><time>2024-09-12T01:58:52Z</time></trkpt><trkpt lat="-39.3753009941" lon="-72.5891404040"><ele>125.06</ele><time>2024-09-12T01:58:53Z</time></trkpt><trkpt lat="-39.3753130641" lon="-72.5891432539"><ele>124.93</ele><time>2024-09-12T01:58:58Z</time></trkpt><trkpt lat="-39.3753255531" lon="-72.5891455170"><ele>124.96</ele><time>2024-09-12T01:58:59Z</time></trkpt><trkpt lat="-39.3752961326" lon="-72.5893470179"><ele>125.40</ele><time>2024-09-12T01:59:06Z</time></trkpt><trkpt lat="-39.3751394749" lon="-72.5903816801"><ele>125.69</ele><time>2024-09-12T01:59:16Z</time></trkpt><trkpt lat="-39.3748736009" lon="-72.5919424742"><ele>125.39</ele><time>2024-09-12T01:59:29Z</time></trkpt><trkpt lat="-39.3745693378" lon="-72.5936763547"><ele>124.87</ele><time>2024-09-12T01:59:43Z</time></trkpt><trkpt lat="-39.3742418569" lon="-72.5955162663"><ele>123.90</ele><time>2024-09-12T01:59:59Z</time></trkpt><trkpt lat="-39.3738418724" lon="-72.5977816433"><ele>122.90</ele><time>2024-09-12T02:00:19Z</time></trkpt><trkpt lat="-39.3733001500" lon="-72.5993919745"><ele>122.19</ele><time>2024-09-12T02:00:34Z</time></trkpt><trkpt lat="-39.3725684937" lon="-72.6011691894"><ele>120.35</ele><time>2024-09-12T02:00:51Z</time></trkpt><trkpt lat="-39.3722920585" lon="-72.6021142490"><ele>121.06</ele><time>2024-09-12T02:01:00Z</time></trkpt><trkpt lat="-39.3722887058" lon="-72.6022289973"><ele>121.12</ele><time>2024-09-12T02:01:01Z</time></trkpt><trkpt lat="-39.3722953275" lon="-72.6023408119"><ele>121.24</ele><time>2024-09-12T02:01:02Z</time></trkpt><trkpt lat="-39.3723122589" lon="-72.6024509501"><ele>121.37</ele><time>2024-09-12T02:01:03Z</time></trkpt><trkpt lat="-39.3723374046" lon="-72.6025602501"><ele>121.44</ele><time>2024-09-12T02:01:04Z</time></trkpt><trkpt lat="-39.3723691721" lon="-72.6026677899"><ele>121.42</ele><time>2024-09-12T02:01:05Z</time></trkpt><trkpt lat="-39.3724074773" lon="-72.6027725637"><ele>121.31</ele><time>2024-09-12T02:01:06Z</time></trkpt><trkpt lat="-39.3724515662" lon="-72.6028758287"><ele>121.31</ele><time>2024-09-12T02:01:07Z</time></trkpt><trkpt lat="-39.3725015223" lon="-72.6029754058"><ele>121.45</ele><time>2024-09-12T02:01:08Z</time></trkpt><trkpt lat="-39.3732775189" lon="-72.6042597648"><ele>120.61</ele><time>2024-09-12T02:01:22Z</time></trkpt><trkpt lat="-39.3734041695" lon="-72.6045703981"><ele>120.32</ele><time>2024-09-12T02:01:25Z</time></trkpt><trkpt lat="-39.3734378647" lon="-72.6046838053"><ele>120.23</ele><time>2024-09-12T02:01:26Z</time></trkpt><trkpt lat="-39.3736664392" lon="-72.6062924601"><ele>119.80</ele><time>2024-09-12T02:01:40Z</time></trkpt><trkpt lat="-39.3739468977" lon="-72.6083390694"><ele>119.01</ele><time>2024-09-12T02:01:58Z</time></trkpt><trkpt lat="-39.3740104325" lon="-72.6101922244"><ele>118.43</ele><time>2024-09-12T02:02:14Z</time></trkpt><trkpt lat="-39.3739523459" lon="-72.6120731235"><ele>115.85</ele><time>2024-09-12T02:02:30Z</time></trkpt><trkpt lat="-39.3735796027" lon="-72.6138458960"><ele>115.59</ele><time>2024-09-12T02:02:46Z</time></trkpt><trkpt lat="-39.3730172608" lon="-72.6157930121"><ele>116.73</ele><time>2024-09-12T02:03:04Z</time></trkpt><trkpt lat="-39.3723922223" lon="-72.6167998463"><ele>116.75</ele><time>2024-09-12T02:03:15Z</time></trkpt><trkpt lat="-39.3716104422" lon="-72.6183401048"><ele>116.88</ele><time>2024-09-12T02:03:31Z</time></trkpt><trkpt lat="-39.3706888519" lon="-72.6197329257"><ele>118.76</ele><time>2024-09-12T02:03:47Z</time></trkpt><trkpt lat="-39.3701219000" lon="-72.6204690244"><ele>120.01</ele><time>2024-09-12T02:03:56Z</time></trkpt><trkpt lat="-39.3700721953" lon="-72.6205614768"><ele>120.44</ele><time>2024-09-12T02:03:57Z</time></trkpt><trkpt lat="-39.3700280227" lon="-72.6206591260"><ele>120.63</ele><time>2024-09-12T02:03:58Z</time></trkpt><trkpt lat="-39.3699909747" lon="-72.6207618881"><ele>120.68</ele><time>2024-09-12T02:03:59Z</time></trkpt><trkpt lat="-39.3699534237" lon="-72.6208744571"><ele>120.68</ele><time>2024-09-12T02:04:00Z</time></trkpt><trkpt lat="-39.3699104246" lon="-72.6209846791"><ele>120.68</ele><time>2024-09-12T02:04:01Z</time></trkpt><trkpt lat="-39.3698575348" lon="-72.6210824121"><ele>120.54</ele><time>2024-09-12T02:04:02Z</time></trkpt><trkpt lat="-39.3697957601" lon="-72.6211696677"><ele>120.59</ele><time>2024-09-12T02:04:03Z</time></trkpt><trkpt lat="-39.3697290402" lon="-72.6212484576"><ele>120.56</ele><time>2024-09-12T02:04:04Z</time></trkpt><trkpt lat="-39.3696585484" lon="-72.6213202905"><ele>120.57</ele><time>2024-09-12T02:04:05Z</time></trkpt><trkpt lat="-39.3695852906" lon="-72.6213906147"><ele>120.64</ele><time>2024-09-12T02:04:06Z</time></trkpt><trkpt lat="-39.3681235705" lon="-72.6227826811"><ele>119.59</ele><time>2024-09-12T02:04:26Z</time></trkpt><trkpt lat="-39.3676308822" lon="-72.6232464518"><ele>118.72</ele><time>2024-09-12T02:04:35Z</time></trkpt><trkpt lat="-39.3668992259" lon="-72.6239527948"><ele>119.09</ele><time>2024-09-12T02:04:46Z</time></trkpt><trkpt lat="-39.3659200519" lon="-72.6248780731"><ele>118.29</ele><time>2024-09-12T02:05:01Z</time></trkpt><trkpt lat="-39.3657354824" lon="-72.6250907220"><ele>118.12</ele><time>2024-09-12T02:05:05Z</time></trkpt><trkpt lat="-39.3657193054" lon="-72.6251585316"><ele>118.09</ele><time>2024-09-12T02:05:06Z</time></trkpt><trkpt lat="-39.3657202274" lon="-72.6252238266"><ele>118.05</ele><time>2024-09-12T02:05:07Z</time></trkpt><trkpt lat="-39.3657429423" lon="-72.6252887025"><ele>117.91</ele><time>2024-09-12T02:05:08Z</time></trkpt><trkpt lat="-39.3657718599" lon="-72.6253473759"><ele>117.76</ele><time>2024-09-12T02:05:09Z</time></trkpt><trkpt lat="-39.3658095784" lon="-72.6254062168"><ele>117.70</ele><time>2024-09-12T02:05:10Z</time></trkpt><trkpt lat="-39.3658483028" lon="-72.6254676562"><ele>117.87</ele><time>2024-09-12T02:05:11Z</time></trkpt><trkpt lat="-39.3663102295" lon="-72.6262572315"><ele>117.39</ele><time>2024-09-12T02:05:22Z</time></trkpt><trkpt lat="-39.3663533125" lon="-72.6262895018"><ele>117.37</ele><time>2024-09-12T02:05:23Z</time></trkpt><trkpt lat="-39.3664000835" lon="-72.6263005659"><ele>117.49</ele><time>2024-09-12T02:05:24Z</time></trkpt><trkpt lat="-39.3664486147" lon="-72.6262896694"><ele>117.53</ele><time>2024-09-12T02:05:25Z</time></trkpt><trkpt lat="-39.3665033486" lon="-72.6262519509"><ele>117.43</ele><time>2024-09-12T02:05:26Z</time></trkpt><trkpt lat="-39.3665558193" lon="-72.6262062695"><ele>117.61</ele><time>2024-09-12T02:05:27Z</time></trkpt><trkpt lat="-39.3666090444" lon="-72.6261583250"><ele>117.62</ele><time>2024-09-12T02:05:28Z</time></trkpt><trkpt lat="-39.3666617665" lon="-72.6261080336"><ele>117.65</ele><time>2024-09-12T02:05:29Z</time></trkpt><trkpt lat="-39.3673571292" lon="-72.6254229806"><ele>118.86</ele><time>2024-09-12T02:05:41Z</time></trkpt><trkpt lat="-39.3681089859" lon="-72.6247048192"><ele>119.19</ele><time>2024-09-12T02:05:54Z</time></trkpt><trkpt lat="-39.3683902826" lon="-72.6244241092"><ele>119.66</ele><time>2024-09-12T02:06:02Z</time></trkpt><trkpt lat="-39.3689966295" lon="-72.6238304190"><ele>119.62</ele><time>2024-09-12T02:06:14Z</time></trkpt><trkpt lat="-39.3693723064" lon="-72.6234700810"><ele>120.43</ele><time>2024-09-12T02:06:23Z</time></trkpt><trkpt lat="-39.3701421004" lon="-72.6227263547"><ele>120.85</ele><time>2024-09-12T02:06:37Z</time></trkpt><trkpt lat="-39.3707751017" lon="-72.6221145596"><ele>121.01</ele><time>2024-09-12T02:06:49Z</time></trkpt><trkpt lat="-39.3708389718" lon="-72.6221067645"><ele>120.89</ele><time>2024-09-12T02:06:52Z</time></trkpt><trkpt lat="-39.3708672188" lon="-72.6221263781"><ele>120.91</ele><time>2024-09-12T02:06:53Z</time></trkpt><trkpt lat="-39.3708941247" lon="-72.6221599057"><ele>121.00</ele><time>2024-09-12T02:06:54Z</time></trkpt><trkpt lat="-39.3709220365" lon="-72.6222044136"><ele>120.88</ele><time>2024-09-12T02:06:55Z</time></trkpt><trkpt lat="-39.3709516246" lon="-72.6222627517"><ele>120.89</ele><time>2024-09-12T02:06:56Z</time></trkpt><trkpt lat="-39.3709902652" lon="-72.6223312318"><ele>120.78</ele><time>2024-09-12T02:06:57Z</time></trkpt><trkpt lat="-39.3713628408" lon="-72.6230501477"><ele>118.89</ele><time>2024-09-12T02:07:06Z</time></trkpt><trkpt lat="-39.3713779282" lon="-72.6231161132"><ele>118.87</ele><time>2024-09-12T02:07:07Z</time></trkpt><trkpt lat="-39.3713804428" lon="-72.6231828332"><ele>118.74</ele><time>2024-09-12T02:07:08Z</time></trkpt><trkpt lat="-39.3713648524" lon="-72.6232505590"><ele>118.70</ele><time>2024-09-12T02:07:09Z</time></trkpt><trkpt lat="-39.3713285588" lon="-72.6233134232"><ele>118.78</ele><time>2024-09-12T02:07:10Z</time></trkpt><trkpt lat="-39.3712765072" lon="-72.6233705040"><ele>118.74</ele><time>2024-09-12T02:07:11Z</time></trkpt><trkpt lat="-39.3712158222" lon="-72.6234267466"><ele>118.91</ele><time>2024-09-12T02:07:12Z</time></trkpt><trkpt lat="-39.3704616185" lon="-72.6241182536"><ele>120.44</ele><time>2024-09-12T02:07:25Z</time></trkpt><trkpt lat="-39.3697907310" lon="-72.6247644145"><ele>119.75</ele><time>2024-09-12T02:07:36Z</time></trkpt><trkpt lat="-39.3695274554" lon="-72.6250264328"><ele>119.89</ele><time>2024-09-12T02:07:43Z</time></trkpt><trkpt lat="-39.3688907661" lon="-72.6256206259"><ele>119.94</ele><time>2024-09-12T02:07:54Z</time></trkpt><trkpt lat="-39.3684786279" lon="-72.6260161679"><ele>120.28</ele><time>2024-09-12T02:08:02Z</time></trkpt><trkpt lat="-39.3676865380" lon="-72.6267966069"><ele>119.10</ele><time>2024-09-12T02:08:15Z</time></trkpt><trkpt lat="-39.3671262078" lon="-72.6273088250"><ele>116.70</ele><time>2024-09-12T02:08:26Z</time></trkpt><trkpt lat="-39.3670673668" lon="-72.6274215616"><ele>116.92</ele><time>2024-09-12T02:08:34Z</time></trkpt><trkpt lat="-39.3670665286" lon="-72.6274840906"><ele>117.02</ele><time>2024-09-12T02:08:35Z</time></trkpt><trkpt lat="-39.3670851365" lon="-72.6275525708"><ele>117.10</ele><time>2024-09-12T02:08:36Z</time></trkpt><trkpt lat="-39.3671165686" lon="-72.6276217215"><ele>117.22</ele><time>2024-09-12T02:08:37Z</time></trkpt><trkpt lat="-39.3671561312" lon="-72.6276955660"><ele>117.48</ele><time>2024-09-12T02:08:38Z</time></trkpt><trkpt lat="-39.3676128611" lon="-72.6284549665"><ele>117.64</ele><time>2024-09-12T02:08:48Z</time></trkpt><trkpt lat="-39.3676493224" lon="-72.6284930203"><ele>117.66</ele><time>2024-09-12T02:08:49Z</time></trkpt><trkpt lat="-39.3676913157" lon="-72.6285073534"><ele>117.81</ele><time>2024-09-12T02:08:50Z</time></trkpt><trkpt lat="-39.3677433673" lon="-72.6284907572"><ele>117.82</ele><time>2024-09-12T02:08:51Z</time></trkpt><trkpt lat="-39.3677964248" lon="-72.6284565590"><ele>117.88</ele><time>2024-09-12T02:08:52Z</time></trkpt><trkpt lat="-39.3678522483" lon="-72.6284061838"><ele>118.09</ele><time>2024-09-12T02:08:53Z</time></trkpt><trkpt lat="-39.3679125980" lon="-72.6283483487"><ele>118.29</ele><time>2024-09-12T02:08:54Z</time></trkpt><trkpt lat="-39.3688400555" lon="-72.6274515688"><ele>119.68</ele><time>2024-09-12T02:09:08Z</time></trkpt><trkpt lat="-39.3694174010" lon="-72.6268883049"><ele>119.15</ele><time>2024-09-12T02:09:19Z</time></trkpt><trkpt lat="-39.3697459716" lon="-72.6265220158"><ele>120.23</ele><time>2024-09-12T02:09:27Z</time></trkpt><trkpt lat="-39.3703038711" lon="-72.6260543056"><ele>119.10</ele><time>2024-09-12T02:09:37Z</time></trkpt><trkpt lat="-39.3703671545" lon="-72.6260663755"><ele>118.87</ele><time>2024-09-12T02:09:39Z</time></trkpt><trkpt lat="-39.3703991733" lon="-72.6261011604"><ele>119.00</ele><time>2024-09-12T02:09:40Z</time></trkpt><trkpt lat="-39.3704285938" lon="-72.6261468418"><ele>118.92</ele><time>2024-09-12T02:09:41Z</time></trkpt><trkpt lat="-39.3708807975" lon="-72.6269296277"><ele>118.13</ele><time>2024-09-12T02:09:52Z</time></trkpt><trkpt lat="-39.3713306542" lon="-72.6277286746"><ele>114.74</ele><time>2024-09-12T02:10:01Z</time></trkpt><trkpt lat="-39.3715949357" lon="-72.6282750070"><ele>112.67</ele><time>2024-09-12T02:10:10Z</time></trkpt><trkpt lat="-39.3715798482" lon="-72.6283145696"><ele>112.75</ele><time>2024-09-12T02:10:11Z</time></trkpt><trkpt lat="-39.3715519365" lon="-72.6283579879"><ele>112.87</ele><time>2024-09-12T02:10:12Z</time></trkpt><trkpt lat="-39.3715089373" lon="-72.6284084469"><ele>113.13</ele><time>2024-09-12T02:10:13Z</time></trkpt><trkpt lat="-39.3714572210" lon="-72.6284649409"><ele>113.47</ele><time>2024-09-12T02:10:14Z</time></trkpt><trkpt lat="-39.3713909201" lon="-72.6285236981"><ele>113.77</ele><time>2024-09-12T02:10:15Z</time></trkpt><trkpt lat="-39.3710170873" lon="-72.6288666017"><ele>116.81</ele><time>2024-09-12T02:10:21Z</time></trkpt><trkpt lat="-39.3708115630" lon="-72.6290777419"><ele>117.92</ele><time>2024-09-12T02:10:29Z</time></trkpt><trkpt lat="-39.3703597784" lon="-72.6294844318"><ele>118.97</ele><time>2024-09-12T02:10:37Z</time></trkpt><trkpt lat="-39.3694506772" lon="-72.6303571556"><ele>118.23</ele><time>2024-09-12T02:10:51Z</time></trkpt><trkpt lat="-39.3690803647" lon="-72.6306930184"><ele>116.91</ele><time>2024-09-12T02:11:00Z</time></trkpt><trkpt lat="-39.3687947094" lon="-72.6309696212"><ele>117.31</ele><time>2024-09-12T02:11:09Z</time></trkpt><trkpt lat="-39.3682498019" lon="-72.6314542629"><ele>116.65</ele><time>2024-09-12T02:11:21Z</time></trkpt><trkpt lat="-39.3682568427" lon="-72.6314426120"><ele>116.65</ele><time>2024-09-12T02:11:25Z</time></trkpt><trkpt lat="-39.3682936393" lon="-72.6314115990"><ele>116.65</ele><time>2024-09-12T02:11:27Z</time></trkpt><trkpt lat="-39.3684102315" lon="-72.6312351599"><ele>116.74</ele><time>2024-09-12T02:11:43Z</time></trkpt><trkpt lat="-39.3684226368" lon="-72.6312551089"><ele>116.78</ele><time>2024-09-12T02:11:47Z</time></trkpt><trkpt lat="-39.3685481977" lon="-72.6311830245"><ele>117.14</ele><time>2024-09-12T02:11:52Z</time></trkpt><trkpt lat="-39.3689230364" lon="-72.6308246981"><ele>116.82</ele><time>2024-09-12T02:12:03Z</time></trkpt><trkpt lat="-39.3689374533" lon="-72.6307936851"><ele>117.03</ele><time>2024-09-12T02:12:04Z</time></trkpt><trkpt lat="-39.3689497747" lon="-72.6307486743"><ele>117.13</ele><time>2024-09-12T02:12:05Z</time></trkpt><trkpt lat="-39.3689551391" lon="-72.6306865644"><ele>117.31</ele><time>2024-09-12T02:12:06Z</time></trkpt><trkpt lat="-39.3689453322" lon="-72.6306123007"><ele>117.56</ele><time>2024-09-12T02:12:07Z</time></trkpt><trkpt lat="-39.3689170852" lon="-72.6305335946"><ele>117.75</ele><time>2024-09-12T02:12:08Z</time></trkpt><trkpt lat="-39.3688769359" lon="-72.6304528769"><ele>117.77</ele><time>2024-09-12T02:12:09Z</time></trkpt><trkpt lat="-39.3688277341" lon="-72.6303687226"><ele>117.99</ele><time>2024-09-12T02:12:10Z</time></trkpt><trkpt lat="-39.3687767722" lon="-72.6302798744"><ele>117.91</ele><time>2024-09-12T02:12:11Z</time></trkpt><trkpt lat="-39.3680024520" lon="-72.6289617363"><ele>118.36</ele><time>2024-09-12T02:12:25Z</time></trkpt><trkpt lat="-39.3673119508" lon="-72.6277861744"><ele>118.16</ele><time>2024-09-12T02:12:38Z</time></trkpt><trkpt lat="-39.3665403128" lon="-72.6264535356"><ele>118.40</ele><time>2024-09-12T02:12:53Z</time></trkpt><trkpt lat="-39.3659038749" lon="-72.6253413409"><ele>118.53</ele><time>2024-09-12T02:13:07Z</time></trkpt><trkpt lat="-39.3657726981" lon="-72.6251436118"><ele>118.26</ele><time>2024-09-12T02:13:14Z</time></trkpt><trkpt lat="-39.3657346442" lon="-72.6251236629"><ele>118.36</ele><time>2024-09-12T02:13:15Z</time></trkpt><trkpt lat="-39.3656923156" lon="-72.6251126826"><ele>118.46</ele><time>2024-09-12T02:13:16Z</time></trkpt><trkpt lat="-39.3656438682" lon="-72.6251162868"><ele>118.46</ele><time>2024-09-12T02:13:17Z</time></trkpt><trkpt lat="-39.3655941635" lon="-72.6251298655"><ele>118.66</ele><time>2024-09-12T02:13:18Z</time></trkpt><trkpt lat="-39.3655540142" lon="-72.6251576934"><ele>118.73</ele><time>2024-09-12T02:13:19Z</time></trkpt><trkpt lat="-39.3655133620" lon="-72.6252015308"><ele>118.64</ele><time>2024-09-12T02:13:20Z</time></trkpt><trkpt lat="-39.3654680159" lon="-72.6252505649"><ele>118.73</ele><time>2024-09-12T02:13:21Z</time></trkpt><trkpt lat="-39.3654183112" lon="-72.6253043767"><ele>118.86</ele><time>2024-09-12T02:13:22Z</time></trkpt><trkpt lat="-39.3648807798" lon="-72.6258360408"><ele>118.13</ele><time>2024-09-12T02:13:33Z</time></trkpt><trkpt lat="-39.3647611700" lon="-72.6260438282"><ele>118.10</ele><time>2024-09-12T02:13:41Z</time></trkpt><trkpt lat="-39.3647606671" lon="-72.6260999870"><ele>118.21</ele><time>2024-09-12T02:13:42Z</time></trkpt><trkpt lat="-39.3647730723" lon="-72.6261586603"><ele>118.26</ele><time>2024-09-12T02:13:43Z</time></trkpt><trkpt lat="-39.3647977151" lon="-72.6262190938"><ele>118.30</ele><time>2024-09-12T02:13:44Z</time></trkpt><trkpt lat="-39.3648321647" lon="-72.6262834668"><ele>118.33</ele><time>2024-09-12T02:13:45Z</time></trkpt><trkpt lat="-39.3648742419" lon="-72.6263552997"><ele>118.33</ele><time>2024-09-12T02:13:46Z</time></trkpt><trkpt lat="-39.3655309640" lon="-72.6274997648"><ele>118.17</ele><time>2024-09-12T02:14:00Z</time></trkpt><trkpt lat="-39.3662311882" lon="-72.6287213434"><ele>117.81</ele><time>2024-09-12T02:14:14Z</time></trkpt><trkpt lat="-39.3669496011" lon="-72.6300064567"><ele>117.30</ele><time>2024-09-12T02:14:29Z</time></trkpt><trkpt lat="-39.3676646613" lon="-72.6312427036"><ele>117.21</ele><time>2024-09-12T02:14:44Z</time></trkpt><trkpt lat="-39.3679048028" lon="-72.6316892076"><ele>116.56</ele><time>2024-09-12T02:14:51Z</time></trkpt><trkpt lat="-39.3679127656" lon="-72.6317421813"><ele>116.39</ele><time>2024-09-12T02:14:52Z</time></trkpt><trkpt lat="-39.3679022882" lon="-72.6317883655"><ele>116.46</ele><time>2024-09-12T02:14:53Z</time></trkpt><trkpt lat="-39.3678765558" lon="-72.6318307780"><ele>116.61</ele><time>2024-09-12T02:14:54Z</time></trkpt><trkpt lat="-39.3678369094" lon="-72.6318741962"><ele>116.83</ele><time>2024-09-12T02:14:55Z</time></trkpt><trkpt lat="-39.3678028788" lon="-72.6319194585"><ele>116.84</ele><time>2024-09-12T02:14:56Z</time></trkpt><trkpt lat="-39.3673188239" lon="-72.6323420741"><ele>116.21</ele><time>2024-09-12T02:15:06Z</time></trkpt><trkpt lat="-39.3672920018" lon="-72.6323290821"><ele>116.21</ele><time>2024-09-12T02:15:07Z</time></trkpt><trkpt lat="-39.3672597315" lon="-72.6323065348"><ele>116.17</ele><time>2024-09-12T02:15:08Z</time></trkpt><trkpt lat="-39.3670560513" lon="-72.6321036927"><ele>116.53</ele><time>2024-09-12T02:15:13Z</time></trkpt><trkpt lat="-39.3669371959" lon="-72.6319785509"><ele>116.44</ele><time>2024-09-12T02:15:16Z</time></trkpt><trkpt lat="-39.3665900175" lon="-72.6314422768"><ele>116.31</ele><time>2024-09-12T02:15:28Z</time></trkpt><trkpt lat="-39.3665890116" lon="-72.6313797478"><ele>116.16</ele><time>2024-09-12T02:15:30Z</time></trkpt><trkpt lat="-39.3666058592" lon="-72.6313474774"><ele>116.14</ele><time>2024-09-12T02:15:31Z</time></trkpt><trkpt lat="-39.3666361179" lon="-72.6313166320"><ele>116.20</ele><time>2024-09-12T02:15:32Z</time></trkpt><trkpt lat="-39.3670813646" lon="-72.6308847126"><ele>117.15</ele><time>2024-09-12T02:15:40Z</time></trkpt><trkpt lat="-39.3673217576" lon="-72.6306636818"><ele>116.36</ele><time>2024-09-12T02:15:48Z</time></trkpt><trkpt lat="-39.3673583027" lon="-72.6306739077"><ele>116.44</ele><time>2024-09-12T02:15:49Z</time></trkpt><trkpt lat="-39.3673907407" lon="-72.6307091955"><ele>116.48</ele><time>2024-09-12T02:15:50Z</time></trkpt><trkpt lat="-39.3674228434" lon="-72.6307604928"><ele>116.69</ele><time>2024-09-12T02:15:51Z</time></trkpt><trkpt lat="-39.3674593046" lon="-72.6308252849"><ele>116.72</ele><time>2024-09-12T02:15:52Z</time></trkpt><trkpt lat="-39.3680591974" lon="-72.6318327896"><ele>117.19</ele><time>2024-09-12T02:16:04Z</time></trkpt><trkpt lat="-39.3685381394" lon="-72.6326589100"><ele>116.41</ele><time>2024-09-12T02:16:16Z</time></trkpt><trkpt lat="-39.3685304280" lon="-72.6326957066"><ele>116.32</ele><time>2024-09-12T02:16:27Z</time></trkpt><trkpt lat="-39.3685483653" lon="-72.6327177510"><ele>116.25</ele><time>2024-09-12T02:16:32Z</time></trkpt><trkpt lat="-39.3685725890" lon="-72.6327313296"><ele>116.43</ele><time>2024-09-12T02:16:33Z</time></trkpt><trkpt lat="-39.3686126545" lon="-72.6327430643"><ele>116.59</ele><time>2024-09-12T02:16:34Z</time></trkpt><trkpt lat="-39.3686597608" lon="-72.6327378675"><ele>116.80</ele><time>2024-09-12T02:16:35Z</time></trkpt><trkpt lat="-39.3687093817" lon="-72.6327159908"><ele>116.98</ele><time>2024-09-12T02:16:36Z</time></trkpt><trkpt lat="-39.3687681388" lon="-72.6326723211"><ele>117.11</ele><time>2024-09-12T02:16:37Z</time></trkpt><trkpt lat="-39.3688266445" lon="-72.6326195989"><ele>117.48</ele><time>2024-09-12T02:16:38Z</time></trkpt><trkpt lat="-39.3688833062" lon="-72.6325666253"><ele>117.33</ele><time>2024-09-12T02:16:39Z</time></trkpt><trkpt lat="-39.3694562092" lon="-72.6320164371"><ele>116.80</ele><time>2024-09-12T02:16:52Z</time></trkpt><trkpt lat="-39.3694766611" lon="-72.6320005115"><ele>116.78</ele><time>2024-09-12T02:17:09Z</time></trkpt><trkpt lat="-39.3695063330" lon="-72.6319691632"><ele>116.76</ele><time>2024-09-12T02:17:17Z</time></trkpt><trkpt lat="-39.3695303891" lon="-72.6319474541"><ele>116.98</ele><time>2024-09-12T02:17:18Z</time></trkpt><trkpt lat="-39.3695619889" lon="-72.6319184527"><ele>117.08</ele><time>2024-09-12T02:17:19Z</time></trkpt><trkpt lat="-39.3695981149" lon="-72.6318868529"><ele>117.23</ele><time>2024-09-12T02:17:20Z</time></trkpt><trkpt lat="-39.3696399406" lon="-72.6318491343"><ele>117.46</ele><time>2024-09-12T02:17:21Z</time></trkpt><trkpt lat="-39.3696879689" lon="-72.6318026148"><ele>117.58</ele><time>2024-09-12T02:17:22Z</time></trkpt><trkpt lat="-39.3703466188" lon="-72.6311854552"><ele>118.36</ele><time>2024-09-12T02:17:34Z</time></trkpt><trkpt lat="-39.3711606693" lon="-72.6303991489"><ele>117.70</ele><time>2024-09-12T02:17:49Z</time></trkpt><trkpt lat="-39.3716991227" lon="-72.6298516430"><ele>115.18</ele><time>2024-09-12T02:18:01Z</time></trkpt><trkpt lat="-39.3719108496" lon="-72.6296521537"><ele>113.40</ele><time>2024-09-12T02:18:05Z</time></trkpt><trkpt lat="-39.3722461257" lon="-72.6293949969"><ele>112.18</ele><time>2024-09-12T02:18:13Z</time></trkpt><trkpt lat="-39.3722829223" lon="-72.6294083241"><ele>112.22</ele><time>2024-09-12T02:18:14Z</time></trkpt><trkpt lat="-39.3723198026" lon="-72.6294410974"><ele>112.43</ele><time>2024-09-12T02:18:15Z</time></trkpt><trkpt lat="-39.3723576888" lon="-72.6294909697"><ele>112.37</ele><time>2024-09-12T02:18:16Z</time></trkpt><trkpt lat="-39.3723984249" lon="-72.6295557618"><ele>112.50</ele><time>2024-09-12T02:18:17Z</time></trkpt><trkpt lat="-39.3724422622" lon="-72.6296312828"><ele>112.69</ele><time>2024-09-12T02:18:18Z</time></trkpt><trkpt lat="-39.3728641234" lon="-72.6304065250"><ele>111.65</ele><time>2024-09-12T02:18:30Z</time></trkpt><trkpt lat="-39.3728652969" lon="-72.6304481830"><ele>111.57</ele><time>2024-09-12T02:18:31Z</time></trkpt><trkpt lat="-39.3728533108" lon="-72.6304902602"><ele>111.74</ele><time>2024-09-12T02:18:32Z</time></trkpt><trkpt lat="-39.3728321046" lon="-72.6305321697"><ele>111.82</ele><time>2024-09-12T02:18:33Z</time></trkpt><trkpt lat="-39.3727994151" lon="-72.6305743307"><ele>111.96</ele><time>2024-09-12T02:18:34Z</time></trkpt><trkpt lat="-39.3727572542" lon="-72.6306194253"><ele>112.05</ele><time>2024-09-12T02:18:35Z</time></trkpt><trkpt lat="-39.3721415196" lon="-72.6312142890"><ele>113.91</ele><time>2024-09-12T02:18:47Z</time></trkpt><trkpt lat="-39.3717506714" lon="-72.6316017844"><ele>115.81</ele><time>2024-09-12T02:18:56Z</time></trkpt><trkpt lat="-39.3712689634" lon="-72.6320708357"><ele>117.32</ele><time>2024-09-12T02:19:07Z</time></trkpt><trkpt lat="-39.3708947953" lon="-72.6324450877"><ele>117.93</ele><time>2024-09-12T02:19:17Z</time></trkpt><trkpt lat="-39.3704339582" lon="-72.6328864787"><ele>117.23</ele><time>2024-09-12T02:19:29Z</time></trkpt><trkpt lat="-39.3701472133" lon="-72.6331627462"><ele>117.64</ele><time>2024-09-12T02:19:37Z</time></trkpt><trkpt lat="-39.3695499189" lon="-72.6337514911"><ele>116.29</ele><time>2024-09-12T02:19:49Z</time></trkpt><trkpt lat="-39.3694752362" lon="-72.6338310353"><ele>115.91</ele><time>2024-09-12T02:19:58Z</time></trkpt><trkpt lat="-39.3694642559" lon="-72.6338533312"><ele>115.91</ele><time>2024-09-12T02:19:59Z</time></trkpt><trkpt lat="-39.3694493361" lon="-72.6338908821"><ele>116.06</ele><time>2024-09-12T02:20:00Z</time></trkpt><trkpt lat="-39.3694362603" lon="-72.6339461189"><ele>116.26</ele><time>2024-09-12T02:20:01Z</time></trkpt><trkpt lat="-39.3694362603" lon="-72.6340083126"><ele>116.29</ele><time>2024-09-12T02:20:02Z</time></trkpt><trkpt lat="-39.3694515992" lon="-72.6340639684"><ele>116.46</ele><time>2024-09-12T02:20:03Z</time></trkpt><trkpt lat="-39.3694818579" lon="-72.6341285091"><ele>116.68</ele><time>2024-09-12T02:20:04Z</time></trkpt><trkpt lat="-39.3695204146" lon="-72.6342012640"><ele>116.82</ele><time>2024-09-12T02:20:05Z</time></trkpt><trkpt lat="-39.3699348997" lon="-72.6349722315"><ele>117.03</ele><time>2024-09-12T02:20:15Z</time></trkpt><trkpt lat="-39.3699667510" lon="-72.6350071840"><ele>116.65</ele><time>2024-09-12T02:20:16Z</time></trkpt><trkpt lat="-39.3700045533" lon="-72.6350231934"><ele>116.68</ele><time>2024-09-12T02:20:17Z</time></trkpt><trkpt lat="-39.3700433616" lon="-72.6350144763"><ele>116.58</ele><time>2024-09-12T02:20:18Z</time></trkpt><trkpt lat="-39.3700828403" lon="-72.6349812001"><ele>116.75</ele><time>2024-09-12T02:20:19Z</time></trkpt><trkpt lat="-39.3701263424" lon="-72.6349382009"><ele>116.94</ele><time>2024-09-12T02:20:20Z</time></trkpt><trkpt lat="-39.3707288336" lon="-72.6343249809"><ele>117.62</ele><time>2024-09-12T02:20:31Z</time></trkpt><trkpt lat="-39.3708870001" lon="-72.6341667306"><ele>117.62</ele><time>2024-09-12T02:20:38Z</time></trkpt><trkpt lat="-39.3713358510" lon="-72.6337202266"><ele>117.22</ele><time>2024-09-12T02:20:47Z</time></trkpt><trkpt lat="-39.3718147092" lon="-72.6332526840"><ele>114.33</ele><time>2024-09-12T02:20:59Z</time></trkpt><trkpt lat="-39.3722069822" lon="-72.6328692958"><ele>114.90</ele><time>2024-09-12T02:21:06Z</time></trkpt><trkpt lat="-39.3726264965" lon="-72.6324681379"><ele>113.38</ele><time>2024-09-12T02:21:15Z</time></trkpt><trkpt lat="-39.3730051909" lon="-72.6321036927"><ele>113.73</ele><time>2024-09-12T02:21:22Z</time></trkpt><trkpt lat="-39.3734482583" lon="-72.6316858549"><ele>111.87</ele><time>2024-09-12T02:21:31Z</time></trkpt><trkpt lat="-39.3737747334" lon="-72.6313628163"><ele>112.22</ele><time>2024-09-12T02:21:39Z</time></trkpt><trkpt lat="-39.3742663320" lon="-72.6309132110"><ele>111.53</ele><time>2024-09-12T02:21:49Z</time></trkpt><trkpt lat="-39.3745807372" lon="-72.6305971295"><ele>111.70</ele><time>2024-09-12T02:21:57Z</time></trkpt><trkpt lat="-39.3752413988" lon="-72.6300253998"><ele>110.20</ele><time>2024-09-12T02:22:07Z</time></trkpt><trkpt lat="-39.3752940372" lon="-72.6300179400"><ele>110.07</ele><time>2024-09-12T02:22:08Z</time></trkpt><trkpt lat="-39.3753447477" lon="-72.6300321892"><ele>110.01</ele><time>2024-09-12T02:22:09Z</time></trkpt><trkpt lat="-39.3753864057" lon="-72.6300752722"><ele>110.14</ele><time>2024-09-12T02:22:10Z</time></trkpt><trkpt lat="-39.3754279800" lon="-72.6301399805"><ele>110.35</ele><time>2024-09-12T02:22:11Z</time></trkpt><trkpt lat="-39.3754722364" lon="-72.6302162558"><ele>110.43</ele><time>2024-09-12T02:22:12Z</time></trkpt><trkpt lat="-39.3758954387" lon="-72.6309928391"><ele>110.25</ele><time>2024-09-12T02:22:22Z</time></trkpt><trkpt lat="-39.3759003002" lon="-72.6310438011"><ele>110.20</ele><time>2024-09-12T02:22:23Z</time></trkpt><trkpt lat="-39.3758906610" lon="-72.6310879737"><ele>110.28</ele><time>2024-09-12T02:22:24Z</time></trkpt><trkpt lat="-39.3758617435" lon="-72.6311289612"><ele>110.24</ele><time>2024-09-12T02:22:25Z</time></trkpt><trkpt lat="-39.3758153077" lon="-72.6311776601"><ele>110.40</ele><time>2024-09-12T02:22:26Z</time></trkpt><trkpt lat="-39.3757484201" lon="-72.6312427036"><ele>110.69</ele><time>2024-09-12T02:22:27Z</time></trkpt><trkpt lat="-39.3751670513" lon="-72.6318109129"><ele>110.54</ele><time>2024-09-12T02:22:37Z</time></trkpt><trkpt lat="-39.3748195376" lon="-72.6321622822"><ele>111.52</ele><time>2024-09-12T02:22:44Z</time></trkpt><trkpt lat="-39.3742728699" lon="-72.6326828822"><ele>111.26</ele><time>2024-09-12T02:22:54Z</time></trkpt><trkpt lat="-39.3739862088" lon="-72.6329536177"><ele>112.33</ele><time>2024-09-12T02:23:01Z</time></trkpt><trkpt lat="-39.3733888306" lon="-72.6335375011"><ele>112.24</ele><time>2024-09-12T02:23:13Z</time></trkpt><trkpt lat="-39.3733687978" lon="-72.6335544325"><ele>112.01</ele><time>2024-09-12T02:23:16Z</time></trkpt><trkpt lat="-39.3733491842" lon="-72.6335732918"><ele>112.07</ele><time>2024-09-12T02:23:17Z</time></trkpt><trkpt lat="-39.3733195961" lon="-72.6336032152"><ele>112.27</ele><time>2024-09-12T02:23:18Z</time></trkpt><trkpt lat="-39.3732848950" lon="-72.6336389221"><ele>112.48</ele><time>2024-09-12T02:23:19Z</time></trkpt><trkpt lat="-39.3732437398" lon="-72.6336856093"><ele>112.60</ele><time>2024-09-12T02:23:20Z</time></trkpt><trkpt lat="-39.3726369739" lon="-72.6342823170"><ele>112.55</ele><time>2024-09-12T02:23:30Z</time></trkpt><trkpt lat="-39.3718747236" lon="-72.6350004785"><ele>113.97</ele><time>2024-09-12T02:23:42Z</time></trkpt><trkpt lat="-39.3716578837" lon="-72.6351952739"><ele>114.48</ele><time>2024-09-12T02:23:49Z</time></trkpt><trkpt lat="-39.3716350850" lon="-72.6352091040"><ele>114.49</ele><time>2024-09-12T02:23:53Z</time></trkpt><trkpt lat="-39.3716160581" lon="-72.6352260355"><ele>114.72</ele><time>2024-09-12T02:23:54Z</time></trkpt><trkpt lat="-39.3715872243" lon="-72.6352533605"><ele>114.90</ele><time>2024-09-12T02:23:55Z</time></trkpt><trkpt lat="-39.3715538643" lon="-72.6352882292"><ele>115.00</ele><time>2024-09-12T02:23:56Z</time></trkpt><trkpt lat="-39.3715173192" lon="-72.6353312284"><ele>115.13</ele><time>2024-09-12T02:23:57Z</time></trkpt><trkpt lat="-39.3714771699" lon="-72.6353824418"><ele>115.30</ele><time>2024-09-12T02:23:58Z</time></trkpt><trkpt lat="-39.3709019199" lon="-72.6359338034"><ele>116.58</ele><time>2024-09-12T02:24:07Z</time></trkpt><trkpt lat="-39.3707245588" lon="-72.6360936463"><ele>115.84</ele><time>2024-09-12T02:24:13Z</time></trkpt><trkpt lat="-39.3706750218" lon="-72.6361671556"><ele>115.98</ele><time>2024-09-12T02:24:16Z</time></trkpt><trkpt lat="-39.3706546538" lon="-72.6362193748"><ele>116.15</ele><time>2024-09-12T02:24:17Z</time></trkpt><trkpt lat="-39.3706450146" lon="-72.6362824906"><ele>116.31</ele><time>2024-09-12T02:24:18Z</time></trkpt><trkpt lat="-39.3706602696" lon="-72.6363494620"><ele>116.47</ele><time>2024-09-12T02:24:19Z</time></trkpt><trkpt lat="-39.3706885166" lon="-72.6364129968"><ele>116.53</ele><time>2024-09-12T02:24:20Z</time></trkpt><trkpt lat="-39.3707273249" lon="-72.6364858355"><ele>116.51</ele><time>2024-09-12T02:24:21Z</time></trkpt><trkpt lat="-39.3707704917" lon="-72.6365621109"><ele>116.48</ele><time>2024-09-12T02:24:22Z</time></trkpt><trkpt lat="-39.3712372798" lon="-72.6373676118"><ele>115.65</ele><time>2024-09-12T02:24:32Z</time></trkpt><trkpt lat="-39.3712823745" lon="-72.6374113653"><ele>115.52</ele><time>2024-09-12T02:24:33Z</time></trkpt><trkpt lat="-39.3713258766" lon="-72.6374344993"><ele>115.39</ele><time>2024-09-12T02:24:34Z</time></trkpt><trkpt lat="-39.3713710550" lon="-72.6374262013"><ele>115.34</ele><time>2024-09-12T02:24:35Z</time></trkpt><trkpt lat="-39.3714188319" lon="-72.6373942662"><ele>115.25</ele><time>2024-09-12T02:24:36Z</time></trkpt><trkpt lat="-39.3714687042" lon="-72.6373557933"><ele>115.35</ele><time>2024-09-12T02:24:37Z</time></trkpt><trkpt lat="-39.3720832653" lon="-72.6367502008"><ele>113.32</ele><time>2024-09-12T02:24:47Z</time></trkpt><trkpt lat="-39.3730123155" lon="-72.6358411834"><ele>112.42</ele><time>2024-09-12T02:25:00Z</time></trkpt><trkpt lat="-39.3740097620" lon="-72.6348812878"><ele>112.28</ele><time>2024-09-12T02:25:15Z</time></trkpt><trkpt lat="-39.3745726906" lon="-72.6343314350"><ele>111.52</ele><time>2024-09-12T02:25:26Z</time></trkpt><trkpt lat="-39.3753946200" lon="-72.6335226651"><ele>111.08</ele><time>2024-09-12T02:25:38Z</time></trkpt><trkpt lat="-39.3767276779" lon="-72.6321409922"><ele>112.12</ele><time>2024-09-12T02:25:56Z</time></trkpt><trkpt lat="-39.3777194247" lon="-72.6311793365"><ele>112.56</ele><time>2024-09-12T02:26:11Z</time></trkpt><trkpt lat="-39.3779143877" lon="-72.6310015563"><ele>111.90</ele><time>2024-09-12T02:26:18Z</time></trkpt><trkpt lat="-39.3779883161" lon="-72.6309356745"><ele>112.19</ele><time>2024-09-12T02:26:20Z</time></trkpt><trkpt lat="-39.3780416250" lon="-72.6309012249"><ele>112.34</ele><time>2024-09-12T02:26:21Z</time></trkpt><trkpt lat="-39.3781045731" lon="-72.6308682002"><ele>112.51</ele><time>2024-09-12T02:26:22Z</time></trkpt><trkpt lat="-39.3789352197" lon="-72.6305156574"><ele>111.94</ele><time>2024-09-12T02:26:33Z</time></trkpt><trkpt lat="-39.3801510148" lon="-72.6299902797"><ele>111.47</ele><time>2024-09-12T02:26:50Z</time></trkpt><trkpt lat="-39.3808773067" lon="-72.6296634693"><ele>112.15</ele><time>2024-09-12T02:27:01Z</time></trkpt><trkpt lat="-39.3818644434" lon="-72.6292358246"><ele>112.19</ele><time>2024-09-12T02:27:15Z</time></trkpt><trkpt lat="-39.3821881525" lon="-72.6290770713"><ele>112.42</ele><time>2024-09-12T02:27:22Z</time></trkpt><trkpt lat="-39.3830476329" lon="-72.6287103631"><ele>113.29</ele><time>2024-09-12T02:27:34Z</time></trkpt><trkpt lat="-39.3836979009" lon="-72.6284406334"><ele>113.75</ele><time>2024-09-12T02:27:44Z</time></trkpt><trkpt lat="-39.3837251421" lon="-72.6284138951"><ele>113.07</ele><time>2024-09-12T02:27:45Z</time></trkpt><trkpt lat="-39.3837414868" lon="-72.6283808704"><ele>113.15</ele><time>2024-09-12T02:27:46Z</time></trkpt><trkpt lat="-39.3837486114" lon="-72.6283447444"><ele>113.16</ele><time>2024-09-12T02:27:47Z</time></trkpt><trkpt lat="-39.3837462645" lon="-72.6283040922"><ele>112.97</ele><time>2024-09-12T02:27:48Z</time></trkpt><trkpt lat="-39.3837199453" lon="-72.6282633562"><ele>113.10</ele><time>2024-09-12T02:27:49Z</time></trkpt><trkpt lat="-39.3836871721" lon="-72.6282284036"><ele>112.99</ele><time>2024-09-12T02:27:50Z</time></trkpt><trkpt lat="-39.3836510461" lon="-72.6281945407"><ele>112.99</ele><time>2024-09-12T02:27:51Z</time></trkpt><trkpt lat="-39.3831990939" lon="-72.6276785508"><ele>112.92</ele><time>2024-09-12T02:28:02Z</time></trkpt><trkpt lat="-39.3830605410" lon="-72.6275855955"><ele>112.69</ele><time>2024-09-12T02:28:06Z</time></trkpt><trkpt lat="-39.3830182962" lon="-72.6275886130"><ele>112.79</ele><time>2024-09-12T02:28:07Z</time></trkpt><trkpt lat="-39.3829752132" lon="-72.6275997609"><ele>112.89</ele><time>2024-09-12T02:28:08Z</time></trkpt><trkpt lat="-39.3826047331" lon="-72.6277500484"><ele>112.22</ele><time>2024-09-12T02:28:18Z</time></trkpt><trkpt lat="-39.3823024817" lon="-72.6278752740"><ele>111.99</ele><time>2024-09-12T02:28:25Z</time></trkpt><trkpt lat="-39.3821076863" lon="-72.6279833168"><ele>111.69</ele><time>2024-09-12T02:28:35Z</time></trkpt><trkpt lat="-39.3818993121" lon="-72.6280525513"><ele>112.00</ele><time>2024-09-12T02:28:51Z</time></trkpt><trkpt lat="-39.3814937118" lon="-72.6282456703"><ele>111.79</ele><time>2024-09-12T02:29:05Z</time></trkpt><trkpt lat="-39.3813945539" lon="-72.6282800362"><ele>111.72</ele><time>2024-09-12T02:29:11Z</time></trkpt><trkpt lat="-39.3813910335" lon="-72.6283020806"><ele>111.70</ele><time>2024-09-12T02:29:12Z</time></trkpt><trkpt lat="-39.3813901953" lon="-72.6283250470"><ele>111.82</ele><time>2024-09-12T02:29:13Z</time></trkpt><trkpt lat="-39.3813964818" lon="-72.6283567306"><ele>111.88</ele><time>2024-09-12T02:29:14Z</time></trkpt><trkpt lat="-39.3814041093" lon="-72.6283956226"><ele>111.89</ele><time>2024-09-12T02:29:15Z</time></trkpt><trkpt lat="-39.3814137485" lon="-72.6284360234"><ele>111.89</ele><time>2024-09-12T02:29:16Z</time></trkpt><trkpt lat="-39.3814226333" lon="-72.6284758374"><ele>112.03</ele><time>2024-09-12T02:29:17Z</time></trkpt><trkpt lat="-39.3814543169" lon="-72.6287157275"><ele>111.94</ele><time>2024-09-12T02:29:29Z</time></trkpt><trkpt lat="-39.3814628664" lon="-72.6287697908"><ele>111.92</ele><time>2024-09-12T02:29:32Z</time></trkpt><trkpt lat="-39.3814663868" lon="-72.6287993789"><ele>112.16</ele><time>2024-09-12T02:29:33Z</time></trkpt><trkpt lat="-39.3814745173" lon="-72.6288334932"><ele>112.10</ele><time>2024-09-12T02:29:34Z</time></trkpt><trkpt lat="-39.3814877607" lon="-72.6288726367"><ele>112.30</ele><time>2024-09-12T02:29:35Z</time></trkpt><trkpt lat="-39.3814980704" lon="-72.6289167255"><ele>112.20</ele><time>2024-09-12T02:29:36Z</time></trkpt><trkpt lat="-39.3815108947" lon="-72.6289653406"><ele>112.22</ele><time>2024-09-12T02:29:37Z</time></trkpt><trkpt lat="-39.3815702386" lon="-72.6292325556"><ele>111.78</ele><time>2024-09-12T02:29:46Z</time></trkpt><trkpt lat="-39.3815643713" lon="-72.6292565279"><ele>111.85</ele><time>2024-09-12T02:29:47Z</time></trkpt><trkpt lat="-39.3815537263" lon="-72.6292826794"><ele>111.87</ele><time>2024-09-12T02:29:48Z</time></trkpt><trkpt lat="-39.3815348670" lon="-72.6293054782"><ele>111.90</ele><time>2024-09-12T02:29:49Z</time></trkpt><trkpt lat="-39.3815041054" lon="-72.6293219905"><ele>111.83</ele><time>2024-09-12T02:29:50Z</time></trkpt><trkpt lat="-39.3814616092" lon="-72.6293375809"><ele>111.93</ele><time>2024-09-12T02:29:51Z</time></trkpt><trkpt lat="-39.3814132456" lon="-72.6293527521"><ele>111.91</ele><time>2024-09-12T02:29:52Z</time></trkpt><trkpt lat="-39.3807080761" lon="-72.6296918839"><ele>111.82</ele><time>2024-09-12T02:30:05Z</time></trkpt><trkpt lat="-39.3805233389" lon="-72.6297138445"><ele>111.28</ele><time>2024-09-12T02:30:10Z</time></trkpt><trkpt lat="-39.3805019651" lon="-72.6296730246"><ele>111.35</ele><time>2024-09-12T02:30:11Z</time></trkpt><trkpt lat="-39.3804837763" lon="-72.6296187937"><ele>111.44</ele><time>2024-09-12T02:30:12Z</time></trkpt><trkpt lat="-39.3802448083" lon="-72.6288241055"><ele>111.99</ele><time>2024-09-12T02:30:23Z</time></trkpt><trkpt lat="-39.3800233584" lon="-72.6280424092"><ele>111.86</ele><time>2024-09-12T02:30:34Z</time></trkpt><trkpt lat="-39.3800179102" lon="-72.6279981527"><ele>111.58</ele><time>2024-09-12T02:30:37Z</time></trkpt><trkpt lat="-39.3800130486" lon="-72.6279809698"><ele>111.53</ele><time>2024-09-12T02:30:38Z</time></trkpt><trkpt lat="-39.3800104503" lon="-72.6279627811"><ele>111.62</ele><time>2024-09-12T02:30:39Z</time></trkpt><trkpt lat="-39.3800092768" lon="-72.6279455982"><ele>111.48</ele><time>2024-09-12T02:30:40Z</time></trkpt><trkpt lat="-39.3800109532" lon="-72.6279233024"><ele>111.41</ele><time>2024-09-12T02:30:41Z</time></trkpt><trkpt lat="-39.3800200894" lon="-72.6278974861"><ele>111.59</ele><time>2024-09-12T02:30:42Z</time></trkpt><trkpt lat="-39.3800392840" lon="-72.6278716698"><ele>111.61</ele><time>2024-09-12T02:30:43Z</time></trkpt><trkpt lat="-39.3800644297" lon="-72.6278509665"><ele>111.79</ele><time>2024-09-12T02:30:44Z</time></trkpt><trkpt lat="-39.3800997175" lon="-72.6278305147"><ele>112.09</ele><time>2024-09-12T02:30:45Z</time></trkpt><trkpt lat="-39.3801467400" lon="-72.6278096437"><ele>112.31</ele><time>2024-09-12T02:30:46Z</time></trkpt><trkpt lat="-39.3802013062" lon="-72.6277881861"><ele>112.71</ele><time>2024-09-12T02:30:47Z</time></trkpt><trkpt lat="-39.3808952440" lon="-72.6275068894"><ele>112.55</ele><time>2024-09-12T02:30:58Z</time></trkpt><trkpt lat="-39.3810405023" lon="-72.6274331287"><ele>111.73</ele><time>2024-09-12T02:31:02Z</time></trkpt><trkpt lat="-39.3810534105" lon="-72.6274033729"><ele>111.52</ele><time>2024-09-12T02:31:03Z</time></trkpt><trkpt lat="-39.3810587749" lon="-72.6273733657"><ele>111.48</ele><time>2024-09-12T02:31:04Z</time></trkpt><trkpt lat="-39.3810576014" lon="-72.6273410115"><ele>111.60</ele><time>2024-09-12T02:31:05Z</time></trkpt><trkpt lat="-39.3810511474" lon="-72.6273042988"><ele>111.76</ele><time>2024-09-12T02:31:06Z</time></trkpt><trkpt lat="-39.3810399994" lon="-72.6272618026"><ele>111.81</ele><time>2024-09-12T02:31:07Z</time></trkpt><trkpt lat="-39.3810246605" lon="-72.6272190548"><ele>112.00</ele><time>2024-09-12T02:31:08Z</time></trkpt><trkpt lat="-39.3810107466" lon="-72.6271797437"><ele>111.79</ele><time>2024-09-12T02:31:09Z</time></trkpt><trkpt lat="-39.3809841760" lon="-72.6269751415"><ele>111.81</ele><time>2024-09-12T02:31:16Z</time></trkpt><trkpt lat="-39.3810011074" lon="-72.6269575395"><ele>111.85</ele><time>2024-09-12T02:31:17Z</time></trkpt><trkpt lat="-39.3810270075" lon="-72.6269447990"><ele>112.01</ele><time>2024-09-12T02:31:18Z</time></trkpt><trkpt lat="-39.3810531590" lon="-72.6269352436"><ele>112.18</ele><time>2024-09-12T02:31:19Z</time></trkpt><trkpt lat="-39.3810743652" lon="-72.6269268617"><ele>111.94</ele><time>2024-09-12T02:31:20Z</time></trkpt><trkpt lat="-39.3812281732" lon="-72.6268572919"><ele>112.07</ele><time>2024-09-12T02:31:33Z</time></trkpt><trkpt lat="-39.3814367987" lon="-72.6267473213"><ele>112.30</ele><time>2024-09-12T02:31:47Z</time></trkpt><trkpt lat="-39.3815716635" lon="-72.6267059986"><ele>112.34</ele><time>2024-09-12T02:31:53Z</time></trkpt><trkpt lat="-39.3815889303" lon="-72.6267192420"><ele>112.27</ele><time>2024-09-12T02:31:54Z</time></trkpt><trkpt lat="-39.3816051073" lon="-72.6267453935"><ele>112.35</ele><time>2024-09-12T02:31:55Z</time></trkpt><trkpt lat="-39.3816208653" lon="-72.6267842017"><ele>112.33</ele><time>2024-09-12T02:31:56Z</time></trkpt><trkpt lat="-39.3816383835" lon="-72.6268345769"><ele>112.54</ele><time>2024-09-12T02:31:57Z</time></trkpt><trkpt lat="-39.3817128986" lon="-72.6271033846"><ele>112.23</ele><time>2024-09-12T02:32:04Z</time></trkpt><trkpt lat="-39.3816937879" lon="-72.6271288656"><ele>112.32</ele><time>2024-09-12T02:32:05Z</time></trkpt><trkpt lat="-39.3816666305" lon="-72.6271512453"><ele>112.32</ele><time>2024-09-12T02:32:06Z</time></trkpt><trkpt lat="-39.3816269003" lon="-72.6271703560"><ele>112.44</ele><time>2024-09-12T02:32:07Z</time></trkpt><trkpt lat="-39.3815790396" lon="-72.6271899696"><ele>112.54</ele><time>2024-09-12T02:32:08Z</time></trkpt><trkpt lat="-39.3810974993" lon="-72.6274000201"><ele>111.67</ele><time>2024-09-12T02:32:17Z</time></trkpt><trkpt lat="-39.3809962459" lon="-72.6274586935"><ele>111.91</ele><time>2024-09-12T02:32:19Z</time></trkpt><trkpt lat="-39.3809400033" lon="-72.6274819113"><ele>111.80</ele><time>2024-09-12T02:32:20Z</time></trkpt><trkpt lat="-39.3808810785" lon="-72.6275020279"><ele>111.86</ele><time>2024-09-12T02:32:21Z</time></trkpt><trkpt lat="-39.3804184813" lon="-72.6277018525"><ele>111.78</ele><time>2024-09-12T02:32:30Z</time></trkpt><trkpt lat="-39.3804027233" lon="-72.6277374756"><ele>111.67</ele><time>2024-09-12T02:32:31Z</time></trkpt><trkpt lat="-39.3803987838" lon="-72.6277753618"><ele>111.73</ele><time>2024-09-12T02:32:32Z</time></trkpt><trkpt lat="-39.3804030586" lon="-72.6278132480"><ele>111.55</ele><time>2024-09-12T02:32:33Z</time></trkpt><trkpt lat="-39.3804144580" lon="-72.6278553251"><ele>111.52</ele><time>2024-09-12T02:32:34Z</time></trkpt><trkpt lat="-39.3804310542" lon="-72.6279083826"><ele>111.76</ele><time>2024-09-12T02:32:35Z</time></trkpt><trkpt lat="-39.3806302082" lon="-72.6286236104"><ele>112.10</ele><time>2024-09-12T02:32:47Z</time></trkpt><trkpt lat="-39.3806789070" lon="-72.6287897397"><ele>111.48</ele><time>2024-09-12T02:32:55Z</time></trkpt><trkpt lat="-39.3806891330" lon="-72.6288275421"><ele>111.55</ele><time>2024-09-12T02:32:59Z</time></trkpt><trkpt lat="-39.3806975987" lon="-72.6288548671"><ele>111.63</ele><time>2024-09-12T02:33:00Z</time></trkpt><trkpt lat="-39.3807132728" lon="-72.6289013028"><ele>111.72</ele><time>2024-09-12T02:33:01Z</time></trkpt><trkpt lat="-39.3807306234" lon="-72.6289631613"><ele>111.86</ele><time>2024-09-12T02:33:02Z</time></trkpt><trkpt lat="-39.3807523325" lon="-72.6290374249"><ele>112.12</ele><time>2024-09-12T02:33:03Z</time></trkpt><trkpt lat="-39.3808921427" lon="-72.6295400877"><ele>111.17</ele><time>2024-09-12T02:33:12Z</time></trkpt><trkpt lat="-39.3810449447" lon="-72.6296010241"><ele>111.43</ele><time>2024-09-12T02:33:18Z</time></trkpt><trkpt lat="-39.3810646422" lon="-72.6296358090"><ele>111.48</ele><time>2024-09-12T02:33:19Z</time></trkpt><trkpt lat="-39.3810814898" lon="-72.6296793111"><ele>111.56</ele><time>2024-09-12T02:33:20Z</time></trkpt><trkpt lat="-39.3810996786" lon="-72.6297427621"><ele>111.81</ele><time>2024-09-12T02:33:21Z</time></trkpt><trkpt lat="-39.3811217230" lon="-72.6298228092"><ele>112.09</ele><time>2024-09-12T02:33:22Z</time></trkpt><trkpt lat="-39.3813334499" lon="-72.6306339260"><ele>111.31</ele><time>2024-09-12T02:33:33Z</time></trkpt><trkpt lat="-39.3813404068" lon="-72.6306575630"><ele>111.16</ele><time>2024-09-12T02:33:34Z</time></trkpt><trkpt lat="-39.3813508842" lon="-72.6306913421"><ele>111.07</ele><time>2024-09-12T02:33:35Z</time></trkpt><trkpt lat="-39.3814999983" lon="-72.6312952582"><ele>111.84</ele><time>2024-09-12T02:33:43Z</time></trkpt><trkpt lat="-39.3816228770" lon="-72.6318696700"><ele>110.78</ele><time>2024-09-12T02:33:52Z</time></trkpt><trkpt lat="-39.3815265689" lon="-72.6320424210"><ele>110.92</ele><time>2024-09-12T02:33:56Z</time></trkpt><trkpt lat="-39.3813447654" lon="-72.6322834846"><ele>110.87</ele><time>2024-09-12T02:34:01Z</time></trkpt><trkpt lat="-39.3813146744" lon="-72.6322808024"><ele>110.89</ele><time>2024-09-12T02:34:02Z</time></trkpt><trkpt lat="-39.3812919594" lon="-72.6322498731"><ele>110.78</ele><time>2024-09-12T02:34:03Z</time></trkpt><trkpt lat="-39.3812723458" lon="-72.6321972348"><ele>110.77</ele><time>2024-09-12T02:34:04Z</time></trkpt><trkpt lat="-39.3812523969" lon="-72.6321229711"><ele>110.83</ele><time>2024-09-12T02:34:05Z</time></trkpt><trkpt lat="-39.3810045440" lon="-72.6310960203"><ele>111.68</ele><time>2024-09-12T02:34:15Z</time></trkpt><trkpt lat="-39.3807051424" lon="-72.6298664790"><ele>111.71</ele><time>2024-09-12T02:34:28Z</time></trkpt><trkpt lat="-39.3806465529" lon="-72.6297635492"><ele>111.26</ele><time>2024-09-12T02:34:33Z</time></trkpt><trkpt lat="-39.3806084152" lon="-72.6297577657"><ele>111.44</ele><time>2024-09-12T02:34:34Z</time></trkpt><trkpt lat="-39.3805588782" lon="-72.6297586039"><ele>111.57</ele><time>2024-09-12T02:34:35Z</time></trkpt><trkpt lat="-39.3805023842" lon="-72.6297714282"><ele>111.79</ele><time>2024-09-12T02:34:36Z</time></trkpt><trkpt lat="-39.3804424535" lon="-72.6297924668"><ele>111.71</ele><time>2024-09-12T02:34:37Z</time></trkpt><trkpt lat="-39.3803803436" lon="-72.6298202109"><ele>111.60</ele><time>2024-09-12T02:34:38Z</time></trkpt><trkpt lat="-39.3803225923" lon="-72.6298503857"><ele>111.53</ele><time>2024-09-12T02:34:39Z</time></trkpt><trkpt lat="-39.3798856437" lon="-72.6300419960"><ele>111.37</ele><time>2024-09-12T02:34:47Z</time></trkpt><trkpt lat="-39.3798409682" lon="-72.6300564967"><ele>111.32</ele><time>2024-09-12T02:34:48Z</time></trkpt><trkpt lat="-39.3798014894" lon="-72.6300610229"><ele>111.14</ele><time>2024-09-12T02:34:49Z</time></trkpt><trkpt lat="-39.3797673751" lon="-72.6300481148"><ele>111.08</ele><time>2024-09-12T02:34:50Z</time></trkpt><trkpt lat="-39.3797403015" lon="-72.6300021820"><ele>110.99</ele><time>2024-09-12T02:34:51Z</time></trkpt><trkpt lat="-39.3797180895" lon="-72.6299379766"><ele>111.20</ele><time>2024-09-12T02:34:52Z</time></trkpt><trkpt lat="-39.3796967156" lon="-72.6298617013"><ele>111.44</ele><time>2024-09-12T02:34:53Z</time></trkpt><trkpt lat="-39.3796776049" lon="-72.6297724340"><ele>111.76</ele><time>2024-09-12T02:34:54Z</time></trkpt><trkpt lat="-39.3793324381" lon="-72.6284482609"><ele>111.98</ele><time>2024-09-12T02:35:08Z</time></trkpt><trkpt lat="-39.3793075439" lon="-72.6283088699"><ele>111.67</ele><time>2024-09-12T02:35:10Z</time></trkpt><trkpt lat="-39.3792318553" lon="-72.6281507872"><ele>111.59</ele><time>2024-09-12T02:35:16Z</time></trkpt><trkpt lat="-39.3789581861" lon="-72.6282867417"><ele>111.60</ele><time>2024-09-12T02:35:29Z</time></trkpt><trkpt lat="-39.3785225786" lon="-72.6285029948"><ele>112.09</ele><time>2024-09-12T02:35:44Z</time></trkpt><trkpt lat="-39.3780621607" lon="-72.6287106145"><ele>112.29</ele><time>2024-09-12T02:36:00Z</time></trkpt><trkpt lat="-39.3780552875" lon="-72.6287120394"><ele>112.38</ele><time>2024-09-12T02:36:01Z</time></trkpt><trkpt lat="-39.3780079298" lon="-72.6286744047"><ele>112.45</ele><time>2024-09-12T02:36:05Z</time></trkpt><trkpt lat="-39.3780034035" lon="-72.6286376081"><ele>112.50</ele><time>2024-09-12T02:36:06Z</time></trkpt><trkpt lat="-39.3780030683" lon="-72.6285911724"><ele>112.56</ele><time>2024-09-12T02:36:07Z</time></trkpt><trkpt lat="-39.3780039903" lon="-72.6285270508"><ele>112.69</ele><time>2024-09-12T02:36:08Z</time></trkpt><trkpt lat="-39.3779820297" lon="-72.6274617948"><ele>113.38</ele><time>2024-09-12T02:36:19Z</time></trkpt><trkpt lat="-39.3779951893" lon="-72.6260143239"><ele>113.74</ele><time>2024-09-12T02:36:32Z</time></trkpt><trkpt lat="-39.3780208379" lon="-72.6259082090"><ele>113.81</ele><time>2024-09-12T02:36:33Z</time></trkpt><trkpt lat="-39.3780547846" lon="-72.6258071233"><ele>114.01</ele><time>2024-09-12T02:36:34Z</time></trkpt><trkpt lat="-39.3780971970" lon="-72.6257105637"><ele>114.27</ele><time>2024-09-12T02:36:35Z</time></trkpt><trkpt lat="-39.3781420402" lon="-72.6256160159"><ele>114.38</ele><time>2024-09-12T02:36:36Z</time></trkpt><trkpt lat="-39.3789018597" lon="-72.6245464850"><ele>114.37</ele><time>2024-09-12T02:36:49Z</time></trkpt><trkpt lat="-39.3797216099" lon="-72.6234012656"><ele>113.96</ele><time>2024-09-12T02:37:03Z</time></trkpt><trkpt lat="-39.3807115126" lon="-72.6220003981"><ele>114.20</ele><time>2024-09-12T02:37:20Z</time></trkpt><trkpt lat="-39.3815606833" lon="-72.6208082400"><ele>116.68</ele><time>2024-09-12T02:37:35Z</time></trkpt><trkpt lat="-39.3823845405" lon="-72.6196973026"><ele>116.12</ele><time>2024-09-12T02:37:49Z</time></trkpt><trkpt lat="-39.3834447674" lon="-72.6182401925"><ele>116.90</ele><time>2024-09-12T02:38:07Z</time></trkpt><trkpt lat="-39.3844001368" lon="-72.6169136725"><ele>117.42</ele><time>2024-09-12T02:38:23Z</time></trkpt><trkpt lat="-39.3847909011" lon="-72.6164437830"><ele>116.39</ele><time>2024-09-12T02:38:32Z</time></trkpt><trkpt lat="-39.3848430365" lon="-72.6163699385"><ele>116.08</ele><time>2024-09-12T02:38:39Z</time></trkpt><trkpt lat="-39.3848426174" lon="-72.6163892169"><ele>116.13</ele><time>2024-09-12T02:38:40Z</time></trkpt><trkpt lat="-39.3848470598" lon="-72.6164044719"><ele>116.02</ele><time>2024-09-12T02:38:41Z</time></trkpt><trkpt lat="-39.3848210759" lon="-72.6164085791"><ele>116.22</ele><time>2024-09-12T02:38:47Z</time></trkpt><trkpt lat="-39.3848035578" lon="-72.6164125185"><ele>116.25</ele><time>2024-09-12T02:38:48Z</time></trkpt><trkpt lat="-39.3847790826" lon="-72.6164333057"><ele>116.42</ele><time>2024-09-12T02:38:49Z</time></trkpt><trkpt lat="-39.3847375084" lon="-72.6164760534"><ele>116.52</ele><time>2024-09-12T02:38:50Z</time></trkpt><trkpt lat="-39.3846892286" lon="-72.6165291108"><ele>116.70</ele><time>2024-09-12T02:38:51Z</time></trkpt><trkpt lat="-39.3840964604" lon="-72.6173075382"><ele>117.45</ele><time>2024-09-12T02:39:01Z</time></trkpt><trkpt lat="-39.3830510695" lon="-72.6187680848"><ele>117.08</ele><time>2024-09-12T02:39:18Z</time></trkpt><trkpt lat="-39.3819366116" lon="-72.6202270389"><ele>115.86</ele><time>2024-09-12T02:39:36Z</time></trkpt><trkpt lat="-39.3808659073" lon="-72.6216424070"><ele>114.75</ele><time>2024-09-12T02:39:53Z</time></trkpt><trkpt lat="-39.3799306545" lon="-72.6229570247"><ele>113.63</ele><time>2024-09-12T02:40:09Z</time></trkpt><trkpt lat="-39.3788981717" lon="-72.6244700421"><ele>113.16</ele><time>2024-09-12T02:40:26Z</time></trkpt><trkpt lat="-39.3780493364" lon="-72.6258342806"><ele>114.14</ele><time>2024-09-12T02:40:41Z</time></trkpt><trkpt lat="-39.3780143000" lon="-72.6259425748"><ele>114.32</ele><time>2024-09-12T02:40:42Z</time></trkpt><trkpt lat="-39.3779875617" lon="-72.6260559820"><ele>114.26</ele><time>2024-09-12T02:40:43Z</time></trkpt><trkpt lat="-39.3779696245" lon="-72.6261702273"><ele>114.15</ele><time>2024-09-12T02:40:44Z</time></trkpt><trkpt lat="-39.3779600691" lon="-72.6262847241"><ele>114.05</ele><time>2024-09-12T02:40:45Z</time></trkpt><trkpt lat="-39.3779528607" lon="-72.6263995562"><ele>114.02</ele><time>2024-09-12T02:40:46Z</time></trkpt><trkpt lat="-39.3779470772" lon="-72.6281491946"><ele>113.40</ele><time>2024-09-12T02:41:01Z</time></trkpt><trkpt lat="-39.3779664394" lon="-72.6297511440"><ele>112.56</ele><time>2024-09-12T02:41:15Z</time></trkpt><trkpt lat="-39.3779691216" lon="-72.6301735081"><ele>111.78</ele><time>2024-09-12T02:41:20Z</time></trkpt><trkpt lat="-39.3779747374" lon="-72.6302284095"><ele>111.54</ele><time>2024-09-12T02:41:21Z</time></trkpt><trkpt lat="-39.3780489173" lon="-72.6303367876"><ele>111.56</ele><time>2024-09-12T02:41:25Z</time></trkpt><trkpt lat="-39.3780905753" lon="-72.6303166710"><ele>111.56</ele><time>2024-09-12T02:41:26Z</time></trkpt><trkpt lat="-39.3781447224" lon="-72.6302859932"><ele>111.71</ele><time>2024-09-12T02:41:27Z</time></trkpt><trkpt lat="-39.3789741118" lon="-72.6298969891"><ele>111.98</ele><time>2024-09-12T02:41:38Z</time></trkpt><trkpt lat="-39.3795321789" lon="-72.6296596136"><ele>110.48</ele><time>2024-09-12T02:41:48Z</time></trkpt><trkpt lat="-39.3795828894" lon="-72.6296609547"><ele>110.36</ele><time>2024-09-12T02:41:50Z</time></trkpt><trkpt lat="-39.3796022516" lon="-72.6296890341"><ele>110.42</ele><time>2024-09-12T02:41:51Z</time></trkpt><trkpt lat="-39.3796204403" lon="-72.6297296863"><ele>110.50</ele><time>2024-09-12T02:41:52Z</time></trkpt><trkpt lat="-39.3797287345" lon="-72.6300484501"><ele>110.13</ele><time>2024-09-12T02:42:01Z</time></trkpt><trkpt lat="-39.3797392119" lon="-72.6300709974"><ele>110.11</ele><time>2024-09-12T02:42:06Z</time></trkpt><trkpt lat="-39.3797421455" lon="-72.6300942991"><ele>110.29</ele><time>2024-09-12T02:42:07Z</time></trkpt><trkpt lat="-39.3797510304" lon="-72.6301312633"><ele>110.43</ele><time>2024-09-12T02:42:08Z</time></trkpt><trkpt lat="-39.3797615916" lon="-72.6301819738"><ele>110.35</ele><time>2024-09-12T02:42:09Z</time></trkpt><trkpt lat="-39.3797762599" lon="-72.6302442513"><ele>110.58</ele><time>2024-09-12T02:42:10Z</time></trkpt><trkpt lat="-39.3798512779" lon="-72.6306620054"><ele>110.64</ele><time>2024-09-12T02:42:17Z</time></trkpt><trkpt lat="-39.3798376992" lon="-72.6306974608"><ele>110.57</ele><time>2024-09-12T02:42:18Z</time></trkpt><trkpt lat="-39.3798075244" lon="-72.6307244506"><ele>110.59</ele><time>2024-09-12T02:42:19Z</time></trkpt><trkpt lat="-39.3797629327" lon="-72.6307496801"><ele>110.62</ele><time>2024-09-12T02:42:20Z</time></trkpt><trkpt lat="-39.3797091208" lon="-72.6307723112"><ele>110.78</ele><time>2024-09-12T02:42:21Z</time></trkpt><trkpt lat="-39.3796468433" lon="-72.6307964511"><ele>111.29</ele><time>2024-09-12T02:42:22Z</time></trkpt><trkpt lat="-39.3787415978" lon="-72.6311746426"><ele>111.19</ele><time>2024-09-12T02:42:35Z</time></trkpt><trkpt lat="-39.3783419486" lon="-72.6313755568"><ele>110.95</ele><time>2024-09-12T02:42:45Z</time></trkpt><trkpt lat="-39.3781603966" lon="-72.6315027941"><ele>111.24</ele><time>2024-09-12T02:42:53Z</time></trkpt><trkpt lat="-39.3781616539" lon="-72.6315589529"><ele>111.37</ele><time>2024-09-12T02:42:54Z</time></trkpt><trkpt lat="-39.3781729694" lon="-72.6316246670"><ele>111.60</ele><time>2024-09-12T02:42:55Z</time></trkpt><trkpt lat="-39.3781912420" lon="-72.6316959132"><ele>111.61</ele><time>2024-09-12T02:42:56Z</time></trkpt><trkpt lat="-39.3782104366" lon="-72.6317619625"><ele>111.68</ele><time>2024-09-12T02:42:57Z</time></trkpt><trkpt lat="-39.3782555312" lon="-72.6318723522"><ele>111.47</ele><time>2024-09-12T02:42:59Z</time></trkpt><trkpt lat="-39.3782841135" lon="-72.6319166925"><ele>111.33</ele><time>2024-09-12T02:43:00Z</time></trkpt><trkpt lat="-39.3783175573" lon="-72.6319456100"><ele>111.16</ele><time>2024-09-12T02:43:01Z</time></trkpt><trkpt lat="-39.3783681002" lon="-72.6319432631"><ele>111.20</ele><time>2024-09-12T02:43:02Z</time></trkpt><trkpt lat="-39.3784295395" lon="-72.6319190394"><ele>111.40</ele><time>2024-09-12T02:43:03Z</time></trkpt><trkpt lat="-39.3784951698" lon="-72.6318881102"><ele>111.25</ele><time>2024-09-12T02:43:04Z</time></trkpt><trkpt lat="-39.3795232940" lon="-72.6314306259"><ele>111.05</ele><time>2024-09-12T02:43:18Z</time></trkpt><trkpt lat="-39.3800148927" lon="-72.6312991977"><ele>110.65</ele><time>2024-09-12T02:43:28Z</time></trkpt><trkpt lat="-39.3800375238" lon="-72.6313411910"><ele>110.81</ele><time>2024-09-12T02:43:29Z</time></trkpt><trkpt lat="-39.3800595682" lon="-72.6314007863"><ele>110.88</ele><time>2024-09-12T02:43:30Z</time></trkpt><trkpt lat="-39.3801006395" lon="-72.6317424327"><ele>110.53</ele><time>2024-09-12T02:43:36Z</time></trkpt><trkpt lat="-39.3800687883" lon="-72.6317730267"><ele>110.50</ele><time>2024-09-12T02:43:37Z</time></trkpt><trkpt lat="-39.3800153956" lon="-72.6318022795"><ele>110.55</ele><time>2024-09-12T02:43:38Z</time></trkpt><trkpt lat="-39.3792000879" lon="-72.6321368851"><ele>110.61</ele><time>2024-09-12T02:43:50Z</time></trkpt><trkpt lat="-39.3785150349" lon="-72.6323995739"><ele>110.75</ele><time>2024-09-12T02:44:02Z</time></trkpt><trkpt lat="-39.3784257676" lon="-72.6323721651"><ele>110.79</ele><time>2024-09-12T02:44:06Z</time></trkpt><trkpt lat="-39.3784076627" lon="-72.6323390566"><ele>110.89</ele><time>2024-09-12T02:44:07Z</time></trkpt><trkpt lat="-39.3783893902" lon="-72.6322924532"><ele>110.97</ele><time>2024-09-12T02:44:08Z</time></trkpt><trkpt lat="-39.3781929184" lon="-72.6316530816"><ele>111.86</ele><time>2024-09-12T02:44:15Z</time></trkpt><trkpt lat="-39.3779804371" lon="-72.6309869718"><ele>111.59</ele><time>2024-09-12T02:44:25Z</time></trkpt><trkpt lat="-39.3779375218" lon="-72.6309775840"><ele>111.69</ele><time>2024-09-12T02:44:26Z</time></trkpt><trkpt lat="-39.3778896611" lon="-72.6309961919"><ele>112.00</ele><time>2024-09-12T02:44:27Z</time></trkpt><trkpt lat="-39.3778327480" lon="-72.6310383528"><ele>112.16</ele><time>2024-09-12T02:44:28Z</time></trkpt><trkpt lat="-39.3777674530" lon="-72.6310927514"><ele>112.30</ele><time>2024-09-12T02:44:29Z</time></trkpt><trkpt lat="-39.3769415841" lon="-72.6318958215"><ele>112.33</ele><time>2024-09-12T02:44:41Z</time></trkpt><trkpt lat="-39.3766561802" lon="-72.6322036050"><ele>111.21</ele><time>2024-09-12T02:44:47Z</time></trkpt><trkpt lat="-39.3766384106" lon="-72.6322455984"><ele>111.16</ele><time>2024-09-12T02:44:48Z</time></trkpt><trkpt lat="-39.3766322918" lon="-72.6322834846"><ele>110.96</ele><time>2024-09-12T02:44:49Z</time></trkpt><trkpt lat="-39.3766344711" lon="-72.6323187724"><ele>110.88</ele><time>2024-09-12T02:44:50Z</time></trkpt><trkpt lat="-39.3766454514" lon="-72.6323611848"><ele>110.93</ele><time>2024-09-12T02:44:51Z</time></trkpt><trkpt lat="-39.3766665738" lon="-72.6324087102"><ele>110.76</ele><time>2024-09-12T02:44:52Z</time></trkpt><trkpt lat="-39.3766949885" lon="-72.6324665453"><ele>110.55</ele><time>2024-09-12T02:44:53Z</time></trkpt><trkpt lat="-39.3771479465" lon="-72.6332696155"><ele>108.81</ele><time>2024-09-12T02:45:05Z</time></trkpt><trkpt lat="-39.3772344477" lon="-72.6334402710"><ele>108.49</ele><time>2024-09-12T02:45:08Z</time></trkpt><trkpt lat="-39.3772442546" lon="-72.6334836893"><ele>108.22</ele><time>2024-09-12T02:45:09Z</time></trkpt><trkpt lat="-39.3772407342" lon="-72.6335228328"><ele>108.21</ele><time>2024-09-12T02:45:10Z</time></trkpt><trkpt lat="-39.3772183545" lon="-72.6335624792"><ele>108.21</ele><time>2024-09-12T02:45:11Z</time></trkpt><trkpt lat="-39.3771821447" lon="-72.6336074900"><ele>108.35</ele><time>2024-09-12T02:45:12Z</time></trkpt><trkpt lat="-39.3771368824" lon="-72.6336566918"><ele>108.45</ele><time>2024-09-12T02:45:13Z</time></trkpt><trkpt lat="-39.3770844117" lon="-72.6337062288"><ele>108.39</ele><time>2024-09-12T02:45:14Z</time></trkpt><trkpt lat="-39.3767800648" lon="-72.6339577697"><ele>107.76</ele><time>2024-09-12T02:45:23Z</time></trkpt><trkpt lat="-39.3767856807" lon="-72.6339392457"><ele>107.66</ele><time>2024-09-12T02:45:48Z</time></trkpt><trkpt lat="-39.3767656479" lon="-72.6339741144"><ele>107.71</ele><time>2024-09-12T02:46:10Z</time></trkpt><trkpt lat="-39.3766889535" lon="-72.6340562571"><ele>107.84</ele><time>2024-09-12T02:46:13Z</time></trkpt><trkpt lat="-39.3762232549" lon="-72.6345277391"><ele>108.44</ele><time>2024-09-12T02:46:23Z</time></trkpt><trkpt lat="-39.3754801154" lon="-72.6352681965"><ele>108.17</ele><time>2024-09-12T02:46:36Z</time></trkpt><trkpt lat="-39.3748264946" lon="-72.6359094959"><ele>110.14</ele><time>2024-09-12T02:46:48Z</time></trkpt><trkpt lat="-39.3745787255" lon="-72.6361471228"><ele>110.97</ele><time>2024-09-12T02:46:56Z</time></trkpt><trkpt lat="-39.3739525974" lon="-72.6367419027"><ele>110.53</ele><time>2024-09-12T02:47:08Z</time></trkpt><trkpt lat="-39.3734625075" lon="-72.6371822041"><ele>111.75</ele><time>2024-09-12T02:47:17Z</time></trkpt><trkpt lat="-39.3730290793" lon="-72.6375502534"><ele>109.94</ele><time>2024-09-12T02:47:26Z</time></trkpt><trkpt lat="-39.3727216311" lon="-72.6378675923"><ele>111.21</ele><time>2024-09-12T02:47:34Z</time></trkpt><trkpt lat="-39.3720937427" lon="-72.6384593546"><ele>112.05</ele><time>2024-09-12T02:47:46Z</time></trkpt><trkpt lat="-39.3720122706" lon="-72.6385720074"><ele>112.35</ele><time>2024-09-12T02:47:50Z</time></trkpt><trkpt lat="-39.3720014580" lon="-72.6386264060"><ele>112.33</ele><time>2024-09-12T02:47:51Z</time></trkpt><trkpt lat="-39.3720121868" lon="-72.6386800501"><ele>112.36</ele><time>2024-09-12T02:47:52Z</time></trkpt><trkpt lat="-39.3720380869" lon="-72.6387393940"><ele>112.32</ele><time>2024-09-12T02:47:53Z</time></trkpt><trkpt lat="-39.3720749673" lon="-72.6388033479"><ele>112.40</ele><time>2024-09-12T02:47:54Z</time></trkpt><trkpt lat="-39.3721200619" lon="-72.6388784498"><ele>112.50</ele><time>2024-09-12T02:47:55Z</time></trkpt><trkpt lat="-39.3725907058" lon="-72.6396699529"><ele>112.43</ele><time>2024-09-12T02:48:05Z</time></trkpt><trkpt lat="-39.3731250521" lon="-72.6405354682"><ele>111.61</ele><time>2024-09-12T02:48:15Z</time></trkpt><trkpt lat="-39.3733077776" lon="-72.6407566667"><ele>110.64</ele><time>2024-09-12T02:48:22Z</time></trkpt><trkpt lat="-39.3733492680" lon="-72.6407506317"><ele>110.61</ele><time>2024-09-12T02:48:23Z</time></trkpt><trkpt lat="-39.3733998109" lon="-72.6407259889"><ele>110.77</ele><time>2024-09-12T02:48:24Z</time></trkpt><trkpt lat="-39.3734540418" lon="-72.6406810619"><ele>110.76</ele><time>2024-09-12T02:48:25Z</time></trkpt><trkpt lat="-39.3741994444" lon="-72.6399817597"><ele>110.44</ele><time>2024-09-12T02:48:36Z</time></trkpt><trkpt lat="-39.3753476813" lon="-72.6389189344"><ele>110.68</ele><time>2024-09-12T02:48:52Z</time></trkpt><trkpt lat="-39.3760344107" lon="-72.6382808201"><ele>109.60</ele><time>2024-09-12T02:49:03Z</time></trkpt><trkpt lat="-39.3760577124" lon="-72.6382321212"><ele>109.63</ele><time>2024-09-12T02:49:04Z</time></trkpt><trkpt lat="-39.3760625739" lon="-72.6381730288"><ele>109.78</ele><time>2024-09-12T02:49:05Z</time></trkpt><trkpt lat="-39.3760428764" lon="-72.6381074823"><ele>109.77</ele><time>2024-09-12T02:49:06Z</time></trkpt><trkpt lat="-39.3760150485" lon="-72.6380422711"><ele>109.85</ele><time>2024-09-12T02:49:07Z</time></trkpt><trkpt lat="-39.3759750668" lon="-72.6379768923"><ele>109.84</ele><time>2024-09-12T02:49:08Z</time></trkpt><trkpt lat="-39.3759292178" lon="-72.6379042212"><ele>110.07</ele><time>2024-09-12T02:49:09Z</time></trkpt><trkpt lat="-39.3752162531" lon="-72.6367222890"><ele>111.05</ele><time>2024-09-12T02:49:23Z</time></trkpt><trkpt lat="-39.3743430264" lon="-72.6353010535"><ele>111.29</ele><time>2024-09-12T02:49:39Z</time></trkpt><trkpt lat="-39.3741021305" lon="-72.6348917652"><ele>110.45</ele><time>2024-09-12T02:49:47Z</time></trkpt><trkpt lat="-39.3740389310" lon="-72.6347910147"><ele>110.79</ele><time>2024-09-12T02:49:50Z</time></trkpt><trkpt lat="-39.3736702111" lon="-72.6341534033"><ele>111.80</ele><time>2024-09-12T02:49:58Z</time></trkpt><trkpt lat="-39.3728336133" lon="-72.6327396277"><ele>112.43</ele><time>2024-09-12T02:50:13Z</time></trkpt><trkpt lat="-39.3721592892" lon="-72.6315317117"><ele>112.57</ele><time>2024-09-12T02:50:26Z</time></trkpt><trkpt lat="-39.3720535934" lon="-72.6313463878"><ele>112.32</ele><time>2024-09-12T02:50:29Z</time></trkpt><trkpt lat="-39.3720204849" lon="-72.6313140336"><ele>112.18</ele><time>2024-09-12T02:50:30Z</time></trkpt><trkpt lat="-39.3719837721" lon="-72.6312988624"><ele>112.23</ele><time>2024-09-12T02:50:31Z</time></trkpt><trkpt lat="-39.3719449639" lon="-72.6313123573"><ele>112.38</ele><time>2024-09-12T02:50:32Z</time></trkpt><trkpt lat="-39.3719030544" lon="-72.6313530095"><ele>112.74</ele><time>2024-09-12T02:50:33Z</time></trkpt><trkpt lat="-39.3718602229" lon="-72.6314027980"><ele>112.98</ele><time>2024-09-12T02:50:34Z</time></trkpt><trkpt lat="-39.3712972105" lon="-72.6319880225"><ele>115.18</ele><time>2024-09-12T02:50:44Z</time></trkpt><trkpt lat="-39.3708562385" lon="-72.6324181817"><ele>116.68</ele><time>2024-09-12T02:50:53Z</time></trkpt><trkpt lat="-39.3703556713" lon="-72.6329053380"><ele>115.15</ele><time>2024-09-12T02:51:03Z</time></trkpt><trkpt lat="-39.3700963352" lon="-72.6331532747"><ele>116.00</ele><time>2024-09-12T02:51:10Z</time></trkpt><trkpt lat="-39.3694256991" lon="-72.6337646507"><ele>114.33</ele><time>2024-09-12T02:51:21Z</time></trkpt><trkpt lat="-39.3692668620" lon="-72.6338193007"><ele>113.72</ele><time>2024-09-12T02:51:28Z</time></trkpt><trkpt lat="-39.3692267966" lon="-72.6337756310"><ele>113.84</ele><time>2024-09-12T02:51:29Z</time></trkpt><trkpt lat="-39.3691859767" lon="-72.6337139402"><ele>113.97</ele><time>2024-09-12T02:51:30Z</time></trkpt><trkpt lat="-39.3689801171" lon="-72.6333626546"><ele>114.57</ele><time>2024-09-12T02:51:35Z</time></trkpt><trkpt lat="-39.3687688932" lon="-72.6330251154"><ele>114.36</ele><time>2024-09-12T02:51:44Z</time></trkpt><trkpt lat="-39.3687349465" lon="-72.6329944376"><ele>114.23</ele><time>2024-09-12T02:51:52Z</time></trkpt><trkpt lat="-39.3687169254" lon="-72.6329678670"><ele>114.41</ele><time>2024-09-12T02:51:53Z</time></trkpt><trkpt lat="-39.3686618563" lon="-72.6328945253"><ele>114.72</ele><time>2024-09-12T02:51:55Z</time></trkpt><trkpt lat="-39.3686218746" lon="-72.6328745764"><ele>114.88</ele><time>2024-09-12T02:51:56Z</time></trkpt><trkpt lat="-39.3685770314" lon="-72.6328770909"><ele>115.04</ele><time>2024-09-12T02:51:57Z</time></trkpt><trkpt lat="-39.3685303442" lon="-72.6328956150"><ele>115.23</ele><time>2024-09-12T02:51:58Z</time></trkpt><trkpt lat="-39.3684822321" lon="-72.6329261251"><ele>115.24</ele><time>2024-09-12T02:51:59Z</time></trkpt><trkpt lat="-39.3684287556" lon="-72.6329707168"><ele>115.48</ele><time>2024-09-12T02:52:00Z</time></trkpt><trkpt lat="-39.3683699984" lon="-72.6330249477"><ele>115.71</ele><time>2024-09-12T02:52:01Z</time></trkpt><trkpt lat="-39.3678922299" lon="-72.6334856171"><ele>115.31</ele><time>2024-09-12T02:52:11Z</time></trkpt><trkpt lat="-39.3675673474" lon="-72.6337998547"><ele>115.53</ele><time>2024-09-12T02:52:19Z</time></trkpt><trkpt lat="-39.3674215022" lon="-72.6339458674"><ele>114.86</ele><time>2024-09-12T02:52:22Z</time></trkpt><trkpt lat="-39.3673966080" lon="-72.6339986734"><ele>114.67</ele><time>2024-09-12T02:52:23Z</time></trkpt><trkpt lat="-39.3673873041" lon="-72.6340599451"><ele>114.69</ele><time>2024-09-12T02:52:24Z</time></trkpt><trkpt lat="-39.3674013019" lon="-72.6341257431"><ele>114.59</ele><time>2024-09-12T02:52:25Z</time></trkpt><trkpt lat="-39.3674322311" lon="-72.6341927145"><ele>114.63</ele><time>2024-09-12T02:52:26Z</time></trkpt><trkpt lat="-39.3674710393" lon="-72.6342699118"><ele>114.68</ele><time>2024-09-12T02:52:27Z</time></trkpt><trkpt lat="-39.3675199896" lon="-72.6343543176"><ele>114.90</ele><time>2024-09-12T02:52:28Z</time></trkpt><trkpt lat="-39.3675738014" lon="-72.6344414894"><ele>115.07</ele><time>2024-09-12T02:52:29Z</time></trkpt><trkpt lat="-39.3681854289" lon="-72.6354261115"><ele>114.41</ele><time>2024-09-12T02:52:41Z</time></trkpt><trkpt lat="-39.3687803764" lon="-72.6364282519"><ele>114.46</ele><time>2024-09-12T02:52:52Z</time></trkpt><trkpt lat="-39.3693055026" lon="-72.6373418793"><ele>113.83</ele><time>2024-09-12T02:53:03Z</time></trkpt><trkpt lat="-39.3693264574" lon="-72.6373974513"><ele>113.68</ele><time>2024-09-12T02:53:04Z</time></trkpt><trkpt lat="-39.3693273794" lon="-72.6374443062"><ele>113.72</ele><time>2024-09-12T02:53:05Z</time></trkpt><trkpt lat="-39.3693052512" lon="-72.6374828629"><ele>113.73</ele><time>2024-09-12T02:53:06Z</time></trkpt><trkpt lat="-39.3692670297" lon="-72.6375204977"><ele>113.71</ele><time>2024-09-12T02:53:07Z</time></trkpt><trkpt lat="-39.3692156486" lon="-72.6375624072"><ele>113.90</ele><time>2024-09-12T02:53:08Z</time></trkpt><trkpt lat="-39.3691537064" lon="-72.6376125310"><ele>114.15</ele><time>2024-09-12T02:53:09Z</time></trkpt><trkpt lat="-39.3683549948" lon="-72.6383393258"><ele>113.55</ele><time>2024-09-12T02:53:20Z</time></trkpt><trkpt lat="-39.3676548544" lon="-72.6389741711"><ele>112.68</ele><time>2024-09-12T02:53:32Z</time></trkpt><trkpt lat="-39.3676215783" lon="-72.6389788650"><ele>112.56</ele><time>2024-09-12T02:53:33Z</time></trkpt><trkpt lat="-39.3675812613" lon="-72.6389702316"><ele>112.61</ele><time>2024-09-12T02:53:34Z</time></trkpt><trkpt lat="-39.3675404415" lon="-72.6389403921"><ele>112.69</ele><time>2024-09-12T02:53:35Z</time></trkpt><trkpt lat="-39.3675015494" lon="-72.6388916094"><ele>112.94</ele><time>2024-09-12T02:53:36Z</time></trkpt><trkpt lat="-39.3674639147" lon="-72.6388289966"><ele>113.03</ele><time>2024-09-12T02:53:37Z</time></trkpt><trkpt lat="-39.3674222566" lon="-72.6387570798"><ele>113.04</ele><time>2024-09-12T02:53:38Z</time></trkpt><trkpt lat="-39.3669903371" lon="-72.6379887108"><ele>112.82</ele><time>2024-09-12T02:53:49Z</time></trkpt><trkpt lat="-39.3668651953" lon="-72.6379396766"><ele>112.99</ele><time>2024-09-12T02:53:53Z</time></trkpt><trkpt lat="-39.3668120541" lon="-72.6379774790"><ele>113.26</ele><time>2024-09-12T02:53:54Z</time></trkpt><trkpt lat="-39.3667584937" lon="-72.6380272675"><ele>113.23</ele><time>2024-09-12T02:53:55Z</time></trkpt><trkpt lat="-39.3659977522" lon="-72.6387434173"><ele>112.85</ele><time>2024-09-12T02:54:06Z</time></trkpt><trkpt lat="-39.3650360126" lon="-72.6392901689"><ele>112.99</ele><time>2024-09-12T02:54:19Z</time></trkpt><trkpt lat="-39.3643522169" lon="-72.6395117864"><ele>112.07</ele><time>2024-09-12T02:54:31Z</time></trkpt><trkpt lat="-39.3643036019" lon="-72.6395282988"><ele>112.10</ele><time>2024-09-12T02:54:34Z</time></trkpt><trkpt lat="-39.3642903585" lon="-72.6395570487"><ele>112.06</ele><time>2024-09-12T02:54:35Z</time></trkpt><trkpt lat="-39.3642880116" lon="-72.6395931747"><ele>112.17</ele><time>2024-09-12T02:54:36Z</time></trkpt><trkpt lat="-39.3642884307" lon="-72.6396230143"><ele>111.96</ele><time>2024-09-12T02:54:37Z</time></trkpt><trkpt lat="-39.3642782886" lon="-72.6396184042"><ele>111.86</ele><time>2024-09-12T02:54:40Z</time></trkpt><trkpt lat="-39.3642699905" lon="-72.6396018080"><ele>111.86</ele><time>2024-09-12T02:54:41Z</time></trkpt><trkpt lat="-39.3642589264" lon="-72.6395893190"><ele>111.77</ele><time>2024-09-12T02:54:42Z</time></trkpt><trkpt lat="-39.3643522169" lon="-72.6395536959"><ele>112.15</ele><time>2024-09-12T02:54:48Z</time></trkpt><trkpt lat="-39.3649314903" lon="-72.6393162366"><ele>112.82</ele><time>2024-09-12T02:54:56Z</time></trkpt><trkpt lat="-39.3660075590" lon="-72.6387831476"><ele>113.06</ele><time>2024-09-12T02:55:09Z</time></trkpt><trkpt lat="-39.3667719048" lon="-72.6380861923"><ele>112.60</ele><time>2024-09-12T02:55:19Z</time></trkpt><trkpt lat="-39.3675561156" lon="-72.6373629179"><ele>113.16</ele><time>2024-09-12T02:55:31Z</time></trkpt><trkpt lat="-39.3678220734" lon="-72.6371139754"><ele>112.89</ele><time>2024-09-12T02:55:36Z</time></trkpt><trkpt lat="-39.3678458780" lon="-72.6370594930"><ele>112.82</ele><time>2024-09-12T02:55:37Z</time></trkpt><trkpt lat="-39.3678515777" lon="-72.6369992271"><ele>112.62</ele><time>2024-09-12T02:55:38Z</time></trkpt><trkpt lat="-39.3678344786" lon="-72.6369352732"><ele>112.61</ele><time>2024-09-12T02:55:39Z</time></trkpt><trkpt lat="-39.3677971791" lon="-72.6368745882"><ele>112.73</ele><time>2024-09-12T02:55:40Z</time></trkpt><trkpt lat="-39.3677527551" lon="-72.6368124783"><ele>112.72</ele><time>2024-09-12T02:55:41Z</time></trkpt><trkpt lat="-39.3677076604" lon="-72.6367429085"><ele>112.80</ele><time>2024-09-12T02:55:42Z</time></trkpt><trkpt lat="-39.3672768306" lon="-72.6359874476"><ele>112.60</ele><time>2024-09-12T02:55:53Z</time></trkpt><trkpt lat="-39.3670424726" lon="-72.6356297918"><ele>113.25</ele><time>2024-09-12T02:56:00Z</time></trkpt><trkpt lat="-39.3666039314" lon="-72.6348812040"><ele>113.04</ele><time>2024-09-12T02:56:11Z</time></trkpt><trkpt lat="-39.3664241396" lon="-72.6345635299"><ele>113.47</ele><time>2024-09-12T02:56:19Z</time></trkpt><trkpt lat="-39.3659064732" lon="-72.6336880401"><ele>112.74</ele><time>2024-09-12T02:56:31Z</time></trkpt><trkpt lat="-39.3655212410" lon="-72.6330632530"><ele>113.82</ele><time>2024-09-12T02:56:39Z</time></trkpt><trkpt lat="-39.3650587276" lon="-72.6323170960"><ele>113.71</ele><time>2024-09-12T02:56:50Z</time></trkpt><trkpt lat="-39.3646352738" lon="-72.6315328851"><ele>113.35</ele><time>2024-09-12T02:57:01Z</time></trkpt><trkpt lat="-39.3644807953" lon="-72.6312785782"><ele>113.89</ele><time>2024-09-12T02:57:08Z</time></trkpt><trkpt lat="-39.3639244046" lon="-72.6303172577"><ele>113.76</ele><time>2024-09-12T02:57:21Z</time></trkpt><trkpt lat="-39.3634929042" lon="-72.6295725256"><ele>114.19</ele><time>2024-09-12T02:57:30Z</time></trkpt><trkpt lat="-39.3632895593" lon="-72.6292728726"><ele>112.99</ele><time>2024-09-12T02:57:38Z</time></trkpt><trkpt lat="-39.3632527627" lon="-72.6292781532"><ele>113.06</ele><time>2024-09-12T02:57:39Z</time></trkpt><trkpt lat="-39.3632082548" lon="-72.6293037180"><ele>113.15</ele><time>2024-09-12T02:57:40Z</time></trkpt><trkpt lat="-39.3631619029" lon="-72.6293405145"><ele>113.20</ele><time>2024-09-12T02:57:41Z</time></trkpt><trkpt lat="-39.3627029937" lon="-72.6297844201"><ele>112.94</ele><time>2024-09-12T02:57:49Z</time></trkpt><trkpt lat="-39.3624622654" lon="-72.6300362963"><ele>112.68</ele><time>2024-09-12T02:57:54Z</time></trkpt><trkpt lat="-39.3624404725" lon="-72.6300865039"><ele>112.56</ele><time>2024-09-12T02:57:55Z</time></trkpt><trkpt lat="-39.3624376226" lon="-72.6301440038"><ele>112.46</ele><time>2024-09-12T02:57:56Z</time></trkpt><trkpt lat="-39.3624596670" lon="-72.6302083768"><ele>112.55</ele><time>2024-09-12T02:57:57Z</time></trkpt><trkpt lat="-39.3624954578" lon="-72.6302738395"><ele>112.91</ele><time>2024-09-12T02:57:58Z</time></trkpt><trkpt lat="-39.3625444919" lon="-72.6303457562"><ele>112.90</ele><time>2024-09-12T02:57:59Z</time></trkpt><trkpt lat="-39.3625950348" lon="-72.6304235402"><ele>113.25</ele><time>2024-09-12T02:58:00Z</time></trkpt><trkpt lat="-39.3630642537" lon="-72.6311986148"><ele>112.27</ele><time>2024-09-12T02:58:11Z</time></trkpt><trkpt lat="-39.3634429481" lon="-72.6318736095"><ele>113.15</ele><time>2024-09-12T02:58:19Z</time></trkpt><trkpt lat="-39.3636862747" lon="-72.6323082950"><ele>111.97</ele><time>2024-09-12T02:58:27Z</time></trkpt><trkpt lat="-39.3639802281" lon="-72.6328055933"><ele>112.96</ele><time>2024-09-12T02:58:35Z</time></trkpt><trkpt lat="-39.3643464334" lon="-72.6334364992"><ele>111.85</ele><time>2024-09-12T02:58:45Z</time></trkpt><trkpt lat="-39.3645924423" lon="-72.6338734478"><ele>112.90</ele><time>2024-09-12T02:58:52Z</time></trkpt><trkpt lat="-39.3651407026" lon="-72.6348521188"><ele>112.60</ele><time>2024-09-12T02:59:04Z</time></trkpt><trkpt lat="-39.3655775674" lon="-72.6356239244"><ele>112.25</ele><time>2024-09-12T02:59:15Z</time></trkpt><trkpt lat="-39.3655778188" lon="-72.6357351523"><ele>112.42</ele><time>2024-09-12T02:59:18Z</time></trkpt><trkpt lat="-39.3655495718" lon="-72.6357727870"><ele>112.49</ele><time>2024-09-12T02:59:19Z</time></trkpt><trkpt lat="-39.3655020464" lon="-72.6358122658"><ele>112.60</ele><time>2024-09-12T02:59:20Z</time></trkpt><trkpt lat="-39.3648744095" lon="-72.6363782119"><ele>112.64</ele><time>2024-09-12T02:59:30Z</time></trkpt><trkpt lat="-39.3647836335" lon="-72.6364518050"><ele>112.32</ele><time>2024-09-12T02:59:32Z</time></trkpt><trkpt lat="-39.3647494353" lon="-72.6364602707"><ele>112.11</ele><time>2024-09-12T02:59:33Z</time></trkpt><trkpt lat="-39.3647119682" lon="-72.6364476979"><ele>112.15</ele><time>2024-09-12T02:59:34Z</time></trkpt><trkpt lat="-39.3646670412" lon="-72.6364124101"><ele>112.37</ele><time>2024-09-12T02:59:35Z</time></trkpt><trkpt lat="-39.3646280654" lon="-72.6363591850"><ele>112.30</ele><time>2024-09-12T02:59:36Z</time></trkpt><trkpt lat="-39.3645851500" lon="-72.6362873521"><ele>112.53</ele><time>2024-09-12T02:59:37Z</time></trkpt><trkpt lat="-39.3645400554" lon="-72.6362070534"><ele>112.55</ele><time>2024-09-12T02:59:38Z</time></trkpt><trkpt lat="-39.3640296813" lon="-72.6352465712"><ele>112.12</ele><time>2024-09-12T02:59:50Z</time></trkpt><trkpt lat="-39.3635648210" lon="-72.6343806367"><ele>112.03</ele><time>2024-09-12T03:00:01Z</time></trkpt><trkpt lat="-39.3633653317" lon="-72.6341188699"><ele>112.33</ele><time>2024-09-12T03:00:08Z</time></trkpt><trkpt lat="-39.3629197497" lon="-72.6333766524"><ele>111.81</ele><time>2024-09-12T03:00:17Z</time></trkpt><trkpt lat="-39.3628030736" lon="-72.6331187412"><ele>111.19</ele><time>2024-09-12T03:00:24Z</time></trkpt><trkpt lat="-39.3624866568" lon="-72.6325419825"><ele>112.42</ele><time>2024-09-12T03:00:31Z</time></trkpt><trkpt lat="-39.3621478602" lon="-72.6319279242"><ele>111.91</ele><time>2024-09-12T03:00:40Z</time></trkpt><trkpt lat="-39.3617076427" lon="-72.6311751455"><ele>112.21</ele><time>2024-09-12T03:00:49Z</time></trkpt><trkpt lat="-39.3615316227" lon="-72.6309167314"><ele>111.33</ele><time>2024-09-12T03:00:56Z</time></trkpt><trkpt lat="-39.3614481390" lon="-72.6309391949"><ele>111.45</ele><time>2024-09-12T03:00:58Z</time></trkpt><trkpt lat="-39.3614010327" lon="-72.6309760753"><ele>111.69</ele><time>2024-09-12T03:00:59Z</time></trkpt><trkpt lat="-39.3613442872" lon="-72.6310266182"><ele>111.97</ele><time>2024-09-12T03:01:00Z</time></trkpt><trkpt lat="-39.3607164826" lon="-72.6316866092"><ele>111.58</ele><time>2024-09-12T03:01:11Z</time></trkpt><trkpt lat="-39.3606918398" lon="-72.6317401696"><ele>111.43</ele><time>2024-09-12T03:01:12Z</time></trkpt><trkpt lat="-39.3606931809" lon="-72.6318016928"><ele>111.44</ele><time>2024-09-12T03:01:13Z</time></trkpt><trkpt lat="-39.3607154768" lon="-72.6318669878"><ele>111.42</ele><time>2024-09-12T03:01:14Z</time></trkpt><trkpt lat="-39.3607501779" lon="-72.6319348812"><ele>111.67</ele><time>2024-09-12T03:01:15Z</time></trkpt><trkpt lat="-39.3607891537" lon="-72.6320102345"><ele>111.72</ele><time>2024-09-12T03:01:16Z</time></trkpt><trkpt lat="-39.3613461312" lon="-72.6329865586"><ele>111.55</ele><time>2024-09-12T03:01:28Z</time></trkpt><trkpt lat="-39.3618926313" lon="-72.6339280978"><ele>110.80</ele><time>2024-09-12T03:01:40Z</time></trkpt><trkpt lat="-39.3621956371" lon="-72.6344538946"><ele>111.46</ele><time>2024-09-12T03:01:48Z</time></trkpt><trkpt lat="-39.3625760917" lon="-72.6351018157"><ele>110.58</ele><time>2024-09-12T03:01:58Z</time></trkpt><trkpt lat="-39.3628621660" lon="-72.6356118545"><ele>111.63</ele><time>2024-09-12T03:02:05Z</time></trkpt><trkpt lat="-39.3633782398" lon="-72.6364955585"><ele>111.61</ele><time>2024-09-12T03:02:16Z</time></trkpt><trkpt lat="-39.3638365623" lon="-72.6372887380"><ele>111.02</ele><time>2024-09-12T03:02:28Z</time></trkpt><trkpt lat="-39.3638474587" lon="-72.6373573858"><ele>110.94</ele><time>2024-09-12T03:02:31Z</time></trkpt><trkpt lat="-39.3638327066" lon="-72.6373934280"><ele>111.02</ele><time>2024-09-12T03:02:32Z</time></trkpt><trkpt lat="-39.3638064712" lon="-72.6374323200"><ele>111.15</ele><time>2024-09-12T03:02:33Z</time></trkpt><trkpt lat="-39.3637642264" lon="-72.6374720503"><ele>111.37</ele><time>2024-09-12T03:02:34Z</time></trkpt><trkpt lat="-39.3637070619" lon="-72.6375184022"><ele>111.76</ele><time>2024-09-12T03:02:35Z</time></trkpt><trkpt lat="-39.3631156348" lon="-72.6380474679"><ele>111.56</ele><time>2024-09-12T03:02:44Z</time></trkpt><trkpt lat="-39.3630743958" lon="-72.6380685065"><ele>111.27</ele><time>2024-09-12T03:02:45Z</time></trkpt><trkpt lat="-39.3630329054" lon="-72.6380655728"><ele>111.22</ele><time>2024-09-12T03:02:46Z</time></trkpt><trkpt lat="-39.3629907444" lon="-72.6380397566"><ele>111.14</ele><time>2024-09-12T03:02:47Z</time></trkpt><trkpt lat="-39.3629487511" lon="-72.6379966736"><ele>111.10</ele><time>2024-09-12T03:02:48Z</time></trkpt><trkpt lat="-39.3629074283" lon="-72.6379280258"><ele>111.24</ele><time>2024-09-12T03:02:49Z</time></trkpt><trkpt lat="-39.3628632557" lon="-72.6378443744"><ele>111.32</ele><time>2024-09-12T03:02:50Z</time></trkpt><trkpt lat="-39.3624900933" lon="-72.6371526998"><ele>109.90</ele><time>2024-09-12T03:03:00Z</time></trkpt><trkpt lat="-39.3624791130" lon="-72.6371268835"><ele>109.65</ele><time>2024-09-12T03:03:13Z</time></trkpt><trkpt lat="-39.3624819629" lon="-72.6371276379"><ele>109.53</ele><time>2024-09-12T03:03:14Z</time></trkpt><trkpt lat="-39.3624692224" lon="-72.6371208485"><ele>109.54</ele><time>2024-09-12T03:03:44Z</time></trkpt><trkpt lat="-39.3625203520" lon="-72.6371061802"><ele>109.23</ele><time>2024-09-12T03:04:15Z</time></trkpt><trkpt lat="-39.3624779396" lon="-72.6371058449"><ele>109.23</ele><time>2024-09-12T03:04:44Z</time></trkpt><trkpt lat="-39.3624802865" lon="-72.6371160708"><ele>109.30</ele><time>2024-09-12T03:05:14Z</time></trkpt><trkpt lat="-39.3624605052" lon="-72.6370818727"><ele>109.38</ele><time>2024-09-12T03:05:48Z</time></trkpt><trkpt lat="-39.3624578230" lon="-72.6370760053"><ele>108.99</ele><time>2024-09-12T03:06:14Z</time></trkpt><trkpt lat="-39.3624367006" lon="-72.6370454952"><ele>109.07</ele><time>2024-09-12T03:06:16Z</time></trkpt><trkpt lat="-39.3624057714" lon="-72.6369884983"><ele>109.24</ele><time>2024-09-12T03:06:18Z</time></trkpt><trkpt lat="-39.3620553240" lon="-72.6363750268"><ele>110.14</ele><time>2024-09-12T03:06:28Z</time></trkpt><trkpt lat="-39.3613059819" lon="-72.6350910030"><ele>110.26</ele><time>2024-09-12T03:06:44Z</time></trkpt><trkpt lat="-39.3611838575" lon="-72.6348349359"><ele>109.57</ele><time>2024-09-12T03:06:49Z</time></trkpt><trkpt lat="-39.3611940835" lon="-72.6347931940"><ele>109.55</ele><time>2024-09-12T03:06:50Z</time></trkpt><trkpt lat="-39.3612212408" lon="-72.6347460039"><ele>109.73</ele><time>2024-09-12T03:06:51Z</time></trkpt><trkpt lat="-39.3612675089" lon="-72.6346942876"><ele>109.81</ele><time>2024-09-12T03:06:52Z</time></trkpt><trkpt lat="-39.3613256793" lon="-72.6346389670"><ele>109.98</ele><time>2024-09-12T03:06:53Z</time></trkpt><trkpt lat="-39.3613898847" lon="-72.6345802099"><ele>110.16</ele><time>2024-09-12T03:06:54Z</time></trkpt><trkpt lat="-39.3622824736" lon="-72.6337041333"><ele>110.10</ele><time>2024-09-12T03:07:08Z</time></trkpt><trkpt lat="-39.3627244513" lon="-72.6332819369"><ele>109.68</ele><time>2024-09-12T03:07:18Z</time></trkpt><trkpt lat="-39.3633876275" lon="-72.6326470915"><ele>110.58</ele><time>2024-09-12T03:07:29Z</time></trkpt><trkpt lat="-39.3639104068" lon="-72.6321414113"><ele>111.86</ele><time>2024-09-12T03:07:39Z</time></trkpt><trkpt lat="-39.3648084439" lon="-72.6312991139"><ele>112.37</ele><time>2024-09-12T03:07:53Z</time></trkpt><trkpt lat="-39.3652546965" lon="-72.6309150551"><ele>111.94</ele><time>2024-09-12T03:08:02Z</time></trkpt><trkpt lat="-39.3653009646" lon="-72.6309302263"><ele>112.01</ele><time>2024-09-12T03:08:03Z</time></trkpt><trkpt lat="-39.3653506692" lon="-72.6309667714"><ele>112.23</ele><time>2024-09-12T03:08:04Z</time></trkpt><trkpt lat="-39.3654040620" lon="-72.6310194936"><ele>112.46</ele><time>2024-09-12T03:08:05Z</time></trkpt><trkpt lat="-39.3654650822" lon="-72.6310866326"><ele>112.62</ele><time>2024-09-12T03:08:06Z</time></trkpt><trkpt lat="-39.3661923800" lon="-72.6319013536"><ele>111.99</ele><time>2024-09-12T03:08:17Z</time></trkpt><trkpt lat="-39.3668481801" lon="-72.6330060884"><ele>111.93</ele><time>2024-09-12T03:08:30Z</time></trkpt><trkpt lat="-39.3673221767" lon="-72.6338976715"><ele>111.47</ele><time>2024-09-12T03:08:41Z</time></trkpt><trkpt lat="-39.3673717976" lon="-72.6340486296"><ele>111.26</ele><time>2024-09-12T03:08:47Z</time></trkpt><trkpt lat="-39.3673472386" lon="-72.6340871025"><ele>111.37</ele><time>2024-09-12T03:08:48Z</time></trkpt><trkpt lat="-39.3673064187" lon="-72.6341270842"><ele>111.53</ele><time>2024-09-12T03:08:49Z</time></trkpt><trkpt lat="-39.3667929433" lon="-72.6346035954"><ele>112.58</ele><time>2024-09-12T03:08:56Z</time></trkpt><trkpt lat="-39.3658122607" lon="-72.6355215814"><ele>111.53</ele><time>2024-09-12T03:09:11Z</time></trkpt><trkpt lat="-39.3648168258" lon="-72.6364582591"><ele>111.23</ele><time>2024-09-12T03:09:25Z</time></trkpt><trkpt lat="-39.3637674116" lon="-72.6374417916"><ele>111.01</ele><time>2024-09-12T03:09:41Z</time></trkpt><trkpt lat="-39.3627430592" lon="-72.6383974124"><ele>111.33</ele><time>2024-09-12T03:09:56Z</time></trkpt><trkpt lat="-39.3617509771" lon="-72.6393211819"><ele>111.02</ele><time>2024-09-12T03:10:12Z</time></trkpt><trkpt lat="-39.3615188822" lon="-72.6395049132"><ele>111.02</ele><time>2024-09-12T03:10:16Z</time></trkpt><trkpt lat="-39.3614495639" lon="-72.6395354234"><ele>110.88</ele><time>2024-09-12T03:10:17Z</time></trkpt><trkpt lat="-39.3613753840" lon="-72.6395568810"><ele>110.97</ele><time>2024-09-12T03:10:18Z</time></trkpt><trkpt lat="-39.3612983543" lon="-72.6395629998"><ele>110.85</ele><time>2024-09-12T03:10:19Z</time></trkpt><trkpt lat="-39.3612187263" lon="-72.6395526063"><ele>110.84</ele><time>2024-09-12T03:10:20Z</time></trkpt><trkpt lat="-39.3611384276" lon="-72.6395293884"><ele>110.80</ele><time>2024-09-12T03:10:21Z</time></trkpt><trkpt lat="-39.3610613979" lon="-72.6394959446"><ele>110.75</ele><time>2024-09-12T03:10:22Z</time></trkpt><trkpt lat="-39.3609904032" lon="-72.6394542865"><ele>110.78</ele><time>2024-09-12T03:10:23Z</time></trkpt><trkpt lat="-39.3609220069" lon="-72.6394115388"><ele>110.73</ele><time>2024-09-12T03:10:24Z</time></trkpt><trkpt lat="-39.3606097810" lon="-72.6392262150"><ele>110.46</ele><time>2024-09-12T03:10:29Z</time></trkpt><trkpt lat="-39.3605501018" lon="-72.6392166596"><ele>110.45</ele><time>2024-09-12T03:10:30Z</time></trkpt><trkpt lat="-39.3604879919" lon="-72.6392223593"><ele>110.39</ele><time>2024-09-12T03:10:31Z</time></trkpt><trkpt lat="-39.3604271393" lon="-72.6392439846"><ele>110.45</ele><time>2024-09-12T03:10:32Z</time></trkpt><trkpt lat="-39.3603749201" lon="-72.6392838825"><ele>110.42</ele><time>2024-09-12T03:10:33Z</time></trkpt><trkpt lat="-39.3603295740" lon="-72.6393324975"><ele>110.22</ele><time>2024-09-12T03:10:34Z</time></trkpt><trkpt lat="-39.3602866586" lon="-72.6393799391"><ele>110.23</ele><time>2024-09-12T03:10:35Z</time></trkpt><trkpt lat="-39.3602318410" lon="-72.6394239441"><ele>110.13</ele><time>2024-09-12T03:10:36Z</time></trkpt><trkpt lat="-39.3601703178" lon="-72.6394561306"><ele>110.29</ele><time>2024-09-12T03:10:37Z</time></trkpt><trkpt lat="-39.3601003289" lon="-72.6394778397"><ele>110.43</ele><time>2024-09-12T03:10:38Z</time></trkpt><trkpt lat="-39.3600248080" lon="-72.6394853834"><ele>110.47</ele><time>2024-09-12T03:10:39Z</time></trkpt><trkpt lat="-39.3599461857" lon="-72.6394900773"><ele>110.70</ele><time>2024-09-12T03:10:40Z</time></trkpt><trkpt lat="-39.3597881868" lon="-72.6395168994"><ele>110.78</ele><time>2024-09-12T03:10:42Z</time></trkpt><trkpt lat="-39.3597109895" lon="-72.6395522710"><ele>110.72</ele><time>2024-09-12T03:10:43Z</time></trkpt><trkpt lat="-39.3596400786" lon="-72.6396013889"><ele>110.47</ele><time>2024-09-12T03:10:44Z</time></trkpt><trkpt lat="-39.3595696706" lon="-72.6396644209"><ele>110.48</ele><time>2024-09-12T03:10:45Z</time></trkpt><trkpt lat="-39.3595062196" lon="-72.6397309732"><ele>110.65</ele><time>2024-09-12T03:10:46Z</time></trkpt><trkpt lat="-39.3594442774" lon="-72.6397984475"><ele>110.88</ele><time>2024-09-12T03:10:47Z</time></trkpt><trkpt lat="-39.3594008591" lon="-72.6398842782"><ele>110.93</ele><time>2024-09-12T03:10:48Z</time></trkpt><trkpt lat="-39.3594002724" lon="-72.6400016248"><ele>110.93</ele><time>2024-09-12T03:10:49Z</time></trkpt><trkpt lat="-39.3594008591" lon="-72.6401117630"><ele>111.13</ele><time>2024-09-12T03:10:50Z</time></trkpt><trkpt lat="-39.3594167847" lon="-72.6402243320"><ele>111.29</ele><time>2024-09-12T03:10:51Z</time></trkpt><trkpt lat="-39.3594467081" lon="-72.6403260883"><ele>111.36</ele><time>2024-09-12T03:10:52Z</time></trkpt><trkpt lat="-39.3594835047" lon="-72.6404261682"><ele>111.38</ele><time>2024-09-12T03:10:53Z</time></trkpt><trkpt lat="-39.3595308624" lon="-72.6405151840"><ele>111.25</ele><time>2024-09-12T03:10:54Z</time></trkpt><trkpt lat="-39.3595926370" lon="-72.6405977458"><ele>111.38</ele><time>2024-09-12T03:10:55Z</time></trkpt><trkpt lat="-39.3596600275" lon="-72.6406694110"><ele>111.46</ele><time>2024-09-12T03:10:56Z</time></trkpt><trkpt lat="-39.3597373925" lon="-72.6407217141"><ele>111.50</ele><time>2024-09-12T03:10:57Z</time></trkpt><trkpt lat="-39.3598228041" lon="-72.6407616958"><ele>111.74</ele><time>2024-09-12T03:10:58Z</time></trkpt><trkpt lat="-39.3599086348" lon="-72.6407904457"><ele>111.74</ele><time>2024-09-12T03:10:59Z</time></trkpt><trkpt lat="-39.3599953875" lon="-72.6408137474"><ele>111.75</ele><time>2024-09-12T03:11:00Z</time></trkpt><trkpt lat="-39.3605785165" lon="-72.6409555692"><ele>111.83</ele><time>2024-09-12T03:11:10Z</time></trkpt><trkpt lat="-39.3606384471" lon="-72.6409466844"><ele>112.35</ele><time>2024-09-12T03:11:19Z</time></trkpt><trkpt lat="-39.3606287241" lon="-72.6409338601"><ele>112.28</ele><time>2024-09-12T03:11:46Z</time></trkpt><trkpt lat="-39.3606180791" lon="-72.6409483608"><ele>113.62</ele><time>2024-09-12T03:12:03Z</time></trkpt><trkpt lat="-39.3606294785" lon="-72.6409478579"><ele>113.50</ele><time>2024-09-12T03:12:36Z</time></trkpt></trkseg></trk></gpx>