<?xml version="1.0" encoding="UTF-8" standalone="no" ?><gpx xmlns="http://www.topografix.com/GPX/1/1" xmlns:gpxx="http://www.garmin.com/xmlschemas/GpxExtensions/v3" xmlns:gpxtrkx="http://www.garmin.com/xmlschemas/TrackStatsExtension/v1" xmlns:wptx1="http://www.garmin.com/xmlschemas/WaypointExtension/v1" xmlns:gpxtpx="http://www.garmin.com/xmlschemas/TrackPointExtension/v1" creator="GPSMAP 64sx" version="1.1" xmlns:xsi="http://www.w3.org/2001/XMLSchema-instance" xsi:schemaLocation="http://www.topografix.com/GPX/1/1 http://www.topografix.com/GPX/1/1/gpx.xsd http://www.garmin.com/xmlschemas/GpxExtensions/v3 http://www8.garmin.com/xmlschemas/GpxExtensionsv3.xsd http://www.garmin.com/xmlschemas/TrackStatsExtension/v1 http://www8.garmin.com/xmlschemas/TrackStatsExtension.xsd http://www.garmin.com/xmlschemas/WaypointExtension/v1 http://www8.garmin.com/xmlschemas/WaypointExtensionv1.xsd http://www.garmin.com/xmlschemas/TrackPointExtension/v1 http://www.garmin.com/xmlschemas/TrackPointExtensionv1.xsd"><metadata><link href="http://www.garmin.com"><text>Garmin International</text></link><time>2024-08-14T04:12:52Z</time></metadata><trk><name>240813 LONCO 2</name><extensions><gpxx:TrackExtension><gpxx:DisplayColor>Cyan</gpxx:DisplayColor></gpxx:TrackExtension><gpxtrkx:TrackStatsExtension><gpxtrkx:Distance>39032.000</gpxtrkx:Distance><gpxtrkx:TotalElapsedTime>6252</gpxtrkx:TotalElapsedTime><gpxtrkx:MovingTime>5996</gpxtrkx:MovingTime><gpxtrkx:StoppedTime>254</gpxtrkx:StoppedTime><gpxtrkx:MovingSpeed>6.510</gpxtrkx:MovingSpeed><gpxtrkx:MaxSpeed>14.679</gpxtrkx:MaxSpeed><gpxtrkx:MaxElevation>132.239</gpxtrkx:MaxElevation><gpxtrkx:MinElevation>107.155</gpxtrkx:MinElevation><gpxtrkx:Ascent>134.000</gpxtrkx:Ascent><gpxtrkx:Descent>146.729</gpxtrkx:Descent><gpxtrkx:AvgAscentRate>0.047</gpxtrkx:AvgAscentRate><gpxtrkx:MaxAscentRate>0.593</gpxtrkx:MaxAscentRate><gpxtrkx:AvgDescentRate>0.060</gpxtrkx:AvgDescentRate><gpxtrkx:MaxDescentRate>-0.402</gpxtrkx:MaxDescentRate></gpxtrkx:TrackStatsExtension></extensions><trkseg><trkpt lat="-39.3658970017" lon="-72.6117942575"><ele>132.23</ele><time>2024-08-14T02:28:40Z</time></trkpt><trkpt lat="-39.3658932298" lon="-72.6117902342"><ele>132.23</ele><time>2024-08-14T02:28:41Z</time></trkpt><trkpt lat="-39.3658783939" lon="-72.6117772423"><ele>130.30</ele><time>2024-08-14T02:28:45Z</time></trkpt><trkpt lat="-39.3659260031" lon="-72.6118461415"><ele>129.94</ele><time>2024-08-14T02:29:06Z</time></trkpt><trkpt lat="-39.3659456167" lon="-72.6118578762"><ele>129.92</ele><time>2024-08-14T02:29:26Z</time></trkpt><trkpt lat="-39.3659447785" lon="-72.6118581276"><ele>130.13</ele><time>2024-08-14T02:29:49Z</time></trkpt><trkpt lat="-39.3660327885" lon="-72.6118663419"><ele>129.45</ele><time>2024-08-14T02:29:54Z</time></trkpt><trkpt lat="-39.3664512970" lon="-72.6122773904"><ele>126.09</ele><time>2024-08-14T02:30:03Z</time></trkpt><trkpt lat="-39.3665191904" lon="-72.6123275980"><ele>125.79</ele><time>2024-08-14T02:30:04Z</time></trkpt><trkpt lat="-39.3670148961" lon="-72.6126451883"><ele>122.62</ele><time>2024-08-14T02:30:11Z</time></trkpt><trkpt lat="-39.3671961967" lon="-72.6127559971"><ele>120.80</ele><time>2024-08-14T02:30:14Z</time></trkpt><trkpt lat="-39.3672567979" lon="-72.6128162630"><ele>119.92</ele><time>2024-08-14T02:30:21Z</time></trkpt><trkpt lat="-39.3672718015" lon="-72.6128164306"><ele>120.15</ele><time>2024-08-14T02:30:35Z</time></trkpt><trkpt lat="-39.3673397787" lon="-72.6128559932"><ele>119.47</ele><time>2024-08-14T02:30:38Z</time></trkpt><trkpt lat="-39.3678559363" lon="-72.6132473443"><ele>116.46</ele><time>2024-08-14T02:30:51Z</time></trkpt><trkpt lat="-39.3679249194" lon="-72.6133729052"><ele>115.84</ele><time>2024-08-14T02:30:56Z</time></trkpt><trkpt lat="-39.3679175433" lon="-72.6133988053"><ele>115.93</ele><time>2024-08-14T02:30:57Z</time></trkpt><trkpt lat="-39.3679060601" lon="-72.6134206820"><ele>115.89</ele><time>2024-08-14T02:30:58Z</time></trkpt><trkpt lat="-39.3679048028" lon="-72.6134433970"><ele>115.59</ele><time>2024-08-14T02:31:11Z</time></trkpt><trkpt lat="-39.3678950798" lon="-72.6134558860"><ele>115.61</ele><time>2024-08-14T02:31:13Z</time></trkpt><trkpt lat="-39.3678606302" lon="-72.6134928502"><ele>115.49</ele><time>2024-08-14T02:31:15Z</time></trkpt><trkpt lat="-39.3676511664" lon="-72.6137625799"><ele>114.56</ele><time>2024-08-14T02:31:25Z</time></trkpt><trkpt lat="-39.3676563632" lon="-72.6137824450"><ele>114.52</ele><time>2024-08-14T02:31:26Z</time></trkpt><trkpt lat="-39.3676651642" lon="-72.6138052437"><ele>114.35</ele><time>2024-08-14T02:31:27Z</time></trkpt><trkpt lat="-39.3676793296" lon="-72.6138365082"><ele>114.40</ele><time>2024-08-14T02:31:28Z</time></trkpt><trkpt lat="-39.3676990271" lon="-72.6138758194"><ele>114.34</ele><time>2024-08-14T02:31:29Z</time></trkpt><trkpt lat="-39.3679602072" lon="-72.6144177932"><ele>114.74</ele><time>2024-08-14T02:31:42Z</time></trkpt><trkpt lat="-39.3679515738" lon="-72.6144486386"><ele>114.66</ele><time>2024-08-14T02:31:43Z</time></trkpt><trkpt lat="-39.3679316249" lon="-72.6144828368"><ele>114.79</ele><time>2024-08-14T02:31:44Z</time></trkpt><trkpt lat="-39.3678997736" lon="-72.6145191304"><ele>114.71</ele><time>2024-08-14T02:31:45Z</time></trkpt><trkpt lat="-39.3678625580" lon="-72.6145544183"><ele>114.81</ele><time>2024-08-14T02:31:46Z</time></trkpt><trkpt lat="-39.3676902261" lon="-72.6146780513"><ele>114.45</ele><time>2024-08-14T02:31:51Z</time></trkpt><trkpt lat="-39.3676687684" lon="-72.6146713458"><ele>114.41</ele><time>2024-08-14T02:31:52Z</time></trkpt><trkpt lat="-39.3676526751" lon="-72.6146550011"><ele>114.43</ele><time>2024-08-14T02:31:53Z</time></trkpt><trkpt lat="-39.3676382583" lon="-72.6146294363"><ele>114.48</ele><time>2024-08-14T02:31:54Z</time></trkpt><trkpt lat="-39.3676231708" lon="-72.6145969983"><ele>114.57</ele><time>2024-08-14T02:31:55Z</time></trkpt><trkpt lat="-39.3676068261" lon="-72.6145617943"><ele>114.55</ele><time>2024-08-14T02:31:56Z</time></trkpt><trkpt lat="-39.3673316482" lon="-72.6140789967"><ele>114.37</ele><time>2024-08-14T02:32:09Z</time></trkpt><trkpt lat="-39.3673142977" lon="-72.6140670944"><ele>114.46</ele><time>2024-08-14T02:32:10Z</time></trkpt><trkpt lat="-39.3672934268" lon="-72.6140643284"><ele>114.63</ele><time>2024-08-14T02:32:11Z</time></trkpt><trkpt lat="-39.3672669400" lon="-72.6140708663"><ele>114.74</ele><time>2024-08-14T02:32:12Z</time></trkpt><trkpt lat="-39.3672354240" lon="-72.6140902285"><ele>114.88</ele><time>2024-08-14T02:32:13Z</time></trkpt><trkpt lat="-39.3672020640" lon="-72.6141177211"><ele>114.81</ele><time>2024-08-14T02:32:14Z</time></trkpt><trkpt lat="-39.3671702128" lon="-72.6141508296"><ele>114.93</ele><time>2024-08-14T02:32:15Z</time></trkpt><trkpt lat="-39.3671373557" lon="-72.6141878776"><ele>114.86</ele><time>2024-08-14T02:32:16Z</time></trkpt><trkpt lat="-39.3670300674" lon="-72.6143037993"><ele>114.68</ele><time>2024-08-14T02:32:22Z</time></trkpt><trkpt lat="-39.3669822905" lon="-72.6143478043"><ele>114.72</ele><time>2024-08-14T02:32:24Z</time></trkpt><trkpt lat="-39.3669475056" lon="-72.6143732853"><ele>114.89</ele><time>2024-08-14T02:32:25Z</time></trkpt><trkpt lat="-39.3666075356" lon="-72.6146379858"><ele>116.25</ele><time>2024-08-14T02:32:35Z</time></trkpt><trkpt lat="-39.3666051887" lon="-72.6146683283"><ele>116.37</ele><time>2024-08-14T02:32:36Z</time></trkpt><trkpt lat="-39.3666143250" lon="-72.6147029456"><ele>116.52</ele><time>2024-08-14T02:32:37Z</time></trkpt><trkpt lat="-39.3666318431" lon="-72.6147415023"><ele>116.40</ele><time>2024-08-14T02:32:38Z</time></trkpt><trkpt lat="-39.3666533008" lon="-72.6147828251"><ele>116.35</ele><time>2024-08-14T02:32:39Z</time></trkpt><trkpt lat="-39.3666775245" lon="-72.6148276683"><ele>116.26</ele><time>2024-08-14T02:32:40Z</time></trkpt><trkpt lat="-39.3669486791" lon="-72.6153232902"><ele>113.95</ele><time>2024-08-14T02:32:51Z</time></trkpt><trkpt lat="-39.3669501040" lon="-72.6153563987"><ele>113.94</ele><time>2024-08-14T02:32:52Z</time></trkpt><trkpt lat="-39.3669430632" lon="-72.6153927762"><ele>113.95</ele><time>2024-08-14T02:32:53Z</time></trkpt><trkpt lat="-39.3669232819" lon="-72.6154287346"><ele>113.94</ele><time>2024-08-14T02:32:54Z</time></trkpt><trkpt lat="-39.3668918498" lon="-72.6154655311"><ele>113.96</ele><time>2024-08-14T02:32:55Z</time></trkpt><trkpt lat="-39.3668541312" lon="-72.6155042555"><ele>114.24</ele><time>2024-08-14T02:32:56Z</time></trkpt><trkpt lat="-39.3666679692" lon="-72.6156489272"><ele>114.00</ele><time>2024-08-14T02:33:01Z</time></trkpt><trkpt lat="-39.3666398898" lon="-72.6156424731"><ele>113.65</ele><time>2024-08-14T02:33:02Z</time></trkpt><trkpt lat="-39.3666151632" lon="-72.6156200934"><ele>113.96</ele><time>2024-08-14T02:33:03Z</time></trkpt><trkpt lat="-39.3665931188" lon="-72.6155889966"><ele>113.34</ele><time>2024-08-14T02:33:04Z</time></trkpt><trkpt lat="-39.3665706553" lon="-72.6155514456"><ele>113.38</ele><time>2024-08-14T02:33:05Z</time></trkpt><trkpt lat="-39.3665488623" lon="-72.6155118831"><ele>113.41</ele><time>2024-08-14T02:33:06Z</time></trkpt><trkpt lat="-39.3663552403" lon="-72.6151642855"><ele>116.81</ele><time>2024-08-14T02:33:13Z</time></trkpt><trkpt lat="-39.3660986703" lon="-72.6146907918"><ele>120.07</ele><time>2024-08-14T02:33:21Z</time></trkpt><trkpt lat="-39.3660684954" lon="-72.6146384887"><ele>120.21</ele><time>2024-08-14T02:33:22Z</time></trkpt><trkpt lat="-39.3658914696" lon="-72.6143875346"><ele>121.02</ele><time>2024-08-14T02:33:31Z</time></trkpt><trkpt lat="-39.3658432737" lon="-72.6143012848"><ele>121.71</ele><time>2024-08-14T02:33:33Z</time></trkpt><trkpt lat="-39.3656329717" lon="-72.6139032282"><ele>124.02</ele><time>2024-08-14T02:33:40Z</time></trkpt><trkpt lat="-39.3654820137" lon="-72.6138316467"><ele>124.24</ele><time>2024-08-14T02:33:45Z</time></trkpt><trkpt lat="-39.3654380925" lon="-72.6138588041"><ele>124.36</ele><time>2024-08-14T02:33:46Z</time></trkpt><trkpt lat="-39.3653922435" lon="-72.6138954330"><ele>124.20</ele><time>2024-08-14T02:33:47Z</time></trkpt><trkpt lat="-39.3653499987" lon="-72.6139379293"><ele>124.07</ele><time>2024-08-14T02:33:48Z</time></trkpt><trkpt lat="-39.3653163034" lon="-72.6139806770"><ele>124.19</ele><time>2024-08-14T02:33:49Z</time></trkpt><trkpt lat="-39.3652942590" lon="-72.6140209939"><ele>123.91</ele><time>2024-08-14T02:33:50Z</time></trkpt><trkpt lat="-39.3652849551" lon="-72.6140577067"><ele>123.83</ele><time>2024-08-14T02:33:51Z</time></trkpt><trkpt lat="-39.3652866315" lon="-72.6140841935"><ele>123.64</ele><time>2024-08-14T02:33:52Z</time></trkpt><trkpt lat="-39.3652944267" lon="-72.6141087525"><ele>123.75</ele><time>2024-08-14T02:33:53Z</time></trkpt><trkpt lat="-39.3653057422" lon="-72.6141297910"><ele>124.24</ele><time>2024-08-14T02:33:54Z</time></trkpt><trkpt lat="-39.3653220031" lon="-72.6141568646"><ele>124.04</ele><time>2024-08-14T02:33:55Z</time></trkpt><trkpt lat="-39.3653421197" lon="-72.6141913142"><ele>123.80</ele><time>2024-08-14T02:33:56Z</time></trkpt><trkpt lat="-39.3656505737" lon="-72.6147158537"><ele>120.64</ele><time>2024-08-14T02:34:09Z</time></trkpt><trkpt lat="-39.3659113348" lon="-72.6151257288"><ele>118.89</ele><time>2024-08-14T02:34:19Z</time></trkpt><trkpt lat="-39.3661487103" lon="-72.6155452430"><ele>115.78</ele><time>2024-08-14T02:34:29Z</time></trkpt><trkpt lat="-39.3663353752" lon="-72.6159054972"><ele>113.50</ele><time>2024-08-14T02:34:38Z</time></trkpt><trkpt lat="-39.3663295917" lon="-72.6159364264"><ele>113.39</ele><time>2024-08-14T02:34:39Z</time></trkpt><trkpt lat="-39.3663135823" lon="-72.6159703732"><ele>113.37</ele><time>2024-08-14T02:34:40Z</time></trkpt><trkpt lat="-39.3662842456" lon="-72.6160050742"><ele>113.40</ele><time>2024-08-14T02:34:41Z</time></trkpt><trkpt lat="-39.3662489578" lon="-72.6160414517"><ele>113.45</ele><time>2024-08-14T02:34:42Z</time></trkpt><trkpt lat="-39.3660784699" lon="-72.6161420345"><ele>113.21</ele><time>2024-08-14T02:34:47Z</time></trkpt><trkpt lat="-39.3660514802" lon="-72.6161225047"><ele>113.24</ele><time>2024-08-14T02:34:48Z</time></trkpt><trkpt lat="-39.3660259154" lon="-72.6160922460"><ele>113.56</ele><time>2024-08-14T02:34:49Z</time></trkpt><trkpt lat="-39.3660031166" lon="-72.6160530187"><ele>113.88</ele><time>2024-08-14T02:34:50Z</time></trkpt><trkpt lat="-39.3659814075" lon="-72.6160060801"><ele>114.08</ele><time>2024-08-14T02:34:51Z</time></trkpt><trkpt lat="-39.3659588601" lon="-72.6159557886"><ele>114.11</ele><time>2024-08-14T02:34:52Z</time></trkpt><trkpt lat="-39.3659069762" lon="-72.6158681978"><ele>114.49</ele><time>2024-08-14T02:34:54Z</time></trkpt><trkpt lat="-39.3658723589" lon="-72.6158557087"><ele>114.65</ele><time>2024-08-14T02:34:55Z</time></trkpt><trkpt lat="-39.3658323772" lon="-72.6158681139"><ele>114.81</ele><time>2024-08-14T02:34:56Z</time></trkpt><trkpt lat="-39.3657933176" lon="-72.6158966962"><ele>114.72</ele><time>2024-08-14T02:34:57Z</time></trkpt><trkpt lat="-39.3657535035" lon="-72.6159346662"><ele>114.67</ele><time>2024-08-14T02:34:58Z</time></trkpt><trkpt lat="-39.3655920681" lon="-72.6160904858"><ele>114.20</ele><time>2024-08-14T02:35:03Z</time></trkpt><trkpt lat="-39.3655826803" lon="-72.6161225885"><ele>114.34</ele><time>2024-08-14T02:35:04Z</time></trkpt><trkpt lat="-39.3655848596" lon="-72.6161588822"><ele>114.14</ele><time>2024-08-14T02:35:05Z</time></trkpt><trkpt lat="-39.3655967619" lon="-72.6161981095"><ele>114.12</ele><time>2024-08-14T02:35:06Z</time></trkpt><trkpt lat="-39.3656169623" lon="-72.6162400190"><ele>114.09</ele><time>2024-08-14T02:35:07Z</time></trkpt><trkpt lat="-39.3656419404" lon="-72.6162823476"><ele>113.95</ele><time>2024-08-14T02:35:08Z</time></trkpt><trkpt lat="-39.3656690978" lon="-72.6163265202"><ele>113.83</ele><time>2024-08-14T02:35:09Z</time></trkpt><trkpt lat="-39.3657111749" lon="-72.6165221538"><ele>113.07</ele><time>2024-08-14T02:35:14Z</time></trkpt><trkpt lat="-39.3656901363" lon="-72.6165577769"><ele>113.14</ele><time>2024-08-14T02:35:15Z</time></trkpt><trkpt lat="-39.3656606320" lon="-72.6165920589"><ele>113.06</ele><time>2024-08-14T02:35:16Z</time></trkpt><trkpt lat="-39.3655055668" lon="-72.6167156920"><ele>113.07</ele><time>2024-08-14T02:35:21Z</time></trkpt><trkpt lat="-39.3654677644" lon="-72.6166889537"><ele>113.00</ele><time>2024-08-14T02:35:27Z</time></trkpt><trkpt lat="-39.3654525094" lon="-72.6166775543"><ele>113.13</ele><time>2024-08-14T02:35:28Z</time></trkpt><trkpt lat="-39.3654343206" lon="-72.6166559290"><ele>113.23</ele><time>2024-08-14T02:35:29Z</time></trkpt><trkpt lat="-39.3654165510" lon="-72.6166252512"><ele>113.33</ele><time>2024-08-14T02:35:30Z</time></trkpt><trkpt lat="-39.3654009607" lon="-72.6165962499"><ele>113.40</ele><time>2024-08-14T02:35:31Z</time></trkpt><trkpt lat="-39.3650980387" lon="-72.6160503365"><ele>114.42</ele><time>2024-08-14T02:35:46Z</time></trkpt><trkpt lat="-39.3650806043" lon="-72.6159717981"><ele>114.52</ele><time>2024-08-14T02:35:48Z</time></trkpt><trkpt lat="-39.3650904112" lon="-72.6159375161"><ele>114.53</ele><time>2024-08-14T02:35:49Z</time></trkpt><trkpt lat="-39.3651123717" lon="-72.6159062516"><ele>114.62</ele><time>2024-08-14T02:35:50Z</time></trkpt><trkpt lat="-39.3651392777" lon="-72.6158754062"><ele>114.75</ele><time>2024-08-14T02:35:51Z</time></trkpt><trkpt lat="-39.3651684467" lon="-72.6158462372"><ele>114.82</ele><time>2024-08-14T02:35:52Z</time></trkpt><trkpt lat="-39.3655927386" lon="-72.6154594123"><ele>115.91</ele><time>2024-08-14T02:36:05Z</time></trkpt><trkpt lat="-39.3659076467" lon="-72.6151546463"><ele>117.64</ele><time>2024-08-14T02:36:15Z</time></trkpt><trkpt lat="-39.3659063056" lon="-72.6151265670"><ele>117.99</ele><time>2024-08-14T02:36:16Z</time></trkpt><trkpt lat="-39.3658961635" lon="-72.6150968112"><ele>118.14</ele><time>2024-08-14T02:36:17Z</time></trkpt><trkpt lat="-39.3658799864" lon="-72.6150685642"><ele>118.34</ele><time>2024-08-14T02:36:18Z</time></trkpt><trkpt lat="-39.3658602890" lon="-72.6150375511"><ele>118.53</ele><time>2024-08-14T02:36:19Z</time></trkpt><trkpt lat="-39.3657312077" lon="-72.6148312725"><ele>120.80</ele><time>2024-08-14T02:36:27Z</time></trkpt><trkpt lat="-39.3657046370" lon="-72.6148326136"><ele>120.73</ele><time>2024-08-14T02:36:28Z</time></trkpt><trkpt lat="-39.3656703550" lon="-72.6148520596"><ele>120.81</ele><time>2024-08-14T02:36:29Z</time></trkpt><trkpt lat="-39.3656345643" lon="-72.6148799714"><ele>120.74</ele><time>2024-08-14T02:36:30Z</time></trkpt><trkpt lat="-39.3655997794" lon="-72.6149134990"><ele>120.74</ele><time>2024-08-14T02:36:31Z</time></trkpt><trkpt lat="-39.3655623123" lon="-72.6149516366"><ele>120.60</ele><time>2024-08-14T02:36:32Z</time></trkpt><trkpt lat="-39.3654350750" lon="-72.6150341984"><ele>120.45</ele><time>2024-08-14T02:36:36Z</time></trkpt><trkpt lat="-39.3654124439" lon="-72.6150260679"><ele>120.40</ele><time>2024-08-14T02:36:37Z</time></trkpt><trkpt lat="-39.3653924111" lon="-72.6150055323"><ele>120.59</ele><time>2024-08-14T02:36:38Z</time></trkpt><trkpt lat="-39.3653727975" lon="-72.6149730943"><ele>120.63</ele><time>2024-08-14T02:36:39Z</time></trkpt><trkpt lat="-39.3653519265" lon="-72.6149332803"><ele>120.85</ele><time>2024-08-14T02:36:40Z</time></trkpt><trkpt lat="-39.3650226854" lon="-72.6143673342"><ele>123.11</ele><time>2024-08-14T02:36:54Z</time></trkpt><trkpt lat="-39.3649174087" lon="-72.6143808290"><ele>122.81</ele><time>2024-08-14T02:36:58Z</time></trkpt><trkpt lat="-39.3648710568" lon="-72.6144138537"><ele>122.53</ele><time>2024-08-14T02:36:59Z</time></trkpt><trkpt lat="-39.3644694798" lon="-72.6147258282"><ele>119.21</ele><time>2024-08-14T02:37:07Z</time></trkpt><trkpt lat="-39.3644035142" lon="-72.6148337871"><ele>118.59</ele><time>2024-08-14T02:37:10Z</time></trkpt><trkpt lat="-39.3643989880" lon="-72.6148938853"><ele>118.46</ele><time>2024-08-14T02:37:11Z</time></trkpt><trkpt lat="-39.3644120637" lon="-72.6153366175"><ele>117.05</ele><time>2024-08-14T02:37:18Z</time></trkpt><trkpt lat="-39.3644349463" lon="-72.6153522916"><ele>116.80</ele><time>2024-08-14T02:37:19Z</time></trkpt><trkpt lat="-39.3644623552" lon="-72.6153528783"><ele>116.77</ele><time>2024-08-14T02:37:20Z</time></trkpt><trkpt lat="-39.3644919433" lon="-72.6153317560"><ele>116.91</ele><time>2024-08-14T02:37:21Z</time></trkpt><trkpt lat="-39.3645232916" lon="-72.6153030060"><ele>117.09</ele><time>2024-08-14T02:37:22Z</time></trkpt><trkpt lat="-39.3649233598" lon="-72.6149482001"><ele>119.48</ele><time>2024-08-14T02:37:33Z</time></trkpt><trkpt lat="-39.3649558816" lon="-72.6149531454"><ele>119.72</ele><time>2024-08-14T02:37:34Z</time></trkpt><trkpt lat="-39.3649852183" lon="-72.6149780396"><ele>119.73</ele><time>2024-08-14T02:37:35Z</time></trkpt><trkpt lat="-39.3650121242" lon="-72.6150187757"><ele>119.85</ele><time>2024-08-14T02:37:36Z</time></trkpt><trkpt lat="-39.3650379404" lon="-72.6150652114"><ele>119.62</ele><time>2024-08-14T02:37:37Z</time></trkpt><trkpt lat="-39.3650650140" lon="-72.6151140779"><ele>119.41</ele><time>2024-08-14T02:37:38Z</time></trkpt><trkpt lat="-39.3651319854" lon="-72.6153003238"><ele>118.22</ele><time>2024-08-14T02:37:44Z</time></trkpt><trkpt lat="-39.3651159760" lon="-72.6153372880"><ele>118.06</ele><time>2024-08-14T02:37:45Z</time></trkpt><trkpt lat="-39.3650889024" lon="-72.6153733302"><ele>117.97</ele><time>2024-08-14T02:37:46Z</time></trkpt><trkpt lat="-39.3650546204" lon="-72.6154060196"><ele>117.70</ele><time>2024-08-14T02:37:47Z</time></trkpt><trkpt lat="-39.3650181592" lon="-72.6154385414"><ele>117.64</ele><time>2024-08-14T02:37:48Z</time></trkpt><trkpt lat="-39.3647319172" lon="-72.6157180779"><ele>116.44</ele><time>2024-08-14T02:37:57Z</time></trkpt><trkpt lat="-39.3646177556" lon="-72.6159107778"><ele>115.91</ele><time>2024-08-14T02:38:02Z</time></trkpt><trkpt lat="-39.3646318372" lon="-72.6159549505"><ele>116.12</ele><time>2024-08-14T02:38:03Z</time></trkpt><trkpt lat="-39.3646583240" lon="-72.6160006318"><ele>116.04</ele><time>2024-08-14T02:38:04Z</time></trkpt><trkpt lat="-39.3650839571" lon="-72.6168095693"><ele>113.73</ele><time>2024-08-14T02:38:18Z</time></trkpt><trkpt lat="-39.3651515152" lon="-72.6170139201"><ele>113.28</ele><time>2024-08-14T02:38:23Z</time></trkpt><trkpt lat="-39.3651344161" lon="-72.6170498785"><ele>113.22</ele><time>2024-08-14T02:38:24Z</time></trkpt><trkpt lat="-39.3651104439" lon="-72.6170856692"><ele>113.32</ele><time>2024-08-14T02:38:25Z</time></trkpt><trkpt lat="-39.3650775030" lon="-72.6171217952"><ele>113.34</ele><time>2024-08-14T02:38:26Z</time></trkpt><trkpt lat="-39.3650386110" lon="-72.6171587594"><ele>113.38</ele><time>2024-08-14T02:38:27Z</time></trkpt><trkpt lat="-39.3644766044" lon="-72.6176734082"><ele>113.15</ele><time>2024-08-14T02:38:40Z</time></trkpt><trkpt lat="-39.3644024245" lon="-72.6178451534"><ele>113.12</ele><time>2024-08-14T02:38:45Z</time></trkpt><trkpt lat="-39.3643972278" lon="-72.6179034077"><ele>113.03</ele><time>2024-08-14T02:38:46Z</time></trkpt><trkpt lat="-39.3643732555" lon="-72.6187167037"><ele>113.31</ele><time>2024-08-14T02:38:58Z</time></trkpt><trkpt lat="-39.3643927015" lon="-72.6187454537"><ele>113.29</ele><time>2024-08-14T02:38:59Z</time></trkpt><trkpt lat="-39.3644186016" lon="-72.6187566854"><ele>113.37</ele><time>2024-08-14T02:39:00Z</time></trkpt><trkpt lat="-39.3644478545" lon="-72.6187498122"><ele>113.52</ele><time>2024-08-14T02:39:01Z</time></trkpt><trkpt lat="-39.3644802924" lon="-72.6187246665"><ele>113.41</ele><time>2024-08-14T02:39:02Z</time></trkpt><trkpt lat="-39.3645127304" lon="-72.6186934020"><ele>113.51</ele><time>2024-08-14T02:39:03Z</time></trkpt><trkpt lat="-39.3645454198" lon="-72.6186598744"><ele>113.43</ele><time>2024-08-14T02:39:04Z</time></trkpt><trkpt lat="-39.3646822963" lon="-72.6185219083"><ele>113.61</ele><time>2024-08-14T02:39:08Z</time></trkpt><trkpt lat="-39.3652494997" lon="-72.6179933455"><ele>114.14</ele><time>2024-08-14T02:39:24Z</time></trkpt><trkpt lat="-39.3655862007" lon="-72.6177072711"><ele>113.77</ele><time>2024-08-14T02:39:36Z</time></trkpt><trkpt lat="-39.3660644721" lon="-72.6173005812"><ele>114.17</ele><time>2024-08-14T02:39:51Z</time></trkpt><trkpt lat="-39.3664527219" lon="-72.6169641316"><ele>114.25</ele><time>2024-08-14T02:40:05Z</time></trkpt><trkpt lat="-39.3667175900" lon="-72.6167108305"><ele>114.40</ele><time>2024-08-14T02:40:15Z</time></trkpt><trkpt lat="-39.3667547219" lon="-72.6166766323"><ele>114.51</ele><time>2024-08-14T02:40:16Z</time></trkpt><trkpt lat="-39.3673671875" lon="-72.6161386818"><ele>115.18</ele><time>2024-08-14T02:40:32Z</time></trkpt><trkpt lat="-39.3675592169" lon="-72.6159697864"><ele>115.29</ele><time>2024-08-14T02:40:37Z</time></trkpt><trkpt lat="-39.3679379113" lon="-72.6155506074"><ele>115.25</ele><time>2024-08-14T02:40:50Z</time></trkpt><trkpt lat="-39.3679235782" lon="-72.6155188400"><ele>115.16</ele><time>2024-08-14T02:40:51Z</time></trkpt><trkpt lat="-39.3679064792" lon="-72.6154883299"><ele>115.26</ele><time>2024-08-14T02:40:52Z</time></trkpt><trkpt lat="-39.3678841833" lon="-72.6154573169"><ele>115.21</ele><time>2024-08-14T02:40:53Z</time></trkpt><trkpt lat="-39.3678594567" lon="-72.6154238731"><ele>115.19</ele><time>2024-08-14T02:40:54Z</time></trkpt><trkpt lat="-39.3675739691" lon="-72.6148907840"><ele>115.02</ele><time>2024-08-14T02:41:07Z</time></trkpt><trkpt lat="-39.3675836921" lon="-72.6148140058"><ele>114.79</ele><time>2024-08-14T02:41:09Z</time></trkpt><trkpt lat="-39.3676069099" lon="-72.6147768740"><ele>114.78</ele><time>2024-08-14T02:41:10Z</time></trkpt><trkpt lat="-39.3676367495" lon="-72.6147415023"><ele>114.96</ele><time>2024-08-14T02:41:11Z</time></trkpt><trkpt lat="-39.3682228960" lon="-72.6141845249"><ele>115.60</ele><time>2024-08-14T02:41:25Z</time></trkpt><trkpt lat="-39.3685715832" lon="-72.6138122007"><ele>116.19</ele><time>2024-08-14T02:41:37Z</time></trkpt><trkpt lat="-39.3689681310" lon="-72.6133640204"><ele>115.52</ele><time>2024-08-14T02:41:52Z</time></trkpt><trkpt lat="-39.3689019140" lon="-72.6130854897"><ele>115.30</ele><time>2024-08-14T02:42:00Z</time></trkpt><trkpt lat="-39.3688250519" lon="-72.6130026765"><ele>115.20</ele><time>2024-08-14T02:42:04Z</time></trkpt><trkpt lat="-39.3688028399" lon="-72.6130085438"><ele>115.21</ele><time>2024-08-14T02:42:05Z</time></trkpt><trkpt lat="-39.3687873334" lon="-72.6130214520"><ele>115.27</ele><time>2024-08-14T02:42:06Z</time></trkpt><trkpt lat="-39.3684930447" lon="-72.6133478433"><ele>115.99</ele><time>2024-08-14T02:42:19Z</time></trkpt><trkpt lat="-39.3681693356" lon="-72.6135625038"><ele>116.65</ele><time>2024-08-14T02:42:29Z</time></trkpt><trkpt lat="-39.3681368977" lon="-72.6135318261"><ele>116.75</ele><time>2024-08-14T02:42:30Z</time></trkpt><trkpt lat="-39.3680358119" lon="-72.6133880764"><ele>116.68</ele><time>2024-08-14T02:42:34Z</time></trkpt><trkpt lat="-39.3680412602" lon="-72.6133497711"><ele>116.64</ele><time>2024-08-14T02:42:35Z</time></trkpt><trkpt lat="-39.3680590298" lon="-72.6133120526"><ele>116.60</ele><time>2024-08-14T02:42:36Z</time></trkpt><trkpt lat="-39.3680823315" lon="-72.6132769324"><ele>116.45</ele><time>2024-08-14T02:42:37Z</time></trkpt><trkpt lat="-39.3681098241" lon="-72.6132414769"><ele>116.42</ele><time>2024-08-14T02:42:38Z</time></trkpt><trkpt lat="-39.3681409210" lon="-72.6132062729"><ele>116.36</ele><time>2024-08-14T02:42:39Z</time></trkpt><trkpt lat="-39.3681729399" lon="-72.6131701469"><ele>116.24</ele><time>2024-08-14T02:42:40Z</time></trkpt><trkpt lat="-39.3686221261" lon="-72.6126808114"><ele>115.42</ele><time>2024-08-14T02:42:55Z</time></trkpt><trkpt lat="-39.3688081205" lon="-72.6123032905"><ele>115.31</ele><time>2024-08-14T02:43:06Z</time></trkpt><trkpt lat="-39.3687870819" lon="-72.6120795775"><ele>115.10</ele><time>2024-08-14T02:43:12Z</time></trkpt><trkpt lat="-39.3687727489" lon="-72.6120691840"><ele>115.05</ele><time>2024-08-14T02:43:13Z</time></trkpt><trkpt lat="-39.3687581643" lon="-72.6120669208"><ele>115.03</ele><time>2024-08-14T02:43:14Z</time></trkpt><trkpt lat="-39.3687450048" lon="-72.6120699383"><ele>114.98</ele><time>2024-08-14T02:43:15Z</time></trkpt><trkpt lat="-39.3687354494" lon="-72.6120757218"><ele>115.03</ele><time>2024-08-14T02:43:16Z</time></trkpt><trkpt lat="-39.3687259778" lon="-72.6120868698"><ele>115.05</ele><time>2024-08-14T02:43:17Z</time></trkpt><trkpt lat="-39.3687135726" lon="-72.6121056452"><ele>114.93</ele><time>2024-08-14T02:43:18Z</time></trkpt><trkpt lat="-39.3686974794" lon="-72.6121275220"><ele>115.03</ele><time>2024-08-14T02:43:19Z</time></trkpt><trkpt lat="-39.3686782848" lon="-72.6121503208"><ele>114.91</ele><time>2024-08-14T02:43:20Z</time></trkpt><trkpt lat="-39.3682940584" lon="-72.6125517301"><ele>115.46</ele><time>2024-08-14T02:43:32Z</time></trkpt><trkpt lat="-39.3677895516" lon="-72.6131084561"><ele>117.05</ele><time>2024-08-14T02:43:46Z</time></trkpt><trkpt lat="-39.3676955067" lon="-72.6131416485"><ele>117.63</ele><time>2024-08-14T02:43:49Z</time></trkpt><trkpt lat="-39.3676600512" lon="-72.6131245494"><ele>117.71</ele><time>2024-08-14T02:43:50Z</time></trkpt><trkpt lat="-39.3676194828" lon="-72.6130949613"><ele>118.12</ele><time>2024-08-14T02:43:51Z</time></trkpt><trkpt lat="-39.3671296444" lon="-72.6127471123"><ele>121.40</ele><time>2024-08-14T02:44:00Z</time></trkpt><trkpt lat="-39.3669881579" lon="-72.6127171889"><ele>122.17</ele><time>2024-08-14T02:44:04Z</time></trkpt><trkpt lat="-39.3669635151" lon="-72.6127393171"><ele>122.23</ele><time>2024-08-14T02:44:05Z</time></trkpt><trkpt lat="-39.3668166641" lon="-72.6128990762"><ele>121.76</ele><time>2024-08-14T02:44:10Z</time></trkpt><trkpt lat="-39.3667926081" lon="-72.6129400637"><ele>121.66</ele><time>2024-08-14T02:44:11Z</time></trkpt><trkpt lat="-39.3667729944" lon="-72.6129760221"><ele>121.50</ele><time>2024-08-14T02:44:12Z</time></trkpt><trkpt lat="-39.3667662051" lon="-72.6130106393"><ele>121.58</ele><time>2024-08-14T02:44:13Z</time></trkpt><trkpt lat="-39.3667687196" lon="-72.6130421553"><ele>121.50</ele><time>2024-08-14T02:44:14Z</time></trkpt><trkpt lat="-39.3667790294" lon="-72.6130733360"><ele>121.52</ele><time>2024-08-14T02:44:15Z</time></trkpt><trkpt lat="-39.3667988945" lon="-72.6131019183"><ele>121.39</ele><time>2024-08-14T02:44:16Z</time></trkpt><trkpt lat="-39.3668281473" lon="-72.6131241303"><ele>120.72</ele><time>2024-08-14T02:44:17Z</time></trkpt><trkpt lat="-39.3668643571" lon="-72.6131480187"><ele>120.39</ele><time>2024-08-14T02:44:18Z</time></trkpt><trkpt lat="-39.3670625053" lon="-72.6132941153"><ele>118.13</ele><time>2024-08-14T02:44:23Z</time></trkpt><trkpt lat="-39.3674323987" lon="-72.6135469973"><ele>115.57</ele><time>2024-08-14T02:44:31Z</time></trkpt><trkpt lat="-39.3674703687" lon="-72.6135857217"><ele>115.26</ele><time>2024-08-14T02:44:32Z</time></trkpt><trkpt lat="-39.3674993701" lon="-72.6136271283"><ele>115.29</ele><time>2024-08-14T02:44:33Z</time></trkpt><trkpt lat="-39.3675154634" lon="-72.6136625838"><ele>115.18</ele><time>2024-08-14T02:44:34Z</time></trkpt><trkpt lat="-39.3675229233" lon="-72.6136848796"><ele>114.89</ele><time>2024-08-14T02:44:35Z</time></trkpt><trkpt lat="-39.3675280362" lon="-72.6137082651"><ele>114.90</ele><time>2024-08-14T02:44:36Z</time></trkpt><trkpt lat="-39.3675257731" lon="-72.6137461513"><ele>114.71</ele><time>2024-08-14T02:44:37Z</time></trkpt><trkpt lat="-39.3675212469" lon="-72.6137723029"><ele>114.74</ele><time>2024-08-14T02:44:38Z</time></trkpt><trkpt lat="-39.3675090931" lon="-72.6138044056"><ele>114.78</ele><time>2024-08-14T02:44:39Z</time></trkpt><trkpt lat="-39.3674913235" lon="-72.6138387714"><ele>114.78</ele><time>2024-08-14T02:44:40Z</time></trkpt><trkpt lat="-39.3674596399" lon="-72.6138695329"><ele>114.90</ele><time>2024-08-14T02:44:41Z</time></trkpt><trkpt lat="-39.3674246036" lon="-72.6139019709"><ele>114.90</ele><time>2024-08-14T02:44:42Z</time></trkpt><trkpt lat="-39.3672900740" lon="-72.6139753126"><ele>115.14</ele><time>2024-08-14T02:44:46Z</time></trkpt><trkpt lat="-39.3672636710" lon="-72.6139570400"><ele>115.25</ele><time>2024-08-14T02:44:47Z</time></trkpt><trkpt lat="-39.3672406208" lon="-72.6139271166"><ele>115.39</ele><time>2024-08-14T02:44:48Z</time></trkpt><trkpt lat="-39.3671827018" lon="-72.6138593908"><ele>115.88</ele><time>2024-08-14T02:44:50Z</time></trkpt><trkpt lat="-39.3671459053" lon="-72.6138304733"><ele>116.08</ele><time>2024-08-14T02:44:51Z</time></trkpt><trkpt lat="-39.3668369483" lon="-72.6136158966"><ele>119.31</ele><time>2024-08-14T02:44:58Z</time></trkpt><trkpt lat="-39.3666600063" lon="-72.6134962868"><ele>122.43</ele><time>2024-08-14T02:45:03Z</time></trkpt><trkpt lat="-39.3666513730" lon="-72.6134765893"><ele>122.78</ele><time>2024-08-14T02:45:04Z</time></trkpt><trkpt lat="-39.3666496128" lon="-72.6134526171"><ele>123.05</ele><time>2024-08-14T02:45:05Z</time></trkpt><trkpt lat="-39.3666518759" lon="-72.6134257112"><ele>123.28</ele><time>2024-08-14T02:45:06Z</time></trkpt><trkpt lat="-39.3666621018" lon="-72.6133865677"><ele>123.24</ele><time>2024-08-14T02:45:07Z</time></trkpt><trkpt lat="-39.3666777760" lon="-72.6133421436"><ele>123.25</ele><time>2024-08-14T02:45:08Z</time></trkpt><trkpt lat="-39.3666962162" lon="-72.6132947020"><ele>123.08</ele><time>2024-08-14T02:45:09Z</time></trkpt><trkpt lat="-39.3667576555" lon="-72.6131443307"><ele>121.80</ele><time>2024-08-14T02:45:12Z</time></trkpt><trkpt lat="-39.3668179214" lon="-72.6129862480"><ele>121.35</ele><time>2024-08-14T02:45:15Z</time></trkpt><trkpt lat="-39.3668444920" lon="-72.6129382197"><ele>121.50</ele><time>2024-08-14T02:45:16Z</time></trkpt><trkpt lat="-39.3668774329" lon="-72.6128932927"><ele>121.53</ele><time>2024-08-14T02:45:17Z</time></trkpt><trkpt lat="-39.3669152353" lon="-72.6128516346"><ele>121.66</ele><time>2024-08-14T02:45:18Z</time></trkpt><trkpt lat="-39.3669538759" lon="-72.6128140837"><ele>121.78</ele><time>2024-08-14T02:45:19Z</time></trkpt><trkpt lat="-39.3671283871" lon="-72.6127117407"><ele>121.81</ele><time>2024-08-14T02:45:26Z</time></trkpt><trkpt lat="-39.3671722244" lon="-72.6127409935"><ele>121.77</ele><time>2024-08-14T02:45:27Z</time></trkpt><trkpt lat="-39.3675992824" lon="-72.6130421553"><ele>118.63</ele><time>2024-08-14T02:45:35Z</time></trkpt><trkpt lat="-39.3682953995" lon="-72.6136750728"><ele>116.59</ele><time>2024-08-14T02:45:46Z</time></trkpt><trkpt lat="-39.3689657841" lon="-72.6146913785"><ele>117.41</ele><time>2024-08-14T02:45:59Z</time></trkpt><trkpt lat="-39.3692377768" lon="-72.6153751742"><ele>118.02</ele><time>2024-08-14T02:46:06Z</time></trkpt><trkpt lat="-39.3692924269" lon="-72.6157441456"><ele>117.52</ele><time>2024-08-14T02:46:10Z</time></trkpt><trkpt lat="-39.3692865595" lon="-72.6158137992"><ele>117.43</ele><time>2024-08-14T02:46:11Z</time></trkpt><trkpt lat="-39.3692655209" lon="-72.6158743165"><ele>117.31</ele><time>2024-08-14T02:46:12Z</time></trkpt><trkpt lat="-39.3692302331" lon="-72.6159227639"><ele>117.60</ele><time>2024-08-14T02:46:13Z</time></trkpt><trkpt lat="-39.3691794388" lon="-72.6159642544"><ele>117.55</ele><time>2024-08-14T02:46:14Z</time></trkpt><trkpt lat="-39.3691231962" lon="-72.6160082594"><ele>117.66</ele><time>2024-08-14T02:46:15Z</time></trkpt><trkpt lat="-39.3688000739" lon="-72.6162699424"><ele>116.84</ele><time>2024-08-14T02:46:21Z</time></trkpt><trkpt lat="-39.3687455077" lon="-72.6162882987"><ele>116.81</ele><time>2024-08-14T02:46:22Z</time></trkpt><trkpt lat="-39.3686894327" lon="-72.6162886340"><ele>117.01</ele><time>2024-08-14T02:46:23Z</time></trkpt><trkpt lat="-39.3686355371" lon="-72.6162738819"><ele>116.96</ele><time>2024-08-14T02:46:24Z</time></trkpt><trkpt lat="-39.3685805518" lon="-72.6162427012"><ele>116.96</ele><time>2024-08-14T02:46:25Z</time></trkpt><trkpt lat="-39.3685241416" lon="-72.6162012108"><ele>117.01</ele><time>2024-08-14T02:46:26Z</time></trkpt><trkpt lat="-39.3684685696" lon="-72.6161584631"><ele>117.22</ele><time>2024-08-14T02:46:27Z</time></trkpt><trkpt lat="-39.3682968244" lon="-72.6160360035"><ele>116.73</ele><time>2024-08-14T02:46:30Z</time></trkpt><trkpt lat="-39.3682387378" lon="-72.6160276216"><ele>116.69</ele><time>2024-08-14T02:46:31Z</time></trkpt><trkpt lat="-39.3681806512" lon="-72.6160392724"><ele>116.65</ele><time>2024-08-14T02:46:32Z</time></trkpt><trkpt lat="-39.3681231514" lon="-72.6160665136"><ele>116.05</ele><time>2024-08-14T02:46:33Z</time></trkpt><trkpt lat="-39.3680690881" lon="-72.6161059923"><ele>115.43</ele><time>2024-08-14T02:46:34Z</time></trkpt><trkpt lat="-39.3680177908" lon="-72.6161515899"><ele>115.31</ele><time>2024-08-14T02:46:35Z</time></trkpt><trkpt lat="-39.3679664098" lon="-72.6161993667"><ele>115.19</ele><time>2024-08-14T02:46:36Z</time></trkpt><trkpt lat="-39.3670283072" lon="-72.6170445979"><ele>114.65</ele><time>2024-08-14T02:46:54Z</time></trkpt><trkpt lat="-39.3661807291" lon="-72.6177763380"><ele>114.23</ele><time>2024-08-14T02:47:09Z</time></trkpt><trkpt lat="-39.3658299465" lon="-72.6180639211"><ele>113.70</ele><time>2024-08-14T02:47:18Z</time></trkpt><trkpt lat="-39.3658285215" lon="-72.6180925872"><ele>113.72</ele><time>2024-08-14T02:47:19Z</time></trkpt><trkpt lat="-39.3658275157" lon="-72.6181230135"><ele>113.74</ele><time>2024-08-14T02:47:20Z</time></trkpt><trkpt lat="-39.3658364005" lon="-72.6181660965"><ele>113.77</ele><time>2024-08-14T02:47:21Z</time></trkpt><trkpt lat="-39.3658517394" lon="-72.6182002947"><ele>113.74</ele><time>2024-08-14T02:47:22Z</time></trkpt><trkpt lat="-39.3658729456" lon="-72.6182433777"><ele>113.84</ele><time>2024-08-14T02:47:23Z</time></trkpt><trkpt lat="-39.3659570999" lon="-72.6183778234"><ele>113.89</ele><time>2024-08-14T02:47:26Z</time></trkpt><trkpt lat="-39.3659933098" lon="-72.6184009574"><ele>113.87</ele><time>2024-08-14T02:47:27Z</time></trkpt><trkpt lat="-39.3660285976" lon="-72.6184048969"><ele>113.96</ele><time>2024-08-14T02:47:28Z</time></trkpt><trkpt lat="-39.3660641368" lon="-72.6183893066"><ele>114.05</ele><time>2024-08-14T02:47:29Z</time></trkpt><trkpt lat="-39.3661048729" lon="-72.6183599699"><ele>114.01</ele><time>2024-08-14T02:47:30Z</time></trkpt><trkpt lat="-39.3661505543" lon="-72.6183238439"><ele>114.04</ele><time>2024-08-14T02:47:31Z</time></trkpt><trkpt lat="-39.3663799670" lon="-72.6181348320"><ele>114.32</ele><time>2024-08-14T02:47:36Z</time></trkpt><trkpt lat="-39.3670423888" lon="-72.6175426506"><ele>114.65</ele><time>2024-08-14T02:47:50Z</time></trkpt><trkpt lat="-39.3673085980" lon="-72.6173660439"><ele>114.59</ele><time>2024-08-14T02:47:58Z</time></trkpt><trkpt lat="-39.3673318159" lon="-72.6173909381"><ele>114.79</ele><time>2024-08-14T02:47:59Z</time></trkpt><trkpt lat="-39.3673567940" lon="-72.6174211130"><ele>114.78</ele><time>2024-08-14T02:48:00Z</time></trkpt><trkpt lat="-39.3673783354" lon="-72.6174586639"><ele>114.79</ele><time>2024-08-14T02:48:01Z</time></trkpt><trkpt lat="-39.3673983682" lon="-72.6174968015"><ele>114.80</ele><time>2024-08-14T02:48:02Z</time></trkpt><trkpt lat="-39.3674864620" lon="-72.6176310796"><ele>114.94</ele><time>2024-08-14T02:48:07Z</time></trkpt><trkpt lat="-39.3675137870" lon="-72.6176272240"><ele>115.00</ele><time>2024-08-14T02:48:08Z</time></trkpt><trkpt lat="-39.3675435428" lon="-72.6176090352"><ele>115.17</ele><time>2024-08-14T02:48:09Z</time></trkpt><trkpt lat="-39.3675754778" lon="-72.6175832190"><ele>115.19</ele><time>2024-08-14T02:48:10Z</time></trkpt><trkpt lat="-39.3676078320" lon="-72.6175560616"><ele>115.32</ele><time>2024-08-14T02:48:11Z</time></trkpt><trkpt lat="-39.3677215744" lon="-72.6174891740"><ele>115.34</ele><time>2024-08-14T02:48:15Z</time></trkpt><trkpt lat="-39.3677501567" lon="-72.6175039262"><ele>115.25</ele><time>2024-08-14T02:48:16Z</time></trkpt><trkpt lat="-39.3677759729" lon="-72.6175340172"><ele>115.25</ele><time>2024-08-14T02:48:17Z</time></trkpt><trkpt lat="-39.3677981850" lon="-72.6175750885"><ele>115.28</ele><time>2024-08-14T02:48:18Z</time></trkpt><trkpt lat="-39.3678143620" lon="-72.6176296547"><ele>115.27</ele><time>2024-08-14T02:48:19Z</time></trkpt><trkpt lat="-39.3678268511" lon="-72.6176895853"><ele>115.27</ele><time>2024-08-14T02:48:20Z</time></trkpt><trkpt lat="-39.3678338919" lon="-72.6177615859"><ele>115.29</ele><time>2024-08-14T02:48:21Z</time></trkpt><trkpt lat="-39.3679353967" lon="-72.6182716247"><ele>114.80</ele><time>2024-08-14T02:48:31Z</time></trkpt><trkpt lat="-39.3679653201" lon="-72.6182782464"><ele>114.82</ele><time>2024-08-14T02:48:32Z</time></trkpt><trkpt lat="-39.3680001888" lon="-72.6182696968"><ele>114.77</ele><time>2024-08-14T02:48:33Z</time></trkpt><trkpt lat="-39.3680362310" lon="-72.6182499994"><ele>114.81</ele><time>2024-08-14T02:48:34Z</time></trkpt><trkpt lat="-39.3680776376" lon="-72.6182187349"><ele>114.63</ele><time>2024-08-14T02:48:35Z</time></trkpt><trkpt lat="-39.3681211397" lon="-72.6181825250"><ele>114.89</ele><time>2024-08-14T02:48:36Z</time></trkpt><trkpt lat="-39.3682243209" lon="-72.6181090996"><ele>115.12</ele><time>2024-08-14T02:48:38Z</time></trkpt><trkpt lat="-39.3682802282" lon="-72.6180794276"><ele>115.22</ele><time>2024-08-14T02:48:39Z</time></trkpt><trkpt lat="-39.3683367223" lon="-72.6180543657"><ele>115.14</ele><time>2024-08-14T02:48:40Z</time></trkpt><trkpt lat="-39.3683965690" lon="-72.6180347521"><ele>115.31</ele><time>2024-08-14T02:48:41Z</time></trkpt><trkpt lat="-39.3684566673" lon="-72.6180157252"><ele>115.35</ele><time>2024-08-14T02:48:42Z</time></trkpt><trkpt lat="-39.3685719185" lon="-72.6179691218"><ele>115.36</ele><time>2024-08-14T02:48:44Z</time></trkpt><trkpt lat="-39.3686222937" lon="-72.6179366000"><ele>115.45</ele><time>2024-08-14T02:48:45Z</time></trkpt><trkpt lat="-39.3686668854" lon="-72.6178942714"><ele>115.50</ele><time>2024-08-14T02:48:46Z</time></trkpt><trkpt lat="-39.3687011674" lon="-72.6178415492"><ele>115.42</ele><time>2024-08-14T02:48:47Z</time></trkpt><trkpt lat="-39.3687300850" lon="-72.6177841332"><ele>115.36</ele><time>2024-08-14T02:48:48Z</time></trkpt><trkpt lat="-39.3687490281" lon="-72.6177193411"><ele>115.45</ele><time>2024-08-14T02:48:49Z</time></trkpt><trkpt lat="-39.3687669653" lon="-72.6176590752"><ele>115.53</ele><time>2024-08-14T02:48:50Z</time></trkpt><trkpt lat="-39.3687897641" lon="-72.6175991446"><ele>115.39</ele><time>2024-08-14T02:48:51Z</time></trkpt><trkpt lat="-39.3688194361" lon="-72.6175440755"><ele>115.45</ele><time>2024-08-14T02:48:52Z</time></trkpt><trkpt lat="-39.3688561488" lon="-72.6174944546"><ele>115.52</ele><time>2024-08-14T02:48:53Z</time></trkpt><trkpt lat="-39.3694009725" lon="-72.6170066278"><ele>116.15</ele><time>2024-08-14T02:49:05Z</time></trkpt><trkpt lat="-39.3694293033" lon="-72.6169969048"><ele>116.24</ele><time>2024-08-14T02:49:06Z</time></trkpt><trkpt lat="-39.3694583885" lon="-72.6170093101"><ele>116.08</ele><time>2024-08-14T02:49:07Z</time></trkpt><trkpt lat="-39.3694807682" lon="-72.6170409936"><ele>116.22</ele><time>2024-08-14T02:49:08Z</time></trkpt><trkpt lat="-39.3694977835" lon="-72.6170880999"><ele>116.18</ele><time>2024-08-14T02:49:09Z</time></trkpt><trkpt lat="-39.3695100211" lon="-72.6171471085"><ele>116.23</ele><time>2024-08-14T02:49:10Z</time></trkpt><trkpt lat="-39.3695224263" lon="-72.6172197796"><ele>116.35</ele><time>2024-08-14T02:49:11Z</time></trkpt><trkpt lat="-39.3696096819" lon="-72.6178390346"><ele>116.34</ele><time>2024-08-14T02:49:19Z</time></trkpt><trkpt lat="-39.3696007971" lon="-72.6179051679"><ele>116.38</ele><time>2024-08-14T02:49:20Z</time></trkpt><trkpt lat="-39.3695769925" lon="-72.6179655176"><ele>116.29</ele><time>2024-08-14T02:49:21Z</time></trkpt><trkpt lat="-39.3695403636" lon="-72.6180213410"><ele>116.43</ele><time>2024-08-14T02:49:22Z</time></trkpt><trkpt lat="-39.3694945984" lon="-72.6180766616"><ele>116.44</ele><time>2024-08-14T02:49:23Z</time></trkpt><trkpt lat="-39.3694407865" lon="-72.6181325689"><ele>116.59</ele><time>2024-08-14T02:49:24Z</time></trkpt><trkpt lat="-39.3693844602" lon="-72.6181880571"><ele>116.71</ele><time>2024-08-14T02:49:25Z</time></trkpt><trkpt lat="-39.3692242820" lon="-72.6183306333"><ele>116.58</ele><time>2024-08-14T02:49:28Z</time></trkpt><trkpt lat="-39.3691708054" lon="-72.6183580421"><ele>116.36</ele><time>2024-08-14T02:49:29Z</time></trkpt><trkpt lat="-39.3691143114" lon="-72.6183650829"><ele>116.45</ele><time>2024-08-14T02:49:30Z</time></trkpt><trkpt lat="-39.3690562248" lon="-72.6183625683"><ele>116.39</ele><time>2024-08-14T02:49:31Z</time></trkpt><trkpt lat="-39.3689980544" lon="-72.6183580421"><ele>116.47</ele><time>2024-08-14T02:49:32Z</time></trkpt><trkpt lat="-39.3687756825" lon="-72.6183354110"><ele>116.32</ele><time>2024-08-14T02:49:36Z</time></trkpt><trkpt lat="-39.3687201943" lon="-72.6183492411"><ele>116.34</ele><time>2024-08-14T02:49:37Z</time></trkpt><trkpt lat="-39.3686611019" lon="-72.6183836907"><ele>116.38</ele><time>2024-08-14T02:49:38Z</time></trkpt><trkpt lat="-39.3686028477" lon="-72.6184328087"><ele>116.43</ele><time>2024-08-14T02:49:39Z</time></trkpt><trkpt lat="-39.3685437553" lon="-72.6184905600"><ele>116.21</ele><time>2024-08-14T02:49:40Z</time></trkpt><trkpt lat="-39.3676280323" lon="-72.6193392277"><ele>115.74</ele><time>2024-08-14T02:49:56Z</time></trkpt><trkpt lat="-39.3673009705" lon="-72.6196591649"><ele>115.71</ele><time>2024-08-14T02:50:06Z</time></trkpt><trkpt lat="-39.3672674429" lon="-72.6196895074"><ele>115.74</ele><time>2024-08-14T02:50:07Z</time></trkpt><trkpt lat="-39.3669556361" lon="-72.6199767552"><ele>115.33</ele><time>2024-08-14T02:50:18Z</time></trkpt><trkpt lat="-39.3667864054" lon="-72.6201524399"><ele>115.55</ele><time>2024-08-14T02:50:23Z</time></trkpt><trkpt lat="-39.3666745070" lon="-72.6202524360"><ele>115.64</ele><time>2024-08-14T02:50:25Z</time></trkpt><trkpt lat="-39.3656634819" lon="-72.6212062966"><ele>114.81</ele><time>2024-08-14T02:50:41Z</time></trkpt><trkpt lat="-39.3650806881" lon="-72.6217489410"><ele>114.24</ele><time>2024-08-14T02:50:53Z</time></trkpt><trkpt lat="-39.3646382913" lon="-72.6221754123"><ele>114.27</ele><time>2024-08-14T02:51:02Z</time></trkpt><trkpt lat="-39.3643339444" lon="-72.6224866323"><ele>113.56</ele><time>2024-08-14T02:51:10Z</time></trkpt><trkpt lat="-39.3643061165" lon="-72.6226385962"><ele>113.66</ele><time>2024-08-14T02:51:13Z</time></trkpt><trkpt lat="-39.3643042725" lon="-72.6227012929"><ele>113.68</ele><time>2024-08-14T02:51:14Z</time></trkpt><trkpt lat="-39.3643249758" lon="-72.6230915543"><ele>113.87</ele><time>2024-08-14T02:51:21Z</time></trkpt><trkpt lat="-39.3643521331" lon="-72.6231069770"><ele>113.76</ele><time>2024-08-14T02:51:22Z</time></trkpt><trkpt lat="-39.3643828109" lon="-72.6230990142"><ele>113.94</ele><time>2024-08-14T02:51:23Z</time></trkpt><trkpt lat="-39.3644147459" lon="-72.6230736170"><ele>113.90</ele><time>2024-08-14T02:51:24Z</time></trkpt><trkpt lat="-39.3644460104" lon="-72.6230423525"><ele>113.87</ele><time>2024-08-14T02:51:25Z</time></trkpt><trkpt lat="-39.3644788675" lon="-72.6230068132"><ele>113.87</ele><time>2024-08-14T02:51:26Z</time></trkpt><trkpt lat="-39.3645165022" lon="-72.6229707710"><ele>113.82</ele><time>2024-08-14T02:51:27Z</time></trkpt><trkpt lat="-39.3650081847" lon="-72.6224377658"><ele>114.30</ele><time>2024-08-14T02:51:39Z</time></trkpt><trkpt lat="-39.3650941830" lon="-72.6222637575"><ele>114.22</ele><time>2024-08-14T02:51:42Z</time></trkpt><trkpt lat="-39.3651339132" lon="-72.6222100295"><ele>114.43</ele><time>2024-08-14T02:51:43Z</time></trkpt><trkpt lat="-39.3656350672" lon="-72.6216684747"><ele>114.39</ele><time>2024-08-14T02:51:54Z</time></trkpt><trkpt lat="-39.3656576984" lon="-72.6216173451"><ele>114.45</ele><time>2024-08-14T02:51:55Z</time></trkpt><trkpt lat="-39.3657104205" lon="-72.6215047762"><ele>114.38</ele><time>2024-08-14T02:51:57Z</time></trkpt><trkpt lat="-39.3657483067" lon="-72.6214566641"><ele>114.34</ele><time>2024-08-14T02:51:58Z</time></trkpt><trkpt lat="-39.3657908868" lon="-72.6214123238"><ele>114.72</ele><time>2024-08-14T02:51:59Z</time></trkpt><trkpt lat="-39.3660772964" lon="-72.6211571787"><ele>114.97</ele><time>2024-08-14T02:52:05Z</time></trkpt><trkpt lat="-39.3661175296" lon="-72.6211397443"><ele>114.94</ele><time>2024-08-14T02:52:06Z</time></trkpt><trkpt lat="-39.3661596067" lon="-72.6211469527"><ele>114.78</ele><time>2024-08-14T02:52:07Z</time></trkpt><trkpt lat="-39.3662017677" lon="-72.6211719308"><ele>114.77</ele><time>2024-08-14T02:52:08Z</time></trkpt><trkpt lat="-39.3662430905" lon="-72.6212212164"><ele>114.82</ele><time>2024-08-14T02:52:09Z</time></trkpt><trkpt lat="-39.3662719242" lon="-72.6212749444"><ele>114.75</ele><time>2024-08-14T02:52:10Z</time></trkpt><trkpt lat="-39.3663029373" lon="-72.6213386469"><ele>114.67</ele><time>2024-08-14T02:52:11Z</time></trkpt><trkpt lat="-39.3663906958" lon="-72.6215063687"><ele>114.37</ele><time>2024-08-14T02:52:14Z</time></trkpt><trkpt lat="-39.3664640374" lon="-72.6215874217"><ele>114.31</ele><time>2024-08-14T02:52:17Z</time></trkpt><trkpt lat="-39.3664897699" lon="-72.6215876732"><ele>114.34</ele><time>2024-08-14T02:52:18Z</time></trkpt><trkpt lat="-39.3665133230" lon="-72.6215747651"><ele>114.36</ele><time>2024-08-14T02:52:19Z</time></trkpt><trkpt lat="-39.3665397260" lon="-72.6215530559"><ele>114.53</ele><time>2024-08-14T02:52:20Z</time></trkpt><trkpt lat="-39.3665698171" lon="-72.6215250604"><ele>114.72</ele><time>2024-08-14T02:52:21Z</time></trkpt><trkpt lat="-39.3668930233" lon="-72.6212037820"><ele>115.26</ele><time>2024-08-14T02:52:29Z</time></trkpt><trkpt lat="-39.3672944326" lon="-72.6208205614"><ele>115.63</ele><time>2024-08-14T02:52:40Z</time></trkpt><trkpt lat="-39.3672995456" lon="-72.6207877044"><ele>115.80</ele><time>2024-08-14T02:52:42Z</time></trkpt><trkpt lat="-39.3673020601" lon="-72.6207627263"><ele>115.85</ele><time>2024-08-14T02:52:43Z</time></trkpt><trkpt lat="-39.3672940135" lon="-72.6207247563"><ele>115.93</ele><time>2024-08-14T02:52:44Z</time></trkpt><trkpt lat="-39.3672768306" lon="-72.6206820086"><ele>116.00</ele><time>2024-08-14T02:52:45Z</time></trkpt><trkpt lat="-39.3672611564" lon="-72.6206456311"><ele>115.96</ele><time>2024-08-14T02:52:46Z</time></trkpt><trkpt lat="-39.3672179058" lon="-72.6204748917"><ele>116.05</ele><time>2024-08-14T02:52:50Z</time></trkpt><trkpt lat="-39.3672378547" lon="-72.6204381790"><ele>115.90</ele><time>2024-08-14T02:52:51Z</time></trkpt><trkpt lat="-39.3673369288" lon="-72.6203326508"><ele>116.09</ele><time>2024-08-14T02:52:54Z</time></trkpt><trkpt lat="-39.3675568700" lon="-72.6201431360"><ele>116.26</ele><time>2024-08-14T02:53:00Z</time></trkpt><trkpt lat="-39.3676105980" lon="-72.6201613247"><ele>116.18</ele><time>2024-08-14T02:53:02Z</time></trkpt><trkpt lat="-39.3676302955" lon="-72.6201878954"><ele>116.26</ele><time>2024-08-14T02:53:03Z</time></trkpt><trkpt lat="-39.3676500767" lon="-72.6202256139"><ele>116.20</ele><time>2024-08-14T02:53:04Z</time></trkpt><trkpt lat="-39.3676702771" lon="-72.6202642545"><ele>116.09</ele><time>2024-08-14T02:53:05Z</time></trkpt><trkpt lat="-39.3676875439" lon="-72.6203026436"><ele>116.18</ele><time>2024-08-14T02:53:06Z</time></trkpt><trkpt lat="-39.3677287828" lon="-72.6203456428"><ele>116.30</ele><time>2024-08-14T02:53:08Z</time></trkpt><trkpt lat="-39.3677583709" lon="-72.6203469839"><ele>116.26</ele><time>2024-08-14T02:53:09Z</time></trkpt><trkpt lat="-39.3677872047" lon="-72.6203343272"><ele>116.27</ele><time>2024-08-14T02:53:10Z</time></trkpt><trkpt lat="-39.3678185530" lon="-72.6203080080"><ele>116.24</ele><time>2024-08-14T02:53:11Z</time></trkpt><trkpt lat="-39.3678537570" lon="-72.6202797610"><ele>116.07</ele><time>2024-08-14T02:53:12Z</time></trkpt><trkpt lat="-39.3678913917" lon="-72.6202492509"><ele>116.28</ele><time>2024-08-14T02:53:13Z</time></trkpt><trkpt lat="-39.3684150930" lon="-72.6197601669"><ele>116.66</ele><time>2024-08-14T02:53:25Z</time></trkpt><trkpt lat="-39.3689439073" lon="-72.6192744356"><ele>116.86</ele><time>2024-08-14T02:53:39Z</time></trkpt><trkpt lat="-39.3689630181" lon="-72.6192827336"><ele>116.99</ele><time>2024-08-14T02:53:40Z</time></trkpt><trkpt lat="-39.3689785246" lon="-72.6193080470"><ele>117.11</ele><time>2024-08-14T02:53:41Z</time></trkpt><trkpt lat="-39.3689874932" lon="-72.6193455141"><ele>116.97</ele><time>2024-08-14T02:53:42Z</time></trkpt><trkpt lat="-39.3689955398" lon="-72.6193903573"><ele>116.91</ele><time>2024-08-14T02:53:43Z</time></trkpt><trkpt lat="-39.3690711446" lon="-72.6199032459"><ele>116.70</ele><time>2024-08-14T02:53:53Z</time></trkpt><trkpt lat="-39.3690637685" lon="-72.6199240331"><ele>116.72</ele><time>2024-08-14T02:53:54Z</time></trkpt><trkpt lat="-39.3690485973" lon="-72.6199456584"><ele>116.73</ele><time>2024-08-14T02:53:55Z</time></trkpt><trkpt lat="-39.3686242215" lon="-72.6203501690"><ele>116.60</ele><time>2024-08-14T02:54:06Z</time></trkpt><trkpt lat="-39.3678762205" lon="-72.6210296061"><ele>116.38</ele><time>2024-08-14T02:54:21Z</time></trkpt><trkpt lat="-39.3676493224" lon="-72.6213096455"><ele>115.99</ele><time>2024-08-14T02:54:30Z</time></trkpt><trkpt lat="-39.3676582910" lon="-72.6213565841"><ele>116.10</ele><time>2024-08-14T02:54:31Z</time></trkpt><trkpt lat="-39.3676782399" lon="-72.6214054506"><ele>116.00</ele><time>2024-08-14T02:54:32Z</time></trkpt><trkpt lat="-39.3680213112" lon="-72.6220336743"><ele>116.34</ele><time>2024-08-14T02:54:40Z</time></trkpt><trkpt lat="-39.3682842515" lon="-72.6225348283"><ele>115.75</ele><time>2024-08-14T02:54:49Z</time></trkpt><trkpt lat="-39.3683181982" lon="-72.6225729659"><ele>115.74</ele><time>2024-08-14T02:54:58Z</time></trkpt><trkpt lat="-39.3683368061" lon="-72.6225884724"><ele>115.86</ele><time>2024-08-14T02:54:59Z</time></trkpt><trkpt lat="-39.3683650531" lon="-72.6225978602"><ele>115.88</ele><time>2024-08-14T02:55:00Z</time></trkpt><trkpt lat="-39.3684026040" lon="-72.6225971896"><ele>115.93</ele><time>2024-08-14T02:55:01Z</time></trkpt><trkpt lat="-39.3684444297" lon="-72.6225849520"><ele>116.12</ele><time>2024-08-14T02:55:02Z</time></trkpt><trkpt lat="-39.3684908655" lon="-72.6225577947"><ele>116.21</ele><time>2024-08-14T02:55:03Z</time></trkpt><trkpt lat="-39.3685398996" lon="-72.6225161366"><ele>116.19</ele><time>2024-08-14T02:55:04Z</time></trkpt><trkpt lat="-39.3685937952" lon="-72.6224655099"><ele>116.26</ele><time>2024-08-14T02:55:05Z</time></trkpt><trkpt lat="-39.3694275431" lon="-72.6216523815"><ele>116.87</ele><time>2024-08-14T02:55:17Z</time></trkpt><trkpt lat="-39.3700532522" lon="-72.6210184582"><ele>116.77</ele><time>2024-08-14T02:55:28Z</time></trkpt><trkpt lat="-39.3701161165" lon="-72.6207941584"><ele>116.97</ele><time>2024-08-14T02:55:34Z</time></trkpt><trkpt lat="-39.3701016158" lon="-72.6207478903"><ele>116.85</ele><time>2024-08-14T02:55:35Z</time></trkpt><trkpt lat="-39.3700840976" lon="-72.6205784082"><ele>116.72</ele><time>2024-08-14T02:55:39Z</time></trkpt><trkpt lat="-39.3701057229" lon="-72.6205318887"><ele>116.67</ele><time>2024-08-14T02:55:40Z</time></trkpt><trkpt lat="-39.3701405078" lon="-72.6204769034"><ele>116.63</ele><time>2024-08-14T02:55:41Z</time></trkpt><trkpt lat="-39.3706568331" lon="-72.6198052615"><ele>115.38</ele><time>2024-08-14T02:55:50Z</time></trkpt><trkpt lat="-39.3715497572" lon="-72.6184824295"><ele>113.69</ele><time>2024-08-14T02:56:03Z</time></trkpt><trkpt lat="-39.3723660707" lon="-72.6168423425"><ele>112.85</ele><time>2024-08-14T02:56:17Z</time></trkpt><trkpt lat="-39.3730652053" lon="-72.6156351808"><ele>113.12</ele><time>2024-08-14T02:56:28Z</time></trkpt><trkpt lat="-39.3731172569" lon="-72.6155138947"><ele>113.14</ele><time>2024-08-14T02:56:29Z</time></trkpt><trkpt lat="-39.3731658719" lon="-72.6153848972"><ele>113.32</ele><time>2024-08-14T02:56:30Z</time></trkpt><trkpt lat="-39.3732052669" lon="-72.6152497809"><ele>113.33</ele><time>2024-08-14T02:56:31Z</time></trkpt><trkpt lat="-39.3732402194" lon="-72.6151094679"><ele>113.06</ele><time>2024-08-14T02:56:32Z</time></trkpt><trkpt lat="-39.3737158086" lon="-72.6132525411"><ele>111.94</ele><time>2024-08-14T02:56:46Z</time></trkpt><trkpt lat="-39.3740303814" lon="-72.6114897430"><ele>113.20</ele><time>2024-08-14T02:56:59Z</time></trkpt><trkpt lat="-39.3740327284" lon="-72.6104551647"><ele>117.06</ele><time>2024-08-14T02:57:06Z</time></trkpt><trkpt lat="-39.3740313035" lon="-72.6101575233"><ele>117.72</ele><time>2024-08-14T02:57:08Z</time></trkpt><trkpt lat="-39.3739731330" lon="-72.6080469601"><ele>118.26</ele><time>2024-08-14T02:57:22Z</time></trkpt><trkpt lat="-39.3736210931" lon="-72.6056084968"><ele>116.07</ele><time>2024-08-14T02:57:39Z</time></trkpt><trkpt lat="-39.3733724859" lon="-72.6043329388"><ele>116.52</ele><time>2024-08-14T02:57:48Z</time></trkpt><trkpt lat="-39.3733172491" lon="-72.6042063721"><ele>116.53</ele><time>2024-08-14T02:57:49Z</time></trkpt><trkpt lat="-39.3732558936" lon="-72.6040864270"><ele>116.59</ele><time>2024-08-14T02:57:50Z</time></trkpt><trkpt lat="-39.3731878325" lon="-72.6039702538"><ele>116.57</ele><time>2024-08-14T02:57:51Z</time></trkpt><trkpt lat="-39.3731164187" lon="-72.6038570143"><ele>116.58</ele><time>2024-08-14T02:57:52Z</time></trkpt><trkpt lat="-39.3723363988" lon="-72.6023610961"><ele>117.02</ele><time>2024-08-14T02:58:05Z</time></trkpt><trkpt lat="-39.3723145220" lon="-72.6022295002"><ele>116.95</ele><time>2024-08-14T02:58:06Z</time></trkpt><trkpt lat="-39.3723034579" lon="-72.6020952221"><ele>117.04</ele><time>2024-08-14T02:58:07Z</time></trkpt><trkpt lat="-39.3723044638" lon="-72.6019601896"><ele>116.83</ele><time>2024-08-14T02:58:08Z</time></trkpt><trkpt lat="-39.3723160308" lon="-72.6018262468"><ele>116.73</ele><time>2024-08-14T02:58:09Z</time></trkpt><trkpt lat="-39.3723402545" lon="-72.6016915496"><ele>116.62</ele><time>2024-08-14T02:58:10Z</time></trkpt><trkpt lat="-39.3723747879" lon="-72.6015578583"><ele>116.47</ele><time>2024-08-14T02:58:11Z</time></trkpt><trkpt lat="-39.3724146858" lon="-72.6014267653"><ele>116.27</ele><time>2024-08-14T02:58:12Z</time></trkpt><trkpt lat="-39.3724581879" lon="-72.6012962591"><ele>116.37</ele><time>2024-08-14T02:58:13Z</time></trkpt><trkpt lat="-39.3732227013" lon="-72.5994923059"><ele>117.86</ele><time>2024-08-14T02:58:27Z</time></trkpt><trkpt lat="-39.3738010526" lon="-72.5977814756"><ele>119.11</ele><time>2024-08-14T02:58:40Z</time></trkpt><trkpt lat="-39.3741346523" lon="-72.5959868263"><ele>119.60</ele><time>2024-08-14T02:58:53Z</time></trkpt><trkpt lat="-39.3744663242" lon="-72.5940822903"><ele>120.24</ele><time>2024-08-14T02:59:07Z</time></trkpt><trkpt lat="-39.3747658096" lon="-72.5923670176"><ele>124.05</ele><time>2024-08-14T02:59:20Z</time></trkpt><trkpt lat="-39.3751199450" lon="-72.5903329812"><ele>124.78</ele><time>2024-08-14T02:59:35Z</time></trkpt><trkpt lat="-39.3753298279" lon="-72.5892510451"><ele>122.48</ele><time>2024-08-14T02:59:45Z</time></trkpt><trkpt lat="-39.3753273133" lon="-72.5892106444"><ele>122.32</ele><time>2024-08-14T02:59:46Z</time></trkpt><trkpt lat="-39.3753208593" lon="-72.5891778711"><ele>122.17</ele><time>2024-08-14T02:59:47Z</time></trkpt><trkpt lat="-39.3753135670" lon="-72.5891615264"><ele>122.12</ele><time>2024-08-14T02:59:48Z</time></trkpt><trkpt lat="-39.3753020000" lon="-72.5891538989"><ele>122.02</ele><time>2024-08-14T02:59:49Z</time></trkpt><trkpt lat="-39.3752912711" lon="-72.5891473610"><ele>121.99</ele><time>2024-08-14T02:59:50Z</time></trkpt><trkpt lat="-39.3752800394" lon="-72.5891426671"><ele>121.91</ele><time>2024-08-14T02:59:51Z</time></trkpt><trkpt lat="-39.3752952106" lon="-72.5891724229"><ele>121.91</ele><time>2024-08-14T03:00:07Z</time></trkpt><trkpt lat="-39.3753066100" lon="-72.5891717523"><ele>122.13</ele><time>2024-08-14T03:00:08Z</time></trkpt><trkpt lat="-39.3753014132" lon="-72.5892309286"><ele>122.08</ele><time>2024-08-14T03:00:13Z</time></trkpt><trkpt lat="-39.3752922770" lon="-72.5892699044"><ele>122.21</ele><time>2024-08-14T03:00:14Z</time></trkpt><trkpt lat="-39.3752848171" lon="-72.5893258117"><ele>122.18</ele><time>2024-08-14T03:00:15Z</time></trkpt><trkpt lat="-39.3751854915" lon="-72.5900157262"><ele>124.04</ele><time>2024-08-14T03:00:22Z</time></trkpt><trkpt lat="-39.3749188632" lon="-72.5915536378"><ele>125.47</ele><time>2024-08-14T03:00:33Z</time></trkpt><trkpt lat="-39.3744456209" lon="-72.5941257086"><ele>125.80</ele><time>2024-08-14T03:00:49Z</time></trkpt><trkpt lat="-39.3740085047" lon="-72.5965390261"><ele>125.00</ele><time>2024-08-14T03:01:04Z</time></trkpt><trkpt lat="-39.3734654412" lon="-72.5988910720"><ele>123.92</ele><time>2024-08-14T03:01:19Z</time></trkpt><trkpt lat="-39.3725511432" lon="-72.6012390945"><ele>121.08</ele><time>2024-08-14T03:01:35Z</time></trkpt><trkpt lat="-39.3723672442" lon="-72.6017556712"><ele>119.92</ele><time>2024-08-14T03:01:39Z</time></trkpt><trkpt lat="-39.3722996023" lon="-72.6021600142"><ele>119.78</ele><time>2024-08-14T03:01:42Z</time></trkpt><trkpt lat="-39.3722961657" lon="-72.6022995729"><ele>119.90</ele><time>2024-08-14T03:01:43Z</time></trkpt><trkpt lat="-39.3723001052" lon="-72.6024417300"><ele>119.93</ele><time>2024-08-14T03:01:44Z</time></trkpt><trkpt lat="-39.3723157793" lon="-72.6025853958"><ele>120.37</ele><time>2024-08-14T03:01:45Z</time></trkpt><trkpt lat="-39.3723457027" lon="-72.6027277205"><ele>120.57</ele><time>2024-08-14T03:01:46Z</time></trkpt><trkpt lat="-39.3723903783" lon="-72.6028668601"><ele>120.81</ele><time>2024-08-14T03:01:47Z</time></trkpt><trkpt lat="-39.3724482134" lon="-72.6030046586"><ele>121.13</ele><time>2024-08-14T03:01:48Z</time></trkpt><trkpt lat="-39.3725167774" lon="-72.6031379309"><ele>120.21</ele><time>2024-08-14T03:01:49Z</time></trkpt><trkpt lat="-39.3725896161" lon="-72.6032700296"><ele>118.37</ele><time>2024-08-14T03:01:50Z</time></trkpt><trkpt lat="-39.3727455195" lon="-72.6035231631"><ele>117.47</ele><time>2024-08-14T03:01:52Z</time></trkpt><trkpt lat="-39.3734086119" lon="-72.6046373695"><ele>116.52</ele><time>2024-08-14T03:02:01Z</time></trkpt><trkpt lat="-39.3734499346" lon="-72.6047841366"><ele>116.53</ele><time>2024-08-14T03:02:02Z</time></trkpt><trkpt lat="-39.3737811036" lon="-72.6068561431"><ele>116.06</ele><time>2024-08-14T03:02:15Z</time></trkpt><trkpt lat="-39.3740188144" lon="-72.6092313230"><ele>115.37</ele><time>2024-08-14T03:02:30Z</time></trkpt><trkpt lat="-39.3740296271" lon="-72.6111159939"><ele>114.50</ele><time>2024-08-14T03:02:42Z</time></trkpt><trkpt lat="-39.3738070875" lon="-72.6129803807"><ele>112.22</ele><time>2024-08-14T03:02:54Z</time></trkpt><trkpt lat="-39.3733004853" lon="-72.6149564981"><ele>112.10</ele><time>2024-08-14T03:03:08Z</time></trkpt><trkpt lat="-39.3728024326" lon="-72.6161217503"><ele>113.16</ele><time>2024-08-14T03:03:19Z</time></trkpt><trkpt lat="-39.3720901385" lon="-72.6174163353"><ele>113.14</ele><time>2024-08-14T03:03:32Z</time></trkpt><trkpt lat="-39.3710149080" lon="-72.6193511300"><ele>114.44</ele><time>2024-08-14T03:03:51Z</time></trkpt><trkpt lat="-39.3700765539" lon="-72.6205430366"><ele>116.80</ele><time>2024-08-14T03:04:07Z</time></trkpt><trkpt lat="-39.3700411823" lon="-72.6206265204"><ele>117.10</ele><time>2024-08-14T03:04:08Z</time></trkpt><trkpt lat="-39.3698779028" lon="-72.6210739464"><ele>116.98</ele><time>2024-08-14T03:04:13Z</time></trkpt><trkpt lat="-39.3698268570" lon="-72.6211478747"><ele>116.88</ele><time>2024-08-14T03:04:14Z</time></trkpt><trkpt lat="-39.3697696086" lon="-72.6212118287"><ele>116.90</ele><time>2024-08-14T03:04:15Z</time></trkpt><trkpt lat="-39.3690007366" lon="-72.6219237875"><ele>116.34</ele><time>2024-08-14T03:04:27Z</time></trkpt><trkpt lat="-39.3680232391" lon="-72.6228421926"><ele>115.95</ele><time>2024-08-14T03:04:43Z</time></trkpt><trkpt lat="-39.3673049100" lon="-72.6235210430"><ele>115.56</ele><time>2024-08-14T03:04:56Z</time></trkpt><trkpt lat="-39.3663982395" lon="-72.6244194992"><ele>115.42</ele><time>2024-08-14T03:05:11Z</time></trkpt><trkpt lat="-39.3657458760" lon="-72.6250862796"><ele>115.05</ele><time>2024-08-14T03:05:22Z</time></trkpt><trkpt lat="-39.3657198083" lon="-72.6251547597"><ele>115.12</ele><time>2024-08-14T03:05:23Z</time></trkpt><trkpt lat="-39.3657112587" lon="-72.6252251677"><ele>115.11</ele><time>2024-08-14T03:05:24Z</time></trkpt><trkpt lat="-39.3657184672" lon="-72.6252970006"><ele>114.87</ele><time>2024-08-14T03:05:25Z</time></trkpt><trkpt lat="-39.3657442834" lon="-72.6253618766"><ele>114.89</ele><time>2024-08-14T03:05:26Z</time></trkpt><trkpt lat="-39.3657808285" lon="-72.6254213881"><ele>114.72</ele><time>2024-08-14T03:05:27Z</time></trkpt><trkpt lat="-39.3658208940" lon="-72.6254843362"><ele>114.70</ele><time>2024-08-14T03:05:28Z</time></trkpt><trkpt lat="-39.3662696611" lon="-72.6262304932"><ele>114.24</ele><time>2024-08-14T03:05:38Z</time></trkpt><trkpt lat="-39.3663098104" lon="-72.6262734924"><ele>114.31</ele><time>2024-08-14T03:05:39Z</time></trkpt><trkpt lat="-39.3663573358" lon="-72.6262980513"><ele>114.42</ele><time>2024-08-14T03:05:40Z</time></trkpt><trkpt lat="-39.3664137460" lon="-72.6262966264"><ele>114.35</ele><time>2024-08-14T03:05:41Z</time></trkpt><trkpt lat="-39.3664706592" lon="-72.6262766775"><ele>114.43</ele><time>2024-08-14T03:05:42Z</time></trkpt><trkpt lat="-39.3665278237" lon="-72.6262382045"><ele>114.30</ele><time>2024-08-14T03:05:43Z</time></trkpt><trkpt lat="-39.3665818032" lon="-72.6261926070"><ele>114.47</ele><time>2024-08-14T03:05:44Z</time></trkpt><trkpt lat="-39.3666370399" lon="-72.6261425670"><ele>114.42</ele><time>2024-08-14T03:05:45Z</time></trkpt><trkpt lat="-39.3674709555" lon="-72.6253218949"><ele>115.59</ele><time>2024-08-14T03:06:00Z</time></trkpt><trkpt lat="-39.3681365624" lon="-72.6246642508"><ele>115.81</ele><time>2024-08-14T03:06:13Z</time></trkpt><trkpt lat="-39.3681715149" lon="-72.6246466488"><ele>115.92</ele><time>2024-08-14T03:06:19Z</time></trkpt><trkpt lat="-39.3682488799" lon="-72.6245826110"><ele>115.95</ele><time>2024-08-14T03:06:22Z</time></trkpt><trkpt lat="-39.3687160034" lon="-72.6241382863"><ele>116.65</ele><time>2024-08-14T03:06:31Z</time></trkpt><trkpt lat="-39.3690943625" lon="-72.6237736735"><ele>116.92</ele><time>2024-08-14T03:06:40Z</time></trkpt><trkpt lat="-39.3696465623" lon="-72.6232480444"><ele>117.40</ele><time>2024-08-14T03:06:50Z</time></trkpt><trkpt lat="-39.3699998595" lon="-72.6228915621"><ele>117.39</ele><time>2024-08-14T03:06:58Z</time></trkpt><trkpt lat="-39.3700348120" lon="-72.6228488144"><ele>117.30</ele><time>2024-08-14T03:06:59Z</time></trkpt><trkpt lat="-39.3700760510" lon="-72.6228048932"><ele>117.27</ele><time>2024-08-14T03:07:00Z</time></trkpt><trkpt lat="-39.3707305938" lon="-72.6221681200"><ele>118.10</ele><time>2024-08-14T03:07:13Z</time></trkpt><trkpt lat="-39.3709268980" lon="-72.6222479995"><ele>117.85</ele><time>2024-08-14T03:07:19Z</time></trkpt><trkpt lat="-39.3709570728" lon="-72.6223027334"><ele>117.73</ele><time>2024-08-14T03:07:20Z</time></trkpt><trkpt lat="-39.3713686243" lon="-72.6231256686"><ele>115.53</ele><time>2024-08-14T03:07:33Z</time></trkpt><trkpt lat="-39.3713865615" lon="-72.6231853478"><ele>115.42</ele><time>2024-08-14T03:07:34Z</time></trkpt><trkpt lat="-39.3713910040" lon="-72.6232445240"><ele>115.28</ele><time>2024-08-14T03:07:35Z</time></trkpt><trkpt lat="-39.3713814486" lon="-72.6233042870"><ele>115.09</ele><time>2024-08-14T03:07:36Z</time></trkpt><trkpt lat="-39.3713581469" lon="-72.6233595237"><ele>114.97</ele><time>2024-08-14T03:07:37Z</time></trkpt><trkpt lat="-39.3713240325" lon="-72.6234076358"><ele>114.92</ele><time>2024-08-14T03:07:38Z</time></trkpt><trkpt lat="-39.3712810334" lon="-72.6234498806"><ele>115.13</ele><time>2024-08-14T03:07:39Z</time></trkpt><trkpt lat="-39.3712322507" lon="-72.6234894432"><ele>115.19</ele><time>2024-08-14T03:07:40Z</time></trkpt><trkpt lat="-39.3711843062" lon="-72.6235314365"><ele>115.34</ele><time>2024-08-14T03:07:41Z</time></trkpt><trkpt lat="-39.3704821542" lon="-72.6241632644"><ele>117.15</ele><time>2024-08-14T03:07:55Z</time></trkpt><trkpt lat="-39.3698198162" lon="-72.6247664262"><ele>116.24</ele><time>2024-08-14T03:08:06Z</time></trkpt><trkpt lat="-39.3694941793" lon="-72.6250484772"><ele>116.61</ele><time>2024-08-14T03:08:14Z</time></trkpt><trkpt lat="-39.3688768521" lon="-72.6256259903"><ele>116.52</ele><time>2024-08-14T03:08:24Z</time></trkpt><trkpt lat="-39.3684035260" lon="-72.6260819659"><ele>116.41</ele><time>2024-08-14T03:08:34Z</time></trkpt><trkpt lat="-39.3675004598" lon="-72.6269487385"><ele>114.85</ele><time>2024-08-14T03:08:48Z</time></trkpt><trkpt lat="-39.3670547102" lon="-72.6273950748"><ele>113.65</ele><time>2024-08-14T03:08:58Z</time></trkpt><trkpt lat="-39.3670270499" lon="-72.6275229827"><ele>113.82</ele><time>2024-08-14T03:09:01Z</time></trkpt><trkpt lat="-39.3670355156" lon="-72.6275822427"><ele>113.91</ele><time>2024-08-14T03:09:02Z</time></trkpt><trkpt lat="-39.3670597393" lon="-72.6276457775"><ele>113.88</ele><time>2024-08-14T03:09:03Z</time></trkpt><trkpt lat="-39.3670925125" lon="-72.6277112402"><ele>113.79</ele><time>2024-08-14T03:09:04Z</time></trkpt><trkpt lat="-39.3671321589" lon="-72.6277787983"><ele>113.69</ele><time>2024-08-14T03:09:05Z</time></trkpt><trkpt lat="-39.3671741523" lon="-72.6278482843"><ele>113.89</ele><time>2024-08-14T03:09:06Z</time></trkpt><trkpt lat="-39.3675785791" lon="-72.6285146456"><ele>113.72</ele><time>2024-08-14T03:09:16Z</time></trkpt><trkpt lat="-39.3676080834" lon="-72.6285381988"><ele>113.83</ele><time>2024-08-14T03:09:17Z</time></trkpt><trkpt lat="-39.3676297925" lon="-72.6285552140"><ele>113.76</ele><time>2024-08-14T03:09:18Z</time></trkpt><trkpt lat="-39.3676433712" lon="-72.6285647694"><ele>113.92</ele><time>2024-08-14T03:09:19Z</time></trkpt><trkpt lat="-39.3676973507" lon="-72.6285576448"><ele>113.77</ele><time>2024-08-14T03:09:26Z</time></trkpt><trkpt lat="-39.3677690160" lon="-72.6285106223"><ele>113.79</ele><time>2024-08-14T03:09:28Z</time></trkpt><trkpt lat="-39.3678131886" lon="-72.6284697186"><ele>113.95</ele><time>2024-08-14T03:09:29Z</time></trkpt><trkpt lat="-39.3684584275" lon="-72.6278220490"><ele>114.82</ele><time>2024-08-14T03:09:40Z</time></trkpt><trkpt lat="-39.3693210091" lon="-72.6269697770"><ele>115.70</ele><time>2024-08-14T03:09:54Z</time></trkpt><trkpt lat="-39.3695683591" lon="-72.6267583854"><ele>115.99</ele><time>2024-08-14T03:10:02Z</time></trkpt><trkpt lat="-39.3701493926" lon="-72.6261840574"><ele>115.68</ele><time>2024-08-14T03:10:13Z</time></trkpt><trkpt lat="-39.3703648075" lon="-72.6260441635"><ele>115.07</ele><time>2024-08-14T03:10:20Z</time></trkpt><trkpt lat="-39.3703964911" lon="-72.6260770205"><ele>115.52</ele><time>2024-08-14T03:10:21Z</time></trkpt><trkpt lat="-39.3704279233" lon="-72.6261183433"><ele>115.23</ele><time>2024-08-14T03:10:22Z</time></trkpt><trkpt lat="-39.3708586693" lon="-72.6268643327"><ele>114.32</ele><time>2024-08-14T03:10:33Z</time></trkpt><trkpt lat="-39.3712840509" lon="-72.6276548300"><ele>111.23</ele><time>2024-08-14T03:10:42Z</time></trkpt><trkpt lat="-39.3716044072" lon="-72.6282449160"><ele>109.17</ele><time>2024-08-14T03:10:51Z</time></trkpt><trkpt lat="-39.3716051616" lon="-72.6282892562"><ele>109.05</ele><time>2024-08-14T03:10:52Z</time></trkpt><trkpt lat="-39.3715943489" lon="-72.6283326745"><ele>109.30</ele><time>2024-08-14T03:10:53Z</time></trkpt><trkpt lat="-39.3715712149" lon="-72.6283767633"><ele>109.71</ele><time>2024-08-14T03:10:54Z</time></trkpt><trkpt lat="-39.3715366814" lon="-72.6284198463"><ele>109.68</ele><time>2024-08-14T03:10:55Z</time></trkpt><trkpt lat="-39.3714897428" lon="-72.6284677908"><ele>109.97</ele><time>2024-08-14T03:10:56Z</time></trkpt><trkpt lat="-39.3714363500" lon="-72.6285169926"><ele>109.81</ele><time>2024-08-14T03:10:57Z</time></trkpt><trkpt lat="-39.3710749224" lon="-72.6288474910"><ele>112.86</ele><time>2024-08-14T03:11:03Z</time></trkpt><trkpt lat="-39.3708800431" lon="-72.6290168054"><ele>114.57</ele><time>2024-08-14T03:11:07Z</time></trkpt><trkpt lat="-39.3708013371" lon="-72.6290759817"><ele>114.80</ele><time>2024-08-14T03:11:13Z</time></trkpt><trkpt lat="-39.3707856629" lon="-72.6290896442"><ele>114.66</ele><time>2024-08-14T03:11:14Z</time></trkpt><trkpt lat="-39.3707615230" lon="-72.6291098446"><ele>114.57</ele><time>2024-08-14T03:11:15Z</time></trkpt><trkpt lat="-39.3707327731" lon="-72.6291327272"><ele>114.59</ele><time>2024-08-14T03:11:16Z</time></trkpt><trkpt lat="-39.3707037717" lon="-72.6291562803"><ele>114.83</ele><time>2024-08-14T03:11:17Z</time></trkpt><trkpt lat="-39.3704754487" lon="-72.6294196397"><ele>114.88</ele><time>2024-08-14T03:11:28Z</time></trkpt><trkpt lat="-39.3704762030" lon="-72.6293971762"><ele>115.71</ele><time>2024-08-14T03:11:44Z</time></trkpt><trkpt lat="-39.3704732694" lon="-72.6293916442"><ele>115.76</ele><time>2024-08-14T03:11:49Z</time></trkpt><trkpt lat="-39.3705009297" lon="-72.6294003613"><ele>115.74</ele><time>2024-08-14T03:12:21Z</time></trkpt><trkpt lat="-39.3705112394" lon="-72.6294114254"><ele>115.91</ele><time>2024-08-14T03:13:01Z</time></trkpt><trkpt lat="-39.3704793882" lon="-72.6294219866"><ele>115.19</ele><time>2024-08-14T03:13:36Z</time></trkpt><trkpt lat="-39.3704657257" lon="-72.6294328831"><ele>115.22</ele><time>2024-08-14T03:13:37Z</time></trkpt><trkpt lat="-39.3703938928" lon="-72.6294883713"><ele>115.53</ele><time>2024-08-14T03:13:40Z</time></trkpt><trkpt lat="-39.3703607004" lon="-72.6295177918"><ele>115.28</ele><time>2024-08-14T03:13:41Z</time></trkpt><trkpt lat="-39.3698423635" lon="-72.6299988292"><ele>115.59</ele><time>2024-08-14T03:13:51Z</time></trkpt><trkpt lat="-39.3690919317" lon="-72.6306982990"><ele>114.91</ele><time>2024-08-14T03:14:05Z</time></trkpt><trkpt lat="-39.3687486090" lon="-72.6310329046"><ele>114.77</ele><time>2024-08-14T03:14:15Z</time></trkpt><trkpt lat="-39.3682002649" lon="-72.6315427758"><ele>114.34</ele><time>2024-08-14T03:14:26Z</time></trkpt><trkpt lat="-39.3682039529" lon="-72.6315328851"><ele>114.21</ele><time>2024-08-14T03:14:33Z</time></trkpt><trkpt lat="-39.3683083914" lon="-72.6314146165"><ele>114.27</ele><time>2024-08-14T03:14:45Z</time></trkpt><trkpt lat="-39.3683246523" lon="-72.6313739643"><ele>114.74</ele><time>2024-08-14T03:14:54Z</time></trkpt><trkpt lat="-39.3684129138" lon="-72.6313433703"><ele>114.56</ele><time>2024-08-14T03:14:58Z</time></trkpt><trkpt lat="-39.3686579168" lon="-72.6311245188"><ele>115.02</ele><time>2024-08-14T03:15:04Z</time></trkpt><trkpt lat="-39.3689702265" lon="-72.6307802740"><ele>115.12</ele><time>2024-08-14T03:15:13Z</time></trkpt><trkpt lat="-39.3689750042" lon="-72.6307331678"><ele>115.13</ele><time>2024-08-14T03:15:14Z</time></trkpt><trkpt lat="-39.3689684663" lon="-72.6306773443"><ele>115.21</ele><time>2024-08-14T03:15:15Z</time></trkpt><trkpt lat="-39.3689436559" lon="-72.6306121331"><ele>115.10</ele><time>2024-08-14T03:15:16Z</time></trkpt><trkpt lat="-39.3689084519" lon="-72.6305439882"><ele>115.20</ele><time>2024-08-14T03:15:17Z</time></trkpt><trkpt lat="-39.3684157636" lon="-72.6296867710"><ele>115.44</ele><time>2024-08-14T03:15:28Z</time></trkpt><trkpt lat="-39.3683668133" lon="-72.6296538301"><ele>115.52</ele><time>2024-08-14T03:15:29Z</time></trkpt><trkpt lat="-39.3683187012" lon="-72.6296437718"><ele>115.57</ele><time>2024-08-14T03:15:30Z</time></trkpt><trkpt lat="-39.3682678230" lon="-72.6296640560"><ele>115.21</ele><time>2024-08-14T03:15:31Z</time></trkpt><trkpt lat="-39.3682114128" lon="-72.6297193766"><ele>115.22</ele><time>2024-08-14T03:15:32Z</time></trkpt><trkpt lat="-39.3681529909" lon="-72.6297727693"><ele>115.38</ele><time>2024-08-14T03:15:33Z</time></trkpt><trkpt lat="-39.3674831931" lon="-72.6304514520"><ele>115.02</ele><time>2024-08-14T03:15:46Z</time></trkpt><trkpt lat="-39.3673469871" lon="-72.6306020748"><ele>114.91</ele><time>2024-08-14T03:15:56Z</time></trkpt><trkpt lat="-39.3673504237" lon="-72.6306340937"><ele>114.89</ele><time>2024-08-14T03:15:57Z</time></trkpt><trkpt lat="-39.3673679419" lon="-72.6306752488"><ele>114.88</ele><time>2024-08-14T03:15:58Z</time></trkpt><trkpt lat="-39.3673910759" lon="-72.6307271328"><ele>114.89</ele><time>2024-08-14T03:15:59Z</time></trkpt><trkpt lat="-39.3674204126" lon="-72.6307870634"><ele>114.94</ele><time>2024-08-14T03:16:00Z</time></trkpt><trkpt lat="-39.3674529344" lon="-72.6308526937"><ele>114.97</ele><time>2024-08-14T03:16:01Z</time></trkpt><trkpt lat="-39.3679068144" lon="-72.6316803228"><ele>114.98</ele><time>2024-08-14T03:16:14Z</time></trkpt><trkpt lat="-39.3679120950" lon="-72.6317312848"><ele>114.87</ele><time>2024-08-14T03:16:15Z</time></trkpt><trkpt lat="-39.3678997736" lon="-72.6317802351"><ele>114.85</ele><time>2024-08-14T03:16:16Z</time></trkpt><trkpt lat="-39.3678712752" lon="-72.6318197139"><ele>115.17</ele><time>2024-08-14T03:16:17Z</time></trkpt><trkpt lat="-39.3678352330" lon="-72.6318560913"><ele>115.17</ele><time>2024-08-14T03:16:18Z</time></trkpt><trkpt lat="-39.3677940778" lon="-72.6318947319"><ele>115.00</ele><time>2024-08-14T03:16:19Z</time></trkpt><trkpt lat="-39.3673089333" lon="-72.6323539764"><ele>114.56</ele><time>2024-08-14T03:16:29Z</time></trkpt><trkpt lat="-39.3672780041" lon="-72.6323557366"><ele>114.30</ele><time>2024-08-14T03:16:30Z</time></trkpt><trkpt lat="-39.3672492541" lon="-72.6323446725"><ele>114.50</ele><time>2024-08-14T03:16:31Z</time></trkpt><trkpt lat="-39.3672197498" lon="-72.6323214546"><ele>114.60</ele><time>2024-08-14T03:16:32Z</time></trkpt><trkpt lat="-39.3667993136" lon="-72.6318773814"><ele>114.81</ele><time>2024-08-14T03:16:46Z</time></trkpt><trkpt lat="-39.3665517960" lon="-72.6314449590"><ele>114.75</ele><time>2024-08-14T03:17:00Z</time></trkpt><trkpt lat="-39.3665499520" lon="-72.6314241719"><ele>114.58</ele><time>2024-08-14T03:17:01Z</time></trkpt><trkpt lat="-39.3665547296" lon="-72.6313941646"><ele>114.62</ele><time>2024-08-14T03:17:02Z</time></trkpt><trkpt lat="-39.3665696494" lon="-72.6313625649"><ele>114.69</ele><time>2024-08-14T03:17:03Z</time></trkpt><trkpt lat="-39.3665973097" lon="-72.6313261874"><ele>114.97</ele><time>2024-08-14T03:17:04Z</time></trkpt><trkpt lat="-39.3666377943" lon="-72.6312854514"><ele>114.83</ele><time>2024-08-14T03:17:05Z</time></trkpt><trkpt lat="-39.3671697099" lon="-72.6307580620"><ele>115.26</ele><time>2024-08-14T03:17:14Z</time></trkpt><trkpt lat="-39.3673848733" lon="-72.6306577306"><ele>115.14</ele><time>2024-08-14T03:17:21Z</time></trkpt><trkpt lat="-39.3674125336" lon="-72.6306943595"><ele>115.20</ele><time>2024-08-14T03:17:22Z</time></trkpt><trkpt lat="-39.3674489111" lon="-72.6307480037"><ele>115.10</ele><time>2024-08-14T03:17:23Z</time></trkpt><trkpt lat="-39.3674858753" lon="-72.6308132987"><ele>115.01</ele><time>2024-08-14T03:17:24Z</time></trkpt><trkpt lat="-39.3675221689" lon="-72.6308827847"><ele>115.00</ele><time>2024-08-14T03:17:25Z</time></trkpt><trkpt lat="-39.3681049626" lon="-72.6319481246"><ele>115.20</ele><time>2024-08-14T03:17:37Z</time></trkpt><trkpt lat="-39.3685733434" lon="-72.6327474229"><ele>115.66</ele><time>2024-08-14T03:17:45Z</time></trkpt><trkpt lat="-39.3686217070" lon="-72.6327888295"><ele>115.62</ele><time>2024-08-14T03:17:46Z</time></trkpt><trkpt lat="-39.3686747644" lon="-72.6328115445"><ele>115.56</ele><time>2024-08-14T03:17:47Z</time></trkpt><trkpt lat="-39.3687368743" lon="-72.6328078564"><ele>115.45</ele><time>2024-08-14T03:17:48Z</time></trkpt><trkpt lat="-39.3687952962" lon="-72.6327802800"><ele>115.26</ele><time>2024-08-14T03:17:49Z</time></trkpt><trkpt lat="-39.3688605074" lon="-72.6327293180"><ele>115.37</ele><time>2024-08-14T03:17:50Z</time></trkpt><trkpt lat="-39.3689185940" lon="-72.6326725725"><ele>115.23</ele><time>2024-08-14T03:17:51Z</time></trkpt><trkpt lat="-39.3689774349" lon="-72.6326152403"><ele>115.44</ele><time>2024-08-14T03:17:52Z</time></trkpt><trkpt lat="-39.3695201632" lon="-72.6320332848"><ele>115.32</ele><time>2024-08-14T03:18:04Z</time></trkpt><trkpt lat="-39.3695275392" lon="-72.6319731865"><ele>115.67</ele><time>2024-08-14T03:18:19Z</time></trkpt><trkpt lat="-39.3695888948" lon="-72.6319158543"><ele>115.80</ele><time>2024-08-14T03:18:22Z</time></trkpt><trkpt lat="-39.3701742031" lon="-72.6313865371"><ele>116.48</ele><time>2024-08-14T03:18:33Z</time></trkpt><trkpt lat="-39.3710350245" lon="-72.6305551361"><ele>116.40</ele><time>2024-08-14T03:18:47Z</time></trkpt><trkpt lat="-39.3711967953" lon="-72.6304140687"><ele>115.65</ele><time>2024-08-14T03:18:54Z</time></trkpt><trkpt lat="-39.3712233659" lon="-72.6303929463"><ele>115.64</ele><time>2024-08-14T03:18:57Z</time></trkpt><trkpt lat="-39.3712676223" lon="-72.6303419843"><ele>115.66</ele><time>2024-08-14T03:18:59Z</time></trkpt><trkpt lat="-39.3712988868" lon="-72.6303134020"><ele>115.67</ele><time>2024-08-14T03:19:00Z</time></trkpt><trkpt lat="-39.3717170600" lon="-72.6298783813"><ele>113.01</ele><time>2024-08-14T03:19:09Z</time></trkpt><trkpt lat="-39.3722853530" lon="-72.6294096652"><ele>110.56</ele><time>2024-08-14T03:19:21Z</time></trkpt><trkpt lat="-39.3723148573" lon="-72.6294245850"><ele>111.07</ele><time>2024-08-14T03:19:22Z</time></trkpt><trkpt lat="-39.3723485526" lon="-72.6294566877"><ele>110.91</ele><time>2024-08-14T03:19:23Z</time></trkpt><trkpt lat="-39.3723830022" lon="-72.6295024529"><ele>110.76</ele><time>2024-08-14T03:19:24Z</time></trkpt><trkpt lat="-39.3724194635" lon="-72.6295596175"><ele>110.80</ele><time>2024-08-14T03:19:25Z</time></trkpt><trkpt lat="-39.3724625465" lon="-72.6296265889"><ele>110.91</ele><time>2024-08-14T03:19:26Z</time></trkpt><trkpt lat="-39.3729170132" lon="-72.6304318383"><ele>109.91</ele><time>2024-08-14T03:19:38Z</time></trkpt><trkpt lat="-39.3729058653" lon="-72.6305153221"><ele>110.20</ele><time>2024-08-14T03:19:40Z</time></trkpt><trkpt lat="-39.3728746846" lon="-72.6305626798"><ele>109.88</ele><time>2024-08-14T03:19:41Z</time></trkpt><trkpt lat="-39.3728292547" lon="-72.6306137256"><ele>110.24</ele><time>2024-08-14T03:19:42Z</time></trkpt><trkpt lat="-39.3727775384" lon="-72.6306660287"><ele>110.49</ele><time>2024-08-14T03:19:43Z</time></trkpt><trkpt lat="-39.3727186974" lon="-72.6307244506"><ele>110.31</ele><time>2024-08-14T03:19:44Z</time></trkpt><trkpt lat="-39.3720950838" lon="-72.6313353237"><ele>112.59</ele><time>2024-08-14T03:19:56Z</time></trkpt><trkpt lat="-39.3715821952" lon="-72.6318292692"><ele>114.24</ele><time>2024-08-14T03:20:07Z</time></trkpt><trkpt lat="-39.3711420614" lon="-72.6322524715"><ele>116.18</ele><time>2024-08-14T03:20:18Z</time></trkpt><trkpt lat="-39.3706124090" lon="-72.6327563915"><ele>116.07</ele><time>2024-08-14T03:20:28Z</time></trkpt><trkpt lat="-39.3703057989" lon="-72.6330511831"><ele>115.68</ele><time>2024-08-14T03:20:36Z</time></trkpt><trkpt lat="-39.3698436208" lon="-72.6334815100"><ele>115.63</ele><time>2024-08-14T03:20:44Z</time></trkpt><trkpt lat="-39.3693891540" lon="-72.6339023653"><ele>114.66</ele><time>2024-08-14T03:20:54Z</time></trkpt><trkpt lat="-39.3693326600" lon="-72.6340075582"><ele>114.87</ele><time>2024-08-14T03:20:57Z</time></trkpt><trkpt lat="-39.3693334144" lon="-72.6340555027"><ele>114.98</ele><time>2024-08-14T03:20:58Z</time></trkpt><trkpt lat="-39.3693552911" lon="-72.6341157686"><ele>114.91</ele><time>2024-08-14T03:20:59Z</time></trkpt><trkpt lat="-39.3693892378" lon="-72.6341755316"><ele>114.84</ele><time>2024-08-14T03:21:00Z</time></trkpt><trkpt lat="-39.3694293872" lon="-72.6342462748"><ele>114.85</ele><time>2024-08-14T03:21:01Z</time></trkpt><trkpt lat="-39.3699203152" lon="-72.6350392867"><ele>115.32</ele><time>2024-08-14T03:21:12Z</time></trkpt><trkpt lat="-39.3699667510" lon="-72.6350559667"><ele>115.31</ele><time>2024-08-14T03:21:13Z</time></trkpt><trkpt lat="-39.3700152822" lon="-72.6350480039"><ele>114.85</ele><time>2024-08-14T03:21:14Z</time></trkpt><trkpt lat="-39.3700610474" lon="-72.6350272167"><ele>114.87</ele><time>2024-08-14T03:21:15Z</time></trkpt><trkpt lat="-39.3701029569" lon="-72.6349994726"><ele>114.95</ele><time>2024-08-14T03:21:16Z</time></trkpt><trkpt lat="-39.3701396696" lon="-72.6349662803"><ele>115.15</ele><time>2024-08-14T03:21:17Z</time></trkpt><trkpt lat="-39.3701761309" lon="-72.6349273883"><ele>115.27</ele><time>2024-08-14T03:21:18Z</time></trkpt><trkpt lat="-39.3702149391" lon="-72.6348833833"><ele>115.23</ele><time>2024-08-14T03:21:19Z</time></trkpt><trkpt lat="-39.3707634509" lon="-72.6343490370"><ele>116.05</ele><time>2024-08-14T03:21:29Z</time></trkpt><trkpt lat="-39.3709581625" lon="-72.6341421716"><ele>116.08</ele><time>2024-08-14T03:21:36Z</time></trkpt><trkpt lat="-39.3715448957" lon="-72.6335640717"><ele>114.43</ele><time>2024-08-14T03:21:46Z</time></trkpt><trkpt lat="-39.3718942534" lon="-72.6332261134"><ele>112.70</ele><time>2024-08-14T03:21:54Z</time></trkpt><trkpt lat="-39.3725463655" lon="-72.6326005720"><ele>112.13</ele><time>2024-08-14T03:22:05Z</time></trkpt><trkpt lat="-39.3727867585" lon="-72.6323590055"><ele>111.84</ele><time>2024-08-14T03:22:12Z</time></trkpt><trkpt lat="-39.3734257948" lon="-72.6317526586"><ele>110.81</ele><time>2024-08-14T03:22:23Z</time></trkpt><trkpt lat="-39.3737676088" lon="-72.6314058155"><ele>110.52</ele><time>2024-08-14T03:22:31Z</time></trkpt><trkpt lat="-39.3743856065" lon="-72.6308391988"><ele>110.11</ele><time>2024-08-14T03:22:43Z</time></trkpt><trkpt lat="-39.3749414943" lon="-72.6303317584"><ele>109.59</ele><time>2024-08-14T03:22:53Z</time></trkpt><trkpt lat="-39.3752929475" lon="-72.6299875136"><ele>108.39</ele><time>2024-08-14T03:22:59Z</time></trkpt><trkpt lat="-39.3753426522" lon="-72.6299707498"><ele>108.14</ele><time>2024-08-14T03:23:00Z</time></trkpt><trkpt lat="-39.3753867410" lon="-72.6299774554"><ele>109.45</ele><time>2024-08-14T03:23:01Z</time></trkpt><trkpt lat="-39.3754220288" lon="-72.6300103962"><ele>109.18</ele><time>2024-08-14T03:23:02Z</time></trkpt><trkpt lat="-39.3754588254" lon="-72.6300571673"><ele>108.90</ele><time>2024-08-14T03:23:03Z</time></trkpt><trkpt lat="-39.3754974660" lon="-72.6301117335"><ele>108.77</ele><time>2024-08-14T03:23:04Z</time></trkpt><trkpt lat="-39.3759168126" lon="-72.6309031527"><ele>108.66</ele><time>2024-08-14T03:23:14Z</time></trkpt><trkpt lat="-39.3759329058" lon="-72.6309659332"><ele>108.32</ele><time>2024-08-14T03:23:15Z</time></trkpt><trkpt lat="-39.3759385217" lon="-72.6310292166"><ele>108.07</ele><time>2024-08-14T03:23:16Z</time></trkpt><trkpt lat="-39.3759189080" lon="-72.6311010495"><ele>109.02</ele><time>2024-08-14T03:23:17Z</time></trkpt><trkpt lat="-39.3758826144" lon="-72.6311663445"><ele>109.32</ele><time>2024-08-14T03:23:18Z</time></trkpt><trkpt lat="-39.3758299761" lon="-72.6312232576"><ele>109.11</ele><time>2024-08-14T03:23:19Z</time></trkpt><trkpt lat="-39.3757715542" lon="-72.6312847808"><ele>109.09</ele><time>2024-08-14T03:23:20Z</time></trkpt><trkpt lat="-39.3751084618" lon="-72.6319556683"><ele>109.50</ele><time>2024-08-14T03:23:31Z</time></trkpt><trkpt lat="-39.3743420206" lon="-72.6327025797"><ele>110.15</ele><time>2024-08-14T03:23:43Z</time></trkpt><trkpt lat="-39.3739766534" lon="-72.6330627501"><ele>110.82</ele><time>2024-08-14T03:23:51Z</time></trkpt><trkpt lat="-39.3734344281" lon="-72.6335824281"><ele>111.04</ele><time>2024-08-14T03:24:01Z</time></trkpt><trkpt lat="-39.3733875733" lon="-72.6336297859"><ele>111.11</ele><time>2024-08-14T03:24:06Z</time></trkpt><trkpt lat="-39.3733672053" lon="-72.6336473878"><ele>111.03</ele><time>2024-08-14T03:24:07Z</time></trkpt><trkpt lat="-39.3733052630" lon="-72.6336985175"><ele>111.29</ele><time>2024-08-14T03:24:09Z</time></trkpt><trkpt lat="-39.3728252314" lon="-72.6341232285"><ele>111.33</ele><time>2024-08-14T03:24:17Z</time></trkpt><trkpt lat="-39.3717928324" lon="-72.6350791007"><ele>112.66</ele><time>2024-08-14T03:24:32Z</time></trkpt><trkpt lat="-39.3715713825" lon="-72.6352852117"><ele>113.58</ele><time>2024-08-14T03:24:39Z</time></trkpt><trkpt lat="-39.3711825460" lon="-72.6356642414"><ele>114.41</ele><time>2024-08-14T03:24:47Z</time></trkpt><trkpt lat="-39.3707160931" lon="-72.6361060515"><ele>114.81</ele><time>2024-08-14T03:24:56Z</time></trkpt><trkpt lat="-39.3706793804" lon="-72.6361349691"><ele>114.69</ele><time>2024-08-14T03:25:05Z</time></trkpt><trkpt lat="-39.3706383090" lon="-72.6361825783"><ele>114.80</ele><time>2024-08-14T03:25:07Z</time></trkpt><trkpt lat="-39.3706248142" lon="-72.6362222247"><ele>114.87</ele><time>2024-08-14T03:25:08Z</time></trkpt><trkpt lat="-39.3706214614" lon="-72.6362664811"><ele>115.01</ele><time>2024-08-14T03:25:09Z</time></trkpt><trkpt lat="-39.3706302624" lon="-72.6363217179"><ele>114.96</ele><time>2024-08-14T03:25:10Z</time></trkpt><trkpt lat="-39.3706593476" lon="-72.6363871805"><ele>114.86</ele><time>2024-08-14T03:25:11Z</time></trkpt><trkpt lat="-39.3706963956" lon="-72.6364544034"><ele>114.83</ele><time>2024-08-14T03:25:12Z</time></trkpt><trkpt lat="-39.3707395624" lon="-72.6365282480"><ele>114.69</ele><time>2024-08-14T03:25:13Z</time></trkpt><trkpt lat="-39.3712983839" lon="-72.6374475751"><ele>114.68</ele><time>2024-08-14T03:25:24Z</time></trkpt><trkpt lat="-39.3713651877" lon="-72.6374815218"><ele>114.02</ele><time>2024-08-14T03:25:26Z</time></trkpt><trkpt lat="-39.3713961169" lon="-72.6374689490"><ele>113.75</ele><time>2024-08-14T03:25:27Z</time></trkpt><trkpt lat="-39.3714310694" lon="-72.6374418754"><ele>113.24</ele><time>2024-08-14T03:25:28Z</time></trkpt><trkpt lat="-39.3719537649" lon="-72.6369277295"><ele>112.57</ele><time>2024-08-14T03:25:38Z</time></trkpt><trkpt lat="-39.3728867546" lon="-72.6359975059"><ele>111.26</ele><time>2024-08-14T03:25:52Z</time></trkpt><trkpt lat="-39.3741202354" lon="-72.6347719040"><ele>111.37</ele><time>2024-08-14T03:26:09Z</time></trkpt><trkpt lat="-39.3747546617" lon="-72.6341416687"><ele>110.69</ele><time>2024-08-14T03:26:20Z</time></trkpt><trkpt lat="-39.3757510185" lon="-72.6331940945"><ele>109.74</ele><time>2024-08-14T03:26:33Z</time></trkpt><trkpt lat="-39.3770828191" lon="-72.6317908801"><ele>112.16</ele><time>2024-08-14T03:26:51Z</time></trkpt><trkpt lat="-39.3778999709" lon="-72.6310083456"><ele>111.74</ele><time>2024-08-14T03:27:04Z</time></trkpt><trkpt lat="-39.3784540985" lon="-72.6306782663"><ele>111.58</ele><time>2024-08-14T03:27:14Z</time></trkpt><trkpt lat="-39.3797335960" lon="-72.6301344484"><ele>110.92</ele><time>2024-08-14T03:27:29Z</time></trkpt><trkpt lat="-39.3803133722" lon="-72.6298923790"><ele>111.06</ele><time>2024-08-14T03:27:38Z</time></trkpt><trkpt lat="-39.3809511513" lon="-72.6296324562"><ele>111.56</ele><time>2024-08-14T03:27:47Z</time></trkpt><trkpt lat="-39.3819408026" lon="-72.6292040572"><ele>111.58</ele><time>2024-08-14T03:28:01Z</time></trkpt><trkpt lat="-39.3825510889" lon="-72.6289468165"><ele>111.73</ele><time>2024-08-14T03:28:11Z</time></trkpt><trkpt lat="-39.3835970666" lon="-72.6285166573"><ele>112.57</ele><time>2024-08-14T03:28:27Z</time></trkpt><trkpt lat="-39.3836901058" lon="-72.6284715626"><ele>112.59</ele><time>2024-08-14T03:28:29Z</time></trkpt><trkpt lat="-39.3837202806" lon="-72.6284456626"><ele>112.55</ele><time>2024-08-14T03:28:30Z</time></trkpt><trkpt lat="-39.3837393075" lon="-72.6284182537"><ele>112.54</ele><time>2024-08-14T03:28:31Z</time></trkpt><trkpt lat="-39.3837485276" lon="-72.6283915155"><ele>112.62</ele><time>2024-08-14T03:28:32Z</time></trkpt><trkpt lat="-39.3837491982" lon="-72.6283639390"><ele>112.32</ele><time>2024-08-14T03:28:33Z</time></trkpt><trkpt lat="-39.3837433308" lon="-72.6283367816"><ele>112.68</ele><time>2024-08-14T03:28:34Z</time></trkpt><trkpt lat="-39.3837270699" lon="-72.6283052657"><ele>112.53</ele><time>2024-08-14T03:28:35Z</time></trkpt><trkpt lat="-39.3837019242" lon="-72.6282732468"><ele>112.55</ele><time>2024-08-14T03:28:36Z</time></trkpt><trkpt lat="-39.3836672232" lon="-72.6282444969"><ele>112.14</ele><time>2024-08-14T03:28:37Z</time></trkpt><trkpt lat="-39.3836290017" lon="-72.6282131486"><ele>112.30</ele><time>2024-08-14T03:28:38Z</time></trkpt><trkpt lat="-39.3831742834" lon="-72.6277173590"><ele>112.69</ele><time>2024-08-14T03:28:50Z</time></trkpt><trkpt lat="-39.3830452859" lon="-72.6276173629"><ele>112.82</ele><time>2024-08-14T03:28:53Z</time></trkpt><trkpt lat="-39.3829985987" lon="-72.6276132558"><ele>112.68</ele><time>2024-08-14T03:28:54Z</time></trkpt><trkpt lat="-39.3829552643" lon="-72.6276213024"><ele>112.63</ele><time>2024-08-14T03:28:55Z</time></trkpt><trkpt lat="-39.3829115946" lon="-72.6276387367"><ele>112.44</ele><time>2024-08-14T03:28:56Z</time></trkpt><trkpt lat="-39.3828650750" lon="-72.6276613679"><ele>112.15</ele><time>2024-08-14T03:28:57Z</time></trkpt><trkpt lat="-39.3828141969" lon="-72.6276828256"><ele>112.17</ele><time>2024-08-14T03:28:58Z</time></trkpt><trkpt lat="-39.3823189940" lon="-72.6279052813"><ele>111.55</ele><time>2024-08-14T03:29:10Z</time></trkpt><trkpt lat="-39.3822319899" lon="-72.6279251464"><ele>111.51</ele><time>2024-08-14T03:29:16Z</time></trkpt><trkpt lat="-39.3822221830" lon="-72.6279060356"><ele>111.54</ele><time>2024-08-14T03:29:17Z</time></trkpt><trkpt lat="-39.3821749929" lon="-72.6277932990"><ele>111.33</ele><time>2024-08-14T03:29:20Z</time></trkpt><trkpt lat="-39.3821552116" lon="-72.6277349610"><ele>111.40</ele><time>2024-08-14T03:29:21Z</time></trkpt><trkpt lat="-39.3819843885" lon="-72.6270908117"><ele>111.61</ele><time>2024-08-14T03:29:31Z</time></trkpt><trkpt lat="-39.3819219433" lon="-72.6270639896"><ele>111.78</ele><time>2024-08-14T03:29:33Z</time></trkpt><trkpt lat="-39.3818830512" lon="-72.6270696055"><ele>111.70</ele><time>2024-08-14T03:29:34Z</time></trkpt><trkpt lat="-39.3818409741" lon="-72.6270835195"><ele>111.72</ele><time>2024-08-14T03:29:35Z</time></trkpt><trkpt lat="-39.3816882558" lon="-72.6271752175"><ele>111.92</ele><time>2024-08-14T03:29:40Z</time></trkpt><trkpt lat="-39.3816813827" lon="-72.6272037160"><ele>111.68</ele><time>2024-08-14T03:29:41Z</time></trkpt><trkpt lat="-39.3816807959" lon="-72.6272356510"><ele>111.75</ele><time>2024-08-14T03:29:42Z</time></trkpt><trkpt lat="-39.3816850707" lon="-72.6272696815"><ele>111.87</ele><time>2024-08-14T03:29:43Z</time></trkpt><trkpt lat="-39.3816912733" lon="-72.6273028739"><ele>111.86</ele><time>2024-08-14T03:29:44Z</time></trkpt><trkpt lat="-39.3816972245" lon="-72.6273372397"><ele>111.80</ele><time>2024-08-14T03:29:45Z</time></trkpt><trkpt lat="-39.3818396330" lon="-72.6279055327"><ele>111.61</ele><time>2024-08-14T03:30:00Z</time></trkpt><trkpt lat="-39.3818499427" lon="-72.6280233823"><ele>111.41</ele><time>2024-08-14T03:30:04Z</time></trkpt><trkpt lat="-39.3818418961" lon="-72.6280373801"><ele>111.57</ele><time>2024-08-14T03:30:05Z</time></trkpt><trkpt lat="-39.3818253838" lon="-72.6280521322"><ele>111.62</ele><time>2024-08-14T03:30:06Z</time></trkpt><trkpt lat="-39.3818044290" lon="-72.6280678902"><ele>111.59</ele><time>2024-08-14T03:30:07Z</time></trkpt><trkpt lat="-39.3817766849" lon="-72.6280838158"><ele>111.57</ele><time>2024-08-14T03:30:08Z</time></trkpt><trkpt lat="-39.3814844918" lon="-72.6282367855"><ele>111.23</ele><time>2024-08-14T03:30:16Z</time></trkpt><trkpt lat="-39.3813312706" lon="-72.6283427328"><ele>111.27</ele><time>2024-08-14T03:30:21Z</time></trkpt><trkpt lat="-39.3813316058" lon="-72.6283795293"><ele>111.17</ele><time>2024-08-14T03:30:22Z</time></trkpt><trkpt lat="-39.3813388143" lon="-72.6284225285"><ele>110.94</ele><time>2024-08-14T03:30:23Z</time></trkpt><trkpt lat="-39.3815050274" lon="-72.6291240938"><ele>111.04</ele><time>2024-08-14T03:30:39Z</time></trkpt><trkpt lat="-39.3815177679" lon="-72.6292650774"><ele>110.82</ele><time>2024-08-14T03:30:44Z</time></trkpt><trkpt lat="-39.3815029319" lon="-72.6292904746"><ele>110.91</ele><time>2024-08-14T03:30:45Z</time></trkpt><trkpt lat="-39.3814834859" lon="-72.6293160394"><ele>110.84</ele><time>2024-08-14T03:30:46Z</time></trkpt><trkpt lat="-39.3814639561" lon="-72.6293367427"><ele>110.93</ele><time>2024-08-14T03:30:47Z</time></trkpt><trkpt lat="-39.3814433366" lon="-72.6293558534"><ele>110.97</ele><time>2024-08-14T03:30:48Z</time></trkpt><trkpt lat="-39.3814128265" lon="-72.6293753833"><ele>110.84</ele><time>2024-08-14T03:30:49Z</time></trkpt><trkpt lat="-39.3813771196" lon="-72.6293921471"><ele>110.98</ele><time>2024-08-14T03:30:50Z</time></trkpt><trkpt lat="-39.3812017702" lon="-72.6294828393"><ele>110.70</ele><time>2024-08-14T03:31:01Z</time></trkpt><trkpt lat="-39.3811747804" lon="-72.6295020338"><ele>110.76</ele><time>2024-08-14T03:31:05Z</time></trkpt><trkpt lat="-39.3811028637" lon="-72.6295434404"><ele>110.79</ele><time>2024-08-14T03:31:08Z</time></trkpt><trkpt lat="-39.3807982653" lon="-72.6296557579"><ele>110.65</ele><time>2024-08-14T03:31:18Z</time></trkpt><trkpt lat="-39.3804609776" lon="-72.6296798140"><ele>110.38</ele><time>2024-08-14T03:31:29Z</time></trkpt><trkpt lat="-39.3803416193" lon="-72.6292400155"><ele>110.63</ele><time>2024-08-14T03:31:43Z</time></trkpt><trkpt lat="-39.3801798485" lon="-72.6286023203"><ele>110.97</ele><time>2024-08-14T03:31:56Z</time></trkpt><trkpt lat="-39.3800263759" lon="-72.6279702410"><ele>110.53</ele><time>2024-08-14T03:32:08Z</time></trkpt><trkpt lat="-39.3800503481" lon="-72.6278895233"><ele>110.68</ele><time>2024-08-14T03:32:13Z</time></trkpt><trkpt lat="-39.3800818641" lon="-72.6278698258"><ele>110.64</ele><time>2024-08-14T03:32:14Z</time></trkpt><trkpt lat="-39.3801216781" lon="-72.6278486196"><ele>110.88</ele><time>2024-08-14T03:32:15Z</time></trkpt><trkpt lat="-39.3807324674" lon="-72.6275977492"><ele>111.22</ele><time>2024-08-14T03:32:28Z</time></trkpt><trkpt lat="-39.3810513988" lon="-72.6274545863"><ele>110.84</ele><time>2024-08-14T03:32:37Z</time></trkpt><trkpt lat="-39.3810034543" lon="-72.6270940807"><ele>110.57</ele><time>2024-08-14T03:32:46Z</time></trkpt><trkpt lat="-39.3810097408" lon="-72.6269823499"><ele>111.14</ele><time>2024-08-14T03:32:49Z</time></trkpt><trkpt lat="-39.3810291030" lon="-72.6269623172"><ele>111.17</ele><time>2024-08-14T03:32:50Z</time></trkpt><trkpt lat="-39.3810556736" lon="-72.6269418653"><ele>111.16</ele><time>2024-08-14T03:32:51Z</time></trkpt><trkpt lat="-39.3810854293" lon="-72.6269250177"><ele>111.08</ele><time>2024-08-14T03:32:52Z</time></trkpt><trkpt lat="-39.3811171968" lon="-72.6269111875"><ele>110.89</ele><time>2024-08-14T03:32:53Z</time></trkpt><trkpt lat="-39.3811501376" lon="-72.6268953457"><ele>111.07</ele><time>2024-08-14T03:32:54Z</time></trkpt><trkpt lat="-39.3811848387" lon="-72.6268738881"><ele>111.10</ele><time>2024-08-14T03:32:55Z</time></trkpt><trkpt lat="-39.3812187854" lon="-72.6268541906"><ele>111.18</ele><time>2024-08-14T03:32:56Z</time></trkpt><trkpt lat="-39.3812555820" lon="-72.6268387679"><ele>111.11</ele><time>2024-08-14T03:32:57Z</time></trkpt><trkpt lat="-39.3816408142" lon="-72.6266828645"><ele>111.22</ele><time>2024-08-14T03:33:09Z</time></trkpt><trkpt lat="-39.3816558179" lon="-72.6267019752"><ele>111.48</ele><time>2024-08-14T03:33:10Z</time></trkpt><trkpt lat="-39.3816673849" lon="-72.6267287973"><ele>111.53</ele><time>2024-08-14T03:33:11Z</time></trkpt><trkpt lat="-39.3816745933" lon="-72.6267674379"><ele>111.54</ele><time>2024-08-14T03:33:12Z</time></trkpt><trkpt lat="-39.3816849031" lon="-72.6268082578"><ele>111.29</ele><time>2024-08-14T03:33:13Z</time></trkpt><trkpt lat="-39.3817092944" lon="-72.6271083299"><ele>111.34</ele><time>2024-08-14T03:33:22Z</time></trkpt><trkpt lat="-39.3816890102" lon="-72.6271304581"><ele>111.25</ele><time>2024-08-14T03:33:23Z</time></trkpt><trkpt lat="-39.3816630263" lon="-72.6271461323"><ele>111.43</ele><time>2024-08-14T03:33:24Z</time></trkpt><trkpt lat="-39.3816405628" lon="-72.6271623932"><ele>111.54</ele><time>2024-08-14T03:33:25Z</time></trkpt><trkpt lat="-39.3816221226" lon="-72.6271736249"><ele>111.42</ele><time>2024-08-14T03:33:26Z</time></trkpt><trkpt lat="-39.3812854216" lon="-72.6273116749"><ele>111.11</ele><time>2024-08-14T03:33:37Z</time></trkpt><trkpt lat="-39.3808116764" lon="-72.6275785547"><ele>110.69</ele><time>2024-08-14T03:33:51Z</time></trkpt><trkpt lat="-39.3804727960" lon="-72.6276995055"><ele>111.04</ele><time>2024-08-14T03:34:01Z</time></trkpt><trkpt lat="-39.3804030586" lon="-72.6277626213"><ele>110.98</ele><time>2024-08-14T03:34:04Z</time></trkpt><trkpt lat="-39.3803985324" lon="-72.6277900301"><ele>110.21</ele><time>2024-08-14T03:34:05Z</time></trkpt><trkpt lat="-39.3803975265" lon="-72.6278194506"><ele>110.57</ele><time>2024-08-14T03:34:06Z</time></trkpt><trkpt lat="-39.3804009631" lon="-72.6278458536"><ele>111.06</ele><time>2024-08-14T03:34:07Z</time></trkpt><trkpt lat="-39.3804064114" lon="-72.6278730109"><ele>111.02</ele><time>2024-08-14T03:34:08Z</time></trkpt><trkpt lat="-39.3804125302" lon="-72.6279007550"><ele>110.79</ele><time>2024-08-14T03:34:09Z</time></trkpt><trkpt lat="-39.3805361632" lon="-72.6282690559"><ele>110.95</ele><time>2024-08-14T03:34:21Z</time></trkpt><trkpt lat="-39.3806654960" lon="-72.6287855487"><ele>110.92</ele><time>2024-08-14T03:34:36Z</time></trkpt><trkpt lat="-39.3808547594" lon="-72.6294442825"><ele>110.47</ele><time>2024-08-14T03:34:51Z</time></trkpt><trkpt lat="-39.3809234072" lon="-72.6295816619"><ele>110.50</ele><time>2024-08-14T03:34:59Z</time></trkpt><trkpt lat="-39.3809427693" lon="-72.6295867749"><ele>110.53</ele><time>2024-08-14T03:35:00Z</time></trkpt><trkpt lat="-39.3809680827" lon="-72.6295886189"><ele>110.32</ele><time>2024-08-14T03:35:01Z</time></trkpt><trkpt lat="-39.3810076453" lon="-72.6296054665"><ele>110.16</ele><time>2024-08-14T03:35:03Z</time></trkpt><trkpt lat="-39.3810294382" lon="-72.6296302769"><ele>110.81</ele><time>2024-08-14T03:35:04Z</time></trkpt><trkpt lat="-39.3810482975" lon="-72.6296618767"><ele>110.57</ele><time>2024-08-14T03:35:05Z</time></trkpt><trkpt lat="-39.3810635526" lon="-72.6297043730"><ele>110.77</ele><time>2024-08-14T03:35:06Z</time></trkpt><trkpt lat="-39.3810769636" lon="-72.6297504734"><ele>111.08</ele><time>2024-08-14T03:35:07Z</time></trkpt><trkpt lat="-39.3810910452" lon="-72.6298031118"><ele>111.02</ele><time>2024-08-14T03:35:08Z</time></trkpt><trkpt lat="-39.3813080527" lon="-72.6305826288"><ele>110.54</ele><time>2024-08-14T03:35:21Z</time></trkpt><trkpt lat="-39.3814279139" lon="-72.6309936773"><ele>110.49</ele><time>2024-08-14T03:35:31Z</time></trkpt><trkpt lat="-39.3816177640" lon="-72.6317979209"><ele>109.85</ele><time>2024-08-14T03:35:45Z</time></trkpt><trkpt lat="-39.3814225495" lon="-72.6321326941"><ele>109.83</ele><time>2024-08-14T03:35:54Z</time></trkpt><trkpt lat="-39.3812690768" lon="-72.6322470233"><ele>109.66</ele><time>2024-08-14T03:35:59Z</time></trkpt><trkpt lat="-39.3812487926" lon="-72.6322217099"><ele>110.72</ele><time>2024-08-14T03:36:00Z</time></trkpt><trkpt lat="-39.3812348787" lon="-72.6321819797"><ele>110.75</ele><time>2024-08-14T03:36:01Z</time></trkpt><trkpt lat="-39.3812219705" lon="-72.6321335323"><ele>110.45</ele><time>2024-08-14T03:36:02Z</time></trkpt><trkpt lat="-39.3812082242" lon="-72.6320788823"><ele>109.97</ele><time>2024-08-14T03:36:03Z</time></trkpt><trkpt lat="-39.3811918795" lon="-72.6320205443"><ele>110.05</ele><time>2024-08-14T03:36:04Z</time></trkpt><trkpt lat="-39.3809366506" lon="-72.6309759915"><ele>110.71</ele><time>2024-08-14T03:36:18Z</time></trkpt><trkpt lat="-39.3806866184" lon="-72.6298803091"><ele>110.86</ele><time>2024-08-14T03:36:31Z</time></trkpt><trkpt lat="-39.3804846983" lon="-72.6297435164"><ele>110.75</ele><time>2024-08-14T03:36:39Z</time></trkpt><trkpt lat="-39.3799540401" lon="-72.6300000865"><ele>110.42</ele><time>2024-08-14T03:36:51Z</time></trkpt><trkpt lat="-39.3797475100" lon="-72.6300601009"><ele>109.77</ele><time>2024-08-14T03:36:56Z</time></trkpt><trkpt lat="-39.3797214422" lon="-72.6300365478"><ele>110.54</ele><time>2024-08-14T03:36:57Z</time></trkpt><trkpt lat="-39.3796981405" lon="-72.6299939677"><ele>110.34</ele><time>2024-08-14T03:36:58Z</time></trkpt><trkpt lat="-39.3796778563" lon="-72.6299340371"><ele>110.52</ele><time>2024-08-14T03:36:59Z</time></trkpt><trkpt lat="-39.3796552252" lon="-72.6298598573"><ele>110.66</ele><time>2024-08-14T03:37:00Z</time></trkpt><trkpt lat="-39.3793447595" lon="-72.6286359318"><ele>110.87</ele><time>2024-08-14T03:37:13Z</time></trkpt><trkpt lat="-39.3792674784" lon="-72.6283045951"><ele>111.30</ele><time>2024-08-14T03:37:17Z</time></trkpt><trkpt lat="-39.3792599346" lon="-72.6282536332"><ele>111.21</ele><time>2024-08-14T03:37:18Z</time></trkpt><trkpt lat="-39.3792484514" lon="-72.6282169204"><ele>110.93</ele><time>2024-08-14T03:37:19Z</time></trkpt><trkpt lat="-39.3792310171" lon="-72.6281968039"><ele>110.74</ele><time>2024-08-14T03:37:20Z</time></trkpt><trkpt lat="-39.3792135827" lon="-72.6281930320"><ele>110.02</ele><time>2024-08-14T03:37:21Z</time></trkpt><trkpt lat="-39.3791982438" lon="-72.6281947922"><ele>110.39</ele><time>2024-08-14T03:37:22Z</time></trkpt><trkpt lat="-39.3791839108" lon="-72.6282025035"><ele>110.55</ele><time>2024-08-14T03:37:23Z</time></trkpt><trkpt lat="-39.3791684881" lon="-72.6282119751"><ele>110.55</ele><time>2024-08-14T03:37:24Z</time></trkpt><trkpt lat="-39.3789205514" lon="-72.6283599157"><ele>111.07</ele><time>2024-08-14T03:37:35Z</time></trkpt><trkpt lat="-39.3785321340" lon="-72.6285456587"><ele>110.51</ele><time>2024-08-14T03:37:48Z</time></trkpt><trkpt lat="-39.3780364282" lon="-72.6287525240"><ele>111.42</ele><time>2024-08-14T03:38:05Z</time></trkpt><trkpt lat="-39.3780024815" lon="-72.6286827866"><ele>111.75</ele><time>2024-08-14T03:38:08Z</time></trkpt><trkpt lat="-39.3779995479" lon="-72.6286367700"><ele>111.85</ele><time>2024-08-14T03:38:09Z</time></trkpt><trkpt lat="-39.3779999670" lon="-72.6285893284"><ele>111.74</ele><time>2024-08-14T03:38:10Z</time></trkpt><trkpt lat="-39.3780008890" lon="-72.6285304874"><ele>111.69</ele><time>2024-08-14T03:38:11Z</time></trkpt><trkpt lat="-39.3779706303" lon="-72.6276637148"><ele>112.37</ele><time>2024-08-14T03:38:20Z</time></trkpt><trkpt lat="-39.3780505937" lon="-72.6259601768"><ele>112.62</ele><time>2024-08-14T03:38:35Z</time></trkpt><trkpt lat="-39.3780780863" lon="-72.6258578338"><ele>112.76</ele><time>2024-08-14T03:38:36Z</time></trkpt><trkpt lat="-39.3781111110" lon="-72.6257619448"><ele>112.70</ele><time>2024-08-14T03:38:37Z</time></trkpt><trkpt lat="-39.3781814352" lon="-72.6255818177"><ele>112.77</ele><time>2024-08-14T03:38:39Z</time></trkpt><trkpt lat="-39.3787717726" lon="-72.6246976946"><ele>112.70</ele><time>2024-08-14T03:38:51Z</time></trkpt><trkpt lat="-39.3796574883" lon="-72.6234685723"><ele>112.67</ele><time>2024-08-14T03:39:03Z</time></trkpt><trkpt lat="-39.3808058091" lon="-72.6218869910"><ele>112.70</ele><time>2024-08-14T03:39:18Z</time></trkpt><trkpt lat="-39.3813328631" lon="-72.6211485453"><ele>115.02</ele><time>2024-08-14T03:39:25Z</time></trkpt><trkpt lat="-39.3817162514" lon="-72.6206105947"><ele>118.05</ele><time>2024-08-14T03:39:30Z</time></trkpt><trkpt lat="-39.3817988969" lon="-72.6204958465"><ele>118.30</ele><time>2024-08-14T03:39:31Z</time></trkpt><trkpt lat="-39.3827621453" lon="-72.6191493776"><ele>118.79</ele><time>2024-08-14T03:39:43Z</time></trkpt><trkpt lat="-39.3837980647" lon="-72.6177623402"><ele>118.99</ele><time>2024-08-14T03:39:56Z</time></trkpt><trkpt lat="-39.3845659308" lon="-72.6167052984"><ele>116.51</ele><time>2024-08-14T03:40:08Z</time></trkpt><trkpt lat="-39.3845606502" lon="-72.6166672446"><ele>115.23</ele><time>2024-08-14T03:40:10Z</time></trkpt><trkpt lat="-39.3845586386" lon="-72.6166541688"><ele>115.56</ele><time>2024-08-14T03:40:11Z</time></trkpt><trkpt lat="-39.3845436350" lon="-72.6166593656"><ele>115.40</ele><time>2024-08-14T03:40:15Z</time></trkpt><trkpt lat="-39.3844975345" lon="-72.6167346351"><ele>115.52</ele><time>2024-08-14T03:40:24Z</time></trkpt><trkpt lat="-39.3843858037" lon="-72.6169000100"><ele>116.48</ele><time>2024-08-14T03:40:27Z</time></trkpt><trkpt lat="-39.3837668002" lon="-72.6177417208"><ele>117.72</ele><time>2024-08-14T03:40:37Z</time></trkpt><trkpt lat="-39.3827164639" lon="-72.6191580947"><ele>118.26</ele><time>2024-08-14T03:40:52Z</time></trkpt><trkpt lat="-39.3815504573" lon="-72.6207749639"><ele>117.44</ele><time>2024-08-14T03:41:08Z</time></trkpt><trkpt lat="-39.3806844391" lon="-72.6219929382"><ele>115.51</ele><time>2024-08-14T03:41:21Z</time></trkpt><trkpt lat="-39.3796137348" lon="-72.6235228032"><ele>114.89</ele><time>2024-08-14T03:41:37Z</time></trkpt><trkpt lat="-39.3787525780" lon="-72.6247411128"><ele>114.41</ele><time>2024-08-14T03:41:51Z</time></trkpt><trkpt lat="-39.3780007213" lon="-72.6259248052"><ele>114.45</ele><time>2024-08-14T03:42:05Z</time></trkpt><trkpt lat="-39.3779647630" lon="-72.6260393858"><ele>114.48</ele><time>2024-08-14T03:42:06Z</time></trkpt><trkpt lat="-39.3779390305" lon="-72.6261593308"><ele>114.28</ele><time>2024-08-14T03:42:07Z</time></trkpt><trkpt lat="-39.3779231049" lon="-72.6262827124"><ele>114.34</ele><time>2024-08-14T03:42:08Z</time></trkpt><trkpt lat="-39.3779130466" lon="-72.6264070999"><ele>114.45</ele><time>2024-08-14T03:42:09Z</time></trkpt><trkpt lat="-39.3779073469" lon="-72.6265285537"><ele>114.22</ele><time>2024-08-14T03:42:10Z</time></trkpt><trkpt lat="-39.3779210933" lon="-72.6282082032"><ele>113.62</ele><time>2024-08-14T03:42:25Z</time></trkpt><trkpt lat="-39.3779696245" lon="-72.6301714964"><ele>111.97</ele><time>2024-08-14T03:42:44Z</time></trkpt><trkpt lat="-39.3779740669" lon="-72.6302308403"><ele>111.55</ele><time>2024-08-14T03:42:45Z</time></trkpt><trkpt lat="-39.3779861368" lon="-72.6302691456"><ele>111.06</ele><time>2024-08-14T03:42:46Z</time></trkpt><trkpt lat="-39.3780146353" lon="-72.6302936208"><ele>110.96</ele><time>2024-08-14T03:42:47Z</time></trkpt><trkpt lat="-39.3780557066" lon="-72.6302920282"><ele>110.89</ele><time>2024-08-14T03:42:48Z</time></trkpt><trkpt lat="-39.3780839536" lon="-72.6302875020"><ele>110.28</ele><time>2024-08-14T03:42:49Z</time></trkpt><trkpt lat="-39.3781173974" lon="-72.6302730013"><ele>110.29</ele><time>2024-08-14T03:42:50Z</time></trkpt><trkpt lat="-39.3781568762" lon="-72.6302538905"><ele>110.90</ele><time>2024-08-14T03:42:51Z</time></trkpt><trkpt lat="-39.3787636422" lon="-72.6299580093"><ele>111.72</ele><time>2024-08-14T03:43:02Z</time></trkpt><trkpt lat="-39.3795527983" lon="-72.6296243258"><ele>110.61</ele><time>2024-08-14T03:43:16Z</time></trkpt><trkpt lat="-39.3796304986" lon="-72.6296403352"><ele>110.19</ele><time>2024-08-14T03:43:20Z</time></trkpt><trkpt lat="-39.3796477653" lon="-72.6296666544"><ele>110.18</ele><time>2024-08-14T03:43:21Z</time></trkpt><trkpt lat="-39.3796629366" lon="-72.6297055464"><ele>110.18</ele><time>2024-08-14T03:43:22Z</time></trkpt><trkpt lat="-39.3796746712" lon="-72.6297551673"><ele>110.68</ele><time>2024-08-14T03:43:23Z</time></trkpt><trkpt lat="-39.3796830531" lon="-72.6298134215"><ele>110.78</ele><time>2024-08-14T03:43:24Z</time></trkpt><trkpt lat="-39.3797806185" lon="-72.6302384678"><ele>110.07</ele><time>2024-08-14T03:43:34Z</time></trkpt><trkpt lat="-39.3797968794" lon="-72.6307419688"><ele>110.80</ele><time>2024-08-14T03:43:46Z</time></trkpt><trkpt lat="-39.3791611958" lon="-72.6310288813"><ele>111.00</ele><time>2024-08-14T03:44:01Z</time></trkpt><trkpt lat="-39.3786347285" lon="-72.6312725432"><ele>111.21</ele><time>2024-08-14T03:44:13Z</time></trkpt><trkpt lat="-39.3781706225" lon="-72.6315146964"><ele>110.86</ele><time>2024-08-14T03:44:26Z</time></trkpt><trkpt lat="-39.3781647552" lon="-72.6315475535"><ele>111.04</ele><time>2024-08-14T03:44:27Z</time></trkpt><trkpt lat="-39.3781656772" lon="-72.6315867808"><ele>110.95</ele><time>2024-08-14T03:44:28Z</time></trkpt><trkpt lat="-39.3781765737" lon="-72.6316334680"><ele>110.72</ele><time>2024-08-14T03:44:29Z</time></trkpt><trkpt lat="-39.3781878054" lon="-72.6316807419"><ele>110.79</ele><time>2024-08-14T03:44:30Z</time></trkpt><trkpt lat="-39.3782042339" lon="-72.6317239925"><ele>110.85</ele><time>2024-08-14T03:44:31Z</time></trkpt><trkpt lat="-39.3782200757" lon="-72.6317682490"><ele>110.87</ele><time>2024-08-14T03:44:32Z</time></trkpt><trkpt lat="-39.3783022184" lon="-72.6319088135"><ele>110.67</ele><time>2024-08-14T03:44:36Z</time></trkpt><trkpt lat="-39.3783377577" lon="-72.6319232304"><ele>110.58</ele><time>2024-08-14T03:44:37Z</time></trkpt><trkpt lat="-39.3783793319" lon="-72.6319228113"><ele>110.86</ele><time>2024-08-14T03:44:38Z</time></trkpt><trkpt lat="-39.3784199841" lon="-72.6319114119"><ele>111.04</ele><time>2024-08-14T03:44:39Z</time></trkpt><trkpt lat="-39.3784597982" lon="-72.6318933070"><ele>111.00</ele><time>2024-08-14T03:44:40Z</time></trkpt><trkpt lat="-39.3785031326" lon="-72.6318702567"><ele>110.91</ele><time>2024-08-14T03:44:41Z</time></trkpt><trkpt lat="-39.3792600185" lon="-72.6315270178"><ele>110.56</ele><time>2024-08-14T03:44:57Z</time></trkpt><trkpt lat="-39.3797674589" lon="-72.6313043106"><ele>110.77</ele><time>2024-08-14T03:45:08Z</time></trkpt><trkpt lat="-39.3799819518" lon="-72.6312437095"><ele>110.09</ele><time>2024-08-14T03:45:17Z</time></trkpt><trkpt lat="-39.3800164014" lon="-72.6312575396"><ele>109.99</ele><time>2024-08-14T03:45:19Z</time></trkpt><trkpt lat="-39.3800332490" lon="-72.6312758960"><ele>110.26</ele><time>2024-08-14T03:45:20Z</time></trkpt><trkpt lat="-39.3800468277" lon="-72.6313042268"><ele>110.28</ele><time>2024-08-14T03:45:21Z</time></trkpt><trkpt lat="-39.3800911680" lon="-72.6317147724"><ele>110.89</ele><time>2024-08-14T03:45:30Z</time></trkpt><trkpt lat="-39.3800630048" lon="-72.6317470428"><ele>110.80</ele><time>2024-08-14T03:45:31Z</time></trkpt><trkpt lat="-39.3800263759" lon="-72.6317780558"><ele>110.55</ele><time>2024-08-14T03:45:32Z</time></trkpt><trkpt lat="-39.3799834605" lon="-72.6318037044"><ele>110.77</ele><time>2024-08-14T03:45:33Z</time></trkpt><trkpt lat="-39.3799357675" lon="-72.6318257488"><ele>110.87</ele><time>2024-08-14T03:45:34Z</time></trkpt><trkpt lat="-39.3798845541" lon="-72.6318463683"><ele>110.89</ele><time>2024-08-14T03:45:35Z</time></trkpt><trkpt lat="-39.3790719286" lon="-72.6322082151"><ele>110.73</ele><time>2024-08-14T03:45:50Z</time></trkpt><trkpt lat="-39.3784664199" lon="-72.6324148290"><ele>110.89</ele><time>2024-08-14T03:46:00Z</time></trkpt><trkpt lat="-39.3783559464" lon="-72.6323129889"><ele>111.47</ele><time>2024-08-14T03:46:04Z</time></trkpt><trkpt lat="-39.3783313874" lon="-72.6322559081"><ele>111.91</ele><time>2024-08-14T03:46:05Z</time></trkpt><trkpt lat="-39.3780463189" lon="-72.6313223317"><ele>113.22</ele><time>2024-08-14T03:46:16Z</time></trkpt><trkpt lat="-39.3779780902" lon="-72.6310734730"><ele>113.07</ele><time>2024-08-14T03:46:19Z</time></trkpt><trkpt lat="-39.3779490050" lon="-72.6310177334"><ele>112.75</ele><time>2024-08-14T03:46:20Z</time></trkpt><trkpt lat="-39.3779122084" lon="-72.6309837028"><ele>111.79</ele><time>2024-08-14T03:46:21Z</time></trkpt><trkpt lat="-39.3778689578" lon="-72.6309712976"><ele>111.75</ele><time>2024-08-14T03:46:22Z</time></trkpt><trkpt lat="-39.3778130505" lon="-72.6310048252"><ele>111.80</ele><time>2024-08-14T03:46:23Z</time></trkpt><trkpt lat="-39.3777589872" lon="-72.6310486626"><ele>111.68</ele><time>2024-08-14T03:46:24Z</time></trkpt><trkpt lat="-39.3777017388" lon="-72.6310992055"><ele>112.32</ele><time>2024-08-14T03:46:25Z</time></trkpt><trkpt lat="-39.3769246526" lon="-72.6318389922"><ele>113.30</ele><time>2024-08-14T03:46:36Z</time></trkpt><trkpt lat="-39.3766796496" lon="-72.6321186963"><ele>112.56</ele><time>2024-08-14T03:46:40Z</time></trkpt><trkpt lat="-39.3766454514" lon="-72.6321880985"><ele>112.00</ele><time>2024-08-14T03:46:41Z</time></trkpt><trkpt lat="-39.3766310345" lon="-72.6322488673"><ele>111.25</ele><time>2024-08-14T03:46:42Z</time></trkpt><trkpt lat="-39.3766312022" lon="-72.6322929561"><ele>110.67</ele><time>2024-08-14T03:46:43Z</time></trkpt><trkpt lat="-39.3766421825" lon="-72.6323398110"><ele>110.54</ele><time>2024-08-14T03:46:44Z</time></trkpt><trkpt lat="-39.3766605388" lon="-72.6323845703"><ele>109.44</ele><time>2024-08-14T03:46:45Z</time></trkpt><trkpt lat="-39.3766845949" lon="-72.6324336883"><ele>109.40</ele><time>2024-08-14T03:46:46Z</time></trkpt><trkpt lat="-39.3770572543" lon="-72.6330769993"><ele>109.97</ele><time>2024-08-14T03:46:53Z</time></trkpt><trkpt lat="-39.3772424106" lon="-72.6334282011"><ele>108.52</ele><time>2024-08-14T03:46:57Z</time></trkpt><trkpt lat="-39.3772448413" lon="-72.6334960107"><ele>108.66</ele><time>2024-08-14T03:46:58Z</time></trkpt><trkpt lat="-39.3772279099" lon="-72.6335584559"><ele>109.04</ele><time>2024-08-14T03:46:59Z</time></trkpt><trkpt lat="-39.3771941308" lon="-72.6336224936"><ele>108.59</ele><time>2024-08-14T03:47:00Z</time></trkpt><trkpt lat="-39.3771483656" lon="-72.6336857770"><ele>109.23</ele><time>2024-08-14T03:47:01Z</time></trkpt><trkpt lat="-39.3770927098" lon="-72.6337519102"><ele>109.31</ele><time>2024-08-14T03:47:02Z</time></trkpt><trkpt lat="-39.3770274986" lon="-72.6338223182"><ele>109.27</ele><time>2024-08-14T03:47:03Z</time></trkpt><trkpt lat="-39.3764956668" lon="-72.6343223825"><ele>107.90</ele><time>2024-08-14T03:47:12Z</time></trkpt><trkpt lat="-39.3758961093" lon="-72.6348909270"><ele>108.54</ele><time>2024-08-14T03:47:23Z</time></trkpt><trkpt lat="-39.3753088731" lon="-72.6354380976"><ele>108.28</ele><time>2024-08-14T03:47:35Z</time></trkpt><trkpt lat="-39.3750626128" lon="-72.6356672589"><ele>110.12</ele><time>2024-08-14T03:47:40Z</time></trkpt><trkpt lat="-39.3747332040" lon="-72.6359696779"><ele>110.19</ele><time>2024-08-14T03:47:49Z</time></trkpt><trkpt lat="-39.3744483031" lon="-72.6362416707"><ele>110.94</ele><time>2024-08-14T03:48:01Z</time></trkpt><trkpt lat="-39.3738792557" lon="-72.6367487758"><ele>110.74</ele><time>2024-08-14T03:48:12Z</time></trkpt><trkpt lat="-39.3734058458" lon="-72.6372149773"><ele>111.85</ele><time>2024-08-14T03:48:23Z</time></trkpt><trkpt lat="-39.3729799613" lon="-72.6376433764"><ele>110.06</ele><time>2024-08-14T03:48:32Z</time></trkpt><trkpt lat="-39.3726616167" lon="-72.6380003616"><ele>111.61</ele><time>2024-08-14T03:48:41Z</time></trkpt><trkpt lat="-39.3720164616" lon="-72.6386273280"><ele>112.47</ele><time>2024-08-14T03:48:54Z</time></trkpt><trkpt lat="-39.3719970994" lon="-72.6387065370"><ele>112.42</ele><time>2024-08-14T03:48:56Z</time></trkpt><trkpt lat="-39.3720090017" lon="-72.6387614384"><ele>112.30</ele><time>2024-08-14T03:48:57Z</time></trkpt><trkpt lat="-39.3720338121" lon="-72.6388208661"><ele>112.01</ele><time>2024-08-14T03:48:58Z</time></trkpt><trkpt lat="-39.3720697705" lon="-72.6388856582"><ele>112.31</ele><time>2024-08-14T03:48:59Z</time></trkpt><trkpt lat="-39.3721110933" lon="-72.6389541384"><ele>113.04</ele><time>2024-08-14T03:49:00Z</time></trkpt><trkpt lat="-39.3726940546" lon="-72.6398987789"><ele>114.10</ele><time>2024-08-14T03:49:11Z</time></trkpt><trkpt lat="-39.3732320890" lon="-72.6408110652"><ele>111.45</ele><time>2024-08-14T03:49:22Z</time></trkpt><trkpt lat="-39.3733212724" lon="-72.6408387255"><ele>110.50</ele><time>2024-08-14T03:49:25Z</time></trkpt><trkpt lat="-39.3733593263" lon="-72.6408144180"><ele>110.52</ele><time>2024-08-14T03:49:26Z</time></trkpt><trkpt lat="-39.3734066002" lon="-72.6407792140"><ele>110.64</ele><time>2024-08-14T03:49:27Z</time></trkpt><trkpt lat="-39.3739906512" lon="-72.6402301993"><ele>111.06</ele><time>2024-08-14T03:49:36Z</time></trkpt><trkpt lat="-39.3742576148" lon="-72.6400054805"><ele>108.98</ele><time>2024-08-14T03:49:43Z</time></trkpt><trkpt lat="-39.3742528372" lon="-72.6399730425"><ele>108.81</ele><time>2024-08-14T03:50:05Z</time></trkpt><trkpt lat="-39.3742585368" lon="-72.6399578713"><ele>107.27</ele><time>2024-08-14T03:50:13Z</time></trkpt><trkpt lat="-39.3742468860" lon="-72.6399372518"><ele>111.09</ele><time>2024-08-14T03:50:26Z</time></trkpt><trkpt lat="-39.3742461316" lon="-72.6399261877"><ele>108.90</ele><time>2024-08-14T03:50:29Z</time></trkpt><trkpt lat="-39.3742240034" lon="-72.6399474777"><ele>108.76</ele><time>2024-08-14T03:51:02Z</time></trkpt><trkpt lat="-39.3742400967" lon="-72.6399313845"><ele>108.84</ele><time>2024-08-14T03:51:06Z</time></trkpt><trkpt lat="-39.3743012007" lon="-72.6398640778"><ele>109.29</ele><time>2024-08-14T03:51:09Z</time></trkpt><trkpt lat="-39.3747568410" lon="-72.6394089404"><ele>110.24</ele><time>2024-08-14T03:51:18Z</time></trkpt><trkpt lat="-39.3748928793" lon="-72.6392799430"><ele>109.19</ele><time>2024-08-14T03:51:20Z</time></trkpt><trkpt lat="-39.3759635836" lon="-72.6383338775"><ele>108.79</ele><time>2024-08-14T03:51:35Z</time></trkpt><trkpt lat="-39.3759973627" lon="-72.6382821612"><ele>108.90</ele><time>2024-08-14T03:51:36Z</time></trkpt><trkpt lat="-39.3760135397" lon="-72.6382197160"><ele>108.61</ele><time>2024-08-14T03:51:37Z</time></trkpt><trkpt lat="-39.3760043196" lon="-72.6381483860"><ele>108.57</ele><time>2024-08-14T03:51:38Z</time></trkpt><trkpt lat="-39.3759812694" lon="-72.6380761340"><ele>108.28</ele><time>2024-08-14T03:51:39Z</time></trkpt><trkpt lat="-39.3759402819" lon="-72.6380006969"><ele>108.19</ele><time>2024-08-14T03:51:40Z</time></trkpt><trkpt lat="-39.3758903258" lon="-72.6379210688"><ele>108.31</ele><time>2024-08-14T03:51:41Z</time></trkpt><trkpt lat="-39.3758358434" lon="-72.6378380880"><ele>108.34</ele><time>2024-08-14T03:51:42Z</time></trkpt><trkpt lat="-39.3750508782" lon="-72.6365025155"><ele>109.31</ele><time>2024-08-14T03:51:56Z</time></trkpt><trkpt lat="-39.3742003664" lon="-72.6350380294"><ele>109.90</ele><time>2024-08-14T03:52:11Z</time></trkpt><trkpt lat="-39.3740489054" lon="-72.6347538829"><ele>109.78</ele><time>2024-08-14T03:52:18Z</time></trkpt><trkpt lat="-39.3737093545" lon="-72.6341943070"><ele>110.38</ele><time>2024-08-14T03:52:26Z</time></trkpt><trkpt lat="-39.3729984015" lon="-72.6329833735"><ele>110.73</ele><time>2024-08-14T03:52:40Z</time></trkpt><trkpt lat="-39.3721093331" lon="-72.6314345654"><ele>111.79</ele><time>2024-08-14T03:52:57Z</time></trkpt><trkpt lat="-39.3720397633" lon="-72.6313239243"><ele>112.30</ele><time>2024-08-14T03:52:59Z</time></trkpt><trkpt lat="-39.3720012065" lon="-72.6313077472"><ele>111.97</ele><time>2024-08-14T03:53:00Z</time></trkpt><trkpt lat="-39.3719639070" lon="-72.6313095074"><ele>111.83</ele><time>2024-08-14T03:53:01Z</time></trkpt><trkpt lat="-39.3719251826" lon="-72.6313380897"><ele>110.92</ele><time>2024-08-14T03:53:02Z</time></trkpt><trkpt lat="-39.3718846142" lon="-72.6313821785"><ele>111.55</ele><time>2024-08-14T03:53:03Z</time></trkpt><trkpt lat="-39.3718380947" lon="-72.6314294524"><ele>112.05</ele><time>2024-08-14T03:53:04Z</time></trkpt><trkpt lat="-39.3712679576" lon="-72.6320079714"><ele>114.37</ele><time>2024-08-14T03:53:14Z</time></trkpt><trkpt lat="-39.3708973099" lon="-72.6323955506"><ele>115.03</ele><time>2024-08-14T03:53:23Z</time></trkpt><trkpt lat="-39.3703131750" lon="-72.6329587307"><ele>114.71</ele><time>2024-08-14T03:53:34Z</time></trkpt><trkpt lat="-39.3698612228" lon="-72.6334032230"><ele>114.55</ele><time>2024-08-14T03:53:43Z</time></trkpt><trkpt lat="-39.3694136292" lon="-72.6338071469"><ele>113.33</ele><time>2024-08-14T03:53:52Z</time></trkpt><trkpt lat="-39.3692790158" lon="-72.6337700989"><ele>113.36</ele><time>2024-08-14T03:53:57Z</time></trkpt><trkpt lat="-39.3692418002" lon="-72.6337177958"><ele>113.79</ele><time>2024-08-14T03:53:58Z</time></trkpt><trkpt lat="-39.3692034949" lon="-72.6336556859"><ele>113.71</ele><time>2024-08-14T03:53:59Z</time></trkpt><trkpt lat="-39.3687233794" lon="-72.6329129655"><ele>114.52</ele><time>2024-08-14T03:54:08Z</time></trkpt><trkpt lat="-39.3686750997" lon="-72.6328700501"><ele>114.79</ele><time>2024-08-14T03:54:09Z</time></trkpt><trkpt lat="-39.3686200306" lon="-72.6328539569"><ele>114.77</ele><time>2024-08-14T03:54:10Z</time></trkpt><trkpt lat="-39.3685654644" lon="-72.6328607462"><ele>114.88</ele><time>2024-08-14T03:54:11Z</time></trkpt><trkpt lat="-39.3685095571" lon="-72.6328939386"><ele>114.71</ele><time>2024-08-14T03:54:12Z</time></trkpt><trkpt lat="-39.3684555776" lon="-72.6329402067"><ele>114.51</ele><time>2024-08-14T03:54:13Z</time></trkpt><trkpt lat="-39.3684036098" lon="-72.6329915877"><ele>114.75</ele><time>2024-08-14T03:54:14Z</time></trkpt><trkpt lat="-39.3679148611" lon="-72.6334685180"><ele>114.59</ele><time>2024-08-14T03:54:25Z</time></trkpt><trkpt lat="-39.3676374201" lon="-72.6337392535"><ele>114.38</ele><time>2024-08-14T03:54:35Z</time></trkpt><trkpt lat="-39.3674429599" lon="-72.6339214761"><ele>114.14</ele><time>2024-08-14T03:54:43Z</time></trkpt><trkpt lat="-39.3674168922" lon="-72.6340166107"><ele>114.02</ele><time>2024-08-14T03:54:46Z</time></trkpt><trkpt lat="-39.3674247712" lon="-72.6340579335"><ele>113.93</ele><time>2024-08-14T03:54:47Z</time></trkpt><trkpt lat="-39.3674413674" lon="-72.6341076382"><ele>113.90</ele><time>2024-08-14T03:54:48Z</time></trkpt><trkpt lat="-39.3674696144" lon="-72.6341664791"><ele>113.92</ele><time>2024-08-14T03:54:49Z</time></trkpt><trkpt lat="-39.3675079197" lon="-72.6342327800"><ele>113.85</ele><time>2024-08-14T03:54:50Z</time></trkpt><trkpt lat="-39.3675543554" lon="-72.6343081333"><ele>114.03</ele><time>2024-08-14T03:54:51Z</time></trkpt><trkpt lat="-39.3680799846" lon="-72.6352162287"><ele>113.68</ele><time>2024-08-14T03:55:01Z</time></trkpt><trkpt lat="-39.3684860040" lon="-72.6358980965"><ele>113.66</ele><time>2024-08-14T03:55:11Z</time></trkpt><trkpt lat="-39.3691535387" lon="-72.6370307431"><ele>113.69</ele><time>2024-08-14T03:55:22Z</time></trkpt><trkpt lat="-39.3693428021" lon="-72.6373661868"><ele>112.94</ele><time>2024-08-14T03:55:26Z</time></trkpt><trkpt lat="-39.3693593144" lon="-72.6374228485"><ele>112.50</ele><time>2024-08-14T03:55:27Z</time></trkpt><trkpt lat="-39.3693532795" lon="-72.6374734752"><ele>112.91</ele><time>2024-08-14T03:55:28Z</time></trkpt><trkpt lat="-39.3693305645" lon="-72.6375189051"><ele>113.35</ele><time>2024-08-14T03:55:29Z</time></trkpt><trkpt lat="-39.3692951929" lon="-72.6375598088"><ele>113.27</ele><time>2024-08-14T03:55:30Z</time></trkpt><trkpt lat="-39.3692455720" lon="-72.6376054063"><ele>113.50</ele><time>2024-08-14T03:55:31Z</time></trkpt><trkpt lat="-39.3691900838" lon="-72.6376556139"><ele>113.46</ele><time>2024-08-14T03:55:32Z</time></trkpt><trkpt lat="-39.3685393129" lon="-72.6382302772"><ele>112.67</ele><time>2024-08-14T03:55:43Z</time></trkpt><trkpt lat="-39.3679443654" lon="-72.6387667190"><ele>112.08</ele><time>2024-08-14T03:55:54Z</time></trkpt><trkpt lat="-39.3676554412" lon="-72.6390322577"><ele>111.82</ele><time>2024-08-14T03:56:00Z</time></trkpt><trkpt lat="-39.3676139507" lon="-72.6390437409"><ele>111.60</ele><time>2024-08-14T03:56:01Z</time></trkpt><trkpt lat="-39.3675755616" lon="-72.6390331797"><ele>111.81</ele><time>2024-08-14T03:56:02Z</time></trkpt><trkpt lat="-39.3675397709" lon="-72.6390045136"><ele>112.06</ele><time>2024-08-14T03:56:03Z</time></trkpt><trkpt lat="-39.3675077520" lon="-72.6389713213"><ele>112.30</ele><time>2024-08-14T03:56:04Z</time></trkpt><trkpt lat="-39.3674800079" lon="-72.6389303338"><ele>112.49</ele><time>2024-08-14T03:56:05Z</time></trkpt><trkpt lat="-39.3674531858" lon="-72.6388811320"><ele>112.22</ele><time>2024-08-14T03:56:06Z</time></trkpt><trkpt lat="-39.3674235139" lon="-72.6388255600"><ele>112.30</ele><time>2024-08-14T03:56:07Z</time></trkpt><trkpt lat="-39.3670008983" lon="-72.6380321290"><ele>112.52</ele><time>2024-08-14T03:56:19Z</time></trkpt><trkpt lat="-39.3669391237" lon="-72.6379299536"><ele>112.43</ele><time>2024-08-14T03:56:27Z</time></trkpt><trkpt lat="-39.3669169117" lon="-72.6379265171"><ele>112.63</ele><time>2024-08-14T03:56:28Z</time></trkpt><trkpt lat="-39.3668829650" lon="-72.6379348151"><ele>112.52</ele><time>2024-08-14T03:56:29Z</time></trkpt><trkpt lat="-39.3668510299" lon="-72.6379533391"><ele>112.48</ele><time>2024-08-14T03:56:30Z</time></trkpt><trkpt lat="-39.3668118026" lon="-72.6379827596"><ele>112.45</ele><time>2024-08-14T03:56:31Z</time></trkpt><trkpt lat="-39.3667656183" lon="-72.6380243339"><ele>112.42</ele><time>2024-08-14T03:56:32Z</time></trkpt><trkpt lat="-39.3661056273" lon="-72.6386749372"><ele>112.09</ele><time>2024-08-14T03:56:43Z</time></trkpt><trkpt lat="-39.3651707098" lon="-72.6392492652"><ele>112.30</ele><time>2024-08-14T03:56:56Z</time></trkpt><trkpt lat="-39.3643984850" lon="-72.6395537797"><ele>112.09</ele><time>2024-08-14T03:57:08Z</time></trkpt><trkpt lat="-39.3643071223" lon="-72.6395408716"><ele>112.34</ele><time>2024-08-14T03:57:13Z</time></trkpt><trkpt lat="-39.3642876763" lon="-72.6395557914"><ele>112.28</ele><time>2024-08-14T03:57:14Z</time></trkpt><trkpt lat="-39.3642754387" lon="-72.6395810209"><ele>112.19</ele><time>2024-08-14T03:57:15Z</time></trkpt><trkpt lat="-39.3642710801" lon="-72.6396072563"><ele>111.98</ele><time>2024-08-14T03:57:16Z</time></trkpt><trkpt lat="-39.3642624468" lon="-72.6395787578"><ele>111.92</ele><time>2024-08-14T03:57:27Z</time></trkpt><trkpt lat="-39.3642962258" lon="-72.6395713817"><ele>111.97</ele><time>2024-08-14T03:57:28Z</time></trkpt><trkpt lat="-39.3643985689" lon="-72.6395341661"><ele>112.05</ele><time>2024-08-14T03:57:31Z</time></trkpt><trkpt lat="-39.3649992999" lon="-72.6392961200"><ele>112.29</ele><time>2024-08-14T03:57:40Z</time></trkpt><trkpt lat="-39.3660286814" lon="-72.6387779508"><ele>112.38</ele><time>2024-08-14T03:57:53Z</time></trkpt><trkpt lat="-39.3668029178" lon="-72.6380353980"><ele>112.40</ele><time>2024-08-14T03:58:05Z</time></trkpt><trkpt lat="-39.3676937465" lon="-72.6371731516"><ele>112.94</ele><time>2024-08-14T03:58:19Z</time></trkpt><trkpt lat="-39.3677822594" lon="-72.6370790228"><ele>113.14</ele><time>2024-08-14T03:58:21Z</time></trkpt><trkpt lat="-39.3678026274" lon="-72.6370276418"><ele>113.39</ele><time>2024-08-14T03:58:22Z</time></trkpt><trkpt lat="-39.3678032979" lon="-72.6369700581"><ele>113.20</ele><time>2024-08-14T03:58:23Z</time></trkpt><trkpt lat="-39.3677872047" lon="-72.6369108818"><ele>112.94</ele><time>2024-08-14T03:58:24Z</time></trkpt><trkpt lat="-39.3677582871" lon="-72.6368532982"><ele>112.76</ele><time>2024-08-14T03:58:25Z</time></trkpt><trkpt lat="-39.3677185569" lon="-72.6367891766"><ele>112.78</ele><time>2024-08-14T03:58:26Z</time></trkpt><trkpt lat="-39.3676740490" lon="-72.6367178466"><ele>112.76</ele><time>2024-08-14T03:58:27Z</time></trkpt><trkpt lat="-39.3672106136" lon="-72.6359625533"><ele>112.95</ele><time>2024-08-14T03:58:38Z</time></trkpt><trkpt lat="-39.3668618426" lon="-72.6353719644"><ele>113.43</ele><time>2024-08-14T03:58:47Z</time></trkpt><trkpt lat="-39.3665412348" lon="-72.6348246261"><ele>113.56</ele><time>2024-08-14T03:58:56Z</time></trkpt><trkpt lat="-39.3662661407" lon="-72.6343644597"><ele>113.80</ele><time>2024-08-14T03:59:04Z</time></trkpt><trkpt lat="-39.3658322934" lon="-72.6336094178"><ele>113.18</ele><time>2024-08-14T03:59:14Z</time></trkpt><trkpt lat="-39.3657985143" lon="-72.6335609704"><ele>113.18</ele><time>2024-08-14T03:59:15Z</time></trkpt><trkpt lat="-39.3653181475" lon="-72.6327440701"><ele>113.52</ele><time>2024-08-14T03:59:26Z</time></trkpt><trkpt lat="-39.3652246892" lon="-72.6325476822"><ele>113.48</ele><time>2024-08-14T03:59:30Z</time></trkpt><trkpt lat="-39.3651915807" lon="-72.6325031742"><ele>113.27</ele><time>2024-08-14T03:59:31Z</time></trkpt><trkpt lat="-39.3651557062" lon="-72.6324497815"><ele>113.45</ele><time>2024-08-14T03:59:32Z</time></trkpt><trkpt lat="-39.3651176523" lon="-72.6323867496"><ele>113.61</ele><time>2024-08-14T03:59:33Z</time></trkpt><trkpt lat="-39.3650788441" lon="-72.6323165931"><ele>113.71</ele><time>2024-08-14T03:59:34Z</time></trkpt><trkpt lat="-39.3650367670" lon="-72.6322435867"><ele>113.78</ele><time>2024-08-14T03:59:35Z</time></trkpt><trkpt lat="-39.3646139000" lon="-72.6315275207"><ele>113.63</ele><time>2024-08-14T03:59:44Z</time></trkpt><trkpt lat="-39.3644299172" lon="-72.6312254369"><ele>114.07</ele><time>2024-08-14T03:59:52Z</time></trkpt><trkpt lat="-39.3639538251" lon="-72.6303633582"><ele>114.21</ele><time>2024-08-14T04:00:04Z</time></trkpt><trkpt lat="-39.3636080716" lon="-72.6297690812"><ele>114.42</ele><time>2024-08-14T04:00:13Z</time></trkpt><trkpt lat="-39.3632459734" lon="-72.6292270236"><ele>113.88</ele><time>2024-08-14T04:00:22Z</time></trkpt><trkpt lat="-39.3631957658" lon="-72.6292483974"><ele>113.94</ele><time>2024-08-14T04:00:23Z</time></trkpt><trkpt lat="-39.3631498329" lon="-72.6292838529"><ele>113.69</ele><time>2024-08-14T04:00:24Z</time></trkpt><trkpt lat="-39.3630916625" lon="-72.6293406822"><ele>113.80</ele><time>2024-08-14T04:00:25Z</time></trkpt><trkpt lat="-39.3630283792" lon="-72.6294023730"><ele>113.80</ele><time>2024-08-14T04:00:26Z</time></trkpt><trkpt lat="-39.3625550531" lon="-72.6299080532"><ele>113.43</ele><time>2024-08-14T04:00:36Z</time></trkpt><trkpt lat="-39.3625141494" lon="-72.6299528964"><ele>113.51</ele><time>2024-08-14T04:00:37Z</time></trkpt><trkpt lat="-39.3624845613" lon="-72.6299991645"><ele>113.38</ele><time>2024-08-14T04:00:38Z</time></trkpt><trkpt lat="-39.3624653667" lon="-72.6300417446"><ele>113.39</ele><time>2024-08-14T04:00:39Z</time></trkpt><trkpt lat="-39.3624621816" lon="-72.6300929580"><ele>113.47</ele><time>2024-08-14T04:00:40Z</time></trkpt><trkpt lat="-39.3624733295" lon="-72.6301536430"><ele>113.42</ele><time>2024-08-14T04:00:41Z</time></trkpt><trkpt lat="-39.3625002354" lon="-72.6302170940"><ele>113.58</ele><time>2024-08-14T04:00:42Z</time></trkpt><trkpt lat="-39.3625392113" lon="-72.6302846521"><ele>113.43</ele><time>2024-08-14T04:00:43Z</time></trkpt><trkpt lat="-39.3625854794" lon="-72.6303614303"><ele>113.59</ele><time>2024-08-14T04:00:44Z</time></trkpt><trkpt lat="-39.3630232662" lon="-72.6311564539"><ele>113.36</ele><time>2024-08-14T04:00:54Z</time></trkpt><trkpt lat="-39.3631353322" lon="-72.6313700248"><ele>113.42</ele><time>2024-08-14T04:00:58Z</time></trkpt><trkpt lat="-39.3636151962" lon="-72.6322013419"><ele>113.57</ele><time>2024-08-14T04:01:09Z</time></trkpt><trkpt lat="-39.3638227321" lon="-72.6325683016"><ele>113.45</ele><time>2024-08-14T04:01:17Z</time></trkpt><trkpt lat="-39.3643089663" lon="-72.6333986968"><ele>112.91</ele><time>2024-08-14T04:01:28Z</time></trkpt><trkpt lat="-39.3646112178" lon="-72.6338933967"><ele>113.08</ele><time>2024-08-14T04:01:38Z</time></trkpt><trkpt lat="-39.3649697118" lon="-72.6345019229"><ele>112.62</ele><time>2024-08-14T04:01:48Z</time></trkpt><trkpt lat="-39.3652279582" lon="-72.6348958723"><ele>112.78</ele><time>2024-08-14T04:01:58Z</time></trkpt><trkpt lat="-39.3655921519" lon="-72.6355426200"><ele>113.13</ele><time>2024-08-14T04:02:07Z</time></trkpt><trkpt lat="-39.3656100892" lon="-72.6355783269"><ele>112.96</ele><time>2024-08-14T04:02:08Z</time></trkpt><trkpt lat="-39.3656183034" lon="-72.6356115192"><ele>112.79</ele><time>2024-08-14T04:02:09Z</time></trkpt><trkpt lat="-39.3656174652" lon="-72.6356493216"><ele>112.79</ele><time>2024-08-14T04:02:10Z</time></trkpt><trkpt lat="-39.3656032160" lon="-72.6356919017"><ele>113.07</ele><time>2024-08-14T04:02:11Z</time></trkpt><trkpt lat="-39.3655773997" lon="-72.6357336435"><ele>113.22</ele><time>2024-08-14T04:02:12Z</time></trkpt><trkpt lat="-39.3655426148" lon="-72.6357731223"><ele>113.38</ele><time>2024-08-14T04:02:13Z</time></trkpt><trkpt lat="-39.3654978555" lon="-72.6358171273"><ele>113.24</ele><time>2024-08-14T04:02:14Z</time></trkpt><trkpt lat="-39.3649027403" lon="-72.6363949757"><ele>112.65</ele><time>2024-08-14T04:02:24Z</time></trkpt><trkpt lat="-39.3648581486" lon="-72.6364319399"><ele>112.27</ele><time>2024-08-14T04:02:25Z</time></trkpt><trkpt lat="-39.3648125511" lon="-72.6364536490"><ele>112.07</ele><time>2024-08-14T04:02:26Z</time></trkpt><trkpt lat="-39.3647650257" lon="-72.6364523079"><ele>112.52</ele><time>2024-08-14T04:02:27Z</time></trkpt><trkpt lat="-39.3647203501" lon="-72.6364266593"><ele>112.74</ele><time>2024-08-14T04:02:28Z</time></trkpt><trkpt lat="-39.3646760099" lon="-72.6363853365"><ele>112.83</ele><time>2024-08-14T04:02:29Z</time></trkpt><trkpt lat="-39.3646394648" lon="-72.6363339555"><ele>112.81</ele><time>2024-08-14T04:02:30Z</time></trkpt><trkpt lat="-39.3646022491" lon="-72.6362755336"><ele>112.69</ele><time>2024-08-14T04:02:31Z</time></trkpt><trkpt lat="-39.3641430885" lon="-72.6354062464"><ele>112.23</ele><time>2024-08-14T04:02:43Z</time></trkpt><trkpt lat="-39.3635853566" lon="-72.6344642043"><ele>112.91</ele><time>2024-08-14T04:02:56Z</time></trkpt><trkpt lat="-39.3635493144" lon="-72.6344101410"><ele>112.78</ele><time>2024-08-14T04:02:57Z</time></trkpt><trkpt lat="-39.3635199778" lon="-72.6343698241"><ele>112.69</ele><time>2024-08-14T04:02:58Z</time></trkpt><trkpt lat="-39.3633950036" lon="-72.6342140883"><ele>112.74</ele><time>2024-08-14T04:03:02Z</time></trkpt><trkpt lat="-39.3633613922" lon="-72.6341545768"><ele>112.97</ele><time>2024-08-14T04:03:03Z</time></trkpt><trkpt lat="-39.3628639262" lon="-72.6333348267"><ele>112.19</ele><time>2024-08-14T04:03:15Z</time></trkpt><trkpt lat="-39.3626808655" lon="-72.6329371892"><ele>112.49</ele><time>2024-08-14T04:03:24Z</time></trkpt><trkpt lat="-39.3622264825" lon="-72.6321124099"><ele>112.77</ele><time>2024-08-14T04:03:36Z</time></trkpt><trkpt lat="-39.3617467862" lon="-72.6312703639"><ele>112.84</ele><time>2024-08-14T04:03:48Z</time></trkpt><trkpt lat="-39.3615627196" lon="-72.6309580542"><ele>112.81</ele><time>2024-08-14T04:03:56Z</time></trkpt><trkpt lat="-39.3615237437" lon="-72.6309397817"><ele>112.82</ele><time>2024-08-14T04:03:58Z</time></trkpt><trkpt lat="-39.3614913896" lon="-72.6309457328"><ele>112.97</ele><time>2024-08-14T04:03:59Z</time></trkpt><trkpt lat="-39.3614623044" lon="-72.6309632510"><ele>112.82</ele><time>2024-08-14T04:04:00Z</time></trkpt><trkpt lat="-39.3614282738" lon="-72.6309898216"><ele>112.59</ele><time>2024-08-14T04:04:01Z</time></trkpt><trkpt lat="-39.3613907229" lon="-72.6310270373"><ele>112.70</ele><time>2024-08-14T04:04:02Z</time></trkpt><trkpt lat="-39.3613482267" lon="-72.6310728025"><ele>112.84</ele><time>2024-08-14T04:04:03Z</time></trkpt><trkpt lat="-39.3613037188" lon="-72.6311215851"><ele>112.79</ele><time>2024-08-14T04:04:04Z</time></trkpt><trkpt lat="-39.3607607391" lon="-72.6316822506"><ele>112.89</ele><time>2024-08-14T04:04:15Z</time></trkpt><trkpt lat="-39.3607329112" lon="-72.6317333803"><ele>112.94</ele><time>2024-08-14T04:04:16Z</time></trkpt><trkpt lat="-39.3607152253" lon="-72.6317855157"><ele>112.93</ele><time>2024-08-14T04:04:17Z</time></trkpt><trkpt lat="-39.3607153930" lon="-72.6318409201"><ele>113.01</ele><time>2024-08-14T04:04:18Z</time></trkpt><trkpt lat="-39.3607314024" lon="-72.6318941452"><ele>112.73</ele><time>2024-08-14T04:04:19Z</time></trkpt><trkpt lat="-39.3607547879" lon="-72.6319440175"><ele>112.68</ele><time>2024-08-14T04:04:20Z</time></trkpt><trkpt lat="-39.3607831188" lon="-72.6319947280"><ele>112.66</ele><time>2024-08-14T04:04:21Z</time></trkpt><trkpt lat="-39.3608132098" lon="-72.6320466120"><ele>112.69</ele><time>2024-08-14T04:04:22Z</time></trkpt><trkpt lat="-39.3613026291" lon="-72.6328760013"><ele>112.36</ele><time>2024-08-14T04:04:38Z</time></trkpt><trkpt lat="-39.3615115061" lon="-72.6332596410"><ele>112.37</ele><time>2024-08-14T04:04:45Z</time></trkpt><trkpt lat="-39.3615478836" lon="-72.6333209965"><ele>112.34</ele><time>2024-08-14T04:04:46Z</time></trkpt><trkpt lat="-39.3619684875" lon="-72.6340193767"><ele>111.80</ele><time>2024-08-14T04:04:59Z</time></trkpt><trkpt lat="-39.3622814678" lon="-72.6345199440"><ele>112.22</ele><time>2024-08-14T04:05:09Z</time></trkpt><trkpt lat="-39.3626663648" lon="-72.6351638418"><ele>112.34</ele><time>2024-08-14T04:05:20Z</time></trkpt><trkpt lat="-39.3630345818" lon="-72.6357763913"><ele>113.00</ele><time>2024-08-14T04:05:29Z</time></trkpt><trkpt lat="-39.3634978496" lon="-72.6365761086"><ele>112.95</ele><time>2024-08-14T04:05:40Z</time></trkpt><trkpt lat="-39.3638801482" lon="-72.6372394525"><ele>112.82</ele><time>2024-08-14T04:05:50Z</time></trkpt><trkpt lat="-39.3638819084" lon="-72.6372701302"><ele>112.92</ele><time>2024-08-14T04:05:52Z</time></trkpt><trkpt lat="-39.3638795614" lon="-72.6372860558"><ele>112.81</ele><time>2024-08-14T04:05:53Z</time></trkpt><trkpt lat="-39.3638748676" lon="-72.6373071782"><ele>112.91</ele><time>2024-08-14T04:05:54Z</time></trkpt><trkpt lat="-39.3638589419" lon="-72.6373371854"><ele>112.87</ele><time>2024-08-14T04:05:55Z</time></trkpt><trkpt lat="-39.3638386577" lon="-72.6373646781"><ele>112.97</ele><time>2024-08-14T04:05:56Z</time></trkpt><trkpt lat="-39.3638064712" lon="-72.6373983733"><ele>113.18</ele><time>2024-08-14T04:05:57Z</time></trkpt><trkpt lat="-39.3637577724" lon="-72.6374443062"><ele>113.14</ele><time>2024-08-14T04:05:58Z</time></trkpt><trkpt lat="-39.3632409442" lon="-72.6379416883"><ele>113.39</ele><time>2024-08-14T04:06:05Z</time></trkpt><trkpt lat="-39.3630831968" lon="-72.6380786486"><ele>112.70</ele><time>2024-08-14T04:06:08Z</time></trkpt><trkpt lat="-39.3630410358" lon="-72.6380857732"><ele>112.81</ele><time>2024-08-14T04:06:09Z</time></trkpt><trkpt lat="-39.3630002998" lon="-72.6380694285"><ele>112.92</ele><time>2024-08-14T04:06:10Z</time></trkpt><trkpt lat="-39.3629573844" lon="-72.6380324643"><ele>113.22</ele><time>2024-08-14T04:06:11Z</time></trkpt><trkpt lat="-39.3629161455" lon="-72.6379709411"><ele>113.19</ele><time>2024-08-14T04:06:12Z</time></trkpt><trkpt lat="-39.3628736492" lon="-72.6378963422"><ele>113.32</ele><time>2024-08-14T04:06:13Z</time></trkpt><trkpt lat="-39.3628309853" lon="-72.6378121041"><ele>113.12</ele><time>2024-08-14T04:06:14Z</time></trkpt><trkpt lat="-39.3622769415" lon="-72.6368244644"><ele>112.74</ele><time>2024-08-14T04:06:24Z</time></trkpt><trkpt lat="-39.3615938164" lon="-72.6356414426"><ele>112.66</ele><time>2024-08-14T04:06:38Z</time></trkpt><trkpt lat="-39.3611576222" lon="-72.6348990574"><ele>112.41</ele><time>2024-08-14T04:06:48Z</time></trkpt><trkpt lat="-39.3611484021" lon="-72.6348439883"><ele>112.02</ele><time>2024-08-14T04:06:49Z</time></trkpt><trkpt lat="-39.3611600529" lon="-72.6347841416"><ele>112.49</ele><time>2024-08-14T04:06:50Z</time></trkpt><trkpt lat="-39.3611897249" lon="-72.6347267255"><ele>113.06</ele><time>2024-08-14T04:06:51Z</time></trkpt><trkpt lat="-39.3612316344" lon="-72.6346776076"><ele>113.24</ele><time>2024-08-14T04:06:52Z</time></trkpt><trkpt lat="-39.3612903915" lon="-72.6346237119"><ele>112.91</ele><time>2024-08-14T04:06:53Z</time></trkpt><trkpt lat="-39.3613536749" lon="-72.6345669664"><ele>112.93</ele><time>2024-08-14T04:06:54Z</time></trkpt><trkpt lat="-39.3620852474" lon="-72.6338666584"><ele>112.61</ele><time>2024-08-14T04:07:06Z</time></trkpt><trkpt lat="-39.3626583181" lon="-72.6333226729"><ele>112.80</ele><time>2024-08-14T04:07:16Z</time></trkpt><trkpt lat="-39.3631478213" lon="-72.6328583993"><ele>113.40</ele><time>2024-08-14T04:07:25Z</time></trkpt><trkpt lat="-39.3635850213" lon="-72.6324260607"><ele>113.68</ele><time>2024-08-14T04:07:34Z</time></trkpt><trkpt lat="-39.3640923779" lon="-72.6319508068"><ele>114.63</ele><time>2024-08-14T04:07:42Z</time></trkpt><trkpt lat="-39.3649210129" lon="-72.6311639976"><ele>114.93</ele><time>2024-08-14T04:07:53Z</time></trkpt><trkpt lat="-39.3652642518" lon="-72.6308746543"><ele>114.55</ele><time>2024-08-14T04:08:00Z</time></trkpt><trkpt lat="-39.3653091788" lon="-72.6308882330"><ele>114.58</ele><time>2024-08-14T04:08:01Z</time></trkpt><trkpt lat="-39.3653588835" lon="-72.6309231017"><ele>114.89</ele><time>2024-08-14T04:08:02Z</time></trkpt><trkpt lat="-39.3654157966" lon="-72.6309769973"><ele>115.03</ele><time>2024-08-14T04:08:03Z</time></trkpt><trkpt lat="-39.3654772360" lon="-72.6310396940"><ele>115.10</ele><time>2024-08-14T04:08:04Z</time></trkpt><trkpt lat="-39.3662846647" lon="-72.6319922134"><ele>114.83</ele><time>2024-08-14T04:08:15Z</time></trkpt><trkpt lat="-39.3669913430" lon="-72.6331940107"><ele>114.78</ele><time>2024-08-14T04:08:26Z</time></trkpt><trkpt lat="-39.3673843704" lon="-72.6339335460"><ele>114.47</ele><time>2024-08-14T04:08:35Z</time></trkpt><trkpt lat="-39.3673892319" lon="-72.6339612901"><ele>114.39</ele><time>2024-08-14T04:08:36Z</time></trkpt><trkpt lat="-39.3673841190" lon="-72.6339941472"><ele>114.36</ele><time>2024-08-14T04:08:37Z</time></trkpt><trkpt lat="-39.3673671875" lon="-72.6340340450"><ele>114.60</ele><time>2024-08-14T04:08:38Z</time></trkpt><trkpt lat="-39.3673341628" lon="-72.6340754516"><ele>114.66</ele><time>2024-08-14T04:08:39Z</time></trkpt><trkpt lat="-39.3672819436" lon="-72.6341275033"><ele>114.63</ele><time>2024-08-14T04:08:40Z</time></trkpt><trkpt lat="-39.3672199175" lon="-72.6341836620"><ele>114.81</ele><time>2024-08-14T04:08:41Z</time></trkpt><trkpt lat="-39.3663992453" lon="-72.6349561382"><ele>115.00</ele><time>2024-08-14T04:08:52Z</time></trkpt><trkpt lat="-39.3656638172" lon="-72.6356408559"><ele>114.28</ele><time>2024-08-14T04:09:02Z</time></trkpt><trkpt lat="-39.3649226055" lon="-72.6363594364"><ele>114.34</ele><time>2024-08-14T04:09:11Z</time></trkpt><trkpt lat="-39.3638491351" lon="-72.6373712160"><ele>114.01</ele><time>2024-08-14T04:09:25Z</time></trkpt><trkpt lat="-39.3627536204" lon="-72.6383855101"><ele>114.22</ele><time>2024-08-14T04:09:38Z</time></trkpt><trkpt lat="-39.3616879452" lon="-72.6393828727"><ele>114.28</ele><time>2024-08-14T04:09:51Z</time></trkpt><trkpt lat="-39.3614464626" lon="-72.6395826135"><ele>113.89</ele><time>2024-08-14T04:09:54Z</time></trkpt><trkpt lat="-39.3613583688" lon="-72.6396240201"><ele>113.97</ele><time>2024-08-14T04:09:55Z</time></trkpt><trkpt lat="-39.3612624798" lon="-72.6396318153"><ele>113.87</ele><time>2024-08-14T04:09:56Z</time></trkpt><trkpt lat="-39.3611650821" lon="-72.6396083459"><ele>113.88</ele><time>2024-08-14T04:09:57Z</time></trkpt><trkpt lat="-39.3610697798" lon="-72.6395723037"><ele>113.75</ele><time>2024-08-14T04:09:58Z</time></trkpt><trkpt lat="-39.3609796744" lon="-72.6395251136"><ele>113.75</ele><time>2024-08-14T04:09:59Z</time></trkpt><trkpt lat="-39.3608948495" lon="-72.6394714694"><ele>113.96</ele><time>2024-08-14T04:10:00Z</time></trkpt><trkpt lat="-39.3608141318" lon="-72.6394153945"><ele>113.86</ele><time>2024-08-14T04:10:01Z</time></trkpt><trkpt lat="-39.3605635129" lon="-72.6392454095"><ele>114.05</ele><time>2024-08-14T04:10:05Z</time></trkpt><trkpt lat="-39.3604983017" lon="-72.6392508578"><ele>113.75</ele><time>2024-08-14T04:10:06Z</time></trkpt><trkpt lat="-39.3604331743" lon="-72.6392792724"><ele>113.70</ele><time>2024-08-14T04:10:07Z</time></trkpt><trkpt lat="-39.3603679631" lon="-72.6393261272"><ele>113.66</ele><time>2024-08-14T04:10:08Z</time></trkpt><trkpt lat="-39.3603054341" lon="-72.6393866446"><ele>113.51</ele><time>2024-08-14T04:10:09Z</time></trkpt><trkpt lat="-39.3602408934" lon="-72.6394440606"><ele>113.31</ele><time>2024-08-14T04:10:10Z</time></trkpt><trkpt lat="-39.3601711560" lon="-72.6394901611"><ele>113.38</ele><time>2024-08-14T04:10:11Z</time></trkpt><trkpt lat="-39.3600932043" lon="-72.6395150553"><ele>113.70</ele><time>2024-08-14T04:10:12Z</time></trkpt><trkpt lat="-39.3600073736" lon="-72.6395243593"><ele>114.01</ele><time>2024-08-14T04:10:13Z</time></trkpt><trkpt lat="-39.3599178549" lon="-72.6395310648"><ele>113.98</ele><time>2024-08-14T04:10:14Z</time></trkpt><trkpt lat="-39.3597376440" lon="-72.6395689510"><ele>113.93</ele><time>2024-08-14T04:10:16Z</time></trkpt><trkpt lat="-39.3596511427" lon="-72.6396116987"><ele>113.81</ele><time>2024-08-14T04:10:17Z</time></trkpt><trkpt lat="-39.3595664855" lon="-72.6396634988"><ele>113.66</ele><time>2024-08-14T04:10:18Z</time></trkpt><trkpt lat="-39.3593648169" lon="-72.6398602221"><ele>114.07</ele><time>2024-08-14T04:10:21Z</time></trkpt><trkpt lat="-39.3593645655" lon="-72.6399750542"><ele>114.15</ele><time>2024-08-14T04:10:22Z</time></trkpt><trkpt lat="-39.3593621347" lon="-72.6400782354"><ele>114.18</ele><time>2024-08-14T04:10:23Z</time></trkpt><trkpt lat="-39.3593790662" lon="-72.6401974261"><ele>114.52</ele><time>2024-08-14T04:10:24Z</time></trkpt><trkpt lat="-39.3594049662" lon="-72.6403098274"><ele>114.47</ele><time>2024-08-14T04:10:25Z</time></trkpt><trkpt lat="-39.3594484683" lon="-72.6404216420"><ele>114.53</ele><time>2024-08-14T04:10:26Z</time></trkpt><trkpt lat="-39.3594931439" lon="-72.6405142620"><ele>114.54</ele><time>2024-08-14T04:10:27Z</time></trkpt><trkpt lat="-39.3595487997" lon="-72.6405959018"><ele>114.62</ele><time>2024-08-14T04:10:28Z</time></trkpt><trkpt lat="-39.3596177828" lon="-72.6406585146"><ele>114.65</ele><time>2024-08-14T04:10:29Z</time></trkpt><trkpt lat="-39.3597016018" lon="-72.6406979095"><ele>114.60</ele><time>2024-08-14T04:10:30Z</time></trkpt><trkpt lat="-39.3597909529" lon="-72.6407291740"><ele>114.82</ele><time>2024-08-14T04:10:31Z</time></trkpt><trkpt lat="-39.3598824833" lon="-72.6407570858"><ele>114.87</ele><time>2024-08-14T04:10:32Z</time></trkpt><trkpt lat="-39.3599761929" lon="-72.6407799684"><ele>114.89</ele><time>2024-08-14T04:10:33Z</time></trkpt><trkpt lat="-39.3609499186" lon="-72.6409420744"><ele>117.18</ele><time>2024-08-14T04:10:45Z</time></trkpt><trkpt lat="-39.3610455561" lon="-72.6409222092"><ele>117.51</ele><time>2024-08-14T04:10:51Z</time></trkpt><trkpt lat="-39.3610544410" lon="-72.6409259811"><ele>117.61</ele><time>2024-08-14T04:11:20Z</time></trkpt><trkpt lat="-39.3610375933" lon="-72.6409028471"><ele>117.25</ele><time>2024-08-14T04:11:53Z</time></trkpt><trkpt lat="-39.3610567041" lon="-72.6408761088"><ele>117.26</ele><time>2024-08-14T04:12:11Z</time></trkpt><trkpt lat="-39.3610630743" lon="-72.6408647932"><ele>117.32</ele><time>2024-08-14T04:12:40Z</time></trkpt></trkseg></trk></gpx>