<?xml version="1.0" encoding="UTF-8" standalone="no" ?><gpx xmlns="http://www.topografix.com/GPX/1/1" xmlns:gpxx="http://www.garmin.com/xmlschemas/GpxExtensions/v3" xmlns:gpxtrkx="http://www.garmin.com/xmlschemas/TrackStatsExtension/v1" xmlns:wptx1="http://www.garmin.com/xmlschemas/WaypointExtension/v1" xmlns:gpxtpx="http://www.garmin.com/xmlschemas/TrackPointExtension/v1" creator="GPSMAP 64sx" version="1.1" xmlns:xsi="http://www.w3.org/2001/XMLSchema-instance" xsi:schemaLocation="http://www.topografix.com/GPX/1/1 http://www.topografix.com/GPX/1/1/gpx.xsd http://www.garmin.com/xmlschemas/GpxExtensions/v3 http://www8.garmin.com/xmlschemas/GpxExtensionsv3.xsd http://www.garmin.com/xmlschemas/TrackStatsExtension/v1 http://www8.garmin.com/xmlschemas/TrackStatsExtension.xsd http://www.garmin.com/xmlschemas/WaypointExtension/v1 http://www8.garmin.com/xmlschemas/WaypointExtensionv1.xsd http://www.garmin.com/xmlschemas/TrackPointExtension/v1 http://www.garmin.com/xmlschemas/TrackPointExtensionv1.xsd"><metadata><link href="http://www.garmin.com"><text>Garmin International</text></link><time>2024-07-29T03:56:04Z</time></metadata><trk><name>ION4-07-28 23:55:50</name><extensions><gpxx:TrackExtension><gpxx:DisplayColor>Cyan</gpxx:DisplayColor></gpxx:TrackExtension><gpxtrkx:TrackStatsExtension><gpxtrkx:Distance>45528.000</gpxtrkx:Distance><gpxtrkx:TotalElapsedTime>7646</gpxtrkx:TotalElapsedTime><gpxtrkx:MovingTime>7413</gpxtrkx:MovingTime><gpxtrkx:StoppedTime>229</gpxtrkx:StoppedTime><gpxtrkx:MovingSpeed>6.142</gpxtrkx:MovingSpeed><gpxtrkx:MaxSpeed>25.083</gpxtrkx:MaxSpeed><gpxtrkx:MaxElevation>144.817</gpxtrkx:MaxElevation><gpxtrkx:MinElevation>101.079</gpxtrkx:MinElevation><gpxtrkx:Ascent>161.000</gpxtrkx:Ascent><gpxtrkx:Descent>188.725</gpxtrkx:Descent><gpxtrkx:AvgAscentRate>0.050</gpxtrkx:AvgAscentRate><gpxtrkx:MaxAscentRate>0.606</gpxtrkx:MaxAscentRate><gpxtrkx:AvgDescentRate>0.062</gpxtrkx:AvgDescentRate><gpxtrkx:MaxDescentRate>-0.829</gpxtrkx:MaxDescentRate></gpxtrkx:TrackStatsExtension></extensions><trkseg><trkpt lat="-39.3541583139" lon="-72.5776326377"><ele>141.87</ele><time>2024-07-29T01:48:38Z</time></trkpt><trkpt lat="-39.3541553803" lon="-72.5776345655"><ele>141.87</ele><time>2024-07-29T01:48:39Z</time></trkpt><trkpt lat="-39.3541512731" lon="-72.5776424445"><ele>144.62</ele><time>2024-07-29T01:48:44Z</time></trkpt><trkpt lat="-39.3541749939" lon="-72.5776305422"><ele>144.16</ele><time>2024-07-29T01:49:15Z</time></trkpt><trkpt lat="-39.3541486748" lon="-72.5776474737"><ele>143.90</ele><time>2024-07-29T01:49:42Z</time></trkpt><trkpt lat="-39.3541700486" lon="-72.5776249263"><ele>143.86</ele><time>2024-07-29T01:50:12Z</time></trkpt><trkpt lat="-39.3541893270" lon="-72.5776332244"><ele>143.99</ele><time>2024-07-29T01:50:39Z</time></trkpt><trkpt lat="-39.3541497644" lon="-72.5776469707"><ele>144.43</ele><time>2024-07-29T01:51:09Z</time></trkpt><trkpt lat="-39.3541440647" lon="-72.5776571129"><ele>144.51</ele><time>2024-07-29T01:51:38Z</time></trkpt><trkpt lat="-39.3541663606" lon="-72.5776654109"><ele>144.50</ele><time>2024-07-29T01:52:07Z</time></trkpt><trkpt lat="-39.3541525304" lon="-72.5776717812"><ele>144.62</ele><time>2024-07-29T01:52:38Z</time></trkpt><trkpt lat="-39.3541619182" lon="-72.5776266865"><ele>144.61</ele><time>2024-07-29T01:53:15Z</time></trkpt><trkpt lat="-39.3541623373" lon="-72.5776525866"><ele>144.61</ele><time>2024-07-29T01:53:19Z</time></trkpt><trkpt lat="-39.3541967031" lon="-72.5777063146"><ele>144.81</ele><time>2024-07-29T01:53:22Z</time></trkpt><trkpt lat="-39.3542142212" lon="-72.5777216535"><ele>144.78</ele><time>2024-07-29T01:53:23Z</time></trkpt><trkpt lat="-39.3542366009" lon="-72.5777327176"><ele>144.73</ele><time>2024-07-29T01:53:24Z</time></trkpt><trkpt lat="-39.3542645127" lon="-72.5777434465"><ele>144.73</ele><time>2024-07-29T01:53:25Z</time></trkpt><trkpt lat="-39.3542969506" lon="-72.5777535886"><ele>144.73</ele><time>2024-07-29T01:53:26Z</time></trkpt><trkpt lat="-39.3543311488" lon="-72.5777634792"><ele>144.68</ele><time>2024-07-29T01:53:27Z</time></trkpt><trkpt lat="-39.3543652631" lon="-72.5777805783"><ele>144.52</ele><time>2024-07-29T01:53:28Z</time></trkpt><trkpt lat="-39.3543975335" lon="-72.5778034609"><ele>144.51</ele><time>2024-07-29T01:53:29Z</time></trkpt><trkpt lat="-39.3544294685" lon="-72.5778319594"><ele>144.42</ele><time>2024-07-29T01:53:30Z</time></trkpt><trkpt lat="-39.3544628285" lon="-72.5778692588"><ele>144.32</ele><time>2024-07-29T01:53:31Z</time></trkpt><trkpt lat="-39.3544968590" lon="-72.5779140182"><ele>144.28</ele><time>2024-07-29T01:53:32Z</time></trkpt><trkpt lat="-39.3545315601" lon="-72.5779628847"><ele>144.28</ele><time>2024-07-29T01:53:33Z</time></trkpt><trkpt lat="-39.3545693625" lon="-72.5780099910"><ele>144.10</ele><time>2024-07-29T01:53:34Z</time></trkpt><trkpt lat="-39.3546094280" lon="-72.5780543312"><ele>143.94</ele><time>2024-07-29T01:53:35Z</time></trkpt><trkpt lat="-39.3546522595" lon="-72.5780913793"><ele>144.04</ele><time>2024-07-29T01:53:36Z</time></trkpt><trkpt lat="-39.3546966836" lon="-72.5781153515"><ele>143.93</ele><time>2024-07-29T01:53:37Z</time></trkpt><trkpt lat="-39.3547416106" lon="-72.5781306066"><ele>143.80</ele><time>2024-07-29T01:53:38Z</time></trkpt><trkpt lat="-39.3547844421" lon="-72.5781426765"><ele>143.82</ele><time>2024-07-29T01:53:39Z</time></trkpt><trkpt lat="-39.3548231665" lon="-72.5781611167"><ele>143.66</ele><time>2024-07-29T01:53:40Z</time></trkpt><trkpt lat="-39.3548582029" lon="-72.5781865139"><ele>143.66</ele><time>2024-07-29T01:53:41Z</time></trkpt><trkpt lat="-39.3548893835" lon="-72.5782211311"><ele>143.63</ele><time>2024-07-29T01:53:42Z</time></trkpt><trkpt lat="-39.3549188040" lon="-72.5782709196"><ele>143.62</ele><time>2024-07-29T01:53:43Z</time></trkpt><trkpt lat="-39.3549461290" lon="-72.5783323590"><ele>143.59</ele><time>2024-07-29T01:53:44Z</time></trkpt><trkpt lat="-39.3549724482" lon="-72.5784073770"><ele>143.56</ele><time>2024-07-29T01:53:45Z</time></trkpt><trkpt lat="-39.3550022878" lon="-72.5784938782"><ele>143.79</ele><time>2024-07-29T01:53:46Z</time></trkpt><trkpt lat="-39.3554141745" lon="-72.5796421152"><ele>144.66</ele><time>2024-07-29T01:53:55Z</time></trkpt><trkpt lat="-39.3563417159" lon="-72.5822401699"><ele>144.42</ele><time>2024-07-29T01:54:10Z</time></trkpt><trkpt lat="-39.3575758673" lon="-72.5856280513"><ele>141.85</ele><time>2024-07-29T01:54:28Z</time></trkpt><trkpt lat="-39.3590250984" lon="-72.5895688031"><ele>140.37</ele><time>2024-07-29T01:54:47Z</time></trkpt><trkpt lat="-39.3596645538" lon="-72.5913270749"><ele>138.52</ele><time>2024-07-29T01:54:55Z</time></trkpt><trkpt lat="-39.3611208256" lon="-72.5953002647"><ele>136.84</ele><time>2024-07-29T01:55:12Z</time></trkpt><trkpt lat="-39.3628306501" lon="-72.5999402348"><ele>134.22</ele><time>2024-07-29T01:55:31Z</time></trkpt><trkpt lat="-39.3637492228" lon="-72.6031607296"><ele>131.36</ele><time>2024-07-29T01:55:43Z</time></trkpt><trkpt lat="-39.3640083913" lon="-72.6057057269"><ele>127.97</ele><time>2024-07-29T01:55:52Z</time></trkpt><trkpt lat="-39.3639745284" lon="-72.6078967564"><ele>124.68</ele><time>2024-07-29T01:56:00Z</time></trkpt><trkpt lat="-39.3639192916" lon="-72.6097813435"><ele>121.33</ele><time>2024-07-29T01:56:07Z</time></trkpt><trkpt lat="-39.3638846744" lon="-72.6111228671"><ele>117.14</ele><time>2024-07-29T01:56:12Z</time></trkpt><trkpt lat="-39.3638586905" lon="-72.6121676713"><ele>113.89</ele><time>2024-07-29T01:56:16Z</time></trkpt><trkpt lat="-39.3637795653" lon="-72.6134831272"><ele>110.54</ele><time>2024-07-29T01:56:21Z</time></trkpt><trkpt lat="-39.3633168004" lon="-72.6158358436"><ele>109.34</ele><time>2024-07-29T01:56:30Z</time></trkpt><trkpt lat="-39.3624471780" lon="-72.6179794315"><ele>110.36</ele><time>2024-07-29T01:56:39Z</time></trkpt><trkpt lat="-39.3618531525" lon="-72.6189733576"><ele>113.89</ele><time>2024-07-29T01:56:44Z</time></trkpt><trkpt lat="-39.3612196483" lon="-72.6197988912"><ele>116.97</ele><time>2024-07-29T01:56:49Z</time></trkpt><trkpt lat="-39.3610940874" lon="-72.6199412998"><ele>117.15</ele><time>2024-07-29T01:56:50Z</time></trkpt><trkpt lat="-39.3604058493" lon="-72.6206259336"><ele>118.28</ele><time>2024-07-29T01:56:56Z</time></trkpt><trkpt lat="-39.3602999859" lon="-72.6206915639"><ele>118.11</ele><time>2024-07-29T01:56:57Z</time></trkpt><trkpt lat="-39.3601942062" lon="-72.6207336411"><ele>118.13</ele><time>2024-07-29T01:56:58Z</time></trkpt><trkpt lat="-39.3600821402" lon="-72.6207590383"><ele>118.01</ele><time>2024-07-29T01:56:59Z</time></trkpt><trkpt lat="-39.3599746004" lon="-72.6207770593"><ele>117.86</ele><time>2024-07-29T01:57:00Z</time></trkpt><trkpt lat="-39.3596317805" lon="-72.6208482217"><ele>114.75</ele><time>2024-07-29T01:57:04Z</time></trkpt><trkpt lat="-39.3594000209" lon="-72.6209580246"><ele>112.11</ele><time>2024-07-29T01:57:10Z</time></trkpt><trkpt lat="-39.3593322113" lon="-72.6209964138"><ele>111.22</ele><time>2024-07-29T01:57:22Z</time></trkpt><trkpt lat="-39.3591887131" lon="-72.6211626269"><ele>109.49</ele><time>2024-07-29T01:57:38Z</time></trkpt><trkpt lat="-39.3593096640" lon="-72.6215776987"><ele>108.12</ele><time>2024-07-29T01:57:46Z</time></trkpt><trkpt lat="-39.3597316928" lon="-72.6223645080"><ele>105.12</ele><time>2024-07-29T01:57:55Z</time></trkpt><trkpt lat="-39.3598901946" lon="-72.6226011291"><ele>104.57</ele><time>2024-07-29T01:57:58Z</time></trkpt><trkpt lat="-39.3599544838" lon="-72.6226673461"><ele>104.35</ele><time>2024-07-29T01:57:59Z</time></trkpt><trkpt lat="-39.3600239698" lon="-72.6227279473"><ele>104.08</ele><time>2024-07-29T01:58:00Z</time></trkpt><trkpt lat="-39.3600966409" lon="-72.6227786578"><ele>103.93</ele><time>2024-07-29T01:58:01Z</time></trkpt><trkpt lat="-39.3601735868" lon="-72.6228189748"><ele>103.54</ele><time>2024-07-29T01:58:02Z</time></trkpt><trkpt lat="-39.3602528796" lon="-72.6228479762"><ele>103.49</ele><time>2024-07-29T01:58:03Z</time></trkpt><trkpt lat="-39.3603323400" lon="-72.6228673384"><ele>103.34</ele><time>2024-07-29T01:58:04Z</time></trkpt><trkpt lat="-39.3604101241" lon="-72.6228783187"><ele>103.19</ele><time>2024-07-29T01:58:05Z</time></trkpt><trkpt lat="-39.3604844715" lon="-72.6228870358"><ele>103.33</ele><time>2024-07-29T01:58:06Z</time></trkpt><trkpt lat="-39.3613747135" lon="-72.6231533289"><ele>105.60</ele><time>2024-07-29T01:58:18Z</time></trkpt><trkpt lat="-39.3616440240" lon="-72.6233519800"><ele>105.50</ele><time>2024-07-29T01:58:22Z</time></trkpt><trkpt lat="-39.3622765224" lon="-72.6240319200"><ele>103.81</ele><time>2024-07-29T01:58:34Z</time></trkpt><trkpt lat="-39.3624890875" lon="-72.6241370291"><ele>103.80</ele><time>2024-07-29T01:58:38Z</time></trkpt><trkpt lat="-39.3625841383" lon="-72.6241595764"><ele>103.75</ele><time>2024-07-29T01:58:40Z</time></trkpt><trkpt lat="-39.3626308255" lon="-72.6241623424"><ele>103.86</ele><time>2024-07-29T01:58:41Z</time></trkpt><trkpt lat="-39.3633322231" lon="-72.6242502686"><ele>104.67</ele><time>2024-07-29T01:58:55Z</time></trkpt><trkpt lat="-39.3634907249" lon="-72.6243384462"><ele>104.95</ele><time>2024-07-29T01:58:58Z</time></trkpt><trkpt lat="-39.3635384180" lon="-72.6243757457"><ele>105.00</ele><time>2024-07-29T01:58:59Z</time></trkpt><trkpt lat="-39.3635841832" lon="-72.6244170684"><ele>104.93</ele><time>2024-07-29T01:59:00Z</time></trkpt><trkpt lat="-39.3636242487" lon="-72.6244588941"><ele>105.09</ele><time>2024-07-29T01:59:01Z</time></trkpt><trkpt lat="-39.3636605423" lon="-72.6245002169"><ele>105.11</ele><time>2024-07-29T01:59:02Z</time></trkpt><trkpt lat="-39.3636915553" lon="-72.6245403662"><ele>105.18</ele><time>2024-07-29T01:59:03Z</time></trkpt><trkpt lat="-39.3637768831" lon="-72.6246166416"><ele>105.20</ele><time>2024-07-29T01:59:06Z</time></trkpt><trkpt lat="-39.3638024479" lon="-72.6246114448"><ele>105.37</ele><time>2024-07-29T01:59:07Z</time></trkpt><trkpt lat="-39.3638207205" lon="-72.6245920826"><ele>105.22</ele><time>2024-07-29T01:59:08Z</time></trkpt><trkpt lat="-39.3638348859" lon="-72.6245612372"><ele>104.94</ele><time>2024-07-29T01:59:09Z</time></trkpt><trkpt lat="-39.3638456147" lon="-72.6245213393"><ele>104.81</ele><time>2024-07-29T01:59:10Z</time></trkpt><trkpt lat="-39.3638505600" lon="-72.6244732272"><ele>104.62</ele><time>2024-07-29T01:59:11Z</time></trkpt><trkpt lat="-39.3638555054" lon="-72.6244229358"><ele>104.43</ele><time>2024-07-29T01:59:12Z</time></trkpt><trkpt lat="-39.3638685811" lon="-72.6240288187"><ele>103.03</ele><time>2024-07-29T01:59:18Z</time></trkpt><trkpt lat="-39.3638624623" lon="-72.6239673793"><ele>103.01</ele><time>2024-07-29T01:59:19Z</time></trkpt><trkpt lat="-39.3638441060" lon="-72.6239130646"><ele>102.89</ele><time>2024-07-29T01:59:20Z</time></trkpt><trkpt lat="-39.3638182059" lon="-72.6238704007"><ele>102.82</ele><time>2024-07-29T01:59:21Z</time></trkpt><trkpt lat="-39.3637865223" lon="-72.6238368731"><ele>102.88</ele><time>2024-07-29T01:59:22Z</time></trkpt><trkpt lat="-39.3637518212" lon="-72.6238060277"><ele>102.85</ele><time>2024-07-29T01:59:23Z</time></trkpt><trkpt lat="-39.3632924929" lon="-72.6233874355"><ele>103.28</ele><time>2024-07-29T01:59:35Z</time></trkpt><trkpt lat="-39.3632637430" lon="-72.6233514771"><ele>103.24</ele><time>2024-07-29T01:59:36Z</time></trkpt><trkpt lat="-39.3632422015" lon="-72.6233148482"><ele>103.21</ele><time>2024-07-29T01:59:37Z</time></trkpt><trkpt lat="-39.3632233422" lon="-72.6232679933"><ele>103.23</ele><time>2024-07-29T01:59:38Z</time></trkpt><trkpt lat="-39.3632122781" lon="-72.6232150197"><ele>103.33</ele><time>2024-07-29T01:59:39Z</time></trkpt><trkpt lat="-39.3632040638" lon="-72.6231603697"><ele>103.38</ele><time>2024-07-29T01:59:40Z</time></trkpt><trkpt lat="-39.3632007949" lon="-72.6231016126"><ele>103.37</ele><time>2024-07-29T01:59:41Z</time></trkpt><trkpt lat="-39.3632008787" lon="-72.6230373234"><ele>103.35</ele><time>2024-07-29T01:59:42Z</time></trkpt><trkpt lat="-39.3632406089" lon="-72.6222915854"><ele>103.43</ele><time>2024-07-29T01:59:55Z</time></trkpt><trkpt lat="-39.3632505834" lon="-72.6222773362"><ele>103.39</ele><time>2024-07-29T01:59:56Z</time></trkpt><trkpt lat="-39.3632621504" lon="-72.6222702954"><ele>103.39</ele><time>2024-07-29T01:59:57Z</time></trkpt><trkpt lat="-39.3632763997" lon="-72.6222686190"><ele>103.44</ele><time>2024-07-29T01:59:58Z</time></trkpt><trkpt lat="-39.3632934149" lon="-72.6222747378"><ele>103.54</ele><time>2024-07-29T01:59:59Z</time></trkpt><trkpt lat="-39.3633142021" lon="-72.6222840417"><ele>103.50</ele><time>2024-07-29T02:00:00Z</time></trkpt><trkpt lat="-39.3633371685" lon="-72.6222975366"><ele>103.68</ele><time>2024-07-29T02:00:01Z</time></trkpt><trkpt lat="-39.3633597158" lon="-72.6223149709"><ele>103.61</ele><time>2024-07-29T02:00:02Z</time></trkpt><trkpt lat="-39.3635240011" lon="-72.6224624924"><ele>103.54</ele><time>2024-07-29T02:00:10Z</time></trkpt><trkpt lat="-39.3635376636" lon="-72.6224622410"><ele>103.53</ele><time>2024-07-29T02:00:11Z</time></trkpt><trkpt lat="-39.3635647371" lon="-72.6224162243"><ele>103.40</ele><time>2024-07-29T02:00:16Z</time></trkpt><trkpt lat="-39.3635643180" lon="-72.6223954372"><ele>103.54</ele><time>2024-07-29T02:00:17Z</time></trkpt><trkpt lat="-39.3635607138" lon="-72.6223639213"><ele>103.55</ele><time>2024-07-29T02:00:18Z</time></trkpt><trkpt lat="-39.3635606300" lon="-72.6218330953"><ele>103.96</ele><time>2024-07-29T02:00:31Z</time></trkpt><trkpt lat="-39.3635467999" lon="-72.6213829033"><ele>104.20</ele><time>2024-07-29T02:00:44Z</time></trkpt><trkpt lat="-39.3632950075" lon="-72.6211780496"><ele>103.96</ele><time>2024-07-29T02:00:56Z</time></trkpt><trkpt lat="-39.3632786628" lon="-72.6211885270"><ele>103.87</ele><time>2024-07-29T02:00:57Z</time></trkpt><trkpt lat="-39.3632603902" lon="-72.6212083083"><ele>103.95</ele><time>2024-07-29T02:00:58Z</time></trkpt><trkpt lat="-39.3632495776" lon="-72.6212448534"><ele>104.02</ele><time>2024-07-29T02:00:59Z</time></trkpt><trkpt lat="-39.3632479012" lon="-72.6212855056"><ele>104.07</ele><time>2024-07-29T02:01:00Z</time></trkpt><trkpt lat="-39.3632467277" lon="-72.6213308517"><ele>103.94</ele><time>2024-07-29T02:01:01Z</time></trkpt><trkpt lat="-39.3631830253" lon="-72.6217253041"><ele>103.75</ele><time>2024-07-29T02:01:11Z</time></trkpt><trkpt lat="-39.3631614000" lon="-72.6217295788"><ele>103.87</ele><time>2024-07-29T02:01:12Z</time></trkpt><trkpt lat="-39.3631308898" lon="-72.6217288245"><ele>104.04</ele><time>2024-07-29T02:01:13Z</time></trkpt><trkpt lat="-39.3626240361" lon="-72.6217206940"><ele>104.16</ele><time>2024-07-29T02:01:26Z</time></trkpt><trkpt lat="-39.3625900894" lon="-72.6217535511"><ele>104.21</ele><time>2024-07-29T02:01:28Z</time></trkpt><trkpt lat="-39.3625807855" lon="-72.6217840612"><ele>104.24</ele><time>2024-07-29T02:01:29Z</time></trkpt><trkpt lat="-39.3625739124" lon="-72.6218232885"><ele>104.46</ele><time>2024-07-29T02:01:30Z</time></trkpt><trkpt lat="-39.3623522110" lon="-72.6220042538"><ele>104.68</ele><time>2024-07-29T02:01:39Z</time></trkpt><trkpt lat="-39.3620200362" lon="-72.6220401283"><ele>104.48</ele><time>2024-07-29T02:01:47Z</time></trkpt><trkpt lat="-39.3619951420" lon="-72.6220167428"><ele>104.56</ele><time>2024-07-29T02:01:48Z</time></trkpt><trkpt lat="-39.3619723432" lon="-72.6219893340"><ele>104.47</ele><time>2024-07-29T02:01:49Z</time></trkpt><trkpt lat="-39.3619502988" lon="-72.6219584048"><ele>104.47</ele><time>2024-07-29T02:01:50Z</time></trkpt><trkpt lat="-39.3619285058" lon="-72.6219280623"><ele>104.52</ele><time>2024-07-29T02:01:51Z</time></trkpt><trkpt lat="-39.3618065491" lon="-72.6217693090"><ele>104.48</ele><time>2024-07-29T02:01:57Z</time></trkpt><trkpt lat="-39.3618058786" lon="-72.6217419840"><ele>104.40</ele><time>2024-07-29T02:01:58Z</time></trkpt><trkpt lat="-39.3618110754" lon="-72.6217166707"><ele>104.28</ele><time>2024-07-29T02:01:59Z</time></trkpt><trkpt lat="-39.3618212175" lon="-72.6216959674"><ele>104.34</ele><time>2024-07-29T02:02:00Z</time></trkpt><trkpt lat="-39.3618367240" lon="-72.6216753479"><ele>104.24</ele><time>2024-07-29T02:02:01Z</time></trkpt><trkpt lat="-39.3618551642" lon="-72.6216590032"><ele>104.29</ele><time>2024-07-29T02:02:02Z</time></trkpt><trkpt lat="-39.3618737720" lon="-72.6216477714"><ele>104.22</ele><time>2024-07-29T02:02:03Z</time></trkpt><trkpt lat="-39.3618966546" lon="-72.6216415688"><ele>104.26</ele><time>2024-07-29T02:02:04Z</time></trkpt><trkpt lat="-39.3619239796" lon="-72.6216384675"><ele>104.26</ele><time>2024-07-29T02:02:05Z</time></trkpt><trkpt lat="-39.3619583454" lon="-72.6216329355"><ele>104.13</ele><time>2024-07-29T02:02:06Z</time></trkpt><trkpt lat="-39.3619964831" lon="-72.6216246374"><ele>104.12</ele><time>2024-07-29T02:02:07Z</time></trkpt><trkpt lat="-39.3624999002" lon="-72.6215143315"><ele>104.48</ele><time>2024-07-29T02:02:21Z</time></trkpt><trkpt lat="-39.3625681289" lon="-72.6211816538"><ele>104.60</ele><time>2024-07-29T02:02:30Z</time></trkpt><trkpt lat="-39.3625894189" lon="-72.6206408534"><ele>104.45</ele><time>2024-07-29T02:02:38Z</time></trkpt><trkpt lat="-39.3626035843" lon="-72.6205912326"><ele>104.39</ele><time>2024-07-29T02:02:39Z</time></trkpt><trkpt lat="-39.3626294844" lon="-72.6205577049"><ele>104.29</ele><time>2024-07-29T02:02:40Z</time></trkpt><trkpt lat="-39.3626688793" lon="-72.6205457188"><ele>104.40</ele><time>2024-07-29T02:02:41Z</time></trkpt><trkpt lat="-39.3627100345" lon="-72.6205443777"><ele>104.38</ele><time>2024-07-29T02:02:42Z</time></trkpt><trkpt lat="-39.3627580628" lon="-72.6205459703"><ele>104.37</ele><time>2024-07-29T02:02:43Z</time></trkpt><trkpt lat="-39.3634445406" lon="-72.6205790788"><ele>104.68</ele><time>2024-07-29T02:02:57Z</time></trkpt><trkpt lat="-39.3639354687" lon="-72.6206079125"><ele>104.61</ele><time>2024-07-29T02:03:10Z</time></trkpt><trkpt lat="-39.3639649730" lon="-72.6205823477"><ele>104.63</ele><time>2024-07-29T02:03:12Z</time></trkpt><trkpt lat="-39.3639814854" lon="-72.6205494069"><ele>104.81</ele><time>2024-07-29T02:03:13Z</time></trkpt><trkpt lat="-39.3639959861" lon="-72.6205066592"><ele>104.95</ele><time>2024-07-29T02:03:14Z</time></trkpt><trkpt lat="-39.3640091456" lon="-72.6204600558"><ele>104.76</ele><time>2024-07-29T02:03:15Z</time></trkpt><trkpt lat="-39.3640186172" lon="-72.6204080880"><ele>104.87</ele><time>2024-07-29T02:03:16Z</time></trkpt><trkpt lat="-39.3640249036" lon="-72.6203515101"><ele>104.92</ele><time>2024-07-29T02:03:17Z</time></trkpt><trkpt lat="-39.3640297651" lon="-72.6202964410"><ele>104.83</ele><time>2024-07-29T02:03:18Z</time></trkpt><trkpt lat="-39.3639922980" lon="-72.6201243605"><ele>104.76</ele><time>2024-07-29T02:03:22Z</time></trkpt><trkpt lat="-39.3639655598" lon="-72.6201106980"><ele>104.81</ele><time>2024-07-29T02:03:23Z</time></trkpt><trkpt lat="-39.3639378995" lon="-72.6201058365"><ele>104.93</ele><time>2024-07-29T02:03:24Z</time></trkpt><trkpt lat="-39.3634064030" lon="-72.6200986281"><ele>105.19</ele><time>2024-07-29T02:03:37Z</time></trkpt><trkpt lat="-39.3626858108" lon="-72.6200619992"><ele>104.45</ele><time>2024-07-29T02:03:55Z</time></trkpt><trkpt lat="-39.3626391236" lon="-72.6200246159"><ele>104.14</ele><time>2024-07-29T02:03:58Z</time></trkpt><trkpt lat="-39.3626317475" lon="-72.6199949440"><ele>104.19</ele><time>2024-07-29T02:03:59Z</time></trkpt><trkpt lat="-39.3626303226" lon="-72.6199561357"><ele>104.22</ele><time>2024-07-29T02:04:00Z</time></trkpt><trkpt lat="-39.3626314122" lon="-72.6199105382"><ele>104.29</ele><time>2024-07-29T02:04:01Z</time></trkpt><trkpt lat="-39.3626343459" lon="-72.6198613364"><ele>104.34</ele><time>2024-07-29T02:04:02Z</time></trkpt><trkpt lat="-39.3626710586" lon="-72.6196555607"><ele>104.12</ele><time>2024-07-29T02:04:07Z</time></trkpt><trkpt lat="-39.3626979645" lon="-72.6196351089"><ele>104.18</ele><time>2024-07-29T02:04:08Z</time></trkpt><trkpt lat="-39.3627314083" lon="-72.6196256373"><ele>104.20</ele><time>2024-07-29T02:04:09Z</time></trkpt><trkpt lat="-39.3627730664" lon="-72.6196240447"><ele>104.25</ele><time>2024-07-29T02:04:10Z</time></trkpt><trkpt lat="-39.3628174905" lon="-72.6196238771"><ele>104.25</ele><time>2024-07-29T02:04:11Z</time></trkpt><trkpt lat="-39.3634988554" lon="-72.6196397189"><ele>105.17</ele><time>2024-07-29T02:04:25Z</time></trkpt><trkpt lat="-39.3639654759" lon="-72.6196518727"><ele>105.25</ele><time>2024-07-29T02:04:38Z</time></trkpt><trkpt lat="-39.3639797252" lon="-72.6196306664"><ele>105.26</ele><time>2024-07-29T02:04:39Z</time></trkpt><trkpt lat="-39.3639928848" lon="-72.6195957139"><ele>105.32</ele><time>2024-07-29T02:04:40Z</time></trkpt><trkpt lat="-39.3640039489" lon="-72.6195555646"><ele>105.40</ele><time>2024-07-29T02:04:41Z</time></trkpt><trkpt lat="-39.3640126660" lon="-72.6195091289"><ele>105.50</ele><time>2024-07-29T02:04:42Z</time></trkpt><trkpt lat="-39.3640167732" lon="-72.6194551494"><ele>105.62</ele><time>2024-07-29T02:04:43Z</time></trkpt><trkpt lat="-39.3640202936" lon="-72.6193966437"><ele>105.65</ele><time>2024-07-29T02:04:44Z</time></trkpt><trkpt lat="-39.3639603630" lon="-72.6191870123"><ele>105.89</ele><time>2024-07-29T02:04:50Z</time></trkpt><trkpt lat="-39.3639306910" lon="-72.6191807259"><ele>106.03</ele><time>2024-07-29T02:04:51Z</time></trkpt><trkpt lat="-39.3638987560" lon="-72.6191792171"><ele>106.00</ele><time>2024-07-29T02:04:52Z</time></trkpt><trkpt lat="-39.3632220011" lon="-72.6191581786"><ele>105.57</ele><time>2024-07-29T02:05:08Z</time></trkpt><trkpt lat="-39.3627461605" lon="-72.6191157661"><ele>104.94</ele><time>2024-07-29T02:05:21Z</time></trkpt><trkpt lat="-39.3627407122" lon="-72.6190864295"><ele>104.99</ele><time>2024-07-29T02:05:22Z</time></trkpt><trkpt lat="-39.3627449032" lon="-72.6190496329"><ele>105.04</ele><time>2024-07-29T02:05:23Z</time></trkpt><trkpt lat="-39.3627537880" lon="-72.6190114953"><ele>105.10</ele><time>2024-07-29T02:05:24Z</time></trkpt><trkpt lat="-39.3627670314" lon="-72.6189698372"><ele>105.15</ele><time>2024-07-29T02:05:25Z</time></trkpt><trkpt lat="-39.3627858907" lon="-72.6189248264"><ele>105.15</ele><time>2024-07-29T02:05:26Z</time></trkpt><trkpt lat="-39.3628072646" lon="-72.6188773848"><ele>105.23</ele><time>2024-07-29T02:05:27Z</time></trkpt><trkpt lat="-39.3629353400" lon="-72.6187327132"><ele>105.35</ele><time>2024-07-29T02:05:32Z</time></trkpt><trkpt lat="-39.3629670236" lon="-72.6187325455"><ele>105.42</ele><time>2024-07-29T02:05:33Z</time></trkpt><trkpt lat="-39.3635636475" lon="-72.6187514886"><ele>106.09</ele><time>2024-07-29T02:05:47Z</time></trkpt><trkpt lat="-39.3639740255" lon="-72.6187464595"><ele>106.46</ele><time>2024-07-29T02:05:59Z</time></trkpt><trkpt lat="-39.3640346266" lon="-72.6185689308"><ele>106.45</ele><time>2024-07-29T02:06:04Z</time></trkpt><trkpt lat="-39.3640375603" lon="-72.6185100060"><ele>106.55</ele><time>2024-07-29T02:06:05Z</time></trkpt><trkpt lat="-39.3638819922" lon="-72.6182946749"><ele>106.83</ele><time>2024-07-29T02:06:13Z</time></trkpt><trkpt lat="-39.3633828498" lon="-72.6182811800"><ele>106.34</ele><time>2024-07-29T02:06:25Z</time></trkpt><trkpt lat="-39.3631707039" lon="-72.6182660088"><ele>106.00</ele><time>2024-07-29T02:06:31Z</time></trkpt><trkpt lat="-39.3631614000" lon="-72.6182472333"><ele>105.99</ele><time>2024-07-29T02:06:32Z</time></trkpt><trkpt lat="-39.3631582987" lon="-72.6182196569"><ele>106.04</ele><time>2024-07-29T02:06:33Z</time></trkpt><trkpt lat="-39.3631648365" lon="-72.6181822736"><ele>106.15</ele><time>2024-07-29T02:06:34Z</time></trkpt><trkpt lat="-39.3631784152" lon="-72.6181391068"><ele>106.22</ele><time>2024-07-29T02:06:35Z</time></trkpt><trkpt lat="-39.3631992862" lon="-72.6180893183"><ele>106.28</ele><time>2024-07-29T02:06:36Z</time></trkpt><trkpt lat="-39.3632208277" lon="-72.6180341654"><ele>106.19</ele><time>2024-07-29T02:06:37Z</time></trkpt><trkpt lat="-39.3634537607" lon="-72.6178484224"><ele>106.49</ele><time>2024-07-29T02:06:45Z</time></trkpt><trkpt lat="-39.3639803119" lon="-72.6178663597"><ele>106.96</ele><time>2024-07-29T02:06:58Z</time></trkpt><trkpt lat="-39.3639979139" lon="-72.6178500988"><ele>106.89</ele><time>2024-07-29T02:06:59Z</time></trkpt><trkpt lat="-39.3640153483" lon="-72.6178167388"><ele>107.08</ele><time>2024-07-29T02:07:00Z</time></trkpt><trkpt lat="-39.3640301842" lon="-72.6177656092"><ele>107.14</ele><time>2024-07-29T02:07:01Z</time></trkpt><trkpt lat="-39.3640389852" lon="-72.6177050080"><ele>107.15</ele><time>2024-07-29T02:07:02Z</time></trkpt><trkpt lat="-39.3640443496" lon="-72.6176404674"><ele>107.26</ele><time>2024-07-29T02:07:03Z</time></trkpt><trkpt lat="-39.3640468642" lon="-72.6175769325"><ele>107.19</ele><time>2024-07-29T02:07:04Z</time></trkpt><trkpt lat="-39.3640457746" lon="-72.6175211091"><ele>107.27</ele><time>2024-07-29T02:07:05Z</time></trkpt><trkpt lat="-39.3640363030" lon="-72.6174783614"><ele>107.22</ele><time>2024-07-29T02:07:06Z</time></trkpt><trkpt lat="-39.3640187010" lon="-72.6174480189"><ele>107.13</ele><time>2024-07-29T02:07:07Z</time></trkpt><trkpt lat="-39.3639929686" lon="-72.6174338534"><ele>107.13</ele><time>2024-07-29T02:07:08Z</time></trkpt><trkpt lat="-39.3639596086" lon="-72.6174262259"><ele>107.25</ele><time>2024-07-29T02:07:09Z</time></trkpt><trkpt lat="-39.3639181182" lon="-72.6174225379"><ele>107.29</ele><time>2024-07-29T02:07:10Z</time></trkpt><trkpt lat="-39.3635128532" lon="-72.6173912734"><ele>106.90</ele><time>2024-07-29T02:07:19Z</time></trkpt><trkpt lat="-39.3634989392" lon="-72.6173698157"><ele>106.76</ele><time>2024-07-29T02:07:20Z</time></trkpt><trkpt lat="-39.3634900544" lon="-72.6173395570"><ele>106.82</ele><time>2024-07-29T02:07:21Z</time></trkpt><trkpt lat="-39.3634942453" lon="-72.6172978990"><ele>106.85</ele><time>2024-07-29T02:07:22Z</time></trkpt><trkpt lat="-39.3635057285" lon="-72.6172473561"><ele>106.99</ele><time>2024-07-29T02:07:23Z</time></trkpt><trkpt lat="-39.3635219894" lon="-72.6171907783"><ele>107.03</ele><time>2024-07-29T02:07:24Z</time></trkpt><trkpt lat="-39.3635387532" lon="-72.6171360444"><ele>106.99</ele><time>2024-07-29T02:07:25Z</time></trkpt><trkpt lat="-39.3635799922" lon="-72.6170378923"><ele>107.16</ele><time>2024-07-29T02:07:27Z</time></trkpt><trkpt lat="-39.3636062276" lon="-72.6170003414"><ele>107.01</ele><time>2024-07-29T02:07:28Z</time></trkpt><trkpt lat="-39.3636364862" lon="-72.6169745252"><ele>107.07</ele><time>2024-07-29T02:07:29Z</time></trkpt><trkpt lat="-39.3636662420" lon="-72.6169628743"><ele>107.08</ele><time>2024-07-29T02:07:30Z</time></trkpt><trkpt lat="-39.3636940699" lon="-72.6169585157"><ele>107.03</ele><time>2024-07-29T02:07:31Z</time></trkpt><trkpt lat="-39.3637207244" lon="-72.6169575937"><ele>106.93</ele><time>2024-07-29T02:07:32Z</time></trkpt><trkpt lat="-39.3637458701" lon="-72.6169577613"><ele>107.05</ele><time>2024-07-29T02:07:33Z</time></trkpt><trkpt lat="-39.3640570063" lon="-72.6170657203"><ele>107.47</ele><time>2024-07-29T02:07:43Z</time></trkpt><trkpt lat="-39.3640683219" lon="-72.6172859967"><ele>107.44</ele><time>2024-07-29T02:07:47Z</time></trkpt><trkpt lat="-39.3640293460" lon="-72.6184681803"><ele>107.40</ele><time>2024-07-29T02:08:00Z</time></trkpt><trkpt lat="-39.3639732711" lon="-72.6201884821"><ele>106.89</ele><time>2024-07-29T02:08:20Z</time></trkpt><trkpt lat="-39.3639130052" lon="-72.6214731764"><ele>106.36</ele><time>2024-07-29T02:08:35Z</time></trkpt><trkpt lat="-39.3638953194" lon="-72.6215494517"><ele>106.23</ele><time>2024-07-29T02:08:36Z</time></trkpt><trkpt lat="-39.3638658989" lon="-72.6217004098"><ele>106.03</ele><time>2024-07-29T02:08:38Z</time></trkpt><trkpt lat="-39.3638652284" lon="-72.6217795350"><ele>106.07</ele><time>2024-07-29T02:08:39Z</time></trkpt><trkpt lat="-39.3638462014" lon="-72.6230812445"><ele>105.67</ele><time>2024-07-29T02:08:55Z</time></trkpt><trkpt lat="-39.3638346344" lon="-72.6243255381"><ele>105.39</ele><time>2024-07-29T02:09:11Z</time></trkpt><trkpt lat="-39.3638275936" lon="-72.6246801764"><ele>107.09</ele><time>2024-07-29T02:09:18Z</time></trkpt><trkpt lat="-39.3638433516" lon="-72.6247333176"><ele>107.13</ele><time>2024-07-29T02:09:19Z</time></trkpt><trkpt lat="-39.3638669886" lon="-72.6247903146"><ele>107.14</ele><time>2024-07-29T02:09:20Z</time></trkpt><trkpt lat="-39.3638985045" lon="-72.6248515863"><ele>107.24</ele><time>2024-07-29T02:09:21Z</time></trkpt><trkpt lat="-39.3639347982" lon="-72.6249141153"><ele>107.40</ele><time>2024-07-29T02:09:22Z</time></trkpt><trkpt lat="-39.3641174398" lon="-72.6251939870"><ele>107.22</ele><time>2024-07-29T02:09:27Z</time></trkpt><trkpt lat="-39.3641526438" lon="-72.6252190489"><ele>107.04</ele><time>2024-07-29T02:09:28Z</time></trkpt><trkpt lat="-39.3641891051" lon="-72.6252212282"><ele>107.07</ele><time>2024-07-29T02:09:29Z</time></trkpt><trkpt lat="-39.3642220460" lon="-72.6252012793"><ele>107.03</ele><time>2024-07-29T02:09:30Z</time></trkpt><trkpt lat="-39.3642480299" lon="-72.6251595374"><ele>106.77</ele><time>2024-07-29T02:09:31Z</time></trkpt><trkpt lat="-39.3642621953" lon="-72.6251089945"><ele>106.70</ele><time>2024-07-29T02:09:32Z</time></trkpt><trkpt lat="-39.3642702419" lon="-72.6250446215"><ele>106.52</ele><time>2024-07-29T02:09:33Z</time></trkpt><trkpt lat="-39.3642758578" lon="-72.6249673404"><ele>106.37</ele><time>2024-07-29T02:09:34Z</time></trkpt><trkpt lat="-39.3643229641" lon="-72.6238284912"><ele>106.53</ele><time>2024-07-29T02:09:49Z</time></trkpt><trkpt lat="-39.3643269036" lon="-72.6226197369"><ele>106.57</ele><time>2024-07-29T02:10:06Z</time></trkpt><trkpt lat="-39.3643442541" lon="-72.6223179046"><ele>106.52</ele><time>2024-07-29T02:10:10Z</time></trkpt><trkpt lat="-39.3643835653" lon="-72.6204772387"><ele>106.55</ele><time>2024-07-29T02:10:33Z</time></trkpt><trkpt lat="-39.3643859122" lon="-72.6189046260"><ele>106.77</ele><time>2024-07-29T02:10:51Z</time></trkpt><trkpt lat="-39.3644264806" lon="-72.6166988444"><ele>107.25</ele><time>2024-07-29T02:11:17Z</time></trkpt><trkpt lat="-39.3644252233" lon="-72.6154723205"><ele>109.78</ele><time>2024-07-29T02:11:33Z</time></trkpt><trkpt lat="-39.3644545600" lon="-72.6145183761"><ele>113.21</ele><time>2024-07-29T02:11:46Z</time></trkpt><trkpt lat="-39.3644916080" lon="-72.6137132104"><ele>115.95</ele><time>2024-07-29T02:11:58Z</time></trkpt><trkpt lat="-39.3645820487" lon="-72.6133915130"><ele>117.28</ele><time>2024-07-29T02:12:03Z</time></trkpt><trkpt lat="-39.3645905145" lon="-72.6131439954"><ele>118.77</ele><time>2024-07-29T02:12:07Z</time></trkpt><trkpt lat="-39.3645846471" lon="-72.6128318533"><ele>120.97</ele><time>2024-07-29T02:12:12Z</time></trkpt><trkpt lat="-39.3645909335" lon="-72.6120132767"><ele>122.16</ele><time>2024-07-29T02:12:24Z</time></trkpt><trkpt lat="-39.3646815419" lon="-72.6118506677"><ele>122.59</ele><time>2024-07-29T02:12:28Z</time></trkpt><trkpt lat="-39.3653204944" lon="-72.6114884857"><ele>125.71</ele><time>2024-07-29T02:12:42Z</time></trkpt><trkpt lat="-39.3654332310" lon="-72.6114498451"><ele>126.27</ele><time>2024-07-29T02:12:45Z</time></trkpt><trkpt lat="-39.3655530922" lon="-72.6116670202"><ele>126.97</ele><time>2024-07-29T02:12:51Z</time></trkpt><trkpt lat="-39.3655540142" lon="-72.6117202453"><ele>127.01</ele><time>2024-07-29T02:12:52Z</time></trkpt><trkpt lat="-39.3654764816" lon="-72.6119059045"><ele>127.04</ele><time>2024-07-29T02:12:57Z</time></trkpt><trkpt lat="-39.3649130501" lon="-72.6122275181"><ele>123.82</ele><time>2024-07-29T02:13:11Z</time></trkpt><trkpt lat="-39.3646004889" lon="-72.6124307793"><ele>121.37</ele><time>2024-07-29T02:13:22Z</time></trkpt><trkpt lat="-39.3645863235" lon="-72.6124745328"><ele>121.43</ele><time>2024-07-29T02:13:23Z</time></trkpt><trkpt lat="-39.3646087870" lon="-72.6128450967"><ele>120.76</ele><time>2024-07-29T02:13:32Z</time></trkpt><trkpt lat="-39.3649860565" lon="-72.6126677357"><ele>123.62</ele><time>2024-07-29T02:13:44Z</time></trkpt><trkpt lat="-39.3654354941" lon="-72.6124203019"><ele>126.50</ele><time>2024-07-29T02:13:57Z</time></trkpt><trkpt lat="-39.3655113503" lon="-72.6124959905"><ele>126.38</ele><time>2024-07-29T02:14:02Z</time></trkpt><trkpt lat="-39.3654845282" lon="-72.6128480304"><ele>123.91</ele><time>2024-07-29T02:14:11Z</time></trkpt><trkpt lat="-39.3651811033" lon="-72.6130291633"><ele>122.53</ele><time>2024-07-29T02:14:20Z</time></trkpt><trkpt lat="-39.3647279777" lon="-72.6132685505"><ele>119.26</ele><time>2024-07-29T02:14:31Z</time></trkpt><trkpt lat="-39.3645615969" lon="-72.6133869868"><ele>117.45</ele><time>2024-07-29T02:14:38Z</time></trkpt><trkpt lat="-39.3644590862" lon="-72.6136556268"><ele>116.23</ele><time>2024-07-29T02:14:43Z</time></trkpt><trkpt lat="-39.3646039255" lon="-72.6138586365"><ele>115.65</ele><time>2024-07-29T02:14:51Z</time></trkpt><trkpt lat="-39.3648786843" lon="-72.6137051638"><ele>118.30</ele><time>2024-07-29T02:14:58Z</time></trkpt><trkpt lat="-39.3652949296" lon="-72.6135003939"><ele>121.38</ele><time>2024-07-29T02:15:09Z</time></trkpt><trkpt lat="-39.3657162879" lon="-72.6132609230"><ele>123.58</ele><time>2024-07-29T02:15:20Z</time></trkpt><trkpt lat="-39.3658414297" lon="-72.6130919438"><ele>124.98</ele><time>2024-07-29T02:15:24Z</time></trkpt><trkpt lat="-39.3658978399" lon="-72.6128732599"><ele>126.05</ele><time>2024-07-29T02:15:28Z</time></trkpt><trkpt lat="-39.3659252487" lon="-72.6118930802"><ele>124.94</ele><time>2024-07-29T02:15:47Z</time></trkpt><trkpt lat="-39.3659586925" lon="-72.6118651684"><ele>124.42</ele><time>2024-07-29T02:15:49Z</time></trkpt><trkpt lat="-39.3659825809" lon="-72.6118655875"><ele>123.99</ele><time>2024-07-29T02:15:50Z</time></trkpt><trkpt lat="-39.3660082296" lon="-72.6118781604"><ele>123.84</ele><time>2024-07-29T02:15:51Z</time></trkpt><trkpt lat="-39.3660362251" lon="-72.6119026355"><ele>123.53</ele><time>2024-07-29T02:15:52Z</time></trkpt><trkpt lat="-39.3660644721" lon="-72.6119335648"><ele>123.32</ele><time>2024-07-29T02:15:53Z</time></trkpt><trkpt lat="-39.3660938088" lon="-72.6119697746"><ele>123.04</ele><time>2024-07-29T02:15:54Z</time></trkpt><trkpt lat="-39.3665103056" lon="-72.6123576052"><ele>119.91</ele><time>2024-07-29T02:16:03Z</time></trkpt><trkpt lat="-39.3669066019" lon="-72.6126321126"><ele>116.60</ele><time>2024-07-29T02:16:11Z</time></trkpt><trkpt lat="-39.3669402972" lon="-72.6126538217"><ele>116.15</ele><time>2024-07-29T02:16:19Z</time></trkpt><trkpt lat="-39.3669561390" lon="-72.6126630418"><ele>116.07</ele><time>2024-07-29T02:16:20Z</time></trkpt><trkpt lat="-39.3670560513" lon="-72.6127265766"><ele>115.55</ele><time>2024-07-29T02:16:23Z</time></trkpt><trkpt lat="-39.3675351609" lon="-72.6130355336"><ele>112.39</ele><time>2024-07-29T02:16:33Z</time></trkpt><trkpt lat="-39.3679319602" lon="-72.6134333387"><ele>109.82</ele><time>2024-07-29T02:16:43Z</time></trkpt><trkpt lat="-39.3679273501" lon="-72.6134616695"><ele>109.72</ele><time>2024-07-29T02:16:44Z</time></trkpt><trkpt lat="-39.3679143582" lon="-72.6134872343"><ele>109.61</ele><time>2024-07-29T02:16:45Z</time></trkpt><trkpt lat="-39.3678926490" lon="-72.6135118771"><ele>109.42</ele><time>2024-07-29T02:16:46Z</time></trkpt><trkpt lat="-39.3678633124" lon="-72.6135371905"><ele>109.34</ele><time>2024-07-29T02:16:47Z</time></trkpt><trkpt lat="-39.3678252585" lon="-72.6135664433"><ele>109.18</ele><time>2024-07-29T02:16:48Z</time></trkpt><trkpt lat="-39.3676344864" lon="-72.6137837023"><ele>107.90</ele><time>2024-07-29T02:16:56Z</time></trkpt><trkpt lat="-39.3676406890" lon="-72.6138029806"><ele>107.92</ele><time>2024-07-29T02:16:57Z</time></trkpt><trkpt lat="-39.3676501606" lon="-72.6138240192"><ele>107.88</ele><time>2024-07-29T02:16:58Z</time></trkpt><trkpt lat="-39.3676657509" lon="-72.6138494164"><ele>107.77</ele><time>2024-07-29T02:16:59Z</time></trkpt><trkpt lat="-39.3676862866" lon="-72.6138772443"><ele>107.83</ele><time>2024-07-29T02:17:00Z</time></trkpt><trkpt lat="-39.3679400068" lon="-72.6143373270"><ele>108.36</ele><time>2024-07-29T02:17:11Z</time></trkpt><trkpt lat="-39.3679532502" lon="-72.6143796556"><ele>108.45</ele><time>2024-07-29T02:17:13Z</time></trkpt><trkpt lat="-39.3679492269" lon="-72.6144088246"><ele>108.38</ele><time>2024-07-29T02:17:14Z</time></trkpt><trkpt lat="-39.3679358996" lon="-72.6144400891"><ele>108.42</ele><time>2024-07-29T02:17:15Z</time></trkpt><trkpt lat="-39.3679130170" lon="-72.6144742034"><ele>108.36</ele><time>2024-07-29T02:17:16Z</time></trkpt><trkpt lat="-39.3678822555" lon="-72.6145105809"><ele>108.46</ele><time>2024-07-29T02:17:17Z</time></trkpt><trkpt lat="-39.3678461295" lon="-72.6145460363"><ele>108.47</ele><time>2024-07-29T02:17:18Z</time></trkpt><trkpt lat="-39.3676497415" lon="-72.6146939769"><ele>108.03</ele><time>2024-07-29T02:17:28Z</time></trkpt><trkpt lat="-39.3676613923" lon="-72.6146227308"><ele>108.15</ele><time>2024-07-29T02:17:37Z</time></trkpt><trkpt lat="-39.3676490709" lon="-72.6146040391"><ele>108.16</ele><time>2024-07-29T02:17:38Z</time></trkpt><trkpt lat="-39.3676346540" lon="-72.6145744510"><ele>108.21</ele><time>2024-07-29T02:17:39Z</time></trkpt><trkpt lat="-39.3674401939" lon="-72.6142290328"><ele>107.97</ele><time>2024-07-29T02:17:50Z</time></trkpt><trkpt lat="-39.3672542833" lon="-72.6140386797"><ele>108.13</ele><time>2024-07-29T02:18:00Z</time></trkpt><trkpt lat="-39.3668537959" lon="-72.6143952459"><ele>108.79</ele><time>2024-07-29T02:18:14Z</time></trkpt><trkpt lat="-39.3665945437" lon="-72.6146587729"><ele>109.78</ele><time>2024-07-29T02:18:23Z</time></trkpt><trkpt lat="-39.3666090444" lon="-72.6146925520"><ele>109.85</ele><time>2024-07-29T02:18:24Z</time></trkpt><trkpt lat="-39.3669019081" lon="-72.6152226236"><ele>108.22</ele><time>2024-07-29T02:18:34Z</time></trkpt><trkpt lat="-39.3669215217" lon="-72.6153377909"><ele>107.70</ele><time>2024-07-29T02:18:38Z</time></trkpt><trkpt lat="-39.3669035845" lon="-72.6153702289"><ele>107.66</ele><time>2024-07-29T02:18:39Z</time></trkpt><trkpt lat="-39.3668747507" lon="-72.6154060196"><ele>107.54</ele><time>2024-07-29T02:18:40Z</time></trkpt><trkpt lat="-39.3668353558" lon="-72.6154449116"><ele>107.54</ele><time>2024-07-29T02:18:41Z</time></trkpt><trkpt lat="-39.3667931948" lon="-72.6154882461"><ele>107.66</ele><time>2024-07-29T02:18:42Z</time></trkpt><trkpt lat="-39.3666468468" lon="-72.6156144775"><ele>107.36</ele><time>2024-07-29T02:18:46Z</time></trkpt><trkpt lat="-39.3666171748" lon="-72.6156100351"><ele>107.27</ele><time>2024-07-29T02:18:47Z</time></trkpt><trkpt lat="-39.3665895145" lon="-72.6155910920"><ele>107.34</ele><time>2024-07-29T02:18:48Z</time></trkpt><trkpt lat="-39.3665654585" lon="-72.6155563071"><ele>107.56</ele><time>2024-07-29T02:18:49Z</time></trkpt><trkpt lat="-39.3665407319" lon="-72.6155112125"><ele>107.81</ele><time>2024-07-29T02:18:50Z</time></trkpt><trkpt lat="-39.3662790488" lon="-72.6150231343"><ele>111.08</ele><time>2024-07-29T02:18:59Z</time></trkpt><trkpt lat="-39.3660292681" lon="-72.6145602018"><ele>114.14</ele><time>2024-07-29T02:19:09Z</time></trkpt><trkpt lat="-39.3657929823" lon="-72.6141958404"><ele>115.79</ele><time>2024-07-29T02:19:19Z</time></trkpt><trkpt lat="-39.3655635696" lon="-72.6138064172"><ele>118.10</ele><time>2024-07-29T02:19:30Z</time></trkpt><trkpt lat="-39.3654678483" lon="-72.6138412859"><ele>118.10</ele><time>2024-07-29T02:19:33Z</time></trkpt><trkpt lat="-39.3653075024" lon="-72.6140369195"><ele>117.54</ele><time>2024-07-29T02:19:39Z</time></trkpt><trkpt lat="-39.3653087597" lon="-72.6140622329"><ele>117.53</ele><time>2024-07-29T02:19:40Z</time></trkpt><trkpt lat="-39.3653150462" lon="-72.6140835229"><ele>117.48</ele><time>2024-07-29T02:19:41Z</time></trkpt><trkpt lat="-39.3653236795" lon="-72.6141034719"><ele>117.43</ele><time>2024-07-29T02:19:42Z</time></trkpt><trkpt lat="-39.3653365038" lon="-72.6141244266"><ele>117.49</ele><time>2024-07-29T02:19:43Z</time></trkpt><trkpt lat="-39.3653521780" lon="-72.6141535956"><ele>117.49</ele><time>2024-07-29T02:19:44Z</time></trkpt><trkpt lat="-39.3653733842" lon="-72.6141898055"><ele>117.39</ele><time>2024-07-29T02:19:45Z</time></trkpt><trkpt lat="-39.3654542696" lon="-72.6143358182"><ele>116.92</ele><time>2024-07-29T02:19:48Z</time></trkpt><trkpt lat="-39.3656971771" lon="-72.6147665642"><ele>114.25</ele><time>2024-07-29T02:19:58Z</time></trkpt><trkpt lat="-39.3659626320" lon="-72.6151807141"><ele>112.31</ele><time>2024-07-29T02:20:07Z</time></trkpt><trkpt lat="-39.3660841696" lon="-72.6153981406"><ele>111.03</ele><time>2024-07-29T02:20:10Z</time></trkpt><trkpt lat="-39.3663100619" lon="-72.6158267912"><ele>108.01</ele><time>2024-07-29T02:20:17Z</time></trkpt><trkpt lat="-39.3663328607" lon="-72.6158798486"><ele>107.51</ele><time>2024-07-29T02:20:25Z</time></trkpt><trkpt lat="-39.3663295079" lon="-72.6159206685"><ele>107.17</ele><time>2024-07-29T02:20:27Z</time></trkpt><trkpt lat="-39.3663192820" lon="-72.6159477420"><ele>107.17</ele><time>2024-07-29T02:20:28Z</time></trkpt><trkpt lat="-39.3662955612" lon="-72.6159819402"><ele>107.14</ele><time>2024-07-29T02:20:29Z</time></trkpt><trkpt lat="-39.3662608601" lon="-72.6160172280"><ele>107.31</ele><time>2024-07-29T02:20:30Z</time></trkpt><trkpt lat="-39.3662216328" lon="-72.6160531864"><ele>107.31</ele><time>2024-07-29T02:20:31Z</time></trkpt><trkpt lat="-39.3660812359" lon="-72.6161412802"><ele>107.17</ele><time>2024-07-29T02:20:35Z</time></trkpt><trkpt lat="-39.3660530727" lon="-72.6161201578"><ele>107.24</ele><time>2024-07-29T02:20:36Z</time></trkpt><trkpt lat="-39.3660244904" lon="-72.6160844509"><ele>107.50</ele><time>2024-07-29T02:20:37Z</time></trkpt><trkpt lat="-39.3659975845" lon="-72.6160377637"><ele>107.78</ele><time>2024-07-29T02:20:38Z</time></trkpt><trkpt lat="-39.3659739476" lon="-72.6159828622"><ele>108.14</ele><time>2024-07-29T02:20:39Z</time></trkpt><trkpt lat="-39.3659542501" lon="-72.6159318164"><ele>108.20</ele><time>2024-07-29T02:20:40Z</time></trkpt><trkpt lat="-39.3658754602" lon="-72.6158423815"><ele>108.45</ele><time>2024-07-29T02:20:43Z</time></trkpt><trkpt lat="-39.3658379093" lon="-72.6158477459"><ele>108.41</ele><time>2024-07-29T02:20:44Z</time></trkpt><trkpt lat="-39.3658020347" lon="-72.6158697903"><ele>108.48</ele><time>2024-07-29T02:20:45Z</time></trkpt><trkpt lat="-39.3657675851" lon="-72.6159004681"><ele>108.48</ele><time>2024-07-29T02:20:46Z</time></trkpt><trkpt lat="-39.3657346442" lon="-72.6159329060"><ele>108.50</ele><time>2024-07-29T02:20:47Z</time></trkpt><trkpt lat="-39.3655742146" lon="-72.6161064114"><ele>107.94</ele><time>2024-07-29T02:20:53Z</time></trkpt><trkpt lat="-39.3655780703" lon="-72.6161451358"><ele>107.91</ele><time>2024-07-29T02:20:54Z</time></trkpt><trkpt lat="-39.3655924872" lon="-72.6161866263"><ele>107.83</ele><time>2024-07-29T02:20:55Z</time></trkpt><trkpt lat="-39.3656145316" lon="-72.6162290387"><ele>107.78</ele><time>2024-07-29T02:20:56Z</time></trkpt><trkpt lat="-39.3656387553" lon="-72.6162729599"><ele>107.80</ele><time>2024-07-29T02:20:57Z</time></trkpt><trkpt lat="-39.3657192215" lon="-72.6164534222"><ele>106.99</ele><time>2024-07-29T02:21:04Z</time></trkpt><trkpt lat="-39.3657118455" lon="-72.6164842676"><ele>106.91</ele><time>2024-07-29T02:21:05Z</time></trkpt><trkpt lat="-39.3656925671" lon="-72.6165185496"><ele>106.83</ele><time>2024-07-29T02:21:06Z</time></trkpt><trkpt lat="-39.3656607158" lon="-72.6165597886"><ele>106.96</ele><time>2024-07-29T02:21:07Z</time></trkpt><trkpt lat="-39.3656218238" lon="-72.6166031230"><ele>106.98</ele><time>2024-07-29T02:21:08Z</time></trkpt><trkpt lat="-39.3655820098" lon="-72.6166431885"><ele>107.11</ele><time>2024-07-29T02:21:09Z</time></trkpt><trkpt lat="-39.3654824328" lon="-72.6166870259"><ele>106.90</ele><time>2024-07-29T02:21:12Z</time></trkpt><trkpt lat="-39.3654574547" lon="-72.6166664902"><ele>107.01</ele><time>2024-07-29T02:21:13Z</time></trkpt><trkpt lat="-39.3654346559" lon="-72.6166346390"><ele>107.17</ele><time>2024-07-29T02:21:14Z</time></trkpt><trkpt lat="-39.3654089235" lon="-72.6165918913"><ele>107.20</ele><time>2024-07-29T02:21:15Z</time></trkpt><trkpt lat="-39.3653794192" lon="-72.6165446173"><ele>107.36</ele><time>2024-07-29T02:21:16Z</time></trkpt><trkpt lat="-39.3650858011" lon="-72.6159799285"><ele>108.46</ele><time>2024-07-29T02:21:28Z</time></trkpt><trkpt lat="-39.3650943507" lon="-72.6159492508"><ele>108.41</ele><time>2024-07-29T02:21:29Z</time></trkpt><trkpt lat="-39.3651116174" lon="-72.6159224287"><ele>108.47</ele><time>2024-07-29T02:21:30Z</time></trkpt><trkpt lat="-39.3651358411" lon="-72.6158987079"><ele>108.56</ele><time>2024-07-29T02:21:31Z</time></trkpt><trkpt lat="-39.3651653454" lon="-72.6158728078"><ele>108.63</ele><time>2024-07-29T02:21:32Z</time></trkpt><trkpt lat="-39.3652702030" lon="-72.6157799363"><ele>108.89</ele><time>2024-07-29T02:21:35Z</time></trkpt><trkpt lat="-39.3655051477" lon="-72.6155889966"><ele>109.59</ele><time>2024-07-29T02:21:41Z</time></trkpt><trkpt lat="-39.3655445427" lon="-72.6155536249"><ele>109.65</ele><time>2024-07-29T02:21:42Z</time></trkpt><trkpt lat="-39.3659420125" lon="-72.6151707396"><ele>111.53</ele><time>2024-07-29T02:21:54Z</time></trkpt><trkpt lat="-39.3659272604" lon="-72.6150993258"><ele>111.98</ele><time>2024-07-29T02:21:56Z</time></trkpt><trkpt lat="-39.3659052998" lon="-72.6150584221"><ele>112.32</ele><time>2024-07-29T02:21:57Z</time></trkpt><trkpt lat="-39.3657638133" lon="-72.6148211304"><ele>114.50</ele><time>2024-07-29T02:22:04Z</time></trkpt><trkpt lat="-39.3657343928" lon="-72.6148205437"><ele>114.56</ele><time>2024-07-29T02:22:05Z</time></trkpt><trkpt lat="-39.3656996917" lon="-72.6148316078"><ele>114.44</ele><time>2024-07-29T02:22:06Z</time></trkpt><trkpt lat="-39.3656637333" lon="-72.6148549933"><ele>114.60</ele><time>2024-07-29T02:22:07Z</time></trkpt><trkpt lat="-39.3656248413" lon="-72.6148835756"><ele>114.70</ele><time>2024-07-29T02:22:08Z</time></trkpt><trkpt lat="-39.3654478155" lon="-72.6150230505"><ele>114.51</ele><time>2024-07-29T02:22:13Z</time></trkpt><trkpt lat="-39.3654216640" lon="-72.6150106452"><ele>114.55</ele><time>2024-07-29T02:22:14Z</time></trkpt><trkpt lat="-39.3653938361" lon="-72.6149801351"><ele>114.69</ele><time>2024-07-29T02:22:15Z</time></trkpt><trkpt lat="-39.3653665949" lon="-72.6149404887"><ele>114.81</ele><time>2024-07-29T02:22:16Z</time></trkpt><trkpt lat="-39.3653381802" lon="-72.6148940530"><ele>115.05</ele><time>2024-07-29T02:22:17Z</time></trkpt><trkpt lat="-39.3650329951" lon="-72.6143543422"><ele>116.79</ele><time>2024-07-29T02:22:29Z</time></trkpt><trkpt lat="-39.3649875652" lon="-72.6143334713"><ele>116.57</ele><time>2024-07-29T02:22:32Z</time></trkpt><trkpt lat="-39.3649612460" lon="-72.6143394224"><ele>116.65</ele><time>2024-07-29T02:22:33Z</time></trkpt><trkpt lat="-39.3649297301" lon="-72.6143556833"><ele>116.56</ele><time>2024-07-29T02:22:34Z</time></trkpt><trkpt lat="-39.3648898322" lon="-72.6143833436"><ele>116.36</ele><time>2024-07-29T02:22:35Z</time></trkpt><trkpt lat="-39.3648436479" lon="-72.6144195534"><ele>116.22</ele><time>2024-07-29T02:22:36Z</time></trkpt><trkpt lat="-39.3644957151" lon="-72.6147085615"><ele>113.03</ele><time>2024-07-29T02:22:43Z</time></trkpt><trkpt lat="-39.3644315097" lon="-72.6147996727"><ele>112.39</ele><time>2024-07-29T02:22:46Z</time></trkpt><trkpt lat="-39.3644148298" lon="-72.6148589328"><ele>112.30</ele><time>2024-07-29T02:22:47Z</time></trkpt><trkpt lat="-39.3644025922" lon="-72.6149299275"><ele>112.26</ele><time>2024-07-29T02:22:48Z</time></trkpt><trkpt lat="-39.3643952999" lon="-72.6150086336"><ele>112.01</ele><time>2024-07-29T02:22:49Z</time></trkpt><trkpt lat="-39.3643902708" lon="-72.6150869206"><ele>111.73</ele><time>2024-07-29T02:22:50Z</time></trkpt><trkpt lat="-39.3644222897" lon="-72.6153275650"><ele>110.36</ele><time>2024-07-29T02:22:55Z</time></trkpt><trkpt lat="-39.3644398078" lon="-72.6153456699"><ele>110.40</ele><time>2024-07-29T02:22:56Z</time></trkpt><trkpt lat="-39.3644527160" lon="-72.6153524593"><ele>110.37</ele><time>2024-07-29T02:22:57Z</time></trkpt><trkpt lat="-39.3644688092" lon="-72.6153481007"><ele>110.35</ele><time>2024-07-29T02:22:58Z</time></trkpt><trkpt lat="-39.3644920271" lon="-72.6153346058"><ele>110.39</ele><time>2024-07-29T02:22:59Z</time></trkpt><trkpt lat="-39.3645190168" lon="-72.6153159142"><ele>110.64</ele><time>2024-07-29T02:23:00Z</time></trkpt><trkpt lat="-39.3649176601" lon="-72.6149668917"><ele>113.30</ele><time>2024-07-29T02:23:12Z</time></trkpt><trkpt lat="-39.3649625033" lon="-72.6149727590"><ele>113.52</ele><time>2024-07-29T02:23:14Z</time></trkpt><trkpt lat="-39.3649851345" lon="-72.6149935462"><ele>113.59</ele><time>2024-07-29T02:23:15Z</time></trkpt><trkpt lat="-39.3650101963" lon="-72.6150235534"><ele>113.64</ele><time>2024-07-29T02:23:16Z</time></trkpt><trkpt lat="-39.3651213404" lon="-72.6153421495"><ele>111.78</ele><time>2024-07-29T02:23:26Z</time></trkpt><trkpt lat="-39.3650944345" lon="-72.6153800357"><ele>111.62</ele><time>2024-07-29T02:23:27Z</time></trkpt><trkpt lat="-39.3650584761" lon="-72.6154151559"><ele>111.35</ele><time>2024-07-29T02:23:28Z</time></trkpt><trkpt lat="-39.3646378722" lon="-72.6157827023"><ele>109.76</ele><time>2024-07-29T02:23:38Z</time></trkpt><trkpt lat="-39.3646144867" lon="-72.6158272941"><ele>109.67</ele><time>2024-07-29T02:23:39Z</time></trkpt><trkpt lat="-39.3646010756" lon="-72.6158765797"><ele>109.58</ele><time>2024-07-29T02:23:40Z</time></trkpt><trkpt lat="-39.3646014109" lon="-72.6159232669"><ele>109.40</ele><time>2024-07-29T02:23:41Z</time></trkpt><trkpt lat="-39.3646170851" lon="-72.6159671042"><ele>109.61</ele><time>2024-07-29T02:23:42Z</time></trkpt><trkpt lat="-39.3646392971" lon="-72.6160095166"><ele>109.50</ele><time>2024-07-29T02:23:43Z</time></trkpt><trkpt lat="-39.3646682147" lon="-72.6160632446"><ele>109.64</ele><time>2024-07-29T02:23:44Z</time></trkpt><trkpt lat="-39.3650920875" lon="-72.6168407500"><ele>107.19</ele><time>2024-07-29T02:23:55Z</time></trkpt><trkpt lat="-39.3651341647" lon="-72.6170450170"><ele>106.51</ele><time>2024-07-29T02:24:02Z</time></trkpt><trkpt lat="-39.3651086837" lon="-72.6170765329"><ele>106.54</ele><time>2024-07-29T02:24:03Z</time></trkpt><trkpt lat="-39.3646483496" lon="-72.6175136492"><ele>106.44</ele><time>2024-07-29T02:24:14Z</time></trkpt><trkpt lat="-39.3644377124" lon="-72.6177168265"><ele>106.28</ele><time>2024-07-29T02:24:21Z</time></trkpt><trkpt lat="-39.3644118123" lon="-72.6177647710"><ele>106.21</ele><time>2024-07-29T02:24:22Z</time></trkpt><trkpt lat="-39.3643921148" lon="-72.6178242825"><ele>106.32</ele><time>2024-07-29T02:24:23Z</time></trkpt><trkpt lat="-39.3643788714" lon="-72.6178886555"><ele>106.40</ele><time>2024-07-29T02:24:24Z</time></trkpt><trkpt lat="-39.3643748481" lon="-72.6179549564"><ele>106.42</ele><time>2024-07-29T02:24:25Z</time></trkpt><trkpt lat="-39.3643784523" lon="-72.6180124562"><ele>106.41</ele><time>2024-07-29T02:24:26Z</time></trkpt><trkpt lat="-39.3643923663" lon="-72.6180583891"><ele>106.24</ele><time>2024-07-29T02:24:27Z</time></trkpt><trkpt lat="-39.3644137401" lon="-72.6180924196"><ele>106.23</ele><time>2024-07-29T02:24:28Z</time></trkpt><trkpt lat="-39.3644424900" lon="-72.6181154698"><ele>106.32</ele><time>2024-07-29T02:24:29Z</time></trkpt><trkpt lat="-39.3644704018" lon="-72.6181453094"><ele>106.46</ele><time>2024-07-29T02:24:30Z</time></trkpt><trkpt lat="-39.3644978944" lon="-72.6181855425"><ele>106.59</ele><time>2024-07-29T02:24:31Z</time></trkpt><trkpt lat="-39.3645244651" lon="-72.6182351634"><ele>106.63</ele><time>2024-07-29T02:24:32Z</time></trkpt><trkpt lat="-39.3645512871" lon="-72.6182863768"><ele>106.89</ele><time>2024-07-29T02:24:33Z</time></trkpt><trkpt lat="-39.3645780254" lon="-72.6183357462"><ele>106.77</ele><time>2024-07-29T02:24:34Z</time></trkpt><trkpt lat="-39.3647396285" lon="-72.6185016241"><ele>106.88</ele><time>2024-07-29T02:24:42Z</time></trkpt><trkpt lat="-39.3647699710" lon="-72.6184764784"><ele>106.91</ele><time>2024-07-29T02:24:43Z</time></trkpt><trkpt lat="-39.3648009840" lon="-72.6184496563"><ele>107.10</ele><time>2024-07-29T02:24:44Z</time></trkpt><trkpt lat="-39.3648340926" lon="-72.6184193138"><ele>107.03</ele><time>2024-07-29T02:24:45Z</time></trkpt><trkpt lat="-39.3648684584" lon="-72.6183825172"><ele>107.29</ele><time>2024-07-29T02:24:46Z</time></trkpt><trkpt lat="-39.3649095297" lon="-72.6183403563"><ele>107.34</ele><time>2024-07-29T02:24:47Z</time></trkpt><trkpt lat="-39.3649532832" lon="-72.6182980277"><ele>107.41</ele><time>2024-07-29T02:24:48Z</time></trkpt><trkpt lat="-39.3654405233" lon="-72.6178740710"><ele>107.51</ele><time>2024-07-29T02:25:00Z</time></trkpt><trkpt lat="-39.3656030484" lon="-72.6177322492"><ele>107.20</ele><time>2024-07-29T02:25:08Z</time></trkpt><trkpt lat="-39.3661140930" lon="-72.6172897685"><ele>107.96</ele><time>2024-07-29T02:25:23Z</time></trkpt><trkpt lat="-39.3665401451" lon="-72.6169295143"><ele>107.98</ele><time>2024-07-29T02:25:38Z</time></trkpt><trkpt lat="-39.3666516244" lon="-72.6168188732"><ele>108.31</ele><time>2024-07-29T02:25:42Z</time></trkpt><trkpt lat="-39.3671391997" lon="-72.6163764764"><ele>108.75</ele><time>2024-07-29T02:25:57Z</time></trkpt><trkpt lat="-39.3676822633" lon="-72.6159038208"><ele>109.27</ele><time>2024-07-29T02:26:12Z</time></trkpt><trkpt lat="-39.3679704331" lon="-72.6155511104"><ele>109.23</ele><time>2024-07-29T02:26:24Z</time></trkpt><trkpt lat="-39.3679540884" lon="-72.6155148167"><ele>109.13</ele><time>2024-07-29T02:26:25Z</time></trkpt><trkpt lat="-39.3676545192" lon="-72.6149871759"><ele>109.01</ele><time>2024-07-29T02:26:38Z</time></trkpt><trkpt lat="-39.3676111847" lon="-72.6148430072"><ele>108.79</ele><time>2024-07-29T02:26:43Z</time></trkpt><trkpt lat="-39.3676237576" lon="-72.6148097310"><ele>108.76</ele><time>2024-07-29T02:26:44Z</time></trkpt><trkpt lat="-39.3676468078" lon="-72.6147726830"><ele>108.82</ele><time>2024-07-29T02:26:45Z</time></trkpt><trkpt lat="-39.3676804192" lon="-72.6147345454"><ele>108.94</ele><time>2024-07-29T02:26:46Z</time></trkpt><trkpt lat="-39.3677233346" lon="-72.6146924682"><ele>108.88</ele><time>2024-07-29T02:26:47Z</time></trkpt><trkpt lat="-39.3684096448" lon="-72.6141030528"><ele>109.72</ele><time>2024-07-29T02:27:01Z</time></trkpt><trkpt lat="-39.3686183542" lon="-72.6138312276"><ele>109.98</ele><time>2024-07-29T02:27:11Z</time></trkpt><trkpt lat="-39.3689639401" lon="-72.6134288125"><ele>109.65</ele><time>2024-07-29T02:27:27Z</time></trkpt><trkpt lat="-39.3690023292" lon="-72.6132640243"><ele>109.37</ele><time>2024-07-29T02:27:33Z</time></trkpt><trkpt lat="-39.3688458391" lon="-72.6130123995"><ele>109.13</ele><time>2024-07-29T02:27:43Z</time></trkpt><trkpt lat="-39.3688299134" lon="-72.6130184345"><ele>109.12</ele><time>2024-07-29T02:27:44Z</time></trkpt><trkpt lat="-39.3686134089" lon="-72.6132232882"><ele>109.72</ele><time>2024-07-29T02:27:54Z</time></trkpt><trkpt lat="-39.3685217109" lon="-72.6133230329"><ele>109.68</ele><time>2024-07-29T02:27:57Z</time></trkpt><trkpt lat="-39.3683754466" lon="-72.6134632621"><ele>110.01</ele><time>2024-07-29T02:28:01Z</time></trkpt><trkpt lat="-39.3682282604" lon="-72.6135718077"><ele>110.16</ele><time>2024-07-29T02:28:07Z</time></trkpt><trkpt lat="-39.3682008516" lon="-72.6135543734"><ele>110.14</ele><time>2024-07-29T02:28:08Z</time></trkpt><trkpt lat="-39.3681692518" lon="-72.6135242824"><ele>110.21</ele><time>2024-07-29T02:28:09Z</time></trkpt><trkpt lat="-39.3680495583" lon="-72.6133576501"><ele>110.31</ele><time>2024-07-29T02:28:14Z</time></trkpt><trkpt lat="-39.3680537492" lon="-72.6133243740"><ele>110.28</ele><time>2024-07-29T02:28:15Z</time></trkpt><trkpt lat="-39.3680674955" lon="-72.6132950373"><ele>110.26</ele><time>2024-07-29T02:28:16Z</time></trkpt><trkpt lat="-39.3680893723" lon="-72.6132673770"><ele>110.16</ele><time>2024-07-29T02:28:17Z</time></trkpt><trkpt lat="-39.3681190442" lon="-72.6132361125"><ele>110.02</ele><time>2024-07-29T02:28:18Z</time></trkpt><trkpt lat="-39.3684388138" lon="-72.6128777862"><ele>109.16</ele><time>2024-07-29T02:28:29Z</time></trkpt><trkpt lat="-39.3688219506" lon="-72.6124446932"><ele>108.85</ele><time>2024-07-29T02:28:41Z</time></trkpt><trkpt lat="-39.3688097969" lon="-72.6120489836"><ele>108.59</ele><time>2024-07-29T02:28:50Z</time></trkpt><trkpt lat="-39.3687978107" lon="-72.6120336447"><ele>108.53</ele><time>2024-07-29T02:28:51Z</time></trkpt><trkpt lat="-39.3687458429" lon="-72.6120447926"><ele>108.54</ele><time>2024-07-29T02:29:00Z</time></trkpt><trkpt lat="-39.3687223736" lon="-72.6120597962"><ele>108.51</ele><time>2024-07-29T02:29:01Z</time></trkpt><trkpt lat="-39.3686969765" lon="-72.6120798290"><ele>108.62</ele><time>2024-07-29T02:29:02Z</time></trkpt><trkpt lat="-39.3686714955" lon="-72.6121036336"><ele>108.68</ele><time>2024-07-29T02:29:03Z</time></trkpt><trkpt lat="-39.3686447572" lon="-72.6121327188"><ele>108.63</ele><time>2024-07-29T02:29:04Z</time></trkpt><trkpt lat="-39.3683150969" lon="-72.6124915481"><ele>109.04</ele><time>2024-07-29T02:29:13Z</time></trkpt><trkpt lat="-39.3682707567" lon="-72.6125390735"><ele>109.07</ele><time>2024-07-29T02:29:14Z</time></trkpt><trkpt lat="-39.3677126057" lon="-72.6131291594"><ele>111.07</ele><time>2024-07-29T02:29:29Z</time></trkpt><trkpt lat="-39.3676847778" lon="-72.6131233759"><ele>111.35</ele><time>2024-07-29T02:29:30Z</time></trkpt><trkpt lat="-39.3676525075" lon="-72.6131056901"><ele>111.60</ele><time>2024-07-29T02:29:31Z</time></trkpt><trkpt lat="-39.3676177226" lon="-72.6130820531"><ele>111.58</ele><time>2024-07-29T02:29:32Z</time></trkpt><trkpt lat="-39.3671569694" lon="-72.6127340365"><ele>114.76</ele><time>2024-07-29T02:29:43Z</time></trkpt><trkpt lat="-39.3671181612" lon="-72.6127103157"><ele>115.00</ele><time>2024-07-29T02:29:44Z</time></trkpt><trkpt lat="-39.3670846336" lon="-72.6126943063"><ele>115.24</ele><time>2024-07-29T02:29:45Z</time></trkpt><trkpt lat="-39.3670536205" lon="-72.6126900315"><ele>115.45</ele><time>2024-07-29T02:29:46Z</time></trkpt><trkpt lat="-39.3670262955" lon="-72.6126965694"><ele>115.63</ele><time>2024-07-29T02:29:47Z</time></trkpt><trkpt lat="-39.3670022395" lon="-72.6127060410"><ele>115.76</ele><time>2024-07-29T02:29:48Z</time></trkpt><trkpt lat="-39.3667765148" lon="-72.6130284090"><ele>114.74</ele><time>2024-07-29T02:30:00Z</time></trkpt><trkpt lat="-39.3667857349" lon="-72.6130556501"><ele>114.66</ele><time>2024-07-29T02:30:01Z</time></trkpt><trkpt lat="-39.3668065220" lon="-72.6130763534"><ele>114.65</ele><time>2024-07-29T02:30:02Z</time></trkpt><trkpt lat="-39.3668346014" lon="-72.6130942069"><ele>114.36</ele><time>2024-07-29T02:30:03Z</time></trkpt><trkpt lat="-39.3668705598" lon="-72.6131147426"><ele>114.08</ele><time>2024-07-29T02:30:04Z</time></trkpt><trkpt lat="-39.3669076916" lon="-72.6131405588"><ele>113.80</ele><time>2024-07-29T02:30:05Z</time></trkpt><trkpt lat="-39.3672225159" lon="-72.6133642718"><ele>110.71</ele><time>2024-07-29T02:30:12Z</time></trkpt><trkpt lat="-39.3675751425" lon="-72.6137078460"><ele>108.13</ele><time>2024-07-29T02:30:23Z</time></trkpt><trkpt lat="-39.3675742205" lon="-72.6137335785"><ele>108.20</ele><time>2024-07-29T02:30:24Z</time></trkpt><trkpt lat="-39.3675684370" lon="-72.6137635019"><ele>108.18</ele><time>2024-07-29T02:30:25Z</time></trkpt><trkpt lat="-39.3675528467" lon="-72.6137954369"><ele>108.32</ele><time>2024-07-29T02:30:26Z</time></trkpt><trkpt lat="-39.3675204925" lon="-72.6138308086"><ele>108.38</ele><time>2024-07-29T02:30:27Z</time></trkpt><trkpt lat="-39.3674816005" lon="-72.6138649229"><ele>108.45</ele><time>2024-07-29T02:30:28Z</time></trkpt><trkpt lat="-39.3672857154" lon="-72.6139623206"><ele>108.39</ele><time>2024-07-29T02:30:34Z</time></trkpt><trkpt lat="-39.3672557920" lon="-72.6139334030"><ele>108.48</ele><time>2024-07-29T02:30:35Z</time></trkpt><trkpt lat="-39.3672277965" lon="-72.6138956845"><ele>108.51</ele><time>2024-07-29T02:30:36Z</time></trkpt><trkpt lat="-39.3671942689" lon="-72.6138581336"><ele>108.75</ele><time>2024-07-29T02:30:37Z</time></trkpt><trkpt lat="-39.3671530299" lon="-72.6138247736"><ele>109.00</ele><time>2024-07-29T02:30:38Z</time></trkpt><trkpt lat="-39.3671083543" lon="-72.6137944311"><ele>109.23</ele><time>2024-07-29T02:30:39Z</time></trkpt><trkpt lat="-39.3668048456" lon="-72.6135890745"><ele>112.76</ele><time>2024-07-29T02:30:46Z</time></trkpt><trkpt lat="-39.3666491099" lon="-72.6134767570"><ele>115.82</ele><time>2024-07-29T02:30:52Z</time></trkpt><trkpt lat="-39.3666473497" lon="-72.6134564728"><ele>116.03</ele><time>2024-07-29T02:30:53Z</time></trkpt><trkpt lat="-39.3666460924" lon="-72.6134293154"><ele>116.14</ele><time>2024-07-29T02:30:54Z</time></trkpt><trkpt lat="-39.3666528817" lon="-72.6133944467"><ele>116.14</ele><time>2024-07-29T02:30:55Z</time></trkpt><trkpt lat="-39.3666662928" lon="-72.6133549679"><ele>115.96</ele><time>2024-07-29T02:30:56Z</time></trkpt><trkpt lat="-39.3666806258" lon="-72.6133114658"><ele>115.76</ele><time>2024-07-29T02:30:57Z</time></trkpt><trkpt lat="-39.3668537121" lon="-72.6129009202"><ele>114.61</ele><time>2024-07-29T02:31:06Z</time></trkpt><trkpt lat="-39.3668860663" lon="-72.6128637046"><ele>114.82</ele><time>2024-07-29T02:31:07Z</time></trkpt><trkpt lat="-39.3670803588" lon="-72.6127550751"><ele>115.12</ele><time>2024-07-29T02:31:13Z</time></trkpt><trkpt lat="-39.3671240285" lon="-72.6127751917"><ele>115.03</ele><time>2024-07-29T02:31:14Z</time></trkpt><trkpt lat="-39.3671766669" lon="-72.6128070429"><ele>114.98</ele><time>2024-07-29T02:31:15Z</time></trkpt><trkpt lat="-39.3675209116" lon="-72.6130486093"><ele>112.33</ele><time>2024-07-29T02:31:21Z</time></trkpt><trkpt lat="-39.3683337048" lon="-72.6137843728"><ele>110.21</ele><time>2024-07-29T02:31:33Z</time></trkpt><trkpt lat="-39.3690817058" lon="-72.6149525587"><ele>109.53</ele><time>2024-07-29T02:31:48Z</time></trkpt><trkpt lat="-39.3691639323" lon="-72.6151090488"><ele>109.42</ele><time>2024-07-29T02:31:50Z</time></trkpt><trkpt lat="-39.3691951968" lon="-72.6151974779"><ele>109.55</ele><time>2024-07-29T02:31:51Z</time></trkpt><trkpt lat="-39.3692205101" lon="-72.6152916066"><ele>109.68</ele><time>2024-07-29T02:31:52Z</time></trkpt><trkpt lat="-39.3693019822" lon="-72.6157982927"><ele>109.70</ele><time>2024-07-29T02:31:58Z</time></trkpt><trkpt lat="-39.3692940194" lon="-72.6158519369"><ele>109.71</ele><time>2024-07-29T02:31:59Z</time></trkpt><trkpt lat="-39.3692717236" lon="-72.6158961933"><ele>109.62</ele><time>2024-07-29T02:32:00Z</time></trkpt><trkpt lat="-39.3692380283" lon="-72.6159335766"><ele>109.73</ele><time>2024-07-29T02:32:01Z</time></trkpt><trkpt lat="-39.3691977952" lon="-72.6159680262"><ele>109.85</ele><time>2024-07-29T02:32:02Z</time></trkpt><trkpt lat="-39.3691492639" lon="-72.6160044875"><ele>110.11</ele><time>2024-07-29T02:32:03Z</time></trkpt><trkpt lat="-39.3688177597" lon="-72.6162582915"><ele>109.31</ele><time>2024-07-29T02:32:09Z</time></trkpt><trkpt lat="-39.3687693123" lon="-72.6162764803"><ele>109.25</ele><time>2024-07-29T02:32:10Z</time></trkpt><trkpt lat="-39.3687228765" lon="-72.6162769832"><ele>109.04</ele><time>2024-07-29T02:32:11Z</time></trkpt><trkpt lat="-39.3686760217" lon="-72.6162509155"><ele>108.99</ele><time>2024-07-29T02:32:12Z</time></trkpt><trkpt lat="-39.3686279934" lon="-72.6162175555"><ele>109.01</ele><time>2024-07-29T02:32:13Z</time></trkpt><trkpt lat="-39.3684185296" lon="-72.6160533540"><ele>108.96</ele><time>2024-07-29T02:32:17Z</time></trkpt><trkpt lat="-39.3683589343" lon="-72.6160191558"><ele>109.06</ele><time>2024-07-29T02:32:18Z</time></trkpt><trkpt lat="-39.3682992551" lon="-72.6160003804"><ele>109.08</ele><time>2024-07-29T02:32:19Z</time></trkpt><trkpt lat="-39.3682378996" lon="-72.6160012186"><ele>108.99</ele><time>2024-07-29T02:32:20Z</time></trkpt><trkpt lat="-39.3681743648" lon="-72.6160199102"><ele>109.04</ele><time>2024-07-29T02:32:21Z</time></trkpt><trkpt lat="-39.3681147695" lon="-72.6160512585"><ele>108.94</ele><time>2024-07-29T02:32:22Z</time></trkpt><trkpt lat="-39.3680610415" lon="-72.6160917431"><ele>109.03</ele><time>2024-07-29T02:32:23Z</time></trkpt><trkpt lat="-39.3680094928" lon="-72.6161376759"><ele>109.13</ele><time>2024-07-29T02:32:24Z</time></trkpt><trkpt lat="-39.3672115356" lon="-72.6168347988"><ele>108.58</ele><time>2024-07-29T02:32:39Z</time></trkpt><trkpt lat="-39.3663611077" lon="-72.6175731607"><ele>107.74</ele><time>2024-07-29T02:32:55Z</time></trkpt><trkpt lat="-39.3658059742" lon="-72.6180692855"><ele>106.58</ele><time>2024-07-29T02:33:08Z</time></trkpt><trkpt lat="-39.3658045493" lon="-72.6181068365"><ele>106.67</ele><time>2024-07-29T02:33:09Z</time></trkpt><trkpt lat="-39.3658118416" lon="-72.6181602292"><ele>106.80</ele><time>2024-07-29T02:33:10Z</time></trkpt><trkpt lat="-39.3658256717" lon="-72.6182047371"><ele>106.80</ele><time>2024-07-29T02:33:11Z</time></trkpt><trkpt lat="-39.3658502307" lon="-72.6182599738"><ele>106.82</ele><time>2024-07-29T02:33:12Z</time></trkpt><trkpt lat="-39.3658804055" lon="-72.6183119416"><ele>106.92</ele><time>2024-07-29T02:33:13Z</time></trkpt><trkpt lat="-39.3659083173" lon="-72.6183586288"><ele>106.96</ele><time>2024-07-29T02:33:14Z</time></trkpt><trkpt lat="-39.3659958243" lon="-72.6184164640"><ele>106.84</ele><time>2024-07-29T02:33:17Z</time></trkpt><trkpt lat="-39.3660251610" lon="-72.6184081659"><ele>106.92</ele><time>2024-07-29T02:33:18Z</time></trkpt><trkpt lat="-39.3660556711" lon="-72.6183906477"><ele>106.93</ele><time>2024-07-29T02:33:19Z</time></trkpt><trkpt lat="-39.3660887796" lon="-72.6183638256"><ele>106.94</ele><time>2024-07-29T02:33:20Z</time></trkpt><trkpt lat="-39.3661277555" lon="-72.6183289569"><ele>107.07</ele><time>2024-07-29T02:33:21Z</time></trkpt><trkpt lat="-39.3668035883" lon="-72.6177349314"><ele>107.95</ele><time>2024-07-29T02:33:35Z</time></trkpt><trkpt lat="-39.3672703765" lon="-72.6173742581"><ele>108.15</ele><time>2024-07-29T02:33:46Z</time></trkpt><trkpt lat="-39.3672930915" lon="-72.6173894294"><ele>108.31</ele><time>2024-07-29T02:33:47Z</time></trkpt><trkpt lat="-39.3673137110" lon="-72.6174159162"><ele>108.26</ele><time>2024-07-29T02:33:48Z</time></trkpt><trkpt lat="-39.3673373479" lon="-72.6174527127"><ele>108.37</ele><time>2024-07-29T02:33:49Z</time></trkpt><trkpt lat="-39.3673629966" lon="-72.6174944546"><ele>108.51</ele><time>2024-07-29T02:33:50Z</time></trkpt><trkpt lat="-39.3674890604" lon="-72.6176516991"><ele>108.32</ele><time>2024-07-29T02:33:57Z</time></trkpt><trkpt lat="-39.3675191514" lon="-72.6176392939"><ele>108.54</ele><time>2024-07-29T02:33:58Z</time></trkpt><trkpt lat="-39.3675511703" lon="-72.6176197641"><ele>108.54</ele><time>2024-07-29T02:33:59Z</time></trkpt><trkpt lat="-39.3677355722" lon="-72.6175468415"><ele>108.76</ele><time>2024-07-29T02:34:05Z</time></trkpt><trkpt lat="-39.3677548505" lon="-72.6175801177"><ele>108.77</ele><time>2024-07-29T02:34:06Z</time></trkpt><trkpt lat="-39.3677708600" lon="-72.6176285651"><ele>108.78</ele><time>2024-07-29T02:34:07Z</time></trkpt><trkpt lat="-39.3677845225" lon="-72.6176899206"><ele>108.81</ele><time>2024-07-29T02:34:08Z</time></trkpt><trkpt lat="-39.3677991070" lon="-72.6177620050"><ele>108.74</ele><time>2024-07-29T02:34:09Z</time></trkpt><trkpt lat="-39.3678967562" lon="-72.6183055714"><ele>107.88</ele><time>2024-07-29T02:34:17Z</time></trkpt><trkpt lat="-39.3679262605" lon="-72.6183192339"><ele>107.74</ele><time>2024-07-29T02:34:18Z</time></trkpt><trkpt lat="-39.3679614644" lon="-72.6183188986"><ele>107.82</ele><time>2024-07-29T02:34:19Z</time></trkpt><trkpt lat="-39.3680022005" lon="-72.6183047332"><ele>107.89</ele><time>2024-07-29T02:34:20Z</time></trkpt><trkpt lat="-39.3680486362" lon="-72.6182721276"><ele>107.93</ele><time>2024-07-29T02:34:21Z</time></trkpt><trkpt lat="-39.3680984247" lon="-72.6182297990"><ele>108.07</ele><time>2024-07-29T02:34:22Z</time></trkpt><trkpt lat="-39.3682727683" lon="-72.6180977840"><ele>108.05</ele><time>2024-07-29T02:34:26Z</time></trkpt><trkpt lat="-39.3683296815" lon="-72.6180762425"><ele>108.10</ele><time>2024-07-29T02:34:27Z</time></trkpt><trkpt lat="-39.3685114849" lon="-72.6180153899"><ele>108.16</ele><time>2024-07-29T02:34:30Z</time></trkpt><trkpt lat="-39.3685668055" lon="-72.6179837063"><ele>108.07</ele><time>2024-07-29T02:34:31Z</time></trkpt><trkpt lat="-39.3686157558" lon="-72.6179415453"><ele>108.09</ele><time>2024-07-29T02:34:32Z</time></trkpt><trkpt lat="-39.3686578330" lon="-72.6178880688"><ele>108.08</ele><time>2024-07-29T02:34:33Z</time></trkpt><trkpt lat="-39.3686914444" lon="-72.6178257912"><ele>108.09</ele><time>2024-07-29T02:34:34Z</time></trkpt><trkpt lat="-39.3687155005" lon="-72.6177588198"><ele>108.19</ele><time>2024-07-29T02:34:35Z</time></trkpt><trkpt lat="-39.3687354494" lon="-72.6176902559"><ele>108.11</ele><time>2024-07-29T02:34:36Z</time></trkpt><trkpt lat="-39.3687589187" lon="-72.6176295709"><ele>108.15</ele><time>2024-07-29T02:34:37Z</time></trkpt><trkpt lat="-39.3687893450" lon="-72.6175753400"><ele>108.18</ele><time>2024-07-29T02:34:38Z</time></trkpt><trkpt lat="-39.3688243814" lon="-72.6175256353"><ele>108.25</ele><time>2024-07-29T02:34:39Z</time></trkpt><trkpt lat="-39.3688654527" lon="-72.6174779423"><ele>108.16</ele><time>2024-07-29T02:34:40Z</time></trkpt><trkpt lat="-39.3689100444" lon="-72.6174293272"><ele>108.17</ele><time>2024-07-29T02:34:41Z</time></trkpt><trkpt lat="-39.3694042414" lon="-72.6170109026"><ele>108.91</ele><time>2024-07-29T02:34:53Z</time></trkpt><trkpt lat="-39.3694252800" lon="-72.6170181111"><ele>108.76</ele><time>2024-07-29T02:34:54Z</time></trkpt><trkpt lat="-39.3694446422" lon="-72.6170385629"><ele>108.81</ele><time>2024-07-29T02:34:55Z</time></trkpt><trkpt lat="-39.3694628309" lon="-72.6170710847"><ele>108.87</ele><time>2024-07-29T02:34:56Z</time></trkpt><trkpt lat="-39.3694753200" lon="-72.6171136647"><ele>108.86</ele><time>2024-07-29T02:34:57Z</time></trkpt><trkpt lat="-39.3694851268" lon="-72.6171683148"><ele>108.98</ele><time>2024-07-29T02:34:58Z</time></trkpt><trkpt lat="-39.3694932573" lon="-72.6172331069"><ele>109.05</ele><time>2024-07-29T02:34:59Z</time></trkpt><trkpt lat="-39.3695768248" lon="-72.6178517751"><ele>109.43</ele><time>2024-07-29T02:35:07Z</time></trkpt><trkpt lat="-39.3695733044" lon="-72.6179185789"><ele>109.36</ele><time>2024-07-29T02:35:08Z</time></trkpt><trkpt lat="-39.3695556186" lon="-72.6179789286"><ele>109.38</ele><time>2024-07-29T02:35:09Z</time></trkpt><trkpt lat="-39.3695276231" lon="-72.6180350035"><ele>109.42</ele><time>2024-07-29T02:35:10Z</time></trkpt><trkpt lat="-39.3694880605" lon="-72.6180847920"><ele>109.47</ele><time>2024-07-29T02:35:11Z</time></trkpt><trkpt lat="-39.3694371823" lon="-72.6181353349"><ele>109.57</ele><time>2024-07-29T02:35:12Z</time></trkpt><trkpt lat="-39.3693848792" lon="-72.6181852072"><ele>109.60</ele><time>2024-07-29T02:35:13Z</time></trkpt><trkpt lat="-39.3692281377" lon="-72.6183292922"><ele>109.55</ele><time>2024-07-29T02:35:16Z</time></trkpt><trkpt lat="-39.3691688776" lon="-72.6183607243"><ele>109.51</ele><time>2024-07-29T02:35:17Z</time></trkpt><trkpt lat="-39.3691054266" lon="-72.6183690224"><ele>109.48</ele><time>2024-07-29T02:35:18Z</time></trkpt><trkpt lat="-39.3690386228" lon="-72.6183673460"><ele>109.57</ele><time>2024-07-29T02:35:19Z</time></trkpt><trkpt lat="-39.3689715676" lon="-72.6183612272"><ele>109.43</ele><time>2024-07-29T02:35:20Z</time></trkpt><trkpt lat="-39.3687613495" lon="-72.6183456369"><ele>109.29</ele><time>2024-07-29T02:35:23Z</time></trkpt><trkpt lat="-39.3686879240" lon="-72.6183667593"><ele>109.32</ele><time>2024-07-29T02:35:24Z</time></trkpt><trkpt lat="-39.3686207011" lon="-72.6184049807"><ele>109.35</ele><time>2024-07-29T02:35:25Z</time></trkpt><trkpt lat="-39.3685606867" lon="-72.6184539311"><ele>109.36</ele><time>2024-07-29T02:35:26Z</time></trkpt><trkpt lat="-39.3685019296" lon="-72.6185067371"><ele>109.40</ele><time>2024-07-29T02:35:27Z</time></trkpt><trkpt lat="-39.3674572930" lon="-72.6194849052"><ele>109.01</ele><time>2024-07-29T02:35:44Z</time></trkpt><trkpt lat="-39.3669335078" lon="-72.6199719775"><ele>107.97</ele><time>2024-07-29T02:35:56Z</time></trkpt><trkpt lat="-39.3666396383" lon="-72.6202552021"><ele>108.30</ele><time>2024-07-29T02:36:05Z</time></trkpt><trkpt lat="-39.3659156933" lon="-72.6209415961"><ele>107.44</ele><time>2024-07-29T02:36:19Z</time></trkpt><trkpt lat="-39.3651229329" lon="-72.6216981467"><ele>106.76</ele><time>2024-07-29T02:36:35Z</time></trkpt><trkpt lat="-39.3650417123" lon="-72.6217755955"><ele>106.51</ele><time>2024-07-29T02:36:42Z</time></trkpt><trkpt lat="-39.3647473399" lon="-72.6220357697"><ele>106.77</ele><time>2024-07-29T02:36:52Z</time></trkpt><trkpt lat="-39.3642774504" lon="-72.6225311402"><ele>106.03</ele><time>2024-07-29T02:37:03Z</time></trkpt><trkpt lat="-39.3642694037" lon="-72.6225881372"><ele>106.05</ele><time>2024-07-29T02:37:04Z</time></trkpt><trkpt lat="-39.3642677274" lon="-72.6226477325"><ele>106.07</ele><time>2024-07-29T02:37:05Z</time></trkpt><trkpt lat="-39.3643195275" lon="-72.6230902970"><ele>105.99</ele><time>2024-07-29T02:37:15Z</time></trkpt><trkpt lat="-39.3643431645" lon="-72.6230930630"><ele>106.18</ele><time>2024-07-29T02:37:16Z</time></trkpt><trkpt lat="-39.3643679749" lon="-72.6230830885"><ele>106.06</ele><time>2024-07-29T02:37:17Z</time></trkpt><trkpt lat="-39.3643996585" lon="-72.6230592839"><ele>106.19</ele><time>2024-07-29T02:37:18Z</time></trkpt><trkpt lat="-39.3644312583" lon="-72.6230296958"><ele>106.22</ele><time>2024-07-29T02:37:19Z</time></trkpt><trkpt lat="-39.3644622713" lon="-72.6229962520"><ele>106.22</ele><time>2024-07-29T02:37:20Z</time></trkpt><trkpt lat="-39.3649215158" lon="-72.6225387678"><ele>106.33</ele><time>2024-07-29T02:37:35Z</time></trkpt><trkpt lat="-39.3652438000" lon="-72.6220947783"><ele>106.58</ele><time>2024-07-29T02:37:47Z</time></trkpt><trkpt lat="-39.3656483106" lon="-72.6216598414"><ele>106.40</ele><time>2024-07-29T02:37:59Z</time></trkpt><trkpt lat="-39.3657316267" lon="-72.6215114817"><ele>106.71</ele><time>2024-07-29T02:38:03Z</time></trkpt><trkpt lat="-39.3657726981" lon="-72.6214735955"><ele>106.84</ele><time>2024-07-29T02:38:04Z</time></trkpt><trkpt lat="-39.3661000114" lon="-72.6211841684"><ele>107.04</ele><time>2024-07-29T02:38:12Z</time></trkpt><trkpt lat="-39.3661307730" lon="-72.6211928017"><ele>107.04</ele><time>2024-07-29T02:38:13Z</time></trkpt><trkpt lat="-39.3661646359" lon="-72.6212217193"><ele>107.05</ele><time>2024-07-29T02:38:14Z</time></trkpt><trkpt lat="-39.3661970738" lon="-72.6212635450"><ele>107.03</ele><time>2024-07-29T02:38:15Z</time></trkpt><trkpt lat="-39.3662323616" lon="-72.6213184465"><ele>107.00</ele><time>2024-07-29T02:38:16Z</time></trkpt><trkpt lat="-39.3662693258" lon="-72.6213787962"><ele>106.97</ele><time>2024-07-29T02:38:17Z</time></trkpt><trkpt lat="-39.3664707430" lon="-72.6216233801"><ele>106.44</ele><time>2024-07-29T02:38:24Z</time></trkpt><trkpt lat="-39.3665012531" lon="-72.6216001622"><ele>106.55</ele><time>2024-07-29T02:38:25Z</time></trkpt><trkpt lat="-39.3665336072" lon="-72.6215673052"><ele>106.77</ele><time>2024-07-29T02:38:26Z</time></trkpt><trkpt lat="-39.3668195978" lon="-72.6212775428"><ele>107.23</ele><time>2024-07-29T02:38:35Z</time></trkpt><trkpt lat="-39.3671619147" lon="-72.6209527440"><ele>107.89</ele><time>2024-07-29T02:38:46Z</time></trkpt><trkpt lat="-39.3673116993" lon="-72.6208144426"><ele>107.97</ele><time>2024-07-29T02:38:52Z</time></trkpt><trkpt lat="-39.3673190754" lon="-72.6207837649"><ele>108.01</ele><time>2024-07-29T02:38:53Z</time></trkpt><trkpt lat="-39.3673154712" lon="-72.6207434479"><ele>108.12</ele><time>2024-07-29T02:38:54Z</time></trkpt><trkpt lat="-39.3673000485" lon="-72.6206985209"><ele>108.28</ele><time>2024-07-29T02:38:55Z</time></trkpt><trkpt lat="-39.3672791775" lon="-72.6206550188"><ele>108.31</ele><time>2024-07-29T02:38:56Z</time></trkpt><trkpt lat="-39.3672568817" lon="-72.6206095051"><ele>108.41</ele><time>2024-07-29T02:38:57Z</time></trkpt><trkpt lat="-39.3672246952" lon="-72.6205033064"><ele>108.33</ele><time>2024-07-29T02:39:00Z</time></trkpt><trkpt lat="-39.3672375195" lon="-72.6204732154"><ele>108.32</ele><time>2024-07-29T02:39:01Z</time></trkpt><trkpt lat="-39.3675260246" lon="-72.6201902423"><ele>108.49</ele><time>2024-07-29T02:39:10Z</time></trkpt><trkpt lat="-39.3676243443" lon="-72.6202075928"><ele>108.53</ele><time>2024-07-29T02:39:14Z</time></trkpt><trkpt lat="-39.3676418625" lon="-72.6202368457"><ele>108.62</ele><time>2024-07-29T02:39:15Z</time></trkpt><trkpt lat="-39.3676562794" lon="-72.6202732231"><ele>108.41</ele><time>2024-07-29T02:39:16Z</time></trkpt><trkpt lat="-39.3676693551" lon="-72.6203072537"><ele>108.38</ele><time>2024-07-29T02:39:17Z</time></trkpt><trkpt lat="-39.3677197304" lon="-72.6203774102"><ele>108.31</ele><time>2024-07-29T02:39:20Z</time></trkpt><trkpt lat="-39.3677431997" lon="-72.6203793380"><ele>108.42</ele><time>2024-07-29T02:39:21Z</time></trkpt><trkpt lat="-39.3677681778" lon="-72.6203637477"><ele>108.37</ele><time>2024-07-29T02:39:22Z</time></trkpt><trkpt lat="-39.3681964930" lon="-72.6199784316"><ele>108.82</ele><time>2024-07-29T02:39:34Z</time></trkpt><trkpt lat="-39.3688457552" lon="-72.6193695702"><ele>108.86</ele><time>2024-07-29T02:39:49Z</time></trkpt><trkpt lat="-39.3689268921" lon="-72.6193138305"><ele>108.81</ele><time>2024-07-29T02:39:52Z</time></trkpt><trkpt lat="-39.3689439073" lon="-72.6193205360"><ele>108.87</ele><time>2024-07-29T02:39:53Z</time></trkpt><trkpt lat="-39.3689554743" lon="-72.6193355396"><ele>108.79</ele><time>2024-07-29T02:39:54Z</time></trkpt><trkpt lat="-39.3689636886" lon="-72.6193582546"><ele>108.79</ele><time>2024-07-29T02:39:55Z</time></trkpt><trkpt lat="-39.3689709809" lon="-72.6193875913"><ele>108.76</ele><time>2024-07-29T02:39:56Z</time></trkpt><trkpt lat="-39.3689839728" lon="-72.6194194425"><ele>108.65</ele><time>2024-07-29T02:39:57Z</time></trkpt><trkpt lat="-39.3690919317" lon="-72.6199015696"><ele>108.57</ele><time>2024-07-29T02:40:07Z</time></trkpt><trkpt lat="-39.3690905906" lon="-72.6199201774"><ele>108.61</ele><time>2024-07-29T02:40:08Z</time></trkpt><trkpt lat="-39.3690849748" lon="-72.6199357677"><ele>108.50</ele><time>2024-07-29T02:40:09Z</time></trkpt><trkpt lat="-39.3690750841" lon="-72.6199535374"><ele>108.57</ele><time>2024-07-29T02:40:10Z</time></trkpt><trkpt lat="-39.3690597452" lon="-72.6199734025"><ele>108.55</ele><time>2024-07-29T02:40:11Z</time></trkpt><trkpt lat="-39.3690389581" lon="-72.6199946925"><ele>108.59</ele><time>2024-07-29T02:40:12Z</time></trkpt><trkpt lat="-39.3690141477" lon="-72.6200212631"><ele>108.55</ele><time>2024-07-29T02:40:13Z</time></trkpt><trkpt lat="-39.3689854816" lon="-72.6200480014"><ele>108.52</ele><time>2024-07-29T02:40:14Z</time></trkpt><trkpt lat="-39.3684818968" lon="-72.6204847824"><ele>108.48</ele><time>2024-07-29T02:40:27Z</time></trkpt><trkpt lat="-39.3677617237" lon="-72.6211283449"><ele>108.00</ele><time>2024-07-29T02:40:43Z</time></trkpt><trkpt lat="-39.3676369172" lon="-72.6212342083"><ele>107.64</ele><time>2024-07-29T02:40:51Z</time></trkpt><trkpt lat="-39.3676422816" lon="-72.6213680673"><ele>107.77</ele><time>2024-07-29T02:40:59Z</time></trkpt><trkpt lat="-39.3676673435" lon="-72.6214110665"><ele>107.86</ele><time>2024-07-29T02:41:00Z</time></trkpt><trkpt lat="-39.3678185530" lon="-72.6217921078"><ele>107.72</ele><time>2024-07-29T02:41:08Z</time></trkpt><trkpt lat="-39.3677997775" lon="-72.6218186785"><ele>107.77</ele><time>2024-07-29T02:41:09Z</time></trkpt><trkpt lat="-39.3677479774" lon="-72.6218776032"><ele>107.82</ele><time>2024-07-29T02:41:11Z</time></trkpt><trkpt lat="-39.3671538681" lon="-72.6224220078"><ele>107.24</ele><time>2024-07-29T02:41:26Z</time></trkpt><trkpt lat="-39.3669868167" lon="-72.6226155460"><ele>107.23</ele><time>2024-07-29T02:41:33Z</time></trkpt><trkpt lat="-39.3669980485" lon="-72.6226546057"><ele>107.52</ele><time>2024-07-29T02:41:34Z</time></trkpt><trkpt lat="-39.3670152314" lon="-72.6226986106"><ele>107.74</ele><time>2024-07-29T02:41:35Z</time></trkpt><trkpt lat="-39.3670397904" lon="-72.6227458846"><ele>107.89</ele><time>2024-07-29T02:41:36Z</time></trkpt><trkpt lat="-39.3670716416" lon="-72.6227987744"><ele>107.89</ele><time>2024-07-29T02:41:37Z</time></trkpt><trkpt lat="-39.3671101145" lon="-72.6228642371"><ele>108.07</ele><time>2024-07-29T02:41:38Z</time></trkpt><trkpt lat="-39.3673860468" lon="-72.6233826578"><ele>107.40</ele><time>2024-07-29T02:41:47Z</time></trkpt><trkpt lat="-39.3674669322" lon="-72.6234514732"><ele>107.34</ele><time>2024-07-29T02:41:50Z</time></trkpt><trkpt lat="-39.3675116915" lon="-72.6234559156"><ele>107.46</ele><time>2024-07-29T02:41:51Z</time></trkpt><trkpt lat="-39.3676717859" lon="-72.6233595237"><ele>107.69</ele><time>2024-07-29T02:41:54Z</time></trkpt><trkpt lat="-39.3684851658" lon="-72.6225897297"><ele>108.42</ele><time>2024-07-29T02:42:08Z</time></trkpt><trkpt lat="-39.3696832750" lon="-72.6214193646"><ele>108.61</ele><time>2024-07-29T02:42:29Z</time></trkpt><trkpt lat="-39.3701170385" lon="-72.6209745370"><ele>108.44</ele><time>2024-07-29T02:42:40Z</time></trkpt><trkpt lat="-39.3701402564" lon="-72.6208829228"><ele>108.64</ele><time>2024-07-29T02:42:42Z</time></trkpt><trkpt lat="-39.3701339699" lon="-72.6208254229"><ele>108.73</ele><time>2024-07-29T02:42:43Z</time></trkpt><trkpt lat="-39.3701177090" lon="-72.6207726169"><ele>108.75</ele><time>2024-07-29T02:42:44Z</time></trkpt><trkpt lat="-39.3701033760" lon="-72.6207201462"><ele>108.78</ele><time>2024-07-29T02:42:45Z</time></trkpt><trkpt lat="-39.3700934853" lon="-72.6206720341"><ele>108.66</ele><time>2024-07-29T02:42:46Z</time></trkpt><trkpt lat="-39.3700919766" lon="-72.6206236705"><ele>108.57</ele><time>2024-07-29T02:42:47Z</time></trkpt><trkpt lat="-39.3701066449" lon="-72.6205661707"><ele>108.62</ele><time>2024-07-29T02:42:48Z</time></trkpt><trkpt lat="-39.3701337185" lon="-72.6205121912"><ele>108.51</ele><time>2024-07-29T02:42:49Z</time></trkpt><trkpt lat="-39.3701751251" lon="-72.6204527635"><ele>108.68</ele><time>2024-07-29T02:42:50Z</time></trkpt><trkpt lat="-39.3702254165" lon="-72.6203886420"><ele>108.57</ele><time>2024-07-29T02:42:51Z</time></trkpt><trkpt lat="-39.3710496090" lon="-72.6193381380"><ele>107.01</ele><time>2024-07-29T02:43:05Z</time></trkpt><trkpt lat="-39.3716457300" lon="-72.6183476485"><ele>105.35</ele><time>2024-07-29T02:43:17Z</time></trkpt><trkpt lat="-39.3723936472" lon="-72.6168329548"><ele>104.92</ele><time>2024-07-29T02:43:34Z</time></trkpt><trkpt lat="-39.3730817176" lon="-72.6156664453"><ele>105.16</ele><time>2024-07-29T02:43:48Z</time></trkpt><trkpt lat="-39.3734438997" lon="-72.6144133508"><ele>104.07</ele><time>2024-07-29T02:44:00Z</time></trkpt><trkpt lat="-39.3738834467" lon="-72.6126611978"><ele>104.59</ele><time>2024-07-29T02:44:17Z</time></trkpt><trkpt lat="-39.3740433734" lon="-72.6109057758"><ele>106.70</ele><time>2024-07-29T02:44:33Z</time></trkpt><trkpt lat="-39.3740295433" lon="-72.6086787041"><ele>107.70</ele><time>2024-07-29T02:44:54Z</time></trkpt><trkpt lat="-39.3740004580" lon="-72.6081601158"><ele>107.87</ele><time>2024-07-29T02:44:59Z</time></trkpt><trkpt lat="-39.3739930820" lon="-72.6080508158"><ele>107.88</ele><time>2024-07-29T02:45:00Z</time></trkpt><trkpt lat="-39.3737642560" lon="-72.6065909397"><ele>108.07</ele><time>2024-07-29T02:45:14Z</time></trkpt><trkpt lat="-39.3734916765" lon="-72.6048158202"><ele>109.14</ele><time>2024-07-29T02:45:31Z</time></trkpt><trkpt lat="-39.3730939552" lon="-72.6038814057"><ele>109.36</ele><time>2024-07-29T02:45:41Z</time></trkpt><trkpt lat="-39.3723616283" lon="-72.6025266387"><ele>109.75</ele><time>2024-07-29T02:45:57Z</time></trkpt><trkpt lat="-39.3723016139" lon="-72.6021278277"><ele>109.71</ele><time>2024-07-29T02:46:01Z</time></trkpt><trkpt lat="-39.3723045476" lon="-72.6020266581"><ele>109.57</ele><time>2024-07-29T02:46:02Z</time></trkpt><trkpt lat="-39.3723170366" lon="-72.6019184478"><ele>109.66</ele><time>2024-07-29T02:46:03Z</time></trkpt><trkpt lat="-39.3723291904" lon="-72.6018109918"><ele>109.46</ele><time>2024-07-29T02:46:04Z</time></trkpt><trkpt lat="-39.3723500613" lon="-72.6017094869"><ele>109.32</ele><time>2024-07-29T02:46:05Z</time></trkpt><trkpt lat="-39.3728119880" lon="-72.6005005650"><ele>109.52</ele><time>2024-07-29T02:46:18Z</time></trkpt><trkpt lat="-39.3735332508" lon="-72.5987735577"><ele>111.36</ele><time>2024-07-29T02:46:38Z</time></trkpt><trkpt lat="-39.3737306446" lon="-72.5981135666"><ele>111.27</ele><time>2024-07-29T02:46:47Z</time></trkpt><trkpt lat="-39.3737184908" lon="-72.5980860740"><ele>111.28</ele><time>2024-07-29T02:46:48Z</time></trkpt><trkpt lat="-39.3737048283" lon="-72.5980710704"><ele>111.14</ele><time>2024-07-29T02:46:49Z</time></trkpt><trkpt lat="-39.3737145513" lon="-72.5980745070"><ele>111.02</ele><time>2024-07-29T02:47:00Z</time></trkpt><trkpt lat="-39.3736995477" lon="-72.5981269777"><ele>111.00</ele><time>2024-07-29T02:47:02Z</time></trkpt><trkpt lat="-39.3736699596" lon="-72.5982069410"><ele>110.91</ele><time>2024-07-29T02:47:04Z</time></trkpt><trkpt lat="-39.3734534550" lon="-72.5988479890"><ele>111.39</ele><time>2024-07-29T02:47:12Z</time></trkpt><trkpt lat="-39.3729671370" lon="-72.6000897679"><ele>110.33</ele><time>2024-07-29T02:47:25Z</time></trkpt><trkpt lat="-39.3722814973" lon="-72.6020794641"><ele>109.81</ele><time>2024-07-29T02:47:46Z</time></trkpt><trkpt lat="-39.3722802401" lon="-72.6021824777"><ele>109.85</ele><time>2024-07-29T02:47:47Z</time></trkpt><trkpt lat="-39.3722871132" lon="-72.6022860780"><ele>110.01</ele><time>2024-07-29T02:47:48Z</time></trkpt><trkpt lat="-39.3722980097" lon="-72.6023895107"><ele>110.03</ele><time>2024-07-29T02:47:49Z</time></trkpt><trkpt lat="-39.3723705970" lon="-72.6026870683"><ele>110.15</ele><time>2024-07-29T02:47:52Z</time></trkpt><trkpt lat="-39.3724072259" lon="-72.6027832087"><ele>110.04</ele><time>2024-07-29T02:47:53Z</time></trkpt><trkpt lat="-39.3724497221" lon="-72.6028770860"><ele>110.07</ele><time>2024-07-29T02:47:54Z</time></trkpt><trkpt lat="-39.3732475117" lon="-72.6042549871"><ele>109.32</ele><time>2024-07-29T02:48:10Z</time></trkpt><trkpt lat="-39.3733274750" lon="-72.6044279896"><ele>109.12</ele><time>2024-07-29T02:48:12Z</time></trkpt><trkpt lat="-39.3733918481" lon="-72.6046175882"><ele>108.98</ele><time>2024-07-29T02:48:14Z</time></trkpt><trkpt lat="-39.3734164909" lon="-72.6047158241"><ele>109.04</ele><time>2024-07-29T02:48:15Z</time></trkpt><trkpt lat="-39.3734375294" lon="-72.6048153173"><ele>108.98</ele><time>2024-07-29T02:48:16Z</time></trkpt><trkpt lat="-39.3736956920" lon="-72.6066064462"><ele>108.61</ele><time>2024-07-29T02:48:34Z</time></trkpt><trkpt lat="-39.3739402760" lon="-72.6082128379"><ele>108.06</ele><time>2024-07-29T02:48:50Z</time></trkpt><trkpt lat="-39.3739983626" lon="-72.6098986901"><ele>107.54</ele><time>2024-07-29T02:49:06Z</time></trkpt><trkpt lat="-39.3739731330" lon="-72.6116358396"><ele>105.90</ele><time>2024-07-29T02:49:22Z</time></trkpt><trkpt lat="-39.3737066723" lon="-72.6132269762"><ele>105.03</ele><time>2024-07-29T02:49:37Z</time></trkpt><trkpt lat="-39.3731776066" lon="-72.6152305026"><ele>105.71</ele><time>2024-07-29T02:49:57Z</time></trkpt><trkpt lat="-39.3726916239" lon="-72.6162447128"><ele>106.12</ele><time>2024-07-29T02:50:10Z</time></trkpt><trkpt lat="-39.3720701896" lon="-72.6174475998"><ele>105.93</ele><time>2024-07-29T02:50:24Z</time></trkpt><trkpt lat="-39.3711937778" lon="-72.6190834958"><ele>107.02</ele><time>2024-07-29T02:50:43Z</time></trkpt><trkpt lat="-39.3703019433" lon="-72.6202333253"><ele>108.22</ele><time>2024-07-29T02:50:59Z</time></trkpt><trkpt lat="-39.3700333871" lon="-72.6206377521"><ele>109.33</ele><time>2024-07-29T02:51:05Z</time></trkpt><trkpt lat="-39.3698830158" lon="-72.6210379042"><ele>109.50</ele><time>2024-07-29T02:51:10Z</time></trkpt><trkpt lat="-39.3698392622" lon="-72.6211138442"><ele>109.35</ele><time>2024-07-29T02:51:11Z</time></trkpt><trkpt lat="-39.3697873782" lon="-72.6211818215"><ele>109.32</ele><time>2024-07-29T02:51:12Z</time></trkpt><trkpt lat="-39.3697306328" lon="-72.6212461945"><ele>109.31</ele><time>2024-07-29T02:51:13Z</time></trkpt><trkpt lat="-39.3696717080" lon="-72.6213060413"><ele>109.33</ele><time>2024-07-29T02:51:14Z</time></trkpt><trkpt lat="-39.3686837330" lon="-72.6222479995"><ele>109.05</ele><time>2024-07-29T02:51:31Z</time></trkpt><trkpt lat="-39.3678199779" lon="-72.6230448671"><ele>108.58</ele><time>2024-07-29T02:51:47Z</time></trkpt><trkpt lat="-39.3671086058" lon="-72.6237281598"><ele>108.60</ele><time>2024-07-29T02:52:01Z</time></trkpt><trkpt lat="-39.3662521429" lon="-72.6245780848"><ele>108.82</ele><time>2024-07-29T02:52:15Z</time></trkpt><trkpt lat="-39.3657615501" lon="-72.6250748802"><ele>108.41</ele><time>2024-07-29T02:52:24Z</time></trkpt><trkpt lat="-39.3657338060" lon="-72.6251337212"><ele>108.36</ele><time>2024-07-29T02:52:25Z</time></trkpt><trkpt lat="-39.3657191377" lon="-72.6251980104"><ele>108.36</ele><time>2024-07-29T02:52:26Z</time></trkpt><trkpt lat="-39.3657194730" lon="-72.6252667420"><ele>108.25</ele><time>2024-07-29T02:52:27Z</time></trkpt><trkpt lat="-39.3657321297" lon="-72.6253363956"><ele>108.21</ele><time>2024-07-29T02:52:28Z</time></trkpt><trkpt lat="-39.3657581136" lon="-72.6254045404"><ele>108.20</ele><time>2024-07-29T02:52:29Z</time></trkpt><trkpt lat="-39.3657923955" lon="-72.6254692487"><ele>108.13</ele><time>2024-07-29T02:52:30Z</time></trkpt><trkpt lat="-39.3658306170" lon="-72.6255326159"><ele>108.12</ele><time>2024-07-29T02:52:31Z</time></trkpt><trkpt lat="-39.3662627041" lon="-72.6262571476"><ele>107.60</ele><time>2024-07-29T02:52:42Z</time></trkpt><trkpt lat="-39.3662961479" lon="-72.6262946986"><ele>107.44</ele><time>2024-07-29T02:52:43Z</time></trkpt><trkpt lat="-39.3663298432" lon="-72.6263201796"><ele>107.45</ele><time>2024-07-29T02:52:44Z</time></trkpt><trkpt lat="-39.3663670588" lon="-72.6263232809"><ele>107.42</ele><time>2024-07-29T02:52:45Z</time></trkpt><trkpt lat="-39.3664077111" lon="-72.6263118815"><ele>107.50</ele><time>2024-07-29T02:52:46Z</time></trkpt><trkpt lat="-39.3664517161" lon="-72.6262887474"><ele>107.30</ele><time>2024-07-29T02:52:47Z</time></trkpt><trkpt lat="-39.3664985709" lon="-72.6262501068"><ele>107.35</ele><time>2024-07-29T02:52:48Z</time></trkpt><trkpt lat="-39.3665466830" lon="-72.6262102090"><ele>107.53</ele><time>2024-07-29T02:52:49Z</time></trkpt><trkpt lat="-39.3665963039" lon="-72.6261646114"><ele>107.48</ele><time>2024-07-29T02:52:50Z</time></trkpt><trkpt lat="-39.3672512658" lon="-72.6255247369"><ele>108.27</ele><time>2024-07-29T02:53:05Z</time></trkpt><trkpt lat="-39.3678085785" lon="-72.6250153687"><ele>108.76</ele><time>2024-07-29T02:53:18Z</time></trkpt><trkpt lat="-39.3681443576" lon="-72.6247095969"><ele>108.76</ele><time>2024-07-29T02:53:30Z</time></trkpt><trkpt lat="-39.3684439268" lon="-72.6244051661"><ele>109.33</ele><time>2024-07-29T02:53:40Z</time></trkpt><trkpt lat="-39.3690077774" lon="-72.6238832250"><ele>109.63</ele><time>2024-07-29T02:53:54Z</time></trkpt><trkpt lat="-39.3694143835" lon="-72.6234850846"><ele>110.11</ele><time>2024-07-29T02:54:06Z</time></trkpt><trkpt lat="-39.3699564412" lon="-72.6229570247"><ele>110.38</ele><time>2024-07-29T02:54:21Z</time></trkpt><trkpt lat="-39.3699994404" lon="-72.6229213178"><ele>110.31</ele><time>2024-07-29T02:54:30Z</time></trkpt><trkpt lat="-39.3700254243" lon="-72.6228793245"><ele>110.51</ele><time>2024-07-29T02:54:33Z</time></trkpt><trkpt lat="-39.3700660765" lon="-72.6228337269"><ele>110.52</ele><time>2024-07-29T02:54:35Z</time></trkpt><trkpt lat="-39.3701026216" lon="-72.6228039712"><ele>110.65</ele><time>2024-07-29T02:54:36Z</time></trkpt><trkpt lat="-39.3706364650" lon="-72.6223174855"><ele>111.40</ele><time>2024-07-29T02:54:46Z</time></trkpt><trkpt lat="-39.3707592599" lon="-72.6222058386"><ele>111.45</ele><time>2024-07-29T02:54:52Z</time></trkpt><trkpt lat="-39.3707729224" lon="-72.6222020667"><ele>111.43</ele><time>2024-07-29T02:54:53Z</time></trkpt><trkpt lat="-39.3707959726" lon="-72.6222056709"><ele>111.56</ele><time>2024-07-29T02:54:54Z</time></trkpt><trkpt lat="-39.3708226271" lon="-72.6222200878"><ele>111.51</ele><time>2024-07-29T02:54:55Z</time></trkpt><trkpt lat="-39.3708477728" lon="-72.6222424675"><ele>111.43</ele><time>2024-07-29T02:54:56Z</time></trkpt><trkpt lat="-39.3708694819" lon="-72.6222746540"><ele>111.45</ele><time>2024-07-29T02:54:57Z</time></trkpt><trkpt lat="-39.3708921969" lon="-72.6223123726"><ele>111.38</ele><time>2024-07-29T02:54:58Z</time></trkpt><trkpt lat="-39.3709212821" lon="-72.6223541982"><ele>111.29</ele><time>2024-07-29T02:54:59Z</time></trkpt><trkpt lat="-39.3709515408" lon="-72.6224072557"><ele>111.20</ele><time>2024-07-29T02:55:00Z</time></trkpt><trkpt lat="-39.3709828053" lon="-72.6224653423"><ele>111.02</ele><time>2024-07-29T02:55:01Z</time></trkpt><trkpt lat="-39.3713566381" lon="-72.6231867727"><ele>109.04</ele><time>2024-07-29T02:55:13Z</time></trkpt><trkpt lat="-39.3713689595" lon="-72.6232342981"><ele>108.95</ele><time>2024-07-29T02:55:14Z</time></trkpt><trkpt lat="-39.3713749945" lon="-72.6232788898"><ele>108.97</ele><time>2024-07-29T02:55:15Z</time></trkpt><trkpt lat="-39.3713693786" lon="-72.6233198773"><ele>108.81</ele><time>2024-07-29T02:55:16Z</time></trkpt><trkpt lat="-39.3713517766" lon="-72.6233589370"><ele>108.95</ele><time>2024-07-29T02:55:17Z</time></trkpt><trkpt lat="-39.3713214342" lon="-72.6233938895"><ele>108.93</ele><time>2024-07-29T02:55:18Z</time></trkpt><trkpt lat="-39.3712849729" lon="-72.6234279200"><ele>108.86</ele><time>2024-07-29T02:55:19Z</time></trkpt><trkpt lat="-39.3712423928" lon="-72.6234632917"><ele>108.91</ele><time>2024-07-29T02:55:20Z</time></trkpt><trkpt lat="-39.3711951189" lon="-72.6235043630"><ele>108.94</ele><time>2024-07-29T02:55:21Z</time></trkpt><trkpt lat="-39.3711463362" lon="-72.6235459372"><ele>109.08</ele><time>2024-07-29T02:55:22Z</time></trkpt><trkpt lat="-39.3707182724" lon="-72.6239585783"><ele>110.12</ele><time>2024-07-29T02:55:33Z</time></trkpt><trkpt lat="-39.3703436852" lon="-72.6243059244"><ele>110.49</ele><time>2024-07-29T02:55:43Z</time></trkpt><trkpt lat="-39.3697205745" lon="-72.6248441264"><ele>109.68</ele><time>2024-07-29T02:55:56Z</time></trkpt><trkpt lat="-39.3693077657" lon="-72.6252406742"><ele>110.23</ele><time>2024-07-29T02:56:05Z</time></trkpt><trkpt lat="-39.3687980622" lon="-72.6257186104"><ele>110.12</ele><time>2024-07-29T02:56:16Z</time></trkpt><trkpt lat="-39.3682634644" lon="-72.6262471732"><ele>110.05</ele><time>2024-07-29T02:56:26Z</time></trkpt><trkpt lat="-39.3673303071" lon="-72.6271383371"><ele>107.87</ele><time>2024-07-29T02:56:42Z</time></trkpt><trkpt lat="-39.3670563865" lon="-72.6274030376"><ele>106.60</ele><time>2024-07-29T02:56:50Z</time></trkpt><trkpt lat="-39.3670247868" lon="-72.6275400817"><ele>107.01</ele><time>2024-07-29T02:56:53Z</time></trkpt><trkpt lat="-39.3670359347" lon="-72.6275990065"><ele>106.96</ele><time>2024-07-29T02:56:54Z</time></trkpt><trkpt lat="-39.3670583144" lon="-72.6276575122"><ele>107.08</ele><time>2024-07-29T02:56:55Z</time></trkpt><trkpt lat="-39.3670928478" lon="-72.6277184486"><ele>107.04</ele><time>2024-07-29T02:56:56Z</time></trkpt><trkpt lat="-39.3671335839" lon="-72.6277818158"><ele>107.20</ele><time>2024-07-29T02:56:57Z</time></trkpt><trkpt lat="-39.3671766669" lon="-72.6278484520"><ele>107.23</ele><time>2024-07-29T02:56:58Z</time></trkpt><trkpt lat="-39.3675376754" lon="-72.6284678746"><ele>107.39</ele><time>2024-07-29T02:57:07Z</time></trkpt><trkpt lat="-39.3675753940" lon="-72.6285142265"><ele>107.13</ele><time>2024-07-29T02:57:08Z</time></trkpt><trkpt lat="-39.3676137831" lon="-72.6285480056"><ele>107.09</ele><time>2024-07-29T02:57:09Z</time></trkpt><trkpt lat="-39.3676584587" lon="-72.6285638474"><ele>107.18</ele><time>2024-07-29T02:57:10Z</time></trkpt><trkpt lat="-39.3677043915" lon="-72.6285590697"><ele>107.37</ele><time>2024-07-29T02:57:11Z</time></trkpt><trkpt lat="-39.3677540962" lon="-72.6285316609"><ele>107.37</ele><time>2024-07-29T02:57:12Z</time></trkpt><trkpt lat="-39.3678031303" lon="-72.6284950320"><ele>107.44</ele><time>2024-07-29T02:57:13Z</time></trkpt><trkpt lat="-39.3678578641" lon="-72.6284498535"><ele>107.50</ele><time>2024-07-29T02:57:14Z</time></trkpt><trkpt lat="-39.3686859123" lon="-72.6276685763"><ele>108.73</ele><time>2024-07-29T02:57:29Z</time></trkpt><trkpt lat="-39.3694298901" lon="-72.6269673463"><ele>109.56</ele><time>2024-07-29T02:57:45Z</time></trkpt><trkpt lat="-39.3697036430" lon="-72.6267058309"><ele>109.85</ele><time>2024-07-29T02:57:55Z</time></trkpt><trkpt lat="-39.3702876102" lon="-72.6261385437"><ele>109.55</ele><time>2024-07-29T02:58:09Z</time></trkpt><trkpt lat="-39.3704158533" lon="-72.6261534635"><ele>109.50</ele><time>2024-07-29T02:58:16Z</time></trkpt><trkpt lat="-39.3704418372" lon="-72.6261931937"><ele>109.52</ele><time>2024-07-29T02:58:17Z</time></trkpt><trkpt lat="-39.3707854114" lon="-72.6268514246"><ele>108.63</ele><time>2024-07-29T02:58:28Z</time></trkpt><trkpt lat="-39.3712764233" lon="-72.6277239807"><ele>105.07</ele><time>2024-07-29T02:58:40Z</time></trkpt><trkpt lat="-39.3713227753" lon="-72.6278053690"><ele>104.84</ele><time>2024-07-29T02:58:41Z</time></trkpt><trkpt lat="-39.3715951033" lon="-72.6282896753"><ele>102.80</ele><time>2024-07-29T02:58:50Z</time></trkpt><trkpt lat="-39.3715916667" lon="-72.6283288188"><ele>102.98</ele><time>2024-07-29T02:58:51Z</time></trkpt><trkpt lat="-39.3715727236" lon="-72.6283724047"><ele>103.09</ele><time>2024-07-29T02:58:52Z</time></trkpt><trkpt lat="-39.3715417944" lon="-72.6284148172"><ele>103.11</ele><time>2024-07-29T02:58:53Z</time></trkpt><trkpt lat="-39.3714985438" lon="-72.6284554694"><ele>103.31</ele><time>2024-07-29T02:58:54Z</time></trkpt><trkpt lat="-39.3714488391" lon="-72.6284977142"><ele>103.54</ele><time>2024-07-29T02:58:55Z</time></trkpt><trkpt lat="-39.3710283190" lon="-72.6288579684"><ele>106.94</ele><time>2024-07-29T02:59:03Z</time></trkpt><trkpt lat="-39.3707758561" lon="-72.6290831063"><ele>108.63</ele><time>2024-07-29T02:59:12Z</time></trkpt><trkpt lat="-39.3705684878" lon="-72.6292459667"><ele>108.57</ele><time>2024-07-29T02:59:24Z</time></trkpt><trkpt lat="-39.3705496285" lon="-72.6292368304"><ele>108.72</ele><time>2024-07-29T02:59:49Z</time></trkpt><trkpt lat="-39.3703966588" lon="-72.6294117607"><ele>109.15</ele><time>2024-07-29T03:00:06Z</time></trkpt><trkpt lat="-39.3697351590" lon="-72.6300432533"><ele>109.33</ele><time>2024-07-29T03:00:19Z</time></trkpt><trkpt lat="-39.3690910097" lon="-72.6306532882"><ele>108.30</ele><time>2024-07-29T03:00:31Z</time></trkpt><trkpt lat="-39.3686395604" lon="-72.6310872193"><ele>108.20</ele><time>2024-07-29T03:00:43Z</time></trkpt><trkpt lat="-39.3681176193" lon="-72.6315908041"><ele>107.47</ele><time>2024-07-29T03:00:54Z</time></trkpt><trkpt lat="-39.3677213229" lon="-72.6319539081"><ele>107.69</ele><time>2024-07-29T03:01:05Z</time></trkpt><trkpt lat="-39.3672467396" lon="-72.6323570777"><ele>106.95</ele><time>2024-07-29T03:01:17Z</time></trkpt><trkpt lat="-39.3672227673" lon="-72.6323394757"><ele>107.02</ele><time>2024-07-29T03:01:18Z</time></trkpt><trkpt lat="-39.3668043427" lon="-72.6319186203"><ele>106.81</ele><time>2024-07-29T03:01:33Z</time></trkpt><trkpt lat="-39.3665629439" lon="-72.6314021274"><ele>106.75</ele><time>2024-07-29T03:01:48Z</time></trkpt><trkpt lat="-39.3665828928" lon="-72.6313685998"><ele>106.69</ele><time>2024-07-29T03:01:49Z</time></trkpt><trkpt lat="-39.3666113913" lon="-72.6313383412"><ele>106.77</ele><time>2024-07-29T03:01:50Z</time></trkpt><trkpt lat="-39.3671759963" lon="-72.6308405399"><ele>107.14</ele><time>2024-07-29T03:02:02Z</time></trkpt><trkpt lat="-39.3673292175" lon="-72.6306971256"><ele>106.89</ele><time>2024-07-29T03:02:09Z</time></trkpt><trkpt lat="-39.3673488311" lon="-72.6307017356"><ele>106.99</ele><time>2024-07-29T03:02:10Z</time></trkpt><trkpt lat="-39.3673711270" lon="-72.6307167392"><ele>106.92</ele><time>2024-07-29T03:02:11Z</time></trkpt><trkpt lat="-39.3673938420" lon="-72.6307413820"><ele>107.07</ele><time>2024-07-29T03:02:12Z</time></trkpt><trkpt lat="-39.3674183171" lon="-72.6307771727"><ele>107.09</ele><time>2024-07-29T03:02:13Z</time></trkpt><trkpt lat="-39.3674437981" lon="-72.6308258716"><ele>107.16</ele><time>2024-07-29T03:02:14Z</time></trkpt><trkpt lat="-39.3674728833" lon="-72.6308827847"><ele>107.08</ele><time>2024-07-29T03:02:15Z</time></trkpt><trkpt lat="-39.3678705208" lon="-72.6315660775"><ele>107.28</ele><time>2024-07-29T03:02:26Z</time></trkpt><trkpt lat="-39.3684438430" lon="-72.6325712353"><ele>107.33</ele><time>2024-07-29T03:02:40Z</time></trkpt><trkpt lat="-39.3685607705" lon="-72.6327639353"><ele>107.36</ele><time>2024-07-29T03:02:43Z</time></trkpt><trkpt lat="-39.3685996626" lon="-72.6328076888"><ele>107.27</ele><time>2024-07-29T03:02:44Z</time></trkpt><trkpt lat="-39.3686429132" lon="-72.6328286435"><ele>107.31</ele><time>2024-07-29T03:02:45Z</time></trkpt><trkpt lat="-39.3686890975" lon="-72.6328267995"><ele>107.40</ele><time>2024-07-29T03:02:46Z</time></trkpt><trkpt lat="-39.3687381316" lon="-72.6328040008"><ele>107.53</ele><time>2024-07-29T03:02:47Z</time></trkpt><trkpt lat="-39.3687864114" lon="-72.6327705570"><ele>107.61</ele><time>2024-07-29T03:02:48Z</time></trkpt><trkpt lat="-39.3688377924" lon="-72.6327285636"><ele>107.58</ele><time>2024-07-29T03:02:49Z</time></trkpt><trkpt lat="-39.3688885868" lon="-72.6326840557"><ele>107.62</ele><time>2024-07-29T03:02:50Z</time></trkpt><trkpt lat="-39.3694941793" lon="-72.6320821512"><ele>107.54</ele><time>2024-07-29T03:03:04Z</time></trkpt><trkpt lat="-39.3695565406" lon="-72.6320312731"><ele>107.57</ele><time>2024-07-29T03:03:18Z</time></trkpt><trkpt lat="-39.3696221709" lon="-72.6319684088"><ele>107.79</ele><time>2024-07-29T03:03:21Z</time></trkpt><trkpt lat="-39.3700648192" lon="-72.6315455418"><ele>108.24</ele><time>2024-07-29T03:03:31Z</time></trkpt><trkpt lat="-39.3710035086" lon="-72.6306425594"><ele>108.10</ele><time>2024-07-29T03:03:49Z</time></trkpt><trkpt lat="-39.3717168923" lon="-72.6299282536"><ele>105.09</ele><time>2024-07-29T03:04:03Z</time></trkpt><trkpt lat="-39.3719686009" lon="-72.6296799816"><ele>103.33</ele><time>2024-07-29T03:04:07Z</time></trkpt><trkpt lat="-39.3722871970" lon="-72.6294590347"><ele>102.32</ele><time>2024-07-29T03:04:15Z</time></trkpt><trkpt lat="-39.3723162822" lon="-72.6294798218"><ele>102.33</ele><time>2024-07-29T03:04:16Z</time></trkpt><trkpt lat="-39.3723440263" lon="-72.6295171212"><ele>102.27</ele><time>2024-07-29T03:04:17Z</time></trkpt><trkpt lat="-39.3723739497" lon="-72.6295706816"><ele>102.36</ele><time>2024-07-29T03:04:18Z</time></trkpt><trkpt lat="-39.3728441745" lon="-72.6303956285"><ele>102.23</ele><time>2024-07-29T03:04:30Z</time></trkpt><trkpt lat="-39.3728662189" lon="-72.6304570679"><ele>102.24</ele><time>2024-07-29T03:04:31Z</time></trkpt><trkpt lat="-39.3728705775" lon="-72.6305145677"><ele>102.17</ele><time>2024-07-29T03:04:32Z</time></trkpt><trkpt lat="-39.3728593457" lon="-72.6305634342"><ele>102.17</ele><time>2024-07-29T03:04:33Z</time></trkpt><trkpt lat="-39.3728332780" lon="-72.6306068525"><ele>102.18</ele><time>2024-07-29T03:04:34Z</time></trkpt><trkpt lat="-39.3727957271" lon="-72.6306489296"><ele>102.18</ele><time>2024-07-29T03:04:35Z</time></trkpt><trkpt lat="-39.3727526441" lon="-72.6306952816"><ele>102.29</ele><time>2024-07-29T03:04:36Z</time></trkpt><trkpt lat="-39.3721195590" lon="-72.6313084178"><ele>104.20</ele><time>2024-07-29T03:04:49Z</time></trkpt><trkpt lat="-39.3716602307" lon="-72.6317476295"><ele>106.36</ele><time>2024-07-29T03:04:59Z</time></trkpt><trkpt lat="-39.3711817916" lon="-72.6321795490"><ele>108.32</ele><time>2024-07-29T03:05:10Z</time></trkpt><trkpt lat="-39.3707005028" lon="-72.6326288190"><ele>108.47</ele><time>2024-07-29T03:05:19Z</time></trkpt><trkpt lat="-39.3702703435" lon="-72.6330158953"><ele>108.01</ele><time>2024-07-29T03:05:30Z</time></trkpt><trkpt lat="-39.3697933294" lon="-72.6334873773"><ele>108.18</ele><time>2024-07-29T03:05:40Z</time></trkpt><trkpt lat="-39.3693501782" lon="-72.6339237392"><ele>106.70</ele><time>2024-07-29T03:05:51Z</time></trkpt><trkpt lat="-39.3693032395" lon="-72.6340316981"><ele>106.92</ele><time>2024-07-29T03:05:54Z</time></trkpt><trkpt lat="-39.3693152256" lon="-72.6340833306"><ele>107.02</ele><time>2024-07-29T03:05:55Z</time></trkpt><trkpt lat="-39.3693395332" lon="-72.6341298502"><ele>107.15</ele><time>2024-07-29T03:05:56Z</time></trkpt><trkpt lat="-39.3698282819" lon="-72.6349558029"><ele>107.59</ele><time>2024-07-29T03:06:09Z</time></trkpt><trkpt lat="-39.3698647432" lon="-72.6350069325"><ele>107.52</ele><time>2024-07-29T03:06:10Z</time></trkpt><trkpt lat="-39.3699060660" lon="-72.6350407954"><ele>107.47</ele><time>2024-07-29T03:06:11Z</time></trkpt><trkpt lat="-39.3699511606" lon="-72.6350550447"><ele>107.44</ele><time>2024-07-29T03:06:12Z</time></trkpt><trkpt lat="-39.3699951656" lon="-72.6350472495"><ele>107.56</ele><time>2024-07-29T03:06:13Z</time></trkpt><trkpt lat="-39.3700390868" lon="-72.6350236125"><ele>107.44</ele><time>2024-07-29T03:06:14Z</time></trkpt><trkpt lat="-39.3700821698" lon="-72.6349896658"><ele>107.45</ele><time>2024-07-29T03:06:15Z</time></trkpt><trkpt lat="-39.3701264262" lon="-72.6349471696"><ele>107.70</ele><time>2024-07-29T03:06:16Z</time></trkpt><trkpt lat="-39.3701694254" lon="-72.6349033322"><ele>107.85</ele><time>2024-07-29T03:06:17Z</time></trkpt><trkpt lat="-39.3708072882" lon="-72.6342797186"><ele>108.53</ele><time>2024-07-29T03:06:31Z</time></trkpt><trkpt lat="-39.3711993098" lon="-72.6338974200"><ele>108.52</ele><time>2024-07-29T03:06:42Z</time></trkpt><trkpt lat="-39.3717715424" lon="-72.6333582960"><ele>105.30</ele><time>2024-07-29T03:06:55Z</time></trkpt><trkpt lat="-39.3721785676" lon="-72.6329810265"><ele>105.15</ele><time>2024-07-29T03:07:04Z</time></trkpt><trkpt lat="-39.3727129977" lon="-72.6324931998"><ele>104.26</ele><time>2024-07-29T03:07:16Z</time></trkpt><trkpt lat="-39.3732163310" lon="-72.6320052054"><ele>103.87</ele><time>2024-07-29T03:07:26Z</time></trkpt><trkpt lat="-39.3736128788" lon="-72.6316287741"><ele>103.16</ele><time>2024-07-29T03:07:36Z</time></trkpt><trkpt lat="-39.3741458841" lon="-72.6311210822"><ele>102.40</ele><time>2024-07-29T03:07:48Z</time></trkpt><trkpt lat="-39.3746685795" lon="-72.6306362730"><ele>102.47</ele><time>2024-07-29T03:08:02Z</time></trkpt><trkpt lat="-39.3752826378" lon="-72.6300533116"><ele>101.35</ele><time>2024-07-29T03:08:15Z</time></trkpt><trkpt lat="-39.3753237091" lon="-72.6300459355"><ele>101.20</ele><time>2024-07-29T03:08:16Z</time></trkpt><trkpt lat="-39.3753625173" lon="-72.6300591789"><ele>101.15</ele><time>2024-07-29T03:08:17Z</time></trkpt><trkpt lat="-39.3753988948" lon="-72.6300901920"><ele>101.05</ele><time>2024-07-29T03:08:18Z</time></trkpt><trkpt lat="-39.3754337635" lon="-72.6301326044"><ele>101.19</ele><time>2024-07-29T03:08:19Z</time></trkpt><trkpt lat="-39.3754679617" lon="-72.6301829796"><ele>101.24</ele><time>2024-07-29T03:08:20Z</time></trkpt><trkpt lat="-39.3755023275" lon="-72.6302371267"><ele>101.42</ele><time>2024-07-29T03:08:21Z</time></trkpt><trkpt lat="-39.3759355042" lon="-72.6309704594"><ele>101.82</ele><time>2024-07-29T03:08:33Z</time></trkpt><trkpt lat="-39.3759486638" lon="-72.6310213376"><ele>101.68</ele><time>2024-07-29T03:08:34Z</time></trkpt><trkpt lat="-39.3759504240" lon="-72.6310702041"><ele>101.63</ele><time>2024-07-29T03:08:35Z</time></trkpt><trkpt lat="-39.3759338278" lon="-72.6311211661"><ele>101.81</ele><time>2024-07-29T03:08:36Z</time></trkpt><trkpt lat="-39.3759045750" lon="-72.6311632432"><ele>101.69</ele><time>2024-07-29T03:08:37Z</time></trkpt><trkpt lat="-39.3758724723" lon="-72.6312001236"><ele>101.83</ele><time>2024-07-29T03:08:38Z</time></trkpt><trkpt lat="-39.3752470147" lon="-72.6317897066"><ele>102.29</ele><time>2024-07-29T03:08:52Z</time></trkpt><trkpt lat="-39.3749225512" lon="-72.6320958976"><ele>102.64</ele><time>2024-07-29T03:09:01Z</time></trkpt><trkpt lat="-39.3741753884" lon="-72.6327871531"><ele>103.88</ele><time>2024-07-29T03:09:17Z</time></trkpt><trkpt lat="-39.3735083565" lon="-72.6334297098"><ele>104.71</ele><time>2024-07-29T03:09:29Z</time></trkpt><trkpt lat="-39.3730993196" lon="-72.6338286884"><ele>104.75</ele><time>2024-07-29T03:09:39Z</time></trkpt><trkpt lat="-39.3723303638" lon="-72.6345772762"><ele>104.65</ele><time>2024-07-29T03:09:53Z</time></trkpt><trkpt lat="-39.3716213387" lon="-72.6352391951"><ele>106.95</ele><time>2024-07-29T03:10:08Z</time></trkpt><trkpt lat="-39.3712601624" lon="-72.6355738007"><ele>107.74</ele><time>2024-07-29T03:10:20Z</time></trkpt><trkpt lat="-39.3707176019" lon="-72.6360852644"><ele>108.38</ele><time>2024-07-29T03:10:33Z</time></trkpt><trkpt lat="-39.3706336990" lon="-72.6362054609"><ele>108.45</ele><time>2024-07-29T03:10:37Z</time></trkpt><trkpt lat="-39.3706266582" lon="-72.6362586860"><ele>108.53</ele><time>2024-07-29T03:10:38Z</time></trkpt><trkpt lat="-39.3706318550" lon="-72.6363163535"><ele>108.57</ele><time>2024-07-29T03:10:39Z</time></trkpt><trkpt lat="-39.3706498761" lon="-72.6363719255"><ele>108.69</ele><time>2024-07-29T03:10:40Z</time></trkpt><trkpt lat="-39.3706777040" lon="-72.6364259887"><ele>108.63</ele><time>2024-07-29T03:10:41Z</time></trkpt><trkpt lat="-39.3707120698" lon="-72.6364829857"><ele>108.60</ele><time>2024-07-29T03:10:42Z</time></trkpt><trkpt lat="-39.3712394591" lon="-72.6373479143"><ele>108.01</ele><time>2024-07-29T03:10:55Z</time></trkpt><trkpt lat="-39.3712881580" lon="-72.6373918355"><ele>107.91</ele><time>2024-07-29T03:10:56Z</time></trkpt><trkpt lat="-39.3713393714" lon="-72.6374140475"><ele>107.75</ele><time>2024-07-29T03:10:57Z</time></trkpt><trkpt lat="-39.3713902496" lon="-72.6374129578"><ele>107.66</ele><time>2024-07-29T03:10:58Z</time></trkpt><trkpt lat="-39.3714379426" lon="-72.6373932604"><ele>107.58</ele><time>2024-07-29T03:10:59Z</time></trkpt><trkpt lat="-39.3714835402" lon="-72.6373601519"><ele>107.59</ele><time>2024-07-29T03:11:00Z</time></trkpt><trkpt lat="-39.3715285510" lon="-72.6373191644"><ele>107.55</ele><time>2024-07-29T03:11:01Z</time></trkpt><trkpt lat="-39.3722230755" lon="-72.6366464328"><ele>105.58</ele><time>2024-07-29T03:11:13Z</time></trkpt><trkpt lat="-39.3732394651" lon="-72.6356805861"><ele>105.08</ele><time>2024-07-29T03:11:29Z</time></trkpt><trkpt lat="-39.3741488177" lon="-72.6347717363"><ele>105.36</ele><time>2024-07-29T03:11:44Z</time></trkpt><trkpt lat="-39.3747872673" lon="-72.6341638807"><ele>104.25</ele><time>2024-07-29T03:11:56Z</time></trkpt><trkpt lat="-39.3756472506" lon="-72.6333389338"><ele>103.61</ele><time>2024-07-29T03:12:10Z</time></trkpt><trkpt lat="-39.3765540048" lon="-72.6323803794"><ele>104.83</ele><time>2024-07-29T03:12:24Z</time></trkpt><trkpt lat="-39.3774093781" lon="-72.6315086614"><ele>106.65</ele><time>2024-07-29T03:12:37Z</time></trkpt><trkpt lat="-39.3779551238" lon="-72.6310192421"><ele>104.58</ele><time>2024-07-29T03:12:48Z</time></trkpt><trkpt lat="-39.3784477282" lon="-72.6307751611"><ele>104.37</ele><time>2024-07-29T03:12:57Z</time></trkpt><trkpt lat="-39.3795544747" lon="-72.6303038467"><ele>103.47</ele><time>2024-07-29T03:13:13Z</time></trkpt><trkpt lat="-39.3803563714" lon="-72.6299457718"><ele>103.87</ele><time>2024-07-29T03:13:27Z</time></trkpt><trkpt lat="-39.3811258301" lon="-72.6296127588"><ele>104.53</ele><time>2024-07-29T03:13:40Z</time></trkpt><trkpt lat="-39.3819310796" lon="-72.6292421948"><ele>105.02</ele><time>2024-07-29T03:13:54Z</time></trkpt><trkpt lat="-39.3824914098" lon="-72.6289824396"><ele>105.16</ele><time>2024-07-29T03:14:04Z</time></trkpt><trkpt lat="-39.3835573364" lon="-72.6285545435"><ele>106.32</ele><time>2024-07-29T03:14:20Z</time></trkpt><trkpt lat="-39.3837065343" lon="-72.6284642704"><ele>106.27</ele><time>2024-07-29T03:14:24Z</time></trkpt><trkpt lat="-39.3837125693" lon="-72.6284355205"><ele>106.22</ele><time>2024-07-29T03:14:25Z</time></trkpt><trkpt lat="-39.3837116472" lon="-72.6284017414"><ele>106.32</ele><time>2024-07-29T03:14:26Z</time></trkpt><trkpt lat="-39.3837034330" lon="-72.6283609215"><ele>106.20</ele><time>2024-07-29T03:14:27Z</time></trkpt><trkpt lat="-39.3836813048" lon="-72.6283255499"><ele>106.15</ele><time>2024-07-29T03:14:28Z</time></trkpt><trkpt lat="-39.3836513814" lon="-72.6282923575"><ele>106.21</ele><time>2024-07-29T03:14:29Z</time></trkpt><trkpt lat="-39.3836186081" lon="-72.6282570697"><ele>106.24</ele><time>2024-07-29T03:14:30Z</time></trkpt><trkpt lat="-39.3835851643" lon="-72.6282202732"><ele>106.14</ele><time>2024-07-29T03:14:31Z</time></trkpt><trkpt lat="-39.3834438454" lon="-72.6280625258"><ele>106.29</ele><time>2024-07-29T03:14:35Z</time></trkpt><trkpt lat="-39.3834102340" lon="-72.6280179340"><ele>106.34</ele><time>2024-07-29T03:14:36Z</time></trkpt><trkpt lat="-39.3829384167" lon="-72.6276398264"><ele>106.03</ele><time>2024-07-29T03:14:50Z</time></trkpt><trkpt lat="-39.3825551122" lon="-72.6278160978"><ele>105.64</ele><time>2024-07-29T03:15:01Z</time></trkpt><trkpt lat="-39.3822021503" lon="-72.6279795449"><ele>104.98</ele><time>2024-07-29T03:15:11Z</time></trkpt><trkpt lat="-39.3821146432" lon="-72.6280298363"><ele>104.99</ele><time>2024-07-29T03:15:22Z</time></trkpt><trkpt lat="-39.3821998034" lon="-72.6279821433"><ele>105.09</ele><time>2024-07-29T03:15:51Z</time></trkpt><trkpt lat="-39.3821756635" lon="-72.6279222965"><ele>105.15</ele><time>2024-07-29T03:16:02Z</time></trkpt><trkpt lat="-39.3821610790" lon="-72.6278877631"><ele>105.17</ele><time>2024-07-29T03:16:03Z</time></trkpt><trkpt lat="-39.3820100371" lon="-72.6273158658"><ele>105.42</ele><time>2024-07-29T03:16:12Z</time></trkpt><trkpt lat="-39.3819004856" lon="-72.6270821784"><ele>105.51</ele><time>2024-07-29T03:16:19Z</time></trkpt><trkpt lat="-39.3818626832" lon="-72.6270843577"><ele>105.57</ele><time>2024-07-29T03:16:20Z</time></trkpt><trkpt lat="-39.3818258867" lon="-72.6270951703"><ele>105.58</ele><time>2024-07-29T03:16:21Z</time></trkpt><trkpt lat="-39.3816571590" lon="-72.6271784026"><ele>105.69</ele><time>2024-07-29T03:16:26Z</time></trkpt><trkpt lat="-39.3816485256" lon="-72.6272026263"><ele>105.66</ele><time>2024-07-29T03:16:27Z</time></trkpt><trkpt lat="-39.3816461787" lon="-72.6272312086"><ele>105.78</ele><time>2024-07-29T03:16:28Z</time></trkpt><trkpt lat="-39.3816505373" lon="-72.6272701006"><ele>105.84</ele><time>2024-07-29T03:16:29Z</time></trkpt><trkpt lat="-39.3816593383" lon="-72.6273119263"><ele>105.79</ele><time>2024-07-29T03:16:30Z</time></trkpt><trkpt lat="-39.3816709053" lon="-72.6273545064"><ele>105.90</ele><time>2024-07-29T03:16:31Z</time></trkpt><trkpt lat="-39.3816829752" lon="-72.6274006069"><ele>105.86</ele><time>2024-07-29T03:16:32Z</time></trkpt><trkpt lat="-39.3816962186" lon="-72.6274496410"><ele>105.89</ele><time>2024-07-29T03:16:33Z</time></trkpt><trkpt lat="-39.3817114737" lon="-72.6274989266"><ele>105.96</ele><time>2024-07-29T03:16:34Z</time></trkpt><trkpt lat="-39.3818601687" lon="-72.6280754339"><ele>105.34</ele><time>2024-07-29T03:16:46Z</time></trkpt><trkpt lat="-39.3818418961" lon="-72.6281110570"><ele>105.51</ele><time>2024-07-29T03:16:48Z</time></trkpt><trkpt lat="-39.3818257190" lon="-72.6281289943"><ele>105.43</ele><time>2024-07-29T03:16:49Z</time></trkpt><trkpt lat="-39.3818028364" lon="-72.6281442493"><ele>105.44</ele><time>2024-07-29T03:16:50Z</time></trkpt><trkpt lat="-39.3814093899" lon="-72.6283192635"><ele>105.21</ele><time>2024-07-29T03:17:02Z</time></trkpt><trkpt lat="-39.3813365512" lon="-72.6283592451"><ele>105.18</ele><time>2024-07-29T03:17:06Z</time></trkpt><trkpt lat="-39.3813291751" lon="-72.6283706445"><ele>105.10</ele><time>2024-07-29T03:17:07Z</time></trkpt><trkpt lat="-39.3813243974" lon="-72.6283829659"><ele>105.10</ele><time>2024-07-29T03:17:08Z</time></trkpt><trkpt lat="-39.3813233916" lon="-72.6284011547"><ele>105.18</ele><time>2024-07-29T03:17:09Z</time></trkpt><trkpt lat="-39.3813254870" lon="-72.6284305751"><ele>105.27</ele><time>2024-07-29T03:17:10Z</time></trkpt><trkpt lat="-39.3813321926" lon="-72.6284621749"><ele>105.22</ele><time>2024-07-29T03:17:11Z</time></trkpt><trkpt lat="-39.3813397363" lon="-72.6284952834"><ele>105.18</ele><time>2024-07-29T03:17:12Z</time></trkpt><trkpt lat="-39.3813487049" lon="-72.6285267156"><ele>105.27</ele><time>2024-07-29T03:17:13Z</time></trkpt><trkpt lat="-39.3813594338" lon="-72.6285586506"><ele>105.33</ele><time>2024-07-29T03:17:14Z</time></trkpt><trkpt lat="-39.3814865034" lon="-72.6290262770"><ele>105.58</ele><time>2024-07-29T03:17:27Z</time></trkpt><trkpt lat="-39.3814803008" lon="-72.6293651573"><ele>105.35</ele><time>2024-07-29T03:17:38Z</time></trkpt><trkpt lat="-39.3810781371" lon="-72.6295617130"><ele>105.42</ele><time>2024-07-29T03:17:47Z</time></trkpt><trkpt lat="-39.3808705173" lon="-72.6296229847"><ele>105.05</ele><time>2024-07-29T03:17:55Z</time></trkpt><trkpt lat="-39.3808774743" lon="-72.6296202186"><ele>105.07</ele><time>2024-07-29T03:18:15Z</time></trkpt><trkpt lat="-39.3805823475" lon="-72.6297548320"><ele>105.00</ele><time>2024-07-29T03:18:23Z</time></trkpt><trkpt lat="-39.3804806750" lon="-72.6297378168"><ele>105.10</ele><time>2024-07-29T03:18:26Z</time></trkpt><trkpt lat="-39.3804566190" lon="-72.6297011878"><ele>105.05</ele><time>2024-07-29T03:18:27Z</time></trkpt><trkpt lat="-39.3804385141" lon="-72.6296514831"><ele>105.03</ele><time>2024-07-29T03:18:28Z</time></trkpt><trkpt lat="-39.3804240134" lon="-72.6295932289"><ele>105.04</ele><time>2024-07-29T03:18:29Z</time></trkpt><trkpt lat="-39.3804088421" lon="-72.6295343041"><ele>105.02</ele><time>2024-07-29T03:18:30Z</time></trkpt><trkpt lat="-39.3802563753" lon="-72.6290242653"><ele>105.27</ele><time>2024-07-29T03:18:41Z</time></trkpt><trkpt lat="-39.3800473306" lon="-72.6281935349"><ele>105.52</ele><time>2024-07-29T03:18:56Z</time></trkpt><trkpt lat="-39.3800808582" lon="-72.6278850809"><ele>105.47</ele><time>2024-07-29T03:19:05Z</time></trkpt><trkpt lat="-39.3801147211" lon="-72.6278656349"><ele>105.42</ele><time>2024-07-29T03:19:06Z</time></trkpt><trkpt lat="-39.3801550381" lon="-72.6278471109"><ele>105.60</ele><time>2024-07-29T03:19:07Z</time></trkpt><trkpt lat="-39.3808683380" lon="-72.6275720168"><ele>105.66</ele><time>2024-07-29T03:19:23Z</time></trkpt><trkpt lat="-39.3810094055" lon="-72.6275145169"><ele>105.54</ele><time>2024-07-29T03:19:26Z</time></trkpt><trkpt lat="-39.3810467049" lon="-72.6274877787"><ele>105.40</ele><time>2024-07-29T03:19:27Z</time></trkpt><trkpt lat="-39.3811274227" lon="-72.6274319552"><ele>105.48</ele><time>2024-07-29T03:19:29Z</time></trkpt><trkpt lat="-39.3816225417" lon="-72.6272224914"><ele>106.28</ele><time>2024-07-29T03:19:41Z</time></trkpt><trkpt lat="-39.3817341886" lon="-72.6271478087"><ele>105.93</ele><time>2024-07-29T03:19:45Z</time></trkpt><trkpt lat="-39.3817485217" lon="-72.6271152031"><ele>105.94</ele><time>2024-07-29T03:19:46Z</time></trkpt><trkpt lat="-39.3817479350" lon="-72.6270810049"><ele>106.09</ele><time>2024-07-29T03:19:47Z</time></trkpt><trkpt lat="-39.3817390501" lon="-72.6270416938"><ele>105.94</ele><time>2024-07-29T03:19:48Z</time></trkpt><trkpt lat="-39.3817299139" lon="-72.6270023827"><ele>106.15</ele><time>2024-07-29T03:19:49Z</time></trkpt><trkpt lat="-39.3816374615" lon="-72.6267298032"><ele>106.00</ele><time>2024-07-29T03:19:57Z</time></trkpt><trkpt lat="-39.3816154171" lon="-72.6267239358"><ele>106.19</ele><time>2024-07-29T03:19:58Z</time></trkpt><trkpt lat="-39.3815901037" lon="-72.6267277915"><ele>106.22</ele><time>2024-07-29T03:19:59Z</time></trkpt><trkpt lat="-39.3815605994" lon="-72.6267392747"><ele>106.32</ele><time>2024-07-29T03:20:00Z</time></trkpt><trkpt lat="-39.3815293349" lon="-72.6267533563"><ele>106.36</ele><time>2024-07-29T03:20:01Z</time></trkpt><trkpt lat="-39.3810239062" lon="-72.6269691065"><ele>105.89</ele><time>2024-07-29T03:20:14Z</time></trkpt><trkpt lat="-39.3809768837" lon="-72.6270172186"><ele>105.71</ele><time>2024-07-29T03:20:17Z</time></trkpt><trkpt lat="-39.3809722736" lon="-72.6270459685"><ele>105.79</ele><time>2024-07-29T03:20:18Z</time></trkpt><trkpt lat="-39.3809747044" lon="-72.6270824298"><ele>105.74</ele><time>2024-07-29T03:20:19Z</time></trkpt><trkpt lat="-39.3809826672" lon="-72.6271257643"><ele>105.78</ele><time>2024-07-29T03:20:20Z</time></trkpt><trkpt lat="-39.3809927255" lon="-72.6271696854"><ele>105.79</ele><time>2024-07-29T03:20:21Z</time></trkpt><trkpt lat="-39.3810053822" lon="-72.6272155344"><ele>105.81</ele><time>2024-07-29T03:20:22Z</time></trkpt><trkpt lat="-39.3810408376" lon="-72.6274804864"><ele>105.68</ele><time>2024-07-29T03:20:32Z</time></trkpt><trkpt lat="-39.3810197152" lon="-72.6274933107"><ele>105.72</ele><time>2024-07-29T03:20:33Z</time></trkpt><trkpt lat="-39.3809893727" lon="-72.6275050454"><ele>105.68</ele><time>2024-07-29T03:20:34Z</time></trkpt><trkpt lat="-39.3804425374" lon="-72.6277154312"><ele>106.01</ele><time>2024-07-29T03:20:45Z</time></trkpt><trkpt lat="-39.3803764042" lon="-72.6277981605"><ele>105.93</ele><time>2024-07-29T03:20:48Z</time></trkpt><trkpt lat="-39.3803771585" lon="-72.6278365497"><ele>105.90</ele><time>2024-07-29T03:20:49Z</time></trkpt><trkpt lat="-39.3803851213" lon="-72.6278759446"><ele>105.93</ele><time>2024-07-29T03:20:50Z</time></trkpt><trkpt lat="-39.3805856165" lon="-72.6286254544"><ele>106.43</ele><time>2024-07-29T03:21:04Z</time></trkpt><trkpt lat="-39.3808405939" lon="-72.6295861881"><ele>105.58</ele><time>2024-07-29T03:21:21Z</time></trkpt><trkpt lat="-39.3808621354" lon="-72.6296301931"><ele>105.49</ele><time>2024-07-29T03:21:23Z</time></trkpt><trkpt lat="-39.3808806594" lon="-72.6296482980"><ele>105.43</ele><time>2024-07-29T03:21:24Z</time></trkpt><trkpt lat="-39.3809068948" lon="-72.6296584401"><ele>105.38</ele><time>2024-07-29T03:21:25Z</time></trkpt><trkpt lat="-39.3809395842" lon="-72.6296596974"><ele>105.60</ele><time>2024-07-29T03:21:26Z</time></trkpt><trkpt lat="-39.3809730280" lon="-72.6296560094"><ele>105.63</ele><time>2024-07-29T03:21:27Z</time></trkpt><trkpt lat="-39.3810026161" lon="-72.6296497229"><ele>105.64</ele><time>2024-07-29T03:21:28Z</time></trkpt><trkpt lat="-39.3810223136" lon="-72.6296439394"><ele>105.63</ele><time>2024-07-29T03:21:29Z</time></trkpt><trkpt lat="-39.3810020294" lon="-72.6296501420"><ele>105.56</ele><time>2024-07-29T03:21:34Z</time></trkpt><trkpt lat="-39.3810557574" lon="-72.6297679078"><ele>106.01</ele><time>2024-07-29T03:21:41Z</time></trkpt><trkpt lat="-39.3810779694" lon="-72.6298270840"><ele>106.12</ele><time>2024-07-29T03:21:42Z</time></trkpt><trkpt lat="-39.3810996786" lon="-72.6298948936"><ele>106.23</ele><time>2024-07-29T03:21:43Z</time></trkpt><trkpt lat="-39.3813107349" lon="-72.6307318266"><ele>105.79</ele><time>2024-07-29T03:21:55Z</time></trkpt><trkpt lat="-39.3814669736" lon="-72.6313471422"><ele>105.83</ele><time>2024-07-29T03:22:06Z</time></trkpt><trkpt lat="-39.3815766927" lon="-72.6320264116"><ele>105.12</ele><time>2024-07-29T03:22:19Z</time></trkpt><trkpt lat="-39.3815490324" lon="-72.6320668124"><ele>105.18</ele><time>2024-07-29T03:22:20Z</time></trkpt><trkpt lat="-39.3815196119" lon="-72.6321082190"><ele>105.08</ele><time>2024-07-29T03:22:21Z</time></trkpt><trkpt lat="-39.3813101482" lon="-72.6323315967"><ele>105.10</ele><time>2024-07-29T03:22:28Z</time></trkpt><trkpt lat="-39.3812820688" lon="-72.6323129050"><ele>105.15</ele><time>2024-07-29T03:22:29Z</time></trkpt><trkpt lat="-39.3812590186" lon="-72.6322766952"><ele>105.16</ele><time>2024-07-29T03:22:30Z</time></trkpt><trkpt lat="-39.3812384829" lon="-72.6322221290"><ele>105.16</ele><time>2024-07-29T03:22:31Z</time></trkpt><trkpt lat="-39.3812198751" lon="-72.6321575046"><ele>105.11</ele><time>2024-07-29T03:22:32Z</time></trkpt><trkpt lat="-39.3812040333" lon="-72.6320882700"><ele>105.15</ele><time>2024-07-29T03:22:33Z</time></trkpt><trkpt lat="-39.3811860960" lon="-72.6320161857"><ele>105.19</ele><time>2024-07-29T03:22:34Z</time></trkpt><trkpt lat="-39.3810832500" lon="-72.6316395029"><ele>105.50</ele><time>2024-07-29T03:22:39Z</time></trkpt><trkpt lat="-39.3807502370" lon="-72.6302493643"><ele>106.04</ele><time>2024-07-29T03:22:57Z</time></trkpt><trkpt lat="-39.3805929087" lon="-72.6297979150"><ele>105.86</ele><time>2024-07-29T03:23:07Z</time></trkpt><trkpt lat="-39.3805222493" lon="-72.6298027765"><ele>105.75</ele><time>2024-07-29T03:23:09Z</time></trkpt><trkpt lat="-39.3804753944" lon="-72.6298184507"><ele>105.91</ele><time>2024-07-29T03:23:10Z</time></trkpt><trkpt lat="-39.3798823748" lon="-72.6300704945"><ele>105.70</ele><time>2024-07-29T03:23:21Z</time></trkpt><trkpt lat="-39.3798335083" lon="-72.6300865877"><ele>105.66</ele><time>2024-07-29T03:23:22Z</time></trkpt><trkpt lat="-39.3797903415" lon="-72.6300912816"><ele>105.61</ele><time>2024-07-29T03:23:23Z</time></trkpt><trkpt lat="-39.3797502760" lon="-72.6300797984"><ele>105.63</ele><time>2024-07-29T03:23:24Z</time></trkpt><trkpt lat="-39.3797151558" lon="-72.6300500426"><ele>105.66</ele><time>2024-07-29T03:23:25Z</time></trkpt><trkpt lat="-39.3796883337" lon="-72.6300057862"><ele>105.71</ele><time>2024-07-29T03:23:26Z</time></trkpt><trkpt lat="-39.3796678819" lon="-72.6299517229"><ele>105.86</ele><time>2024-07-29T03:23:27Z</time></trkpt><trkpt lat="-39.3796490226" lon="-72.6298929658"><ele>105.83</ele><time>2024-07-29T03:23:28Z</time></trkpt><trkpt lat="-39.3793777842" lon="-72.6288241055"><ele>105.91</ele><time>2024-07-29T03:23:44Z</time></trkpt><trkpt lat="-39.3792806379" lon="-72.6284568105"><ele>105.98</ele><time>2024-07-29T03:23:50Z</time></trkpt><trkpt lat="-39.3792745192" lon="-72.6284016576"><ele>106.03</ele><time>2024-07-29T03:23:51Z</time></trkpt><trkpt lat="-39.3792703282" lon="-72.6283485163"><ele>105.88</ele><time>2024-07-29T03:23:52Z</time></trkpt><trkpt lat="-39.3792652991" lon="-72.6283002365"><ele>105.99</ele><time>2024-07-29T03:23:53Z</time></trkpt><trkpt lat="-39.3792570848" lon="-72.6282572374"><ele>105.95</ele><time>2024-07-29T03:23:54Z</time></trkpt><trkpt lat="-39.3792403210" lon="-72.6282235421"><ele>105.81</ele><time>2024-07-29T03:23:55Z</time></trkpt><trkpt lat="-39.3792228028" lon="-72.6282055210"><ele>105.92</ele><time>2024-07-29T03:23:56Z</time></trkpt><trkpt lat="-39.3792107329" lon="-72.6282039285"><ele>105.87</ele><time>2024-07-29T03:23:57Z</time></trkpt><trkpt lat="-39.3791992497" lon="-72.6282082032"><ele>105.91</ele><time>2024-07-29T03:23:58Z</time></trkpt><trkpt lat="-39.3789246585" lon="-72.6283466723"><ele>106.09</ele><time>2024-07-29T03:24:12Z</time></trkpt><trkpt lat="-39.3784840219" lon="-72.6285682898"><ele>106.35</ele><time>2024-07-29T03:24:30Z</time></trkpt><trkpt lat="-39.3780464027" lon="-72.6287624147"><ele>106.49</ele><time>2024-07-29T03:24:47Z</time></trkpt><trkpt lat="-39.3780163117" lon="-72.6287669409"><ele>106.83</ele><time>2024-07-29T03:24:50Z</time></trkpt><trkpt lat="-39.3779796828" lon="-72.6287106983"><ele>107.11</ele><time>2024-07-29T03:24:54Z</time></trkpt><trkpt lat="-39.3779792637" lon="-72.6286666095"><ele>107.08</ele><time>2024-07-29T03:24:55Z</time></trkpt><trkpt lat="-39.3779790122" lon="-72.6286195032"><ele>106.99</ele><time>2024-07-29T03:24:56Z</time></trkpt><trkpt lat="-39.3779785931" lon="-72.6285625901"><ele>107.01</ele><time>2024-07-29T03:24:57Z</time></trkpt><trkpt lat="-39.3779568840" lon="-72.6275259163"><ele>107.55</ele><time>2024-07-29T03:25:09Z</time></trkpt><trkpt lat="-39.3780132942" lon="-72.6260345243"><ele>108.05</ele><time>2024-07-29T03:25:26Z</time></trkpt><trkpt lat="-39.3780339975" lon="-72.6259538066"><ele>108.17</ele><time>2024-07-29T03:25:27Z</time></trkpt><trkpt lat="-39.3780590594" lon="-72.6258725859"><ele>108.19</ele><time>2024-07-29T03:25:28Z</time></trkpt><trkpt lat="-39.3780901562" lon="-72.6257913653"><ele>108.32</ele><time>2024-07-29T03:25:29Z</time></trkpt><trkpt lat="-39.3786928151" lon="-72.6248574536"><ele>108.53</ele><time>2024-07-29T03:25:41Z</time></trkpt><trkpt lat="-39.3795096315" lon="-72.6237368770"><ele>107.90</ele><time>2024-07-29T03:25:56Z</time></trkpt><trkpt lat="-39.3802872207" lon="-72.6226437930"><ele>108.19</ele><time>2024-07-29T03:26:10Z</time></trkpt><trkpt lat="-39.3813601881" lon="-72.6211800613"><ele>111.23</ele><time>2024-07-29T03:26:27Z</time></trkpt><trkpt lat="-39.3822104484" lon="-72.6200084388"><ele>110.07</ele><time>2024-07-29T03:26:41Z</time></trkpt><trkpt lat="-39.3828928191" lon="-72.6190993376"><ele>110.73</ele><time>2024-07-29T03:26:52Z</time></trkpt><trkpt lat="-39.3831878621" lon="-72.6186857745"><ele>110.38</ele><time>2024-07-29T03:26:59Z</time></trkpt><trkpt lat="-39.3831842579" lon="-72.6186598744"><ele>110.54</ele><time>2024-07-29T03:27:00Z</time></trkpt><trkpt lat="-39.3831741158" lon="-72.6186172105"><ele>110.23</ele><time>2024-07-29T03:27:14Z</time></trkpt><trkpt lat="-39.3831649795" lon="-72.6186379977"><ele>110.41</ele><time>2024-07-29T03:27:20Z</time></trkpt><trkpt lat="-39.3831394147" lon="-72.6186577789"><ele>110.45</ele><time>2024-07-29T03:27:21Z</time></trkpt><trkpt lat="-39.3830989301" lon="-72.6186960842"><ele>110.49</ele><time>2024-07-29T03:27:22Z</time></trkpt><trkpt lat="-39.3830498122" lon="-72.6187528297"><ele>110.63</ele><time>2024-07-29T03:27:23Z</time></trkpt><trkpt lat="-39.3829960842" lon="-72.6188242435"><ele>110.55</ele><time>2024-07-29T03:27:24Z</time></trkpt><trkpt lat="-39.3821397051" lon="-72.6200040802"><ele>110.17</ele><time>2024-07-29T03:27:38Z</time></trkpt><trkpt lat="-39.3812892772" lon="-72.6211446058"><ele>110.82</ele><time>2024-07-29T03:27:52Z</time></trkpt><trkpt lat="-39.3806239218" lon="-72.6221317425"><ele>107.92</ele><time>2024-07-29T03:28:03Z</time></trkpt><trkpt lat="-39.3798389565" lon="-72.6232785545"><ele>108.12</ele><time>2024-07-29T03:28:17Z</time></trkpt><trkpt lat="-39.3788559269" lon="-72.6246074215"><ele>107.63</ele><time>2024-07-29T03:28:33Z</time></trkpt><trkpt lat="-39.3780133780" lon="-72.6258784533"><ele>108.74</ele><time>2024-07-29T03:28:48Z</time></trkpt><trkpt lat="-39.3779775873" lon="-72.6259833947"><ele>108.73</ele><time>2024-07-29T03:28:49Z</time></trkpt><trkpt lat="-39.3779495079" lon="-72.6260930300"><ele>108.73</ele><time>2024-07-29T03:28:50Z</time></trkpt><trkpt lat="-39.3779282179" lon="-72.6262055151"><ele>108.74</ele><time>2024-07-29T03:28:51Z</time></trkpt><trkpt lat="-39.3779149745" lon="-72.6263240352"><ele>108.69</ele><time>2024-07-29T03:28:52Z</time></trkpt><trkpt lat="-39.3779075984" lon="-72.6264433935"><ele>108.62</ele><time>2024-07-29T03:28:53Z</time></trkpt><trkpt lat="-39.3779046647" lon="-72.6265600696"><ele>108.51</ele><time>2024-07-29T03:28:54Z</time></trkpt><trkpt lat="-39.3779267929" lon="-72.6278621145"><ele>107.92</ele><time>2024-07-29T03:29:06Z</time></trkpt><trkpt lat="-39.3779651821" lon="-72.6292404346"><ele>107.18</ele><time>2024-07-29T03:29:19Z</time></trkpt><trkpt lat="-39.3779904954" lon="-72.6302351151"><ele>106.24</ele><time>2024-07-29T03:29:31Z</time></trkpt><trkpt lat="-39.3780215085" lon="-72.6303068642"><ele>106.17</ele><time>2024-07-29T03:29:33Z</time></trkpt><trkpt lat="-39.3780466542" lon="-72.6303208619"><ele>106.06</ele><time>2024-07-29T03:29:34Z</time></trkpt><trkpt lat="-39.3780749012" lon="-72.6303236280"><ele>106.37</ele><time>2024-07-29T03:29:35Z</time></trkpt><trkpt lat="-39.3781104404" lon="-72.6303139050"><ele>106.33</ele><time>2024-07-29T03:29:36Z</time></trkpt><trkpt lat="-39.3781500868" lon="-72.6302959677"><ele>106.34</ele><time>2024-07-29T03:29:37Z</time></trkpt><trkpt lat="-39.3781938404" lon="-72.6302731689"><ele>106.42</ele><time>2024-07-29T03:29:38Z</time></trkpt><trkpt lat="-39.3790965714" lon="-72.6298613660"><ele>106.27</ele><time>2024-07-29T03:29:54Z</time></trkpt><trkpt lat="-39.3795759324" lon="-72.6296523213"><ele>105.32</ele><time>2024-07-29T03:30:03Z</time></trkpt><trkpt lat="-39.3796020839" lon="-72.6296713483"><ele>105.48</ele><time>2024-07-29T03:30:04Z</time></trkpt><trkpt lat="-39.3796256371" lon="-72.6297103241"><ele>105.54</ele><time>2024-07-29T03:30:05Z</time></trkpt><trkpt lat="-39.3796450831" lon="-72.6297659799"><ele>105.52</ele><time>2024-07-29T03:30:06Z</time></trkpt><trkpt lat="-39.3796621822" lon="-72.6298296824"><ele>105.45</ele><time>2024-07-29T03:30:07Z</time></trkpt><trkpt lat="-39.3797665369" lon="-72.6302569080"><ele>105.36</ele><time>2024-07-29T03:30:16Z</time></trkpt><trkpt lat="-39.3798501045" lon="-72.6307347603"><ele>105.47</ele><time>2024-07-29T03:30:26Z</time></trkpt><trkpt lat="-39.3798246235" lon="-72.6307614986"><ele>105.53</ele><time>2024-07-29T03:30:27Z</time></trkpt><trkpt lat="-39.3797880784" lon="-72.6307812799"><ele>105.58</ele><time>2024-07-29T03:30:28Z</time></trkpt><trkpt lat="-39.3797416426" lon="-72.6307968702"><ele>105.63</ele><time>2024-07-29T03:30:29Z</time></trkpt><trkpt lat="-39.3796879984" lon="-72.6308165677"><ele>105.60</ele><time>2024-07-29T03:30:30Z</time></trkpt><trkpt lat="-39.3796312530" lon="-72.6308428869"><ele>105.74</ele><time>2024-07-29T03:30:31Z</time></trkpt><trkpt lat="-39.3795715738" lon="-72.6308742352"><ele>105.70</ele><time>2024-07-29T03:30:32Z</time></trkpt><trkpt lat="-39.3786272686" lon="-72.6312705316"><ele>106.00</ele><time>2024-07-29T03:30:47Z</time></trkpt><trkpt lat="-39.3782400247" lon="-72.6314246748"><ele>105.94</ele><time>2024-07-29T03:30:54Z</time></trkpt><trkpt lat="-39.3782058265" lon="-72.6314382534"><ele>105.89</ele><time>2024-07-29T03:30:55Z</time></trkpt><trkpt lat="-39.3781849556" lon="-72.6314494852"><ele>105.84</ele><time>2024-07-29T03:30:56Z</time></trkpt><trkpt lat="-39.3781699520" lon="-72.6314640697"><ele>105.98</ele><time>2024-07-29T03:30:57Z</time></trkpt><trkpt lat="-39.3781551998" lon="-72.6314898860"><ele>106.05</ele><time>2024-07-29T03:30:58Z</time></trkpt><trkpt lat="-39.3781453092" lon="-72.6315291971"><ele>106.11</ele><time>2024-07-29T03:30:59Z</time></trkpt><trkpt lat="-39.3781441357" lon="-72.6315825898"><ele>106.21</ele><time>2024-07-29T03:31:00Z</time></trkpt><trkpt lat="-39.3781537749" lon="-72.6316492260"><ele>106.26</ele><time>2024-07-29T03:31:01Z</time></trkpt><trkpt lat="-39.3781729694" lon="-72.6317182090"><ele>106.40</ele><time>2024-07-29T03:31:02Z</time></trkpt><trkpt lat="-39.3781971931" lon="-72.6317844260"><ele>106.20</ele><time>2024-07-29T03:31:03Z</time></trkpt><trkpt lat="-39.3782204948" lon="-72.6318431832"><ele>106.13</ele><time>2024-07-29T03:31:04Z</time></trkpt><trkpt lat="-39.3782479037" lon="-72.6318909600"><ele>106.08</ele><time>2024-07-29T03:31:05Z</time></trkpt><trkpt lat="-39.3782814313" lon="-72.6319244877"><ele>105.97</ele><time>2024-07-29T03:31:06Z</time></trkpt><trkpt lat="-39.3783222511" lon="-72.6319412515"><ele>105.96</ele><time>2024-07-29T03:31:07Z</time></trkpt><trkpt lat="-39.3783688545" lon="-72.6319425087"><ele>105.74</ele><time>2024-07-29T03:31:08Z</time></trkpt><trkpt lat="-39.3784219120" lon="-72.6319325343"><ele>105.88</ele><time>2024-07-29T03:31:09Z</time></trkpt><trkpt lat="-39.3784834351" lon="-72.6319112442"><ele>105.94</ele><time>2024-07-29T03:31:10Z</time></trkpt><trkpt lat="-39.3785473891" lon="-72.6318846736"><ele>105.96</ele><time>2024-07-29T03:31:11Z</time></trkpt><trkpt lat="-39.3796324264" lon="-72.6314244233"><ele>105.43</ele><time>2024-07-29T03:31:28Z</time></trkpt><trkpt lat="-39.3799236976" lon="-72.6313150395"><ele>105.28</ele><time>2024-07-29T03:31:34Z</time></trkpt><trkpt lat="-39.3799594883" lon="-72.6313114353"><ele>105.21</ele><time>2024-07-29T03:31:35Z</time></trkpt><trkpt lat="-39.3799891602" lon="-72.6313161291"><ele>105.14</ele><time>2024-07-29T03:31:36Z</time></trkpt><trkpt lat="-39.3800158147" lon="-72.6313313842"><ele>105.30</ele><time>2024-07-29T03:31:37Z</time></trkpt><trkpt lat="-39.3800350092" lon="-72.6313633192"><ele>105.29</ele><time>2024-07-29T03:31:38Z</time></trkpt><trkpt lat="-39.3800530303" lon="-72.6314060669"><ele>105.54</ele><time>2024-07-29T03:31:39Z</time></trkpt><trkpt lat="-39.3800679501" lon="-72.6314580347"><ele>105.45</ele><time>2024-07-29T03:31:40Z</time></trkpt><trkpt lat="-39.3800821155" lon="-72.6315091643"><ele>105.47</ele><time>2024-07-29T03:31:41Z</time></trkpt><trkpt lat="-39.3800958619" lon="-72.6315596234"><ele>105.34</ele><time>2024-07-29T03:31:42Z</time></trkpt><trkpt lat="-39.3801088538" lon="-72.6316089928"><ele>105.44</ele><time>2024-07-29T03:31:43Z</time></trkpt><trkpt lat="-39.3800702970" lon="-72.6317843422"><ele>105.29</ele><time>2024-07-29T03:31:48Z</time></trkpt><trkpt lat="-39.3800294772" lon="-72.6318073086"><ele>105.19</ele><time>2024-07-29T03:31:49Z</time></trkpt><trkpt lat="-39.3799812812" lon="-72.6318306103"><ele>105.22</ele><time>2024-07-29T03:31:50Z</time></trkpt><trkpt lat="-39.3792427517" lon="-72.6321445964"><ele>105.17</ele><time>2024-07-29T03:32:02Z</time></trkpt><trkpt lat="-39.3785369117" lon="-72.6324340235"><ele>105.47</ele><time>2024-07-29T03:32:15Z</time></trkpt><trkpt lat="-39.3784796633" lon="-72.6324347779"><ele>105.78</ele><time>2024-07-29T03:32:18Z</time></trkpt><trkpt lat="-39.3784596305" lon="-72.6324197743"><ele>105.83</ele><time>2024-07-29T03:32:19Z</time></trkpt><trkpt lat="-39.3784361612" lon="-72.6323919464"><ele>105.94</ele><time>2024-07-29T03:32:20Z</time></trkpt><trkpt lat="-39.3784175534" lon="-72.6323568262"><ele>105.91</ele><time>2024-07-29T03:32:21Z</time></trkpt><trkpt lat="-39.3784010410" lon="-72.6323166769"><ele>106.03</ele><time>2024-07-29T03:32:22Z</time></trkpt><trkpt lat="-39.3781877216" lon="-72.6316349767"><ele>106.65</ele><time>2024-07-29T03:32:31Z</time></trkpt><trkpt lat="-39.3780313991" lon="-72.6310987864"><ele>106.77</ele><time>2024-07-29T03:32:38Z</time></trkpt><trkpt lat="-39.3780031521" lon="-72.6310483273"><ele>106.74</ele><time>2024-07-29T03:32:39Z</time></trkpt><trkpt lat="-39.3779658526" lon="-72.6310156379"><ele>106.66</ele><time>2024-07-29T03:32:40Z</time></trkpt><trkpt lat="-39.3779207580" lon="-72.6310078427"><ele>106.69</ele><time>2024-07-29T03:32:41Z</time></trkpt><trkpt lat="-39.3778743222" lon="-72.6310221758"><ele>106.74</ele><time>2024-07-29T03:32:42Z</time></trkpt><trkpt lat="-39.3778263777" lon="-72.6310503390"><ele>106.81</ele><time>2024-07-29T03:32:43Z</time></trkpt><trkpt lat="-39.3777760025" lon="-72.6310902368"><ele>106.85</ele><time>2024-07-29T03:32:44Z</time></trkpt><trkpt lat="-39.3777178321" lon="-72.6311417017"><ele>107.09</ele><time>2024-07-29T03:32:45Z</time></trkpt><trkpt lat="-39.3776552193" lon="-72.6311965194"><ele>107.05</ele><time>2024-07-29T03:32:46Z</time></trkpt><trkpt lat="-39.3768351339" lon="-72.6319812331"><ele>106.87</ele><time>2024-07-29T03:32:59Z</time></trkpt><trkpt lat="-39.3767140992" lon="-72.6321261562"><ele>106.32</ele><time>2024-07-29T03:33:02Z</time></trkpt><trkpt lat="-39.3766887859" lon="-72.6321760286"><ele>106.27</ele><time>2024-07-29T03:33:03Z</time></trkpt><trkpt lat="-39.3766716868" lon="-72.6322245598"><ele>106.10</ele><time>2024-07-29T03:33:04Z</time></trkpt><trkpt lat="-39.3766605388" lon="-72.6322757732"><ele>106.00</ele><time>2024-07-29T03:33:05Z</time></trkpt><trkpt lat="-39.3766578566" lon="-72.6323233824"><ele>105.93</ele><time>2024-07-29T03:33:06Z</time></trkpt><trkpt lat="-39.3766632210" lon="-72.6323709916"><ele>105.90</ele><time>2024-07-29T03:33:07Z</time></trkpt><trkpt lat="-39.3766758777" lon="-72.6324213669"><ele>105.56</ele><time>2024-07-29T03:33:08Z</time></trkpt><trkpt lat="-39.3766985089" lon="-72.6324803755"><ele>105.30</ele><time>2024-07-29T03:33:09Z</time></trkpt><trkpt lat="-39.3767322879" lon="-72.6325487718"><ele>104.84</ele><time>2024-07-29T03:33:10Z</time></trkpt><trkpt lat="-39.3767736945" lon="-72.6326249633"><ele>104.34</ele><time>2024-07-29T03:33:11Z</time></trkpt><trkpt lat="-39.3772295024" lon="-72.6334432885"><ele>103.39</ele><time>2024-07-29T03:33:22Z</time></trkpt><trkpt lat="-39.3772289995" lon="-72.6335082483"><ele>103.36</ele><time>2024-07-29T03:33:23Z</time></trkpt><trkpt lat="-39.3772093859" lon="-72.6335681789"><ele>103.28</ele><time>2024-07-29T03:33:24Z</time></trkpt><trkpt lat="-39.3771726731" lon="-72.6336205658"><ele>103.23</ele><time>2024-07-29T03:33:25Z</time></trkpt><trkpt lat="-39.3771241419" lon="-72.6336768921"><ele>103.20</ele><time>2024-07-29T03:33:26Z</time></trkpt><trkpt lat="-39.3770694081" lon="-72.6337338891"><ele>103.23</ele><time>2024-07-29T03:33:27Z</time></trkpt><trkpt lat="-39.3764535896" lon="-72.6343039423"><ele>102.63</ele><time>2024-07-29T03:33:39Z</time></trkpt><trkpt lat="-39.3759609852" lon="-72.6348020788"><ele>102.98</ele><time>2024-07-29T03:33:49Z</time></trkpt><trkpt lat="-39.3754642736" lon="-72.6352807693"><ele>102.92</ele><time>2024-07-29T03:34:00Z</time></trkpt><trkpt lat="-39.3748088926" lon="-72.6359117590"><ele>105.67</ele><time>2024-07-29T03:34:13Z</time></trkpt><trkpt lat="-39.3744288571" lon="-72.6362730190"><ele>106.11</ele><time>2024-07-29T03:34:23Z</time></trkpt><trkpt lat="-39.3738888949" lon="-72.6367736701"><ele>105.59</ele><time>2024-07-29T03:34:35Z</time></trkpt><trkpt lat="-39.3735087756" lon="-72.6371365227"><ele>105.73</ele><time>2024-07-29T03:34:46Z</time></trkpt><trkpt lat="-39.3730517104" lon="-72.6375915762"><ele>105.44</ele><time>2024-07-29T03:35:00Z</time></trkpt><trkpt lat="-39.3726277538" lon="-72.6380105037"><ele>106.21</ele><time>2024-07-29T03:35:12Z</time></trkpt><trkpt lat="-39.3722370733" lon="-72.6384157687"><ele>107.09</ele><time>2024-07-29T03:35:20Z</time></trkpt><trkpt lat="-39.3721898831" lon="-72.6384471171"><ele>107.16</ele><time>2024-07-29T03:35:21Z</time></trkpt><trkpt lat="-39.3720117677" lon="-72.6386296749"><ele>107.40</ele><time>2024-07-29T03:35:28Z</time></trkpt><trkpt lat="-39.3720079120" lon="-72.6386811398"><ele>107.42</ele><time>2024-07-29T03:35:29Z</time></trkpt><trkpt lat="-39.3720219936" lon="-72.6387367956"><ele>107.45</ele><time>2024-07-29T03:35:30Z</time></trkpt><trkpt lat="-39.3720487319" lon="-72.6387937088"><ele>107.47</ele><time>2024-07-29T03:35:31Z</time></trkpt><trkpt lat="-39.3720841035" lon="-72.6388579980"><ele>107.45</ele><time>2024-07-29T03:35:32Z</time></trkpt><trkpt lat="-39.3725953158" lon="-72.6397080068"><ele>107.07</ele><time>2024-07-29T03:35:45Z</time></trkpt><trkpt lat="-39.3729362916" lon="-72.6403006073"><ele>106.94</ele><time>2024-07-29T03:35:54Z</time></trkpt><trkpt lat="-39.3732874934" lon="-72.6408455148"><ele>106.23</ele><time>2024-07-29T03:36:05Z</time></trkpt><trkpt lat="-39.3733224459" lon="-72.6408455987"><ele>106.39</ele><time>2024-07-29T03:36:06Z</time></trkpt><trkpt lat="-39.3733646069" lon="-72.6408261526"><ele>106.29</ele><time>2024-07-29T03:36:07Z</time></trkpt><trkpt lat="-39.3734106235" lon="-72.6407914516"><ele>106.19</ele><time>2024-07-29T03:36:08Z</time></trkpt><trkpt lat="-39.3734618369" lon="-72.6407473627"><ele>106.25</ele><time>2024-07-29T03:36:09Z</time></trkpt><trkpt lat="-39.3740967661" lon="-72.6401389204"><ele>105.35</ele><time>2024-07-29T03:36:20Z</time></trkpt><trkpt lat="-39.3750438374" lon="-72.6392174978"><ele>105.82</ele><time>2024-07-29T03:36:36Z</time></trkpt><trkpt lat="-39.3758121226" lon="-72.6385148428"><ele>105.50</ele><time>2024-07-29T03:36:49Z</time></trkpt><trkpt lat="-39.3760381825" lon="-72.6383000147"><ele>105.19</ele><time>2024-07-29T03:36:54Z</time></trkpt><trkpt lat="-39.3760497496" lon="-72.6382533275"><ele>105.30</ele><time>2024-07-29T03:36:55Z</time></trkpt><trkpt lat="-39.3760406971" lon="-72.6381975040"><ele>105.21</ele><time>2024-07-29T03:36:56Z</time></trkpt><trkpt lat="-39.3760129530" lon="-72.6381391659"><ele>105.30</ele><time>2024-07-29T03:36:57Z</time></trkpt><trkpt lat="-39.3759746477" lon="-72.6380793191"><ele>105.34</ele><time>2024-07-29T03:36:58Z</time></trkpt><trkpt lat="-39.3759298045" lon="-72.6380154490"><ele>105.34</ele><time>2024-07-29T03:36:59Z</time></trkpt><trkpt lat="-39.3753890041" lon="-72.6371108741"><ele>105.89</ele><time>2024-07-29T03:37:11Z</time></trkpt><trkpt lat="-39.3747933023" lon="-72.6360784750"><ele>106.42</ele><time>2024-07-29T03:37:25Z</time></trkpt><trkpt lat="-39.3742482271" lon="-72.6351245306"><ele>106.94</ele><time>2024-07-29T03:37:37Z</time></trkpt><trkpt lat="-39.3740812596" lon="-72.6348361094"><ele>106.52</ele><time>2024-07-29T03:37:44Z</time></trkpt><trkpt lat="-39.3736847118" lon="-72.6341850031"><ele>107.13</ele><time>2024-07-29T03:37:54Z</time></trkpt><trkpt lat="-39.3727885187" lon="-72.6326435711"><ele>107.86</ele><time>2024-07-29T03:38:13Z</time></trkpt><trkpt lat="-39.3720847741" lon="-72.6314520836"><ele>108.18</ele><time>2024-07-29T03:38:28Z</time></trkpt><trkpt lat="-39.3720545154" lon="-72.6314058993"><ele>108.17</ele><time>2024-07-29T03:38:29Z</time></trkpt><trkpt lat="-39.3720195629" lon="-72.6313732099"><ele>108.13</ele><time>2024-07-29T03:38:30Z</time></trkpt><trkpt lat="-39.3719812576" lon="-72.6313631516"><ele>108.24</ele><time>2024-07-29T03:38:31Z</time></trkpt><trkpt lat="-39.3719411083" lon="-72.6313769817"><ele>108.45</ele><time>2024-07-29T03:38:32Z</time></trkpt><trkpt lat="-39.3718986958" lon="-72.6314131916"><ele>108.62</ele><time>2024-07-29T03:38:33Z</time></trkpt><trkpt lat="-39.3718543556" lon="-72.6314579509"><ele>108.83</ele><time>2024-07-29T03:38:34Z</time></trkpt><trkpt lat="-39.3718100153" lon="-72.6315063145"><ele>109.02</ele><time>2024-07-29T03:38:35Z</time></trkpt><trkpt lat="-39.3712428119" lon="-72.6320955623"><ele>111.82</ele><time>2024-07-29T03:38:48Z</time></trkpt><trkpt lat="-39.3709935341" lon="-72.6323509589"><ele>112.30</ele><time>2024-07-29T03:38:57Z</time></trkpt><trkpt lat="-39.3703890312" lon="-72.6329255383"><ele>112.00</ele><time>2024-07-29T03:39:08Z</time></trkpt><trkpt lat="-39.3699737918" lon="-72.6333074179"><ele>111.90</ele><time>2024-07-29T03:39:18Z</time></trkpt><trkpt lat="-39.3693961948" lon="-72.6338435244"><ele>110.16</ele><time>2024-07-29T03:39:30Z</time></trkpt><trkpt lat="-39.3693410419" lon="-72.6338474639"><ele>110.30</ele><time>2024-07-29T03:39:32Z</time></trkpt><trkpt lat="-39.3693038262" lon="-72.6338263415"><ele>110.26</ele><time>2024-07-29T03:39:33Z</time></trkpt><trkpt lat="-39.3692651857" lon="-72.6337892096"><ele>110.27</ele><time>2024-07-29T03:39:34Z</time></trkpt><trkpt lat="-39.3692230247" lon="-72.6337327156"><ele>110.36</ele><time>2024-07-29T03:39:35Z</time></trkpt><trkpt lat="-39.3691806961" lon="-72.6336586196"><ele>110.52</ele><time>2024-07-29T03:39:36Z</time></trkpt><trkpt lat="-39.3691382837" lon="-72.6335799973"><ele>110.51</ele><time>2024-07-29T03:39:37Z</time></trkpt><trkpt lat="-39.3690078612" lon="-72.6333751436"><ele>110.76</ele><time>2024-07-29T03:39:40Z</time></trkpt><trkpt lat="-39.3687845673" lon="-72.6330303121"><ele>111.11</ele><time>2024-07-29T03:39:49Z</time></trkpt><trkpt lat="-39.3687667139" lon="-72.6330010593"><ele>111.11</ele><time>2024-07-29T03:39:52Z</time></trkpt><trkpt lat="-39.3687130697" lon="-72.6329205092"><ele>111.21</ele><time>2024-07-29T03:39:55Z</time></trkpt><trkpt lat="-39.3686929531" lon="-72.6328973752"><ele>111.32</ele><time>2024-07-29T03:39:56Z</time></trkpt><trkpt lat="-39.3686662987" lon="-72.6328794379"><ele>111.44</ele><time>2024-07-29T03:39:57Z</time></trkpt><trkpt lat="-39.3686314300" lon="-72.6328737382"><ele>111.55</ele><time>2024-07-29T03:39:58Z</time></trkpt><trkpt lat="-39.3685901072" lon="-72.6328817010"><ele>111.66</ele><time>2024-07-29T03:39:59Z</time></trkpt><trkpt lat="-39.3685418274" lon="-72.6329065114"><ele>111.70</ele><time>2024-07-29T03:40:00Z</time></trkpt><trkpt lat="-39.3684919551" lon="-72.6329446491"><ele>111.99</ele><time>2024-07-29T03:40:01Z</time></trkpt><trkpt lat="-39.3684390653" lon="-72.6329899952"><ele>111.95</ele><time>2024-07-29T03:40:02Z</time></trkpt><trkpt lat="-39.3679164536" lon="-72.6334956754"><ele>111.97</ele><time>2024-07-29T03:40:13Z</time></trkpt><trkpt lat="-39.3677214067" lon="-72.6336942427"><ele>111.96</ele><time>2024-07-29T03:40:22Z</time></trkpt><trkpt lat="-39.3674857076" lon="-72.6339172013"><ele>111.56</ele><time>2024-07-29T03:40:27Z</time></trkpt><trkpt lat="-39.3674537726" lon="-72.6339664031"><ele>111.42</ele><time>2024-07-29T03:40:28Z</time></trkpt><trkpt lat="-39.3674308900" lon="-72.6340187900"><ele>111.37</ele><time>2024-07-29T03:40:29Z</time></trkpt><trkpt lat="-39.3674267828" lon="-72.6340788882"><ele>111.40</ele><time>2024-07-29T03:40:30Z</time></trkpt><trkpt lat="-39.3674389366" lon="-72.6341413334"><ele>111.30</ele><time>2024-07-29T03:40:31Z</time></trkpt><trkpt lat="-39.3674668483" lon="-72.6342041977"><ele>111.30</ele><time>2024-07-29T03:40:32Z</time></trkpt><trkpt lat="-39.3675020523" lon="-72.6342722587"><ele>111.28</ele><time>2024-07-29T03:40:33Z</time></trkpt><trkpt lat="-39.3681125902" lon="-72.6353193261"><ele>110.84</ele><time>2024-07-29T03:40:48Z</time></trkpt><trkpt lat="-39.3685331102" lon="-72.6360130962"><ele>110.76</ele><time>2024-07-29T03:40:59Z</time></trkpt><trkpt lat="-39.3692933489" lon="-72.6373403706"><ele>110.57</ele><time>2024-07-29T03:41:15Z</time></trkpt><trkpt lat="-39.3693360966" lon="-72.6374536101"><ele>110.50</ele><time>2024-07-29T03:41:17Z</time></trkpt><trkpt lat="-39.3693304807" lon="-72.6375075895"><ele>110.53</ele><time>2024-07-29T03:41:18Z</time></trkpt><trkpt lat="-39.3693096098" lon="-72.6375602279"><ele>110.60</ele><time>2024-07-29T03:41:19Z</time></trkpt><trkpt lat="-39.3692729808" lon="-72.6376067474"><ele>110.59</ele><time>2024-07-29T03:41:20Z</time></trkpt><trkpt lat="-39.3692231923" lon="-72.6376515068"><ele>110.62</ele><time>2024-07-29T03:41:21Z</time></trkpt><trkpt lat="-39.3691671174" lon="-72.6377002895"><ele>110.64</ele><time>2024-07-29T03:41:22Z</time></trkpt><trkpt lat="-39.3686016742" lon="-72.6382064726"><ele>110.30</ele><time>2024-07-29T03:41:32Z</time></trkpt><trkpt lat="-39.3685456831" lon="-72.6382234041"><ele>110.21</ele><time>2024-07-29T03:41:33Z</time></trkpt><trkpt lat="-39.3684928771" lon="-72.6382191293"><ele>110.19</ele><time>2024-07-29T03:41:34Z</time></trkpt><trkpt lat="-39.3684508838" lon="-72.6381866913"><ele>109.96</ele><time>2024-07-29T03:41:35Z</time></trkpt><trkpt lat="-39.3684163503" lon="-72.6381384116"><ele>110.16</ele><time>2024-07-29T03:41:36Z</time></trkpt><trkpt lat="-39.3683819845" lon="-72.6380766369"><ele>110.10</ele><time>2024-07-29T03:41:37Z</time></trkpt><trkpt lat="-39.3683488760" lon="-72.6380068157"><ele>110.09</ele><time>2024-07-29T03:41:38Z</time></trkpt><trkpt lat="-39.3678926490" lon="-72.6372127980"><ele>110.45</ele><time>2024-07-29T03:41:49Z</time></trkpt><trkpt lat="-39.3676041439" lon="-72.6367336046"><ele>110.19</ele><time>2024-07-29T03:41:59Z</time></trkpt><trkpt lat="-39.3674644176" lon="-72.6365156751"><ele>110.32</ele><time>2024-07-29T03:42:03Z</time></trkpt><trkpt lat="-39.3674348295" lon="-72.6364562474"><ele>110.45</ele><time>2024-07-29T03:42:04Z</time></trkpt><trkpt lat="-39.3671643455" lon="-72.6359289419"><ele>110.60</ele><time>2024-07-29T03:42:14Z</time></trkpt><trkpt lat="-39.3667413946" lon="-72.6352122054"><ele>110.65</ele><time>2024-07-29T03:42:24Z</time></trkpt><trkpt lat="-39.3665225431" lon="-72.6348196808"><ele>111.33</ele><time>2024-07-29T03:42:33Z</time></trkpt><trkpt lat="-39.3661717605" lon="-72.6342035271"><ele>111.08</ele><time>2024-07-29T03:42:42Z</time></trkpt><trkpt lat="-39.3659268413" lon="-72.6337739546"><ele>110.53</ele><time>2024-07-29T03:42:49Z</time></trkpt><trkpt lat="-39.3659045454" lon="-72.6337258425"><ele>110.46</ele><time>2024-07-29T03:42:50Z</time></trkpt><trkpt lat="-39.3658725265" lon="-72.6336750481"><ele>110.63</ele><time>2024-07-29T03:42:51Z</time></trkpt><trkpt lat="-39.3653924111" lon="-72.6328592375"><ele>111.09</ele><time>2024-07-29T03:43:02Z</time></trkpt><trkpt lat="-39.3652410340" lon="-72.6325695589"><ele>110.93</ele><time>2024-07-29T03:43:08Z</time></trkpt><trkpt lat="-39.3648667820" lon="-72.6319552492"><ele>111.60</ele><time>2024-07-29T03:43:17Z</time></trkpt><trkpt lat="-39.3646292388" lon="-72.6315347292"><ele>111.35</ele><time>2024-07-29T03:43:25Z</time></trkpt><trkpt lat="-39.3643894326" lon="-72.6311272848"><ele>111.80</ele><time>2024-07-29T03:43:33Z</time></trkpt><trkpt lat="-39.3639544956" lon="-72.6303665433"><ele>111.93</ele><time>2024-07-29T03:43:45Z</time></trkpt><trkpt lat="-39.3635644019" lon="-72.6297135092"><ele>112.13</ele><time>2024-07-29T03:43:54Z</time></trkpt><trkpt lat="-39.3633178063" lon="-72.6292921510"><ele>111.54</ele><time>2024-07-29T03:44:03Z</time></trkpt><trkpt lat="-39.3632958457" lon="-72.6292864513"><ele>111.51</ele><time>2024-07-29T03:44:04Z</time></trkpt><trkpt lat="-39.3632630724" lon="-72.6292907260"><ele>111.46</ele><time>2024-07-29T03:44:05Z</time></trkpt><trkpt lat="-39.3632310536" lon="-72.6293029636"><ele>111.57</ele><time>2024-07-29T03:44:06Z</time></trkpt><trkpt lat="-39.3631932512" lon="-72.6293278579"><ele>111.52</ele><time>2024-07-29T03:44:07Z</time></trkpt><trkpt lat="-39.3631526828" lon="-72.6293646544"><ele>111.64</ele><time>2024-07-29T03:44:08Z</time></trkpt><trkpt lat="-39.3631071690" lon="-72.6294130180"><ele>111.59</ele><time>2024-07-29T03:44:09Z</time></trkpt><trkpt lat="-39.3630559556" lon="-72.6294673327"><ele>111.66</ele><time>2024-07-29T03:44:10Z</time></trkpt><trkpt lat="-39.3624816276" lon="-72.6300321054"><ele>111.06</ele><time>2024-07-29T03:44:22Z</time></trkpt><trkpt lat="-39.3624702282" lon="-72.6300843246"><ele>111.01</ele><time>2024-07-29T03:44:23Z</time></trkpt><trkpt lat="-39.3624760117" lon="-72.6301382203"><ele>110.89</ele><time>2024-07-29T03:44:24Z</time></trkpt><trkpt lat="-39.3624961283" lon="-72.6301905233"><ele>111.26</ele><time>2024-07-29T03:44:25Z</time></trkpt><trkpt lat="-39.3625247944" lon="-72.6302484423"><ele>111.36</ele><time>2024-07-29T03:44:26Z</time></trkpt><trkpt lat="-39.3625620939" lon="-72.6303123124"><ele>111.54</ele><time>2024-07-29T03:44:27Z</time></trkpt><trkpt lat="-39.3630210031" lon="-72.6311319787"><ele>111.17</ele><time>2024-07-29T03:44:38Z</time></trkpt><trkpt lat="-39.3632626534" lon="-72.6315647364"><ele>111.48</ele><time>2024-07-29T03:44:46Z</time></trkpt><trkpt lat="-39.3636849336" lon="-72.6323263999"><ele>111.28</ele><time>2024-07-29T03:44:58Z</time></trkpt><trkpt lat="-39.3639361393" lon="-72.6327560563"><ele>111.85</ele><time>2024-07-29T03:45:07Z</time></trkpt><trkpt lat="-39.3643433321" lon="-72.6334833540"><ele>112.09</ele><time>2024-07-29T03:45:18Z</time></trkpt><trkpt lat="-39.3646241259" lon="-72.6339604519"><ele>112.59</ele><time>2024-07-29T03:45:27Z</time></trkpt><trkpt lat="-39.3650392815" lon="-72.6347044297"><ele>111.99</ele><time>2024-07-29T03:45:39Z</time></trkpt><trkpt lat="-39.3655175529" lon="-72.6355170552"><ele>112.59</ele><time>2024-07-29T03:45:50Z</time></trkpt><trkpt lat="-39.3656055629" lon="-72.6357181370"><ele>112.65</ele><time>2024-07-29T03:45:55Z</time></trkpt><trkpt lat="-39.3655975163" lon="-72.6357561909"><ele>112.60</ele><time>2024-07-29T03:45:56Z</time></trkpt><trkpt lat="-39.3655758910" lon="-72.6357927360"><ele>112.70</ele><time>2024-07-29T03:45:57Z</time></trkpt><trkpt lat="-39.3655417766" lon="-72.6358299516"><ele>112.80</ele><time>2024-07-29T03:45:58Z</time></trkpt><trkpt lat="-39.3654955924" lon="-72.6358662453"><ele>112.78</ele><time>2024-07-29T03:45:59Z</time></trkpt><trkpt lat="-39.3648374453" lon="-72.6364610251"><ele>112.42</ele><time>2024-07-29T03:46:11Z</time></trkpt><trkpt lat="-39.3647914287" lon="-72.6364792138"><ele>112.38</ele><time>2024-07-29T03:46:12Z</time></trkpt><trkpt lat="-39.3647439871" lon="-72.6364775375"><ele>112.48</ele><time>2024-07-29T03:46:13Z</time></trkpt><trkpt lat="-39.3647026643" lon="-72.6364478655"><ele>112.39</ele><time>2024-07-29T03:46:14Z</time></trkpt><trkpt lat="-39.3646651134" lon="-72.6363981608"><ele>112.35</ele><time>2024-07-29T03:46:15Z</time></trkpt><trkpt lat="-39.3646279816" lon="-72.6363383979"><ele>112.40</ele><time>2024-07-29T03:46:16Z</time></trkpt><trkpt lat="-39.3645916041" lon="-72.6362719294"><ele>112.38</ele><time>2024-07-29T03:46:17Z</time></trkpt><trkpt lat="-39.3642241415" lon="-72.6355406921"><ele>111.94</ele><time>2024-07-29T03:46:27Z</time></trkpt><trkpt lat="-39.3639237341" lon="-72.6350275520"><ele>112.34</ele><time>2024-07-29T03:46:36Z</time></trkpt><trkpt lat="-39.3634663336" lon="-72.6342845801"><ele>111.94</ele><time>2024-07-29T03:46:48Z</time></trkpt><trkpt lat="-39.3630625773" lon="-72.6336381678"><ele>112.22</ele><time>2024-07-29T03:46:57Z</time></trkpt><trkpt lat="-39.3628241122" lon="-72.6332096010"><ele>111.33</ele><time>2024-07-29T03:47:05Z</time></trkpt><trkpt lat="-39.3625339307" lon="-72.6326559763"><ele>112.24</ele><time>2024-07-29T03:47:13Z</time></trkpt><trkpt lat="-39.3619968183" lon="-72.6317140181"><ele>112.21</ele><time>2024-07-29T03:47:26Z</time></trkpt><trkpt lat="-39.3615813274" lon="-72.6309888996"><ele>111.95</ele><time>2024-07-29T03:47:37Z</time></trkpt><trkpt lat="-39.3615175411" lon="-72.6309697051"><ele>111.82</ele><time>2024-07-29T03:47:39Z</time></trkpt><trkpt lat="-39.3614743743" lon="-72.6309894025"><ele>112.09</ele><time>2024-07-29T03:47:40Z</time></trkpt><trkpt lat="-39.3614281062" lon="-72.6310235169"><ele>112.14</ele><time>2024-07-29T03:47:41Z</time></trkpt><trkpt lat="-39.3613769766" lon="-72.6310703717"><ele>112.28</ele><time>2024-07-29T03:47:42Z</time></trkpt><trkpt lat="-39.3613258470" lon="-72.6311221719"><ele>112.23</ele><time>2024-07-29T03:47:43Z</time></trkpt><trkpt lat="-39.3607260380" lon="-72.6317713503"><ele>111.84</ele><time>2024-07-29T03:47:57Z</time></trkpt><trkpt lat="-39.3607261218" lon="-72.6318139303"><ele>111.95</ele><time>2024-07-29T03:47:58Z</time></trkpt><trkpt lat="-39.3607365154" lon="-72.6318617910"><ele>111.92</ele><time>2024-07-29T03:47:59Z</time></trkpt><trkpt lat="-39.3607591465" lon="-72.6319190394"><ele>112.04</ele><time>2024-07-29T03:48:00Z</time></trkpt><trkpt lat="-39.3607868068" lon="-72.6319762878"><ele>112.11</ele><time>2024-07-29T03:48:01Z</time></trkpt><trkpt lat="-39.3608185742" lon="-72.6320383977"><ele>112.12</ele><time>2024-07-29T03:48:02Z</time></trkpt><trkpt lat="-39.3613567762" lon="-72.6329586469"><ele>111.92</ele><time>2024-07-29T03:48:15Z</time></trkpt><trkpt lat="-39.3619628716" lon="-72.6340260822"><ele>111.05</ele><time>2024-07-29T03:48:30Z</time></trkpt><trkpt lat="-39.3623449188" lon="-72.6346701477"><ele>111.62</ele><time>2024-07-29T03:48:39Z</time></trkpt><trkpt lat="-39.3626762554" lon="-72.6352494210"><ele>111.51</ele><time>2024-07-29T03:48:49Z</time></trkpt><trkpt lat="-39.3631067500" lon="-72.6359841786"><ele>112.05</ele><time>2024-07-29T03:48:59Z</time></trkpt><trkpt lat="-39.3634276930" lon="-72.6365352049"><ele>111.79</ele><time>2024-07-29T03:49:09Z</time></trkpt><trkpt lat="-39.3638467882" lon="-72.6372452360"><ele>111.94</ele><time>2024-07-29T03:49:21Z</time></trkpt><trkpt lat="-39.3638633844" lon="-72.6373377722"><ele>112.02</ele><time>2024-07-29T03:49:25Z</time></trkpt><trkpt lat="-39.3638524041" lon="-72.6373671088"><ele>112.04</ele><time>2024-07-29T03:49:26Z</time></trkpt><trkpt lat="-39.3638332933" lon="-72.6373963617"><ele>112.11</ele><time>2024-07-29T03:49:27Z</time></trkpt><trkpt lat="-39.3638001010" lon="-72.6374326553"><ele>112.30</ele><time>2024-07-29T03:49:28Z</time></trkpt><trkpt lat="-39.3637581915" lon="-72.6374758221"><ele>112.37</ele><time>2024-07-29T03:49:29Z</time></trkpt><trkpt lat="-39.3631902337" lon="-72.6380208135"><ele>112.41</ele><time>2024-07-29T03:49:39Z</time></trkpt><trkpt lat="-39.3630987871" lon="-72.6380856894"><ele>112.24</ele><time>2024-07-29T03:49:41Z</time></trkpt><trkpt lat="-39.3630548660" lon="-72.6380890422"><ele>112.23</ele><time>2024-07-29T03:49:42Z</time></trkpt><trkpt lat="-39.3630126212" lon="-72.6380697638"><ele>112.20</ele><time>2024-07-29T03:49:43Z</time></trkpt><trkpt lat="-39.3629749864" lon="-72.6380334701"><ele>112.12</ele><time>2024-07-29T03:49:44Z</time></trkpt><trkpt lat="-39.3629404530" lon="-72.6379873697"><ele>112.01</ele><time>2024-07-29T03:49:45Z</time></trkpt><trkpt lat="-39.3629066739" lon="-72.6379349828"><ele>111.97</ele><time>2024-07-29T03:49:46Z</time></trkpt><trkpt lat="-39.3628718890" lon="-72.6378765609"><ele>111.90</ele><time>2024-07-29T03:49:47Z</time></trkpt><trkpt lat="-39.3623118941" lon="-72.6368812099"><ele>111.50</ele><time>2024-07-29T03:50:03Z</time></trkpt><trkpt lat="-39.3616989255" lon="-72.6358089130"><ele>111.84</ele><time>2024-07-29T03:50:18Z</time></trkpt><trkpt lat="-39.3611753080" lon="-72.6348801982"><ele>111.39</ele><time>2024-07-29T03:50:32Z</time></trkpt><trkpt lat="-39.3611805886" lon="-72.6348449942"><ele>111.48</ele><time>2024-07-29T03:50:33Z</time></trkpt><trkpt lat="-39.3612007052" lon="-72.6348059345"><ele>111.55</ele><time>2024-07-29T03:50:34Z</time></trkpt><trkpt lat="-39.3612401001" lon="-72.6347681321"><ele>111.54</ele><time>2024-07-29T03:50:35Z</time></trkpt><trkpt lat="-39.3612884637" lon="-72.6347248815"><ele>111.68</ele><time>2024-07-29T03:50:36Z</time></trkpt><trkpt lat="-39.3619496282" lon="-72.6340850070"><ele>111.41</ele><time>2024-07-29T03:50:47Z</time></trkpt><trkpt lat="-39.3626604974" lon="-72.6333993673"><ele>111.34</ele><time>2024-07-29T03:51:00Z</time></trkpt><trkpt lat="-39.3631360028" lon="-72.6329468284"><ele>112.05</ele><time>2024-07-29T03:51:10Z</time></trkpt><trkpt lat="-39.3635882903" lon="-72.6324772742"><ele>112.26</ele><time>2024-07-29T03:51:20Z</time></trkpt><trkpt lat="-39.3642212916" lon="-72.6318628807"><ele>113.40</ele><time>2024-07-29T03:51:31Z</time></trkpt><trkpt lat="-39.3648415525" lon="-72.6312589645"><ele>113.76</ele><time>2024-07-29T03:51:41Z</time></trkpt><trkpt lat="-39.3651606515" lon="-72.6309458166"><ele>113.80</ele><time>2024-07-29T03:51:47Z</time></trkpt><trkpt lat="-39.3652019743" lon="-72.6309243590"><ele>113.79</ele><time>2024-07-29T03:51:48Z</time></trkpt><trkpt lat="-39.3652412016" lon="-72.6309185755"><ele>113.88</ele><time>2024-07-29T03:51:49Z</time></trkpt><trkpt lat="-39.3652793393" lon="-72.6309301425"><ele>113.86</ele><time>2024-07-29T03:51:50Z</time></trkpt><trkpt lat="-39.3653224222" lon="-72.6309602335"><ele>113.91</ele><time>2024-07-29T03:51:51Z</time></trkpt><trkpt lat="-39.3653677683" lon="-72.6310052443"><ele>113.97</ele><time>2024-07-29T03:51:52Z</time></trkpt><trkpt lat="-39.3654182274" lon="-72.6310561225"><ele>114.01</ele><time>2024-07-29T03:51:53Z</time></trkpt><trkpt lat="-39.3654713687" lon="-72.6311105210"><ele>114.07</ele><time>2024-07-29T03:51:54Z</time></trkpt><trkpt lat="-39.3662400730" lon="-72.6319620386"><ele>113.73</ele><time>2024-07-29T03:52:07Z</time></trkpt><trkpt lat="-39.3666068651" lon="-72.6326000690"><ele>113.30</ele><time>2024-07-29T03:52:17Z</time></trkpt><trkpt lat="-39.3671967834" lon="-72.6336525008"><ele>113.47</ele><time>2024-07-29T03:52:31Z</time></trkpt><trkpt lat="-39.3673574645" lon="-72.6340525690"><ele>113.22</ele><time>2024-07-29T03:52:40Z</time></trkpt><trkpt lat="-39.3673399463" lon="-72.6340925507"><ele>113.17</ele><time>2024-07-29T03:52:41Z</time></trkpt><trkpt lat="-39.3673089333" lon="-72.6341290120"><ele>112.97</ele><time>2024-07-29T03:52:42Z</time></trkpt><trkpt lat="-39.3672679458" lon="-72.6341654733"><ele>113.02</ele><time>2024-07-29T03:52:43Z</time></trkpt><trkpt lat="-39.3672175705" lon="-72.6342063770"><ele>113.09</ele><time>2024-07-29T03:52:44Z</time></trkpt><trkpt lat="-39.3664900213" lon="-72.6348792762"><ele>113.23</ele><time>2024-07-29T03:52:56Z</time></trkpt><trkpt lat="-39.3656327203" lon="-72.6356817596"><ele>112.48</ele><time>2024-07-29T03:53:11Z</time></trkpt><trkpt lat="-39.3649605755" lon="-72.6363022719"><ele>112.39</ele><time>2024-07-29T03:53:22Z</time></trkpt><trkpt lat="-39.3639068864" lon="-72.6373101119"><ele>112.18</ele><time>2024-07-29T03:53:39Z</time></trkpt><trkpt lat="-39.3637869414" lon="-72.6374324877"><ele>112.25</ele><time>2024-07-29T03:53:41Z</time></trkpt><trkpt lat="-39.3628257886" lon="-72.6383126713"><ele>112.32</ele><time>2024-07-29T03:53:56Z</time></trkpt><trkpt lat="-39.3617883604" lon="-72.6392922644"><ele>112.53</ele><time>2024-07-29T03:54:12Z</time></trkpt><trkpt lat="-39.3615319580" lon="-72.6395054162"><ele>112.50</ele><time>2024-07-29T03:54:16Z</time></trkpt><trkpt lat="-39.3614596222" lon="-72.6395500917"><ele>112.39</ele><time>2024-07-29T03:54:17Z</time></trkpt><trkpt lat="-39.3613815028" lon="-72.6395815238"><ele>112.40</ele><time>2024-07-29T03:54:18Z</time></trkpt><trkpt lat="-39.3613008689" lon="-72.6396002155"><ele>112.27</ele><time>2024-07-29T03:54:19Z</time></trkpt><trkpt lat="-39.3612172175" lon="-72.6396043226"><ele>112.20</ele><time>2024-07-29T03:54:20Z</time></trkpt><trkpt lat="-39.3611361645" lon="-72.6395937614"><ele>112.17</ele><time>2024-07-29T03:54:21Z</time></trkpt><trkpt lat="-39.3610609788" lon="-72.6395686157"><ele>112.17</ele><time>2024-07-29T03:54:22Z</time></trkpt><trkpt lat="-39.3609873019" lon="-72.6395290531"><ele>112.10</ele><time>2024-07-29T03:54:23Z</time></trkpt><trkpt lat="-39.3609146308" lon="-72.6394801866"><ele>112.13</ele><time>2024-07-29T03:54:24Z</time></trkpt><trkpt lat="-39.3605785165" lon="-72.6392645203"><ele>111.56</ele><time>2024-07-29T03:54:29Z</time></trkpt><trkpt lat="-39.3605099525" lon="-72.6392558031"><ele>111.54</ele><time>2024-07-29T03:54:30Z</time></trkpt><trkpt lat="-39.3604440708" lon="-72.6392677054"><ele>111.62</ele><time>2024-07-29T03:54:31Z</time></trkpt><trkpt lat="-39.3603845593" lon="-72.6392941084"><ele>111.56</ele><time>2024-07-29T03:54:32Z</time></trkpt><trkpt lat="-39.3603310827" lon="-72.6393296476"><ele>111.56</ele><time>2024-07-29T03:54:33Z</time></trkpt><trkpt lat="-39.3602848984" lon="-72.6393757481"><ele>111.63</ele><time>2024-07-29T03:54:34Z</time></trkpt><trkpt lat="-39.3602393847" lon="-72.6394215133"><ele>111.49</ele><time>2024-07-29T03:54:35Z</time></trkpt><trkpt lat="-39.3601901829" lon="-72.6394583937"><ele>111.60</ele><time>2024-07-29T03:54:36Z</time></trkpt><trkpt lat="-39.3601377960" lon="-72.6394819468"><ele>111.61</ele><time>2024-07-29T03:54:37Z</time></trkpt><trkpt lat="-39.3600813858" lon="-72.6394915860"><ele>111.71</ele><time>2024-07-29T03:54:38Z</time></trkpt><trkpt lat="-39.3600200303" lon="-72.6394956093"><ele>111.73</ele><time>2024-07-29T03:54:39Z</time></trkpt><trkpt lat="-39.3599538133" lon="-72.6394959446"><ele>111.75</ele><time>2024-07-29T03:54:40Z</time></trkpt><trkpt lat="-39.3598823994" lon="-72.6395039912"><ele>111.65</ele><time>2024-07-29T03:54:41Z</time></trkpt><trkpt lat="-39.3597373925" lon="-72.6395444758"><ele>111.51</ele><time>2024-07-29T03:54:43Z</time></trkpt><trkpt lat="-39.3596662302" lon="-72.6395798475"><ele>111.56</ele><time>2024-07-29T03:54:44Z</time></trkpt><trkpt lat="-39.3595991749" lon="-72.6396326534"><ele>111.45</ele><time>2024-07-29T03:54:45Z</time></trkpt><trkpt lat="-39.3595332932" lon="-72.6396905724"><ele>111.32</ele><time>2024-07-29T03:54:46Z</time></trkpt><trkpt lat="-39.3594667409" lon="-72.6397486590"><ele>111.69</ele><time>2024-07-29T03:54:47Z</time></trkpt><trkpt lat="-39.3594026193" lon="-72.6399328094"><ele>111.96</ele><time>2024-07-29T03:54:49Z</time></trkpt><trkpt lat="-39.3593945727" lon="-72.6400304586"><ele>111.97</ele><time>2024-07-29T03:54:50Z</time></trkpt><trkpt lat="-39.3594089895" lon="-72.6401359029"><ele>112.01</ele><time>2024-07-29T03:54:51Z</time></trkpt><trkpt lat="-39.3594305310" lon="-72.6402299479"><ele>112.23</ele><time>2024-07-29T03:54:52Z</time></trkpt><trkpt lat="-39.3594481330" lon="-72.6403155271"><ele>112.22</ele><time>2024-07-29T03:54:53Z</time></trkpt><trkpt lat="-39.3594667409" lon="-72.6403928082"><ele>112.27</ele><time>2024-07-29T03:54:54Z</time></trkpt><trkpt lat="-39.3594970834" lon="-72.6404632162"><ele>112.45</ele><time>2024-07-29T03:54:55Z</time></trkpt><trkpt lat="-39.3595214747" lon="-72.6405430958"><ele>112.39</ele><time>2024-07-29T03:54:56Z</time></trkpt><trkpt lat="-39.3595629651" lon="-72.6406085584"><ele>112.36</ele><time>2024-07-29T03:54:57Z</time></trkpt><trkpt lat="-39.3596102390" lon="-72.6406653039"><ele>112.28</ele><time>2024-07-29T03:54:58Z</time></trkpt><trkpt lat="-39.3596697506" lon="-72.6407112367"><ele>112.43</ele><time>2024-07-29T03:54:59Z</time></trkpt><trkpt lat="-39.3597299326" lon="-72.6407493744"><ele>112.47</ele><time>2024-07-29T03:55:00Z</time></trkpt><trkpt lat="-39.3598000053" lon="-72.6407750230"><ele>112.69</ele><time>2024-07-29T03:55:01Z</time></trkpt><trkpt lat="-39.3598746881" lon="-72.6407961454"><ele>112.79</ele><time>2024-07-29T03:55:02Z</time></trkpt><trkpt lat="-39.3609145470" lon="-72.6409543958"><ele>115.63</ele><time>2024-07-29T03:55:15Z</time></trkpt><trkpt lat="-39.3610447180" lon="-72.6409455948"><ele>115.66</ele><time>2024-07-29T03:55:22Z</time></trkpt><trkpt lat="-39.3610619847" lon="-72.6409767754"><ele>116.80</ele><time>2024-07-29T03:55:51Z</time></trkpt></trkseg></trk></gpx>