<?xml version="1.0" encoding="UTF-8" standalone="no" ?><gpx xmlns="http://www.topografix.com/GPX/1/1" xmlns:gpxx="http://www.garmin.com/xmlschemas/GpxExtensions/v3" xmlns:gpxtrkx="http://www.garmin.com/xmlschemas/TrackStatsExtension/v1" xmlns:wptx1="http://www.garmin.com/xmlschemas/WaypointExtension/v1" xmlns:gpxtpx="http://www.garmin.com/xmlschemas/TrackPointExtension/v1" creator="GPSMAP 64sx" version="1.1" xmlns:xsi="http://www.w3.org/2001/XMLSchema-instance" xsi:schemaLocation="http://www.topografix.com/GPX/1/1 http://www.topografix.com/GPX/1/1/gpx.xsd http://www.garmin.com/xmlschemas/GpxExtensions/v3 http://www8.garmin.com/xmlschemas/GpxExtensionsv3.xsd http://www.garmin.com/xmlschemas/TrackStatsExtension/v1 http://www8.garmin.com/xmlschemas/TrackStatsExtension.xsd http://www.garmin.com/xmlschemas/WaypointExtension/v1 http://www8.garmin.com/xmlschemas/WaypointExtensionv1.xsd http://www.garmin.com/xmlschemas/TrackPointExtension/v1 http://www.garmin.com/xmlschemas/TrackPointExtensionv1.xsd"><metadata><link href="http://www.garmin.com"><text>Garmin International</text></link><time>2024-09-13T02:54:21Z</time></metadata><trk><name>GPS LONCO 240912</name><extensions><gpxx:TrackExtension><gpxx:DisplayColor>Cyan</gpxx:DisplayColor></gpxx:TrackExtension><gpxtrkx:TrackStatsExtension><gpxtrkx:Distance>49746.000</gpxtrkx:Distance><gpxtrkx:TotalElapsedTime>7445</gpxtrkx:TotalElapsedTime><gpxtrkx:MovingTime>7313</gpxtrkx:MovingTime><gpxtrkx:StoppedTime>129</gpxtrkx:StoppedTime><gpxtrkx:MovingSpeed>6.803</gpxtrkx:MovingSpeed><gpxtrkx:MaxSpeed>15.078</gpxtrkx:MaxSpeed><gpxtrkx:MaxElevation>155.572</gpxtrkx:MaxElevation><gpxtrkx:MinElevation>108.738</gpxtrkx:MinElevation><gpxtrkx:Ascent>155.000</gpxtrkx:Ascent><gpxtrkx:Descent>195.270</gpxtrkx:Descent><gpxtrkx:AvgAscentRate>0.051</gpxtrkx:AvgAscentRate><gpxtrkx:MaxAscentRate>0.447</gpxtrkx:MaxAscentRate><gpxtrkx:AvgDescentRate>0.061</gpxtrkx:AvgDescentRate><gpxtrkx:MaxDescentRate>-0.556</gpxtrkx:MaxDescentRate></gpxtrkx:TrackStatsExtension></extensions><trkseg><trkpt lat="-39.3544349167" lon="-72.5778472982"><ele>154.81</ele><time>2024-09-13T00:50:16Z</time></trkpt><trkpt lat="-39.3544316478" lon="-72.5778412633"><ele>155.14</ele><time>2024-09-13T00:50:34Z</time></trkpt><trkpt lat="-39.3545169756" lon="-72.5778845139"><ele>155.06</ele><time>2024-09-13T00:50:38Z</time></trkpt><trkpt lat="-39.3545489106" lon="-72.5779173709"><ele>155.07</ele><time>2024-09-13T00:50:39Z</time></trkpt><trkpt lat="-39.3545853719" lon="-72.5779621303"><ele>154.86</ele><time>2024-09-13T00:50:40Z</time></trkpt><trkpt lat="-39.3546269462" lon="-72.5780114997"><ele>154.76</ele><time>2024-09-13T00:50:41Z</time></trkpt><trkpt lat="-39.3546735495" lon="-72.5780564267"><ele>154.65</ele><time>2024-09-13T00:50:42Z</time></trkpt><trkpt lat="-39.3547227513" lon="-72.5780900382"><ele>154.57</ele><time>2024-09-13T00:50:43Z</time></trkpt><trkpt lat="-39.3547711149" lon="-72.5781145133"><ele>154.46</ele><time>2024-09-13T00:50:44Z</time></trkpt><trkpt lat="-39.3548172992" lon="-72.5781329535"><ele>154.33</ele><time>2024-09-13T00:50:45Z</time></trkpt><trkpt lat="-39.3548603822" lon="-72.5781491306"><ele>154.25</ele><time>2024-09-13T00:50:46Z</time></trkpt><trkpt lat="-39.3549005315" lon="-72.5781675708"><ele>154.43</ele><time>2024-09-13T00:50:47Z</time></trkpt><trkpt lat="-39.3549360707" lon="-72.5781964045"><ele>154.31</ele><time>2024-09-13T00:50:48Z</time></trkpt><trkpt lat="-39.3549662456" lon="-72.5782458577"><ele>154.44</ele><time>2024-09-13T00:50:49Z</time></trkpt><trkpt lat="-39.3549911398" lon="-72.5783180259"><ele>154.29</ele><time>2024-09-13T00:50:50Z</time></trkpt><trkpt lat="-39.3550165370" lon="-72.5784034375"><ele>154.27</ele><time>2024-09-13T00:50:51Z</time></trkpt><trkpt lat="-39.3554117437" lon="-72.5795560330"><ele>154.25</ele><time>2024-09-13T00:51:01Z</time></trkpt><trkpt lat="-39.3563309871" lon="-72.5821160339"><ele>152.93</ele><time>2024-09-13T00:51:20Z</time></trkpt><trkpt lat="-39.3568228371" lon="-72.5834476668"><ele>152.01</ele><time>2024-09-13T00:51:31Z</time></trkpt><trkpt lat="-39.3577041943" lon="-72.5858423766"><ele>150.21</ele><time>2024-09-13T00:51:51Z</time></trkpt><trkpt lat="-39.3584153987" lon="-72.5877669454"><ele>149.09</ele><time>2024-09-13T00:52:07Z</time></trkpt><trkpt lat="-39.3590340670" lon="-72.5894589163"><ele>148.27</ele><time>2024-09-13T00:52:21Z</time></trkpt><trkpt lat="-39.3598892726" lon="-72.5917879958"><ele>146.94</ele><time>2024-09-13T00:52:39Z</time></trkpt><trkpt lat="-39.3612098414" lon="-72.5953806471"><ele>144.71</ele><time>2024-09-13T00:53:05Z</time></trkpt><trkpt lat="-39.3622682244" lon="-72.5982475094"><ele>143.15</ele><time>2024-09-13T00:53:25Z</time></trkpt><trkpt lat="-39.3634437025" lon="-72.6016477961"><ele>140.02</ele><time>2024-09-13T00:53:48Z</time></trkpt><trkpt lat="-39.3639381509" lon="-72.6042671409"><ele>136.97</ele><time>2024-09-13T00:54:04Z</time></trkpt><trkpt lat="-39.3640413322" lon="-72.6070282236"><ele>133.66</ele><time>2024-09-13T00:54:20Z</time></trkpt><trkpt lat="-39.3639730196" lon="-72.6090665348"><ele>130.43</ele><time>2024-09-13T00:54:32Z</time></trkpt><trkpt lat="-39.3639325351" lon="-72.6102704275"><ele>127.33</ele><time>2024-09-13T00:54:39Z</time></trkpt><trkpt lat="-39.3639112450" lon="-72.6112848055"><ele>124.29</ele><time>2024-09-13T00:54:45Z</time></trkpt><trkpt lat="-39.3638756219" lon="-72.6122954115"><ele>121.04</ele><time>2024-09-13T00:54:51Z</time></trkpt><trkpt lat="-39.3637701776" lon="-72.6136712171"><ele>117.24</ele><time>2024-09-13T00:54:59Z</time></trkpt><trkpt lat="-39.3636520766" lon="-72.6144965831"><ele>117.39</ele><time>2024-09-13T00:55:04Z</time></trkpt><trkpt lat="-39.3630956858" lon="-72.6165281888"><ele>116.73</ele><time>2024-09-13T00:55:17Z</time></trkpt><trkpt lat="-39.3622683082" lon="-72.6183079183"><ele>118.92</ele><time>2024-09-13T00:55:30Z</time></trkpt><trkpt lat="-39.3619836587" lon="-72.6187736169"><ele>121.42</ele><time>2024-09-13T00:55:34Z</time></trkpt><trkpt lat="-39.3613960035" lon="-72.6196099631"><ele>124.71</ele><time>2024-09-13T00:55:42Z</time></trkpt><trkpt lat="-39.3604276422" lon="-72.6206128579"><ele>127.48</ele><time>2024-09-13T00:55:55Z</time></trkpt><trkpt lat="-39.3602725770" lon="-72.6206976827"><ele>127.72</ele><time>2024-09-13T00:55:57Z</time></trkpt><trkpt lat="-39.3601947930" lon="-72.6207198109"><ele>127.66</ele><time>2024-09-13T00:55:58Z</time></trkpt><trkpt lat="-39.3601165898" lon="-72.6207354013"><ele>127.45</ele><time>2024-09-13T00:55:59Z</time></trkpt><trkpt lat="-39.3594775535" lon="-72.6209319569"><ele>125.05</ele><time>2024-09-13T00:56:08Z</time></trkpt><trkpt lat="-39.3594463728" lon="-72.6209601201"><ele>124.33</ele><time>2024-09-13T00:56:09Z</time></trkpt><trkpt lat="-39.3594244961" lon="-72.6209832542"><ele>123.66</ele><time>2024-09-13T00:56:10Z</time></trkpt><trkpt lat="-39.3594107497" lon="-72.6209995151"><ele>123.41</ele><time>2024-09-13T00:56:11Z</time></trkpt><trkpt lat="-39.3594054691" lon="-72.6210094895"><ele>123.15</ele><time>2024-09-13T00:56:12Z</time></trkpt><trkpt lat="-39.3594239932" lon="-72.6210160274"><ele>122.85</ele><time>2024-09-13T00:56:30Z</time></trkpt><trkpt lat="-39.3594010267" lon="-72.6210396644"><ele>122.82</ele><time>2024-09-13T00:56:32Z</time></trkpt><trkpt lat="-39.3593292776" lon="-72.6210821606"><ele>122.86</ele><time>2024-09-13T00:56:35Z</time></trkpt><trkpt lat="-39.3592209835" lon="-72.6212634612"><ele>120.67</ele><time>2024-09-13T00:56:41Z</time></trkpt><trkpt lat="-39.3592284434" lon="-72.6213320252"><ele>120.41</ele><time>2024-09-13T00:56:42Z</time></trkpt><trkpt lat="-39.3592502363" lon="-72.6214052830"><ele>120.24</ele><time>2024-09-13T00:56:43Z</time></trkpt><trkpt lat="-39.3592785671" lon="-72.6214758586"><ele>119.94</ele><time>2024-09-13T00:56:44Z</time></trkpt><trkpt lat="-39.3593111727" lon="-72.6215471048"><ele>119.45</ele><time>2024-09-13T00:56:45Z</time></trkpt><trkpt lat="-39.3594633881" lon="-72.6218492724"><ele>117.76</ele><time>2024-09-13T00:56:49Z</time></trkpt><trkpt lat="-39.3599016778" lon="-72.6225889754"><ele>116.34</ele><time>2024-09-13T00:56:58Z</time></trkpt><trkpt lat="-39.3599729240" lon="-72.6226609759"><ele>116.00</ele><time>2024-09-13T00:56:59Z</time></trkpt><trkpt lat="-39.3600514624" lon="-72.6227202360"><ele>115.83</ele><time>2024-09-13T00:57:00Z</time></trkpt><trkpt lat="-39.3601320125" lon="-72.6227707788"><ele>115.44</ele><time>2024-09-13T00:57:01Z</time></trkpt><trkpt lat="-39.3602144066" lon="-72.6228079945"><ele>115.07</ele><time>2024-09-13T00:57:02Z</time></trkpt><trkpt lat="-39.3602993153" lon="-72.6228353195"><ele>115.04</ele><time>2024-09-13T00:57:03Z</time></trkpt><trkpt lat="-39.3603850622" lon="-72.6228493173"><ele>114.82</ele><time>2024-09-13T00:57:04Z</time></trkpt><trkpt lat="-39.3604687974" lon="-72.6228582021"><ele>114.66</ele><time>2024-09-13T00:57:05Z</time></trkpt><trkpt lat="-39.3615036272" lon="-72.6231740322"><ele>116.98</ele><time>2024-09-13T00:57:18Z</time></trkpt><trkpt lat="-39.3622516282" lon="-72.6239410602"><ele>115.74</ele><time>2024-09-13T00:57:29Z</time></trkpt><trkpt lat="-39.3625662848" lon="-72.6241288148"><ele>115.25</ele><time>2024-09-13T00:57:33Z</time></trkpt><trkpt lat="-39.3626480922" lon="-72.6241447404"><ele>115.39</ele><time>2024-09-13T00:57:34Z</time></trkpt><trkpt lat="-39.3627298158" lon="-72.6241539605"><ele>115.37</ele><time>2024-09-13T00:57:35Z</time></trkpt><trkpt lat="-39.3633475620" lon="-72.6242267992"><ele>116.08</ele><time>2024-09-13T00:57:43Z</time></trkpt><trkpt lat="-39.3634159584" lon="-72.6242532022"><ele>116.08</ele><time>2024-09-13T00:57:44Z</time></trkpt><trkpt lat="-39.3637208920" lon="-72.6244774181"><ele>116.43</ele><time>2024-09-13T00:57:49Z</time></trkpt><trkpt lat="-39.3637977540" lon="-72.6245692838"><ele>116.29</ele><time>2024-09-13T00:57:51Z</time></trkpt><trkpt lat="-39.3638311140" lon="-72.6245961059"><ele>116.24</ele><time>2024-09-13T00:57:52Z</time></trkpt><trkpt lat="-39.3638629653" lon="-72.6246002968"><ele>116.27</ele><time>2024-09-13T00:57:53Z</time></trkpt><trkpt lat="-39.3638881110" lon="-72.6245834492"><ele>116.21</ele><time>2024-09-13T00:57:54Z</time></trkpt><trkpt lat="-39.3639065512" lon="-72.6245528553"><ele>116.19</ele><time>2024-09-13T00:57:55Z</time></trkpt><trkpt lat="-39.3639193755" lon="-72.6245057490"><ele>116.00</ele><time>2024-09-13T00:57:56Z</time></trkpt><trkpt lat="-39.3639253266" lon="-72.6244526077"><ele>115.79</ele><time>2024-09-13T00:57:57Z</time></trkpt><trkpt lat="-39.3639278412" lon="-72.6243933477"><ele>115.47</ele><time>2024-09-13T00:57:58Z</time></trkpt><trkpt lat="-39.3639265839" lon="-72.6243241969"><ele>115.22</ele><time>2024-09-13T00:57:59Z</time></trkpt><trkpt lat="-39.3639241531" lon="-72.6240254659"><ele>114.09</ele><time>2024-09-13T00:58:03Z</time></trkpt><trkpt lat="-39.3639108259" lon="-72.6239619311"><ele>114.02</ele><time>2024-09-13T00:58:04Z</time></trkpt><trkpt lat="-39.3638860993" lon="-72.6239118073"><ele>113.89</ele><time>2024-09-13T00:58:05Z</time></trkpt><trkpt lat="-39.3638497218" lon="-72.6238688082"><ele>113.98</ele><time>2024-09-13T00:58:06Z</time></trkpt><trkpt lat="-39.3638074771" lon="-72.6238328498"><ele>114.00</ele><time>2024-09-13T00:58:07Z</time></trkpt><trkpt lat="-39.3637604546" lon="-72.6237914432"><ele>114.07</ele><time>2024-09-13T00:58:08Z</time></trkpt><trkpt lat="-39.3637126777" lon="-72.6237484440"><ele>114.05</ele><time>2024-09-13T00:58:09Z</time></trkpt><trkpt lat="-39.3633089215" lon="-72.6233595237"><ele>114.43</ele><time>2024-09-13T00:58:18Z</time></trkpt><trkpt lat="-39.3632808421" lon="-72.6233031135"><ele>114.37</ele><time>2024-09-13T00:58:19Z</time></trkpt><trkpt lat="-39.3632654194" lon="-72.6232388243"><ele>114.52</ele><time>2024-09-13T00:58:20Z</time></trkpt><trkpt lat="-39.3632561155" lon="-72.6231704280"><ele>114.48</ele><time>2024-09-13T00:58:21Z</time></trkpt><trkpt lat="-39.3632520922" lon="-72.6230964158"><ele>114.51</ele><time>2024-09-13T00:58:22Z</time></trkpt><trkpt lat="-39.3632494099" lon="-72.6230198890"><ele>114.53</ele><time>2024-09-13T00:58:23Z</time></trkpt><trkpt lat="-39.3632677663" lon="-72.6222977880"><ele>114.50</ele><time>2024-09-13T00:58:36Z</time></trkpt><trkpt lat="-39.3634687643" lon="-72.6223859657"><ele>114.70</ele><time>2024-09-13T00:58:46Z</time></trkpt><trkpt lat="-39.3635788187" lon="-72.6224453934"><ele>114.59</ele><time>2024-09-13T00:58:51Z</time></trkpt><trkpt lat="-39.3635892961" lon="-72.6224349998"><ele>114.60</ele><time>2024-09-13T00:58:52Z</time></trkpt><trkpt lat="-39.3635963369" lon="-72.6224167272"><ele>114.59</ele><time>2024-09-13T00:58:53Z</time></trkpt><trkpt lat="-39.3635996897" lon="-72.6223949343"><ele>114.66</ele><time>2024-09-13T00:58:54Z</time></trkpt><trkpt lat="-39.3636013661" lon="-72.6223695371"><ele>114.66</ele><time>2024-09-13T00:58:55Z</time></trkpt><trkpt lat="-39.3636243325" lon="-72.6217962988"><ele>115.11</ele><time>2024-09-13T00:59:08Z</time></trkpt><trkpt lat="-39.3635945767" lon="-72.6213820651"><ele>115.17</ele><time>2024-09-13T00:59:21Z</time></trkpt><trkpt lat="-39.3633344863" lon="-72.6211949810"><ele>115.00</ele><time>2024-09-13T00:59:32Z</time></trkpt><trkpt lat="-39.3633198179" lon="-72.6212066319"><ele>114.94</ele><time>2024-09-13T00:59:33Z</time></trkpt><trkpt lat="-39.3633064907" lon="-72.6212222222"><ele>114.94</ele><time>2024-09-13T00:59:34Z</time></trkpt><trkpt lat="-39.3632973544" lon="-72.6212427579"><ele>114.95</ele><time>2024-09-13T00:59:35Z</time></trkpt><trkpt lat="-39.3632930797" lon="-72.6212613657"><ele>114.92</ele><time>2024-09-13T00:59:36Z</time></trkpt><trkpt lat="-39.3632909004" lon="-72.6212825719"><ele>114.90</ele><time>2024-09-13T00:59:37Z</time></trkpt><trkpt lat="-39.3631974421" lon="-72.6216898486"><ele>114.94</ele><time>2024-09-13T00:59:50Z</time></trkpt><trkpt lat="-39.3631694466" lon="-72.6216979790"><ele>115.08</ele><time>2024-09-13T00:59:51Z</time></trkpt><trkpt lat="-39.3631316442" lon="-72.6216986496"><ele>115.04</ele><time>2024-09-13T00:59:52Z</time></trkpt><trkpt lat="-39.3630945124" lon="-72.6216989011"><ele>115.11</ele><time>2024-09-13T00:59:53Z</time></trkpt><trkpt lat="-39.3630541116" lon="-72.6216973085"><ele>115.16</ele><time>2024-09-13T00:59:54Z</time></trkpt><trkpt lat="-39.3625936098" lon="-72.6217394695"><ele>115.27</ele><time>2024-09-13T01:00:08Z</time></trkpt><trkpt lat="-39.3625831325" lon="-72.6217754278"><ele>115.36</ele><time>2024-09-13T01:00:09Z</time></trkpt><trkpt lat="-39.3625800312" lon="-72.6218186785"><ele>115.44</ele><time>2024-09-13T01:00:10Z</time></trkpt><trkpt lat="-39.3625759240" lon="-72.6218609232"><ele>115.42</ele><time>2024-09-13T01:00:11Z</time></trkpt><trkpt lat="-39.3625656143" lon="-72.6218980551"><ele>115.51</ele><time>2024-09-13T01:00:12Z</time></trkpt><trkpt lat="-39.3625492696" lon="-72.6219266374"><ele>115.58</ele><time>2024-09-13T01:00:13Z</time></trkpt><trkpt lat="-39.3625234533" lon="-72.6219439041"><ele>115.66</ele><time>2024-09-13T01:00:14Z</time></trkpt><trkpt lat="-39.3624928594" lon="-72.6219604164"><ele>115.61</ele><time>2024-09-13T01:00:15Z</time></trkpt><trkpt lat="-39.3624628522" lon="-72.6219738275"><ele>115.59</ele><time>2024-09-13T01:00:16Z</time></trkpt><trkpt lat="-39.3624300789" lon="-72.6219802815"><ele>115.54</ele><time>2024-09-13T01:00:17Z</time></trkpt><trkpt lat="-39.3623947911" lon="-72.6219856460"><ele>115.58</ele><time>2024-09-13T01:00:18Z</time></trkpt><trkpt lat="-39.3619784620" lon="-72.6219362766"><ele>115.29</ele><time>2024-09-13T01:00:31Z</time></trkpt><trkpt lat="-39.3618504703" lon="-72.6217440795"><ele>115.24</ele><time>2024-09-13T01:00:37Z</time></trkpt><trkpt lat="-39.3618608639" lon="-72.6217134856"><ele>115.30</ele><time>2024-09-13T01:00:38Z</time></trkpt><trkpt lat="-39.3618819863" lon="-72.6216860767"><ele>115.26</ele><time>2024-09-13T01:00:39Z</time></trkpt><trkpt lat="-39.3619144242" lon="-72.6216681395"><ele>115.13</ele><time>2024-09-13T01:00:40Z</time></trkpt><trkpt lat="-39.3619480357" lon="-72.6216549799"><ele>115.07</ele><time>2024-09-13T01:00:41Z</time></trkpt><trkpt lat="-39.3619825691" lon="-72.6216428261"><ele>115.00</ele><time>2024-09-13T01:00:42Z</time></trkpt><trkpt lat="-39.3624900933" lon="-72.6215729211"><ele>115.24</ele><time>2024-09-13T01:00:57Z</time></trkpt><trkpt lat="-39.3625846412" lon="-72.6214839052"><ele>115.33</ele><time>2024-09-13T01:01:02Z</time></trkpt><trkpt lat="-39.3625897542" lon="-72.6214317698"><ele>115.45</ele><time>2024-09-13T01:01:03Z</time></trkpt><trkpt lat="-39.3625911791" lon="-72.6213741861"><ele>115.35</ele><time>2024-09-13T01:01:04Z</time></trkpt><trkpt lat="-39.3626192585" lon="-72.6206242573"><ele>115.04</ele><time>2024-09-13T01:01:17Z</time></trkpt><trkpt lat="-39.3626362737" lon="-72.6205908135"><ele>115.13</ele><time>2024-09-13T01:01:18Z</time></trkpt><trkpt lat="-39.3626626767" lon="-72.6205668412"><ele>114.97</ele><time>2024-09-13T01:01:19Z</time></trkpt><trkpt lat="-39.3626982998" lon="-72.6205555256"><ele>115.22</ele><time>2024-09-13T01:01:20Z</time></trkpt><trkpt lat="-39.3627361022" lon="-72.6205532625"><ele>115.16</ele><time>2024-09-13T01:01:21Z</time></trkpt><trkpt lat="-39.3627781793" lon="-72.6205533464"><ele>115.17</ele><time>2024-09-13T01:01:22Z</time></trkpt><trkpt lat="-39.3632938340" lon="-72.6205810066"><ele>115.39</ele><time>2024-09-13T01:01:36Z</time></trkpt><trkpt lat="-39.3636761326" lon="-72.6205861196"><ele>115.68</ele><time>2024-09-13T01:01:46Z</time></trkpt><trkpt lat="-39.3640544917" lon="-72.6204747241"><ele>115.95</ele><time>2024-09-13T01:01:57Z</time></trkpt><trkpt lat="-39.3640615325" lon="-72.6204220857"><ele>115.91</ele><time>2024-09-13T01:01:58Z</time></trkpt><trkpt lat="-39.3640267476" lon="-72.6201442257"><ele>115.89</ele><time>2024-09-13T01:02:04Z</time></trkpt><trkpt lat="-39.3639991712" lon="-72.6201312337"><ele>115.90</ele><time>2024-09-13T01:02:05Z</time></trkpt><trkpt lat="-39.3639703374" lon="-72.6201241091"><ele>116.02</ele><time>2024-09-13T01:02:06Z</time></trkpt><trkpt lat="-39.3639399111" lon="-72.6201203372"><ele>116.06</ele><time>2024-09-13T01:02:07Z</time></trkpt><trkpt lat="-39.3639112450" lon="-72.6201188285"><ele>116.09</ele><time>2024-09-13T01:02:08Z</time></trkpt><trkpt lat="-39.3634503242" lon="-72.6201124582"><ele>116.36</ele><time>2024-09-13T01:02:22Z</time></trkpt><trkpt lat="-39.3629804347" lon="-72.6201082673"><ele>116.07</ele><time>2024-09-13T01:02:36Z</time></trkpt><trkpt lat="-39.3626982160" lon="-72.6200661901"><ele>115.08</ele><time>2024-09-13T01:02:46Z</time></trkpt><trkpt lat="-39.3626861461" lon="-72.6200436428"><ele>115.12</ele><time>2024-09-13T01:02:47Z</time></trkpt><trkpt lat="-39.3626799434" lon="-72.6200087741"><ele>115.10</ele><time>2024-09-13T01:02:48Z</time></trkpt><trkpt lat="-39.3626794405" lon="-72.6199632604"><ele>115.04</ele><time>2024-09-13T01:02:49Z</time></trkpt><trkpt lat="-39.3626796920" lon="-72.6199115440"><ele>114.98</ele><time>2024-09-13T01:02:50Z</time></trkpt><trkpt lat="-39.3627344258" lon="-72.6196631882"><ele>114.97</ele><time>2024-09-13T01:02:56Z</time></trkpt><trkpt lat="-39.3627661094" lon="-72.6196480170"><ele>114.85</ele><time>2024-09-13T01:02:57Z</time></trkpt><trkpt lat="-39.3628049176" lon="-72.6196400542"><ele>115.01</ele><time>2024-09-13T01:02:58Z</time></trkpt><trkpt lat="-39.3628498446" lon="-72.6196382102"><ele>114.98</ele><time>2024-09-13T01:02:59Z</time></trkpt><trkpt lat="-39.3628968671" lon="-72.6196387969"><ele>115.04</ele><time>2024-09-13T01:03:00Z</time></trkpt><trkpt lat="-39.3635272700" lon="-72.6196498610"><ele>115.60</ele><time>2024-09-13T01:03:14Z</time></trkpt><trkpt lat="-39.3640560843" lon="-72.6196627691"><ele>115.94</ele><time>2024-09-13T01:03:26Z</time></trkpt><trkpt lat="-39.3640745245" lon="-72.6196285710"><ele>116.10</ele><time>2024-09-13T01:03:27Z</time></trkpt><trkpt lat="-39.3640867621" lon="-72.6195703167"><ele>116.21</ele><time>2024-09-13T01:03:28Z</time></trkpt><trkpt lat="-39.3640925456" lon="-72.6195035968"><ele>116.25</ele><time>2024-09-13T01:03:29Z</time></trkpt><trkpt lat="-39.3640989996" lon="-72.6193650439"><ele>116.29</ele><time>2024-09-13T01:03:31Z</time></trkpt><trkpt lat="-39.3640881870" lon="-72.6192718372"><ele>116.35</ele><time>2024-09-13T01:03:33Z</time></trkpt><trkpt lat="-39.3640725967" lon="-72.6192421652"><ele>116.37</ele><time>2024-09-13T01:03:34Z</time></trkpt><trkpt lat="-39.3640491273" lon="-72.6192186121"><ele>116.35</ele><time>2024-09-13T01:03:35Z</time></trkpt><trkpt lat="-39.3640160188" lon="-72.6192039438"><ele>116.43</ele><time>2024-09-13T01:03:36Z</time></trkpt><trkpt lat="-39.3639760371" lon="-72.6191972382"><ele>116.57</ele><time>2024-09-13T01:03:37Z</time></trkpt><trkpt lat="-39.3639324512" lon="-72.6191931311"><ele>116.60</ele><time>2024-09-13T01:03:38Z</time></trkpt><trkpt lat="-39.3634235021" lon="-72.6191772893"><ele>116.18</ele><time>2024-09-13T01:03:50Z</time></trkpt><trkpt lat="-39.3629402854" lon="-72.6191445161"><ele>115.60</ele><time>2024-09-13T01:03:59Z</time></trkpt><trkpt lat="-39.3628122099" lon="-72.6191337872"><ele>115.42</ele><time>2024-09-13T01:04:03Z</time></trkpt><trkpt lat="-39.3627969548" lon="-72.6191170234"><ele>115.32</ele><time>2024-09-13T01:04:04Z</time></trkpt><trkpt lat="-39.3627883215" lon="-72.6190931350"><ele>115.22</ele><time>2024-09-13T01:04:05Z</time></trkpt><trkpt lat="-39.3627910037" lon="-72.6190593559"><ele>115.30</ele><time>2024-09-13T01:04:06Z</time></trkpt><trkpt lat="-39.3628103659" lon="-72.6190069690"><ele>115.58</ele><time>2024-09-13T01:04:07Z</time></trkpt><trkpt lat="-39.3628331646" lon="-72.6189551689"><ele>115.55</ele><time>2024-09-13T01:04:08Z</time></trkpt><trkpt lat="-39.3628566340" lon="-72.6189028658"><ele>115.50</ele><time>2024-09-13T01:04:09Z</time></trkpt><trkpt lat="-39.3628770858" lon="-72.6188519876"><ele>115.56</ele><time>2024-09-13T01:04:10Z</time></trkpt><trkpt lat="-39.3628968671" lon="-72.6188049652"><ele>115.71</ele><time>2024-09-13T01:04:11Z</time></trkpt><trkpt lat="-39.3629207555" lon="-72.6187664922"><ele>115.62</ele><time>2024-09-13T01:04:12Z</time></trkpt><trkpt lat="-39.3629500922" lon="-72.6187385805"><ele>115.80</ele><time>2024-09-13T01:04:13Z</time></trkpt><trkpt lat="-39.3629835360" lon="-72.6187239122"><ele>115.64</ele><time>2024-09-13T01:04:14Z</time></trkpt><trkpt lat="-39.3630205002" lon="-72.6187164523"><ele>115.63</ele><time>2024-09-13T01:04:15Z</time></trkpt><trkpt lat="-39.3630599789" lon="-72.6187115908"><ele>115.70</ele><time>2024-09-13T01:04:16Z</time></trkpt><trkpt lat="-39.3630997092" lon="-72.6187106688"><ele>115.72</ele><time>2024-09-13T01:04:17Z</time></trkpt><trkpt lat="-39.3634464685" lon="-72.6187204756"><ele>116.12</ele><time>2024-09-13T01:04:24Z</time></trkpt><trkpt lat="-39.3634925690" lon="-72.6187198889"><ele>116.19</ele><time>2024-09-13T01:04:25Z</time></trkpt><trkpt lat="-39.3640510552" lon="-72.6187769696"><ele>116.55</ele><time>2024-09-13T01:04:40Z</time></trkpt><trkpt lat="-39.3641074654" lon="-72.6186638977"><ele>116.58</ele><time>2024-09-13T01:04:44Z</time></trkpt><trkpt lat="-39.3641018495" lon="-72.6183643285"><ele>116.61</ele><time>2024-09-13T01:04:51Z</time></trkpt><trkpt lat="-39.3640835769" lon="-72.6183470618"><ele>116.66</ele><time>2024-09-13T01:04:52Z</time></trkpt><trkpt lat="-39.3640570901" lon="-72.6183391828"><ele>116.59</ele><time>2024-09-13T01:04:53Z</time></trkpt><trkpt lat="-39.3640238978" lon="-72.6183372550"><ele>116.75</ele><time>2024-09-13T01:04:54Z</time></trkpt><trkpt lat="-39.3639834132" lon="-72.6183348242"><ele>116.75</ele><time>2024-09-13T01:04:55Z</time></trkpt><trkpt lat="-39.3633525074" lon="-72.6183213294"><ele>116.25</ele><time>2024-09-13T01:05:09Z</time></trkpt><trkpt lat="-39.3632294610" lon="-72.6182697807"><ele>115.86</ele><time>2024-09-13T01:05:14Z</time></trkpt><trkpt lat="-39.3632284552" lon="-72.6182409469"><ele>115.87</ele><time>2024-09-13T01:05:15Z</time></trkpt><trkpt lat="-39.3632357474" lon="-72.6182045694"><ele>115.95</ele><time>2024-09-13T01:05:16Z</time></trkpt><trkpt lat="-39.3632551935" lon="-72.6181571279"><ele>115.85</ele><time>2024-09-13T01:05:17Z</time></trkpt><trkpt lat="-39.3632800039" lon="-72.6181035675"><ele>115.96</ele><time>2024-09-13T01:05:18Z</time></trkpt><trkpt lat="-39.3635213189" lon="-72.6178547088"><ele>116.32</ele><time>2024-09-13T01:05:27Z</time></trkpt><trkpt lat="-39.3635660782" lon="-72.6178563014"><ele>116.41</ele><time>2024-09-13T01:05:28Z</time></trkpt><trkpt lat="-39.3640662264" lon="-72.6178824529"><ele>116.70</ele><time>2024-09-13T01:05:39Z</time></trkpt><trkpt lat="-39.3641308509" lon="-72.6177977957"><ele>116.91</ele><time>2024-09-13T01:05:43Z</time></trkpt><trkpt lat="-39.3641398195" lon="-72.6177322492"><ele>116.94</ele><time>2024-09-13T01:05:44Z</time></trkpt><trkpt lat="-39.3641283363" lon="-72.6175025851"><ele>116.81</ele><time>2024-09-13T01:05:48Z</time></trkpt><trkpt lat="-39.3641067110" lon="-72.6174702309"><ele>116.86</ele><time>2024-09-13T01:05:49Z</time></trkpt><trkpt lat="-39.3640741892" lon="-72.6174522936"><ele>116.83</ele><time>2024-09-13T01:05:50Z</time></trkpt><trkpt lat="-39.3640326150" lon="-72.6174468454"><ele>116.94</ele><time>2024-09-13T01:05:51Z</time></trkpt><trkpt lat="-39.3639810663" lon="-72.6174468454"><ele>117.09</ele><time>2024-09-13T01:05:52Z</time></trkpt><trkpt lat="-39.3639241531" lon="-72.6174455043"><ele>117.01</ele><time>2024-09-13T01:05:53Z</time></trkpt><trkpt lat="-39.3635742925" lon="-72.6173692290"><ele>116.51</ele><time>2024-09-13T01:06:02Z</time></trkpt><trkpt lat="-39.3635734543" lon="-72.6173354499"><ele>116.48</ele><time>2024-09-13T01:06:03Z</time></trkpt><trkpt lat="-39.3635763880" lon="-72.6172909420"><ele>116.59</ele><time>2024-09-13T01:06:04Z</time></trkpt><trkpt lat="-39.3635892961" lon="-72.6172378007"><ele>116.52</ele><time>2024-09-13T01:06:05Z</time></trkpt><trkpt lat="-39.3636060599" lon="-72.6171880122"><ele>116.64</ele><time>2024-09-13T01:06:06Z</time></trkpt><trkpt lat="-39.3637900427" lon="-72.6169958990"><ele>116.79</ele><time>2024-09-13T01:06:13Z</time></trkpt><trkpt lat="-39.3638339639" lon="-72.6169948094"><ele>116.76</ele><time>2024-09-13T01:06:14Z</time></trkpt><trkpt lat="-39.3641187809" lon="-72.6170466933"><ele>117.05</ele><time>2024-09-13T01:06:22Z</time></trkpt><trkpt lat="-39.3641280849" lon="-72.6170821488"><ele>117.10</ele><time>2024-09-13T01:06:23Z</time></trkpt><trkpt lat="-39.3641296774" lon="-72.6171308476"><ele>117.20</ele><time>2024-09-13T01:06:24Z</time></trkpt><trkpt lat="-39.3641272467" lon="-72.6171925385"><ele>117.03</ele><time>2024-09-13T01:06:25Z</time></trkpt><trkpt lat="-39.3641215470" lon="-72.6172574982"><ele>117.02</ele><time>2024-09-13T01:06:26Z</time></trkpt><trkpt lat="-39.3641160149" lon="-72.6173287444"><ele>117.11</ele><time>2024-09-13T01:06:27Z</time></trkpt><trkpt lat="-39.3641109020" lon="-72.6174074505"><ele>117.06</ele><time>2024-09-13T01:06:28Z</time></trkpt><trkpt lat="-39.3640668970" lon="-72.6186317950"><ele>116.71</ele><time>2024-09-13T01:06:43Z</time></trkpt><trkpt lat="-39.3640276697" lon="-72.6200479176"><ele>116.24</ele><time>2024-09-13T01:06:58Z</time></trkpt><trkpt lat="-39.3640109058" lon="-72.6204933319"><ele>116.16</ele><time>2024-09-13T01:07:03Z</time></trkpt><trkpt lat="-39.3639903702" lon="-72.6205545198"><ele>116.13</ele><time>2024-09-13T01:07:04Z</time></trkpt><trkpt lat="-39.3639479578" lon="-72.6205917355"><ele>116.23</ele><time>2024-09-13T01:07:05Z</time></trkpt><trkpt lat="-39.3639024440" lon="-72.6206112653"><ele>116.19</ele><time>2024-09-13T01:07:06Z</time></trkpt><trkpt lat="-39.3638574332" lon="-72.6206209045"><ele>116.17</ele><time>2024-09-13T01:07:07Z</time></trkpt><trkpt lat="-39.3638104945" lon="-72.6206220780"><ele>116.10</ele><time>2024-09-13T01:07:08Z</time></trkpt><trkpt lat="-39.3637647294" lon="-72.6206219103"><ele>116.06</ele><time>2024-09-13T01:07:09Z</time></trkpt><trkpt lat="-39.3636704329" lon="-72.6206542645"><ele>115.70</ele><time>2024-09-13T01:07:12Z</time></trkpt><trkpt lat="-39.3636840116" lon="-72.6206432842"><ele>115.66</ele><time>2024-09-13T01:07:17Z</time></trkpt><trkpt lat="-39.3635568582" lon="-72.6206312981"><ele>115.91</ele><time>2024-09-13T01:07:25Z</time></trkpt><trkpt lat="-39.3633175548" lon="-72.6206450444"><ele>115.68</ele><time>2024-09-13T01:07:30Z</time></trkpt><trkpt lat="-39.3632914871" lon="-72.6206713635"><ele>115.65</ele><time>2024-09-13T01:07:31Z</time></trkpt><trkpt lat="-39.3632774893" lon="-72.6207007002"><ele>115.77</ele><time>2024-09-13T01:07:32Z</time></trkpt><trkpt lat="-39.3632727116" lon="-72.6207456272"><ele>115.85</ele><time>2024-09-13T01:07:33Z</time></trkpt><trkpt lat="-39.3632708676" lon="-72.6208053902"><ele>115.90</ele><time>2024-09-13T01:07:34Z</time></trkpt><trkpt lat="-39.3632526789" lon="-72.6217815466"><ele>115.55</ele><time>2024-09-13T01:07:45Z</time></trkpt><trkpt lat="-39.3631979451" lon="-72.6232302748"><ele>114.97</ele><time>2024-09-13T01:08:00Z</time></trkpt><trkpt lat="-39.3632147089" lon="-72.6232970785"><ele>114.84</ele><time>2024-09-13T01:08:01Z</time></trkpt><trkpt lat="-39.3632449675" lon="-72.6233534049"><ele>114.79</ele><time>2024-09-13T01:08:02Z</time></trkpt><trkpt lat="-39.3632860389" lon="-72.6233995892"><ele>114.86</ele><time>2024-09-13T01:08:03Z</time></trkpt><trkpt lat="-39.3633320555" lon="-72.6234424207"><ele>114.86</ele><time>2024-09-13T01:08:04Z</time></trkpt><trkpt lat="-39.3638716824" lon="-72.6239001565"><ele>114.55</ele><time>2024-09-13T01:08:17Z</time></trkpt><trkpt lat="-39.3638865184" lon="-72.6239413954"><ele>114.62</ele><time>2024-09-13T01:08:18Z</time></trkpt><trkpt lat="-39.3638921343" lon="-72.6239962131"><ele>114.71</ele><time>2024-09-13T01:08:19Z</time></trkpt><trkpt lat="-39.3638933077" lon="-72.6240622625"><ele>114.75</ele><time>2024-09-13T01:08:20Z</time></trkpt><trkpt lat="-39.3638565950" lon="-72.6246376801"><ele>116.92</ele><time>2024-09-13T01:08:30Z</time></trkpt><trkpt lat="-39.3638658151" lon="-72.6246823557"><ele>116.92</ele><time>2024-09-13T01:08:31Z</time></trkpt><trkpt lat="-39.3638876081" lon="-72.6247296296"><ele>117.14</ele><time>2024-09-13T01:08:32Z</time></trkpt><trkpt lat="-39.3639171962" lon="-72.6247786637"><ele>117.11</ele><time>2024-09-13T01:08:33Z</time></trkpt><trkpt lat="-39.3641627021" lon="-72.6251531672"><ele>117.16</ele><time>2024-09-13T01:08:40Z</time></trkpt><trkpt lat="-39.3641999178" lon="-72.6251779776"><ele>117.00</ele><time>2024-09-13T01:08:41Z</time></trkpt><trkpt lat="-39.3642373849" lon="-72.6251839288"><ele>116.97</ele><time>2024-09-13T01:08:42Z</time></trkpt><trkpt lat="-39.3642695714" lon="-72.6251634769"><ele>116.76</ele><time>2024-09-13T01:08:43Z</time></trkpt><trkpt lat="-39.3642958906" lon="-72.6251212321"><ele>116.58</ele><time>2024-09-13T01:08:44Z</time></trkpt><trkpt lat="-39.3643097207" lon="-72.6250734553"><ele>116.52</ele><time>2024-09-13T01:08:45Z</time></trkpt><trkpt lat="-39.3643175997" lon="-72.6250068191"><ele>116.24</ele><time>2024-09-13T01:08:46Z</time></trkpt><trkpt lat="-39.3643212039" lon="-72.6249292027"><ele>116.00</ele><time>2024-09-13T01:08:47Z</time></trkpt><trkpt lat="-39.3643722497" lon="-72.6238237973"><ele>116.26</ele><time>2024-09-13T01:09:01Z</time></trkpt><trkpt lat="-39.3644066993" lon="-72.6228225790"><ele>116.46</ele><time>2024-09-13T01:09:13Z</time></trkpt><trkpt lat="-39.3644219544" lon="-72.6218285691"><ele>116.33</ele><time>2024-09-13T01:09:26Z</time></trkpt><trkpt lat="-39.3644564878" lon="-72.6205669250"><ele>116.22</ele><time>2024-09-13T01:09:40Z</time></trkpt><trkpt lat="-39.3644843157" lon="-72.6188866049"><ele>116.28</ele><time>2024-09-13T01:09:58Z</time></trkpt><trkpt lat="-39.3645104673" lon="-72.6173433289"><ele>116.24</ele><time>2024-09-13T01:10:13Z</time></trkpt><trkpt lat="-39.3644998223" lon="-72.6159959380"><ele>118.87</ele><time>2024-09-13T01:10:27Z</time></trkpt><trkpt lat="-39.3645212799" lon="-72.6148388162"><ele>121.87</ele><time>2024-09-13T01:10:40Z</time></trkpt><trkpt lat="-39.3645464256" lon="-72.6141875423"><ele>124.87</ele><time>2024-09-13T01:10:50Z</time></trkpt><trkpt lat="-39.3646514509" lon="-72.6133827958"><ele>127.38</ele><time>2024-09-13T01:11:02Z</time></trkpt><trkpt lat="-39.3646625150" lon="-72.6131441630"><ele>129.06</ele><time>2024-09-13T01:11:06Z</time></trkpt><trkpt lat="-39.3646682985" lon="-72.6121864468"><ele>132.18</ele><time>2024-09-13T01:11:21Z</time></trkpt><trkpt lat="-39.3646954559" lon="-72.6119632367"><ele>132.41</ele><time>2024-09-13T01:11:25Z</time></trkpt><trkpt lat="-39.3649548758" lon="-72.6117636636"><ele>133.71</ele><time>2024-09-13T01:11:32Z</time></trkpt><trkpt lat="-39.3655117694" lon="-72.6114650164"><ele>136.40</ele><time>2024-09-13T01:11:44Z</time></trkpt><trkpt lat="-39.3655654974" lon="-72.6115192473"><ele>136.70</ele><time>2024-09-13T01:11:46Z</time></trkpt><trkpt lat="-39.3655711133" lon="-72.6115624141"><ele>136.90</ele><time>2024-09-13T01:11:47Z</time></trkpt><trkpt lat="-39.3655698560" lon="-72.6116169803"><ele>136.95</ele><time>2024-09-13T01:11:48Z</time></trkpt><trkpt lat="-39.3655661680" lon="-72.6116738096"><ele>136.95</ele><time>2024-09-13T01:11:49Z</time></trkpt><trkpt lat="-39.3655267730" lon="-72.6119007077"><ele>136.88</ele><time>2024-09-13T01:11:54Z</time></trkpt><trkpt lat="-39.3653426226" lon="-72.6120153721"><ele>136.13</ele><time>2024-09-13T01:12:00Z</time></trkpt><trkpt lat="-39.3650165666" lon="-72.6121859439"><ele>133.97</ele><time>2024-09-13T01:12:08Z</time></trkpt><trkpt lat="-39.3646868225" lon="-72.6123951562"><ele>131.33</ele><time>2024-09-13T01:12:18Z</time></trkpt><trkpt lat="-39.3646562286" lon="-72.6124263369"><ele>131.39</ele><time>2024-09-13T01:12:20Z</time></trkpt><trkpt lat="-39.3646119721" lon="-72.6127847470"><ele>130.92</ele><time>2024-09-13T01:12:28Z</time></trkpt><trkpt lat="-39.3648006488" lon="-72.6128005888"><ele>131.87</ele><time>2024-09-13T01:12:34Z</time></trkpt><trkpt lat="-39.3652401119" lon="-72.6125593577"><ele>135.31</ele><time>2024-09-13T01:12:45Z</time></trkpt><trkpt lat="-39.3652775791" lon="-72.6125370618"><ele>135.59</ele><time>2024-09-13T01:12:46Z</time></trkpt><trkpt lat="-39.3653599732" lon="-72.6125006005"><ele>136.19</ele><time>2024-09-13T01:12:48Z</time></trkpt><trkpt lat="-39.3654950056" lon="-72.6124384906"><ele>136.81</ele><time>2024-09-13T01:12:52Z</time></trkpt><trkpt lat="-39.3655417766" lon="-72.6125581842"><ele>136.22</ele><time>2024-09-13T01:12:57Z</time></trkpt><trkpt lat="-39.3654065765" lon="-72.6129102241"><ele>134.19</ele><time>2024-09-13T01:13:08Z</time></trkpt><trkpt lat="-39.3650182430" lon="-72.6131796185"><ele>130.74</ele><time>2024-09-13T01:13:17Z</time></trkpt><trkpt lat="-39.3646770157" lon="-72.6133319177"><ele>128.70</ele><time>2024-09-13T01:13:28Z</time></trkpt><trkpt lat="-39.3646093737" lon="-72.6133861486"><ele>128.22</ele><time>2024-09-13T01:13:31Z</time></trkpt><trkpt lat="-39.3645107187" lon="-72.6136154775"><ele>127.16</ele><time>2024-09-13T01:13:35Z</time></trkpt><trkpt lat="-39.3646164145" lon="-72.6138548646"><ele>126.10</ele><time>2024-09-13T01:13:42Z</time></trkpt><trkpt lat="-39.3646575697" lon="-72.6138295513"><ele>126.54</ele><time>2024-09-13T01:13:43Z</time></trkpt><trkpt lat="-39.3648010679" lon="-72.6137463190"><ele>127.77</ele><time>2024-09-13T01:13:46Z</time></trkpt><trkpt lat="-39.3652375136" lon="-72.6135086082"><ele>131.23</ele><time>2024-09-13T01:13:54Z</time></trkpt><trkpt lat="-39.3656912260" lon="-72.6133006532"><ele>133.82</ele><time>2024-09-13T01:14:03Z</time></trkpt><trkpt lat="-39.3659472931" lon="-72.6128316857"><ele>136.45</ele><time>2024-09-13T01:14:11Z</time></trkpt><trkpt lat="-39.3659467902" lon="-72.6127474476"><ele>136.43</ele><time>2024-09-13T01:14:12Z</time></trkpt><trkpt lat="-39.3659398332" lon="-72.6124938950"><ele>136.36</ele><time>2024-09-13T01:14:15Z</time></trkpt><trkpt lat="-39.3659430183" lon="-72.6122406777"><ele>136.33</ele><time>2024-09-13T01:14:18Z</time></trkpt><trkpt lat="-39.3659565970" lon="-72.6119474787"><ele>135.65</ele><time>2024-09-13T01:14:22Z</time></trkpt><trkpt lat="-39.3659644760" lon="-72.6118992828"><ele>135.33</ele><time>2024-09-13T01:14:23Z</time></trkpt><trkpt lat="-39.3660310283" lon="-72.6118466444"><ele>134.35</ele><time>2024-09-13T01:14:27Z</time></trkpt><trkpt lat="-39.3660634663" lon="-72.6118696108"><ele>134.20</ele><time>2024-09-13T01:14:28Z</time></trkpt><trkpt lat="-39.3661042023" lon="-72.6119138673"><ele>133.93</ele><time>2024-09-13T01:14:29Z</time></trkpt><trkpt lat="-39.3661499675" lon="-72.6119672600"><ele>133.51</ele><time>2024-09-13T01:14:30Z</time></trkpt><trkpt lat="-39.3665516283" lon="-72.6123343874"><ele>130.41</ele><time>2024-09-13T01:14:36Z</time></trkpt><trkpt lat="-39.3669776805" lon="-72.6126196235"><ele>127.25</ele><time>2024-09-13T01:14:41Z</time></trkpt><trkpt lat="-39.3674246874" lon="-72.6128879283"><ele>123.71</ele><time>2024-09-13T01:14:47Z</time></trkpt><trkpt lat="-39.3679529987" lon="-72.6133265533"><ele>120.66</ele><time>2024-09-13T01:14:56Z</time></trkpt><trkpt lat="-39.3679897953" lon="-72.6133627631"><ele>120.26</ele><time>2024-09-13T01:14:57Z</time></trkpt><trkpt lat="-39.3680049665" lon="-72.6133935247"><ele>120.20</ele><time>2024-09-13T01:14:58Z</time></trkpt><trkpt lat="-39.3680036254" lon="-72.6134270523"><ele>119.99</ele><time>2024-09-13T01:14:59Z</time></trkpt><trkpt lat="-39.3679926451" lon="-72.6134599932"><ele>119.80</ele><time>2024-09-13T01:15:00Z</time></trkpt><trkpt lat="-39.3679714389" lon="-72.6134918444"><ele>119.67</ele><time>2024-09-13T01:15:01Z</time></trkpt><trkpt lat="-39.3679429404" lon="-72.6135241985"><ele>119.49</ele><time>2024-09-13T01:15:02Z</time></trkpt><trkpt lat="-39.3679036293" lon="-72.6135604922"><ele>119.48</ele><time>2024-09-13T01:15:03Z</time></trkpt><trkpt lat="-39.3676719535" lon="-72.6137941796"><ele>118.32</ele><time>2024-09-13T01:15:11Z</time></trkpt><trkpt lat="-39.3676758930" lon="-72.6138166431"><ele>118.23</ele><time>2024-09-13T01:15:12Z</time></trkpt><trkpt lat="-39.3676888011" lon="-72.6138406154"><ele>118.19</ele><time>2024-09-13T01:15:13Z</time></trkpt><trkpt lat="-39.3677038886" lon="-72.6138704550"><ele>118.16</ele><time>2024-09-13T01:15:14Z</time></trkpt><trkpt lat="-39.3677243404" lon="-72.6139103528"><ele>118.24</ele><time>2024-09-13T01:15:15Z</time></trkpt><trkpt lat="-39.3677492347" lon="-72.6139551960"><ele>118.28</ele><time>2024-09-13T01:15:16Z</time></trkpt><trkpt lat="-39.3679615483" lon="-72.6143875346"><ele>118.72</ele><time>2024-09-13T01:15:27Z</time></trkpt><trkpt lat="-39.3679488916" lon="-72.6144242473"><ele>118.64</ele><time>2024-09-13T01:15:28Z</time></trkpt><trkpt lat="-39.3679217342" lon="-72.6144586131"><ele>118.68</ele><time>2024-09-13T01:15:29Z</time></trkpt><trkpt lat="-39.3678833451" lon="-72.6144952420"><ele>118.71</ele><time>2024-09-13T01:15:30Z</time></trkpt><trkpt lat="-39.3678417709" lon="-72.6145377383"><ele>118.68</ele><time>2024-09-13T01:15:31Z</time></trkpt><trkpt lat="-39.3677601311" lon="-72.6146105770"><ele>118.54</ele><time>2024-09-13T01:15:33Z</time></trkpt><trkpt lat="-39.3677295372" lon="-72.6146291848"><ele>118.50</ele><time>2024-09-13T01:15:34Z</time></trkpt><trkpt lat="-39.3677034695" lon="-72.6146324538"><ele>118.56</ele><time>2024-09-13T01:15:35Z</time></trkpt><trkpt lat="-39.3676793296" lon="-72.6146296877"><ele>118.52</ele><time>2024-09-13T01:15:36Z</time></trkpt><trkpt lat="-39.3676603027" lon="-72.6146141812"><ele>118.43</ele><time>2024-09-13T01:15:37Z</time></trkpt><trkpt lat="-39.3676426169" lon="-72.6145841740"><ele>118.50</ele><time>2024-09-13T01:15:38Z</time></trkpt><trkpt lat="-39.3676228356" lon="-72.6145486347"><ele>118.54</ele><time>2024-09-13T01:15:39Z</time></trkpt><trkpt lat="-39.3673733063" lon="-72.6140800864"><ele>118.33</ele><time>2024-09-13T01:15:51Z</time></trkpt><trkpt lat="-39.3673474900" lon="-72.6140427869"><ele>118.28</ele><time>2024-09-13T01:15:53Z</time></trkpt><trkpt lat="-39.3673308101" lon="-72.6140354946"><ele>118.33</ele><time>2024-09-13T01:15:54Z</time></trkpt><trkpt lat="-39.3673067540" lon="-72.6140323095"><ele>118.45</ele><time>2024-09-13T01:15:55Z</time></trkpt><trkpt lat="-39.3672767468" lon="-72.6140419487"><ele>118.57</ele><time>2024-09-13T01:15:56Z</time></trkpt><trkpt lat="-39.3672302272" lon="-72.6140641607"><ele>118.66</ele><time>2024-09-13T01:15:57Z</time></trkpt><trkpt lat="-39.3671864737" lon="-72.6140914857"><ele>118.66</ele><time>2024-09-13T01:15:58Z</time></trkpt><trkpt lat="-39.3671472464" lon="-72.6141207386"><ele>118.64</ele><time>2024-09-13T01:15:59Z</time></trkpt><trkpt lat="-39.3671112880" lon="-72.6141575351"><ele>118.68</ele><time>2024-09-13T01:16:00Z</time></trkpt><trkpt lat="-39.3670818675" lon="-72.6141939964"><ele>118.64</ele><time>2024-09-13T01:16:01Z</time></trkpt><trkpt lat="-39.3670595717" lon="-72.6142355707"><ele>118.68</ele><time>2024-09-13T01:16:02Z</time></trkpt><trkpt lat="-39.3666311726" lon="-72.6145359781"><ele>120.08</ele><time>2024-09-13T01:16:13Z</time></trkpt><trkpt lat="-39.3665989861" lon="-72.6145927235"><ele>120.32</ele><time>2024-09-13T01:16:15Z</time></trkpt><trkpt lat="-39.3666073680" lon="-72.6146305259"><ele>120.28</ele><time>2024-09-13T01:16:16Z</time></trkpt><trkpt lat="-39.3666270655" lon="-72.6146779675"><ele>120.40</ele><time>2024-09-13T01:16:17Z</time></trkpt><trkpt lat="-39.3666528817" lon="-72.6147268340"><ele>120.29</ele><time>2024-09-13T01:16:18Z</time></trkpt><trkpt lat="-39.3666833080" lon="-72.6147814002"><ele>120.16</ele><time>2024-09-13T01:16:19Z</time></trkpt><trkpt lat="-39.3669447396" lon="-72.6153191831"><ele>118.03</ele><time>2024-09-13T01:16:31Z</time></trkpt><trkpt lat="-39.3669313285" lon="-72.6153552253"><ele>118.01</ele><time>2024-09-13T01:16:32Z</time></trkpt><trkpt lat="-39.3669036683" lon="-72.6153889205"><ele>117.99</ele><time>2024-09-13T01:16:33Z</time></trkpt><trkpt lat="-39.3668670394" lon="-72.6154241245"><ele>117.90</ele><time>2024-09-13T01:16:34Z</time></trkpt><trkpt lat="-39.3668278959" lon="-72.6154620107"><ele>117.97</ele><time>2024-09-13T01:16:35Z</time></trkpt><trkpt lat="-39.3667160813" lon="-72.6155656949"><ele>117.97</ele><time>2024-09-13T01:16:38Z</time></trkpt><trkpt lat="-39.3666807935" lon="-72.6155844703"><ele>117.94</ele><time>2024-09-13T01:16:39Z</time></trkpt><trkpt lat="-39.3666497804" lon="-72.6155806147"><ele>117.91</ele><time>2024-09-13T01:16:40Z</time></trkpt><trkpt lat="-39.3666232936" lon="-72.6155640185"><ele>117.88</ele><time>2024-09-13T01:16:41Z</time></trkpt><trkpt lat="-39.3666004110" lon="-72.6155357715"><ele>118.04</ele><time>2024-09-13T01:16:42Z</time></trkpt><trkpt lat="-39.3665795401" lon="-72.6154999807"><ele>118.35</ele><time>2024-09-13T01:16:43Z</time></trkpt><trkpt lat="-39.3665583339" lon="-72.6154599991"><ele>118.53</ele><time>2024-09-13T01:16:44Z</time></trkpt><trkpt lat="-39.3662868440" lon="-72.6149446797"><ele>121.55</ele><time>2024-09-13T01:16:54Z</time></trkpt><trkpt lat="-39.3660133425" lon="-72.6144796517"><ele>124.30</ele><time>2024-09-13T01:17:06Z</time></trkpt><trkpt lat="-39.3659832515" lon="-72.6144515723"><ele>124.23</ele><time>2024-09-13T01:17:07Z</time></trkpt><trkpt lat="-39.3659511488" lon="-72.6144120935"><ele>124.56</ele><time>2024-09-13T01:17:08Z</time></trkpt><trkpt lat="-39.3659198005" lon="-72.6143591199"><ele>124.92</ele><time>2024-09-13T01:17:09Z</time></trkpt><trkpt lat="-39.3658914696" lon="-72.6143041346"><ele>125.19</ele><time>2024-09-13T01:17:10Z</time></trkpt><trkpt lat="-39.3658621330" lon="-72.6142488141"><ele>125.47</ele><time>2024-09-13T01:17:11Z</time></trkpt><trkpt lat="-39.3657723628" lon="-72.6140822656"><ele>126.75</ele><time>2024-09-13T01:17:14Z</time></trkpt><trkpt lat="-39.3655962590" lon="-72.6137957722"><ele>128.30</ele><time>2024-09-13T01:17:22Z</time></trkpt><trkpt lat="-39.3655695207" lon="-72.6137994602"><ele>128.28</ele><time>2024-09-13T01:17:23Z</time></trkpt><trkpt lat="-39.3655356579" lon="-72.6138153020"><ele>128.31</ele><time>2024-09-13T01:17:24Z</time></trkpt><trkpt lat="-39.3654982746" lon="-72.6138384361"><ele>128.05</ele><time>2024-09-13T01:17:25Z</time></trkpt><trkpt lat="-39.3654705305" lon="-72.6138728857"><ele>128.05</ele><time>2024-09-13T01:17:26Z</time></trkpt><trkpt lat="-39.3653448019" lon="-72.6140133664"><ele>127.57</ele><time>2024-09-13T01:17:30Z</time></trkpt><trkpt lat="-39.3653405271" lon="-72.6140496600"><ele>127.59</ele><time>2024-09-13T01:17:31Z</time></trkpt><trkpt lat="-39.3653526809" lon="-72.6140868757"><ele>127.61</ele><time>2024-09-13T01:17:32Z</time></trkpt><trkpt lat="-39.3653672654" lon="-72.6141180564"><ele>127.64</ele><time>2024-09-13T01:17:33Z</time></trkpt><trkpt lat="-39.3653903157" lon="-72.6141563617"><ele>127.57</ele><time>2024-09-13T01:17:34Z</time></trkpt><trkpt lat="-39.3654201552" lon="-72.6142043062"><ele>127.43</ele><time>2024-09-13T01:17:35Z</time></trkpt><trkpt lat="-39.3657199759" lon="-72.6147244032"><ele>124.28</ele><time>2024-09-13T01:17:45Z</time></trkpt><trkpt lat="-39.3658271804" lon="-72.6148584299"><ele>124.24</ele><time>2024-09-13T01:17:50Z</time></trkpt><trkpt lat="-39.3661118299" lon="-72.6153676305"><ele>120.92</ele><time>2024-09-13T01:17:58Z</time></trkpt><trkpt lat="-39.3662568368" lon="-72.6156469993"><ele>119.40</ele><time>2024-09-13T01:18:02Z</time></trkpt><trkpt lat="-39.3663717527" lon="-72.6158819441"><ele>117.62</ele><time>2024-09-13T01:18:08Z</time></trkpt><trkpt lat="-39.3663648795" lon="-72.6159148850"><ele>117.32</ele><time>2024-09-13T01:18:09Z</time></trkpt><trkpt lat="-39.3663444277" lon="-72.6159531903"><ele>117.38</ele><time>2024-09-13T01:18:10Z</time></trkpt><trkpt lat="-39.3663129956" lon="-72.6159904059"><ele>117.40</ele><time>2024-09-13T01:18:11Z</time></trkpt><trkpt lat="-39.3662741873" lon="-72.6160297170"><ele>117.38</ele><time>2024-09-13T01:18:12Z</time></trkpt><trkpt lat="-39.3662332837" lon="-72.6160675194"><ele>117.39</ele><time>2024-09-13T01:18:13Z</time></trkpt><trkpt lat="-39.3661110755" lon="-72.6161356643"><ele>117.36</ele><time>2024-09-13T01:18:17Z</time></trkpt><trkpt lat="-39.3660868518" lon="-72.6161126979"><ele>117.44</ele><time>2024-09-13T01:18:18Z</time></trkpt><trkpt lat="-39.3660635501" lon="-72.6160779968"><ele>117.91</ele><time>2024-09-13T01:18:19Z</time></trkpt><trkpt lat="-39.3659241591" lon="-72.6158408727"><ele>118.46</ele><time>2024-09-13T01:18:26Z</time></trkpt><trkpt lat="-39.3658899609" lon="-72.6158386096"><ele>118.59</ele><time>2024-09-13T01:18:27Z</time></trkpt><trkpt lat="-39.3658536673" lon="-72.6158545353"><ele>118.62</ele><time>2024-09-13T01:18:28Z</time></trkpt><trkpt lat="-39.3658182956" lon="-72.6158837881"><ele>118.65</ele><time>2024-09-13T01:18:29Z</time></trkpt><trkpt lat="-39.3657815829" lon="-72.6159211714"><ele>118.59</ele><time>2024-09-13T01:18:30Z</time></trkpt><trkpt lat="-39.3657057267" lon="-72.6159806829"><ele>118.63</ele><time>2024-09-13T01:18:32Z</time></trkpt><trkpt lat="-39.3656090833" lon="-72.6161187328"><ele>118.26</ele><time>2024-09-13T01:18:36Z</time></trkpt><trkpt lat="-39.3656193092" lon="-72.6161551103"><ele>118.14</ele><time>2024-09-13T01:18:37Z</time></trkpt><trkpt lat="-39.3656368274" lon="-72.6161897276"><ele>118.08</ele><time>2024-09-13T01:18:38Z</time></trkpt><trkpt lat="-39.3657360692" lon="-72.6164523326"><ele>117.23</ele><time>2024-09-13T01:18:46Z</time></trkpt><trkpt lat="-39.3657188863" lon="-72.6164856926"><ele>117.22</ele><time>2024-09-13T01:18:47Z</time></trkpt><trkpt lat="-39.3656873703" lon="-72.6165185496"><ele>117.17</ele><time>2024-09-13T01:18:48Z</time></trkpt><trkpt lat="-39.3655385077" lon="-72.6166508161"><ele>117.13</ele><time>2024-09-13T01:18:52Z</time></trkpt><trkpt lat="-39.3655034713" lon="-72.6166641433"><ele>117.12</ele><time>2024-09-13T01:18:53Z</time></trkpt><trkpt lat="-39.3654743023" lon="-72.6166591141"><ele>117.23</ele><time>2024-09-13T01:18:54Z</time></trkpt><trkpt lat="-39.3654510006" lon="-72.6166400872"><ele>117.29</ele><time>2024-09-13T01:18:55Z</time></trkpt><trkpt lat="-39.3654318899" lon="-72.6166113373"><ele>117.33</ele><time>2024-09-13T01:18:56Z</time></trkpt><trkpt lat="-39.3654116057" lon="-72.6165736187"><ele>117.47</ele><time>2024-09-13T01:18:57Z</time></trkpt><trkpt lat="-39.3651389424" lon="-72.6160724647"><ele>118.25</ele><time>2024-09-13T01:19:08Z</time></trkpt><trkpt lat="-39.3651172332" lon="-72.6159666013"><ele>118.47</ele><time>2024-09-13T01:19:11Z</time></trkpt><trkpt lat="-39.3651303090" lon="-72.6159332413"><ele>118.59</ele><time>2024-09-13T01:19:12Z</time></trkpt><trkpt lat="-39.3651552871" lon="-72.6159018930"><ele>118.69</ele><time>2024-09-13T01:19:13Z</time></trkpt><trkpt lat="-39.3651888147" lon="-72.6158710476"><ele>118.57</ele><time>2024-09-13T01:19:14Z</time></trkpt><trkpt lat="-39.3652199954" lon="-72.6158407051"><ele>118.64</ele><time>2024-09-13T01:19:15Z</time></trkpt><trkpt lat="-39.3656797428" lon="-72.6154272258"><ele>119.76</ele><time>2024-09-13T01:19:28Z</time></trkpt><trkpt lat="-39.3659689184" lon="-72.6151364576"><ele>121.41</ele><time>2024-09-13T01:19:39Z</time></trkpt><trkpt lat="-39.3659628835" lon="-72.6151056960"><ele>121.68</ele><time>2024-09-13T01:19:40Z</time></trkpt><trkpt lat="-39.3659461197" lon="-72.6150704920"><ele>121.94</ele><time>2024-09-13T01:19:41Z</time></trkpt><trkpt lat="-39.3658022862" lon="-72.6148024388"><ele>124.39</ele><time>2024-09-13T01:19:52Z</time></trkpt><trkpt lat="-39.3657804094" lon="-72.6147948112"><ele>124.38</ele><time>2024-09-13T01:19:53Z</time></trkpt><trkpt lat="-39.3657559343" lon="-72.6148000918"><ele>124.44</ele><time>2024-09-13T01:19:54Z</time></trkpt><trkpt lat="-39.3656829279" lon="-72.6148490421"><ele>124.34</ele><time>2024-09-13T01:19:56Z</time></trkpt><trkpt lat="-39.3654498272" lon="-72.6149862539"><ele>124.41</ele><time>2024-09-13T01:20:03Z</time></trkpt><trkpt lat="-39.3654220831" lon="-72.6149590965"><ele>124.41</ele><time>2024-09-13T01:20:04Z</time></trkpt><trkpt lat="-39.3653995357" lon="-72.6149197854"><ele>124.56</ele><time>2024-09-13T01:20:05Z</time></trkpt><trkpt lat="-39.3651500065" lon="-72.6144301984"><ele>126.71</ele><time>2024-09-13T01:20:16Z</time></trkpt><trkpt lat="-39.3650528602" lon="-72.6143189706"><ele>126.80</ele><time>2024-09-13T01:20:22Z</time></trkpt><trkpt lat="-39.3650132138" lon="-72.6143312082"><ele>126.67</ele><time>2024-09-13T01:20:23Z</time></trkpt><trkpt lat="-39.3649666943" lon="-72.6143543422"><ele>126.58</ele><time>2024-09-13T01:20:24Z</time></trkpt><trkpt lat="-39.3649151456" lon="-72.6143862773"><ele>126.31</ele><time>2024-09-13T01:20:25Z</time></trkpt><trkpt lat="-39.3648599088" lon="-72.6144256722"><ele>125.99</ele><time>2024-09-13T01:20:26Z</time></trkpt><trkpt lat="-39.3645492755" lon="-72.6146601979"><ele>123.35</ele><time>2024-09-13T01:20:32Z</time></trkpt><trkpt lat="-39.3644198589" lon="-72.6147933863"><ele>122.26</ele><time>2024-09-13T01:20:37Z</time></trkpt><trkpt lat="-39.3644054420" lon="-72.6148477849"><ele>122.27</ele><time>2024-09-13T01:20:38Z</time></trkpt><trkpt lat="-39.3643952999" lon="-72.6149122417"><ele>122.22</ele><time>2024-09-13T01:20:39Z</time></trkpt><trkpt lat="-39.3643883429" lon="-72.6149836555"><ele>121.92</ele><time>2024-09-13T01:20:40Z</time></trkpt><trkpt lat="-39.3643833138" lon="-72.6150537282"><ele>121.60</ele><time>2024-09-13T01:20:41Z</time></trkpt><trkpt lat="-39.3643847387" lon="-72.6151828095"><ele>121.03</ele><time>2024-09-13T01:20:43Z</time></trkpt><trkpt lat="-39.3643930368" lon="-72.6152359508"><ele>120.73</ele><time>2024-09-13T01:20:44Z</time></trkpt><trkpt lat="-39.3644086272" lon="-72.6152760163"><ele>120.51</ele><time>2024-09-13T01:20:45Z</time></trkpt><trkpt lat="-39.3644314259" lon="-72.6153006591"><ele>120.37</ele><time>2024-09-13T01:20:46Z</time></trkpt><trkpt lat="-39.3644574098" lon="-72.6153117232"><ele>120.32</ele><time>2024-09-13T01:20:47Z</time></trkpt><trkpt lat="-39.3644894287" lon="-72.6153064426"><ele>120.38</ele><time>2024-09-13T01:20:48Z</time></trkpt><trkpt lat="-39.3645232916" lon="-72.6152859069"><ele>120.49</ele><time>2024-09-13T01:20:49Z</time></trkpt><trkpt lat="-39.3645602558" lon="-72.6152579952"><ele>120.77</ele><time>2024-09-13T01:20:50Z</time></trkpt><trkpt lat="-39.3649691250" lon="-72.6149449311"><ele>123.55</ele><time>2024-09-13T01:21:02Z</time></trkpt><trkpt lat="-39.3649963662" lon="-72.6149723399"><ele>123.65</ele><time>2024-09-13T01:21:03Z</time></trkpt><trkpt lat="-39.3650234398" lon="-72.6150125731"><ele>123.57</ele><time>2024-09-13T01:21:04Z</time></trkpt><trkpt lat="-39.3650500942" lon="-72.6150585897"><ele>123.30</ele><time>2024-09-13T01:21:05Z</time></trkpt><trkpt lat="-39.3650758266" lon="-72.6151054446"><ele>123.05</ele><time>2024-09-13T01:21:06Z</time></trkpt><trkpt lat="-39.3651534431" lon="-72.6152679697"><ele>121.98</ele><time>2024-09-13T01:21:12Z</time></trkpt><trkpt lat="-39.3651378527" lon="-72.6152995694"><ele>121.81</ele><time>2024-09-13T01:21:13Z</time></trkpt><trkpt lat="-39.3651066720" lon="-72.6153395511"><ele>121.77</ele><time>2024-09-13T01:21:14Z</time></trkpt><trkpt lat="-39.3650687858" lon="-72.6153757609"><ele>121.59</ele><time>2024-09-13T01:21:15Z</time></trkpt><trkpt lat="-39.3650289718" lon="-72.6154103782"><ele>121.35</ele><time>2024-09-13T01:21:16Z</time></trkpt><trkpt lat="-39.3648458272" lon="-72.6155784354"><ele>120.40</ele><time>2024-09-13T01:21:21Z</time></trkpt><trkpt lat="-39.3647999782" lon="-72.6156089455"><ele>120.38</ele><time>2024-09-13T01:21:22Z</time></trkpt><trkpt lat="-39.3645884190" lon="-72.6158488356"><ele>119.38</ele><time>2024-09-13T01:21:29Z</time></trkpt><trkpt lat="-39.3646004051" lon="-72.6158913318"><ele>119.50</ele><time>2024-09-13T01:21:30Z</time></trkpt><trkpt lat="-39.3646162469" lon="-72.6159280445"><ele>119.55</ele><time>2024-09-13T01:21:31Z</time></trkpt><trkpt lat="-39.3646379560" lon="-72.6159692835"><ele>119.58</ele><time>2024-09-13T01:21:32Z</time></trkpt><trkpt lat="-39.3646619283" lon="-72.6160119474"><ele>119.41</ele><time>2024-09-13T01:21:33Z</time></trkpt><trkpt lat="-39.3651123717" lon="-72.6167826634"><ele>117.18</ele><time>2024-09-13T01:21:47Z</time></trkpt><trkpt lat="-39.3651871383" lon="-72.6169274189"><ele>116.82</ele><time>2024-09-13T01:21:55Z</time></trkpt><trkpt lat="-39.3651717994" lon="-72.6169908699"><ele>116.95</ele><time>2024-09-13T01:21:58Z</time></trkpt><trkpt lat="-39.3651023973" lon="-72.6170931291"><ele>116.96</ele><time>2024-09-13T01:22:01Z</time></trkpt><trkpt lat="-39.3650659360" lon="-72.6171266567"><ele>116.97</ele><time>2024-09-13T01:22:02Z</time></trkpt><trkpt lat="-39.3647383712" lon="-72.6174356136"><ele>117.01</ele><time>2024-09-13T01:22:09Z</time></trkpt><trkpt lat="-39.3644322641" lon="-72.6176987216"><ele>116.51</ele><time>2024-09-13T01:22:17Z</time></trkpt><trkpt lat="-39.3644083757" lon="-72.6177441515"><ele>116.67</ele><time>2024-09-13T01:22:18Z</time></trkpt><trkpt lat="-39.3643925339" lon="-72.6178013999"><ele>116.62</ele><time>2024-09-13T01:22:19Z</time></trkpt><trkpt lat="-39.3643831462" lon="-72.6178680360"><ele>116.76</ele><time>2024-09-13T01:22:20Z</time></trkpt><trkpt lat="-39.3643781170" lon="-72.6179441437"><ele>116.83</ele><time>2024-09-13T01:22:21Z</time></trkpt><trkpt lat="-39.3643750995" lon="-72.6180269569"><ele>116.85</ele><time>2024-09-13T01:22:22Z</time></trkpt><trkpt lat="-39.3643730879" lon="-72.6181112789"><ele>116.98</ele><time>2024-09-13T01:22:23Z</time></trkpt><trkpt lat="-39.3644027598" lon="-72.6187207270"><ele>116.86</ele><time>2024-09-13T01:22:32Z</time></trkpt><trkpt lat="-39.3644327670" lon="-72.6187340543"><ele>116.89</ele><time>2024-09-13T01:22:33Z</time></trkpt><trkpt lat="-39.3644657917" lon="-72.6187263429"><ele>116.95</ele><time>2024-09-13T01:22:34Z</time></trkpt><trkpt lat="-39.3644989841" lon="-72.6187044661"><ele>117.06</ele><time>2024-09-13T01:22:35Z</time></trkpt><trkpt lat="-39.3645340204" lon="-72.6186715253"><ele>117.15</ele><time>2024-09-13T01:22:36Z</time></trkpt><trkpt lat="-39.3645684700" lon="-72.6186350640"><ele>117.20</ele><time>2024-09-13T01:22:37Z</time></trkpt><trkpt lat="-39.3646012433" lon="-72.6185975131"><ele>117.15</ele><time>2024-09-13T01:22:38Z</time></trkpt><trkpt lat="-39.3650948536" lon="-72.6181279588"><ele>117.54</ele><time>2024-09-13T01:22:54Z</time></trkpt><trkpt lat="-39.3653608114" lon="-72.6178799383"><ele>117.82</ele><time>2024-09-13T01:23:05Z</time></trkpt><trkpt lat="-39.3656069040" lon="-72.6177033316"><ele>117.62</ele><time>2024-09-13T01:23:15Z</time></trkpt><trkpt lat="-39.3658054713" lon="-72.6175541338"><ele>117.79</ele><time>2024-09-13T01:23:29Z</time></trkpt><trkpt lat="-39.3663822301" lon="-72.6170632895"><ele>118.28</ele><time>2024-09-13T01:23:44Z</time></trkpt><trkpt lat="-39.3664181046" lon="-72.6170293428"><ele>118.36</ele><time>2024-09-13T01:23:45Z</time></trkpt><trkpt lat="-39.3666566536" lon="-72.6168443542"><ele>118.37</ele><time>2024-09-13T01:23:55Z</time></trkpt><trkpt lat="-39.3670726474" lon="-72.6164377481"><ele>118.90</ele><time>2024-09-13T01:24:09Z</time></trkpt><trkpt lat="-39.3674283754" lon="-72.6161220018"><ele>119.07</ele><time>2024-09-13T01:24:23Z</time></trkpt><trkpt lat="-39.3678938225" lon="-72.6156619191"><ele>119.67</ele><time>2024-09-13T01:24:36Z</time></trkpt><trkpt lat="-39.3679871969" lon="-72.6154635195"><ele>119.42</ele><time>2024-09-13T01:24:46Z</time></trkpt><trkpt lat="-39.3679769710" lon="-72.6154428162"><ele>119.31</ele><time>2024-09-13T01:24:47Z</time></trkpt><trkpt lat="-39.3679611292" lon="-72.6154100429"><ele>119.48</ele><time>2024-09-13T01:24:48Z</time></trkpt><trkpt lat="-39.3676752225" lon="-72.6148809772"><ele>119.32</ele><time>2024-09-13T01:25:01Z</time></trkpt><trkpt lat="-39.3676778208" lon="-72.6148090605"><ele>119.26</ele><time>2024-09-13T01:25:04Z</time></trkpt><trkpt lat="-39.3676929083" lon="-72.6147741079"><ele>119.30</ele><time>2024-09-13T01:25:05Z</time></trkpt><trkpt lat="-39.3677236699" lon="-72.6147317793"><ele>119.22</ele><time>2024-09-13T01:25:06Z</time></trkpt><trkpt lat="-39.3677644897" lon="-72.6146855112"><ele>119.43</ele><time>2024-09-13T01:25:07Z</time></trkpt><trkpt lat="-39.3678117637" lon="-72.6146340463"><ele>119.58</ele><time>2024-09-13T01:25:08Z</time></trkpt><trkpt lat="-39.3684534822" lon="-72.6140535157"><ele>120.32</ele><time>2024-09-13T01:25:19Z</time></trkpt><trkpt lat="-39.3686466012" lon="-72.6138344128"><ele>120.73</ele><time>2024-09-13T01:25:27Z</time></trkpt><trkpt lat="-39.3690652773" lon="-72.6133498549"><ele>120.26</ele><time>2024-09-13T01:25:42Z</time></trkpt><trkpt lat="-39.3690916803" lon="-72.6132738311"><ele>120.24</ele><time>2024-09-13T01:25:56Z</time></trkpt><trkpt lat="-39.3690641038" lon="-72.6131959632"><ele>120.23</ele><time>2024-09-13T01:26:09Z</time></trkpt><trkpt lat="-39.3690552190" lon="-72.6131848991"><ele>120.16</ele><time>2024-09-13T01:26:10Z</time></trkpt><trkpt lat="-39.3689905945" lon="-72.6130906865"><ele>120.18</ele><time>2024-09-13T01:26:21Z</time></trkpt><trkpt lat="-39.3689817935" lon="-72.6130664628"><ele>120.20</ele><time>2024-09-13T01:26:22Z</time></trkpt><trkpt lat="-39.3689677119" lon="-72.6130320970"><ele>120.16</ele><time>2024-09-13T01:26:23Z</time></trkpt><trkpt lat="-39.3689150736" lon="-72.6129669696"><ele>120.01</ele><time>2024-09-13T01:26:26Z</time></trkpt><trkpt lat="-39.3688920233" lon="-72.6129721664"><ele>120.10</ele><time>2024-09-13T01:26:27Z</time></trkpt><trkpt lat="-39.3688745052" lon="-72.6129797101"><ele>120.00</ele><time>2024-09-13T01:26:28Z</time></trkpt><trkpt lat="-39.3688589986" lon="-72.6129901037"><ele>120.13</ele><time>2024-09-13T01:26:29Z</time></trkpt><trkpt lat="-39.3688419834" lon="-72.6130060293"><ele>120.25</ele><time>2024-09-13T01:26:30Z</time></trkpt><trkpt lat="-39.3686067872" lon="-72.6132221147"><ele>120.78</ele><time>2024-09-13T01:26:38Z</time></trkpt><trkpt lat="-39.3685702421" lon="-72.6132613420"><ele>120.95</ele><time>2024-09-13T01:26:39Z</time></trkpt><trkpt lat="-39.3684582599" lon="-72.6133680437"><ele>121.14</ele><time>2024-09-13T01:26:42Z</time></trkpt><trkpt lat="-39.3682783842" lon="-72.6135594863"><ele>121.41</ele><time>2024-09-13T01:26:49Z</time></trkpt><trkpt lat="-39.3682476226" lon="-72.6135398727"><ele>121.51</ele><time>2024-09-13T01:26:50Z</time></trkpt><trkpt lat="-39.3682168610" lon="-72.6135029923"><ele>121.64</ele><time>2024-09-13T01:26:51Z</time></trkpt><trkpt lat="-39.3681103271" lon="-72.6133494359"><ele>121.70</ele><time>2024-09-13T01:26:55Z</time></trkpt><trkpt lat="-39.3681153562" lon="-72.6133104600"><ele>121.75</ele><time>2024-09-13T01:26:56Z</time></trkpt><trkpt lat="-39.3681292702" lon="-72.6132727414"><ele>121.73</ele><time>2024-09-13T01:26:57Z</time></trkpt><trkpt lat="-39.3681499735" lon="-72.6132380404"><ele>121.53</ele><time>2024-09-13T01:26:58Z</time></trkpt><trkpt lat="-39.3681715149" lon="-72.6132076140"><ele>121.40</ele><time>2024-09-13T01:26:59Z</time></trkpt><trkpt lat="-39.3681963254" lon="-72.6131791994"><ele>121.33</ele><time>2024-09-13T01:27:00Z</time></trkpt><trkpt lat="-39.3682191242" lon="-72.6131526288"><ele>121.21</ele><time>2024-09-13T01:27:01Z</time></trkpt><trkpt lat="-39.3682435993" lon="-72.6131273992"><ele>121.17</ele><time>2024-09-13T01:27:02Z</time></trkpt><trkpt lat="-39.3682658114" lon="-72.6131011639"><ele>121.06</ele><time>2024-09-13T01:27:03Z</time></trkpt><trkpt lat="-39.3682938069" lon="-72.6130710728"><ele>121.04</ele><time>2024-09-13T01:27:04Z</time></trkpt><trkpt lat="-39.3683254905" lon="-72.6130359527"><ele>120.97</ele><time>2024-09-13T01:27:05Z</time></trkpt><trkpt lat="-39.3684148416" lon="-72.6129275747"><ele>120.52</ele><time>2024-09-13T01:27:08Z</time></trkpt><trkpt lat="-39.3684493750" lon="-72.6128953882"><ele>120.70</ele><time>2024-09-13T01:27:09Z</time></trkpt><trkpt lat="-39.3688521255" lon="-72.6124674920"><ele>120.21</ele><time>2024-09-13T01:27:19Z</time></trkpt><trkpt lat="-39.3688634411" lon="-72.6124193799"><ele>120.15</ele><time>2024-09-13T01:27:20Z</time></trkpt><trkpt lat="-39.3688669614" lon="-72.6123705972"><ele>120.24</ele><time>2024-09-13T01:27:21Z</time></trkpt><trkpt lat="-39.3688639440" lon="-72.6123100799"><ele>120.28</ele><time>2024-09-13T01:27:22Z</time></trkpt><trkpt lat="-39.3688437436" lon="-72.6120097563"><ele>119.90</ele><time>2024-09-13T01:27:28Z</time></trkpt><trkpt lat="-39.3688273150" lon="-72.6119998656"><ele>119.92</ele><time>2024-09-13T01:27:29Z</time></trkpt><trkpt lat="-39.3688102998" lon="-72.6120027155"><ele>119.83</ele><time>2024-09-13T01:27:30Z</time></trkpt><trkpt lat="-39.3687708210" lon="-72.6120336447"><ele>119.90</ele><time>2024-09-13T01:27:34Z</time></trkpt><trkpt lat="-39.3687113095" lon="-72.6120955870"><ele>120.06</ele><time>2024-09-13T01:27:37Z</time></trkpt><trkpt lat="-39.3686831463" lon="-72.6121244207"><ele>120.05</ele><time>2024-09-13T01:27:38Z</time></trkpt><trkpt lat="-39.3686464336" lon="-72.6121566910"><ele>120.16</ele><time>2024-09-13T01:27:39Z</time></trkpt><trkpt lat="-39.3686046917" lon="-72.6121956669"><ele>120.23</ele><time>2024-09-13T01:27:40Z</time></trkpt><trkpt lat="-39.3685589265" lon="-72.6122416835"><ele>120.24</ele><time>2024-09-13T01:27:41Z</time></trkpt><trkpt lat="-39.3678307906" lon="-72.6130237989"><ele>121.93</ele><time>2024-09-13T01:27:56Z</time></trkpt><trkpt lat="-39.3677532580" lon="-72.6130993199"><ele>122.59</ele><time>2024-09-13T01:27:59Z</time></trkpt><trkpt lat="-39.3677286990" lon="-72.6130946260"><ele>122.78</ele><time>2024-09-13T01:28:00Z</time></trkpt><trkpt lat="-39.3676903099" lon="-72.6130761858"><ele>123.12</ele><time>2024-09-13T01:28:01Z</time></trkpt><trkpt lat="-39.3676389288" lon="-72.6130412333"><ele>123.23</ele><time>2024-09-13T01:28:02Z</time></trkpt><trkpt lat="-39.3675828539" lon="-72.6129961386"><ele>123.52</ele><time>2024-09-13T01:28:03Z</time></trkpt><trkpt lat="-39.3675266951" lon="-72.6129478589"><ele>123.65</ele><time>2024-09-13T01:28:04Z</time></trkpt><trkpt lat="-39.3671708833" lon="-72.6126922946"><ele>126.50</ele><time>2024-09-13T01:28:10Z</time></trkpt><trkpt lat="-39.3671173230" lon="-72.6126750279"><ele>126.70</ele><time>2024-09-13T01:28:11Z</time></trkpt><trkpt lat="-39.3670744915" lon="-72.6126782130"><ele>127.20</ele><time>2024-09-13T01:28:12Z</time></trkpt><trkpt lat="-39.3670402095" lon="-72.6127035264"><ele>127.28</ele><time>2024-09-13T01:28:13Z</time></trkpt><trkpt lat="-39.3670112081" lon="-72.6127356291"><ele>127.30</ele><time>2024-09-13T01:28:14Z</time></trkpt><trkpt lat="-39.3668467551" lon="-72.6129154209"><ele>126.83</ele><time>2024-09-13T01:28:18Z</time></trkpt><trkpt lat="-39.3668180890" lon="-72.6129599288"><ele>126.59</ele><time>2024-09-13T01:28:19Z</time></trkpt><trkpt lat="-39.3668080308" lon="-72.6129979827"><ele>126.50</ele><time>2024-09-13T01:28:20Z</time></trkpt><trkpt lat="-39.3668152392" lon="-72.6130369585"><ele>126.35</ele><time>2024-09-13T01:28:21Z</time></trkpt><trkpt lat="-39.3668335956" lon="-72.6130704861"><ele>126.29</ele><time>2024-09-13T01:28:22Z</time></trkpt><trkpt lat="-39.3668621778" lon="-72.6131002419"><ele>126.04</ele><time>2024-09-13T01:28:23Z</time></trkpt><trkpt lat="-39.3668990582" lon="-72.6131280698"><ele>125.64</ele><time>2024-09-13T01:28:24Z</time></trkpt><trkpt lat="-39.3669476733" lon="-72.6131603401"><ele>125.26</ele><time>2024-09-13T01:28:25Z</time></trkpt><trkpt lat="-39.3672883138" lon="-72.6133844722"><ele>122.08</ele><time>2024-09-13T01:28:31Z</time></trkpt><trkpt lat="-39.3673393596" lon="-72.6134147309"><ele>121.79</ele><time>2024-09-13T01:28:32Z</time></trkpt><trkpt lat="-39.3674847856" lon="-72.6135112904"><ele>120.84</ele><time>2024-09-13T01:28:35Z</time></trkpt><trkpt lat="-39.3675219174" lon="-72.6135496795"><ele>120.83</ele><time>2024-09-13T01:28:36Z</time></trkpt><trkpt lat="-39.3675916549" lon="-72.6136648469"><ele>120.13</ele><time>2024-09-13T01:28:40Z</time></trkpt><trkpt lat="-39.3675865419" lon="-72.6136974525"><ele>120.20</ele><time>2024-09-13T01:28:41Z</time></trkpt><trkpt lat="-39.3675673474" lon="-72.6137351710"><ele>120.32</ele><time>2024-09-13T01:28:42Z</time></trkpt><trkpt lat="-39.3675307184" lon="-72.6137784217"><ele>120.27</ele><time>2024-09-13T01:28:43Z</time></trkpt><trkpt lat="-39.3674884737" lon="-72.6138256118"><ele>120.27</ele><time>2024-09-13T01:28:44Z</time></trkpt><trkpt lat="-39.3674048223" lon="-72.6138975285"><ele>120.35</ele><time>2024-09-13T01:28:46Z</time></trkpt><trkpt lat="-39.3673713785" lon="-72.6139209978"><ele>120.30</ele><time>2024-09-13T01:28:47Z</time></trkpt><trkpt lat="-39.3673456460" lon="-72.6139209978"><ele>120.40</ele><time>2024-09-13T01:28:48Z</time></trkpt><trkpt lat="-39.3673199136" lon="-72.6139059942"><ele>120.30</ele><time>2024-09-13T01:28:49Z</time></trkpt><trkpt lat="-39.3672977015" lon="-72.6138799265"><ele>120.39</ele><time>2024-09-13T01:28:50Z</time></trkpt><trkpt lat="-39.3672741484" lon="-72.6138475724"><ele>120.51</ele><time>2024-09-13T01:28:51Z</time></trkpt><trkpt lat="-39.3672461528" lon="-72.6138100214"><ele>120.55</ele><time>2024-09-13T01:28:52Z</time></trkpt><trkpt lat="-39.3672127090" lon="-72.6137750689"><ele>120.86</ele><time>2024-09-13T01:28:53Z</time></trkpt><trkpt lat="-39.3671756610" lon="-72.6137453131"><ele>121.05</ele><time>2024-09-13T01:28:54Z</time></trkpt><trkpt lat="-39.3668774329" lon="-72.6135438122"><ele>124.70</ele><time>2024-09-13T01:29:01Z</time></trkpt><trkpt lat="-39.3667174224" lon="-72.6134407986"><ele>127.59</ele><time>2024-09-13T01:29:06Z</time></trkpt><trkpt lat="-39.3667080346" lon="-72.6134220231"><ele>128.06</ele><time>2024-09-13T01:29:07Z</time></trkpt><trkpt lat="-39.3667137343" lon="-72.6133928541"><ele>128.10</ele><time>2024-09-13T01:29:08Z</time></trkpt><trkpt lat="-39.3667157460" lon="-72.6133464184"><ele>128.23</ele><time>2024-09-13T01:29:09Z</time></trkpt><trkpt lat="-39.3667296600" lon="-72.6132859010"><ele>128.00</ele><time>2024-09-13T01:29:10Z</time></trkpt><trkpt lat="-39.3667513691" lon="-72.6132153254"><ele>127.87</ele><time>2024-09-13T01:29:11Z</time></trkpt><trkpt lat="-39.3668957055" lon="-72.6128784567"><ele>126.78</ele><time>2024-09-13T01:29:16Z</time></trkpt><trkpt lat="-39.3669364415" lon="-72.6128226332"><ele>126.96</ele><time>2024-09-13T01:29:17Z</time></trkpt><trkpt lat="-39.3669762556" lon="-72.6127762813"><ele>126.97</ele><time>2024-09-13T01:29:18Z</time></trkpt><trkpt lat="-39.3671817798" lon="-72.6126705855"><ele>127.26</ele><time>2024-09-13T01:29:25Z</time></trkpt><trkpt lat="-39.3672306463" lon="-72.6126953959"><ele>127.12</ele><time>2024-09-13T01:29:26Z</time></trkpt><trkpt lat="-39.3672859669" lon="-72.6127385627"><ele>126.81</ele><time>2024-09-13T01:29:27Z</time></trkpt><trkpt lat="-39.3676767312" lon="-72.6130413171"><ele>123.52</ele><time>2024-09-13T01:29:33Z</time></trkpt><trkpt lat="-39.3685031869" lon="-72.6138808485"><ele>121.70</ele><time>2024-09-13T01:29:46Z</time></trkpt><trkpt lat="-39.3690955359" lon="-72.6148298476"><ele>121.06</ele><time>2024-09-13T01:29:57Z</time></trkpt><trkpt lat="-39.3692233600" lon="-72.6150908601"><ele>121.31</ele><time>2024-09-13T01:30:00Z</time></trkpt><trkpt lat="-39.3692556303" lon="-72.6151790377"><ele>121.18</ele><time>2024-09-13T01:30:01Z</time></trkpt><trkpt lat="-39.3692825362" lon="-72.6152681373"><ele>121.30</ele><time>2024-09-13T01:30:02Z</time></trkpt><trkpt lat="-39.3693021499" lon="-72.6153544709"><ele>121.26</ele><time>2024-09-13T01:30:03Z</time></trkpt><trkpt lat="-39.3693194166" lon="-72.6154343504"><ele>121.23</ele><time>2024-09-13T01:30:04Z</time></trkpt><trkpt lat="-39.3693546206" lon="-72.6156374440"><ele>120.96</ele><time>2024-09-13T01:30:11Z</time></trkpt><trkpt lat="-39.3693063408" lon="-72.6156025752"><ele>120.84</ele><time>2024-09-13T01:30:40Z</time></trkpt><trkpt lat="-39.3693194166" lon="-72.6156313252"><ele>120.89</ele><time>2024-09-13T01:30:48Z</time></trkpt><trkpt lat="-39.3693505134" lon="-72.6157276332"><ele>120.93</ele><time>2024-09-13T01:30:51Z</time></trkpt><trkpt lat="-39.3693488371" lon="-72.6157676149"><ele>121.03</ele><time>2024-09-13T01:30:52Z</time></trkpt><trkpt lat="-39.3693366833" lon="-72.6158075966"><ele>121.10</ele><time>2024-09-13T01:30:53Z</time></trkpt><trkpt lat="-39.3693168182" lon="-72.6158386935"><ele>121.20</ele><time>2024-09-13T01:30:54Z</time></trkpt><trkpt lat="-39.3692848831" lon="-72.6158673596"><ele>121.34</ele><time>2024-09-13T01:30:55Z</time></trkpt><trkpt lat="-39.3692463264" lon="-72.6159004681"><ele>121.43</ele><time>2024-09-13T01:30:56Z</time></trkpt><trkpt lat="-39.3689278141" lon="-72.6161505841"><ele>120.87</ele><time>2024-09-13T01:31:02Z</time></trkpt><trkpt lat="-39.3688811269" lon="-72.6161868777"><ele>120.82</ele><time>2024-09-13T01:31:03Z</time></trkpt><trkpt lat="-39.3688375410" lon="-72.6162101794"><ele>120.64</ele><time>2024-09-13T01:31:04Z</time></trkpt><trkpt lat="-39.3687933683" lon="-72.6162152085"><ele>120.76</ele><time>2024-09-13T01:31:05Z</time></trkpt><trkpt lat="-39.3687480222" lon="-72.6161976904"><ele>120.79</ele><time>2024-09-13T01:31:06Z</time></trkpt><trkpt lat="-39.3687025923" lon="-72.6161656715"><ele>120.78</ele><time>2024-09-13T01:31:07Z</time></trkpt><trkpt lat="-39.3686501216" lon="-72.6161294617"><ele>120.70</ele><time>2024-09-13T01:31:08Z</time></trkpt><trkpt lat="-39.3684361316" lon="-72.6159860473"><ele>120.48</ele><time>2024-09-13T01:31:12Z</time></trkpt><trkpt lat="-39.3683889415" lon="-72.6159627456"><ele>120.37</ele><time>2024-09-13T01:31:13Z</time></trkpt><trkpt lat="-39.3683372252" lon="-72.6159565430"><ele>120.37</ele><time>2024-09-13T01:31:14Z</time></trkpt><trkpt lat="-39.3682847545" lon="-72.6159587223"><ele>120.41</ele><time>2024-09-13T01:31:15Z</time></trkpt><trkpt lat="-39.3682280928" lon="-72.6159760728"><ele>120.31</ele><time>2024-09-13T01:31:16Z</time></trkpt><trkpt lat="-39.3681678269" lon="-72.6160110254"><ele>120.43</ele><time>2024-09-13T01:31:17Z</time></trkpt><trkpt lat="-39.3681052141" lon="-72.6160646696"><ele>120.47</ele><time>2024-09-13T01:31:18Z</time></trkpt><trkpt lat="-39.3680392485" lon="-72.6161246840"><ele>120.52</ele><time>2024-09-13T01:31:19Z</time></trkpt><trkpt lat="-39.3670433946" lon="-72.6170040295"><ele>119.94</ele><time>2024-09-13T01:31:34Z</time></trkpt><trkpt lat="-39.3662249856" lon="-72.6177128032"><ele>119.36</ele><time>2024-09-13T01:31:48Z</time></trkpt><trkpt lat="-39.3658394180" lon="-72.6180672739"><ele>118.69</ele><time>2024-09-13T01:31:58Z</time></trkpt><trkpt lat="-39.3658449501" lon="-72.6181154698"><ele>118.81</ele><time>2024-09-13T01:31:59Z</time></trkpt><trkpt lat="-39.3658714369" lon="-72.6181821898"><ele>118.97</ele><time>2024-09-13T01:32:00Z</time></trkpt><trkpt lat="-39.3658980075" lon="-72.6182332356"><ele>119.02</ele><time>2024-09-13T01:32:01Z</time></trkpt><trkpt lat="-39.3659342173" lon="-72.6182931662"><ele>118.91</ele><time>2024-09-13T01:32:02Z</time></trkpt><trkpt lat="-39.3659726903" lon="-72.6183480676"><ele>118.97</ele><time>2024-09-13T01:32:03Z</time></trkpt><trkpt lat="-39.3660138454" lon="-72.6183754764"><ele>119.04</ele><time>2024-09-13T01:32:04Z</time></trkpt><trkpt lat="-39.3660587724" lon="-72.6183771528"><ele>118.99</ele><time>2024-09-13T01:32:05Z</time></trkpt><trkpt lat="-39.3661029451" lon="-72.6183587126"><ele>119.09</ele><time>2024-09-13T01:32:06Z</time></trkpt><trkpt lat="-39.3661547452" lon="-72.6183225866"><ele>119.15</ele><time>2024-09-13T01:32:07Z</time></trkpt><trkpt lat="-39.3662109878" lon="-72.6182777435"><ele>119.20</ele><time>2024-09-13T01:32:08Z</time></trkpt><trkpt lat="-39.3670402095" lon="-72.6175724063"><ele>119.90</ele><time>2024-09-13T01:32:23Z</time></trkpt><trkpt lat="-39.3673567101" lon="-72.6173263136"><ele>119.92</ele><time>2024-09-13T01:32:31Z</time></trkpt><trkpt lat="-39.3673821073" lon="-72.6173502859"><ele>120.02</ele><time>2024-09-13T01:32:32Z</time></trkpt><trkpt lat="-39.3674055766" lon="-72.6173881721"><ele>120.09</ele><time>2024-09-13T01:32:33Z</time></trkpt><trkpt lat="-39.3674272019" lon="-72.6174350269"><ele>120.15</ele><time>2024-09-13T01:32:34Z</time></trkpt><trkpt lat="-39.3674496654" lon="-72.6174836420"><ele>120.20</ele><time>2024-09-13T01:32:35Z</time></trkpt><trkpt lat="-39.3675485719" lon="-72.6176189259"><ele>120.03</ele><time>2024-09-13T01:32:40Z</time></trkpt><trkpt lat="-39.3675867934" lon="-72.6176162437"><ele>120.20</ele><time>2024-09-13T01:32:41Z</time></trkpt><trkpt lat="-39.3676311336" lon="-72.6175927743"><ele>120.34</ele><time>2024-09-13T01:32:42Z</time></trkpt><trkpt lat="-39.3676728755" lon="-72.6175579894"><ele>120.46</ele><time>2024-09-13T01:32:43Z</time></trkpt><trkpt lat="-39.3677121028" lon="-72.6175212767"><ele>120.46</ele><time>2024-09-13T01:32:44Z</time></trkpt><trkpt lat="-39.3678107578" lon="-72.6174802054"><ele>120.59</ele><time>2024-09-13T01:32:47Z</time></trkpt><trkpt lat="-39.3678361550" lon="-72.6175043453"><ele>120.54</ele><time>2024-09-13T01:32:48Z</time></trkpt><trkpt lat="-39.3678583670" lon="-72.6175413094"><ele>120.59</ele><time>2024-09-13T01:32:49Z</time></trkpt><trkpt lat="-39.3678741250" lon="-72.6175912656"><ele>120.49</ele><time>2024-09-13T01:32:50Z</time></trkpt><trkpt lat="-39.3678859435" lon="-72.6176527049"><ele>120.49</ele><time>2024-09-13T01:32:51Z</time></trkpt><trkpt lat="-39.3679603748" lon="-72.6181578822"><ele>119.94</ele><time>2024-09-13T01:32:58Z</time></trkpt><trkpt lat="-39.3679856881" lon="-72.6182005461"><ele>119.83</ele><time>2024-09-13T01:32:59Z</time></trkpt><trkpt lat="-39.3680207245" lon="-72.6182198245"><ele>119.84</ele><time>2024-09-13T01:33:00Z</time></trkpt><trkpt lat="-39.3680608738" lon="-72.6182200760"><ele>119.74</ele><time>2024-09-13T01:33:01Z</time></trkpt><trkpt lat="-39.3681032863" lon="-72.6181972772"><ele>119.81</ele><time>2024-09-13T01:33:02Z</time></trkpt><trkpt lat="-39.3681492191" lon="-72.6181579661"><ele>119.87</ele><time>2024-09-13T01:33:03Z</time></trkpt><trkpt lat="-39.3682011031" lon="-72.6181090157"><ele>119.97</ele><time>2024-09-13T01:33:04Z</time></trkpt><trkpt lat="-39.3682537414" lon="-72.6180662680"><ele>120.28</ele><time>2024-09-13T01:33:05Z</time></trkpt><trkpt lat="-39.3683133367" lon="-72.6180277951"><ele>120.26</ele><time>2024-09-13T01:33:06Z</time></trkpt><trkpt lat="-39.3683761172" lon="-72.6179994643"><ele>120.27</ele><time>2024-09-13T01:33:07Z</time></trkpt><trkpt lat="-39.3684452679" lon="-72.6179782581"><ele>120.29</ele><time>2024-09-13T01:33:08Z</time></trkpt><trkpt lat="-39.3685150053" lon="-72.6179606561"><ele>120.35</ele><time>2024-09-13T01:33:09Z</time></trkpt><trkpt lat="-39.3686466012" lon="-72.6179081853"><ele>120.31</ele><time>2024-09-13T01:33:11Z</time></trkpt><trkpt lat="-39.3687044363" lon="-72.6178563852"><ele>120.29</ele><time>2024-09-13T01:33:12Z</time></trkpt><trkpt lat="-39.3687502854" lon="-72.6177887432"><ele>120.33</ele><time>2024-09-13T01:33:13Z</time></trkpt><trkpt lat="-39.3687854894" lon="-72.6177104563"><ele>120.37</ele><time>2024-09-13T01:33:14Z</time></trkpt><trkpt lat="-39.3688171729" lon="-72.6176245417"><ele>120.48</ele><time>2024-09-13T01:33:15Z</time></trkpt><trkpt lat="-39.3688473478" lon="-72.6175412256"><ele>120.55</ele><time>2024-09-13T01:33:16Z</time></trkpt><trkpt lat="-39.3688848987" lon="-72.6174707338"><ele>120.50</ele><time>2024-09-13T01:33:17Z</time></trkpt><trkpt lat="-39.3689320050" lon="-72.6174133178"><ele>120.67</ele><time>2024-09-13T01:33:18Z</time></trkpt><trkpt lat="-39.3689846434" lon="-72.6173566561"><ele>120.53</ele><time>2024-09-13T01:33:19Z</time></trkpt><trkpt lat="-39.3692065123" lon="-72.6171377208"><ele>120.71</ele><time>2024-09-13T01:33:23Z</time></trkpt><trkpt lat="-39.3692624196" lon="-72.6170884352"><ele>120.77</ele><time>2024-09-13T01:33:24Z</time></trkpt><trkpt lat="-39.3694806006" lon="-72.6169344597"><ele>121.28</ele><time>2024-09-13T01:33:29Z</time></trkpt><trkpt lat="-39.3695075903" lon="-72.6169584319"><ele>121.21</ele><time>2024-09-13T01:33:30Z</time></trkpt><trkpt lat="-39.3695257790" lon="-72.6169982459"><ele>121.26</ele><time>2024-09-13T01:33:31Z</time></trkpt><trkpt lat="-39.3695406150" lon="-72.6170531474"><ele>121.31</ele><time>2024-09-13T01:33:32Z</time></trkpt><trkpt lat="-39.3695535231" lon="-72.6171215437"><ele>121.24</ele><time>2024-09-13T01:33:33Z</time></trkpt><trkpt lat="-39.3695634138" lon="-72.6172025129"><ele>121.26</ele><time>2024-09-13T01:33:34Z</time></trkpt><trkpt lat="-39.3696546927" lon="-72.6178336702"><ele>121.43</ele><time>2024-09-13T01:33:41Z</time></trkpt><trkpt lat="-39.3696432095" lon="-72.6179049164"><ele>121.52</ele><time>2024-09-13T01:33:42Z</time></trkpt><trkpt lat="-39.3696168903" lon="-72.6179640088"><ele>121.54</ele><time>2024-09-13T01:33:43Z</time></trkpt><trkpt lat="-39.3695779983" lon="-72.6180106122"><ele>121.58</ele><time>2024-09-13T01:33:44Z</time></trkpt><trkpt lat="-39.3695259467" lon="-72.6180593949"><ele>121.51</ele><time>2024-09-13T01:33:45Z</time></trkpt><trkpt lat="-39.3694722187" lon="-72.6181072555"><ele>121.56</ele><time>2024-09-13T01:33:46Z</time></trkpt><trkpt lat="-39.3692149781" lon="-72.6182979438"><ele>121.42</ele><time>2024-09-13T01:33:51Z</time></trkpt><trkpt lat="-39.3691703025" lon="-72.6183027215"><ele>121.34</ele><time>2024-09-13T01:33:52Z</time></trkpt><trkpt lat="-39.3691304047" lon="-72.6182997879"><ele>121.33</ele><time>2024-09-13T01:33:53Z</time></trkpt><trkpt lat="-39.3690913450" lon="-72.6182944234"><ele>121.21</ele><time>2024-09-13T01:33:54Z</time></trkpt><trkpt lat="-39.3690522015" lon="-72.6182891428"><ele>121.13</ele><time>2024-09-13T01:33:55Z</time></trkpt><trkpt lat="-39.3687715754" lon="-72.6182852034"><ele>121.09</ele><time>2024-09-13T01:34:02Z</time></trkpt><trkpt lat="-39.3687216192" lon="-72.6183054037"><ele>121.10</ele><time>2024-09-13T01:34:03Z</time></trkpt><trkpt lat="-39.3686688971" lon="-72.6183435414"><ele>121.04</ele><time>2024-09-13T01:34:04Z</time></trkpt><trkpt lat="-39.3686160911" lon="-72.6183915697"><ele>121.06</ele><time>2024-09-13T01:34:05Z</time></trkpt><trkpt lat="-39.3685617764" lon="-72.6184442919"><ele>121.05</ele><time>2024-09-13T01:34:06Z</time></trkpt><trkpt lat="-39.3675411120" lon="-72.6194189396"><ele>120.83</ele><time>2024-09-13T01:34:23Z</time></trkpt><trkpt lat="-39.3669796921" lon="-72.6199370250"><ele>120.27</ele><time>2024-09-13T01:34:34Z</time></trkpt><trkpt lat="-39.3665948790" lon="-72.6203041524"><ele>120.33</ele><time>2024-09-13T01:34:42Z</time></trkpt><trkpt lat="-39.3657997716" lon="-72.6210589428"><ele>119.60</ele><time>2024-09-13T01:34:56Z</time></trkpt><trkpt lat="-39.3651482463" lon="-72.6216913573"><ele>118.91</ele><time>2024-09-13T01:35:09Z</time></trkpt><trkpt lat="-39.3648378644" lon="-72.6219744980"><ele>118.77</ele><time>2024-09-13T01:35:18Z</time></trkpt><trkpt lat="-39.3643637002" lon="-72.6224183198"><ele>118.24</ele><time>2024-09-13T01:35:28Z</time></trkpt><trkpt lat="-39.3643409852" lon="-72.6224640850"><ele>118.18</ele><time>2024-09-13T01:35:29Z</time></trkpt><trkpt lat="-39.3643248919" lon="-72.6225206628"><ele>118.24</ele><time>2024-09-13T01:35:30Z</time></trkpt><trkpt lat="-39.3643191084" lon="-72.6225863770"><ele>118.22</ele><time>2024-09-13T01:35:31Z</time></trkpt><trkpt lat="-39.3643172644" lon="-72.6226545218"><ele>118.25</ele><time>2024-09-13T01:35:32Z</time></trkpt><trkpt lat="-39.3643414881" lon="-72.6229894627"><ele>118.31</ele><time>2024-09-13T01:35:38Z</time></trkpt><trkpt lat="-39.3643724173" lon="-72.6230079029"><ele>118.39</ele><time>2024-09-13T01:35:39Z</time></trkpt><trkpt lat="-39.3644123990" lon="-72.6230046339"><ele>118.18</ele><time>2024-09-13T01:35:40Z</time></trkpt><trkpt lat="-39.3644533865" lon="-72.6229790691"><ele>118.40</ele><time>2024-09-13T01:35:41Z</time></trkpt><trkpt lat="-39.3644995708" lon="-72.6229392551"><ele>118.46</ele><time>2024-09-13T01:35:42Z</time></trkpt><trkpt lat="-39.3645465933" lon="-72.6228948310"><ele>118.65</ele><time>2024-09-13T01:35:43Z</time></trkpt><trkpt lat="-39.3648043368" lon="-72.6226603892"><ele>118.79</ele><time>2024-09-13T01:35:48Z</time></trkpt><trkpt lat="-39.3650208414" lon="-72.6224417891"><ele>118.84</ele><time>2024-09-13T01:35:53Z</time></trkpt><trkpt lat="-39.3650532793" lon="-72.6223910786"><ele>118.77</ele><time>2024-09-13T01:35:54Z</time></trkpt><trkpt lat="-39.3650812749" lon="-72.6223401166"><ele>118.83</ele><time>2024-09-13T01:35:55Z</time></trkpt><trkpt lat="-39.3651326559" lon="-72.6222397014"><ele>118.89</ele><time>2024-09-13T01:35:57Z</time></trkpt><trkpt lat="-39.3651623279" lon="-72.6221994683"><ele>118.99</ele><time>2024-09-13T01:35:58Z</time></trkpt><trkpt lat="-39.3651952688" lon="-72.6221631747"><ele>118.94</ele><time>2024-09-13T01:35:59Z</time></trkpt><trkpt lat="-39.3655284494" lon="-72.6218418125"><ele>119.20</ele><time>2024-09-13T01:36:10Z</time></trkpt><trkpt lat="-39.3656054791" lon="-72.6217665430"><ele>119.19</ele><time>2024-09-13T01:36:13Z</time></trkpt><trkpt lat="-39.3656499870" lon="-72.6217289083"><ele>119.22</ele><time>2024-09-13T01:36:14Z</time></trkpt><trkpt lat="-39.3656897172" lon="-72.6216889266"><ele>118.94</ele><time>2024-09-13T01:36:15Z</time></trkpt><trkpt lat="-39.3657165393" lon="-72.6216453407"><ele>118.90</ele><time>2024-09-13T01:36:16Z</time></trkpt><trkpt lat="-39.3657334708" lon="-72.6215941273"><ele>118.87</ele><time>2024-09-13T01:36:17Z</time></trkpt><trkpt lat="-39.3657513242" lon="-72.6215409022"><ele>118.88</ele><time>2024-09-13T01:36:18Z</time></trkpt><trkpt lat="-39.3657795712" lon="-72.6214922871"><ele>119.05</ele><time>2024-09-13T01:36:19Z</time></trkpt><trkpt lat="-39.3658126798" lon="-72.6214509644"><ele>119.13</ele><time>2024-09-13T01:36:20Z</time></trkpt><trkpt lat="-39.3658522423" lon="-72.6214091387"><ele>119.21</ele><time>2024-09-13T01:36:21Z</time></trkpt><trkpt lat="-39.3661593553" lon="-72.6211197115"><ele>119.32</ele><time>2024-09-13T01:36:30Z</time></trkpt><trkpt lat="-39.3662408274" lon="-72.6212080568"><ele>119.57</ele><time>2024-09-13T01:36:36Z</time></trkpt><trkpt lat="-39.3662710022" lon="-72.6212575100"><ele>119.48</ele><time>2024-09-13T01:36:37Z</time></trkpt><trkpt lat="-39.3665160891" lon="-72.6215741783"><ele>118.67</ele><time>2024-09-13T01:36:45Z</time></trkpt><trkpt lat="-39.3665488623" lon="-72.6215617731"><ele>118.85</ele><time>2024-09-13T01:36:46Z</time></trkpt><trkpt lat="-39.3665750977" lon="-72.6215397287"><ele>118.92</ele><time>2024-09-13T01:36:47Z</time></trkpt><trkpt lat="-39.3666966353" lon="-72.6214191131"><ele>119.38</ele><time>2024-09-13T01:36:51Z</time></trkpt><trkpt lat="-39.3670967873" lon="-72.6210424304"><ele>120.05</ele><time>2024-09-13T01:37:04Z</time></trkpt><trkpt lat="-39.3673639186" lon="-72.6207845192"><ele>120.23</ele><time>2024-09-13T01:37:13Z</time></trkpt><trkpt lat="-39.3673703726" lon="-72.6207572781"><ele>120.29</ele><time>2024-09-13T01:37:14Z</time></trkpt><trkpt lat="-39.3673692830" lon="-72.6207159553"><ele>120.31</ele><time>2024-09-13T01:37:15Z</time></trkpt><trkpt lat="-39.3673565425" lon="-72.6206705254"><ele>120.33</ele><time>2024-09-13T01:37:16Z</time></trkpt><trkpt lat="-39.3673413713" lon="-72.6206328068"><ele>120.36</ele><time>2024-09-13T01:37:17Z</time></trkpt><trkpt lat="-39.3673193268" lon="-72.6205908973"><ele>120.39</ele><time>2024-09-13T01:37:18Z</time></trkpt><trkpt lat="-39.3672995456" lon="-72.6205538493"><ele>120.43</ele><time>2024-09-13T01:37:19Z</time></trkpt><trkpt lat="-39.3672919180" lon="-72.6205193996"><ele>120.38</ele><time>2024-09-13T01:37:20Z</time></trkpt><trkpt lat="-39.3672946002" lon="-72.6204838604"><ele>120.52</ele><time>2024-09-13T01:37:21Z</time></trkpt><trkpt lat="-39.3673583865" lon="-72.6204044838"><ele>120.40</ele><time>2024-09-13T01:37:24Z</time></trkpt><trkpt lat="-39.3676549383" lon="-72.6201547030"><ele>120.73</ele><time>2024-09-13T01:37:35Z</time></trkpt><trkpt lat="-39.3676734623" lon="-72.6201678626"><ele>120.67</ele><time>2024-09-13T01:37:36Z</time></trkpt><trkpt lat="-39.3676912319" lon="-72.6201940142"><ele>120.67</ele><time>2024-09-13T01:37:37Z</time></trkpt><trkpt lat="-39.3677990232" lon="-72.6203298848"><ele>120.62</ele><time>2024-09-13T01:37:43Z</time></trkpt><trkpt lat="-39.3678241689" lon="-72.6203202456"><ele>120.53</ele><time>2024-09-13T01:37:44Z</time></trkpt><trkpt lat="-39.3678529188" lon="-72.6202996261"><ele>120.57</ele><time>2024-09-13T01:37:45Z</time></trkpt><trkpt lat="-39.3682511430" lon="-72.6199318282"><ele>120.65</ele><time>2024-09-13T01:37:58Z</time></trkpt><trkpt lat="-39.3688580766" lon="-72.6193828974"><ele>121.04</ele><time>2024-09-13T01:38:12Z</time></trkpt><trkpt lat="-39.3689845596" lon="-72.6192793809"><ele>121.08</ele><time>2024-09-13T01:38:18Z</time></trkpt><trkpt lat="-39.3689968809" lon="-72.6192835718"><ele>121.04</ele><time>2024-09-13T01:38:19Z</time></trkpt><trkpt lat="-39.3690077774" lon="-72.6192974020"><ele>121.14</ele><time>2024-09-13T01:38:20Z</time></trkpt><trkpt lat="-39.3690166622" lon="-72.6193135791"><ele>121.14</ele><time>2024-09-13T01:38:21Z</time></trkpt><trkpt lat="-39.3690223619" lon="-72.6193355396"><ele>121.10</ele><time>2024-09-13T01:38:22Z</time></trkpt><trkpt lat="-39.3690274749" lon="-72.6193621941"><ele>121.11</ele><time>2024-09-13T01:38:23Z</time></trkpt><trkpt lat="-39.3690354377" lon="-72.6193973143"><ele>121.04</ele><time>2024-09-13T01:38:24Z</time></trkpt><trkpt lat="-39.3691368587" lon="-72.6198154036"><ele>121.01</ele><time>2024-09-13T01:38:32Z</time></trkpt><trkpt lat="-39.3689030875" lon="-72.6200874802"><ele>120.86</ele><time>2024-09-13T01:38:41Z</time></trkpt><trkpt lat="-39.3684513867" lon="-72.6204977743"><ele>120.72</ele><time>2024-09-13T01:38:52Z</time></trkpt><trkpt lat="-39.3677597959" lon="-72.6211101562"><ele>120.40</ele><time>2024-09-13T01:39:06Z</time></trkpt><trkpt lat="-39.3676781561" lon="-72.6212116610"><ele>120.14</ele><time>2024-09-13T01:39:11Z</time></trkpt><trkpt lat="-39.3676790781" lon="-72.6212520618"><ele>120.16</ele><time>2024-09-13T01:39:12Z</time></trkpt><trkpt lat="-39.3676908128" lon="-72.6213005930"><ele>120.03</ele><time>2024-09-13T01:39:13Z</time></trkpt><trkpt lat="-39.3677157909" lon="-72.6213574223"><ele>120.26</ele><time>2024-09-13T01:39:14Z</time></trkpt><trkpt lat="-39.3677514140" lon="-72.6214204542"><ele>120.30</ele><time>2024-09-13T01:39:15Z</time></trkpt><trkpt lat="-39.3677940778" lon="-72.6214885991"><ele>120.42</ele><time>2024-09-13T01:39:16Z</time></trkpt><trkpt lat="-39.3683072180" lon="-72.6224053279"><ele>120.01</ele><time>2024-09-13T01:39:28Z</time></trkpt><trkpt lat="-39.3684496265" lon="-72.6225559507"><ele>120.11</ele><time>2024-09-13T01:39:34Z</time></trkpt><trkpt lat="-39.3684964813" lon="-72.6225525141"><ele>120.17</ele><time>2024-09-13T01:39:35Z</time></trkpt><trkpt lat="-39.3685473595" lon="-72.6225212496"><ele>120.21</ele><time>2024-09-13T01:39:36Z</time></trkpt><trkpt lat="-39.3686010875" lon="-72.6224772446"><ele>120.34</ele><time>2024-09-13T01:39:37Z</time></trkpt><trkpt lat="-39.3686593417" lon="-72.6224246062"><ele>120.32</ele><time>2024-09-13T01:39:38Z</time></trkpt><trkpt lat="-39.3695180677" lon="-72.6216080412"><ele>120.56</ele><time>2024-09-13T01:39:52Z</time></trkpt><trkpt lat="-39.3701778073" lon="-72.6209887024"><ele>120.54</ele><time>2024-09-13T01:40:06Z</time></trkpt><trkpt lat="-39.3702156097" lon="-72.6208479702"><ele>120.74</ele><time>2024-09-13T01:40:09Z</time></trkpt><trkpt lat="-39.3702073116" lon="-72.6207874529"><ele>120.85</ele><time>2024-09-13T01:40:10Z</time></trkpt><trkpt lat="-39.3701935653" lon="-72.6207346469"><ele>120.82</ele><time>2024-09-13T01:40:11Z</time></trkpt><trkpt lat="-39.3701805733" lon="-72.6206975989"><ele>120.71</ele><time>2024-09-13T01:40:12Z</time></trkpt><trkpt lat="-39.3701724429" lon="-72.6206680108"><ele>120.60</ele><time>2024-09-13T01:40:13Z</time></trkpt><trkpt lat="-39.3701700959" lon="-72.6206312142"><ele>120.65</ele><time>2024-09-13T01:40:14Z</time></trkpt><trkpt lat="-39.3701804057" lon="-72.6205820963"><ele>120.72</ele><time>2024-09-13T01:40:15Z</time></trkpt><trkpt lat="-39.3702063896" lon="-72.6205272786"><ele>120.73</ele><time>2024-09-13T01:40:16Z</time></trkpt><trkpt lat="-39.3702445272" lon="-72.6204655040"><ele>120.62</ele><time>2024-09-13T01:40:17Z</time></trkpt><trkpt lat="-39.3702886999" lon="-72.6203976106"><ele>120.56</ele><time>2024-09-13T01:40:18Z</time></trkpt><trkpt lat="-39.3710108008" lon="-72.6194558199"><ele>119.21</ele><time>2024-09-13T01:40:29Z</time></trkpt><trkpt lat="-39.3718345743" lon="-72.6180983707"><ele>117.27</ele><time>2024-09-13T01:40:42Z</time></trkpt><trkpt lat="-39.3727736827" lon="-72.6161713712"><ele>117.14</ele><time>2024-09-13T01:41:00Z</time></trkpt><trkpt lat="-39.3731510360" lon="-72.6155911759"><ele>117.10</ele><time>2024-09-13T01:41:06Z</time></trkpt><trkpt lat="-39.3732026685" lon="-72.6154826302"><ele>117.27</ele><time>2024-09-13T01:41:07Z</time></trkpt><trkpt lat="-39.3732467573" lon="-72.6153703965"><ele>117.18</ele><time>2024-09-13T01:41:08Z</time></trkpt><trkpt lat="-39.3736898247" lon="-72.6136978716"><ele>115.51</ele><time>2024-09-13T01:41:22Z</time></trkpt><trkpt lat="-39.3740988616" lon="-72.6116521843"><ele>116.66</ele><time>2024-09-13T01:41:39Z</time></trkpt><trkpt lat="-39.3740945030" lon="-72.6096624043"><ele>118.93</ele><time>2024-09-13T01:41:55Z</time></trkpt><trkpt lat="-39.3739769049" lon="-72.6076338161"><ele>119.67</ele><time>2024-09-13T01:42:11Z</time></trkpt><trkpt lat="-39.3735154811" lon="-72.6045669615"><ele>120.71</ele><time>2024-09-13T01:42:36Z</time></trkpt><trkpt lat="-39.3730460107" lon="-72.6036201417"><ele>120.94</ele><time>2024-09-13T01:42:45Z</time></trkpt><trkpt lat="-39.3724058848" lon="-72.6023726631"><ele>121.15</ele><time>2024-09-13T01:42:57Z</time></trkpt><trkpt lat="-39.3723835889" lon="-72.6022517961"><ele>121.22</ele><time>2024-09-13T01:42:58Z</time></trkpt><trkpt lat="-39.3723726925" lon="-72.6021274086"><ele>121.30</ele><time>2024-09-13T01:42:59Z</time></trkpt><trkpt lat="-39.3723712675" lon="-72.6020012610"><ele>121.07</ele><time>2024-09-13T01:43:00Z</time></trkpt><trkpt lat="-39.3723793980" lon="-72.6018727664"><ele>120.99</ele><time>2024-09-13T01:43:01Z</time></trkpt><trkpt lat="-39.3723958265" lon="-72.6017461997"><ele>120.82</ele><time>2024-09-13T01:43:02Z</time></trkpt><trkpt lat="-39.3724186253" lon="-72.6016275957"><ele>120.60</ele><time>2024-09-13T01:43:03Z</time></trkpt><trkpt lat="-39.3724514823" lon="-72.6015113387"><ele>120.56</ele><time>2024-09-13T01:43:04Z</time></trkpt><trkpt lat="-39.3724907935" lon="-72.6013945788"><ele>120.54</ele><time>2024-09-13T01:43:05Z</time></trkpt><trkpt lat="-39.3732004054" lon="-72.5996046234"><ele>122.00</ele><time>2024-09-13T01:43:21Z</time></trkpt><trkpt lat="-39.3738308921" lon="-72.5977646280"><ele>123.40</ele><time>2024-09-13T01:43:37Z</time></trkpt><trkpt lat="-39.3742074911" lon="-72.5958177634"><ele>123.94</ele><time>2024-09-13T01:43:53Z</time></trkpt><trkpt lat="-39.3746310286" lon="-72.5935234688"><ele>124.84</ele><time>2024-09-13T01:44:12Z</time></trkpt><trkpt lat="-39.3750450946" lon="-72.5911999214"><ele>125.45</ele><time>2024-09-13T01:44:31Z</time></trkpt><trkpt lat="-39.3753196858" lon="-72.5897066854"><ele>125.76</ele><time>2024-09-13T01:44:44Z</time></trkpt><trkpt lat="-39.3753925245" lon="-72.5891696569"><ele>125.67</ele><time>2024-09-13T01:44:52Z</time></trkpt><trkpt lat="-39.3753770180" lon="-72.5891559105"><ele>125.65</ele><time>2024-09-13T01:44:53Z</time></trkpt><trkpt lat="-39.3753842264" lon="-72.5891586766"><ele>125.48</ele><time>2024-09-13T01:44:58Z</time></trkpt><trkpt lat="-39.3753325939" lon="-72.5892947149"><ele>125.63</ele><time>2024-09-13T01:45:05Z</time></trkpt><trkpt lat="-39.3753160816" lon="-72.5893722475"><ele>125.68</ele><time>2024-09-13T01:45:06Z</time></trkpt><trkpt lat="-39.3751372956" lon="-72.5904288702"><ele>125.73</ele><time>2024-09-13T01:45:15Z</time></trkpt><trkpt lat="-39.3747929670" lon="-72.5923261978"><ele>125.02</ele><time>2024-09-13T01:45:30Z</time></trkpt><trkpt lat="-39.3744358979" lon="-72.5944170635"><ele>124.30</ele><time>2024-09-13T01:45:47Z</time></trkpt><trkpt lat="-39.3740063254" lon="-72.5968140364"><ele>123.58</ele><time>2024-09-13T01:46:06Z</time></trkpt><trkpt lat="-39.3735045847" lon="-72.5988428760"><ele>122.49</ele><time>2024-09-13T01:46:23Z</time></trkpt><trkpt lat="-39.3726963177" lon="-72.6008572150"><ele>120.65</ele><time>2024-09-13T01:46:41Z</time></trkpt><trkpt lat="-39.3723171204" lon="-72.6019969024"><ele>120.66</ele><time>2024-09-13T01:46:51Z</time></trkpt><trkpt lat="-39.3723099120" lon="-72.6021206193"><ele>120.75</ele><time>2024-09-13T01:46:52Z</time></trkpt><trkpt lat="-39.3723125942" lon="-72.6022463478"><ele>120.87</ele><time>2024-09-13T01:46:53Z</time></trkpt><trkpt lat="-39.3723271787" lon="-72.6023740880"><ele>121.01</ele><time>2024-09-13T01:46:54Z</time></trkpt><trkpt lat="-39.3723545037" lon="-72.6024983078"><ele>121.02</ele><time>2024-09-13T01:46:55Z</time></trkpt><trkpt lat="-39.3723907135" lon="-72.6026178338"><ele>121.11</ele><time>2024-09-13T01:46:56Z</time></trkpt><trkpt lat="-39.3724310305" lon="-72.6027314924"><ele>121.01</ele><time>2024-09-13T01:46:57Z</time></trkpt><trkpt lat="-39.3724797294" lon="-72.6028435584"><ele>121.08</ele><time>2024-09-13T01:46:58Z</time></trkpt><trkpt lat="-39.3725332897" lon="-72.6029516011"><ele>121.07</ele><time>2024-09-13T01:46:59Z</time></trkpt><trkpt lat="-39.3734315783" lon="-72.6044668816"><ele>120.23</ele><time>2024-09-13T01:47:14Z</time></trkpt><trkpt lat="-39.3734977115" lon="-72.6046999823"><ele>120.21</ele><time>2024-09-13T01:47:16Z</time></trkpt><trkpt lat="-39.3735213485" lon="-72.6048215199"><ele>120.06</ele><time>2024-09-13T01:47:17Z</time></trkpt><trkpt lat="-39.3738671020" lon="-72.6071951911"><ele>119.44</ele><time>2024-09-13T01:47:36Z</time></trkpt><trkpt lat="-39.3740618136" lon="-72.6099488139"><ele>118.28</ele><time>2024-09-13T01:47:58Z</time></trkpt><trkpt lat="-39.3739599735" lon="-72.6123644784"><ele>115.42</ele><time>2024-09-13T01:48:17Z</time></trkpt><trkpt lat="-39.3734290637" lon="-72.6145298593"><ele>115.12</ele><time>2024-09-13T01:48:35Z</time></trkpt><trkpt lat="-39.3730305880" lon="-72.6157893240"><ele>116.56</ele><time>2024-09-13T01:48:46Z</time></trkpt><trkpt lat="-39.3729687296" lon="-72.6158847939"><ele>116.54</ele><time>2024-09-13T01:48:47Z</time></trkpt><trkpt lat="-39.3721714430" lon="-72.6172960550"><ele>116.15</ele><time>2024-09-13T01:49:01Z</time></trkpt><trkpt lat="-39.3714334164" lon="-72.6187064778"><ele>116.98</ele><time>2024-09-13T01:49:15Z</time></trkpt><trkpt lat="-39.3705264106" lon="-72.6199726481"><ele>118.69</ele><time>2024-09-13T01:49:29Z</time></trkpt><trkpt lat="-39.3700855225" lon="-72.6205745526"><ele>120.01</ele><time>2024-09-13T01:49:37Z</time></trkpt><trkpt lat="-39.3700496480" lon="-72.6206562761"><ele>120.24</ele><time>2024-09-13T01:49:38Z</time></trkpt><trkpt lat="-39.3700198922" lon="-72.6207442023"><ele>120.43</ele><time>2024-09-13T01:49:39Z</time></trkpt><trkpt lat="-39.3698808365" lon="-72.6210674923"><ele>120.15</ele><time>2024-09-13T01:49:43Z</time></trkpt><trkpt lat="-39.3698253483" lon="-72.6211300213"><ele>120.15</ele><time>2024-09-13T01:49:44Z</time></trkpt><trkpt lat="-39.3688942865" lon="-72.6220148150"><ele>119.62</ele><time>2024-09-13T01:50:00Z</time></trkpt><trkpt lat="-39.3680529948" lon="-72.6228205673"><ele>119.15</ele><time>2024-09-13T01:50:16Z</time></trkpt><trkpt lat="-39.3673955183" lon="-72.6234855037"><ele>118.99</ele><time>2024-09-13T01:50:29Z</time></trkpt><trkpt lat="-39.3666743394" lon="-72.6241905056"><ele>118.57</ele><time>2024-09-13T01:50:42Z</time></trkpt><trkpt lat="-39.3658428546" lon="-72.6249953359"><ele>118.43</ele><time>2024-09-13T01:50:59Z</time></trkpt><trkpt lat="-39.3658128474" lon="-72.6250478905"><ele>118.28</ele><time>2024-09-13T01:51:00Z</time></trkpt><trkpt lat="-39.3657918926" lon="-72.6251066476"><ele>118.35</ele><time>2024-09-13T01:51:01Z</time></trkpt><trkpt lat="-39.3657825049" lon="-72.6251700148"><ele>118.38</ele><time>2024-09-13T01:51:02Z</time></trkpt><trkpt lat="-39.3657926470" lon="-72.6252351422"><ele>118.17</ele><time>2024-09-13T01:51:03Z</time></trkpt><trkpt lat="-39.3658204749" lon="-72.6252959948"><ele>118.02</ele><time>2024-09-13T01:51:04Z</time></trkpt><trkpt lat="-39.3658545054" lon="-72.6253515668"><ele>118.13</ele><time>2024-09-13T01:51:05Z</time></trkpt><trkpt lat="-39.3663269933" lon="-72.6261657011"><ele>117.60</ele><time>2024-09-13T01:51:18Z</time></trkpt><trkpt lat="-39.3663685676" lon="-72.6262128912"><ele>117.52</ele><time>2024-09-13T01:51:19Z</time></trkpt><trkpt lat="-39.3664210383" lon="-72.6262362767"><ele>117.61</ele><time>2024-09-13T01:51:20Z</time></trkpt><trkpt lat="-39.3664761074" lon="-72.6262329239"><ele>117.56</ele><time>2024-09-13T01:51:21Z</time></trkpt><trkpt lat="-39.3665322661" lon="-72.6262030005"><ele>117.55</ele><time>2024-09-13T01:51:22Z</time></trkpt><trkpt lat="-39.3665880058" lon="-72.6261600014"><ele>117.69</ele><time>2024-09-13T01:51:23Z</time></trkpt><trkpt lat="-39.3666421529" lon="-72.6261116378"><ele>117.77</ele><time>2024-09-13T01:51:24Z</time></trkpt><trkpt lat="-39.3674462289" lon="-72.6253674924"><ele>118.72</ele><time>2024-09-13T01:51:38Z</time></trkpt><trkpt lat="-39.3681583554" lon="-72.6246866304"><ele>119.12</ele><time>2024-09-13T01:51:52Z</time></trkpt><trkpt lat="-39.3685015105" lon="-72.6243658550"><ele>119.44</ele><time>2024-09-13T01:52:02Z</time></trkpt><trkpt lat="-39.3690530397" lon="-72.6238305867"><ele>119.71</ele><time>2024-09-13T01:52:15Z</time></trkpt><trkpt lat="-39.3695032317" lon="-72.6234016847"><ele>120.21</ele><time>2024-09-13T01:52:25Z</time></trkpt><trkpt lat="-39.3700975087" lon="-72.6228370797"><ele>120.29</ele><time>2024-09-13T01:52:38Z</time></trkpt><trkpt lat="-39.3707427476" lon="-72.6221780945"><ele>120.79</ele><time>2024-09-13T01:52:50Z</time></trkpt><trkpt lat="-39.3708476052" lon="-72.6221315749"><ele>121.04</ele><time>2024-09-13T01:52:54Z</time></trkpt><trkpt lat="-39.3708780315" lon="-72.6221446507"><ele>121.07</ele><time>2024-09-13T01:52:55Z</time></trkpt><trkpt lat="-39.3709098827" lon="-72.6221722271"><ele>120.98</ele><time>2024-09-13T01:52:56Z</time></trkpt><trkpt lat="-39.3709417339" lon="-72.6222138852"><ele>121.04</ele><time>2024-09-13T01:52:57Z</time></trkpt><trkpt lat="-39.3709750101" lon="-72.6222620811"><ele>120.86</ele><time>2024-09-13T01:52:58Z</time></trkpt><trkpt lat="-39.3714178260" lon="-72.6230808254"><ele>118.41</ele><time>2024-09-13T01:53:11Z</time></trkpt><trkpt lat="-39.3714298960" lon="-72.6231444441"><ele>118.53</ele><time>2024-09-13T01:53:12Z</time></trkpt><trkpt lat="-39.3714246154" lon="-72.6232080627"><ele>118.44</ele><time>2024-09-13T01:53:13Z</time></trkpt><trkpt lat="-39.3714045826" lon="-72.6232642215"><ele>118.30</ele><time>2024-09-13T01:53:14Z</time></trkpt><trkpt lat="-39.3713694625" lon="-72.6233141776"><ele>118.28</ele><time>2024-09-13T01:53:15Z</time></trkpt><trkpt lat="-39.3713233620" lon="-72.6233607810"><ele>118.28</ele><time>2024-09-13T01:53:16Z</time></trkpt><trkpt lat="-39.3712714780" lon="-72.6234022714"><ele>118.27</ele><time>2024-09-13T01:53:17Z</time></trkpt><trkpt lat="-39.3712210190" lon="-72.6234444324"><ele>118.15</ele><time>2024-09-13T01:53:18Z</time></trkpt><trkpt lat="-39.3711733259" lon="-72.6234882697"><ele>118.27</ele><time>2024-09-13T01:53:19Z</time></trkpt><trkpt lat="-39.3704987504" lon="-72.6241130568"><ele>119.66</ele><time>2024-09-13T01:53:34Z</time></trkpt><trkpt lat="-39.3697965145" lon="-72.6247738861"><ele>119.01</ele><time>2024-09-13T01:53:48Z</time></trkpt><trkpt lat="-39.3693605717" lon="-72.6251998544"><ele>119.20</ele><time>2024-09-13T01:53:59Z</time></trkpt><trkpt lat="-39.3688652851" lon="-72.6256601885"><ele>119.15</ele><time>2024-09-13T01:54:11Z</time></trkpt><trkpt lat="-39.3683671486" lon="-72.6261563972"><ele>118.73</ele><time>2024-09-13T01:54:22Z</time></trkpt><trkpt lat="-39.3674113601" lon="-72.6270719524"><ele>117.02</ele><time>2024-09-13T01:54:39Z</time></trkpt><trkpt lat="-39.3671072647" lon="-72.6274132635"><ele>116.40</ele><time>2024-09-13T01:54:48Z</time></trkpt><trkpt lat="-39.3671039958" lon="-72.6274633035"><ele>116.35</ele><time>2024-09-13T01:54:49Z</time></trkpt><trkpt lat="-39.3671145570" lon="-72.6275153551"><ele>116.43</ele><time>2024-09-13T01:54:50Z</time></trkpt><trkpt lat="-39.3671397027" lon="-72.6275666524"><ele>116.39</ele><time>2024-09-13T01:54:51Z</time></trkpt><trkpt lat="-39.3675735500" lon="-72.6283440739"><ele>116.68</ele><time>2024-09-13T01:55:04Z</time></trkpt><trkpt lat="-39.3676351570" lon="-72.6284465846"><ele>116.56</ele><time>2024-09-13T01:55:06Z</time></trkpt><trkpt lat="-39.3676701933" lon="-72.6284768432"><ele>116.61</ele><time>2024-09-13T01:55:07Z</time></trkpt><trkpt lat="-39.3677109294" lon="-72.6284882426"><ele>116.64</ele><time>2024-09-13T01:55:08Z</time></trkpt><trkpt lat="-39.3677534256" lon="-72.6284796931"><ele>116.72</ele><time>2024-09-13T01:55:09Z</time></trkpt><trkpt lat="-39.3677996937" lon="-72.6284529548"><ele>116.53</ele><time>2024-09-13T01:55:10Z</time></trkpt><trkpt lat="-39.3678448722" lon="-72.6284159068"><ele>116.71</ele><time>2024-09-13T01:55:11Z</time></trkpt><trkpt lat="-39.3678894639" lon="-72.6283721533"><ele>116.65</ele><time>2024-09-13T01:55:12Z</time></trkpt><trkpt lat="-39.3679356482" lon="-72.6283234544"><ele>116.73</ele><time>2024-09-13T01:55:13Z</time></trkpt><trkpt lat="-39.3686725013" lon="-72.6276392397"><ele>117.38</ele><time>2024-09-13T01:55:27Z</time></trkpt><trkpt lat="-39.3694548681" lon="-72.6269113552"><ele>118.04</ele><time>2024-09-13T01:55:43Z</time></trkpt><trkpt lat="-39.3698053155" lon="-72.6265625842"><ele>118.27</ele><time>2024-09-13T01:55:53Z</time></trkpt><trkpt lat="-39.3703901209" lon="-72.6260314230"><ele>117.86</ele><time>2024-09-13T01:56:07Z</time></trkpt><trkpt lat="-39.3704182841" lon="-72.6260452531"><ele>117.90</ele><time>2024-09-13T01:56:08Z</time></trkpt><trkpt lat="-39.3704430107" lon="-72.6260719914"><ele>117.94</ele><time>2024-09-13T01:56:09Z</time></trkpt><trkpt lat="-39.3704693299" lon="-72.6261109672"><ele>117.78</ele><time>2024-09-13T01:56:10Z</time></trkpt><trkpt lat="-39.3704979122" lon="-72.6261543855"><ele>117.66</ele><time>2024-09-13T01:56:11Z</time></trkpt><trkpt lat="-39.3705209624" lon="-72.6262090355"><ele>117.68</ele><time>2024-09-13T01:56:12Z</time></trkpt><trkpt lat="-39.3709634431" lon="-72.6270332281"><ele>115.98</ele><time>2024-09-13T01:56:26Z</time></trkpt><trkpt lat="-39.3713873997" lon="-72.6277911197"><ele>112.70</ele><time>2024-09-13T01:56:36Z</time></trkpt><trkpt lat="-39.3716234341" lon="-72.6282351930"><ele>111.52</ele><time>2024-09-13T01:56:44Z</time></trkpt><trkpt lat="-39.3716122024" lon="-72.6282750908"><ele>111.61</ele><time>2024-09-13T01:56:45Z</time></trkpt><trkpt lat="-39.3715897389" lon="-72.6283135638"><ele>111.59</ele><time>2024-09-13T01:56:46Z</time></trkpt><trkpt lat="-39.3715588097" lon="-72.6283514500"><ele>111.74</ele><time>2024-09-13T01:56:47Z</time></trkpt><trkpt lat="-39.3715207558" lon="-72.6283905935"><ele>111.84</ele><time>2024-09-13T01:56:48Z</time></trkpt><trkpt lat="-39.3714785110" lon="-72.6284288149"><ele>111.98</ele><time>2024-09-13T01:56:49Z</time></trkpt><trkpt lat="-39.3710506149" lon="-72.6288301405"><ele>115.41</ele><time>2024-09-13T01:56:59Z</time></trkpt><trkpt lat="-39.3708308414" lon="-72.6290408615"><ele>116.86</ele><time>2024-09-13T01:57:09Z</time></trkpt><trkpt lat="-39.3704471178" lon="-72.6293872856"><ele>117.01</ele><time>2024-09-13T01:57:21Z</time></trkpt><trkpt lat="-39.3695564568" lon="-72.6302326005"><ele>116.47</ele><time>2024-09-13T01:57:40Z</time></trkpt><trkpt lat="-39.3691806123" lon="-72.6305764262"><ele>115.96</ele><time>2024-09-13T01:57:49Z</time></trkpt><trkpt lat="-39.3690297380" lon="-72.6306389552"><ele>115.73</ele><time>2024-09-13T01:57:55Z</time></trkpt><trkpt lat="-39.3690138962" lon="-72.6306520309"><ele>115.84</ele><time>2024-09-13T01:57:56Z</time></trkpt><trkpt lat="-39.3689998984" lon="-72.6306748297"><ele>115.82</ele><time>2024-09-13T01:57:57Z</time></trkpt><trkpt lat="-39.3689885829" lon="-72.6307013165"><ele>115.93</ele><time>2024-09-13T01:57:58Z</time></trkpt><trkpt lat="-39.3689774349" lon="-72.6307319105"><ele>115.82</ele><time>2024-09-13T01:57:59Z</time></trkpt><trkpt lat="-39.3689429853" lon="-72.6307990495"><ele>115.94</ele><time>2024-09-13T01:58:01Z</time></trkpt><trkpt lat="-39.3689143192" lon="-72.6308256201"><ele>115.72</ele><time>2024-09-13T01:58:02Z</time></trkpt><trkpt lat="-39.3684242293" lon="-72.6313349884"><ele>115.90</ele><time>2024-09-13T01:58:14Z</time></trkpt><trkpt lat="-39.3683677353" lon="-72.6313641574"><ele>115.68</ele><time>2024-09-13T01:58:16Z</time></trkpt><trkpt lat="-39.3683514744" lon="-72.6313543506"><ele>115.73</ele><time>2024-09-13T01:58:17Z</time></trkpt><trkpt lat="-39.3683461938" lon="-72.6313493215"><ele>115.61</ele><time>2024-09-13T01:58:23Z</time></trkpt><trkpt lat="-39.3683551624" lon="-72.6314141136"><ele>115.62</ele><time>2024-09-13T01:58:30Z</time></trkpt><trkpt lat="-39.3687348627" lon="-72.6310520153"><ele>116.15</ele><time>2024-09-13T01:58:40Z</time></trkpt><trkpt lat="-39.3689981382" lon="-72.6308055874"><ele>115.94</ele><time>2024-09-13T01:58:49Z</time></trkpt><trkpt lat="-39.3690146506" lon="-72.6307736523"><ele>116.02</ele><time>2024-09-13T01:58:50Z</time></trkpt><trkpt lat="-39.3689685501" lon="-72.6305558905"><ele>116.14</ele><time>2024-09-13T01:58:54Z</time></trkpt><trkpt lat="-39.3682990875" lon="-72.6294172928"><ele>116.50</ele><time>2024-09-13T01:59:10Z</time></trkpt><trkpt lat="-39.3676862027" lon="-72.6282989793"><ele>116.50</ele><time>2024-09-13T01:59:25Z</time></trkpt><trkpt lat="-39.3670703843" lon="-72.6272541750"><ele>116.71</ele><time>2024-09-13T01:59:38Z</time></trkpt><trkpt lat="-39.3662570883" lon="-72.6257998310"><ele>117.25</ele><time>2024-09-13T01:59:56Z</time></trkpt><trkpt lat="-39.3658911344" lon="-72.6251738705"><ele>117.07</ele><time>2024-09-13T02:00:07Z</time></trkpt><trkpt lat="-39.3658569362" lon="-72.6251390856"><ele>117.20</ele><time>2024-09-13T02:00:11Z</time></trkpt><trkpt lat="-39.3658187147" lon="-72.6250980143"><ele>117.38</ele><time>2024-09-13T02:00:13Z</time></trkpt><trkpt lat="-39.3657883722" lon="-72.6250788197"><ele>117.38</ele><time>2024-09-13T02:00:14Z</time></trkpt><trkpt lat="-39.3657552637" lon="-72.6250693481"><ele>117.41</ele><time>2024-09-13T02:00:15Z</time></trkpt><trkpt lat="-39.3657212332" lon="-72.6250735391"><ele>117.44</ele><time>2024-09-13T02:00:16Z</time></trkpt><trkpt lat="-39.3656869512" lon="-72.6250917278"><ele>117.52</ele><time>2024-09-13T02:00:17Z</time></trkpt><trkpt lat="-39.3656519148" lon="-72.6251232438"><ele>117.56</ele><time>2024-09-13T02:00:18Z</time></trkpt><trkpt lat="-39.3656141125" lon="-72.6251607947"><ele>117.52</ele><time>2024-09-13T02:00:19Z</time></trkpt><trkpt lat="-39.3655740470" lon="-72.6252052188"><ele>117.69</ele><time>2024-09-13T02:00:20Z</time></trkpt><trkpt lat="-39.3649320770" lon="-72.6258569118"><ele>117.18</ele><time>2024-09-13T02:00:34Z</time></trkpt><trkpt lat="-39.3648098689" lon="-72.6260256395"><ele>117.21</ele><time>2024-09-13T02:00:41Z</time></trkpt><trkpt lat="-39.3648052588" lon="-72.6260844804"><ele>117.26</ele><time>2024-09-13T02:00:42Z</time></trkpt><trkpt lat="-39.3648187537" lon="-72.6261468418"><ele>117.30</ele><time>2024-09-13T02:00:43Z</time></trkpt><trkpt lat="-39.3648438994" lon="-72.6262055989"><ele>117.25</ele><time>2024-09-13T02:00:44Z</time></trkpt><trkpt lat="-39.3648741581" lon="-72.6262620091"><ele>117.27</ele><time>2024-09-13T02:00:45Z</time></trkpt><trkpt lat="-39.3649069313" lon="-72.6263180003"><ele>117.19</ele><time>2024-09-13T02:00:46Z</time></trkpt><trkpt lat="-39.3654217478" lon="-72.6272369083"><ele>116.96</ele><time>2024-09-13T02:00:59Z</time></trkpt><trkpt lat="-39.3661906198" lon="-72.6285631768"><ele>116.52</ele><time>2024-09-13T02:01:16Z</time></trkpt><trkpt lat="-39.3669863138" lon="-72.6299042813"><ele>116.10</ele><time>2024-09-13T02:01:33Z</time></trkpt><trkpt lat="-39.3675998691" lon="-72.6310185716"><ele>115.90</ele><time>2024-09-13T02:01:47Z</time></trkpt><trkpt lat="-39.3679657392" lon="-72.6317317877"><ele>115.70</ele><time>2024-09-13T02:01:58Z</time></trkpt><trkpt lat="-39.3679545075" lon="-72.6317695901"><ele>115.72</ele><time>2024-09-13T02:01:59Z</time></trkpt><trkpt lat="-39.3679318763" lon="-72.6318017766"><ele>115.81</ele><time>2024-09-13T02:02:00Z</time></trkpt><trkpt lat="-39.3679019529" lon="-72.6318353042"><ele>115.84</ele><time>2024-09-13T02:02:01Z</time></trkpt><trkpt lat="-39.3678630609" lon="-72.6318726875"><ele>115.84</ele><time>2024-09-13T02:02:02Z</time></trkpt><trkpt lat="-39.3678204808" lon="-72.6319135074"><ele>115.80</ele><time>2024-09-13T02:02:03Z</time></trkpt><trkpt lat="-39.3674013019" lon="-72.6323235501"><ele>115.53</ele><time>2024-09-13T02:02:12Z</time></trkpt><trkpt lat="-39.3673626613" lon="-72.6323335245"><ele>115.57</ele><time>2024-09-13T02:02:13Z</time></trkpt><trkpt lat="-39.3673289660" lon="-72.6323291659"><ele>115.48</ele><time>2024-09-13T02:02:14Z</time></trkpt><trkpt lat="-39.3673012219" lon="-72.6323090494"><ele>115.48</ele><time>2024-09-13T02:02:15Z</time></trkpt><trkpt lat="-39.3672740646" lon="-72.6322800480"><ele>115.43</ele><time>2024-09-13T02:02:16Z</time></trkpt><trkpt lat="-39.3672462367" lon="-72.6322500408"><ele>115.50</ele><time>2024-09-13T02:02:17Z</time></trkpt><trkpt lat="-39.3667897582" lon="-72.6316955779"><ele>115.72</ele><time>2024-09-13T02:02:31Z</time></trkpt><trkpt lat="-39.3666178454" lon="-72.6313717011"><ele>115.60</ele><time>2024-09-13T02:02:40Z</time></trkpt><trkpt lat="-39.3666276522" lon="-72.6313404366"><ele>115.60</ele><time>2024-09-13T02:02:41Z</time></trkpt><trkpt lat="-39.3666502833" lon="-72.6313107647"><ele>115.49</ele><time>2024-09-13T02:02:42Z</time></trkpt><trkpt lat="-39.3666776922" lon="-72.6312810089"><ele>115.63</ele><time>2024-09-13T02:02:43Z</time></trkpt><trkpt lat="-39.3667112198" lon="-72.6312467270"><ele>115.56</ele><time>2024-09-13T02:02:44Z</time></trkpt><trkpt lat="-39.3672613241" lon="-72.6307042502"><ele>115.92</ele><time>2024-09-13T02:02:56Z</time></trkpt><trkpt lat="-39.3673757371" lon="-72.6306272205"><ele>115.84</ele><time>2024-09-13T02:03:00Z</time></trkpt><trkpt lat="-39.3674046546" lon="-72.6306373626"><ele>115.87</ele><time>2024-09-13T02:03:01Z</time></trkpt><trkpt lat="-39.3674343266" lon="-72.6306617539"><ele>115.84</ele><time>2024-09-13T02:03:02Z</time></trkpt><trkpt lat="-39.3674635794" lon="-72.6307003945"><ele>115.97</ele><time>2024-09-13T02:03:03Z</time></trkpt><trkpt lat="-39.3674938381" lon="-72.6307475846"><ele>115.87</ele><time>2024-09-13T02:03:04Z</time></trkpt><trkpt lat="-39.3675258569" lon="-72.6308030728"><ele>115.97</ele><time>2024-09-13T02:03:05Z</time></trkpt><trkpt lat="-39.3680241611" lon="-72.6316963322"><ele>115.97</ele><time>2024-09-13T02:03:17Z</time></trkpt><trkpt lat="-39.3685668893" lon="-72.6326168329"><ele>115.78</ele><time>2024-09-13T02:03:31Z</time></trkpt><trkpt lat="-39.3687390536" lon="-72.6327360235"><ele>116.08</ele><time>2024-09-13T02:03:37Z</time></trkpt><trkpt lat="-39.3687810469" lon="-72.6327164099"><ele>116.22</ele><time>2024-09-13T02:03:38Z</time></trkpt><trkpt lat="-39.3688299973" lon="-72.6326796133"><ele>116.16</ele><time>2024-09-13T02:03:39Z</time></trkpt><trkpt lat="-39.3694666866" lon="-72.6320798043"><ele>116.31</ele><time>2024-09-13T02:03:52Z</time></trkpt><trkpt lat="-39.3695177324" lon="-72.6320159342"><ele>116.12</ele><time>2024-09-13T02:04:00Z</time></trkpt><trkpt lat="-39.3696644157" lon="-72.6318573486"><ele>116.59</ele><time>2024-09-13T02:04:23Z</time></trkpt><trkpt lat="-39.3702440243" lon="-72.6312846970"><ele>117.08</ele><time>2024-09-13T02:04:34Z</time></trkpt><trkpt lat="-39.3711354397" lon="-72.6304408070"><ele>116.78</ele><time>2024-09-13T02:04:49Z</time></trkpt><trkpt lat="-39.3717850372" lon="-72.6298157685"><ele>113.54</ele><time>2024-09-13T02:05:00Z</time></trkpt><trkpt lat="-39.3723029550" lon="-72.6293839328"><ele>111.34</ele><time>2024-09-13T02:05:10Z</time></trkpt><trkpt lat="-39.3723365664" lon="-72.6293970086"><ele>111.48</ele><time>2024-09-13T02:05:11Z</time></trkpt><trkpt lat="-39.3723723572" lon="-72.6294317935"><ele>111.57</ele><time>2024-09-13T02:05:12Z</time></trkpt><trkpt lat="-39.3724092375" lon="-72.6294835936"><ele>111.53</ele><time>2024-09-13T02:05:13Z</time></trkpt><trkpt lat="-39.3724511471" lon="-72.6295514870"><ele>111.58</ele><time>2024-09-13T02:05:14Z</time></trkpt><trkpt lat="-39.3724945653" lon="-72.6296251640"><ele>111.49</ele><time>2024-09-13T02:05:15Z</time></trkpt><trkpt lat="-39.3729254790" lon="-72.6303620171"><ele>110.80</ele><time>2024-09-13T02:05:26Z</time></trkpt><trkpt lat="-39.3729320168" lon="-72.6304014120"><ele>110.82</ele><time>2024-09-13T02:05:27Z</time></trkpt><trkpt lat="-39.3729219586" lon="-72.6304498594"><ele>110.94</ele><time>2024-09-13T02:05:28Z</time></trkpt><trkpt lat="-39.3728988245" lon="-72.6304978039"><ele>110.83</ele><time>2024-09-13T02:05:29Z</time></trkpt><trkpt lat="-39.3728594296" lon="-72.6305458322"><ele>110.97</ele><time>2024-09-13T02:05:30Z</time></trkpt><trkpt lat="-39.3728125747" lon="-72.6305948664"><ele>111.06</ele><time>2024-09-13T02:05:31Z</time></trkpt><trkpt lat="-39.3722099159" lon="-72.6311956812"><ele>112.78</ele><time>2024-09-13T02:05:42Z</time></trkpt><trkpt lat="-39.3721788190" lon="-72.6312308013"><ele>112.85</ele><time>2024-09-13T02:05:43Z</time></trkpt><trkpt lat="-39.3718051538" lon="-72.6315856073"><ele>114.62</ele><time>2024-09-13T02:05:52Z</time></trkpt><trkpt lat="-39.3712186720" lon="-72.6321376394"><ele>116.95</ele><time>2024-09-13T02:06:04Z</time></trkpt><trkpt lat="-39.3707176857" lon="-72.6326039247"><ele>117.11</ele><time>2024-09-13T02:06:13Z</time></trkpt><trkpt lat="-39.3704183679" lon="-72.6328865625"><ele>116.65</ele><time>2024-09-13T02:06:21Z</time></trkpt><trkpt lat="-39.3701224867" lon="-72.6331641711"><ele>116.69</ele><time>2024-09-13T02:06:29Z</time></trkpt><trkpt lat="-39.3694992084" lon="-72.6337878685"><ele>115.62</ele><time>2024-09-13T02:06:41Z</time></trkpt><trkpt lat="-39.3693937641" lon="-72.6339979190"><ele>115.63</ele><time>2024-09-13T02:06:47Z</time></trkpt><trkpt lat="-39.3694171496" lon="-72.6340637170"><ele>115.66</ele><time>2024-09-13T02:06:48Z</time></trkpt><trkpt lat="-39.3694448099" lon="-72.6341207977"><ele>115.77</ele><time>2024-09-13T02:06:49Z</time></trkpt><trkpt lat="-39.3694829475" lon="-72.6341858413"><ele>115.95</ele><time>2024-09-13T02:06:50Z</time></trkpt><trkpt lat="-39.3695245218" lon="-72.6342567522"><ele>116.05</ele><time>2024-09-13T02:06:51Z</time></trkpt><trkpt lat="-39.3699380010" lon="-72.6349589042"><ele>116.04</ele><time>2024-09-13T02:07:01Z</time></trkpt><trkpt lat="-39.3699767254" lon="-72.6349916775"><ele>116.09</ele><time>2024-09-13T02:07:02Z</time></trkpt><trkpt lat="-39.3700191379" lon="-72.6350049209"><ele>115.98</ele><time>2024-09-13T02:07:03Z</time></trkpt><trkpt lat="-39.3700655736" lon="-72.6349841338"><ele>115.96</ele><time>2024-09-13T02:07:04Z</time></trkpt><trkpt lat="-39.3701158650" lon="-72.6349412184"><ele>115.94</ele><time>2024-09-13T02:07:05Z</time></trkpt><trkpt lat="-39.3701625522" lon="-72.6348931901"><ele>116.14</ele><time>2024-09-13T02:07:06Z</time></trkpt><trkpt lat="-39.3708246388" lon="-72.6342201233"><ele>116.95</ele><time>2024-09-13T02:07:20Z</time></trkpt><trkpt lat="-39.3712195102" lon="-72.6338502299"><ele>116.92</ele><time>2024-09-13T02:07:30Z</time></trkpt><trkpt lat="-39.3718102667" lon="-72.6332924142"><ele>113.76</ele><time>2024-09-13T02:07:41Z</time></trkpt><trkpt lat="-39.3722276017" lon="-72.6328930166"><ele>113.59</ele><time>2024-09-13T02:07:49Z</time></trkpt><trkpt lat="-39.3727535661" lon="-72.6323898509"><ele>112.94</ele><time>2024-09-13T02:08:00Z</time></trkpt><trkpt lat="-39.3733299896" lon="-72.6318303589"><ele>112.09</ele><time>2024-09-13T02:08:10Z</time></trkpt><trkpt lat="-39.3736611586" lon="-72.6315186359"><ele>111.81</ele><time>2024-09-13T02:08:18Z</time></trkpt><trkpt lat="-39.3743681721" lon="-72.6308578905"><ele>110.86</ele><time>2024-09-13T02:08:33Z</time></trkpt><trkpt lat="-39.3747825734" lon="-72.6304541342"><ele>110.90</ele><time>2024-09-13T02:08:42Z</time></trkpt><trkpt lat="-39.3752657901" lon="-72.6300056186"><ele>109.67</ele><time>2024-09-13T02:08:49Z</time></trkpt><trkpt lat="-39.3753183447" lon="-72.6299817301"><ele>109.48</ele><time>2024-09-13T02:08:50Z</time></trkpt><trkpt lat="-39.3753689714" lon="-72.6299858373"><ele>109.55</ele><time>2024-09-13T02:08:51Z</time></trkpt><trkpt lat="-39.3754168320" lon="-72.6300176885"><ele>109.48</ele><time>2024-09-13T02:08:52Z</time></trkpt><trkpt lat="-39.3754568137" lon="-72.6300735120"><ele>109.67</ele><time>2024-09-13T02:08:53Z</time></trkpt><trkpt lat="-39.3754990585" lon="-72.6301454287"><ele>109.76</ele><time>2024-09-13T02:08:54Z</time></trkpt><trkpt lat="-39.3759443052" lon="-72.6309005544"><ele>109.95</ele><time>2024-09-13T02:09:03Z</time></trkpt><trkpt lat="-39.3759619072" lon="-72.6309583895"><ele>109.77</ele><time>2024-09-13T02:09:04Z</time></trkpt><trkpt lat="-39.3759675231" lon="-72.6310143806"><ele>109.82</ele><time>2024-09-13T02:09:05Z</time></trkpt><trkpt lat="-39.3759531062" lon="-72.6310656779"><ele>109.83</ele><time>2024-09-13T02:09:06Z</time></trkpt><trkpt lat="-39.3759216741" lon="-72.6311115269"><ele>109.96</ele><time>2024-09-13T02:09:07Z</time></trkpt><trkpt lat="-39.3758782558" lon="-72.6311563700"><ele>109.99</ele><time>2024-09-13T02:09:08Z</time></trkpt><trkpt lat="-39.3758320715" lon="-72.6312057395"><ele>110.04</ele><time>2024-09-13T02:09:09Z</time></trkpt><trkpt lat="-39.3752162531" lon="-72.6318396628"><ele>110.47</ele><time>2024-09-13T02:09:20Z</time></trkpt><trkpt lat="-39.3746080622" lon="-72.6324199419"><ele>111.13</ele><time>2024-09-13T02:09:30Z</time></trkpt><trkpt lat="-39.3742651585" lon="-72.6327409688"><ele>111.91</ele><time>2024-09-13T02:09:38Z</time></trkpt><trkpt lat="-39.3736997154" lon="-72.6332895644"><ele>112.48</ele><time>2024-09-13T02:09:48Z</time></trkpt><trkpt lat="-39.3733314145" lon="-72.6336347312"><ele>112.75</ele><time>2024-09-13T02:09:57Z</time></trkpt><trkpt lat="-39.3726373091" lon="-72.6342947222"><ele>112.59</ele><time>2024-09-13T02:10:08Z</time></trkpt><trkpt lat="-39.3717311416" lon="-72.6351453178"><ele>114.74</ele><time>2024-09-13T02:10:23Z</time></trkpt><trkpt lat="-39.3716893159" lon="-72.6351852156"><ele>114.95</ele><time>2024-09-13T02:10:28Z</time></trkpt><trkpt lat="-39.3716318160" lon="-72.6352440566"><ele>115.25</ele><time>2024-09-13T02:10:31Z</time></trkpt><trkpt lat="-39.3715012260" lon="-72.6353899017"><ele>115.66</ele><time>2024-09-13T02:10:34Z</time></trkpt><trkpt lat="-39.3714425527" lon="-72.6354408637"><ele>115.79</ele><time>2024-09-13T02:10:35Z</time></trkpt><trkpt lat="-39.3708239682" lon="-72.6360004395"><ele>116.56</ele><time>2024-09-13T02:10:45Z</time></trkpt><trkpt lat="-39.3707125727" lon="-72.6361433510"><ele>116.37</ele><time>2024-09-13T02:10:49Z</time></trkpt><trkpt lat="-39.3706958927" lon="-72.6362114120"><ele>116.61</ele><time>2024-09-13T02:10:50Z</time></trkpt><trkpt lat="-39.3706968147" lon="-72.6362936385"><ele>116.51</ele><time>2024-09-13T02:10:51Z</time></trkpt><trkpt lat="-39.3707224634" lon="-72.6363822352"><ele>116.58</ele><time>2024-09-13T02:10:52Z</time></trkpt><trkpt lat="-39.3707544822" lon="-72.6364658028"><ele>116.04</ele><time>2024-09-13T02:10:53Z</time></trkpt><trkpt lat="-39.3707925361" lon="-72.6365485322"><ele>116.93</ele><time>2024-09-13T02:10:54Z</time></trkpt><trkpt lat="-39.3708352000" lon="-72.6366284955"><ele>116.56</ele><time>2024-09-13T02:10:55Z</time></trkpt><trkpt lat="-39.3708787858" lon="-72.6367064472"><ele>116.40</ele><time>2024-09-13T02:10:56Z</time></trkpt><trkpt lat="-39.3710213620" lon="-72.6370003168"><ele>116.03</ele><time>2024-09-13T02:11:00Z</time></trkpt><trkpt lat="-39.3710439932" lon="-72.6370558050"><ele>115.89</ele><time>2024-09-13T02:11:01Z</time></trkpt><trkpt lat="-39.3710572366" lon="-72.6370906737"><ele>115.69</ele><time>2024-09-13T02:11:02Z</time></trkpt><trkpt lat="-39.3710714020" lon="-72.6370945293"><ele>115.59</ele><time>2024-09-13T02:11:12Z</time></trkpt><trkpt lat="-39.3710741680" lon="-72.6371172443"><ele>115.70</ele><time>2024-09-13T02:11:47Z</time></trkpt><trkpt lat="-39.3711371999" lon="-72.6371863950"><ele>115.63</ele><time>2024-09-13T02:11:50Z</time></trkpt><trkpt lat="-39.3713470828" lon="-72.6373568829"><ele>115.74</ele><time>2024-09-13T02:11:55Z</time></trkpt><trkpt lat="-39.3714057561" lon="-72.6373627502"><ele>115.66</ele><time>2024-09-13T02:11:56Z</time></trkpt><trkpt lat="-39.3714698777" lon="-72.6373397000"><ele>115.56</ele><time>2024-09-13T02:11:57Z</time></trkpt><trkpt lat="-39.3715286348" lon="-72.6373014785"><ele>115.51</ele><time>2024-09-13T02:11:58Z</time></trkpt><trkpt lat="-39.3715852126" lon="-72.6372515224"><ele>115.48</ele><time>2024-09-13T02:11:59Z</time></trkpt><trkpt lat="-39.3716454785" lon="-72.6371890772"><ele>115.24</ele><time>2024-09-13T02:12:00Z</time></trkpt><trkpt lat="-39.3726032786" lon="-72.6362763718"><ele>112.73</ele><time>2024-09-13T02:12:14Z</time></trkpt><trkpt lat="-39.3739019707" lon="-72.6350421365"><ele>112.51</ele><time>2024-09-13T02:12:32Z</time></trkpt><trkpt lat="-39.3746643048" lon="-72.6343106478"><ele>112.08</ele><time>2024-09-13T02:12:47Z</time></trkpt><trkpt lat="-39.3753378745" lon="-72.6336449571"><ele>111.17</ele><time>2024-09-13T02:12:59Z</time></trkpt><trkpt lat="-39.3761294615" lon="-72.6328671165"><ele>110.93</ele><time>2024-09-13T02:13:14Z</time></trkpt><trkpt lat="-39.3771455996" lon="-72.6317702606"><ele>113.88</ele><time>2024-09-13T02:13:31Z</time></trkpt><trkpt lat="-39.3779099453" lon="-72.6310390234"><ele>113.69</ele><time>2024-09-13T02:13:44Z</time></trkpt><trkpt lat="-39.3781127036" lon="-72.6308610756"><ele>113.64</ele><time>2024-09-13T02:13:54Z</time></trkpt><trkpt lat="-39.3781631626" lon="-72.6308291405"><ele>113.81</ele><time>2024-09-13T02:13:55Z</time></trkpt><trkpt lat="-39.3782235123" lon="-72.6307975408"><ele>113.70</ele><time>2024-09-13T02:13:56Z</time></trkpt><trkpt lat="-39.3791606091" lon="-72.6304056030"><ele>112.54</ele><time>2024-09-13T02:14:09Z</time></trkpt><trkpt lat="-39.3801671918" lon="-72.6299870946"><ele>112.93</ele><time>2024-09-13T02:14:23Z</time></trkpt><trkpt lat="-39.3809215631" lon="-72.6296645589"><ele>113.39</ele><time>2024-09-13T02:14:34Z</time></trkpt><trkpt lat="-39.3818988930" lon="-72.6292360760"><ele>113.76</ele><time>2024-09-13T02:14:48Z</time></trkpt><trkpt lat="-39.3823371828" lon="-72.6290147938"><ele>113.95</ele><time>2024-09-13T02:14:57Z</time></trkpt><trkpt lat="-39.3831564300" lon="-72.6286555454"><ele>114.32</ele><time>2024-09-13T02:15:09Z</time></trkpt><trkpt lat="-39.3837465160" lon="-72.6284174994"><ele>114.55</ele><time>2024-09-13T02:15:19Z</time></trkpt><trkpt lat="-39.3837777805" lon="-72.6283900905"><ele>114.68</ele><time>2024-09-13T02:15:20Z</time></trkpt><trkpt lat="-39.3837855756" lon="-72.6283585746"><ele>114.62</ele><time>2024-09-13T02:15:21Z</time></trkpt><trkpt lat="-39.3837844022" lon="-72.6283188444"><ele>114.62</ele><time>2024-09-13T02:15:22Z</time></trkpt><trkpt lat="-39.3837680575" lon="-72.6282860711"><ele>114.64</ele><time>2024-09-13T02:15:23Z</time></trkpt><trkpt lat="-39.3837423250" lon="-72.6282584947"><ele>114.55</ele><time>2024-09-13T02:15:24Z</time></trkpt><trkpt lat="-39.3837120663" lon="-72.6282338519"><ele>114.63</ele><time>2024-09-13T02:15:25Z</time></trkpt><trkpt lat="-39.3836792093" lon="-72.6282112207"><ele>114.61</ele><time>2024-09-13T02:15:26Z</time></trkpt><trkpt lat="-39.3836426642" lon="-72.6281864941"><ele>114.71</ele><time>2024-09-13T02:15:27Z</time></trkpt><trkpt lat="-39.3836082146" lon="-72.6281515416"><ele>114.58</ele><time>2024-09-13T02:15:28Z</time></trkpt><trkpt lat="-39.3830413464" lon="-72.6275835000"><ele>114.33</ele><time>2024-09-13T02:15:44Z</time></trkpt><trkpt lat="-39.3830052204" lon="-72.6275954023"><ele>114.40</ele><time>2024-09-13T02:15:45Z</time></trkpt><trkpt lat="-39.3826395180" lon="-72.6277406607"><ele>113.95</ele><time>2024-09-13T02:15:56Z</time></trkpt><trkpt lat="-39.3824484106" lon="-72.6277960651"><ele>113.75</ele><time>2024-09-13T02:16:02Z</time></trkpt><trkpt lat="-39.3822464067" lon="-72.6278055366"><ele>113.39</ele><time>2024-09-13T02:16:11Z</time></trkpt><trkpt lat="-39.3820686266" lon="-72.6271937415"><ele>113.51</ele><time>2024-09-13T02:16:22Z</time></trkpt><trkpt lat="-39.3820561375" lon="-72.6271406841"><ele>113.54</ele><time>2024-09-13T02:16:23Z</time></trkpt><trkpt lat="-39.3820462469" lon="-72.6270953380"><ele>113.39</ele><time>2024-09-13T02:16:24Z</time></trkpt><trkpt lat="-39.3820070196" lon="-72.6270169672"><ele>113.36</ele><time>2024-09-13T02:16:27Z</time></trkpt><trkpt lat="-39.3819736596" lon="-72.6270063221"><ele>113.41</ele><time>2024-09-13T02:16:28Z</time></trkpt><trkpt lat="-39.3819323368" lon="-72.6270110998"><ele>113.47</ele><time>2024-09-13T02:16:29Z</time></trkpt><trkpt lat="-39.3818825483" lon="-72.6270297915"><ele>113.57</ele><time>2024-09-13T02:16:30Z</time></trkpt><trkpt lat="-39.3818319216" lon="-72.6270502433"><ele>113.68</ele><time>2024-09-13T02:16:31Z</time></trkpt><trkpt lat="-39.3817866594" lon="-72.6270737126"><ele>113.51</ele><time>2024-09-13T02:16:32Z</time></trkpt><trkpt lat="-39.3817515392" lon="-72.6271048095"><ele>113.52</ele><time>2024-09-13T02:16:33Z</time></trkpt><trkpt lat="-39.3817264773" lon="-72.6271409355"><ele>113.61</ele><time>2024-09-13T02:16:34Z</time></trkpt><trkpt lat="-39.3817258906" lon="-72.6271784026"><ele>113.75</ele><time>2024-09-13T02:16:35Z</time></trkpt><trkpt lat="-39.3817260582" lon="-72.6272268500"><ele>113.84</ele><time>2024-09-13T02:16:36Z</time></trkpt><trkpt lat="-39.3817348592" lon="-72.6272856910"><ele>113.87</ele><time>2024-09-13T02:16:37Z</time></trkpt><trkpt lat="-39.3817517068" lon="-72.6273540035"><ele>113.95</ele><time>2024-09-13T02:16:38Z</time></trkpt><trkpt lat="-39.3819120526" lon="-72.6280323509"><ele>113.54</ele><time>2024-09-13T02:16:48Z</time></trkpt><trkpt lat="-39.3819004018" lon="-72.6280555688"><ele>113.52</ele><time>2024-09-13T02:16:49Z</time></trkpt><trkpt lat="-39.3818812072" lon="-72.6280742604"><ele>113.42</ele><time>2024-09-13T02:16:50Z</time></trkpt><trkpt lat="-39.3818543013" lon="-72.6280882582"><ele>113.38</ele><time>2024-09-13T02:16:51Z</time></trkpt><trkpt lat="-39.3814437557" lon="-72.6282599196"><ele>113.11</ele><time>2024-09-13T02:17:00Z</time></trkpt><trkpt lat="-39.3813882675" lon="-72.6283311658"><ele>112.97</ele><time>2024-09-13T02:17:03Z</time></trkpt><trkpt lat="-39.3813947216" lon="-72.6283738296"><ele>113.03</ele><time>2024-09-13T02:17:04Z</time></trkpt><trkpt lat="-39.3814103119" lon="-72.6284280606"><ele>113.19</ele><time>2024-09-13T02:17:05Z</time></trkpt><trkpt lat="-39.3815493677" lon="-72.6289786678"><ele>113.40</ele><time>2024-09-13T02:17:17Z</time></trkpt><trkpt lat="-39.3815649580" lon="-72.6293064002"><ele>113.16</ele><time>2024-09-13T02:17:26Z</time></trkpt><trkpt lat="-39.3815351184" lon="-72.6293255109"><ele>113.31</ele><time>2024-09-13T02:17:27Z</time></trkpt><trkpt lat="-39.3814923707" lon="-72.6293405145"><ele>113.33</ele><time>2024-09-13T02:17:28Z</time></trkpt><trkpt lat="-39.3814390618" lon="-72.6293587871"><ele>113.23</ele><time>2024-09-13T02:17:29Z</time></trkpt><trkpt lat="-39.3813777063" lon="-72.6293848548"><ele>113.17</ele><time>2024-09-13T02:17:30Z</time></trkpt><trkpt lat="-39.3806499057" lon="-72.6296951529"><ele>112.76</ele><time>2024-09-13T02:17:42Z</time></trkpt><trkpt lat="-39.3806077447" lon="-72.6297021098"><ele>112.81</ele><time>2024-09-13T02:17:43Z</time></trkpt><trkpt lat="-39.3805711996" lon="-72.6296924707"><ele>112.79</ele><time>2024-09-13T02:17:44Z</time></trkpt><trkpt lat="-39.3805402704" lon="-72.6296659838"><ele>112.69</ele><time>2024-09-13T02:17:45Z</time></trkpt><trkpt lat="-39.3805168848" lon="-72.6296299417"><ele>112.74</ele><time>2024-09-13T02:17:46Z</time></trkpt><trkpt lat="-39.3804991152" lon="-72.6295835897"><ele>112.64</ele><time>2024-09-13T02:17:47Z</time></trkpt><trkpt lat="-39.3804818485" lon="-72.6295318734"><ele>112.71</ele><time>2024-09-13T02:17:48Z</time></trkpt><trkpt lat="-39.3804670125" lon="-72.6294754632"><ele>112.74</ele><time>2024-09-13T02:17:49Z</time></trkpt><trkpt lat="-39.3804528471" lon="-72.6294219866"><ele>112.69</ele><time>2024-09-13T02:17:50Z</time></trkpt><trkpt lat="-39.3804330658" lon="-72.6293752156"><ele>112.58</ele><time>2024-09-13T02:17:51Z</time></trkpt><trkpt lat="-39.3804142904" lon="-72.6293251757"><ele>112.73</ele><time>2024-09-13T02:17:52Z</time></trkpt><trkpt lat="-39.3802055810" lon="-72.6285722293"><ele>113.08</ele><time>2024-09-13T02:18:04Z</time></trkpt><trkpt lat="-39.3800619990" lon="-72.6279108971"><ele>112.93</ele><time>2024-09-13T02:18:16Z</time></trkpt><trkpt lat="-39.3800742365" lon="-72.6278841589"><ele>112.91</ele><time>2024-09-13T02:18:17Z</time></trkpt><trkpt lat="-39.3800885696" lon="-72.6278649643"><ele>112.84</ele><time>2024-09-13T02:18:18Z</time></trkpt><trkpt lat="-39.3801125418" lon="-72.6278495416"><ele>112.97</ele><time>2024-09-13T02:18:19Z</time></trkpt><trkpt lat="-39.3801505957" lon="-72.6278319396"><ele>113.16</ele><time>2024-09-13T02:18:20Z</time></trkpt><trkpt lat="-39.3801980373" lon="-72.6278181095"><ele>113.26</ele><time>2024-09-13T02:18:21Z</time></trkpt><trkpt lat="-39.3802487478" lon="-72.6278016809"><ele>113.23</ele><time>2024-09-13T02:18:22Z</time></trkpt><trkpt lat="-39.3809909653" lon="-72.6274959091"><ele>113.22</ele><time>2024-09-13T02:18:36Z</time></trkpt><trkpt lat="-39.3810335454" lon="-72.6274763793"><ele>113.30</ele><time>2024-09-13T02:18:37Z</time></trkpt><trkpt lat="-39.3810655642" lon="-72.6274568494"><ele>113.18</ele><time>2024-09-13T02:18:38Z</time></trkpt><trkpt lat="-39.3810878601" lon="-72.6274348889"><ele>112.96</ele><time>2024-09-13T02:18:39Z</time></trkpt><trkpt lat="-39.3810990080" lon="-72.6274080668"><ele>112.88</ele><time>2024-09-13T02:18:40Z</time></trkpt><trkpt lat="-39.3810991757" lon="-72.6273729466"><ele>112.99</ele><time>2024-09-13T02:18:41Z</time></trkpt><trkpt lat="-39.3810938951" lon="-72.6273293607"><ele>112.96</ele><time>2024-09-13T02:18:42Z</time></trkpt><trkpt lat="-39.3810783047" lon="-72.6272820868"><ele>113.12</ele><time>2024-09-13T02:18:43Z</time></trkpt><trkpt lat="-39.3810591102" lon="-72.6272312086"><ele>113.13</ele><time>2024-09-13T02:18:44Z</time></trkpt><trkpt lat="-39.3810438551" lon="-72.6271801628"><ele>113.13</ele><time>2024-09-13T02:18:45Z</time></trkpt><trkpt lat="-39.3810177874" lon="-72.6269640774"><ele>113.36</ele><time>2024-09-13T02:18:51Z</time></trkpt><trkpt lat="-39.3810335454" lon="-72.6269411109"><ele>113.42</ele><time>2024-09-13T02:18:52Z</time></trkpt><trkpt lat="-39.3810612895" lon="-72.6269215811"><ele>113.49</ele><time>2024-09-13T02:18:53Z</time></trkpt><trkpt lat="-39.3810993433" lon="-72.6269082539"><ele>113.65</ele><time>2024-09-13T02:18:54Z</time></trkpt><trkpt lat="-39.3811426777" lon="-72.6268963516"><ele>113.56</ele><time>2024-09-13T02:18:55Z</time></trkpt><trkpt lat="-39.3815433327" lon="-72.6267186552"><ele>113.78</ele><time>2024-09-13T02:19:05Z</time></trkpt><trkpt lat="-39.3816610985" lon="-72.6267076749"><ele>113.92</ele><time>2024-09-13T02:19:10Z</time></trkpt><trkpt lat="-39.3816761021" lon="-72.6267343294"><ele>113.88</ele><time>2024-09-13T02:19:11Z</time></trkpt><trkpt lat="-39.3816918600" lon="-72.6267759874"><ele>113.98</ele><time>2024-09-13T02:19:12Z</time></trkpt><trkpt lat="-39.3817072827" lon="-72.6268297154"><ele>113.98</ele><time>2024-09-13T02:19:13Z</time></trkpt><trkpt lat="-39.3817232922" lon="-72.6268878020"><ele>113.91</ele><time>2024-09-13T02:19:14Z</time></trkpt><trkpt lat="-39.3817504495" lon="-72.6270860340"><ele>113.70</ele><time>2024-09-13T02:19:19Z</time></trkpt><trkpt lat="-39.3817340210" lon="-72.6271110121"><ele>113.79</ele><time>2024-09-13T02:19:20Z</time></trkpt><trkpt lat="-39.3817045167" lon="-72.6271333918"><ele>113.84</ele><time>2024-09-13T02:19:21Z</time></trkpt><trkpt lat="-39.3816644512" lon="-72.6271504909"><ele>113.93</ele><time>2024-09-13T02:19:22Z</time></trkpt><trkpt lat="-39.3816175964" lon="-72.6271685120"><ele>113.88</ele><time>2024-09-13T02:19:23Z</time></trkpt><trkpt lat="-39.3812108226" lon="-72.6273220684"><ele>113.32</ele><time>2024-09-13T02:19:30Z</time></trkpt><trkpt lat="-39.3810967449" lon="-72.6273890398"><ele>113.17</ele><time>2024-09-13T02:19:32Z</time></trkpt><trkpt lat="-39.3810423464" lon="-72.6274241600"><ele>113.23</ele><time>2024-09-13T02:19:33Z</time></trkpt><trkpt lat="-39.3809904624" lon="-72.6274482161"><ele>113.21</ele><time>2024-09-13T02:19:34Z</time></trkpt><trkpt lat="-39.3804455549" lon="-72.6276933029"><ele>113.11</ele><time>2024-09-13T02:19:44Z</time></trkpt><trkpt lat="-39.3804374244" lon="-72.6277294289"><ele>113.26</ele><time>2024-09-13T02:19:45Z</time></trkpt><trkpt lat="-39.3804347422" lon="-72.6277713384"><ele>113.14</ele><time>2024-09-13T02:19:46Z</time></trkpt><trkpt lat="-39.3804419506" lon="-72.6278083865"><ele>113.05</ele><time>2024-09-13T02:19:47Z</time></trkpt><trkpt lat="-39.3804479856" lon="-72.6278443448"><ele>113.04</ele><time>2024-09-13T02:19:48Z</time></trkpt><trkpt lat="-39.3805823475" lon="-72.6283943653"><ele>113.51</ele><time>2024-09-13T02:20:01Z</time></trkpt><trkpt lat="-39.3806867022" lon="-72.6288049947"><ele>113.21</ele><time>2024-09-13T02:20:15Z</time></trkpt><trkpt lat="-39.3806902226" lon="-72.6288216747"><ele>113.26</ele><time>2024-09-13T02:20:16Z</time></trkpt><trkpt lat="-39.3807210680" lon="-72.6289464813"><ele>113.42</ele><time>2024-09-13T02:20:19Z</time></trkpt><trkpt lat="-39.3808959983" lon="-72.6295672450"><ele>112.58</ele><time>2024-09-13T02:20:30Z</time></trkpt><trkpt lat="-39.3809251674" lon="-72.6295830030"><ele>112.69</ele><time>2024-09-13T02:20:31Z</time></trkpt><trkpt lat="-39.3809602875" lon="-72.6295902953"><ele>112.71</ele><time>2024-09-13T02:20:32Z</time></trkpt><trkpt lat="-39.3809966650" lon="-72.6295986772"><ele>112.90</ele><time>2024-09-13T02:20:33Z</time></trkpt><trkpt lat="-39.3810296059" lon="-72.6296176203"><ele>112.94</ele><time>2024-09-13T02:20:34Z</time></trkpt><trkpt lat="-39.3810579367" lon="-72.6296545845"><ele>113.09</ele><time>2024-09-13T02:20:35Z</time></trkpt><trkpt lat="-39.3810777180" lon="-72.6297033671"><ele>113.08</ele><time>2024-09-13T02:20:36Z</time></trkpt><trkpt lat="-39.3810949847" lon="-72.6297664829"><ele>113.30</ele><time>2024-09-13T02:20:37Z</time></trkpt><trkpt lat="-39.3811126705" lon="-72.6298396569"><ele>113.29</ele><time>2024-09-13T02:20:38Z</time></trkpt><trkpt lat="-39.3813280854" lon="-72.6306739077"><ele>112.75</ele><time>2024-09-13T02:20:49Z</time></trkpt><trkpt lat="-39.3814737629" lon="-72.6312275324"><ele>112.95</ele><time>2024-09-13T02:20:58Z</time></trkpt><trkpt lat="-39.3816038501" lon="-72.6319518965"><ele>112.10</ele><time>2024-09-13T02:21:09Z</time></trkpt><trkpt lat="-39.3815751001" lon="-72.6319959853"><ele>112.17</ele><time>2024-09-13T02:21:10Z</time></trkpt><trkpt lat="-39.3814020976" lon="-72.6322512142"><ele>112.03</ele><time>2024-09-13T02:21:15Z</time></trkpt><trkpt lat="-39.3813659716" lon="-72.6322786231"><ele>112.12</ele><time>2024-09-13T02:21:16Z</time></trkpt><trkpt lat="-39.3813275825" lon="-72.6322837360"><ele>112.02</ele><time>2024-09-13T02:21:17Z</time></trkpt><trkpt lat="-39.3812943064" lon="-72.6322616078"><ele>112.06</ele><time>2024-09-13T02:21:18Z</time></trkpt><trkpt lat="-39.3812669814" lon="-72.6322156750"><ele>112.03</ele><time>2024-09-13T02:21:19Z</time></trkpt><trkpt lat="-39.3812457751" lon="-72.6321492903"><ele>112.20</ele><time>2024-09-13T02:21:20Z</time></trkpt><trkpt lat="-39.3812262453" lon="-72.6320718415"><ele>112.17</ele><time>2024-09-13T02:21:21Z</time></trkpt><trkpt lat="-39.3812032789" lon="-72.6319901180"><ele>112.14</ele><time>2024-09-13T02:21:22Z</time></trkpt><trkpt lat="-39.3808539212" lon="-72.6305879932"><ele>113.03</ele><time>2024-09-13T02:21:36Z</time></trkpt><trkpt lat="-39.3806883786" lon="-72.6297897007"><ele>112.66</ele><time>2024-09-13T02:21:46Z</time></trkpt><trkpt lat="-39.3806323875" lon="-72.6297504734"><ele>112.63</ele><time>2024-09-13T02:21:48Z</time></trkpt><trkpt lat="-39.3805880472" lon="-72.6297467016"><ele>112.63</ele><time>2024-09-13T02:21:49Z</time></trkpt><trkpt lat="-39.3805375043" lon="-72.6297536585"><ele>112.76</ele><time>2024-09-13T02:21:50Z</time></trkpt><trkpt lat="-39.3804809265" lon="-72.6297700033"><ele>112.79</ele><time>2024-09-13T02:21:51Z</time></trkpt><trkpt lat="-39.3804204091" lon="-72.6297935564"><ele>112.87</ele><time>2024-09-13T02:21:52Z</time></trkpt><trkpt lat="-39.3803576287" lon="-72.6298161037"><ele>112.83</ele><time>2024-09-13T02:21:53Z</time></trkpt><trkpt lat="-39.3802918307" lon="-72.6298418362"><ele>112.82</ele><time>2024-09-13T02:21:54Z</time></trkpt><trkpt lat="-39.3802278768" lon="-72.6298705861"><ele>112.85</ele><time>2024-09-13T02:21:55Z</time></trkpt><trkpt lat="-39.3798438180" lon="-72.6300408226"><ele>112.56</ele><time>2024-09-13T02:22:01Z</time></trkpt><trkpt lat="-39.3797970470" lon="-72.6300414931"><ele>112.51</ele><time>2024-09-13T02:22:02Z</time></trkpt><trkpt lat="-39.3797553889" lon="-72.6300216280"><ele>112.55</ele><time>2024-09-13T02:22:03Z</time></trkpt><trkpt lat="-39.3797185086" lon="-72.6299777906"><ele>112.55</ele><time>2024-09-13T02:22:04Z</time></trkpt><trkpt lat="-39.3796947040" lon="-72.6299077179"><ele>112.63</ele><time>2024-09-13T02:22:05Z</time></trkpt><trkpt lat="-39.3796786107" lon="-72.6298320293"><ele>112.67</ele><time>2024-09-13T02:22:06Z</time></trkpt><trkpt lat="-39.3796573207" lon="-72.6297562569"><ele>112.62</ele><time>2024-09-13T02:22:07Z</time></trkpt><trkpt lat="-39.3793747667" lon="-72.6286012307"><ele>112.96</ele><time>2024-09-13T02:22:20Z</time></trkpt><trkpt lat="-39.3792960607" lon="-72.6282952074"><ele>113.05</ele><time>2024-09-13T02:22:24Z</time></trkpt><trkpt lat="-39.3792900257" lon="-72.6282446645"><ele>112.87</ele><time>2024-09-13T02:22:25Z</time></trkpt><trkpt lat="-39.3792764470" lon="-72.6282027550"><ele>112.82</ele><time>2024-09-13T02:22:26Z</time></trkpt><trkpt lat="-39.3792608567" lon="-72.6281748433"><ele>112.80</ele><time>2024-09-13T02:22:27Z</time></trkpt><trkpt lat="-39.3792465236" lon="-72.6281654555"><ele>112.82</ele><time>2024-09-13T02:22:28Z</time></trkpt><trkpt lat="-39.3792247307" lon="-72.6281766873"><ele>112.89</ele><time>2024-09-13T02:22:30Z</time></trkpt><trkpt lat="-39.3792125769" lon="-72.6281849016"><ele>113.01</ele><time>2024-09-13T02:22:31Z</time></trkpt><trkpt lat="-39.3789058831" lon="-72.6283372007"><ele>113.11</ele><time>2024-09-13T02:22:42Z</time></trkpt><trkpt lat="-39.3783863727" lon="-72.6285966206"><ele>113.42</ele><time>2024-09-13T02:22:57Z</time></trkpt><trkpt lat="-39.3780644238" lon="-72.6287435554"><ele>113.78</ele><time>2024-09-13T02:23:07Z</time></trkpt><trkpt lat="-39.3780190777" lon="-72.6287067588"><ele>113.95</ele><time>2024-09-13T02:23:10Z</time></trkpt><trkpt lat="-39.3780118693" lon="-72.6286690403"><ele>114.19</ele><time>2024-09-13T02:23:11Z</time></trkpt><trkpt lat="-39.3780105282" lon="-72.6286234427"><ele>114.23</ele><time>2024-09-13T02:23:12Z</time></trkpt><trkpt lat="-39.3780112825" lon="-72.6285669487"><ele>114.04</ele><time>2024-09-13T02:23:13Z</time></trkpt><trkpt lat="-39.3780103605" lon="-72.6277639624"><ele>114.52</ele><time>2024-09-13T02:23:22Z</time></trkpt><trkpt lat="-39.3780307285" lon="-72.6264537871"><ele>114.66</ele><time>2024-09-13T02:23:35Z</time></trkpt><trkpt lat="-39.3780749850" lon="-72.6259895973"><ele>114.79</ele><time>2024-09-13T02:23:40Z</time></trkpt><trkpt lat="-39.3780963589" lon="-72.6258985698"><ele>114.86</ele><time>2024-09-13T02:23:41Z</time></trkpt><trkpt lat="-39.3781989533" lon="-72.6256282534"><ele>115.03</ele><time>2024-09-13T02:23:44Z</time></trkpt><trkpt lat="-39.3782439642" lon="-72.6255465299"><ele>115.09</ele><time>2024-09-13T02:23:45Z</time></trkpt><trkpt lat="-39.3791070487" lon="-72.6243221015"><ele>114.84</ele><time>2024-09-13T02:23:59Z</time></trkpt><trkpt lat="-39.3801311497" lon="-72.6228874549"><ele>115.07</ele><time>2024-09-13T02:24:16Z</time></trkpt><trkpt lat="-39.3811695836" lon="-72.6214103960"><ele>115.98</ele><time>2024-09-13T02:24:32Z</time></trkpt><trkpt lat="-39.3819868192" lon="-72.6202847902"><ele>116.61</ele><time>2024-09-13T02:24:44Z</time></trkpt><trkpt lat="-39.3829981796" lon="-72.6188762113"><ele>117.74</ele><time>2024-09-13T02:24:58Z</time></trkpt><trkpt lat="-39.3838223722" lon="-72.6177604962"><ele>117.83</ele><time>2024-09-13T02:25:11Z</time></trkpt><trkpt lat="-39.3847148772" lon="-72.6165457070"><ele>118.01</ele><time>2024-09-13T02:25:26Z</time></trkpt><trkpt lat="-39.3848377559" lon="-72.6164177991"><ele>117.93</ele><time>2024-09-13T02:25:29Z</time></trkpt><trkpt lat="-39.3848701101" lon="-72.6163830142"><ele>117.75</ele><time>2024-09-13T02:25:30Z</time></trkpt><trkpt lat="-39.3848950882" lon="-72.6163441222"><ele>117.54</ele><time>2024-09-13T02:25:31Z</time></trkpt><trkpt lat="-39.3849140313" lon="-72.6163796615"><ele>117.57</ele><time>2024-09-13T02:25:36Z</time></trkpt><trkpt lat="-39.3849057332" lon="-72.6164161228"><ele>117.57</ele><time>2024-09-13T02:25:40Z</time></trkpt><trkpt lat="-39.3848867062" lon="-72.6163990237"><ele>117.50</ele><time>2024-09-13T02:25:41Z</time></trkpt><trkpt lat="-39.3848644104" lon="-72.6163941622"><ele>117.68</ele><time>2024-09-13T02:25:42Z</time></trkpt><trkpt lat="-39.3848375045" lon="-72.6164038852"><ele>117.68</ele><time>2024-09-13T02:25:43Z</time></trkpt><trkpt lat="-39.3848040607" lon="-72.6164334733"><ele>117.74</ele><time>2024-09-13T02:25:44Z</time></trkpt><trkpt lat="-39.3847567867" lon="-72.6164866984"><ele>118.02</ele><time>2024-09-13T02:25:45Z</time></trkpt><trkpt lat="-39.3846997060" lon="-72.6165566873"><ele>118.16</ele><time>2024-09-13T02:25:46Z</time></trkpt><trkpt lat="-39.3840478454" lon="-72.6173942909"><ele>118.49</ele><time>2024-09-13T02:25:56Z</time></trkpt><trkpt lat="-39.3831267580" lon="-72.6186229941"><ele>117.94</ele><time>2024-09-13T02:26:09Z</time></trkpt><trkpt lat="-39.3821629230" lon="-72.6198985521"><ele>117.12</ele><time>2024-09-13T02:26:23Z</time></trkpt><trkpt lat="-39.3813518900" lon="-72.6210116688"><ele>117.59</ele><time>2024-09-13T02:26:36Z</time></trkpt><trkpt lat="-39.3806432839" lon="-72.6219892502"><ele>115.08</ele><time>2024-09-13T02:26:48Z</time></trkpt><trkpt lat="-39.3798397109" lon="-72.6231298596"><ele>114.90</ele><time>2024-09-13T02:27:00Z</time></trkpt><trkpt lat="-39.3789322861" lon="-72.6244595647"><ele>114.35</ele><time>2024-09-13T02:27:14Z</time></trkpt><trkpt lat="-39.3781364243" lon="-72.6255940553"><ele>114.85</ele><time>2024-09-13T02:27:28Z</time></trkpt><trkpt lat="-39.3780073430" lon="-72.6258938760"><ele>114.70</ele><time>2024-09-13T02:27:31Z</time></trkpt><trkpt lat="-39.3779826164" lon="-72.6259952132"><ele>114.70</ele><time>2024-09-13T02:27:32Z</time></trkpt><trkpt lat="-39.3779520225" lon="-72.6262081973"><ele>114.61</ele><time>2024-09-13T02:27:34Z</time></trkpt><trkpt lat="-39.3779459875" lon="-72.6274436060"><ele>114.14</ele><time>2024-09-13T02:27:46Z</time></trkpt><trkpt lat="-39.3779797666" lon="-72.6292854454"><ele>113.68</ele><time>2024-09-13T02:28:01Z</time></trkpt><trkpt lat="-39.3780099414" lon="-72.6302471850"><ele>113.03</ele><time>2024-09-13T02:28:12Z</time></trkpt><trkpt lat="-39.3780378532" lon="-72.6302633621"><ele>113.04</ele><time>2024-09-13T02:28:13Z</time></trkpt><trkpt lat="-39.3780688662" lon="-72.6302685589"><ele>113.07</ele><time>2024-09-13T02:28:14Z</time></trkpt><trkpt lat="-39.3781092670" lon="-72.6302585006"><ele>113.11</ele><time>2024-09-13T02:28:15Z</time></trkpt><trkpt lat="-39.3781615701" lon="-72.6302334387"><ele>113.20</ele><time>2024-09-13T02:28:16Z</time></trkpt><trkpt lat="-39.3782153819" lon="-72.6302033477"><ele>113.10</ele><time>2024-09-13T02:28:17Z</time></trkpt><trkpt lat="-39.3790912069" lon="-72.6298288442"><ele>112.74</ele><time>2024-09-13T02:28:31Z</time></trkpt><trkpt lat="-39.3796095438" lon="-72.6296289358"><ele>112.33</ele><time>2024-09-13T02:28:41Z</time></trkpt><trkpt lat="-39.3796398025" lon="-72.6296489686"><ele>112.40</ele><time>2024-09-13T02:28:42Z</time></trkpt><trkpt lat="-39.3796650320" lon="-72.6296870224"><ele>112.39</ele><time>2024-09-13T02:28:43Z</time></trkpt><trkpt lat="-39.3796843942" lon="-72.6297415886"><ele>112.29</ele><time>2024-09-13T02:28:44Z</time></trkpt><trkpt lat="-39.3797042593" lon="-72.6298078895"><ele>112.35</ele><time>2024-09-13T02:28:45Z</time></trkpt><trkpt lat="-39.3797649443" lon="-72.6300237235"><ele>111.90</ele><time>2024-09-13T02:28:52Z</time></trkpt><trkpt lat="-39.3797714822" lon="-72.6300279982"><ele>111.86</ele><time>2024-09-13T02:28:56Z</time></trkpt><trkpt lat="-39.3797825463" lon="-72.6301165111"><ele>111.92</ele><time>2024-09-13T02:28:59Z</time></trkpt><trkpt lat="-39.3798150681" lon="-72.6302162558"><ele>112.01</ele><time>2024-09-13T02:29:01Z</time></trkpt><trkpt lat="-39.3799234461" lon="-72.6306432299"><ele>112.54</ele><time>2024-09-13T02:29:08Z</time></trkpt><trkpt lat="-39.3799038325" lon="-72.6306786016"><ele>112.54</ele><time>2024-09-13T02:29:09Z</time></trkpt><trkpt lat="-39.3798709754" lon="-72.6307006460"><ele>112.63</ele><time>2024-09-13T02:29:10Z</time></trkpt><trkpt lat="-39.3798282277" lon="-72.6307141408"><ele>112.59</ele><time>2024-09-13T02:29:11Z</time></trkpt><trkpt lat="-39.3797776848" lon="-72.6307280548"><ele>112.52</ele><time>2024-09-13T02:29:12Z</time></trkpt><trkpt lat="-39.3797210231" lon="-72.6307495963"><ele>112.64</ele><time>2024-09-13T02:29:13Z</time></trkpt><trkpt lat="-39.3787159491" lon="-72.6312005427"><ele>112.97</ele><time>2024-09-13T02:29:28Z</time></trkpt><trkpt lat="-39.3782225903" lon="-72.6314478926"><ele>112.90</ele><time>2024-09-13T02:29:38Z</time></trkpt><trkpt lat="-39.3782119453" lon="-72.6315050572"><ele>112.95</ele><time>2024-09-13T02:29:39Z</time></trkpt><trkpt lat="-39.3782174774" lon="-72.6315738726"><ele>113.03</ele><time>2024-09-13T02:29:40Z</time></trkpt><trkpt lat="-39.3782292120" lon="-72.6316510700"><ele>113.08</ele><time>2024-09-13T02:29:41Z</time></trkpt><trkpt lat="-39.3782475684" lon="-72.6317305304"><ele>113.12</ele><time>2024-09-13T02:29:42Z</time></trkpt><trkpt lat="-39.3782714568" lon="-72.6318038721"><ele>113.06</ele><time>2024-09-13T02:29:43Z</time></trkpt><trkpt lat="-39.3783011287" lon="-72.6318637189"><ele>112.94</ele><time>2024-09-13T02:29:44Z</time></trkpt><trkpt lat="-39.3783422001" lon="-72.6319037005"><ele>112.88</ele><time>2024-09-13T02:29:45Z</time></trkpt><trkpt lat="-39.3783877976" lon="-72.6319202967"><ele>112.97</ele><time>2024-09-13T02:29:46Z</time></trkpt><trkpt lat="-39.3784343172" lon="-72.6319190394"><ele>112.89</ele><time>2024-09-13T02:29:47Z</time></trkpt><trkpt lat="-39.3784836028" lon="-72.6319044549"><ele>112.89</ele><time>2024-09-13T02:29:48Z</time></trkpt><trkpt lat="-39.3785368279" lon="-72.6318789739"><ele>112.85</ele><time>2024-09-13T02:29:49Z</time></trkpt><trkpt lat="-39.3785967585" lon="-72.6318510622"><ele>112.77</ele><time>2024-09-13T02:29:50Z</time></trkpt><trkpt lat="-39.3794673029" lon="-72.6314679254"><ele>112.33</ele><time>2024-09-13T02:30:02Z</time></trkpt><trkpt lat="-39.3800157309" lon="-72.6312239282"><ele>112.18</ele><time>2024-09-13T02:30:11Z</time></trkpt><trkpt lat="-39.3800566345" lon="-72.6312216651"><ele>112.33</ele><time>2024-09-13T02:30:13Z</time></trkpt><trkpt lat="-39.3800764997" lon="-72.6312458050"><ele>112.53</ele><time>2024-09-13T02:30:14Z</time></trkpt><trkpt lat="-39.3801028188" lon="-72.6312843617"><ele>112.59</ele><time>2024-09-13T02:30:15Z</time></trkpt><trkpt lat="-39.3801231869" lon="-72.6313447952"><ele>112.57</ele><time>2024-09-13T02:30:16Z</time></trkpt><trkpt lat="-39.3801395316" lon="-72.6314176340"><ele>112.56</ele><time>2024-09-13T02:30:17Z</time></trkpt><trkpt lat="-39.3801704608" lon="-72.6315578632"><ele>112.49</ele><time>2024-09-13T02:30:19Z</time></trkpt><trkpt lat="-39.3801701255" lon="-72.6316194702"><ele>112.60</ele><time>2024-09-13T02:30:20Z</time></trkpt><trkpt lat="-39.3801485840" lon="-72.6316752937"><ele>112.56</ele><time>2024-09-13T02:30:21Z</time></trkpt><trkpt lat="-39.3801173195" lon="-72.6317147724"><ele>112.41</ele><time>2024-09-13T02:30:22Z</time></trkpt><trkpt lat="-39.3800737336" lon="-72.6317495573"><ele>112.38</ele><time>2024-09-13T02:30:23Z</time></trkpt><trkpt lat="-39.3800205085" lon="-72.6317762118"><ele>112.20</ele><time>2024-09-13T02:30:24Z</time></trkpt><trkpt lat="-39.3799602427" lon="-72.6318016089"><ele>112.19</ele><time>2024-09-13T02:30:25Z</time></trkpt><trkpt lat="-39.3791924603" lon="-72.6321375556"><ele>111.77</ele><time>2024-09-13T02:30:39Z</time></trkpt><trkpt lat="-39.3785695173" lon="-72.6323919464"><ele>112.49</ele><time>2024-09-13T02:30:51Z</time></trkpt><trkpt lat="-39.3784881290" lon="-72.6323600952"><ele>112.60</ele><time>2024-09-13T02:30:54Z</time></trkpt><trkpt lat="-39.3784627318" lon="-72.6323169284"><ele>112.73</ele><time>2024-09-13T02:30:55Z</time></trkpt><trkpt lat="-39.3784409389" lon="-72.6322606020"><ele>112.84</ele><time>2024-09-13T02:30:56Z</time></trkpt><trkpt lat="-39.3784221634" lon="-72.6321937982"><ele>112.71</ele><time>2024-09-13T02:30:57Z</time></trkpt><trkpt lat="-39.3784028012" lon="-72.6321191154"><ele>112.76</ele><time>2024-09-13T02:30:58Z</time></trkpt><trkpt lat="-39.3783815950" lon="-72.6320399065"><ele>112.74</ele><time>2024-09-13T02:30:59Z</time></trkpt><trkpt lat="-39.3780384399" lon="-72.6310371794"><ele>113.09</ele><time>2024-09-13T02:31:11Z</time></trkpt><trkpt lat="-39.3780010566" lon="-72.6309852116"><ele>113.10</ele><time>2024-09-13T02:31:12Z</time></trkpt><trkpt lat="-39.3779503461" lon="-72.6309642568"><ele>113.07</ele><time>2024-09-13T02:31:13Z</time></trkpt><trkpt lat="-39.3778986298" lon="-72.6309683640"><ele>113.02</ele><time>2024-09-13T02:31:14Z</time></trkpt><trkpt lat="-39.3778458238" lon="-72.6309961081"><ele>113.20</ele><time>2024-09-13T02:31:15Z</time></trkpt><trkpt lat="-39.3777934369" lon="-72.6310379338"><ele>113.29</ele><time>2024-09-13T02:31:16Z</time></trkpt><trkpt lat="-39.3777345959" lon="-72.6310952660"><ele>113.22</ele><time>2024-09-13T02:31:17Z</time></trkpt><trkpt lat="-39.3776683789" lon="-72.6311596390"><ele>113.26</ele><time>2024-09-13T02:31:18Z</time></trkpt><trkpt lat="-39.3767467048" lon="-72.6320683211"><ele>112.72</ele><time>2024-09-13T02:31:31Z</time></trkpt><trkpt lat="-39.3767057173" lon="-72.6321295090"><ele>112.52</ele><time>2024-09-13T02:31:32Z</time></trkpt><trkpt lat="-39.3766777217" lon="-72.6321898587"><ele>112.16</ele><time>2024-09-13T02:31:33Z</time></trkpt><trkpt lat="-39.3766704295" lon="-72.6322479453"><ele>112.05</ele><time>2024-09-13T02:31:34Z</time></trkpt><trkpt lat="-39.3766809069" lon="-72.6323074568"><ele>111.92</ele><time>2024-09-13T02:31:35Z</time></trkpt><trkpt lat="-39.3767029513" lon="-72.6323662978"><ele>111.88</ele><time>2024-09-13T02:31:36Z</time></trkpt><trkpt lat="-39.3767368142" lon="-72.6324325986"><ele>111.42</ele><time>2024-09-13T02:31:37Z</time></trkpt><trkpt lat="-39.3767774664" lon="-72.6325093769"><ele>110.97</ele><time>2024-09-13T02:31:38Z</time></trkpt><trkpt lat="-39.3772754353" lon="-72.6333789155"><ele>109.73</ele><time>2024-09-13T02:31:48Z</time></trkpt><trkpt lat="-39.3772824761" lon="-72.6334560290"><ele>109.65</ele><time>2024-09-13T02:31:49Z</time></trkpt><trkpt lat="-39.3772628624" lon="-72.6335214078"><ele>109.67</ele><time>2024-09-13T02:31:50Z</time></trkpt><trkpt lat="-39.3772289995" lon="-72.6335751358"><ele>109.44</ele><time>2024-09-13T02:31:51Z</time></trkpt><trkpt lat="-39.3771932088" lon="-72.6336177159"><ele>109.28</ele><time>2024-09-13T02:31:52Z</time></trkpt><trkpt lat="-39.3771626148" lon="-72.6336507406"><ele>109.08</ele><time>2024-09-13T02:31:53Z</time></trkpt><trkpt lat="-39.3771239743" lon="-72.6336668339"><ele>109.03</ele><time>2024-09-13T02:32:01Z</time></trkpt><trkpt lat="-39.3770963140" lon="-72.6336973440"><ele>109.02</ele><time>2024-09-13T02:32:07Z</time></trkpt><trkpt lat="-39.3770536501" lon="-72.6337466296"><ele>109.04</ele><time>2024-09-13T02:32:10Z</time></trkpt><trkpt lat="-39.3770375568" lon="-72.6337625552"><ele>109.02</ele><time>2024-09-13T02:32:11Z</time></trkpt><trkpt lat="-39.3767182063" lon="-72.6340679917"><ele>109.06</ele><time>2024-09-13T02:32:22Z</time></trkpt><trkpt lat="-39.3762730435" lon="-72.6344888471"><ele>109.11</ele><time>2024-09-13T02:32:31Z</time></trkpt><trkpt lat="-39.3755439855" lon="-72.6352002192"><ele>108.91</ele><time>2024-09-13T02:32:42Z</time></trkpt><trkpt lat="-39.3750103097" lon="-72.6357068215"><ele>111.12</ele><time>2024-09-13T02:32:50Z</time></trkpt><trkpt lat="-39.3747021072" lon="-72.6360044628"><ele>111.82</ele><time>2024-09-13T02:32:58Z</time></trkpt><trkpt lat="-39.3740499951" lon="-72.6366183534"><ele>111.98</ele><time>2024-09-13T02:33:10Z</time></trkpt><trkpt lat="-39.3737792596" lon="-72.6368660387"><ele>111.69</ele><time>2024-09-13T02:33:17Z</time></trkpt><trkpt lat="-39.3731607590" lon="-72.6374539454"><ele>111.80</ele><time>2024-09-13T02:33:27Z</time></trkpt><trkpt lat="-39.3728650454" lon="-72.6377256028"><ele>111.41</ele><time>2024-09-13T02:33:35Z</time></trkpt><trkpt lat="-39.3721944932" lon="-72.6383583527"><ele>113.07</ele><time>2024-09-13T02:33:46Z</time></trkpt><trkpt lat="-39.3720245920" lon="-72.6385444310"><ele>113.29</ele><time>2024-09-13T02:33:52Z</time></trkpt><trkpt lat="-39.3720264360" lon="-72.6386091392"><ele>113.32</ele><time>2024-09-13T02:33:53Z</time></trkpt><trkpt lat="-39.3720490672" lon="-72.6386835705"><ele>113.38</ele><time>2024-09-13T02:33:54Z</time></trkpt><trkpt lat="-39.3720861990" lon="-72.6387578342"><ele>113.47</ele><time>2024-09-13T02:33:55Z</time></trkpt><trkpt lat="-39.3721356522" lon="-72.6388407312"><ele>113.45</ele><time>2024-09-13T02:33:56Z</time></trkpt><trkpt lat="-39.3728787918" lon="-72.6400975138"><ele>112.97</ele><time>2024-09-13T02:34:10Z</time></trkpt><trkpt lat="-39.3732268084" lon="-72.6407129969"><ele>112.19</ele><time>2024-09-13T02:34:18Z</time></trkpt><trkpt lat="-39.3732545525" lon="-72.6407472789"><ele>112.07</ele><time>2024-09-13T02:34:19Z</time></trkpt><trkpt lat="-39.3732890859" lon="-72.6407677308"><ele>112.02</ele><time>2024-09-13T02:34:20Z</time></trkpt><trkpt lat="-39.3733349349" lon="-72.6407697424"><ele>112.00</ele><time>2024-09-13T02:34:21Z</time></trkpt><trkpt lat="-39.3733879924" lon="-72.6407424174"><ele>111.87</ele><time>2024-09-13T02:34:22Z</time></trkpt><trkpt lat="-39.3734477554" lon="-72.6406918745"><ele>112.01</ele><time>2024-09-13T02:34:23Z</time></trkpt><trkpt lat="-39.3735082727" lon="-72.6406345423"><ele>111.80</ele><time>2024-09-13T02:34:24Z</time></trkpt><trkpt lat="-39.3743011169" lon="-72.6399004553"><ele>110.97</ele><time>2024-09-13T02:34:37Z</time></trkpt><trkpt lat="-39.3752499484" lon="-72.6390217803"><ele>111.36</ele><time>2024-09-13T02:34:53Z</time></trkpt><trkpt lat="-39.3760338239" lon="-72.6382621285"><ele>111.09</ele><time>2024-09-13T02:35:06Z</time></trkpt><trkpt lat="-39.3760569580" lon="-72.6382038742"><ele>111.00</ele><time>2024-09-13T02:35:07Z</time></trkpt><trkpt lat="-39.3760550302" lon="-72.6381360646"><ele>110.88</ele><time>2024-09-13T02:35:08Z</time></trkpt><trkpt lat="-39.3760370929" lon="-72.6380642317"><ele>110.85</ele><time>2024-09-13T02:35:09Z</time></trkpt><trkpt lat="-39.3760023918" lon="-72.6379965059"><ele>110.80</ele><time>2024-09-13T02:35:10Z</time></trkpt><trkpt lat="-39.3759593926" lon="-72.6379315462"><ele>110.89</ele><time>2024-09-13T02:35:11Z</time></trkpt><trkpt lat="-39.3759149686" lon="-72.6378640719"><ele>110.96</ele><time>2024-09-13T02:35:12Z</time></trkpt><trkpt lat="-39.3752216175" lon="-72.6367045194"><ele>111.48</ele><time>2024-09-13T02:35:28Z</time></trkpt><trkpt lat="-39.3745574355" lon="-72.6356416941"><ele>112.13</ele><time>2024-09-13T02:35:41Z</time></trkpt><trkpt lat="-39.3741105963" lon="-72.6348852273"><ele>111.91</ele><time>2024-09-13T02:35:52Z</time></trkpt><trkpt lat="-39.3740163837" lon="-72.6346832234"><ele>112.06</ele><time>2024-09-13T02:35:59Z</time></trkpt><trkpt lat="-39.3738899846" lon="-72.6344846562"><ele>112.32</ele><time>2024-09-13T02:36:02Z</time></trkpt><trkpt lat="-39.3731714040" lon="-72.6332402788"><ele>112.56</ele><time>2024-09-13T02:36:18Z</time></trkpt><trkpt lat="-39.3724997621" lon="-72.6320681535"><ele>113.02</ele><time>2024-09-13T02:36:32Z</time></trkpt><trkpt lat="-39.3720934074" lon="-72.6313642412"><ele>113.39</ele><time>2024-09-13T02:36:42Z</time></trkpt><trkpt lat="-39.3720590416" lon="-72.6313250978"><ele>113.42</ele><time>2024-09-13T02:36:43Z</time></trkpt><trkpt lat="-39.3720236700" lon="-72.6313121058"><ele>113.41</ele><time>2024-09-13T02:36:44Z</time></trkpt><trkpt lat="-39.3719927408" lon="-72.6313234214"><ele>113.54</ele><time>2024-09-13T02:36:45Z</time></trkpt><trkpt lat="-39.3719624821" lon="-72.6313533448"><ele>113.75</ele><time>2024-09-13T02:36:46Z</time></trkpt><trkpt lat="-39.3719229195" lon="-72.6313959248"><ele>113.97</ele><time>2024-09-13T02:36:47Z</time></trkpt><trkpt lat="-39.3714267109" lon="-72.6318846736"><ele>115.95</ele><time>2024-09-13T02:36:55Z</time></trkpt><trkpt lat="-39.3711428996" lon="-72.6321520563"><ele>117.24</ele><time>2024-09-13T02:37:02Z</time></trkpt><trkpt lat="-39.3704219721" lon="-72.6328128017"><ele>116.91</ele><time>2024-09-13T02:37:14Z</time></trkpt><trkpt lat="-39.3701334670" lon="-72.6330929250"><ele>116.76</ele><time>2024-09-13T02:37:22Z</time></trkpt><trkpt lat="-39.3694220949" lon="-72.6337681711"><ele>115.38</ele><time>2024-09-13T02:37:35Z</time></trkpt><trkpt lat="-39.3693706300" lon="-72.6337984297"><ele>115.25</ele><time>2024-09-13T02:37:37Z</time></trkpt><trkpt lat="-39.3693345040" lon="-72.6337935682"><ele>115.12</ele><time>2024-09-13T02:37:38Z</time></trkpt><trkpt lat="-39.3692955282" lon="-72.6337612979"><ele>115.12</ele><time>2024-09-13T02:37:39Z</time></trkpt><trkpt lat="-39.3692547921" lon="-72.6337111741"><ele>115.17</ele><time>2024-09-13T02:37:40Z</time></trkpt><trkpt lat="-39.3692140561" lon="-72.6336481422"><ele>115.35</ele><time>2024-09-13T02:37:41Z</time></trkpt><trkpt lat="-39.3691750802" lon="-72.6335748006"><ele>115.35</ele><time>2024-09-13T02:37:42Z</time></trkpt><trkpt lat="-39.3689967133" lon="-72.6332951803"><ele>115.63</ele><time>2024-09-13T02:37:46Z</time></trkpt><trkpt lat="-39.3686939590" lon="-72.6328556333"><ele>116.29</ele><time>2024-09-13T02:37:55Z</time></trkpt><trkpt lat="-39.3686486129" lon="-72.6328303199"><ele>116.26</ele><time>2024-09-13T02:37:56Z</time></trkpt><trkpt lat="-39.3686023448" lon="-72.6328283921"><ele>116.47</ele><time>2024-09-13T02:37:57Z</time></trkpt><trkpt lat="-39.3685535621" lon="-72.6328505203"><ele>116.36</ele><time>2024-09-13T02:37:58Z</time></trkpt><trkpt lat="-39.3685022648" lon="-72.6328919269"><ele>116.52</ele><time>2024-09-13T02:37:59Z</time></trkpt><trkpt lat="-39.3684493750" lon="-72.6329397876"><ele>116.67</ele><time>2024-09-13T02:38:00Z</time></trkpt><trkpt lat="-39.3679338880" lon="-72.6334461384"><ele>116.58</ele><time>2024-09-13T02:38:11Z</time></trkpt><trkpt lat="-39.3676575366" lon="-72.6336994395"><ele>116.52</ele><time>2024-09-13T02:38:20Z</time></trkpt><trkpt lat="-39.3674515095" lon="-72.6339039579"><ele>115.81</ele><time>2024-09-13T02:38:24Z</time></trkpt><trkpt lat="-39.3674286269" lon="-72.6339597814"><ele>115.62</ele><time>2024-09-13T02:38:25Z</time></trkpt><trkpt lat="-39.3674223404" lon="-72.6340260822"><ele>115.52</ele><time>2024-09-13T02:38:26Z</time></trkpt><trkpt lat="-39.3674401939" lon="-72.6340980828"><ele>115.71</ele><time>2024-09-13T02:38:27Z</time></trkpt><trkpt lat="-39.3674765714" lon="-72.6341648865"><ele>115.56</ele><time>2024-09-13T02:38:28Z</time></trkpt><trkpt lat="-39.3675219174" lon="-72.6342389826"><ele>115.71</ele><time>2024-09-13T02:38:29Z</time></trkpt><trkpt lat="-39.3675696943" lon="-72.6343169343"><ele>115.64</ele><time>2024-09-13T02:38:30Z</time></trkpt><trkpt lat="-39.3681998458" lon="-72.6353800111"><ele>115.09</ele><time>2024-09-13T02:38:43Z</time></trkpt><trkpt lat="-39.3687457591" lon="-72.6362831611"><ele>115.18</ele><time>2024-09-13T02:38:53Z</time></trkpt><trkpt lat="-39.3693663552" lon="-72.6373921707"><ele>114.77</ele><time>2024-09-13T02:39:04Z</time></trkpt><trkpt lat="-39.3693604041" lon="-72.6374572981"><ele>114.84</ele><time>2024-09-13T02:39:05Z</time></trkpt><trkpt lat="-39.3693345040" lon="-72.6375084277"><ele>114.86</ele><time>2024-09-13T02:39:06Z</time></trkpt><trkpt lat="-39.3692941032" lon="-72.6375520974"><ele>114.78</ele><time>2024-09-13T02:39:07Z</time></trkpt><trkpt lat="-39.3692421354" lon="-72.6375919953"><ele>114.61</ele><time>2024-09-13T02:39:08Z</time></trkpt><trkpt lat="-39.3691855576" lon="-72.6376359165"><ele>114.64</ele><time>2024-09-13T02:39:09Z</time></trkpt><trkpt lat="-39.3683767039" lon="-72.6383319497"><ele>114.17</ele><time>2024-09-13T02:39:21Z</time></trkpt><trkpt lat="-39.3677516654" lon="-72.6389320940"><ele>113.77</ele><time>2024-09-13T02:39:30Z</time></trkpt><trkpt lat="-39.3676973507" lon="-72.6389663760"><ele>113.74</ele><time>2024-09-13T02:39:31Z</time></trkpt><trkpt lat="-39.3676407728" lon="-72.6389755122"><ele>113.82</ele><time>2024-09-13T02:39:32Z</time></trkpt><trkpt lat="-39.3675846979" lon="-72.6389610115"><ele>114.04</ele><time>2024-09-13T02:39:33Z</time></trkpt><trkpt lat="-39.3675380107" lon="-72.6389191858"><ele>114.07</ele><time>2024-09-13T02:39:34Z</time></trkpt><trkpt lat="-39.3674981967" lon="-72.6388552319"><ele>113.97</ele><time>2024-09-13T02:39:35Z</time></trkpt><trkpt lat="-39.3674575444" lon="-72.6387857459"><ele>113.85</ele><time>2024-09-13T02:39:36Z</time></trkpt><trkpt lat="-39.3674161378" lon="-72.6387103926"><ele>113.95</ele><time>2024-09-13T02:39:37Z</time></trkpt><trkpt lat="-39.3669500202" lon="-72.6379462983"><ele>113.86</ele><time>2024-09-13T02:39:49Z</time></trkpt><trkpt lat="-39.3669019081" lon="-72.6379426103"><ele>113.88</ele><time>2024-09-13T02:39:50Z</time></trkpt><trkpt lat="-39.3668562267" lon="-72.6379545964"><ele>113.82</ele><time>2024-09-13T02:39:51Z</time></trkpt><trkpt lat="-39.3668076117" lon="-72.6379856933"><ele>113.88</ele><time>2024-09-13T02:39:52Z</time></trkpt><trkpt lat="-39.3667587452" lon="-72.6380281057"><ele>114.07</ele><time>2024-09-13T02:39:53Z</time></trkpt><trkpt lat="-39.3667053524" lon="-72.6380787324"><ele>113.95</ele><time>2024-09-13T02:39:54Z</time></trkpt><trkpt lat="-39.3657716084" lon="-72.6388938725"><ele>113.79</ele><time>2024-09-13T02:40:09Z</time></trkpt><trkpt lat="-39.3648010679" lon="-72.6393583138"><ele>114.02</ele><time>2024-09-13T02:40:22Z</time></trkpt><trkpt lat="-39.3643098045" lon="-72.6395362616"><ele>113.59</ele><time>2024-09-13T02:40:31Z</time></trkpt><trkpt lat="-39.3642882630" lon="-72.6395722199"><ele>113.60</ele><time>2024-09-13T02:40:32Z</time></trkpt><trkpt lat="-39.3642804679" lon="-72.6396091841"><ele>113.68</ele><time>2024-09-13T02:40:33Z</time></trkpt><trkpt lat="-39.3642810546" lon="-72.6396314800"><ele>113.63</ele><time>2024-09-13T02:40:34Z</time></trkpt><trkpt lat="-39.3642803840" lon="-72.6396121178"><ele>113.52</ele><time>2024-09-13T02:40:36Z</time></trkpt><trkpt lat="-39.3642741814" lon="-72.6395974495"><ele>113.62</ele><time>2024-09-13T02:40:37Z</time></trkpt><trkpt lat="-39.3642659672" lon="-72.6395849604"><ele>113.56</ele><time>2024-09-13T02:40:38Z</time></trkpt><trkpt lat="-39.3642553221" lon="-72.6395749021"><ele>113.53</ele><time>2024-09-13T02:40:39Z</time></trkpt><trkpt lat="-39.3642770313" lon="-72.6395723876"><ele>113.51</ele><time>2024-09-13T02:40:42Z</time></trkpt><trkpt lat="-39.3644098844" lon="-72.6395319030"><ele>113.91</ele><time>2024-09-13T02:40:45Z</time></trkpt><trkpt lat="-39.3644746765" lon="-72.6395017281"><ele>113.90</ele><time>2024-09-13T02:40:46Z</time></trkpt><trkpt lat="-39.3654830195" lon="-72.6391081978"><ele>113.55</ele><time>2024-09-13T02:40:59Z</time></trkpt><trkpt lat="-39.3664800469" lon="-72.6383767929"><ele>113.86</ele><time>2024-09-13T02:41:11Z</time></trkpt><trkpt lat="-39.3673006352" lon="-72.6375784166"><ele>114.17</ele><time>2024-09-13T02:41:23Z</time></trkpt><trkpt lat="-39.3678120989" lon="-72.6370715629"><ele>114.07</ele><time>2024-09-13T02:41:31Z</time></trkpt><trkpt lat="-39.3678317964" lon="-72.6370101236"><ele>114.03</ele><time>2024-09-13T02:41:32Z</time></trkpt><trkpt lat="-39.3678270187" lon="-72.6369466726"><ele>114.05</ele><time>2024-09-13T02:41:33Z</time></trkpt><trkpt lat="-39.3678044714" lon="-72.6368839759"><ele>114.06</ele><time>2024-09-13T02:41:34Z</time></trkpt><trkpt lat="-39.3677705247" lon="-72.6368179265"><ele>114.11</ele><time>2024-09-13T02:41:35Z</time></trkpt><trkpt lat="-39.3675352447" lon="-72.6363988314"><ele>113.91</ele><time>2024-09-13T02:41:44Z</time></trkpt><trkpt lat="-39.3672740646" lon="-72.6359672472"><ele>114.06</ele><time>2024-09-13T02:41:54Z</time></trkpt><trkpt lat="-39.3669504393" lon="-72.6354137901"><ele>114.35</ele><time>2024-09-13T02:42:02Z</time></trkpt><trkpt lat="-39.3666137382" lon="-72.6348478440"><ele>114.65</ele><time>2024-09-13T02:42:11Z</time></trkpt><trkpt lat="-39.3663884327" lon="-72.6344703231"><ele>114.72</ele><time>2024-09-13T02:42:19Z</time></trkpt><trkpt lat="-39.3658866920" lon="-72.6335997786"><ele>114.06</ele><time>2024-09-13T02:42:30Z</time></trkpt><trkpt lat="-39.3654221669" lon="-72.6327999774"><ele>114.61</ele><time>2024-09-13T02:42:39Z</time></trkpt><trkpt lat="-39.3653474003" lon="-72.6326533780"><ele>114.59</ele><time>2024-09-13T02:42:41Z</time></trkpt><trkpt lat="-39.3653189018" lon="-72.6325920224"><ele>114.54</ele><time>2024-09-13T02:42:42Z</time></trkpt><trkpt lat="-39.3652813509" lon="-72.6325356122"><ele>114.55</ele><time>2024-09-13T02:42:43Z</time></trkpt><trkpt lat="-39.3648455758" lon="-72.6318098232"><ele>114.95</ele><time>2024-09-13T02:42:52Z</time></trkpt><trkpt lat="-39.3646557257" lon="-72.6314706076"><ele>114.57</ele><time>2024-09-13T02:42:59Z</time></trkpt><trkpt lat="-39.3644134887" lon="-72.6310944278"><ele>115.30</ele><time>2024-09-13T02:43:05Z</time></trkpt><trkpt lat="-39.3639612850" lon="-72.6303088758"><ele>115.13</ele><time>2024-09-13T02:43:15Z</time></trkpt><trkpt lat="-39.3635302037" lon="-72.6296084840"><ele>115.14</ele><time>2024-09-13T02:43:24Z</time></trkpt><trkpt lat="-39.3633105140" lon="-72.6292565279"><ele>114.40</ele><time>2024-09-13T02:43:31Z</time></trkpt><trkpt lat="-39.3632701971" lon="-72.6292593777"><ele>114.46</ele><time>2024-09-13T02:43:32Z</time></trkpt><trkpt lat="-39.3632256053" lon="-72.6292825956"><ele>114.50</ele><time>2024-09-13T02:43:33Z</time></trkpt><trkpt lat="-39.3631805107" lon="-72.6293175481"><ele>114.52</ele><time>2024-09-13T02:43:34Z</time></trkpt><trkpt lat="-39.3631298002" lon="-72.6293644868"><ele>114.56</ele><time>2024-09-13T02:43:35Z</time></trkpt><trkpt lat="-39.3630786706" lon="-72.6294151135"><ele>114.59</ele><time>2024-09-13T02:43:36Z</time></trkpt><trkpt lat="-39.3625050969" lon="-72.6299801376"><ele>114.02</ele><time>2024-09-13T02:43:49Z</time></trkpt><trkpt lat="-39.3624796160" lon="-72.6300324406"><ele>114.05</ele><time>2024-09-13T02:43:50Z</time></trkpt><trkpt lat="-39.3624741677" lon="-72.6300968975"><ele>113.94</ele><time>2024-09-13T02:43:51Z</time></trkpt><trkpt lat="-39.3624920212" lon="-72.6301585045"><ele>114.20</ele><time>2024-09-13T02:43:52Z</time></trkpt><trkpt lat="-39.3625238724" lon="-72.6302212849"><ele>114.25</ele><time>2024-09-13T02:43:53Z</time></trkpt><trkpt lat="-39.3625641894" lon="-72.6302868314"><ele>114.31</ele><time>2024-09-13T02:43:54Z</time></trkpt><trkpt lat="-39.3626066856" lon="-72.6303554792"><ele>114.52</ele><time>2024-09-13T02:43:55Z</time></trkpt><trkpt lat="-39.3630293012" lon="-72.6310889795"><ele>114.19</ele><time>2024-09-13T02:44:05Z</time></trkpt><trkpt lat="-39.3633043952" lon="-72.6315872837"><ele>114.24</ele><time>2024-09-13T02:44:15Z</time></trkpt><trkpt lat="-39.3637652323" lon="-72.6323781163"><ele>113.95</ele><time>2024-09-13T02:44:28Z</time></trkpt><trkpt lat="-39.3641691562" lon="-72.6330697909"><ele>114.00</ele><time>2024-09-13T02:44:37Z</time></trkpt><trkpt lat="-39.3644419871" lon="-72.6335447095"><ele>113.47</ele><time>2024-09-13T02:44:45Z</time></trkpt><trkpt lat="-39.3649120443" lon="-72.6343605202"><ele>113.61</ele><time>2024-09-13T02:44:55Z</time></trkpt><trkpt lat="-39.3651572149" lon="-72.6347816270"><ele>113.39</ele><time>2024-09-13T02:45:02Z</time></trkpt><trkpt lat="-39.3656093348" lon="-72.6355584618"><ele>113.57</ele><time>2024-09-13T02:45:12Z</time></trkpt><trkpt lat="-39.3656392582" lon="-72.6356212422"><ele>113.62</ele><time>2024-09-13T02:45:17Z</time></trkpt><trkpt lat="-39.3656438682" lon="-72.6356397662"><ele>113.63</ele><time>2024-09-13T02:45:18Z</time></trkpt><trkpt lat="-39.3656322174" lon="-72.6357011218"><ele>113.78</ele><time>2024-09-13T02:45:20Z</time></trkpt><trkpt lat="-39.3656079099" lon="-72.6357342303"><ele>113.65</ele><time>2024-09-13T02:45:21Z</time></trkpt><trkpt lat="-39.3655751366" lon="-72.6357668359"><ele>113.75</ele><time>2024-09-13T02:45:22Z</time></trkpt><trkpt lat="-39.3655276112" lon="-72.6358021237"><ele>113.73</ele><time>2024-09-13T02:45:23Z</time></trkpt><trkpt lat="-39.3654737156" lon="-72.6358441170"><ele>113.72</ele><time>2024-09-13T02:45:24Z</time></trkpt><trkpt lat="-39.3654221669" lon="-72.6358876191"><ele>113.63</ele><time>2024-09-13T02:45:25Z</time></trkpt><trkpt lat="-39.3650418799" lon="-72.6362607814"><ele>113.57</ele><time>2024-09-13T02:45:34Z</time></trkpt><trkpt lat="-39.3648623396" lon="-72.6364022680"><ele>113.51</ele><time>2024-09-13T02:45:37Z</time></trkpt><trkpt lat="-39.3648004811" lon="-72.6364108175"><ele>113.43</ele><time>2024-09-13T02:45:38Z</time></trkpt><trkpt lat="-39.3647428975" lon="-72.6363916229"><ele>113.60</ele><time>2024-09-13T02:45:39Z</time></trkpt><trkpt lat="-39.3646917678" lon="-72.6363274176"><ele>113.51</ele><time>2024-09-13T02:45:40Z</time></trkpt><trkpt lat="-39.3646439072" lon="-72.6362534054"><ele>113.57</ele><time>2024-09-13T02:45:41Z</time></trkpt><trkpt lat="-39.3645962980" lon="-72.6361726038"><ele>113.47</ele><time>2024-09-13T02:45:42Z</time></trkpt><trkpt lat="-39.3640603591" lon="-72.6351925079"><ele>113.25</ele><time>2024-09-13T02:45:53Z</time></trkpt><trkpt lat="-39.3635756336" lon="-72.6343596820"><ele>113.15</ele><time>2024-09-13T02:46:03Z</time></trkpt><trkpt lat="-39.3635405973" lon="-72.6343239751"><ele>113.07</ele><time>2024-09-13T02:46:04Z</time></trkpt><trkpt lat="-39.3634658307" lon="-72.6342368871"><ele>113.24</ele><time>2024-09-13T02:46:06Z</time></trkpt><trkpt lat="-39.3634255975" lon="-72.6341779623"><ele>113.19</ele><time>2024-09-13T02:46:07Z</time></trkpt><trkpt lat="-39.3629525229" lon="-72.6334002055"><ele>112.77</ele><time>2024-09-13T02:46:17Z</time></trkpt><trkpt lat="-39.3628136348" lon="-72.6331021450"><ele>112.47</ele><time>2024-09-13T02:46:24Z</time></trkpt><trkpt lat="-39.3627742399" lon="-72.6330336649"><ele>112.65</ele><time>2024-09-13T02:46:25Z</time></trkpt><trkpt lat="-39.3622902688" lon="-72.6321499608"><ele>112.88</ele><time>2024-09-13T02:46:35Z</time></trkpt><trkpt lat="-39.3619426712" lon="-72.6315681729"><ele>112.81</ele><time>2024-09-13T02:46:44Z</time></trkpt><trkpt lat="-39.3615067285" lon="-72.6309510972"><ele>112.82</ele><time>2024-09-13T02:46:54Z</time></trkpt><trkpt lat="-39.3614571076" lon="-72.6309786737"><ele>112.85</ele><time>2024-09-13T02:46:55Z</time></trkpt><trkpt lat="-39.3614054751" lon="-72.6310225111"><ele>112.97</ele><time>2024-09-13T02:46:56Z</time></trkpt><trkpt lat="-39.3608440552" lon="-72.6316042989"><ele>113.03</ele><time>2024-09-13T02:47:06Z</time></trkpt><trkpt lat="-39.3607624993" lon="-72.6317030378"><ele>112.86</ele><time>2024-09-13T02:47:08Z</time></trkpt><trkpt lat="-39.3607420474" lon="-72.6317533292"><ele>112.78</ele><time>2024-09-13T02:47:09Z</time></trkpt><trkpt lat="-39.3607405387" lon="-72.6318146009"><ele>112.77</ele><time>2024-09-13T02:47:10Z</time></trkpt><trkpt lat="-39.3607599847" lon="-72.6318805665"><ele>112.76</ele><time>2024-09-13T02:47:11Z</time></trkpt><trkpt lat="-39.3607909139" lon="-72.6319526508"><ele>112.83</ele><time>2024-09-13T02:47:12Z</time></trkpt><trkpt lat="-39.3608295545" lon="-72.6320256572"><ele>112.94</ele><time>2024-09-13T02:47:13Z</time></trkpt><trkpt lat="-39.3608747330" lon="-72.6320995856"><ele>112.94</ele><time>2024-09-13T02:47:14Z</time></trkpt><trkpt lat="-39.3614645675" lon="-72.6330959424"><ele>112.60</ele><time>2024-09-13T02:47:26Z</time></trkpt><trkpt lat="-39.3619710859" lon="-72.6339543331"><ele>112.07</ele><time>2024-09-13T02:47:36Z</time></trkpt><trkpt lat="-39.3623187672" lon="-72.6345329359"><ele>112.45</ele><time>2024-09-13T02:47:45Z</time></trkpt><trkpt lat="-39.3627324142" lon="-72.6352461521"><ele>112.47</ele><time>2024-09-13T02:47:55Z</time></trkpt><trkpt lat="-39.3633734621" lon="-72.6363452710"><ele>112.74</ele><time>2024-09-13T02:48:09Z</time></trkpt><trkpt lat="-39.3638912961" lon="-72.6372406259"><ele>112.75</ele><time>2024-09-13T02:48:20Z</time></trkpt><trkpt lat="-39.3638964090" lon="-72.6373493392"><ele>112.85</ele><time>2024-09-13T02:48:23Z</time></trkpt><trkpt lat="-39.3638697546" lon="-72.6373924222"><ele>112.93</ele><time>2024-09-13T02:48:24Z</time></trkpt><trkpt lat="-39.3638293538" lon="-72.6374330744"><ele>113.01</ele><time>2024-09-13T02:48:25Z</time></trkpt><trkpt lat="-39.3632462248" lon="-72.6379825920"><ele>113.05</ele><time>2024-09-13T02:48:34Z</time></trkpt><trkpt lat="-39.3631282076" lon="-72.6380598731"><ele>113.14</ele><time>2024-09-13T02:48:36Z</time></trkpt><trkpt lat="-39.3630696181" lon="-72.6380517427"><ele>113.03</ele><time>2024-09-13T02:48:37Z</time></trkpt><trkpt lat="-39.3630147167" lon="-72.6380133536"><ele>113.06</ele><time>2024-09-13T02:48:38Z</time></trkpt><trkpt lat="-39.3629706278" lon="-72.6379369944"><ele>112.98</ele><time>2024-09-13T02:48:39Z</time></trkpt><trkpt lat="-39.3629219290" lon="-72.6378517505"><ele>112.74</ele><time>2024-09-13T02:48:40Z</time></trkpt><trkpt lat="-39.3621373829" lon="-72.6365061197"><ele>112.32</ele><time>2024-09-13T02:48:54Z</time></trkpt><trkpt lat="-39.3611983582" lon="-72.6349136420"><ele>112.22</ele><time>2024-09-13T02:49:11Z</time></trkpt><trkpt lat="-39.3611732963" lon="-72.6348327566"><ele>112.07</ele><time>2024-09-13T02:49:13Z</time></trkpt><trkpt lat="-39.3611845281" lon="-72.6347922720"><ele>112.11</ele><time>2024-09-13T02:49:14Z</time></trkpt><trkpt lat="-39.3612170499" lon="-72.6347447466"><ele>112.15</ele><time>2024-09-13T02:49:15Z</time></trkpt><trkpt lat="-39.3612626474" lon="-72.6346988138"><ele>112.11</ele><time>2024-09-13T02:49:16Z</time></trkpt><trkpt lat="-39.3613208178" lon="-72.6346445829"><ele>112.23</ele><time>2024-09-13T02:49:17Z</time></trkpt><trkpt lat="-39.3622743431" lon="-72.6337380800"><ele>112.29</ele><time>2024-09-13T02:49:30Z</time></trkpt><trkpt lat="-39.3626894150" lon="-72.6333427057"><ele>111.99</ele><time>2024-09-13T02:49:38Z</time></trkpt><trkpt lat="-39.3630208354" lon="-72.6330366824"><ele>112.35</ele><time>2024-09-13T02:49:46Z</time></trkpt><trkpt lat="-39.3635192234" lon="-72.6325342711"><ele>112.82</ele><time>2024-09-13T02:49:55Z</time></trkpt><trkpt lat="-39.3640748598" lon="-72.6320033614"><ele>113.82</ele><time>2024-09-13T02:50:04Z</time></trkpt><trkpt lat="-39.3651563767" lon="-72.6309583057"><ele>114.32</ele><time>2024-09-13T02:50:18Z</time></trkpt><trkpt lat="-39.3652058300" lon="-72.6309171505"><ele>114.24</ele><time>2024-09-13T02:50:19Z</time></trkpt><trkpt lat="-39.3652508408" lon="-72.6308969501"><ele>114.23</ele><time>2024-09-13T02:50:20Z</time></trkpt><trkpt lat="-39.3653001264" lon="-72.6309023146"><ele>114.36</ele><time>2024-09-13T02:50:21Z</time></trkpt><trkpt lat="-39.3653501663" lon="-72.6309340820"><ele>114.31</ele><time>2024-09-13T02:50:22Z</time></trkpt><trkpt lat="-39.3654003739" lon="-72.6309836190"><ele>114.26</ele><time>2024-09-13T02:50:23Z</time></trkpt><trkpt lat="-39.3654557783" lon="-72.6310439687"><ele>114.37</ele><time>2024-09-13T02:50:24Z</time></trkpt><trkpt lat="-39.3662445154" lon="-72.6319570933"><ele>114.07</ele><time>2024-09-13T02:50:35Z</time></trkpt><trkpt lat="-39.3672638386" lon="-72.6337275188"><ele>113.79</ele><time>2024-09-13T02:50:52Z</time></trkpt><trkpt lat="-39.3673834484" lon="-72.6340091508"><ele>113.57</ele><time>2024-09-13T02:50:58Z</time></trkpt><trkpt lat="-39.3673572969" lon="-72.6340512279"><ele>113.56</ele><time>2024-09-13T02:50:59Z</time></trkpt><trkpt lat="-39.3673119508" lon="-72.6340990886"><ele>113.64</ele><time>2024-09-13T02:51:00Z</time></trkpt><trkpt lat="-39.3665432464" lon="-72.6348201837"><ele>113.75</ele><time>2024-09-13T02:51:11Z</time></trkpt><trkpt lat="-39.3654419482" lon="-72.6358488947"><ele>113.08</ele><time>2024-09-13T02:51:28Z</time></trkpt><trkpt lat="-39.3640738539" lon="-72.6371301524"><ele>112.68</ele><time>2024-09-13T02:51:46Z</time></trkpt><trkpt lat="-39.3628267106" lon="-72.6382920519"><ele>112.57</ele><time>2024-09-13T02:52:02Z</time></trkpt><trkpt lat="-39.3617774639" lon="-72.6392806973"><ele>112.68</ele><time>2024-09-13T02:52:15Z</time></trkpt><trkpt lat="-39.3615183793" lon="-72.6394910831"><ele>112.59</ele><time>2024-09-13T02:52:18Z</time></trkpt><trkpt lat="-39.3614179641" lon="-72.6395345852"><ele>112.70</ele><time>2024-09-13T02:52:19Z</time></trkpt><trkpt lat="-39.3613105919" lon="-72.6395557914"><ele>112.65</ele><time>2024-09-13T02:52:20Z</time></trkpt><trkpt lat="-39.3612024654" lon="-72.6395490021"><ele>112.44</ele><time>2024-09-13T02:52:21Z</time></trkpt><trkpt lat="-39.3610955961" lon="-72.6395152230"><ele>112.33</ele><time>2024-09-13T02:52:22Z</time></trkpt><trkpt lat="-39.3609927502" lon="-72.6394664403"><ele>112.42</ele><time>2024-09-13T02:52:23Z</time></trkpt><trkpt lat="-39.3608951848" lon="-72.6394073479"><ele>112.27</ele><time>2024-09-13T02:52:24Z</time></trkpt><trkpt lat="-39.3608014751" lon="-72.6393449865"><ele>112.13</ele><time>2024-09-13T02:52:25Z</time></trkpt><trkpt lat="-39.3607103638" lon="-72.6392845530"><ele>112.04</ele><time>2024-09-13T02:52:26Z</time></trkpt><trkpt lat="-39.3606247008" lon="-72.6392376982"><ele>111.96</ele><time>2024-09-13T02:52:27Z</time></trkpt><trkpt lat="-39.3605468329" lon="-72.6392066851"><ele>111.80</ele><time>2024-09-13T02:52:28Z</time></trkpt><trkpt lat="-39.3604731560" lon="-72.6392026618"><ele>111.77</ele><time>2024-09-13T02:52:29Z</time></trkpt><trkpt lat="-39.3604061846" lon="-72.6392359380"><ele>111.78</ele><time>2024-09-13T02:52:30Z</time></trkpt><trkpt lat="-39.3603359442" lon="-72.6392971259"><ele>111.82</ele><time>2024-09-13T02:52:31Z</time></trkpt><trkpt lat="-39.3602652848" lon="-72.6393606607"><ele>111.95</ele><time>2024-09-13T02:52:32Z</time></trkpt><trkpt lat="-39.3601888418" lon="-72.6394123770"><ele>112.14</ele><time>2024-09-13T02:52:33Z</time></trkpt><trkpt lat="-39.3601048551" lon="-72.6394456532"><ele>112.18</ele><time>2024-09-13T02:52:34Z</time></trkpt><trkpt lat="-39.3600150850" lon="-72.6394641772"><ele>112.11</ele><time>2024-09-13T02:52:35Z</time></trkpt><trkpt lat="-39.3599203695" lon="-72.6394762471"><ele>111.98</ele><time>2024-09-13T02:52:36Z</time></trkpt><trkpt lat="-39.3597358838" lon="-72.6395232696"><ele>111.78</ele><time>2024-09-13T02:52:38Z</time></trkpt><trkpt lat="-39.3596491311" lon="-72.6395742316"><ele>111.71</ele><time>2024-09-13T02:52:39Z</time></trkpt><trkpt lat="-39.3595643900" lon="-72.6396420412"><ele>111.57</ele><time>2024-09-13T02:52:40Z</time></trkpt><trkpt lat="-39.3593772221" lon="-72.6399115194"><ele>112.07</ele><time>2024-09-13T02:52:43Z</time></trkpt><trkpt lat="-39.3593908008" lon="-72.6400607172"><ele>112.22</ele><time>2024-09-13T02:52:44Z</time></trkpt><trkpt lat="-39.3594178744" lon="-72.6401916426"><ele>112.28</ele><time>2024-09-13T02:52:45Z</time></trkpt><trkpt lat="-39.3594451994" lon="-72.6403095759"><ele>112.57</ele><time>2024-09-13T02:52:46Z</time></trkpt><trkpt lat="-39.3594838399" lon="-72.6404245757"><ele>112.72</ele><time>2024-09-13T02:52:47Z</time></trkpt><trkpt lat="-39.3595412560" lon="-72.6405268349"><ele>112.71</ele><time>2024-09-13T02:52:48Z</time></trkpt><trkpt lat="-39.3596096523" lon="-72.6406111568"><ele>112.48</ele><time>2024-09-13T02:52:49Z</time></trkpt><trkpt lat="-39.3596937228" lon="-72.6406664774"><ele>112.89</ele><time>2024-09-13T02:52:50Z</time></trkpt><trkpt lat="-39.3597817328" lon="-72.6407086384"><ele>112.91</ele><time>2024-09-13T02:52:51Z</time></trkpt><trkpt lat="-39.3598715868" lon="-72.6407354604"><ele>112.90</ele><time>2024-09-13T02:52:52Z</time></trkpt><trkpt lat="-39.3599634524" lon="-72.6407573372"><ele>113.09</ele><time>2024-09-13T02:52:53Z</time></trkpt><trkpt lat="-39.3609463982" lon="-72.6409414038"><ele>115.45</ele><time>2024-09-13T02:53:04Z</time></trkpt><trkpt lat="-39.3610458914" lon="-72.6409642864"><ele>115.69</ele><time>2024-09-13T02:53:11Z</time></trkpt><trkpt lat="-39.3610490765" lon="-72.6409450080"><ele>116.47</ele><time>2024-09-13T02:53:52Z</time></trkpt></trkseg></trk></gpx>