<?xml version="1.0" encoding="UTF-8" standalone="no" ?><gpx xmlns="http://www.topografix.com/GPX/1/1" xmlns:gpxx="http://www.garmin.com/xmlschemas/GpxExtensions/v3" xmlns:gpxtrkx="http://www.garmin.com/xmlschemas/TrackStatsExtension/v1" xmlns:wptx1="http://www.garmin.com/xmlschemas/WaypointExtension/v1" xmlns:gpxtpx="http://www.garmin.com/xmlschemas/TrackPointExtension/v1" creator="GPSMAP 64sx" version="1.1" xmlns:xsi="http://www.w3.org/2001/XMLSchema-instance" xsi:schemaLocation="http://www.topografix.com/GPX/1/1 http://www.topografix.com/GPX/1/1/gpx.xsd http://www.garmin.com/xmlschemas/GpxExtensions/v3 http://www8.garmin.com/xmlschemas/GpxExtensionsv3.xsd http://www.garmin.com/xmlschemas/TrackStatsExtension/v1 http://www8.garmin.com/xmlschemas/TrackStatsExtension.xsd http://www.garmin.com/xmlschemas/WaypointExtension/v1 http://www8.garmin.com/xmlschemas/WaypointExtensionv1.xsd http://www.garmin.com/xmlschemas/TrackPointExtension/v1 http://www.garmin.com/xmlschemas/TrackPointExtensionv1.xsd"><metadata><link href="http://www.garmin.com"><text>Garmin International</text></link><time>2024-08-15T04:21:52Z</time></metadata><trk><name>GPS LONCO 240814</name><extensions><gpxx:TrackExtension><gpxx:DisplayColor>Cyan</gpxx:DisplayColor></gpxx:TrackExtension><gpxtrkx:TrackStatsExtension><gpxtrkx:Distance>49298.000</gpxtrkx:Distance><gpxtrkx:TotalElapsedTime>9208</gpxtrkx:TotalElapsedTime><gpxtrkx:MovingTime>8683</gpxtrkx:MovingTime><gpxtrkx:StoppedTime>521</gpxtrkx:StoppedTime><gpxtrkx:MovingSpeed>5.678</gpxtrkx:MovingSpeed><gpxtrkx:MaxSpeed>21.193</gpxtrkx:MaxSpeed><gpxtrkx:MaxElevation>158.290</gpxtrkx:MaxElevation><gpxtrkx:MinElevation>100.991</gpxtrkx:MinElevation><gpxtrkx:Ascent>197.000</gpxtrkx:Ascent><gpxtrkx:Descent>241.014</gpxtrkx:Descent><gpxtrkx:AvgAscentRate>0.056</gpxtrkx:AvgAscentRate><gpxtrkx:MaxAscentRate>1.228</gpxtrkx:MaxAscentRate><gpxtrkx:AvgDescentRate>0.066</gpxtrkx:AvgDescentRate><gpxtrkx:MaxDescentRate>-0.666</gpxtrkx:MaxDescentRate></gpxtrkx:TrackStatsExtension></extensions><trkseg><trkpt lat="-39.3541731499" lon="-72.5775294565"><ele>158.29</ele><time>2024-08-15T01:48:24Z</time></trkpt><trkpt lat="-39.3541718926" lon="-72.5775294565"><ele>158.29</ele><time>2024-08-15T01:48:25Z</time></trkpt><trkpt lat="-39.3541664444" lon="-72.5775302947"><ele>156.70</ele><time>2024-08-15T01:48:30Z</time></trkpt><trkpt lat="-39.3541805260" lon="-72.5775204040"><ele>156.64</ele><time>2024-08-15T01:48:52Z</time></trkpt><trkpt lat="-39.3542106170" lon="-72.5776043069"><ele>156.39</ele><time>2024-08-15T01:48:55Z</time></trkpt><trkpt lat="-39.3542265426" lon="-72.5776368286"><ele>156.52</ele><time>2024-08-15T01:48:56Z</time></trkpt><trkpt lat="-39.3542499281" lon="-72.5776655786"><ele>156.52</ele><time>2024-08-15T01:48:57Z</time></trkpt><trkpt lat="-39.3542747386" lon="-72.5776930712"><ele>156.45</ele><time>2024-08-15T01:48:58Z</time></trkpt><trkpt lat="-39.3543084338" lon="-72.5777164567"><ele>156.50</ele><time>2024-08-15T01:48:59Z</time></trkpt><trkpt lat="-39.3543460686" lon="-72.5777385850"><ele>156.37</ele><time>2024-08-15T01:49:00Z</time></trkpt><trkpt lat="-39.3544609845" lon="-72.5778252538"><ele>156.18</ele><time>2024-08-15T01:49:03Z</time></trkpt><trkpt lat="-39.3544951826" lon="-72.5778662413"><ele>156.15</ele><time>2024-08-15T01:49:04Z</time></trkpt><trkpt lat="-39.3546717055" lon="-72.5780574325"><ele>155.52</ele><time>2024-08-15T01:49:09Z</time></trkpt><trkpt lat="-39.3547117710" lon="-72.5780805666"><ele>155.56</ele><time>2024-08-15T01:49:10Z</time></trkpt><trkpt lat="-39.3547509145" lon="-72.5780972466"><ele>155.44</ele><time>2024-08-15T01:49:11Z</time></trkpt><trkpt lat="-39.3548957538" lon="-72.5781859271"><ele>155.30</ele><time>2024-08-15T01:49:15Z</time></trkpt><trkpt lat="-39.3549269345" lon="-72.5782334525"><ele>154.70</ele><time>2024-08-15T01:49:16Z</time></trkpt><trkpt lat="-39.3549600430" lon="-72.5783001725"><ele>155.94</ele><time>2024-08-15T01:49:17Z</time></trkpt><trkpt lat="-39.3551056366" lon="-72.5786445010"><ele>155.93</ele><time>2024-08-15T01:49:21Z</time></trkpt><trkpt lat="-39.3555411603" lon="-72.5799519103"><ele>156.04</ele><time>2024-08-15T01:49:30Z</time></trkpt><trkpt lat="-39.3563735671" lon="-72.5822638068"><ele>154.73</ele><time>2024-08-15T01:49:43Z</time></trkpt><trkpt lat="-39.3573788926" lon="-72.5850127358"><ele>152.99</ele><time>2024-08-15T01:49:58Z</time></trkpt><trkpt lat="-39.3585360982" lon="-72.5881824363"><ele>151.00</ele><time>2024-08-15T01:50:15Z</time></trkpt><trkpt lat="-39.3597045355" lon="-72.5914167613"><ele>149.19</ele><time>2024-08-15T01:50:32Z</time></trkpt><trkpt lat="-39.3608370982" lon="-72.5944829453"><ele>147.79</ele><time>2024-08-15T01:50:47Z</time></trkpt><trkpt lat="-39.3621061184" lon="-72.5979341939"><ele>145.25</ele><time>2024-08-15T01:51:03Z</time></trkpt><trkpt lat="-39.3632809259" lon="-72.6012383401"><ele>142.75</ele><time>2024-08-15T01:51:19Z</time></trkpt><trkpt lat="-39.3638530746" lon="-72.6037783921"><ele>139.77</ele><time>2024-08-15T01:51:30Z</time></trkpt><trkpt lat="-39.3640238140" lon="-72.6060521509"><ele>136.52</ele><time>2024-08-15T01:51:40Z</time></trkpt><trkpt lat="-39.3639577646" lon="-72.6085466892"><ele>133.08</ele><time>2024-08-15T01:51:51Z</time></trkpt><trkpt lat="-39.3638990074" lon="-72.6101282705"><ele>129.72</ele><time>2024-08-15T01:51:58Z</time></trkpt><trkpt lat="-39.3638532422" lon="-72.6112872362"><ele>126.45</ele><time>2024-08-15T01:52:03Z</time></trkpt><trkpt lat="-39.3638258334" lon="-72.6124359760"><ele>122.76</ele><time>2024-08-15T01:52:08Z</time></trkpt><trkpt lat="-39.3636439461" lon="-72.6144458726"><ele>119.45</ele><time>2024-08-15T01:52:17Z</time></trkpt><trkpt lat="-39.3630031496" lon="-72.6168383192"><ele>118.63</ele><time>2024-08-15T01:52:28Z</time></trkpt><trkpt lat="-39.3620901927" lon="-72.6186657418"><ele>121.29</ele><time>2024-08-15T01:52:38Z</time></trkpt><trkpt lat="-39.3615602050" lon="-72.6194466837"><ele>124.25</ele><time>2024-08-15T01:52:44Z</time></trkpt><trkpt lat="-39.3613918964" lon="-72.6196559798"><ele>125.33</ele><time>2024-08-15T01:52:46Z</time></trkpt><trkpt lat="-39.3604541291" lon="-72.6206012070"><ele>127.68</ele><time>2024-08-15T01:52:58Z</time></trkpt><trkpt lat="-39.3598080520" lon="-72.6208364870"><ele>126.64</ele><time>2024-08-15T01:53:06Z</time></trkpt><trkpt lat="-39.3596051261" lon="-72.6208973397"><ele>125.36</ele><time>2024-08-15T01:53:09Z</time></trkpt><trkpt lat="-39.3593281880" lon="-72.6210568473"><ele>123.05</ele><time>2024-08-15T01:53:18Z</time></trkpt><trkpt lat="-39.3592955824" lon="-72.6210275944"><ele>123.05</ele><time>2024-08-15T01:53:44Z</time></trkpt><trkpt lat="-39.3592772260" lon="-72.6210384909"><ele>122.99</ele><time>2024-08-15T01:53:45Z</time></trkpt><trkpt lat="-39.3592374958" lon="-72.6210845076"><ele>122.03</ele><time>2024-08-15T01:53:47Z</time></trkpt><trkpt lat="-39.3592205644" lon="-72.6211032830"><ele>121.62</ele><time>2024-08-15T01:53:48Z</time></trkpt><trkpt lat="-39.3591706082" lon="-72.6211951487"><ele>120.82</ele><time>2024-08-15T01:53:54Z</time></trkpt><trkpt lat="-39.3591646571" lon="-72.6212310232"><ele>120.43</ele><time>2024-08-15T01:53:55Z</time></trkpt><trkpt lat="-39.3591664173" lon="-72.6212753635"><ele>120.56</ele><time>2024-08-15T01:53:56Z</time></trkpt><trkpt lat="-39.3591745477" lon="-72.6213247329"><ele>120.46</ele><time>2024-08-15T01:53:57Z</time></trkpt><trkpt lat="-39.3591903895" lon="-72.6213779580"><ele>120.41</ele><time>2024-08-15T01:53:58Z</time></trkpt><trkpt lat="-39.3592157867" lon="-72.6214429177"><ele>120.49</ele><time>2024-08-15T01:53:59Z</time></trkpt><trkpt lat="-39.3593245838" lon="-72.6216762699"><ele>119.05</ele><time>2024-08-15T01:54:02Z</time></trkpt><trkpt lat="-39.3594131805" lon="-72.6218371186"><ele>117.98</ele><time>2024-08-15T01:54:04Z</time></trkpt><trkpt lat="-39.3599274941" lon="-72.6226822659"><ele>115.89</ele><time>2024-08-15T01:54:15Z</time></trkpt><trkpt lat="-39.3599928729" lon="-72.6227282826"><ele>115.64</ele><time>2024-08-15T01:54:16Z</time></trkpt><trkpt lat="-39.3600529712" lon="-72.6227644086"><ele>115.25</ele><time>2024-08-15T01:54:17Z</time></trkpt><trkpt lat="-39.3601123989" lon="-72.6227950025"><ele>115.15</ele><time>2024-08-15T01:54:18Z</time></trkpt><trkpt lat="-39.3601680547" lon="-72.6228218246"><ele>115.08</ele><time>2024-08-15T01:54:19Z</time></trkpt><trkpt lat="-39.3602262251" lon="-72.6228410192"><ele>114.80</ele><time>2024-08-15T01:54:20Z</time></trkpt><trkpt lat="-39.3611345720" lon="-72.6230350602"><ele>116.75</ele><time>2024-08-15T01:54:34Z</time></trkpt><trkpt lat="-39.3612030521" lon="-72.6230726112"><ele>116.79</ele><time>2024-08-15T01:54:35Z</time></trkpt><trkpt lat="-39.3618943915" lon="-72.6236729231"><ele>115.95</ele><time>2024-08-15T01:54:46Z</time></trkpt><trkpt lat="-39.3622958008" lon="-72.6240440737"><ele>115.30</ele><time>2024-08-15T01:54:52Z</time></trkpt><trkpt lat="-39.3623765185" lon="-72.6240877435"><ele>115.10</ele><time>2024-08-15T01:54:53Z</time></trkpt><trkpt lat="-39.3624584097" lon="-72.6241232827"><ele>115.10</ele><time>2024-08-15T01:54:54Z</time></trkpt><trkpt lat="-39.3625387084" lon="-72.6241475064"><ele>115.08</ele><time>2024-08-15T01:54:55Z</time></trkpt><trkpt lat="-39.3626197614" lon="-72.6241638511"><ele>114.95</ele><time>2024-08-15T01:54:56Z</time></trkpt><trkpt lat="-39.3627003115" lon="-72.6241704728"><ele>114.99</ele><time>2024-08-15T01:54:57Z</time></trkpt><trkpt lat="-39.3627835438" lon="-72.6241734903"><ele>115.24</ele><time>2024-08-15T01:54:58Z</time></trkpt><trkpt lat="-39.3634846061" lon="-72.6243569702"><ele>115.88</ele><time>2024-08-15T01:55:07Z</time></trkpt><trkpt lat="-39.3635357358" lon="-72.6243999694"><ele>115.89</ele><time>2024-08-15T01:55:08Z</time></trkpt><trkpt lat="-39.3635830097" lon="-72.6244485006"><ele>116.04</ele><time>2024-08-15T01:55:09Z</time></trkpt><trkpt lat="-39.3637357280" lon="-72.6246532705"><ele>115.62</ele><time>2024-08-15T01:55:17Z</time></trkpt><trkpt lat="-39.3638152722" lon="-72.6246475708"><ele>115.51</ele><time>2024-08-15T01:55:21Z</time></trkpt><trkpt lat="-39.3638323713" lon="-72.6246303879"><ele>115.37</ele><time>2024-08-15T01:55:22Z</time></trkpt><trkpt lat="-39.3638441060" lon="-72.6246112771"><ele>115.62</ele><time>2024-08-15T01:55:23Z</time></trkpt><trkpt lat="-39.3638549186" lon="-72.6245842874"><ele>115.67</ele><time>2024-08-15T01:55:24Z</time></trkpt><trkpt lat="-39.3638645578" lon="-72.6245523524"><ele>115.12</ele><time>2024-08-15T01:55:25Z</time></trkpt><trkpt lat="-39.3638676591" lon="-72.6245202497"><ele>115.41</ele><time>2024-08-15T01:55:26Z</time></trkpt><trkpt lat="-39.3638692517" lon="-72.6244873926"><ele>115.25</ele><time>2024-08-15T01:55:27Z</time></trkpt><trkpt lat="-39.3638215587" lon="-72.6239569858"><ele>113.69</ele><time>2024-08-15T01:55:38Z</time></trkpt><trkpt lat="-39.3637692556" lon="-72.6238770224"><ele>113.21</ele><time>2024-08-15T01:55:40Z</time></trkpt><trkpt lat="-39.3637305312" lon="-72.6238420699"><ele>113.11</ele><time>2024-08-15T01:55:41Z</time></trkpt><trkpt lat="-39.3632326461" lon="-72.6233690791"><ele>113.71</ele><time>2024-08-15T01:55:53Z</time></trkpt><trkpt lat="-39.3632005434" lon="-72.6233277563"><ele>113.47</ele><time>2024-08-15T01:55:54Z</time></trkpt><trkpt lat="-39.3631754816" lon="-72.6232745312"><ele>113.14</ele><time>2024-08-15T01:55:55Z</time></trkpt><trkpt lat="-39.3631616514" lon="-72.6232211385"><ele>113.42</ele><time>2024-08-15T01:55:56Z</time></trkpt><trkpt lat="-39.3631512579" lon="-72.6231686678"><ele>113.48</ele><time>2024-08-15T01:55:57Z</time></trkpt><trkpt lat="-39.3631437980" lon="-72.6231187955"><ele>113.30</ele><time>2024-08-15T01:55:58Z</time></trkpt><trkpt lat="-39.3631417025" lon="-72.6230671629"><ele>113.95</ele><time>2024-08-15T01:55:59Z</time></trkpt><trkpt lat="-39.3631418701" lon="-72.6230147760"><ele>114.02</ele><time>2024-08-15T01:56:00Z</time></trkpt><trkpt lat="-39.3631394394" lon="-72.6229607128"><ele>113.78</ele><time>2024-08-15T01:56:01Z</time></trkpt><trkpt lat="-39.3631371763" lon="-72.6229054760"><ele>113.82</ele><time>2024-08-15T01:56:02Z</time></trkpt><trkpt lat="-39.3631888088" lon="-72.6223086007"><ele>114.27</ele><time>2024-08-15T01:56:14Z</time></trkpt><trkpt lat="-39.3632052373" lon="-72.6223051641"><ele>113.18</ele><time>2024-08-15T01:56:15Z</time></trkpt><trkpt lat="-39.3632274494" lon="-72.6222990453"><ele>115.17</ele><time>2024-08-15T01:56:16Z</time></trkpt><trkpt lat="-39.3632442132" lon="-72.6223051641"><ele>113.70</ele><time>2024-08-15T01:56:17Z</time></trkpt><trkpt lat="-39.3632636592" lon="-72.6223199163"><ele>113.57</ele><time>2024-08-15T01:56:18Z</time></trkpt><trkpt lat="-39.3632898107" lon="-72.6223382726"><ele>114.35</ele><time>2024-08-15T01:56:19Z</time></trkpt><trkpt lat="-39.3633227516" lon="-72.6223602332"><ele>114.40</ele><time>2024-08-15T01:56:20Z</time></trkpt><trkpt lat="-39.3633542676" lon="-72.6223864686"><ele>114.52</ele><time>2024-08-15T01:56:21Z</time></trkpt><trkpt lat="-39.3635215703" lon="-72.6224446390"><ele>113.63</ele><time>2024-08-15T01:56:31Z</time></trkpt><trkpt lat="-39.3635307904" lon="-72.6223606523"><ele>114.20</ele><time>2024-08-15T01:56:38Z</time></trkpt><trkpt lat="-39.3635311257" lon="-72.6223338302"><ele>113.89</ele><time>2024-08-15T01:56:39Z</time></trkpt><trkpt lat="-39.3635336403" lon="-72.6223034039"><ele>114.20</ele><time>2024-08-15T01:56:40Z</time></trkpt><trkpt lat="-39.3635400105" lon="-72.6222718041"><ele>114.01</ele><time>2024-08-15T01:56:41Z</time></trkpt><trkpt lat="-39.3635461293" lon="-72.6222386956"><ele>113.84</ele><time>2024-08-15T01:56:42Z</time></trkpt><trkpt lat="-39.3635740411" lon="-72.6216387190"><ele>113.48</ele><time>2024-08-15T01:56:57Z</time></trkpt><trkpt lat="-39.3634307105" lon="-72.6213497110"><ele>114.13</ele><time>2024-08-15T01:57:07Z</time></trkpt><trkpt lat="-39.3632408604" lon="-72.6212147623"><ele>113.91</ele><time>2024-08-15T01:57:16Z</time></trkpt><trkpt lat="-39.3632345740" lon="-72.6212386508"><ele>114.27</ele><time>2024-08-15T01:57:17Z</time></trkpt><trkpt lat="-39.3632338196" lon="-72.6212767884"><ele>113.82</ele><time>2024-08-15T01:57:18Z</time></trkpt><trkpt lat="-39.3632187322" lon="-72.6216991525"><ele>113.73</ele><time>2024-08-15T01:57:28Z</time></trkpt><trkpt lat="-39.3631981965" lon="-72.6217237115"><ele>110.71</ele><time>2024-08-15T01:57:29Z</time></trkpt><trkpt lat="-39.3631743081" lon="-72.6217381284"><ele>115.19</ele><time>2024-08-15T01:57:30Z</time></trkpt><trkpt lat="-39.3631488271" lon="-72.6217431575"><ele>115.40</ele><time>2024-08-15T01:57:31Z</time></trkpt><trkpt lat="-39.3631136231" lon="-72.6217482705"><ele>114.35</ele><time>2024-08-15T01:57:32Z</time></trkpt><trkpt lat="-39.3630727194" lon="-72.6217522938"><ele>114.14</ele><time>2024-08-15T01:57:33Z</time></trkpt><trkpt lat="-39.3630349170" lon="-72.6217503659"><ele>113.69</ele><time>2024-08-15T01:57:34Z</time></trkpt><trkpt lat="-39.3626361899" lon="-72.6217247173"><ele>113.72</ele><time>2024-08-15T01:57:48Z</time></trkpt><trkpt lat="-39.3626033328" lon="-72.6217412297"><ele>113.88</ele><time>2024-08-15T01:57:51Z</time></trkpt><trkpt lat="-39.3625936937" lon="-72.6217648666"><ele>113.97</ele><time>2024-08-15T01:57:52Z</time></trkpt><trkpt lat="-39.3625864852" lon="-72.6218008250"><ele>113.84</ele><time>2024-08-15T01:57:53Z</time></trkpt><trkpt lat="-39.3623617664" lon="-72.6220280584"><ele>114.14</ele><time>2024-08-15T01:58:03Z</time></trkpt><trkpt lat="-39.3619886879" lon="-72.6220478397"><ele>113.69</ele><time>2024-08-15T01:58:14Z</time></trkpt><trkpt lat="-39.3617959041" lon="-72.6217747573"><ele>113.31</ele><time>2024-08-15T01:58:23Z</time></trkpt><trkpt lat="-39.3618020229" lon="-72.6217398047"><ele>113.38</ele><time>2024-08-15T01:58:24Z</time></trkpt><trkpt lat="-39.3618154339" lon="-72.6217098814"><ele>113.55</ele><time>2024-08-15T01:58:25Z</time></trkpt><trkpt lat="-39.3618386518" lon="-72.6216828916"><ele>113.67</ele><time>2024-08-15T01:58:26Z</time></trkpt><trkpt lat="-39.3618640490" lon="-72.6216584165"><ele>113.92</ele><time>2024-08-15T01:58:27Z</time></trkpt><trkpt lat="-39.3618925475" lon="-72.6216389704"><ele>113.34</ele><time>2024-08-15T01:58:28Z</time></trkpt><trkpt lat="-39.3619219679" lon="-72.6216203626"><ele>113.43</ele><time>2024-08-15T01:58:29Z</time></trkpt><trkpt lat="-39.3619515561" lon="-72.6216069516"><ele>113.51</ele><time>2024-08-15T01:58:30Z</time></trkpt><trkpt lat="-39.3619805574" lon="-72.6215951331"><ele>113.39</ele><time>2024-08-15T01:58:31Z</time></trkpt><trkpt lat="-39.3624353595" lon="-72.6214660518"><ele>113.75</ele><time>2024-08-15T01:58:45Z</time></trkpt><trkpt lat="-39.3624952063" lon="-72.6214329433"><ele>113.69</ele><time>2024-08-15T01:58:48Z</time></trkpt><trkpt lat="-39.3625139818" lon="-72.6214070432"><ele>113.64</ele><time>2024-08-15T01:58:49Z</time></trkpt><trkpt lat="-39.3625305779" lon="-72.6213704143"><ele>113.66</ele><time>2024-08-15T01:58:50Z</time></trkpt><trkpt lat="-39.3625409715" lon="-72.6213217154"><ele>113.79</ele><time>2024-08-15T01:58:51Z</time></trkpt><trkpt lat="-39.3625462521" lon="-72.6212620363"><ele>113.59</ele><time>2024-08-15T01:58:52Z</time></trkpt><trkpt lat="-39.3625504430" lon="-72.6211998425"><ele>113.79</ele><time>2024-08-15T01:58:53Z</time></trkpt><trkpt lat="-39.3626237847" lon="-72.6205016300"><ele>113.37</ele><time>2024-08-15T01:59:07Z</time></trkpt><trkpt lat="-39.3626448233" lon="-72.6204916555"><ele>113.46</ele><time>2024-08-15T01:59:08Z</time></trkpt><trkpt lat="-39.3626717292" lon="-72.6204862911"><ele>113.55</ele><time>2024-08-15T01:59:09Z</time></trkpt><trkpt lat="-39.3632177263" lon="-72.6205169689"><ele>113.77</ele><time>2024-08-15T01:59:22Z</time></trkpt><trkpt lat="-39.3638360593" lon="-72.6205317210"><ele>113.94</ele><time>2024-08-15T01:59:36Z</time></trkpt><trkpt lat="-39.3639710080" lon="-72.6204812620"><ele>113.75</ele><time>2024-08-15T01:59:45Z</time></trkpt><trkpt lat="-39.3639910407" lon="-72.6203548629"><ele>113.98</ele><time>2024-08-15T01:59:48Z</time></trkpt><trkpt lat="-39.3638530746" lon="-72.6200696267"><ele>114.18</ele><time>2024-08-15T01:59:58Z</time></trkpt><trkpt lat="-39.3633222487" lon="-72.6201017294"><ele>114.22</ele><time>2024-08-15T02:00:12Z</time></trkpt><trkpt lat="-39.3629799318" lon="-72.6201053336"><ele>114.02</ele><time>2024-08-15T02:00:23Z</time></trkpt><trkpt lat="-39.3626451585" lon="-72.6201168168"><ele>112.94</ele><time>2024-08-15T02:00:35Z</time></trkpt><trkpt lat="-39.3626321666" lon="-72.6201029029"><ele>112.86</ele><time>2024-08-15T02:00:36Z</time></trkpt><trkpt lat="-39.3626202643" lon="-72.6200771704"><ele>112.90</ele><time>2024-08-15T02:00:37Z</time></trkpt><trkpt lat="-39.3626119662" lon="-72.6200421341"><ele>112.89</ele><time>2024-08-15T02:00:38Z</time></trkpt><trkpt lat="-39.3626106251" lon="-72.6199962851"><ele>112.99</ele><time>2024-08-15T02:00:39Z</time></trkpt><trkpt lat="-39.3626117148" lon="-72.6199433114"><ele>112.93</ele><time>2024-08-15T02:00:40Z</time></trkpt><trkpt lat="-39.3626848888" lon="-72.6196622662"><ele>111.93</ele><time>2024-08-15T02:00:46Z</time></trkpt><trkpt lat="-39.3627191707" lon="-72.6196465921"><ele>113.33</ele><time>2024-08-15T02:00:47Z</time></trkpt><trkpt lat="-39.3633309659" lon="-72.6196263079"><ele>113.45</ele><time>2024-08-15T02:01:00Z</time></trkpt><trkpt lat="-39.3639086466" lon="-72.6196350250"><ele>113.73</ele><time>2024-08-15T02:01:14Z</time></trkpt><trkpt lat="-39.3639591895" lon="-72.6196245477"><ele>113.67</ele><time>2024-08-15T02:01:24Z</time></trkpt><trkpt lat="-39.3639829941" lon="-72.6195995696"><ele>113.70</ele><time>2024-08-15T02:01:27Z</time></trkpt><trkpt lat="-39.3639916275" lon="-72.6195725799"><ele>113.82</ele><time>2024-08-15T02:01:28Z</time></trkpt><trkpt lat="-39.3639958184" lon="-72.6195381302"><ele>113.80</ele><time>2024-08-15T02:01:29Z</time></trkpt><trkpt lat="-39.3639982492" lon="-72.6194917783"><ele>113.90</ele><time>2024-08-15T02:01:30Z</time></trkpt><trkpt lat="-39.3640003446" lon="-72.6194407325"><ele>113.82</ele><time>2024-08-15T02:01:31Z</time></trkpt><trkpt lat="-39.3639828265" lon="-72.6192498766"><ele>113.93</ele><time>2024-08-15T02:01:40Z</time></trkpt><trkpt lat="-39.3639698345" lon="-72.6192354597"><ele>114.12</ele><time>2024-08-15T02:01:41Z</time></trkpt><trkpt lat="-39.3639451917" lon="-72.6192159299"><ele>114.07</ele><time>2024-08-15T02:01:43Z</time></trkpt><trkpt lat="-39.3639336247" lon="-72.6192134153"><ele>113.94</ele><time>2024-08-15T02:01:44Z</time></trkpt><trkpt lat="-39.3635817524" lon="-72.6191786304"><ele>113.85</ele><time>2024-08-15T02:01:55Z</time></trkpt><trkpt lat="-39.3630482443" lon="-72.6191569213"><ele>113.44</ele><time>2024-08-15T02:02:10Z</time></trkpt><trkpt lat="-39.3627806939" lon="-72.6191159338"><ele>113.07</ele><time>2024-08-15T02:02:19Z</time></trkpt><trkpt lat="-39.3627749942" lon="-72.6190834120"><ele>112.95</ele><time>2024-08-15T02:02:20Z</time></trkpt><trkpt lat="-39.3627780117" lon="-72.6190376468"><ele>113.11</ele><time>2024-08-15T02:02:21Z</time></trkpt><trkpt lat="-39.3627889920" lon="-72.6189865172"><ele>113.04</ele><time>2024-08-15T02:02:22Z</time></trkpt><trkpt lat="-39.3628060911" lon="-72.6189295202"><ele>113.12</ele><time>2024-08-15T02:02:23Z</time></trkpt><trkpt lat="-39.3630499206" lon="-72.6187198889"><ele>113.61</ele><time>2024-08-15T02:02:32Z</time></trkpt><trkpt lat="-39.3636240810" lon="-72.6187405922"><ele>114.02</ele><time>2024-08-15T02:02:46Z</time></trkpt><trkpt lat="-39.3639877718" lon="-72.6187267620"><ele>114.16</ele><time>2024-08-15T02:02:57Z</time></trkpt><trkpt lat="-39.3640027754" lon="-72.6187053043"><ele>114.33</ele><time>2024-08-15T02:02:58Z</time></trkpt><trkpt lat="-39.3640142586" lon="-72.6186747104"><ele>114.31</ele><time>2024-08-15T02:02:59Z</time></trkpt><trkpt lat="-39.3640233111" lon="-72.6186357345"><ele>114.35</ele><time>2024-08-15T02:03:00Z</time></trkpt><trkpt lat="-39.3640287593" lon="-72.6185885444"><ele>114.41</ele><time>2024-08-15T02:03:01Z</time></trkpt><trkpt lat="-39.3640315253" lon="-72.6185387559"><ele>114.35</ele><time>2024-08-15T02:03:02Z</time></trkpt><trkpt lat="-39.3640337884" lon="-72.6184877101"><ele>114.31</ele><time>2024-08-15T02:03:03Z</time></trkpt><trkpt lat="-39.3638576847" lon="-72.6182938367"><ele>114.29</ele><time>2024-08-15T02:03:12Z</time></trkpt><trkpt lat="-39.3635524996" lon="-72.6182994526"><ele>114.05</ele><time>2024-08-15T02:03:26Z</time></trkpt><trkpt lat="-39.3632880505" lon="-72.6183205750"><ele>113.86</ele><time>2024-08-15T02:03:37Z</time></trkpt><trkpt lat="-39.3631684408" lon="-72.6182594709"><ele>113.67</ele><time>2024-08-15T02:03:43Z</time></trkpt><trkpt lat="-39.3631638307" lon="-72.6182277035"><ele>113.78</ele><time>2024-08-15T02:03:44Z</time></trkpt><trkpt lat="-39.3631683569" lon="-72.6181879733"><ele>113.72</ele><time>2024-08-15T02:03:45Z</time></trkpt><trkpt lat="-39.3631819356" lon="-72.6181443874"><ele>113.84</ele><time>2024-08-15T02:03:46Z</time></trkpt><trkpt lat="-39.3631998729" lon="-72.6180985384"><ele>113.92</ele><time>2024-08-15T02:03:47Z</time></trkpt><trkpt lat="-39.3632193189" lon="-72.6180505939"><ele>113.85</ele><time>2024-08-15T02:03:48Z</time></trkpt><trkpt lat="-39.3635146972" lon="-72.6178373583"><ele>114.37</ele><time>2024-08-15T02:03:58Z</time></trkpt><trkpt lat="-39.3639717624" lon="-72.6178389508"><ele>114.55</ele><time>2024-08-15T02:04:10Z</time></trkpt><trkpt lat="-39.3640039489" lon="-72.6178226899"><ele>114.59</ele><time>2024-08-15T02:04:12Z</time></trkpt><trkpt lat="-39.3640213832" lon="-72.6177991368"><ele>114.56</ele><time>2024-08-15T02:04:13Z</time></trkpt><trkpt lat="-39.3640339561" lon="-72.6177690458"><ele>114.61</ele><time>2024-08-15T02:04:14Z</time></trkpt><trkpt lat="-39.3640415836" lon="-72.6177333388"><ele>114.57</ele><time>2024-08-15T02:04:15Z</time></trkpt><trkpt lat="-39.3640455231" lon="-72.6176918484"><ele>114.56</ele><time>2024-08-15T02:04:16Z</time></trkpt><trkpt lat="-39.3640476186" lon="-72.6176490169"><ele>114.57</ele><time>2024-08-15T02:04:17Z</time></trkpt><trkpt lat="-39.3639081437" lon="-72.6174131501"><ele>114.78</ele><time>2024-08-15T02:04:28Z</time></trkpt><trkpt lat="-39.3635079917" lon="-72.6173652057"><ele>114.36</ele><time>2024-08-15T02:04:41Z</time></trkpt><trkpt lat="-39.3635013700" lon="-72.6173305884"><ele>114.21</ele><time>2024-08-15T02:04:42Z</time></trkpt><trkpt lat="-39.3635027111" lon="-72.6172878407"><ele>114.39</ele><time>2024-08-15T02:04:43Z</time></trkpt><trkpt lat="-39.3635119312" lon="-72.6172445063"><ele>114.43</ele><time>2024-08-15T02:04:44Z</time></trkpt><trkpt lat="-39.3635274377" lon="-72.6171971485"><ele>114.46</ele><time>2024-08-15T02:04:45Z</time></trkpt><trkpt lat="-39.3635449558" lon="-72.6171505451"><ele>114.40</ele><time>2024-08-15T02:04:46Z</time></trkpt><trkpt lat="-39.3637149408" lon="-72.6169660594"><ele>114.71</ele><time>2024-08-15T02:04:52Z</time></trkpt><trkpt lat="-39.3637602869" lon="-72.6169649698"><ele>114.72</ele><time>2024-08-15T02:04:53Z</time></trkpt><trkpt lat="-39.3639458623" lon="-72.6169720106"><ele>114.80</ele><time>2024-08-15T02:04:57Z</time></trkpt><trkpt lat="-39.3639868498" lon="-72.6169869304"><ele>114.87</ele><time>2024-08-15T02:04:58Z</time></trkpt><trkpt lat="-39.3640195392" lon="-72.6170168538"><ele>114.85</ele><time>2024-08-15T02:04:59Z</time></trkpt><trkpt lat="-39.3640436791" lon="-72.6170616969"><ele>114.88</ele><time>2024-08-15T02:05:00Z</time></trkpt><trkpt lat="-39.3640576769" lon="-72.6171215437"><ele>114.96</ele><time>2024-08-15T02:05:01Z</time></trkpt><trkpt lat="-39.3640607782" lon="-72.6171893533"><ele>114.96</ele><time>2024-08-15T02:05:02Z</time></trkpt><trkpt lat="-39.3640585151" lon="-72.6172580011"><ele>115.02</ele><time>2024-08-15T02:05:03Z</time></trkpt><trkpt lat="-39.3640547432" lon="-72.6173222065"><ele>114.96</ele><time>2024-08-15T02:05:04Z</time></trkpt><trkpt lat="-39.3640269991" lon="-72.6182070840"><ele>114.59</ele><time>2024-08-15T02:05:18Z</time></trkpt><trkpt lat="-39.3640334532" lon="-72.6184054837"><ele>114.60</ele><time>2024-08-15T02:05:23Z</time></trkpt><trkpt lat="-39.3640348781" lon="-72.6185443718"><ele>114.65</ele><time>2024-08-15T02:05:25Z</time></trkpt><trkpt lat="-39.3640192878" lon="-72.6194813848"><ele>114.38</ele><time>2024-08-15T02:05:38Z</time></trkpt><trkpt lat="-39.3640049547" lon="-72.6206212398"><ele>114.07</ele><time>2024-08-15T02:05:55Z</time></trkpt><trkpt lat="-39.3639940582" lon="-72.6210840046"><ele>113.87</ele><time>2024-08-15T02:06:02Z</time></trkpt><trkpt lat="-39.3639908731" lon="-72.6211534068"><ele>113.81</ele><time>2024-08-15T02:06:03Z</time></trkpt><trkpt lat="-39.3639876042" lon="-72.6212242339"><ele>113.83</ele><time>2024-08-15T02:06:04Z</time></trkpt><trkpt lat="-39.3639107421" lon="-72.6219171658"><ele>113.44</ele><time>2024-08-15T02:06:16Z</time></trkpt><trkpt lat="-39.3638944812" lon="-72.6230234932"><ele>113.04</ele><time>2024-08-15T02:06:31Z</time></trkpt><trkpt lat="-39.3638770469" lon="-72.6240343507"><ele>112.61</ele><time>2024-08-15T02:06:45Z</time></trkpt><trkpt lat="-39.3638422620" lon="-72.6246473193"><ele>114.52</ele><time>2024-08-15T02:06:55Z</time></trkpt><trkpt lat="-39.3638536613" lon="-72.6247435436"><ele>114.87</ele><time>2024-08-15T02:06:57Z</time></trkpt><trkpt lat="-39.3638737779" lon="-72.6247919910"><ele>114.86</ele><time>2024-08-15T02:06:58Z</time></trkpt><trkpt lat="-39.3639025278" lon="-72.6248426177"><ele>114.78</ele><time>2024-08-15T02:06:59Z</time></trkpt><trkpt lat="-39.3641311023" lon="-72.6251744572"><ele>114.69</ele><time>2024-08-15T02:07:07Z</time></trkpt><trkpt lat="-39.3641644623" lon="-72.6252070628"><ele>114.65</ele><time>2024-08-15T02:07:08Z</time></trkpt><trkpt lat="-39.3642012589" lon="-72.6252202224"><ele>114.44</ele><time>2024-08-15T02:07:09Z</time></trkpt><trkpt lat="-39.3642362952" lon="-72.6252084877"><ele>114.40</ele><time>2024-08-15T02:07:10Z</time></trkpt><trkpt lat="-39.3642670568" lon="-72.6251799893"><ele>114.22</ele><time>2024-08-15T02:07:11Z</time></trkpt><trkpt lat="-39.3642865028" lon="-72.6251384988"><ele>113.95</ele><time>2024-08-15T02:07:12Z</time></trkpt><trkpt lat="-39.3642910291" lon="-72.6250929013"><ele>113.79</ele><time>2024-08-15T02:07:13Z</time></trkpt><trkpt lat="-39.3642938789" lon="-72.6250333060"><ele>113.63</ele><time>2024-08-15T02:07:14Z</time></trkpt><trkpt lat="-39.3642851617" lon="-72.6241755020"><ele>113.49</ele><time>2024-08-15T02:07:25Z</time></trkpt><trkpt lat="-39.3642909452" lon="-72.6231293567"><ele>113.88</ele><time>2024-08-15T02:07:39Z</time></trkpt><trkpt lat="-39.3643015064" lon="-72.6225062460"><ele>113.81</ele><time>2024-08-15T02:07:50Z</time></trkpt><trkpt lat="-39.3643450085" lon="-72.6214383077"><ele>113.44</ele><time>2024-08-15T02:08:04Z</time></trkpt><trkpt lat="-39.3643632811" lon="-72.6202371810"><ele>113.46</ele><time>2024-08-15T02:08:19Z</time></trkpt><trkpt lat="-39.3643754348" lon="-72.6190118305"><ele>113.60</ele><time>2024-08-15T02:08:35Z</time></trkpt><trkpt lat="-39.3643984012" lon="-72.6180911623"><ele>113.30</ele><time>2024-08-15T02:08:48Z</time></trkpt><trkpt lat="-39.3644194398" lon="-72.6170405746"><ele>113.77</ele><time>2024-08-15T02:09:01Z</time></trkpt><trkpt lat="-39.3644049391" lon="-72.6159245241"><ele>115.97</ele><time>2024-08-15T02:09:16Z</time></trkpt><trkpt lat="-39.3644371256" lon="-72.6148498803"><ele>119.14</ele><time>2024-08-15T02:09:32Z</time></trkpt><trkpt lat="-39.3644491956" lon="-72.6141162124"><ele>122.16</ele><time>2024-08-15T02:09:44Z</time></trkpt><trkpt lat="-39.3644616008" lon="-72.6138207503"><ele>122.57</ele><time>2024-08-15T02:09:48Z</time></trkpt><trkpt lat="-39.3645321764" lon="-72.6135251205"><ele>123.80</ele><time>2024-08-15T02:09:52Z</time></trkpt><trkpt lat="-39.3645688053" lon="-72.6129049435"><ele>127.24</ele><time>2024-08-15T02:10:01Z</time></trkpt><trkpt lat="-39.3645730801" lon="-72.6120504085"><ele>128.97</ele><time>2024-08-15T02:10:14Z</time></trkpt><trkpt lat="-39.3646965455" lon="-72.6118512545"><ele>129.67</ele><time>2024-08-15T02:10:19Z</time></trkpt><trkpt lat="-39.3653658405" lon="-72.6114630047"><ele>132.64</ele><time>2024-08-15T02:10:33Z</time></trkpt><trkpt lat="-39.3654568680" lon="-72.6114453189"><ele>133.18</ele><time>2024-08-15T02:10:36Z</time></trkpt><trkpt lat="-39.3655132782" lon="-72.6118376758"><ele>133.75</ele><time>2024-08-15T02:10:45Z</time></trkpt><trkpt lat="-39.3654970173" lon="-72.6118660066"><ele>133.46</ele><time>2024-08-15T02:10:46Z</time></trkpt><trkpt lat="-39.3650510162" lon="-72.6121668331"><ele>131.32</ele><time>2024-08-15T02:10:59Z</time></trkpt><trkpt lat="-39.3646181747" lon="-72.6124183740"><ele>128.38</ele><time>2024-08-15T02:11:13Z</time></trkpt><trkpt lat="-39.3646004889" lon="-72.6124367304"><ele>128.33</ele><time>2024-08-15T02:11:14Z</time></trkpt><trkpt lat="-39.3645658717" lon="-72.6126290113"><ele>128.17</ele><time>2024-08-15T02:11:18Z</time></trkpt><trkpt lat="-39.3645869102" lon="-72.6128450129"><ele>127.59</ele><time>2024-08-15T02:11:23Z</time></trkpt><trkpt lat="-39.3646972999" lon="-72.6128459349"><ele>128.20</ele><time>2024-08-15T02:11:28Z</time></trkpt><trkpt lat="-39.3650369346" lon="-72.6126185339"><ele>130.75</ele><time>2024-08-15T02:11:42Z</time></trkpt><trkpt lat="-39.3654281180" lon="-72.6123984251"><ele>133.11</ele><time>2024-08-15T02:11:52Z</time></trkpt><trkpt lat="-39.3654966820" lon="-72.6125538256"><ele>132.40</ele><time>2024-08-15T02:11:59Z</time></trkpt><trkpt lat="-39.3653686065" lon="-72.6129237190"><ele>130.36</ele><time>2024-08-15T02:12:12Z</time></trkpt><trkpt lat="-39.3649698794" lon="-72.6131430734"><ele>127.29</ele><time>2024-08-15T02:12:24Z</time></trkpt><trkpt lat="-39.3645657040" lon="-72.6134022418"><ele>124.36</ele><time>2024-08-15T02:12:38Z</time></trkpt><trkpt lat="-39.3644471839" lon="-72.6138122845"><ele>122.43</ele><time>2024-08-15T02:12:47Z</time></trkpt><trkpt lat="-39.3646027520" lon="-72.6138764899"><ele>122.54</ele><time>2024-08-15T02:12:53Z</time></trkpt><trkpt lat="-39.3650198355" lon="-72.6136192493"><ele>126.07</ele><time>2024-08-15T02:13:04Z</time></trkpt><trkpt lat="-39.3654628191" lon="-72.6133626793"><ele>129.34</ele><time>2024-08-15T02:13:13Z</time></trkpt><trkpt lat="-39.3656229135" lon="-72.6132853981"><ele>129.83</ele><time>2024-08-15T02:13:16Z</time></trkpt><trkpt lat="-39.3658925593" lon="-72.6127387304"><ele>132.73</ele><time>2024-08-15T02:13:26Z</time></trkpt><trkpt lat="-39.3659125920" lon="-72.6118774060"><ele>131.57</ele><time>2024-08-15T02:13:39Z</time></trkpt><trkpt lat="-39.3659208901" lon="-72.6118519250"><ele>131.35</ele><time>2024-08-15T02:13:40Z</time></trkpt><trkpt lat="-39.3659658171" lon="-72.6118185651"><ele>130.72</ele><time>2024-08-15T02:13:43Z</time></trkpt><trkpt lat="-39.3659929745" lon="-72.6118227560"><ele>130.57</ele><time>2024-08-15T02:13:44Z</time></trkpt><trkpt lat="-39.3660229817" lon="-72.6118448004"><ele>130.24</ele><time>2024-08-15T02:13:45Z</time></trkpt><trkpt lat="-39.3660562579" lon="-72.6118821837"><ele>129.77</ele><time>2024-08-15T02:13:46Z</time></trkpt><trkpt lat="-39.3660933059" lon="-72.6119269431"><ele>129.64</ele><time>2024-08-15T02:13:47Z</time></trkpt><trkpt lat="-39.3663316872" lon="-72.6121768914"><ele>127.50</ele><time>2024-08-15T02:13:52Z</time></trkpt><trkpt lat="-39.3667159975" lon="-72.6124694198"><ele>124.48</ele><time>2024-08-15T02:14:00Z</time></trkpt><trkpt lat="-39.3672129605" lon="-72.6127842441"><ele>121.20</ele><time>2024-08-15T02:14:10Z</time></trkpt><trkpt lat="-39.3673805147" lon="-72.6128987409"><ele>119.72</ele><time>2024-08-15T02:14:14Z</time></trkpt><trkpt lat="-39.3678593729" lon="-72.6132714003"><ele>117.14</ele><time>2024-08-15T02:14:24Z</time></trkpt><trkpt lat="-39.3678945769" lon="-72.6133062690"><ele>116.86</ele><time>2024-08-15T02:14:25Z</time></trkpt><trkpt lat="-39.3679213990" lon="-72.6133425627"><ele>116.81</ele><time>2024-08-15T02:14:26Z</time></trkpt><trkpt lat="-39.3679388333" lon="-72.6133793592"><ele>116.54</ele><time>2024-08-15T02:14:27Z</time></trkpt><trkpt lat="-39.3679374922" lon="-72.6134180836"><ele>115.64</ele><time>2024-08-15T02:14:28Z</time></trkpt><trkpt lat="-39.3679250870" lon="-72.6134516951"><ele>116.63</ele><time>2024-08-15T02:14:29Z</time></trkpt><trkpt lat="-39.3679060601" lon="-72.6134791039"><ele>116.30</ele><time>2024-08-15T02:14:30Z</time></trkpt><trkpt lat="-39.3678821716" lon="-72.6135040820"><ele>115.97</ele><time>2024-08-15T02:14:31Z</time></trkpt><trkpt lat="-39.3678523321" lon="-72.6135309879"><ele>115.90</ele><time>2024-08-15T02:14:32Z</time></trkpt><trkpt lat="-39.3676516693" lon="-72.6137478277"><ele>114.58</ele><time>2024-08-15T02:14:40Z</time></trkpt><trkpt lat="-39.3676540162" lon="-72.6137702074"><ele>114.39</ele><time>2024-08-15T02:14:41Z</time></trkpt><trkpt lat="-39.3676616438" lon="-72.6137933414"><ele>114.54</ele><time>2024-08-15T02:14:42Z</time></trkpt><trkpt lat="-39.3676727917" lon="-72.6138194092"><ele>114.54</ele><time>2024-08-15T02:14:43Z</time></trkpt><trkpt lat="-39.3676871248" lon="-72.6138504222"><ele>114.46</ele><time>2024-08-15T02:14:44Z</time></trkpt><trkpt lat="-39.3677059002" lon="-72.6138889790"><ele>114.44</ele><time>2024-08-15T02:14:45Z</time></trkpt><trkpt lat="-39.3679492269" lon="-72.6143885404"><ele>114.84</ele><time>2024-08-15T02:14:58Z</time></trkpt><trkpt lat="-39.3679464608" lon="-72.6144628879"><ele>114.78</ele><time>2024-08-15T02:15:02Z</time></trkpt><trkpt lat="-39.3679318763" lon="-72.6144880336"><ele>114.70</ele><time>2024-08-15T02:15:03Z</time></trkpt><trkpt lat="-39.3679118436" lon="-72.6145098265"><ele>114.75</ele><time>2024-08-15T02:15:04Z</time></trkpt><trkpt lat="-39.3677005358" lon="-72.6146853436"><ele>114.42</ele><time>2024-08-15T02:15:13Z</time></trkpt><trkpt lat="-39.3676838558" lon="-72.6146826614"><ele>114.40</ele><time>2024-08-15T02:15:14Z</time></trkpt><trkpt lat="-39.3676682655" lon="-72.6146739442"><ele>114.50</ele><time>2024-08-15T02:15:15Z</time></trkpt><trkpt lat="-39.3676525913" lon="-72.6146575995"><ele>114.51</ele><time>2024-08-15T02:15:16Z</time></trkpt><trkpt lat="-39.3676375877" lon="-72.6146336272"><ele>114.53</ele><time>2024-08-15T02:15:17Z</time></trkpt><trkpt lat="-39.3676233385" lon="-72.6146036200"><ele>114.56</ele><time>2024-08-15T02:15:18Z</time></trkpt><trkpt lat="-39.3676108494" lon="-72.6145769656"><ele>114.47</ele><time>2024-08-15T02:15:19Z</time></trkpt><trkpt lat="-39.3673780840" lon="-72.6141717006"><ele>114.27</ele><time>2024-08-15T02:15:34Z</time></trkpt><trkpt lat="-39.3673225120" lon="-72.6140866242"><ele>114.44</ele><time>2024-08-15T02:15:39Z</time></trkpt><trkpt lat="-39.3673059158" lon="-72.6140823495"><ele>114.48</ele><time>2024-08-15T02:15:40Z</time></trkpt><trkpt lat="-39.3672869727" lon="-72.6140805054"><ele>114.61</ele><time>2024-08-15T02:15:41Z</time></trkpt><trkpt lat="-39.3672650959" lon="-72.6140848640"><ele>114.71</ele><time>2024-08-15T02:15:42Z</time></trkpt><trkpt lat="-39.3672383577" lon="-72.6140986942"><ele>114.82</ele><time>2024-08-15T02:15:43Z</time></trkpt><trkpt lat="-39.3672101106" lon="-72.6141160447"><ele>114.78</ele><time>2024-08-15T02:15:44Z</time></trkpt><trkpt lat="-39.3671802711" lon="-72.6141380891"><ele>114.69</ele><time>2024-08-15T02:15:45Z</time></trkpt><trkpt lat="-39.3671169877" lon="-72.6141934097"><ele>114.83</ele><time>2024-08-15T02:15:47Z</time></trkpt><trkpt lat="-39.3670850527" lon="-72.6142295357"><ele>114.96</ele><time>2024-08-15T02:15:48Z</time></trkpt><trkpt lat="-39.3669855595" lon="-72.6143365726"><ele>114.91</ele><time>2024-08-15T02:15:51Z</time></trkpt><trkpt lat="-39.3665919453" lon="-72.6146270894"><ele>116.45</ele><time>2024-08-15T02:16:02Z</time></trkpt><trkpt lat="-39.3665916100" lon="-72.6146591920"><ele>116.56</ele><time>2024-08-15T02:16:03Z</time></trkpt><trkpt lat="-39.3666030094" lon="-72.6146907918"><ele>116.51</ele><time>2024-08-15T02:16:04Z</time></trkpt><trkpt lat="-39.3666200247" lon="-72.6147255767"><ele>116.50</ele><time>2024-08-15T02:16:05Z</time></trkpt><trkpt lat="-39.3666407280" lon="-72.6147635467"><ele>116.35</ele><time>2024-08-15T02:16:06Z</time></trkpt><trkpt lat="-39.3669267185" lon="-72.6152554806"><ele>114.40</ele><time>2024-08-15T02:16:19Z</time></trkpt><trkpt lat="-39.3669400457" lon="-72.6153398864"><ele>113.86</ele><time>2024-08-15T02:16:24Z</time></trkpt><trkpt lat="-39.3669250421" lon="-72.6153698936"><ele>114.14</ele><time>2024-08-15T02:16:25Z</time></trkpt><trkpt lat="-39.3668970466" lon="-72.6154031698"><ele>114.13</ele><time>2024-08-15T02:16:26Z</time></trkpt><trkpt lat="-39.3668582384" lon="-72.6154416427"><ele>114.13</ele><time>2024-08-15T02:16:27Z</time></trkpt><trkpt lat="-39.3668166641" lon="-72.6154823788"><ele>114.26</ele><time>2024-08-15T02:16:28Z</time></trkpt><trkpt lat="-39.3666286580" lon="-72.6156011503"><ele>113.81</ele><time>2024-08-15T02:16:34Z</time></trkpt><trkpt lat="-39.3666083738" lon="-72.6155853085"><ele>114.05</ele><time>2024-08-15T02:16:35Z</time></trkpt><trkpt lat="-39.3665870000" lon="-72.6155610848"><ele>114.23</ele><time>2024-08-15T02:16:36Z</time></trkpt><trkpt lat="-39.3665625248" lon="-72.6155269705"><ele>114.34</ele><time>2024-08-15T02:16:37Z</time></trkpt><trkpt lat="-39.3665372115" lon="-72.6154868212"><ele>114.62</ele><time>2024-08-15T02:16:38Z</time></trkpt><trkpt lat="-39.3662701640" lon="-72.6149906125"><ele>117.69</ele><time>2024-08-15T02:16:48Z</time></trkpt><trkpt lat="-39.3659849279" lon="-72.6145417616"><ele>120.62</ele><time>2024-08-15T02:17:00Z</time></trkpt><trkpt lat="-39.3657365721" lon="-72.6141261030"><ele>123.03</ele><time>2024-08-15T02:17:09Z</time></trkpt><trkpt lat="-39.3655591272" lon="-72.6138495840"><ele>124.84</ele><time>2024-08-15T02:17:16Z</time></trkpt><trkpt lat="-39.3655344006" lon="-72.6138456445"><ele>124.83</ele><time>2024-08-15T02:17:17Z</time></trkpt><trkpt lat="-39.3655022979" lon="-72.6138524339"><ele>124.86</ele><time>2024-08-15T02:17:18Z</time></trkpt><trkpt lat="-39.3654624838" lon="-72.6138749812"><ele>124.85</ele><time>2024-08-15T02:17:19Z</time></trkpt><trkpt lat="-39.3654214125" lon="-72.6139072515"><ele>124.84</ele><time>2024-08-15T02:17:20Z</time></trkpt><trkpt lat="-39.3653817661" lon="-72.6139406115"><ele>124.78</ele><time>2024-08-15T02:17:21Z</time></trkpt><trkpt lat="-39.3653044011" lon="-72.6141162962"><ele>124.26</ele><time>2024-08-15T02:17:28Z</time></trkpt><trkpt lat="-39.3655739632" lon="-72.6145920530"><ele>122.18</ele><time>2024-08-15T02:17:39Z</time></trkpt><trkpt lat="-39.3657254241" lon="-72.6147929672"><ele>120.74</ele><time>2024-08-15T02:17:47Z</time></trkpt><trkpt lat="-39.3659696728" lon="-72.6151921134"><ele>118.38</ele><time>2024-08-15T02:17:57Z</time></trkpt><trkpt lat="-39.3662748579" lon="-72.6157611609"><ele>115.16</ele><time>2024-08-15T02:18:07Z</time></trkpt><trkpt lat="-39.3663331959" lon="-72.6159702893"><ele>113.56</ele><time>2024-08-15T02:18:15Z</time></trkpt><trkpt lat="-39.3663101457" lon="-72.6160047390"><ele>113.70</ele><time>2024-08-15T02:18:16Z</time></trkpt><trkpt lat="-39.3662790488" lon="-72.6160370093"><ele>113.99</ele><time>2024-08-15T02:18:17Z</time></trkpt><trkpt lat="-39.3660136778" lon="-72.6160484925"><ele>114.68</ele><time>2024-08-15T02:18:27Z</time></trkpt><trkpt lat="-39.3658617139" lon="-72.6158655994"><ele>115.42</ele><time>2024-08-15T02:18:34Z</time></trkpt><trkpt lat="-39.3658379931" lon="-72.6158806868"><ele>115.51</ele><time>2024-08-15T02:18:35Z</time></trkpt><trkpt lat="-39.3656087480" lon="-72.6161567867"><ele>114.86</ele><time>2024-08-15T02:18:46Z</time></trkpt><trkpt lat="-39.3656152859" lon="-72.6161792502"><ele>114.68</ele><time>2024-08-15T02:18:47Z</time></trkpt><trkpt lat="-39.3656260986" lon="-72.6162061561"><ele>114.66</ele><time>2024-08-15T02:18:48Z</time></trkpt><trkpt lat="-39.3657338899" lon="-72.6164833456"><ele>113.76</ele><time>2024-08-15T02:19:00Z</time></trkpt><trkpt lat="-39.3657250889" lon="-72.6165149454"><ele>113.53</ele><time>2024-08-15T02:19:01Z</time></trkpt><trkpt lat="-39.3657071516" lon="-72.6165506523"><ele>113.66</ele><time>2024-08-15T02:19:02Z</time></trkpt><trkpt lat="-39.3656795751" lon="-72.6165827550"><ele>113.78</ele><time>2024-08-15T02:19:03Z</time></trkpt><trkpt lat="-39.3656483945" lon="-72.6166141871"><ele>113.67</ele><time>2024-08-15T02:19:04Z</time></trkpt><trkpt lat="-39.3654180598" lon="-72.6166243292"><ele>113.80</ele><time>2024-08-15T02:19:13Z</time></trkpt><trkpt lat="-39.3651502579" lon="-72.6161357481"><ele>114.84</ele><time>2024-08-15T02:19:26Z</time></trkpt><trkpt lat="-39.3650846276" lon="-72.6159614883"><ele>115.25</ele><time>2024-08-15T02:19:31Z</time></trkpt><trkpt lat="-39.3650977034" lon="-72.6159309782"><ele>115.49</ele><time>2024-08-15T02:19:32Z</time></trkpt><trkpt lat="-39.3651202507" lon="-72.6159008872"><ele>115.50</ele><time>2024-08-15T02:19:33Z</time></trkpt><trkpt lat="-39.3651464861" lon="-72.6158739813"><ele>115.53</ele><time>2024-08-15T02:19:34Z</time></trkpt><trkpt lat="-39.3651744816" lon="-72.6158464048"><ele>115.49</ele><time>2024-08-15T02:19:35Z</time></trkpt><trkpt lat="-39.3656364921" lon="-72.6154172514"><ele>116.49</ele><time>2024-08-15T02:19:50Z</time></trkpt><trkpt lat="-39.3659190461" lon="-72.6151364576"><ele>118.13</ele><time>2024-08-15T02:19:59Z</time></trkpt><trkpt lat="-39.3659191299" lon="-72.6150981523"><ele>118.43</ele><time>2024-08-15T02:20:00Z</time></trkpt><trkpt lat="-39.3659049645" lon="-72.6150553208"><ele>118.86</ele><time>2024-08-15T02:20:01Z</time></trkpt><trkpt lat="-39.3658791482" lon="-72.6150085498"><ele>119.19</ele><time>2024-08-15T02:20:02Z</time></trkpt><trkpt lat="-39.3658488058" lon="-72.6149612758"><ele>119.37</ele><time>2024-08-15T02:20:03Z</time></trkpt><trkpt lat="-39.3658205587" lon="-72.6149128284"><ele>120.16</ele><time>2024-08-15T02:20:04Z</time></trkpt><trkpt lat="-39.3657985982" lon="-72.6148683205"><ele>120.94</ele><time>2024-08-15T02:20:05Z</time></trkpt><trkpt lat="-39.3657842651" lon="-72.6148378942"><ele>121.06</ele><time>2024-08-15T02:20:06Z</time></trkpt><trkpt lat="-39.3657368235" lon="-72.6147969067"><ele>121.65</ele><time>2024-08-15T02:20:09Z</time></trkpt><trkpt lat="-39.3657075707" lon="-72.6148020197"><ele>121.57</ele><time>2024-08-15T02:20:10Z</time></trkpt><trkpt lat="-39.3656731211" lon="-72.6148218010"><ele>121.65</ele><time>2024-08-15T02:20:11Z</time></trkpt><trkpt lat="-39.3656380847" lon="-72.6148535684"><ele>121.51</ele><time>2024-08-15T02:20:12Z</time></trkpt><trkpt lat="-39.3656045571" lon="-72.6148907840"><ele>121.58</ele><time>2024-08-15T02:20:13Z</time></trkpt><trkpt lat="-39.3655716162" lon="-72.6149285864"><ele>121.56</ele><time>2024-08-15T02:20:14Z</time></trkpt><trkpt lat="-39.3654550239" lon="-72.6150331087"><ele>121.11</ele><time>2024-08-15T02:20:22Z</time></trkpt><trkpt lat="-39.3655167986" lon="-72.6149877626"><ele>121.27</ele><time>2024-08-15T02:20:44Z</time></trkpt><trkpt lat="-39.3655007053" lon="-72.6150019281"><ele>121.32</ele><time>2024-08-15T02:20:45Z</time></trkpt><trkpt lat="-39.3654827680" lon="-72.6150120702"><ele>121.20</ele><time>2024-08-15T02:20:46Z</time></trkpt><trkpt lat="-39.3654607236" lon="-72.6150171831"><ele>121.09</ele><time>2024-08-15T02:20:47Z</time></trkpt><trkpt lat="-39.3654370867" lon="-72.6150145847"><ele>121.01</ele><time>2024-08-15T02:20:48Z</time></trkpt><trkpt lat="-39.3654131144" lon="-72.6150016766"><ele>121.10</ele><time>2024-08-15T02:20:49Z</time></trkpt><trkpt lat="-39.3653908186" lon="-72.6149792131"><ele>121.37</ele><time>2024-08-15T02:20:50Z</time></trkpt><trkpt lat="-39.3653684389" lon="-72.6149461884"><ele>121.49</ele><time>2024-08-15T02:20:51Z</time></trkpt><trkpt lat="-39.3653448857" lon="-72.6149045303"><ele>121.72</ele><time>2024-08-15T02:20:52Z</time></trkpt><trkpt lat="-39.3653179798" lon="-72.6148603577"><ele>121.90</ele><time>2024-08-15T02:20:53Z</time></trkpt><trkpt lat="-39.3652906548" lon="-72.6148205437"><ele>121.98</ele><time>2024-08-15T02:20:54Z</time></trkpt><trkpt lat="-39.3650303967" lon="-72.6143863611"><ele>123.57</ele><time>2024-08-15T02:21:06Z</time></trkpt><trkpt lat="-39.3649885710" lon="-72.6143726148"><ele>123.63</ele><time>2024-08-15T02:21:12Z</time></trkpt><trkpt lat="-39.3649666104" lon="-72.6143724471"><ele>123.64</ele><time>2024-08-15T02:21:13Z</time></trkpt><trkpt lat="-39.3648921791" lon="-72.6144091599"><ele>123.23</ele><time>2024-08-15T02:21:15Z</time></trkpt><trkpt lat="-39.3648480903" lon="-72.6144425198"><ele>122.87</ele><time>2024-08-15T02:21:16Z</time></trkpt><trkpt lat="-39.3644921947" lon="-72.6147157699"><ele>119.84</ele><time>2024-08-15T02:21:24Z</time></trkpt><trkpt lat="-39.3643947970" lon="-72.6148708351"><ele>119.41</ele><time>2024-08-15T02:21:29Z</time></trkpt><trkpt lat="-39.3643882591" lon="-72.6149342861"><ele>119.01</ele><time>2024-08-15T02:21:30Z</time></trkpt><trkpt lat="-39.3643854093" lon="-72.6150035206"><ele>118.92</ele><time>2024-08-15T02:21:31Z</time></trkpt><trkpt lat="-39.3643905222" lon="-72.6152739208"><ele>117.44</ele><time>2024-08-15T02:21:39Z</time></trkpt><trkpt lat="-39.3643999100" lon="-72.6153158303"><ele>117.52</ele><time>2024-08-15T02:21:41Z</time></trkpt><trkpt lat="-39.3644290790" lon="-72.6153574884"><ele>117.30</ele><time>2024-08-15T02:21:43Z</time></trkpt><trkpt lat="-39.3644539732" lon="-72.6153627690"><ele>117.01</ele><time>2024-08-15T02:21:44Z</time></trkpt><trkpt lat="-39.3644830585" lon="-72.6153512020"><ele>116.85</ele><time>2024-08-15T02:21:45Z</time></trkpt><trkpt lat="-39.3645189330" lon="-72.6153255533"><ele>117.22</ele><time>2024-08-15T02:21:46Z</time></trkpt><trkpt lat="-39.3645573221" lon="-72.6152931992"><ele>117.58</ele><time>2024-08-15T02:21:47Z</time></trkpt><trkpt lat="-39.3645933643" lon="-72.6152616832"><ele>117.92</ele><time>2024-08-15T02:21:48Z</time></trkpt><trkpt lat="-39.3649614975" lon="-72.6149695739"><ele>120.30</ele><time>2024-08-15T02:21:59Z</time></trkpt><trkpt lat="-39.3651393615" lon="-72.6152543910"><ele>119.08</ele><time>2024-08-15T02:22:08Z</time></trkpt><trkpt lat="-39.3651321530" lon="-72.6153222844"><ele>118.81</ele><time>2024-08-15T02:22:10Z</time></trkpt><trkpt lat="-39.3651091028" lon="-72.6153638586"><ele>118.61</ele><time>2024-08-15T02:22:11Z</time></trkpt><trkpt lat="-39.3650741503" lon="-72.6154053491"><ele>118.45</ele><time>2024-08-15T02:22:12Z</time></trkpt><trkpt lat="-39.3650325760" lon="-72.6154475100"><ele>118.32</ele><time>2024-08-15T02:22:13Z</time></trkpt><trkpt lat="-39.3649837095" lon="-72.6154918503"><ele>118.01</ele><time>2024-08-15T02:22:14Z</time></trkpt><trkpt lat="-39.3646196835" lon="-72.6159374323"><ele>116.56</ele><time>2024-08-15T02:22:25Z</time></trkpt><trkpt lat="-39.3646346871" lon="-72.6159831136"><ele>116.47</ele><time>2024-08-15T02:22:26Z</time></trkpt><trkpt lat="-39.3646597490" lon="-72.6160391886"><ele>116.64</ele><time>2024-08-15T02:22:27Z</time></trkpt><trkpt lat="-39.3650464900" lon="-72.6167700067"><ele>114.18</ele><time>2024-08-15T02:22:42Z</time></trkpt><trkpt lat="-39.3651562929" lon="-72.6170021854"><ele>113.70</ele><time>2024-08-15T02:22:49Z</time></trkpt><trkpt lat="-39.3651480787" lon="-72.6170328632"><ele>113.80</ele><time>2024-08-15T02:22:50Z</time></trkpt><trkpt lat="-39.3651289679" lon="-72.6170656364"><ele>113.77</ele><time>2024-08-15T02:22:51Z</time></trkpt><trkpt lat="-39.3651036546" lon="-72.6170980744"><ele>113.85</ele><time>2024-08-15T02:22:52Z</time></trkpt><trkpt lat="-39.3650691211" lon="-72.6171314344"><ele>113.86</ele><time>2024-08-15T02:22:53Z</time></trkpt><trkpt lat="-39.3650310673" lon="-72.6171641238"><ele>113.88</ele><time>2024-08-15T02:22:54Z</time></trkpt><trkpt lat="-39.3645449169" lon="-72.6176164951"><ele>113.65</ele><time>2024-08-15T02:23:05Z</time></trkpt><trkpt lat="-39.3644035980" lon="-72.6178173255"><ele>113.62</ele><time>2024-08-15T02:23:12Z</time></trkpt><trkpt lat="-39.3643934559" lon="-72.6178790163"><ele>113.81</ele><time>2024-08-15T02:23:13Z</time></trkpt><trkpt lat="-39.3643857446" lon="-72.6179524418"><ele>113.73</ele><time>2024-08-15T02:23:14Z</time></trkpt><trkpt lat="-39.3643568270" lon="-72.6186902169"><ele>113.93</ele><time>2024-08-15T02:23:24Z</time></trkpt><trkpt lat="-39.3643822242" lon="-72.6187605411"><ele>113.71</ele><time>2024-08-15T02:23:26Z</time></trkpt><trkpt lat="-39.3644021731" lon="-72.6187772211"><ele>113.82</ele><time>2024-08-15T02:23:27Z</time></trkpt><trkpt lat="-39.3644291628" lon="-72.6187824178"><ele>113.82</ele><time>2024-08-15T02:23:28Z</time></trkpt><trkpt lat="-39.3644570746" lon="-72.6187724434"><ele>114.03</ele><time>2024-08-15T02:23:29Z</time></trkpt><trkpt lat="-39.3644888420" lon="-72.6187466271"><ele>114.07</ele><time>2024-08-15T02:23:30Z</time></trkpt><trkpt lat="-39.3645238783" lon="-72.6187146921"><ele>114.03</ele><time>2024-08-15T02:23:31Z</time></trkpt><trkpt lat="-39.3650946021" lon="-72.6181396097"><ele>114.43</ele><time>2024-08-15T02:23:45Z</time></trkpt><trkpt lat="-39.3655283656" lon="-72.6177416369"><ele>114.24</ele><time>2024-08-15T02:23:57Z</time></trkpt><trkpt lat="-39.3657597899" lon="-72.6175425667"><ele>114.36</ele><time>2024-08-15T02:24:08Z</time></trkpt><trkpt lat="-39.3662497122" lon="-72.6171353739"><ele>114.67</ele><time>2024-08-15T02:24:21Z</time></trkpt><trkpt lat="-39.3665689789" lon="-72.6168608665"><ele>114.68</ele><time>2024-08-15T02:24:32Z</time></trkpt><trkpt lat="-39.3670870643" lon="-72.6163633168"><ele>115.26</ele><time>2024-08-15T02:24:48Z</time></trkpt><trkpt lat="-39.3676219136" lon="-72.6158859674"><ele>115.62</ele><time>2024-08-15T02:25:03Z</time></trkpt><trkpt lat="-39.3679188844" lon="-72.6155777648"><ele>115.49</ele><time>2024-08-15T02:25:14Z</time></trkpt><trkpt lat="-39.3679190520" lon="-72.6155460812"><ele>115.51</ele><time>2024-08-15T02:25:15Z</time></trkpt><trkpt lat="-39.3679115921" lon="-72.6155098714"><ele>115.69</ele><time>2024-08-15T02:25:16Z</time></trkpt><trkpt lat="-39.3678959180" lon="-72.6154716499"><ele>115.63</ele><time>2024-08-15T02:25:17Z</time></trkpt><trkpt lat="-39.3678763881" lon="-72.6154356077"><ele>115.58</ele><time>2024-08-15T02:25:18Z</time></trkpt><trkpt lat="-39.3677193113" lon="-72.6151766907"><ele>115.54</ele><time>2024-08-15T02:25:24Z</time></trkpt><trkpt lat="-39.3675763160" lon="-72.6148496289"><ele>115.10</ele><time>2024-08-15T02:25:33Z</time></trkpt><trkpt lat="-39.3675906491" lon="-72.6148114912"><ele>115.28</ele><time>2024-08-15T02:25:34Z</time></trkpt><trkpt lat="-39.3676176388" lon="-72.6147751976"><ele>115.40</ele><time>2024-08-15T02:25:35Z</time></trkpt><trkpt lat="-39.3676537648" lon="-72.6147342939"><ele>115.36</ele><time>2024-08-15T02:25:36Z</time></trkpt><trkpt lat="-39.3676987756" lon="-72.6146897860"><ele>115.53</ele><time>2024-08-15T02:25:37Z</time></trkpt><trkpt lat="-39.3682617042" lon="-72.6141551044"><ele>115.86</ele><time>2024-08-15T02:25:48Z</time></trkpt><trkpt lat="-39.3684755266" lon="-72.6139307208"><ele>116.37</ele><time>2024-08-15T02:25:58Z</time></trkpt><trkpt lat="-39.3687434122" lon="-72.6136004739"><ele>116.27</ele><time>2024-08-15T02:26:13Z</time></trkpt><trkpt lat="-39.3690009881" lon="-72.6132979710"><ele>115.96</ele><time>2024-08-15T02:26:27Z</time></trkpt><trkpt lat="-39.3689991441" lon="-72.6132671256"><ele>115.86</ele><time>2024-08-15T02:26:28Z</time></trkpt><trkpt lat="-39.3689931929" lon="-72.6132360287"><ele>115.79</ele><time>2024-08-15T02:26:29Z</time></trkpt><trkpt lat="-39.3689799495" lon="-72.6132075302"><ele>115.79</ele><time>2024-08-15T02:26:30Z</time></trkpt><trkpt lat="-39.3689634372" lon="-72.6131786127"><ele>115.77</ele><time>2024-08-15T02:26:31Z</time></trkpt><trkpt lat="-39.3688529637" lon="-72.6130136568"><ele>115.55</ele><time>2024-08-15T02:26:38Z</time></trkpt><trkpt lat="-39.3688361999" lon="-72.6130096335"><ele>115.46</ele><time>2024-08-15T02:26:39Z</time></trkpt><trkpt lat="-39.3688229565" lon="-72.6130089629"><ele>115.56</ele><time>2024-08-15T02:26:40Z</time></trkpt><trkpt lat="-39.3687764369" lon="-72.6130327675"><ele>115.63</ele><time>2024-08-15T02:26:47Z</time></trkpt><trkpt lat="-39.3687279895" lon="-72.6130966377"><ele>115.93</ele><time>2024-08-15T02:26:50Z</time></trkpt><trkpt lat="-39.3683304358" lon="-72.6135712210"><ele>116.48</ele><time>2024-08-15T02:27:04Z</time></trkpt><trkpt lat="-39.3681313656" lon="-72.6135486737"><ele>116.83</ele><time>2024-08-15T02:27:13Z</time></trkpt><trkpt lat="-39.3680495583" lon="-72.6133706421"><ele>116.65</ele><time>2024-08-15T02:27:19Z</time></trkpt><trkpt lat="-39.3680628855" lon="-72.6133371983"><ele>116.51</ele><time>2024-08-15T02:27:20Z</time></trkpt><trkpt lat="-39.3680831697" lon="-72.6133034192"><ele>116.71</ele><time>2024-08-15T02:27:21Z</time></trkpt><trkpt lat="-39.3681022804" lon="-72.6132711489"><ele>116.50</ele><time>2024-08-15T02:27:22Z</time></trkpt><trkpt lat="-39.3681211397" lon="-72.6132413931"><ele>116.37</ele><time>2024-08-15T02:27:23Z</time></trkpt><trkpt lat="-39.3681404181" lon="-72.6132144034"><ele>116.42</ele><time>2024-08-15T02:27:24Z</time></trkpt><trkpt lat="-39.3685164303" lon="-72.6127762813"><ele>115.74</ele><time>2024-08-15T02:27:40Z</time></trkpt><trkpt lat="-39.3688004930" lon="-72.6124387421"><ele>115.34</ele><time>2024-08-15T02:27:53Z</time></trkpt><trkpt lat="-39.3688019179" lon="-72.6124110818"><ele>115.43</ele><time>2024-08-15T02:27:54Z</time></trkpt><trkpt lat="-39.3687999900" lon="-72.6123798173"><ele>115.41</ele><time>2024-08-15T02:27:55Z</time></trkpt><trkpt lat="-39.3687818851" lon="-72.6120752189"><ele>115.08</ele><time>2024-08-15T02:28:04Z</time></trkpt><trkpt lat="-39.3687652890" lon="-72.6120609697"><ele>115.15</ele><time>2024-08-15T02:28:06Z</time></trkpt><trkpt lat="-39.3687520456" lon="-72.6120586228"><ele>115.49</ele><time>2024-08-15T02:28:07Z</time></trkpt><trkpt lat="-39.3687367067" lon="-72.6120636519"><ele>115.39</ele><time>2024-08-15T02:28:08Z</time></trkpt><trkpt lat="-39.3687205296" lon="-72.6120777335"><ele>115.37</ele><time>2024-08-15T02:28:09Z</time></trkpt><trkpt lat="-39.3686994072" lon="-72.6121006161"><ele>115.27</ele><time>2024-08-15T02:28:10Z</time></trkpt><trkpt lat="-39.3686751835" lon="-72.6121276058"><ele>115.30</ele><time>2024-08-15T02:28:11Z</time></trkpt><trkpt lat="-39.3682747800" lon="-72.6125975791"><ele>115.61</ele><time>2024-08-15T02:28:25Z</time></trkpt><trkpt lat="-39.3678354844" lon="-72.6131029241"><ele>117.09</ele><time>2024-08-15T02:28:39Z</time></trkpt><trkpt lat="-39.3677639868" lon="-72.6131603401"><ele>117.54</ele><time>2024-08-15T02:28:43Z</time></trkpt><trkpt lat="-39.3677240051" lon="-72.6131611783"><ele>117.76</ele><time>2024-08-15T02:28:44Z</time></trkpt><trkpt lat="-39.3676848616" lon="-72.6131524611"><ele>117.81</ele><time>2024-08-15T02:28:45Z</time></trkpt><trkpt lat="-39.3676442932" lon="-72.6131337695"><ele>118.15</ele><time>2024-08-15T02:28:46Z</time></trkpt><trkpt lat="-39.3675972708" lon="-72.6131064445"><ele>118.38</ele><time>2024-08-15T02:28:47Z</time></trkpt><trkpt lat="-39.3675498292" lon="-72.6130745932"><ele>118.63</ele><time>2024-08-15T02:28:48Z</time></trkpt><trkpt lat="-39.3671629205" lon="-72.6127936319"><ele>121.50</ele><time>2024-08-15T02:28:57Z</time></trkpt><trkpt lat="-39.3669554684" lon="-72.6128066238"><ele>122.17</ele><time>2024-08-15T02:29:05Z</time></trkpt><trkpt lat="-39.3667848129" lon="-72.6130549796"><ele>121.72</ele><time>2024-08-15T02:29:17Z</time></trkpt><trkpt lat="-39.3667853996" lon="-72.6130713243"><ele>121.72</ele><time>2024-08-15T02:29:18Z</time></trkpt><trkpt lat="-39.3667890877" lon="-72.6130876690"><ele>121.68</ele><time>2024-08-15T02:29:19Z</time></trkpt><trkpt lat="-39.3667956255" lon="-72.6131026726"><ele>121.58</ele><time>2024-08-15T02:29:20Z</time></trkpt><trkpt lat="-39.3668112997" lon="-72.6131180115"><ele>121.45</ele><time>2024-08-15T02:29:21Z</time></trkpt><trkpt lat="-39.3668311648" lon="-72.6131324284"><ele>121.23</ele><time>2024-08-15T02:29:22Z</time></trkpt><trkpt lat="-39.3668543827" lon="-72.6131501980"><ele>121.11</ele><time>2024-08-15T02:29:23Z</time></trkpt><trkpt lat="-39.3668824621" lon="-72.6131702308"><ele>120.78</ele><time>2024-08-15T02:29:24Z</time></trkpt><trkpt lat="-39.3669137266" lon="-72.6131897606"><ele>120.30</ele><time>2024-08-15T02:29:25Z</time></trkpt><trkpt lat="-39.3671898264" lon="-72.6134012360"><ele>117.18</ele><time>2024-08-15T02:29:35Z</time></trkpt><trkpt lat="-39.3675558642" lon="-72.6137013920"><ele>115.19</ele><time>2024-08-15T02:29:49Z</time></trkpt><trkpt lat="-39.3675660901" lon="-72.6137411222"><ele>115.21</ele><time>2024-08-15T02:29:52Z</time></trkpt><trkpt lat="-39.3675561156" lon="-72.6137703750"><ele>115.08</ele><time>2024-08-15T02:29:53Z</time></trkpt><trkpt lat="-39.3675288744" lon="-72.6138334069"><ele>115.42</ele><time>2024-08-15T02:29:55Z</time></trkpt><trkpt lat="-39.3674997054" lon="-72.6138686948"><ele>115.43</ele><time>2024-08-15T02:29:56Z</time></trkpt><trkpt lat="-39.3674648367" lon="-72.6139033120"><ele>115.36</ele><time>2024-08-15T02:29:57Z</time></trkpt><trkpt lat="-39.3673247751" lon="-72.6140051521"><ele>115.28</ele><time>2024-08-15T02:30:02Z</time></trkpt><trkpt lat="-39.3673065025" lon="-72.6140008774"><ele>115.23</ele><time>2024-08-15T02:30:03Z</time></trkpt><trkpt lat="-39.3672882300" lon="-72.6139889751"><ele>115.23</ele><time>2024-08-15T02:30:04Z</time></trkpt><trkpt lat="-39.3672722206" lon="-72.6139715407"><ele>115.55</ele><time>2024-08-15T02:30:05Z</time></trkpt><trkpt lat="-39.3672502600" lon="-72.6139446348"><ele>115.78</ele><time>2024-08-15T02:30:06Z</time></trkpt><trkpt lat="-39.3672233541" lon="-72.6139142085"><ele>115.85</ele><time>2024-08-15T02:30:07Z</time></trkpt><trkpt lat="-39.3671918381" lon="-72.6138839498"><ele>116.10</ele><time>2024-08-15T02:30:08Z</time></trkpt><trkpt lat="-39.3668950349" lon="-72.6136371028"><ele>118.97</ele><time>2024-08-15T02:30:20Z</time></trkpt><trkpt lat="-39.3667782750" lon="-72.6135590672"><ele>121.33</ele><time>2024-08-15T02:30:23Z</time></trkpt><trkpt lat="-39.3666870799" lon="-72.6134967897"><ele>122.76</ele><time>2024-08-15T02:30:26Z</time></trkpt><trkpt lat="-39.3666741718" lon="-72.6134757511"><ele>122.94</ele><time>2024-08-15T02:30:27Z</time></trkpt><trkpt lat="-39.3666675501" lon="-72.6134520303"><ele>123.28</ele><time>2024-08-15T02:30:28Z</time></trkpt><trkpt lat="-39.3666689750" lon="-72.6134275552"><ele>123.31</ele><time>2024-08-15T02:30:29Z</time></trkpt><trkpt lat="-39.3666745909" lon="-72.6133968774"><ele>123.22</ele><time>2024-08-15T02:30:30Z</time></trkpt><trkpt lat="-39.3666844815" lon="-72.6133641880"><ele>123.17</ele><time>2024-08-15T02:30:31Z</time></trkpt><trkpt lat="-39.3666961323" lon="-72.6133271400"><ele>123.07</ele><time>2024-08-15T02:30:32Z</time></trkpt><trkpt lat="-39.3668201007" lon="-72.6129817218"><ele>121.87</ele><time>2024-08-15T02:30:41Z</time></trkpt><trkpt lat="-39.3668491859" lon="-72.6129260659"><ele>121.78</ele><time>2024-08-15T02:30:42Z</time></trkpt><trkpt lat="-39.3668838032" lon="-72.6128719188"><ele>121.87</ele><time>2024-08-15T02:30:43Z</time></trkpt><trkpt lat="-39.3669221085" lon="-72.6128277462"><ele>122.08</ele><time>2024-08-15T02:30:44Z</time></trkpt><trkpt lat="-39.3669547979" lon="-72.6127912849"><ele>122.18</ele><time>2024-08-15T02:30:45Z</time></trkpt><trkpt lat="-39.3670588173" lon="-72.6127057057"><ele>122.39</ele><time>2024-08-15T02:30:50Z</time></trkpt><trkpt lat="-39.3670977931" lon="-72.6127091423"><ele>122.38</ele><time>2024-08-15T02:30:51Z</time></trkpt><trkpt lat="-39.3671389483" lon="-72.6127225533"><ele>122.22</ele><time>2024-08-15T02:30:52Z</time></trkpt><trkpt lat="-39.3671827018" lon="-72.6127471961"><ele>122.01</ele><time>2024-08-15T02:30:53Z</time></trkpt><trkpt lat="-39.3672277965" lon="-72.6127771195"><ele>121.72</ele><time>2024-08-15T02:30:54Z</time></trkpt><trkpt lat="-39.3676558603" lon="-72.6130885910"><ele>118.53</ele><time>2024-08-15T02:31:04Z</time></trkpt><trkpt lat="-39.3683675677" lon="-72.6137891505"><ele>116.74</ele><time>2024-08-15T02:31:16Z</time></trkpt><trkpt lat="-39.3685775343" lon="-72.6140989456"><ele>116.38</ele><time>2024-08-15T02:31:25Z</time></trkpt><trkpt lat="-39.3685860839" lon="-72.6141221635"><ele>116.27</ele><time>2024-08-15T02:31:39Z</time></trkpt><trkpt lat="-39.3685882632" lon="-72.6141221635"><ele>116.32</ele><time>2024-08-15T02:32:01Z</time></trkpt><trkpt lat="-39.3686031830" lon="-72.6141354907"><ele>116.33</ele><time>2024-08-15T02:32:02Z</time></trkpt><trkpt lat="-39.3686182704" lon="-72.6141455490"><ele>116.43</ele><time>2024-08-15T02:32:03Z</time></trkpt><trkpt lat="-39.3686393928" lon="-72.6141632348"><ele>116.26</ele><time>2024-08-15T02:32:04Z</time></trkpt><trkpt lat="-39.3686652090" lon="-72.6141915657"><ele>116.33</ele><time>2024-08-15T02:32:05Z</time></trkpt><trkpt lat="-39.3686944619" lon="-72.6142292842"><ele>116.43</ele><time>2024-08-15T02:32:06Z</time></trkpt><trkpt lat="-39.3687264808" lon="-72.6142774802"><ele>116.40</ele><time>2024-08-15T02:32:07Z</time></trkpt><trkpt lat="-39.3687559012" lon="-72.6143275201"><ele>116.31</ele><time>2024-08-15T02:32:08Z</time></trkpt><trkpt lat="-39.3692001421" lon="-72.6152244676"><ele>116.51</ele><time>2024-08-15T02:32:22Z</time></trkpt><trkpt lat="-39.3692941032" lon="-72.6157320756"><ele>116.36</ele><time>2024-08-15T02:32:29Z</time></trkpt><trkpt lat="-39.3692953605" lon="-72.6157879829"><ele>116.39</ele><time>2024-08-15T02:32:30Z</time></trkpt><trkpt lat="-39.3692864757" lon="-72.6158377714"><ele>116.57</ele><time>2024-08-15T02:32:31Z</time></trkpt><trkpt lat="-39.3692665268" lon="-72.6158842072"><ele>116.42</ele><time>2024-08-15T02:32:32Z</time></trkpt><trkpt lat="-39.3692343403" lon="-72.6159268711"><ele>116.64</ele><time>2024-08-15T02:32:33Z</time></trkpt><trkpt lat="-39.3691911735" lon="-72.6159650926"><ele>116.73</ele><time>2024-08-15T02:32:34Z</time></trkpt><trkpt lat="-39.3691405468" lon="-72.6160056610"><ele>116.76</ele><time>2024-08-15T02:32:35Z</time></trkpt><trkpt lat="-39.3687947094" lon="-72.6162757259"><ele>116.00</ele><time>2024-08-15T02:32:43Z</time></trkpt><trkpt lat="-39.3687485252" lon="-72.6162874606"><ele>115.80</ele><time>2024-08-15T02:32:44Z</time></trkpt><trkpt lat="-39.3687053584" lon="-72.6162793301"><ele>115.89</ele><time>2024-08-15T02:32:45Z</time></trkpt><trkpt lat="-39.3686627783" lon="-72.6162581239"><ele>115.96</ele><time>2024-08-15T02:32:46Z</time></trkpt><trkpt lat="-39.3686193600" lon="-72.6162301283"><ele>115.74</ele><time>2024-08-15T02:32:47Z</time></trkpt><trkpt lat="-39.3685741816" lon="-72.6161955949"><ele>115.84</ele><time>2024-08-15T02:32:48Z</time></trkpt><trkpt lat="-39.3682964053" lon="-72.6160113607"><ele>115.65</ele><time>2024-08-15T02:32:54Z</time></trkpt><trkpt lat="-39.3682498019" lon="-72.6160071697"><ele>115.86</ele><time>2024-08-15T02:32:55Z</time></trkpt><trkpt lat="-39.3682026118" lon="-72.6160132047"><ele>115.81</ele><time>2024-08-15T02:32:56Z</time></trkpt><trkpt lat="-39.3681543320" lon="-72.6160309743"><ele>115.82</ele><time>2024-08-15T02:32:57Z</time></trkpt><trkpt lat="-39.3681052979" lon="-72.6160607301"><ele>115.88</ele><time>2024-08-15T02:32:58Z</time></trkpt><trkpt lat="-39.3680569343" lon="-72.6161009632"><ele>115.80</ele><time>2024-08-15T02:32:59Z</time></trkpt><trkpt lat="-39.3680073135" lon="-72.6161473989"><ele>115.82</ele><time>2024-08-15T02:33:00Z</time></trkpt><trkpt lat="-39.3673982006" lon="-72.6167289354"><ele>115.20</ele><time>2024-08-15T02:33:15Z</time></trkpt><trkpt lat="-39.3672393635" lon="-72.6168655604"><ele>115.31</ele><time>2024-08-15T02:33:19Z</time></trkpt><trkpt lat="-39.3666055240" lon="-72.6173838973"><ele>114.83</ele><time>2024-08-15T02:33:36Z</time></trkpt><trkpt lat="-39.3661023583" lon="-72.6178459078"><ele>114.66</ele><time>2024-08-15T02:33:50Z</time></trkpt><trkpt lat="-39.3658625521" lon="-72.6180328242"><ele>114.41</ele><time>2024-08-15T02:34:02Z</time></trkpt><trkpt lat="-39.3658255879" lon="-72.6180675253"><ele>114.31</ele><time>2024-08-15T02:34:17Z</time></trkpt><trkpt lat="-39.3658327963" lon="-72.6181734726"><ele>114.52</ele><time>2024-08-15T02:34:20Z</time></trkpt><trkpt lat="-39.3658478837" lon="-72.6182109397"><ele>114.51</ele><time>2024-08-15T02:34:21Z</time></trkpt><trkpt lat="-39.3658680841" lon="-72.6182499994"><ele>114.38</ele><time>2024-08-15T02:34:22Z</time></trkpt><trkpt lat="-39.3660266697" lon="-72.6183867920"><ele>114.37</ele><time>2024-08-15T02:34:29Z</time></trkpt><trkpt lat="-39.3660566770" lon="-72.6183710340"><ele>114.54</ele><time>2024-08-15T02:34:30Z</time></trkpt><trkpt lat="-39.3660884444" lon="-72.6183510851"><ele>114.64</ele><time>2024-08-15T02:34:31Z</time></trkpt><trkpt lat="-39.3665076233" lon="-72.6179639250"><ele>114.88</ele><time>2024-08-15T02:34:45Z</time></trkpt><trkpt lat="-39.3669889122" lon="-72.6175344363"><ele>115.36</ele><time>2024-08-15T02:34:59Z</time></trkpt><trkpt lat="-39.3672723044" lon="-72.6173401438"><ele>115.50</ele><time>2024-08-15T02:35:09Z</time></trkpt><trkpt lat="-39.3672961928" lon="-72.6173568238"><ele>115.55</ele><time>2024-08-15T02:35:10Z</time></trkpt><trkpt lat="-39.3673218414" lon="-72.6173863281"><ele>115.67</ele><time>2024-08-15T02:35:11Z</time></trkpt><trkpt lat="-39.3673521001" lon="-72.6174382120"><ele>115.76</ele><time>2024-08-15T02:35:12Z</time></trkpt><trkpt lat="-39.3673759885" lon="-72.6174861565"><ele>115.79</ele><time>2024-08-15T02:35:13Z</time></trkpt><trkpt lat="-39.3673985358" lon="-72.6175305806"><ele>115.79</ele><time>2024-08-15T02:35:14Z</time></trkpt><trkpt lat="-39.3674846180" lon="-72.6176326722"><ele>115.94</ele><time>2024-08-15T02:35:18Z</time></trkpt><trkpt lat="-39.3675141223" lon="-72.6176283974"><ele>115.94</ele><time>2024-08-15T02:35:19Z</time></trkpt><trkpt lat="-39.3675445486" lon="-72.6176124718"><ele>115.95</ele><time>2024-08-15T02:35:20Z</time></trkpt><trkpt lat="-39.3675744720" lon="-72.6175852306"><ele>115.98</ele><time>2024-08-15T02:35:21Z</time></trkpt><trkpt lat="-39.3676042277" lon="-72.6175527927"><ele>116.19</ele><time>2024-08-15T02:35:22Z</time></trkpt><trkpt lat="-39.3677546829" lon="-72.6174843963"><ele>115.88</ele><time>2024-08-15T02:35:27Z</time></trkpt><trkpt lat="-39.3677813374" lon="-72.6175131463"><ele>116.29</ele><time>2024-08-15T02:35:28Z</time></trkpt><trkpt lat="-39.3678012863" lon="-72.6175529603"><ele>116.23</ele><time>2024-08-15T02:35:29Z</time></trkpt><trkpt lat="-39.3678134400" lon="-72.6176016591"><ele>116.00</ele><time>2024-08-15T02:35:30Z</time></trkpt><trkpt lat="-39.3678188045" lon="-72.6176616736"><ele>116.10</ele><time>2024-08-15T02:35:31Z</time></trkpt><trkpt lat="-39.3678264320" lon="-72.6177185867"><ele>116.15</ele><time>2024-08-15T02:35:32Z</time></trkpt><trkpt lat="-39.3678332213" lon="-72.6177739911"><ele>115.99</ele><time>2024-08-15T02:35:33Z</time></trkpt><trkpt lat="-39.3678420223" lon="-72.6178263780"><ele>115.99</ele><time>2024-08-15T02:35:34Z</time></trkpt><trkpt lat="-39.3679008633" lon="-72.6182558667"><ele>115.47</ele><time>2024-08-15T02:35:44Z</time></trkpt><trkpt lat="-39.3679247517" lon="-72.6182635780"><ele>115.50</ele><time>2024-08-15T02:35:45Z</time></trkpt><trkpt lat="-39.3679576088" lon="-72.6182582136"><ele>115.58</ele><time>2024-08-15T02:35:46Z</time></trkpt><trkpt lat="-39.3679980095" lon="-72.6182410307"><ele>115.64</ele><time>2024-08-15T02:35:47Z</time></trkpt><trkpt lat="-39.3680420984" lon="-72.6182114426"><ele>115.79</ele><time>2024-08-15T02:35:48Z</time></trkpt><trkpt lat="-39.3680881988" lon="-72.6181736402"><ele>115.66</ele><time>2024-08-15T02:35:49Z</time></trkpt><trkpt lat="-39.3681371491" lon="-72.6181318145"><ele>115.81</ele><time>2024-08-15T02:35:50Z</time></trkpt><trkpt lat="-39.3682922982" lon="-72.6180213410"><ele>115.90</ele><time>2024-08-15T02:35:53Z</time></trkpt><trkpt lat="-39.3683462776" lon="-72.6180005539"><ele>115.67</ele><time>2024-08-15T02:35:54Z</time></trkpt><trkpt lat="-39.3683991674" lon="-72.6179876458"><ele>116.01</ele><time>2024-08-15T02:35:55Z</time></trkpt><trkpt lat="-39.3685881793" lon="-72.6179133821"><ele>116.09</ele><time>2024-08-15T02:35:59Z</time></trkpt><trkpt lat="-39.3686267361" lon="-72.6178745739"><ele>116.10</ele><time>2024-08-15T02:36:00Z</time></trkpt><trkpt lat="-39.3686602637" lon="-72.6178254560"><ele>116.02</ele><time>2024-08-15T02:36:01Z</time></trkpt><trkpt lat="-39.3686845712" lon="-72.6177602448"><ele>116.31</ele><time>2024-08-15T02:36:02Z</time></trkpt><trkpt lat="-39.3687066995" lon="-72.6176917646"><ele>116.42</ele><time>2024-08-15T02:36:03Z</time></trkpt><trkpt lat="-39.3687601760" lon="-72.6175641082"><ele>115.99</ele><time>2024-08-15T02:36:05Z</time></trkpt><trkpt lat="-39.3687966373" lon="-72.6175096259"><ele>116.29</ele><time>2024-08-15T02:36:06Z</time></trkpt><trkpt lat="-39.3688399717" lon="-72.6174542215"><ele>116.11</ele><time>2024-08-15T02:36:07Z</time></trkpt><trkpt lat="-39.3688823842" lon="-72.6174084563"><ele>116.29</ele><time>2024-08-15T02:36:08Z</time></trkpt><trkpt lat="-39.3689269759" lon="-72.6173633616"><ele>116.30</ele><time>2024-08-15T02:36:09Z</time></trkpt><trkpt lat="-39.3693731446" lon="-72.6169799734"><ele>116.89</ele><time>2024-08-15T02:36:22Z</time></trkpt><trkpt lat="-39.3694787566" lon="-72.6172181033"><ele>117.23</ele><time>2024-08-15T02:36:30Z</time></trkpt><trkpt lat="-39.3694866356" lon="-72.6172875892"><ele>117.19</ele><time>2024-08-15T02:36:31Z</time></trkpt><trkpt lat="-39.3695525173" lon="-72.6179738156"><ele>117.33</ele><time>2024-08-15T02:36:40Z</time></trkpt><trkpt lat="-39.3695309758" lon="-72.6180236880"><ele>117.25</ele><time>2024-08-15T02:36:41Z</time></trkpt><trkpt lat="-39.3694969453" lon="-72.6180686988"><ele>117.40</ele><time>2024-08-15T02:36:42Z</time></trkpt><trkpt lat="-39.3691967893" lon="-72.6183582935"><ele>117.40</ele><time>2024-08-15T02:36:49Z</time></trkpt><trkpt lat="-39.3691532873" lon="-72.6183768176"><ele>117.31</ele><time>2024-08-15T02:36:50Z</time></trkpt><trkpt lat="-39.3691053428" lon="-72.6183841936"><ele>117.23</ele><time>2024-08-15T02:36:51Z</time></trkpt><trkpt lat="-39.3690518662" lon="-72.6183817629"><ele>117.35</ele><time>2024-08-15T02:36:52Z</time></trkpt><trkpt lat="-39.3689983059" lon="-72.6183731295"><ele>117.25</ele><time>2024-08-15T02:36:53Z</time></trkpt><trkpt lat="-39.3689459190" lon="-72.6183632389"><ele>117.41</ele><time>2024-08-15T02:36:54Z</time></trkpt><trkpt lat="-39.3687466811" lon="-72.6183458045"><ele>117.24</ele><time>2024-08-15T02:36:58Z</time></trkpt><trkpt lat="-39.3686981499" lon="-72.6183646638"><ele>117.19</ele><time>2024-08-15T02:36:59Z</time></trkpt><trkpt lat="-39.3686479423" lon="-72.6183943357"><ele>117.18</ele><time>2024-08-15T02:37:00Z</time></trkpt><trkpt lat="-39.3685968965" lon="-72.6184375025"><ele>117.22</ele><time>2024-08-15T02:37:01Z</time></trkpt><trkpt lat="-39.3685455155" lon="-72.6184836868"><ele>117.27</ele><time>2024-08-15T02:37:02Z</time></trkpt><trkpt lat="-39.3679271825" lon="-72.6190943085"><ele>116.74</ele><time>2024-08-15T02:37:17Z</time></trkpt><trkpt lat="-39.3676588777" lon="-72.6193073764"><ele>116.75</ele><time>2024-08-15T02:37:23Z</time></trkpt><trkpt lat="-39.3670412153" lon="-72.6198889967"><ele>116.50</ele><time>2024-08-15T02:37:34Z</time></trkpt><trkpt lat="-39.3669545464" lon="-72.6199759170"><ele>116.17</ele><time>2024-08-15T02:37:41Z</time></trkpt><trkpt lat="-39.3669276405" lon="-72.6200002246"><ele>116.15</ele><time>2024-08-15T02:37:43Z</time></trkpt><trkpt lat="-39.3668324221" lon="-72.6200894080"><ele>116.28</ele><time>2024-08-15T02:37:46Z</time></trkpt><trkpt lat="-39.3663647119" lon="-72.6205247641"><ele>116.44</ele><time>2024-08-15T02:37:53Z</time></trkpt><trkpt lat="-39.3655706104" lon="-72.6212891098"><ele>115.31</ele><time>2024-08-15T02:38:05Z</time></trkpt><trkpt lat="-39.3650354259" lon="-72.6217950415"><ele>114.93</ele><time>2024-08-15T02:38:17Z</time></trkpt><trkpt lat="-39.3646562286" lon="-72.6221439801"><ele>114.31</ele><time>2024-08-15T02:38:28Z</time></trkpt><trkpt lat="-39.3643911090" lon="-72.6223990414"><ele>114.24</ele><time>2024-08-15T02:38:41Z</time></trkpt><trkpt lat="-39.3643190246" lon="-72.6224435493"><ele>114.17</ele><time>2024-08-15T02:38:49Z</time></trkpt><trkpt lat="-39.3643028475" lon="-72.6224663481"><ele>114.20</ele><time>2024-08-15T02:38:50Z</time></trkpt><trkpt lat="-39.3642881792" lon="-72.6225054078"><ele>114.19</ele><time>2024-08-15T02:38:51Z</time></trkpt><trkpt lat="-39.3642809708" lon="-72.6225541905"><ele>114.32</ele><time>2024-08-15T02:38:52Z</time></trkpt><trkpt lat="-39.3642781209" lon="-72.6226108521"><ele>114.31</ele><time>2024-08-15T02:38:53Z</time></trkpt><trkpt lat="-39.3642753549" lon="-72.6226678491"><ele>114.45</ele><time>2024-08-15T02:38:54Z</time></trkpt><trkpt lat="-39.3643005006" lon="-72.6230701804"><ele>114.44</ele><time>2024-08-15T02:39:03Z</time></trkpt><trkpt lat="-39.3643246405" lon="-72.6230834238"><ele>114.50</ele><time>2024-08-15T02:39:04Z</time></trkpt><trkpt lat="-39.3643507920" lon="-72.6230846811"><ele>114.51</ele><time>2024-08-15T02:39:05Z</time></trkpt><trkpt lat="-39.3643773627" lon="-72.6230694260"><ele>114.46</ele><time>2024-08-15T02:39:06Z</time></trkpt><trkpt lat="-39.3644068670" lon="-72.6230460405"><ele>114.45</ele><time>2024-08-15T02:39:07Z</time></trkpt><trkpt lat="-39.3644359522" lon="-72.6230177097"><ele>114.50</ele><time>2024-08-15T02:39:08Z</time></trkpt><trkpt lat="-39.3644611817" lon="-72.6229866967"><ele>114.41</ele><time>2024-08-15T02:39:09Z</time></trkpt><trkpt lat="-39.3644828908" lon="-72.6229557674"><ele>114.39</ele><time>2024-08-15T02:39:10Z</time></trkpt><trkpt lat="-39.3648435641" lon="-72.6226069126"><ele>114.73</ele><time>2024-08-15T02:39:22Z</time></trkpt><trkpt lat="-39.3651008047" lon="-72.6221904997"><ele>115.07</ele><time>2024-08-15T02:39:34Z</time></trkpt><trkpt lat="-39.3654655851" lon="-72.6218338497"><ele>115.08</ele><time>2024-08-15T02:39:47Z</time></trkpt><trkpt lat="-39.3656441197" lon="-72.6216282416"><ele>115.00</ele><time>2024-08-15T02:39:58Z</time></trkpt><trkpt lat="-39.3656494003" lon="-72.6216007490"><ele>115.01</ele><time>2024-08-15T02:39:59Z</time></trkpt><trkpt lat="-39.3656610511" lon="-72.6215706579"><ele>114.92</ele><time>2024-08-15T02:40:00Z</time></trkpt><trkpt lat="-39.3659940641" lon="-72.6212180313"><ele>115.64</ele><time>2024-08-15T02:40:11Z</time></trkpt><trkpt lat="-39.3661496323" lon="-72.6211846713"><ele>115.50</ele><time>2024-08-15T02:40:16Z</time></trkpt><trkpt lat="-39.3661782146" lon="-72.6212213840"><ele>115.57</ele><time>2024-08-15T02:40:17Z</time></trkpt><trkpt lat="-39.3662140891" lon="-72.6212752797"><ele>115.57</ele><time>2024-08-15T02:40:18Z</time></trkpt><trkpt lat="-39.3662533164" lon="-72.6213432569"><ele>115.57</ele><time>2024-08-15T02:40:19Z</time></trkpt><trkpt lat="-39.3662932143" lon="-72.6214168500"><ele>115.50</ele><time>2024-08-15T02:40:20Z</time></trkpt><trkpt lat="-39.3664574157" lon="-72.6216059458"><ele>114.99</ele><time>2024-08-15T02:40:27Z</time></trkpt><trkpt lat="-39.3667615112" lon="-72.6213115733"><ele>115.60</ele><time>2024-08-15T02:40:38Z</time></trkpt><trkpt lat="-39.3671162333" lon="-72.6209559292"><ele>116.02</ele><time>2024-08-15T02:40:51Z</time></trkpt><trkpt lat="-39.3672891520" lon="-72.6207663305"><ele>116.37</ele><time>2024-08-15T02:41:00Z</time></trkpt><trkpt lat="-39.3672930077" lon="-72.6207355689"><ele>116.41</ele><time>2024-08-15T02:41:01Z</time></trkpt><trkpt lat="-39.3672848772" lon="-72.6206960063"><ele>116.50</ele><time>2024-08-15T02:41:02Z</time></trkpt><trkpt lat="-39.3672699574" lon="-72.6206591260"><ele>116.53</ele><time>2024-08-15T02:41:03Z</time></trkpt><trkpt lat="-39.3672507629" lon="-72.6206175517"><ele>116.47</ele><time>2024-08-15T02:41:04Z</time></trkpt><trkpt lat="-39.3672090210" lon="-72.6204510033"><ele>116.46</ele><time>2024-08-15T02:41:09Z</time></trkpt><trkpt lat="-39.3674988672" lon="-72.6201825310"><ele>116.65</ele><time>2024-08-15T02:41:19Z</time></trkpt><trkpt lat="-39.3675498292" lon="-72.6201526076"><ele>116.82</ele><time>2024-08-15T02:41:21Z</time></trkpt><trkpt lat="-39.3677297886" lon="-72.6203519292"><ele>116.80</ele><time>2024-08-15T02:41:30Z</time></trkpt><trkpt lat="-39.3677706085" lon="-72.6203467324"><ele>116.78</ele><time>2024-08-15T02:41:32Z</time></trkpt><trkpt lat="-39.3677968439" lon="-72.6203287113"><ele>116.85</ele><time>2024-08-15T02:41:33Z</time></trkpt><trkpt lat="-39.3678231630" lon="-72.6203019731"><ele>116.86</ele><time>2024-08-15T02:41:34Z</time></trkpt><trkpt lat="-39.3678510748" lon="-72.6202771626"><ele>116.82</ele><time>2024-08-15T02:41:35Z</time></trkpt><trkpt lat="-39.3683033623" lon="-72.6198477577"><ele>117.06</ele><time>2024-08-15T02:41:49Z</time></trkpt><trkpt lat="-39.3687484413" lon="-72.6194190234"><ele>117.29</ele><time>2024-08-15T02:42:02Z</time></trkpt><trkpt lat="-39.3689450808" lon="-72.6192710828"><ele>117.48</ele><time>2024-08-15T02:42:12Z</time></trkpt><trkpt lat="-39.3689613417" lon="-72.6192916185"><ele>117.33</ele><time>2024-08-15T02:42:13Z</time></trkpt><trkpt lat="-39.3689731602" lon="-72.6193181891"><ele>117.14</ele><time>2024-08-15T02:42:14Z</time></trkpt><trkpt lat="-39.3689792790" lon="-72.6193478610"><ele>117.40</ele><time>2024-08-15T02:42:15Z</time></trkpt><trkpt lat="-39.3689843919" lon="-72.6193791255"><ele>117.51</ele><time>2024-08-15T02:42:16Z</time></trkpt><trkpt lat="-39.3690613378" lon="-72.6198797766"><ele>117.09</ele><time>2024-08-15T02:42:28Z</time></trkpt><trkpt lat="-39.3687937874" lon="-72.6201687008"><ele>117.12</ele><time>2024-08-15T02:42:38Z</time></trkpt><trkpt lat="-39.3683359679" lon="-72.6206074096"><ele>116.63</ele><time>2024-08-15T02:42:54Z</time></trkpt><trkpt lat="-39.3679861911" lon="-72.6209342200"><ele>116.58</ele><time>2024-08-15T02:43:05Z</time></trkpt><trkpt lat="-39.3679516576" lon="-72.6209684182"><ele>116.59</ele><time>2024-08-15T02:43:06Z</time></trkpt><trkpt lat="-39.3676644098" lon="-72.6212295145"><ele>116.21</ele><time>2024-08-15T02:43:17Z</time></trkpt><trkpt lat="-39.3676421139" lon="-72.6212702505"><ele>116.05</ele><time>2024-08-15T02:43:21Z</time></trkpt><trkpt lat="-39.3676391803" lon="-72.6212921273"><ele>116.17</ele><time>2024-08-15T02:43:22Z</time></trkpt><trkpt lat="-39.3676424492" lon="-72.6213259064"><ele>116.27</ele><time>2024-08-15T02:43:23Z</time></trkpt><trkpt lat="-39.3676522560" lon="-72.6213649660"><ele>116.30</ele><time>2024-08-15T02:43:24Z</time></trkpt><trkpt lat="-39.3676701095" lon="-72.6214085519"><ele>116.27</ele><time>2024-08-15T02:43:25Z</time></trkpt><trkpt lat="-39.3676945847" lon="-72.6214554906"><ele>116.33</ele><time>2024-08-15T02:43:26Z</time></trkpt><trkpt lat="-39.3677198142" lon="-72.6215027645"><ele>116.31</ele><time>2024-08-15T02:43:27Z</time></trkpt><trkpt lat="-39.3681023642" lon="-72.6221952774"><ele>116.25</ele><time>2024-08-15T02:43:38Z</time></trkpt><trkpt lat="-39.3683040328" lon="-72.6225339901"><ele>115.87</ele><time>2024-08-15T02:43:47Z</time></trkpt><trkpt lat="-39.3683641311" lon="-72.6225789171"><ele>115.91</ele><time>2024-08-15T02:43:49Z</time></trkpt><trkpt lat="-39.3684037775" lon="-72.6225913223"><ele>115.93</ele><time>2024-08-15T02:43:50Z</time></trkpt><trkpt lat="-39.3684445973" lon="-72.6225897297"><ele>116.17</ele><time>2024-08-15T02:43:51Z</time></trkpt><trkpt lat="-39.3684892729" lon="-72.6225739717"><ele>116.19</ele><time>2024-08-15T02:43:52Z</time></trkpt><trkpt lat="-39.3685403187" lon="-72.6225447189"><ele>116.28</ele><time>2024-08-15T02:43:53Z</time></trkpt><trkpt lat="-39.3685972318" lon="-72.6224986184"><ele>116.31</ele><time>2024-08-15T02:43:54Z</time></trkpt><trkpt lat="-39.3686605990" lon="-72.6224386878"><ele>116.47</ele><time>2024-08-15T02:43:55Z</time></trkpt><trkpt lat="-39.3687322643" lon="-72.6223635860"><ele>116.44</ele><time>2024-08-15T02:43:56Z</time></trkpt><trkpt lat="-39.3695618212" lon="-72.6215670537"><ele>116.52</ele><time>2024-08-15T02:44:08Z</time></trkpt><trkpt lat="-39.3700412661" lon="-72.6210661512"><ele>116.44</ele><time>2024-08-15T02:44:20Z</time></trkpt><trkpt lat="-39.3701091595" lon="-72.6208949927"><ele>116.75</ele><time>2024-08-15T02:44:25Z</time></trkpt><trkpt lat="-39.3701060582" lon="-72.6208400074"><ele>116.85</ele><time>2024-08-15T02:44:26Z</time></trkpt><trkpt lat="-39.3700990174" lon="-72.6207983494"><ele>116.77</ele><time>2024-08-15T02:44:27Z</time></trkpt><trkpt lat="-39.3700763863" lon="-72.6206285320"><ele>116.36</ele><time>2024-08-15T02:44:33Z</time></trkpt><trkpt lat="-39.3700980954" lon="-72.6205715351"><ele>115.60</ele><time>2024-08-15T02:44:34Z</time></trkpt><trkpt lat="-39.3701277673" lon="-72.6205148734"><ele>116.93</ele><time>2024-08-15T02:44:35Z</time></trkpt><trkpt lat="-39.3701668270" lon="-72.6204525959"><ele>116.71</ele><time>2024-08-15T02:44:36Z</time></trkpt><trkpt lat="-39.3702134304" lon="-72.6203858759"><ele>116.46</ele><time>2024-08-15T02:44:37Z</time></trkpt><trkpt lat="-39.3709772732" lon="-72.6194010023"><ele>114.93</ele><time>2024-08-15T02:44:49Z</time></trkpt><trkpt lat="-39.3715960253" lon="-72.6183912344"><ele>113.42</ele><time>2024-08-15T02:45:01Z</time></trkpt><trkpt lat="-39.3723206408" lon="-72.6169803087"><ele>113.05</ele><time>2024-08-15T02:45:16Z</time></trkpt><trkpt lat="-39.3730605952" lon="-72.6157449838"><ele>113.22</ele><time>2024-08-15T02:45:29Z</time></trkpt><trkpt lat="-39.3731120601" lon="-72.6156411320"><ele>113.18</ele><time>2024-08-15T02:45:30Z</time></trkpt><trkpt lat="-39.3731583282" lon="-72.6155247074"><ele>113.33</ele><time>2024-08-15T02:45:31Z</time></trkpt><trkpt lat="-39.3732004054" lon="-72.6154000685"><ele>113.48</ele><time>2024-08-15T02:45:32Z</time></trkpt><trkpt lat="-39.3734557182" lon="-72.6144089084"><ele>111.39</ele><time>2024-08-15T02:45:41Z</time></trkpt><trkpt lat="-39.3738298863" lon="-72.6129152533"><ele>111.93</ele><time>2024-08-15T02:45:55Z</time></trkpt><trkpt lat="-39.3740342371" lon="-72.6112706400"><ele>113.32</ele><time>2024-08-15T02:46:10Z</time></trkpt><trkpt lat="-39.3740175571" lon="-72.6094262861"><ele>114.63</ele><time>2024-08-15T02:46:27Z</time></trkpt><trkpt lat="-39.3739014678" lon="-72.6076012105"><ele>115.61</ele><time>2024-08-15T02:46:44Z</time></trkpt><trkpt lat="-39.3736142199" lon="-72.6057152823"><ele>115.93</ele><time>2024-08-15T02:47:01Z</time></trkpt><trkpt lat="-39.3733672053" lon="-72.6043892652"><ele>116.59</ele><time>2024-08-15T02:47:13Z</time></trkpt><trkpt lat="-39.3727425020" lon="-72.6033127774"><ele>116.72</ele><time>2024-08-15T02:47:25Z</time></trkpt><trkpt lat="-39.3723166175" lon="-72.6022201963"><ele>116.67</ele><time>2024-08-15T02:47:36Z</time></trkpt><trkpt lat="-39.3723197188" lon="-72.6018922124"><ele>116.91</ele><time>2024-08-15T02:47:39Z</time></trkpt><trkpt lat="-39.3723388296" lon="-72.6017799787"><ele>116.67</ele><time>2024-08-15T02:47:40Z</time></trkpt><trkpt lat="-39.3723684177" lon="-72.6016617101"><ele>116.39</ele><time>2024-08-15T02:47:41Z</time></trkpt><trkpt lat="-39.3724029511" lon="-72.6015502308"><ele>116.48</ele><time>2024-08-15T02:47:42Z</time></trkpt><trkpt lat="-39.3724425137" lon="-72.6014416851"><ele>116.38</ele><time>2024-08-15T02:47:43Z</time></trkpt><trkpt lat="-39.3730767723" lon="-72.5999154244"><ele>117.25</ele><time>2024-08-15T02:47:59Z</time></trkpt><trkpt lat="-39.3736221828" lon="-72.5985758286"><ele>118.66</ele><time>2024-08-15T02:48:14Z</time></trkpt><trkpt lat="-39.3739986978" lon="-72.5968877971"><ele>118.97</ele><time>2024-08-15T02:48:29Z</time></trkpt><trkpt lat="-39.3743205629" lon="-72.5949730352"><ele>119.58</ele><time>2024-08-15T02:48:43Z</time></trkpt><trkpt lat="-39.3746742792" lon="-72.5929913018"><ele>119.89</ele><time>2024-08-15T02:48:59Z</time></trkpt><trkpt lat="-39.3749630358" lon="-72.5913553219"><ele>120.64</ele><time>2024-08-15T02:49:14Z</time></trkpt><trkpt lat="-39.3753218651" lon="-72.5893049408"><ele>121.24</ele><time>2024-08-15T02:49:31Z</time></trkpt><trkpt lat="-39.3755435664" lon="-72.5879723858"><ele>121.27</ele><time>2024-08-15T02:49:44Z</time></trkpt><trkpt lat="-39.3756213505" lon="-72.5878133811"><ele>120.98</ele><time>2024-08-15T02:49:52Z</time></trkpt><trkpt lat="-39.3756996375" lon="-72.5877747405"><ele>120.60</ele><time>2024-08-15T02:50:02Z</time></trkpt><trkpt lat="-39.3756563030" lon="-72.5878423825"><ele>120.66</ele><time>2024-08-15T02:50:15Z</time></trkpt><trkpt lat="-39.3755530380" lon="-72.5879583042"><ele>121.27</ele><time>2024-08-15T02:50:22Z</time></trkpt><trkpt lat="-39.3755368609" lon="-72.5880180672"><ele>121.22</ele><time>2024-08-15T02:50:23Z</time></trkpt><trkpt lat="-39.3755231146" lon="-72.5880824402"><ele>121.14</ele><time>2024-08-15T02:50:24Z</time></trkpt><trkpt lat="-39.3753651157" lon="-72.5889540743"><ele>121.08</ele><time>2024-08-15T02:50:33Z</time></trkpt><trkpt lat="-39.3750883453" lon="-72.5904702768"><ele>120.89</ele><time>2024-08-15T02:50:47Z</time></trkpt><trkpt lat="-39.3747803103" lon="-72.5921291392"><ele>120.28</ele><time>2024-08-15T02:51:01Z</time></trkpt><trkpt lat="-39.3745053839" lon="-72.5936835632"><ele>119.96</ele><time>2024-08-15T02:51:15Z</time></trkpt><trkpt lat="-39.3742188904" lon="-72.5953622907"><ele>119.37</ele><time>2024-08-15T02:51:30Z</time></trkpt><trkpt lat="-39.3739365879" lon="-72.5971136056"><ele>119.13</ele><time>2024-08-15T02:51:45Z</time></trkpt><trkpt lat="-39.3736273795" lon="-72.5985043310"><ele>118.31</ele><time>2024-08-15T02:51:58Z</time></trkpt><trkpt lat="-39.3729961384" lon="-72.6001572423"><ele>117.18</ele><time>2024-08-15T02:52:15Z</time></trkpt><trkpt lat="-39.3723449484" lon="-72.6018767897"><ele>116.40</ele><time>2024-08-15T02:52:31Z</time></trkpt><trkpt lat="-39.3722981773" lon="-72.6023670472"><ele>116.90</ele><time>2024-08-15T02:52:36Z</time></trkpt><trkpt lat="-39.3723093253" lon="-72.6024606731"><ele>116.97</ele><time>2024-08-15T02:52:37Z</time></trkpt><trkpt lat="-39.3723815773" lon="-72.6027481724"><ele>117.06</ele><time>2024-08-15T02:52:40Z</time></trkpt><trkpt lat="-39.3729719147" lon="-72.6037830859"><ele>116.51</ele><time>2024-08-15T02:52:52Z</time></trkpt><trkpt lat="-39.3733652774" lon="-72.6044181827"><ele>116.15</ele><time>2024-08-15T02:53:00Z</time></trkpt><trkpt lat="-39.3733991403" lon="-72.6045080367"><ele>116.13</ele><time>2024-08-15T02:53:01Z</time></trkpt><trkpt lat="-39.3734264653" lon="-72.6045985613"><ele>116.07</ele><time>2024-08-15T02:53:02Z</time></trkpt><trkpt lat="-39.3736434728" lon="-72.6059268415"><ele>115.83</ele><time>2024-08-15T02:53:15Z</time></trkpt><trkpt lat="-39.3739107717" lon="-72.6078592055"><ele>115.16</ele><time>2024-08-15T02:53:31Z</time></trkpt><trkpt lat="-39.3740133662" lon="-72.6096184831"><ele>114.49</ele><time>2024-08-15T02:53:46Z</time></trkpt><trkpt lat="-39.3739866279" lon="-72.6118473988"><ele>112.32</ele><time>2024-08-15T02:54:06Z</time></trkpt><trkpt lat="-39.3737069238" lon="-72.6133237034"><ele>111.65</ele><time>2024-08-15T02:54:20Z</time></trkpt><trkpt lat="-39.3732520379" lon="-72.6150694024"><ele>112.36</ele><time>2024-08-15T02:54:37Z</time></trkpt><trkpt lat="-39.3727405742" lon="-72.6161784958"><ele>113.31</ele><time>2024-08-15T02:54:49Z</time></trkpt><trkpt lat="-39.3721331377" lon="-72.6173369586"><ele>112.69</ele><time>2024-08-15T02:55:02Z</time></trkpt><trkpt lat="-39.3715365976" lon="-72.6185254287"><ele>113.22</ele><time>2024-08-15T02:55:16Z</time></trkpt><trkpt lat="-39.3707090523" lon="-72.6197864022"><ele>114.97</ele><time>2024-08-15T02:55:33Z</time></trkpt><trkpt lat="-39.3700673338" lon="-72.6206564438"><ele>116.69</ele><time>2024-08-15T02:55:45Z</time></trkpt><trkpt lat="-39.3698914815" lon="-72.6210982539"><ele>116.50</ele><time>2024-08-15T02:55:51Z</time></trkpt><trkpt lat="-39.3698437046" lon="-72.6211599447"><ele>116.45</ele><time>2024-08-15T02:55:52Z</time></trkpt><trkpt lat="-39.3697929103" lon="-72.6212139241"><ele>116.39</ele><time>2024-08-15T02:55:53Z</time></trkpt><trkpt lat="-39.3690996431" lon="-72.6218496077"><ele>116.13</ele><time>2024-08-15T02:56:08Z</time></trkpt><trkpt lat="-39.3689731602" lon="-72.6219623443"><ele>115.81</ele><time>2024-08-15T02:56:18Z</time></trkpt><trkpt lat="-39.3689974677" lon="-72.6219615061"><ele>115.87</ele><time>2024-08-15T02:56:48Z</time></trkpt><trkpt lat="-39.3689788599" lon="-72.6219900046"><ele>116.12</ele><time>2024-08-15T02:57:03Z</time></trkpt><trkpt lat="-39.3689124752" lon="-72.6220628433"><ele>116.11</ele><time>2024-08-15T02:57:06Z</time></trkpt><trkpt lat="-39.3685026001" lon="-72.6224693656"><ele>115.96</ele><time>2024-08-15T02:57:17Z</time></trkpt><trkpt lat="-39.3679139391" lon="-72.6230214816"><ele>115.76</ele><time>2024-08-15T02:57:30Z</time></trkpt><trkpt lat="-39.3673731387" lon="-72.6235185284"><ele>115.76</ele><time>2024-08-15T02:57:41Z</time></trkpt><trkpt lat="-39.3666281551" lon="-72.6242770907"><ele>115.24</ele><time>2024-08-15T02:57:54Z</time></trkpt><trkpt lat="-39.3659029528" lon="-72.6249735430"><ele>114.93</ele><time>2024-08-15T02:58:08Z</time></trkpt><trkpt lat="-39.3658242468" lon="-72.6250571944"><ele>114.97</ele><time>2024-08-15T02:58:10Z</time></trkpt><trkpt lat="-39.3657907192" lon="-72.6251072343"><ele>114.90</ele><time>2024-08-15T02:58:11Z</time></trkpt><trkpt lat="-39.3657657411" lon="-72.6251586154"><ele>114.93</ele><time>2024-08-15T02:58:12Z</time></trkpt><trkpt lat="-39.3657513242" lon="-72.6252137683"><ele>114.91</ele><time>2024-08-15T02:58:13Z</time></trkpt><trkpt lat="-39.3657516595" lon="-72.6252728608"><ele>114.81</ele><time>2024-08-15T02:58:14Z</time></trkpt><trkpt lat="-39.3657628074" lon="-72.6253310312"><ele>114.80</ele><time>2024-08-15T02:58:15Z</time></trkpt><trkpt lat="-39.3657836784" lon="-72.6253886148"><ele>114.61</ele><time>2024-08-15T02:58:16Z</time></trkpt><trkpt lat="-39.3658084050" lon="-72.6254353859"><ele>114.57</ele><time>2024-08-15T02:58:17Z</time></trkpt><trkpt lat="-39.3658350594" lon="-72.6254776306"><ele>114.53</ele><time>2024-08-15T02:58:18Z</time></trkpt><trkpt lat="-39.3662220519" lon="-72.6261305809"><ele>114.21</ele><time>2024-08-15T02:58:29Z</time></trkpt><trkpt lat="-39.3662794679" lon="-72.6262217760"><ele>114.02</ele><time>2024-08-15T02:58:31Z</time></trkpt><trkpt lat="-39.3663091399" lon="-72.6262544654"><ele>114.03</ele><time>2024-08-15T02:58:32Z</time></trkpt><trkpt lat="-39.3663462717" lon="-72.6262756716"><ele>114.12</ele><time>2024-08-15T02:58:33Z</time></trkpt><trkpt lat="-39.3663860857" lon="-72.6262871549"><ele>113.98</ele><time>2024-08-15T02:58:34Z</time></trkpt><trkpt lat="-39.3664295878" lon="-72.6262877416"><ele>114.05</ele><time>2024-08-15T02:58:35Z</time></trkpt><trkpt lat="-39.3664756045" lon="-72.6262707263"><ele>114.01</ele><time>2024-08-15T02:58:36Z</time></trkpt><trkpt lat="-39.3665219564" lon="-72.6262439042"><ele>114.06</ele><time>2024-08-15T02:58:37Z</time></trkpt><trkpt lat="-39.3665727507" lon="-72.6262087841"><ele>114.18</ele><time>2024-08-15T02:58:38Z</time></trkpt><trkpt lat="-39.3666229583" lon="-72.6261685509"><ele>114.21</ele><time>2024-08-15T02:58:39Z</time></trkpt><trkpt lat="-39.3672279641" lon="-72.6255672332"><ele>114.75</ele><time>2024-08-15T02:58:52Z</time></trkpt><trkpt lat="-39.3678157032" lon="-72.6249916479"><ele>115.56</ele><time>2024-08-15T02:59:05Z</time></trkpt><trkpt lat="-39.3681204692" lon="-72.6246644184"><ele>115.56</ele><time>2024-08-15T02:59:15Z</time></trkpt><trkpt lat="-39.3684254028" lon="-72.6243644301"><ele>116.19</ele><time>2024-08-15T02:59:22Z</time></trkpt><trkpt lat="-39.3689258862" lon="-72.6238605101"><ele>116.59</ele><time>2024-08-15T02:59:32Z</time></trkpt><trkpt lat="-39.3693283014" lon="-72.6235191151"><ele>116.94</ele><time>2024-08-15T02:59:41Z</time></trkpt><trkpt lat="-39.3699718639" lon="-72.6228975132"><ele>117.00</ele><time>2024-08-15T02:59:55Z</time></trkpt><trkpt lat="-39.3706349563" lon="-72.6222630031"><ele>117.67</ele><time>2024-08-15T03:00:08Z</time></trkpt><trkpt lat="-39.3708309252" lon="-72.6221673656"><ele>117.81</ele><time>2024-08-15T03:00:14Z</time></trkpt><trkpt lat="-39.3708618544" lon="-72.6221950259"><ele>117.87</ele><time>2024-08-15T03:00:15Z</time></trkpt><trkpt lat="-39.3708891794" lon="-72.6222298108"><ele>117.70</ele><time>2024-08-15T03:00:16Z</time></trkpt><trkpt lat="-39.3712986354" lon="-72.6229229942"><ele>115.41</ele><time>2024-08-15T03:00:30Z</time></trkpt><trkpt lat="-39.3713714741" lon="-72.6230745390"><ele>115.14</ele><time>2024-08-15T03:00:33Z</time></trkpt><trkpt lat="-39.3713877350" lon="-72.6231247466"><ele>115.08</ele><time>2024-08-15T03:00:34Z</time></trkpt><trkpt lat="-39.3713998049" lon="-72.6231729425"><ele>115.12</ele><time>2024-08-15T03:00:35Z</time></trkpt><trkpt lat="-39.3714034092" lon="-72.6232204679"><ele>115.09</ele><time>2024-08-15T03:00:36Z</time></trkpt><trkpt lat="-39.3713962846" lon="-72.6232623775"><ele>114.98</ele><time>2024-08-15T03:00:37Z</time></trkpt><trkpt lat="-39.3713793531" lon="-72.6233012695"><ele>115.03</ele><time>2024-08-15T03:00:38Z</time></trkpt><trkpt lat="-39.3713578116" lon="-72.6233323663"><ele>114.88</ele><time>2024-08-15T03:00:39Z</time></trkpt><trkpt lat="-39.3713312410" lon="-72.6233576797"><ele>114.93</ele><time>2024-08-15T03:00:40Z</time></trkpt><trkpt lat="-39.3713023234" lon="-72.6233807299"><ele>114.94</ele><time>2024-08-15T03:00:41Z</time></trkpt><trkpt lat="-39.3708852399" lon="-72.6238111407"><ele>115.89</ele><time>2024-08-15T03:00:53Z</time></trkpt><trkpt lat="-39.3704772089" lon="-72.6241812855"><ele>116.81</ele><time>2024-08-15T03:01:03Z</time></trkpt><trkpt lat="-39.3698171340" lon="-72.6247903984"><ele>116.15</ele><time>2024-08-15T03:01:14Z</time></trkpt><trkpt lat="-39.3695794232" lon="-72.6250062324"><ele>116.38</ele><time>2024-08-15T03:01:21Z</time></trkpt><trkpt lat="-39.3688968848" lon="-72.6256501302"><ele>116.29</ele><time>2024-08-15T03:01:32Z</time></trkpt><trkpt lat="-39.3685463537" lon="-72.6259954646"><ele>116.64</ele><time>2024-08-15T03:01:41Z</time></trkpt><trkpt lat="-39.3676530104" lon="-72.6269019675"><ele>115.05</ele><time>2024-08-15T03:01:55Z</time></trkpt><trkpt lat="-39.3671382777" lon="-72.6273864415"><ele>113.61</ele><time>2024-08-15T03:02:06Z</time></trkpt><trkpt lat="-39.3670600746" lon="-72.6275416743"><ele>113.95</ele><time>2024-08-15T03:02:11Z</time></trkpt><trkpt lat="-39.3670773413" lon="-72.6276076399"><ele>114.09</ele><time>2024-08-15T03:02:12Z</time></trkpt><trkpt lat="-39.3671112042" lon="-72.6276775450"><ele>114.22</ele><time>2024-08-15T03:02:13Z</time></trkpt><trkpt lat="-39.3671522755" lon="-72.6277532335"><ele>114.14</ele><time>2024-08-15T03:02:14Z</time></trkpt><trkpt lat="-39.3672014773" lon="-72.6278374717"><ele>114.33</ele><time>2024-08-15T03:02:15Z</time></trkpt><trkpt lat="-39.3676324748" lon="-72.6285137236"><ele>114.00</ele><time>2024-08-15T03:02:25Z</time></trkpt><trkpt lat="-39.3677107617" lon="-72.6285373606"><ele>114.12</ele><time>2024-08-15T03:02:27Z</time></trkpt><trkpt lat="-39.3677623942" lon="-72.6285279728"><ele>114.08</ele><time>2024-08-15T03:02:28Z</time></trkpt><trkpt lat="-39.3678136915" lon="-72.6285008155"><ele>114.11</ele><time>2024-08-15T03:02:29Z</time></trkpt><trkpt lat="-39.3678720295" lon="-72.6284515299"><ele>114.17</ele><time>2024-08-15T03:02:30Z</time></trkpt><trkpt lat="-39.3679379951" lon="-72.6283865701"><ele>114.32</ele><time>2024-08-15T03:02:31Z</time></trkpt><trkpt lat="-39.3688039295" lon="-72.6275544986"><ele>115.06</ele><time>2024-08-15T03:02:45Z</time></trkpt><trkpt lat="-39.3694127910" lon="-72.6269260235"><ele>115.47</ele><time>2024-08-15T03:02:58Z</time></trkpt><trkpt lat="-39.3696166389" lon="-72.6267082617"><ele>115.97</ele><time>2024-08-15T03:03:06Z</time></trkpt><trkpt lat="-39.3702202197" lon="-72.6261236239"><ele>115.62</ele><time>2024-08-15T03:03:15Z</time></trkpt><trkpt lat="-39.3703815714" lon="-72.6260351110"><ele>114.70</ele><time>2024-08-15T03:03:20Z</time></trkpt><trkpt lat="-39.3704206310" lon="-72.6260687225"><ele>115.34</ele><time>2024-08-15T03:03:21Z</time></trkpt><trkpt lat="-39.3704545777" lon="-72.6261181757"><ele>115.82</ele><time>2024-08-15T03:03:22Z</time></trkpt><trkpt lat="-39.3704914581" lon="-72.6261833869"><ele>115.33</ele><time>2024-08-15T03:03:23Z</time></trkpt><trkpt lat="-39.3705291767" lon="-72.6262542978"><ele>115.18</ele><time>2024-08-15T03:03:24Z</time></trkpt><trkpt lat="-39.3710110523" lon="-72.6271100901"><ele>113.16</ele><time>2024-08-15T03:03:37Z</time></trkpt><trkpt lat="-39.3714733142" lon="-72.6278959773"><ele>109.99</ele><time>2024-08-15T03:03:46Z</time></trkpt><trkpt lat="-39.3716240209" lon="-72.6282429043"><ele>108.20</ele><time>2024-08-15T03:03:53Z</time></trkpt><trkpt lat="-39.3716065027" lon="-72.6282998174"><ele>108.67</ele><time>2024-08-15T03:03:54Z</time></trkpt><trkpt lat="-39.3715707120" lon="-72.6283573173"><ele>109.15</ele><time>2024-08-15T03:03:55Z</time></trkpt><trkpt lat="-39.3715197500" lon="-72.6284227800"><ele>109.76</ele><time>2024-08-15T03:03:56Z</time></trkpt><trkpt lat="-39.3714439776" lon="-72.6284980495"><ele>110.28</ele><time>2024-08-15T03:03:57Z</time></trkpt><trkpt lat="-39.3713646848" lon="-72.6285719778"><ele>110.92</ele><time>2024-08-15T03:03:58Z</time></trkpt><trkpt lat="-39.3709390517" lon="-72.6289696153"><ele>113.98</ele><time>2024-08-15T03:04:05Z</time></trkpt><trkpt lat="-39.3708089646" lon="-72.6290875487"><ele>114.60</ele><time>2024-08-15T03:04:12Z</time></trkpt><trkpt lat="-39.3704114109" lon="-72.6294699311"><ele>114.85</ele><time>2024-08-15T03:04:20Z</time></trkpt><trkpt lat="-39.3699482270" lon="-72.6299459394"><ele>114.14</ele><time>2024-08-15T03:04:30Z</time></trkpt><trkpt lat="-39.3695761543" lon="-72.6303084567"><ele>113.95</ele><time>2024-08-15T03:04:40Z</time></trkpt><trkpt lat="-39.3690817058" lon="-72.6307234447"><ele>112.96</ele><time>2024-08-15T03:04:51Z</time></trkpt><trkpt lat="-39.3689113855" lon="-72.6309055835"><ele>112.90</ele><time>2024-08-15T03:04:58Z</time></trkpt><trkpt lat="-39.3684213795" lon="-72.6313548535"><ele>112.91</ele><time>2024-08-15T03:05:08Z</time></trkpt><trkpt lat="-39.3682020251" lon="-72.6315474696"><ele>112.48</ele><time>2024-08-15T03:05:17Z</time></trkpt><trkpt lat="-39.3682183698" lon="-72.6315254252"><ele>112.51</ele><time>2024-08-15T03:05:37Z</time></trkpt><trkpt lat="-39.3682461977" lon="-72.6314845216"><ele>112.62</ele><time>2024-08-15T03:05:42Z</time></trkpt><trkpt lat="-39.3683055416" lon="-72.6314204000"><ele>112.99</ele><time>2024-08-15T03:05:44Z</time></trkpt><trkpt lat="-39.3688872457" lon="-72.6309113670"><ele>112.72</ele><time>2024-08-15T03:05:58Z</time></trkpt><trkpt lat="-39.3689605035" lon="-72.6307607442"><ele>113.20</ele><time>2024-08-15T03:06:04Z</time></trkpt><trkpt lat="-39.3689522892" lon="-72.6306970417"><ele>113.35</ele><time>2024-08-15T03:06:05Z</time></trkpt><trkpt lat="-39.3689356931" lon="-72.6306321658"><ele>113.35</ele><time>2024-08-15T03:06:06Z</time></trkpt><trkpt lat="-39.3689038418" lon="-72.6305628475"><ele>113.34</ele><time>2024-08-15T03:06:07Z</time></trkpt><trkpt lat="-39.3688652851" lon="-72.6304940321"><ele>113.41</ele><time>2024-08-15T03:06:08Z</time></trkpt><trkpt lat="-39.3684426695" lon="-72.6297763735"><ele>113.18</ele><time>2024-08-15T03:06:20Z</time></trkpt><trkpt lat="-39.3684079684" lon="-72.6297292672"><ele>113.27</ele><time>2024-08-15T03:06:24Z</time></trkpt><trkpt lat="-39.3683861755" lon="-72.6297168620"><ele>113.37</ele><time>2024-08-15T03:06:25Z</time></trkpt><trkpt lat="-39.3683555815" lon="-72.6297079772"><ele>113.43</ele><time>2024-08-15T03:06:26Z</time></trkpt><trkpt lat="-39.3683213834" lon="-72.6297083963"><ele>113.38</ele><time>2024-08-15T03:06:27Z</time></trkpt><trkpt lat="-39.3682829943" lon="-72.6297223940"><ele>113.42</ele><time>2024-08-15T03:06:28Z</time></trkpt><trkpt lat="-39.3682391569" lon="-72.6297505572"><ele>113.43</ele><time>2024-08-15T03:06:29Z</time></trkpt><trkpt lat="-39.3681906257" lon="-72.6297897007"><ele>113.58</ele><time>2024-08-15T03:06:30Z</time></trkpt><trkpt lat="-39.3681416754" lon="-72.6298375614"><ele>113.69</ele><time>2024-08-15T03:06:31Z</time></trkpt><trkpt lat="-39.3680873606" lon="-72.6298907027"><ele>113.63</ele><time>2024-08-15T03:06:32Z</time></trkpt><trkpt lat="-39.3675681017" lon="-72.6303837262"><ele>113.05</ele><time>2024-08-15T03:06:44Z</time></trkpt><trkpt lat="-39.3674564548" lon="-72.6304895058"><ele>114.07</ele><time>2024-08-15T03:06:53Z</time></trkpt><trkpt lat="-39.3673757371" lon="-72.6305779349"><ele>113.76</ele><time>2024-08-15T03:07:00Z</time></trkpt><trkpt lat="-39.3673779164" lon="-72.6306207664"><ele>113.07</ele><time>2024-08-15T03:07:01Z</time></trkpt><trkpt lat="-39.3673893157" lon="-72.6306707226"><ele>112.74</ele><time>2024-08-15T03:07:02Z</time></trkpt><trkpt lat="-39.3674118631" lon="-72.6307289768"><ele>111.75</ele><time>2024-08-15T03:07:03Z</time></trkpt><trkpt lat="-39.3674401939" lon="-72.6308024023"><ele>112.71</ele><time>2024-08-15T03:07:04Z</time></trkpt><trkpt lat="-39.3678739574" lon="-72.6315697655"><ele>112.89</ele><time>2024-08-15T03:07:15Z</time></trkpt><trkpt lat="-39.3679358996" lon="-72.6317568496"><ele>108.42</ele><time>2024-08-15T03:07:19Z</time></trkpt><trkpt lat="-39.3679209799" lon="-72.6318025310"><ele>110.91</ele><time>2024-08-15T03:07:20Z</time></trkpt><trkpt lat="-39.3678942416" lon="-72.6318450272"><ele>113.25</ele><time>2024-08-15T03:07:21Z</time></trkpt><trkpt lat="-39.3678221572" lon="-72.6319331210"><ele>114.16</ele><time>2024-08-15T03:07:23Z</time></trkpt><trkpt lat="-39.3676374201" lon="-72.6321114041"><ele>112.56</ele><time>2024-08-15T03:07:27Z</time></trkpt><trkpt lat="-39.3674135394" lon="-72.6323346142"><ele>111.45</ele><time>2024-08-15T03:07:32Z</time></trkpt><trkpt lat="-39.3673731387" lon="-72.6323618554"><ele>112.17</ele><time>2024-08-15T03:07:33Z</time></trkpt><trkpt lat="-39.3673365936" lon="-72.6323782001"><ele>110.08</ele><time>2024-08-15T03:07:34Z</time></trkpt><trkpt lat="-39.3673052453" lon="-72.6323861629"><ele>117.28</ele><time>2024-08-15T03:07:35Z</time></trkpt><trkpt lat="-39.3672775850" lon="-72.6323782001"><ele>115.78</ele><time>2024-08-15T03:07:36Z</time></trkpt><trkpt lat="-39.3672489189" lon="-72.6323608495"><ele>113.70</ele><time>2024-08-15T03:07:37Z</time></trkpt><trkpt lat="-39.3672163971" lon="-72.6323358715"><ele>113.73</ele><time>2024-08-15T03:07:38Z</time></trkpt><trkpt lat="-39.3668743316" lon="-72.6320110727"><ele>110.06</ele><time>2024-08-15T03:07:49Z</time></trkpt><trkpt lat="-39.3668158259" lon="-72.6319425087"><ele>114.16</ele><time>2024-08-15T03:07:51Z</time></trkpt><trkpt lat="-39.3667847291" lon="-72.6319015212"><ele>112.59</ele><time>2024-08-15T03:07:52Z</time></trkpt><trkpt lat="-39.3665818870" lon="-72.6315527502"><ele>113.74</ele><time>2024-08-15T03:08:01Z</time></trkpt><trkpt lat="-39.3665678054" lon="-72.6315178815"><ele>110.03</ele><time>2024-08-15T03:08:02Z</time></trkpt><trkpt lat="-39.3665630277" lon="-72.6314783189"><ele>113.04</ele><time>2024-08-15T03:08:03Z</time></trkpt><trkpt lat="-39.3665659614" lon="-72.6314353198"><ele>109.93</ele><time>2024-08-15T03:08:04Z</time></trkpt><trkpt lat="-39.3665747624" lon="-72.6313947514"><ele>109.71</ele><time>2024-08-15T03:08:05Z</time></trkpt><trkpt lat="-39.3665982317" lon="-72.6313522551"><ele>115.64</ele><time>2024-08-15T03:08:06Z</time></trkpt><trkpt lat="-39.3666284066" lon="-72.6313142013"><ele>114.05</ele><time>2024-08-15T03:08:07Z</time></trkpt><trkpt lat="-39.3666620180" lon="-72.6312706992"><ele>113.58</ele><time>2024-08-15T03:08:08Z</time></trkpt><trkpt lat="-39.3671878986" lon="-72.6307707187"><ele>113.02</ele><time>2024-08-15T03:08:18Z</time></trkpt><trkpt lat="-39.3673316482" lon="-72.6306722313"><ele>109.77</ele><time>2024-08-15T03:08:24Z</time></trkpt><trkpt lat="-39.3673969433" lon="-72.6306905039"><ele>113.75</ele><time>2024-08-15T03:08:27Z</time></trkpt><trkpt lat="-39.3674293812" lon="-72.6307226066"><ele>114.26</ele><time>2024-08-15T03:08:28Z</time></trkpt><trkpt lat="-39.3674623221" lon="-72.6307697967"><ele>115.23</ele><time>2024-08-15T03:08:29Z</time></trkpt><trkpt lat="-39.3674961850" lon="-72.6308215130"><ele>114.41</ele><time>2024-08-15T03:08:30Z</time></trkpt><trkpt lat="-39.3675293773" lon="-72.6308730617"><ele>112.00</ele><time>2024-08-15T03:08:31Z</time></trkpt><trkpt lat="-39.3675612286" lon="-72.6309279632"><ele>113.60</ele><time>2024-08-15T03:08:32Z</time></trkpt><trkpt lat="-39.3680143543" lon="-72.6316831727"><ele>113.25</ele><time>2024-08-15T03:08:42Z</time></trkpt><trkpt lat="-39.3684134167" lon="-72.6323641185"><ele>112.39</ele><time>2024-08-15T03:08:50Z</time></trkpt><trkpt lat="-39.3685498741" lon="-72.6326242927"><ele>112.05</ele><time>2024-08-15T03:08:58Z</time></trkpt><trkpt lat="-39.3685469404" lon="-72.6326310821"><ele>108.53</ele><time>2024-08-15T03:09:01Z</time></trkpt><trkpt lat="-39.3685462698" lon="-72.6326353569"><ele>113.79</ele><time>2024-08-15T03:09:02Z</time></trkpt><trkpt lat="-39.3684719224" lon="-72.6326824632"><ele>112.61</ele><time>2024-08-15T03:09:27Z</time></trkpt><trkpt lat="-39.3684764486" lon="-72.6326943655"><ele>112.87</ele><time>2024-08-15T03:09:33Z</time></trkpt><trkpt lat="-39.3686384708" lon="-72.6327402983"><ele>113.31</ele><time>2024-08-15T03:09:38Z</time></trkpt><trkpt lat="-39.3686968926" lon="-72.6327280607"><ele>113.02</ele><time>2024-08-15T03:09:39Z</time></trkpt><trkpt lat="-39.3687600084" lon="-72.6326967124"><ele>112.62</ele><time>2024-08-15T03:09:40Z</time></trkpt><trkpt lat="-39.3688243814" lon="-72.6326548029"><ele>113.25</ele><time>2024-08-15T03:09:41Z</time></trkpt><trkpt lat="-39.3688951246" lon="-72.6326037571"><ele>112.18</ele><time>2024-08-15T03:09:42Z</time></trkpt><trkpt lat="-39.3693744857" lon="-72.6321984921"><ele>113.12</ele><time>2024-08-15T03:09:52Z</time></trkpt><trkpt lat="-39.3694875576" lon="-72.6320945565"><ele>112.60</ele><time>2024-08-15T03:10:02Z</time></trkpt><trkpt lat="-39.3696267810" lon="-72.6318924688"><ele>112.12</ele><time>2024-08-15T03:10:22Z</time></trkpt><trkpt lat="-39.3702334631" lon="-72.6313092560"><ele>113.90</ele><time>2024-08-15T03:10:32Z</time></trkpt><trkpt lat="-39.3707446754" lon="-72.6308562141"><ele>113.38</ele><time>2024-08-15T03:10:42Z</time></trkpt><trkpt lat="-39.3714557961" lon="-72.6301642042"><ele>111.74</ele><time>2024-08-15T03:10:54Z</time></trkpt><trkpt lat="-39.3716603983" lon="-72.6299272478"><ele>109.21</ele><time>2024-08-15T03:10:58Z</time></trkpt><trkpt lat="-39.3721976783" lon="-72.6294473000"><ele>109.38</ele><time>2024-08-15T03:11:10Z</time></trkpt><trkpt lat="-39.3722242489" lon="-72.6294268481"><ele>109.36</ele><time>2024-08-15T03:11:11Z</time></trkpt><trkpt lat="-39.3722519092" lon="-72.6294145267"><ele>105.92</ele><time>2024-08-15T03:11:12Z</time></trkpt><trkpt lat="-39.3722834252" lon="-72.6294125151"><ele>102.84</ele><time>2024-08-15T03:11:13Z</time></trkpt><trkpt lat="-39.3723172881" lon="-72.6294310391"><ele>110.05</ele><time>2024-08-15T03:11:14Z</time></trkpt><trkpt lat="-39.3723612092" lon="-72.6294681709"><ele>107.38</ele><time>2024-08-15T03:11:15Z</time></trkpt><trkpt lat="-39.3724081479" lon="-72.6295210607"><ele>111.29</ele><time>2024-08-15T03:11:16Z</time></trkpt><trkpt lat="-39.3724596966" lon="-72.6295929775"><ele>113.57</ele><time>2024-08-15T03:11:17Z</time></trkpt><trkpt lat="-39.3725107424" lon="-72.6296736114"><ele>108.49</ele><time>2024-08-15T03:11:18Z</time></trkpt><trkpt lat="-39.3725596927" lon="-72.6297606993"><ele>108.57</ele><time>2024-08-15T03:11:19Z</time></trkpt><trkpt lat="-39.3729072064" lon="-72.6303924434"><ele>100.88</ele><time>2024-08-15T03:11:28Z</time></trkpt><trkpt lat="-39.3729247246" lon="-72.6304372028"><ele>103.21</ele><time>2024-08-15T03:11:29Z</time></trkpt><trkpt lat="-39.3729222938" lon="-72.6305392105"><ele>106.10</ele><time>2024-08-15T03:11:31Z</time></trkpt><trkpt lat="-39.3729067035" lon="-72.6305857301"><ele>110.19</ele><time>2024-08-15T03:11:32Z</time></trkpt><trkpt lat="-39.3728693202" lon="-72.6306371950"><ele>113.51</ele><time>2024-08-15T03:11:33Z</time></trkpt><trkpt lat="-39.3728251476" lon="-72.6306925993"><ele>111.94</ele><time>2024-08-15T03:11:34Z</time></trkpt><trkpt lat="-39.3727647141" lon="-72.6307525299"><ele>107.84</ele><time>2024-08-15T03:11:35Z</time></trkpt><trkpt lat="-39.3727054540" lon="-72.6308148075"><ele>109.15</ele><time>2024-08-15T03:11:36Z</time></trkpt><trkpt lat="-39.3721603788" lon="-72.6312960964"><ele>109.94</ele><time>2024-08-15T03:11:47Z</time></trkpt><trkpt lat="-39.3721495662" lon="-72.6313038077"><ele>110.41</ele><time>2024-08-15T03:11:48Z</time></trkpt><trkpt lat="-39.3718603067" lon="-72.6315935701"><ele>111.69</ele><time>2024-08-15T03:11:57Z</time></trkpt><trkpt lat="-39.3718080875" lon="-72.6316480525"><ele>111.95</ele><time>2024-08-15T03:11:58Z</time></trkpt><trkpt lat="-39.3715219293" lon="-72.6319207158"><ele>113.11</ele><time>2024-08-15T03:12:03Z</time></trkpt><trkpt lat="-39.3712395430" lon="-72.6321669761"><ele>114.37</ele><time>2024-08-15T03:12:10Z</time></trkpt><trkpt lat="-39.3707664683" lon="-72.6326480135"><ele>114.85</ele><time>2024-08-15T03:12:18Z</time></trkpt><trkpt lat="-39.3703896180" lon="-72.6329856366"><ele>114.57</ele><time>2024-08-15T03:12:27Z</time></trkpt><trkpt lat="-39.3700791523" lon="-72.6332917437"><ele>113.45</ele><time>2024-08-15T03:12:35Z</time></trkpt><trkpt lat="-39.3694670219" lon="-72.6338529959"><ele>111.76</ele><time>2024-08-15T03:12:46Z</time></trkpt><trkpt lat="-39.3694539461" lon="-72.6338616293"><ele>111.77</ele><time>2024-08-15T03:12:47Z</time></trkpt><trkpt lat="-39.3693805207" lon="-72.6339943148"><ele>113.10</ele><time>2024-08-15T03:12:53Z</time></trkpt><trkpt lat="-39.3693764973" lon="-72.6340457797"><ele>113.34</ele><time>2024-08-15T03:12:54Z</time></trkpt><trkpt lat="-39.3694004696" lon="-72.6341101527"><ele>113.06</ele><time>2024-08-15T03:12:55Z</time></trkpt><trkpt lat="-39.3694349192" lon="-72.6341751125"><ele>112.89</ele><time>2024-08-15T03:12:56Z</time></trkpt><trkpt lat="-39.3694757391" lon="-72.6342575904"><ele>113.02</ele><time>2024-08-15T03:12:57Z</time></trkpt><trkpt lat="-39.3698800821" lon="-72.6349686272"><ele>113.66</ele><time>2024-08-15T03:13:06Z</time></trkpt><trkpt lat="-39.3699078262" lon="-72.6350096148"><ele>115.03</ele><time>2024-08-15T03:13:07Z</time></trkpt><trkpt lat="-39.3699376658" lon="-72.6350412983"><ele>114.07</ele><time>2024-08-15T03:13:08Z</time></trkpt><trkpt lat="-39.3699735403" lon="-72.6350540388"><ele>113.36</ele><time>2024-08-15T03:13:09Z</time></trkpt><trkpt lat="-39.3700100854" lon="-72.6350522786"><ele>112.97</ele><time>2024-08-15T03:13:10Z</time></trkpt><trkpt lat="-39.3700467143" lon="-72.6350381970"><ele>113.09</ele><time>2024-08-15T03:13:11Z</time></trkpt><trkpt lat="-39.3700836785" lon="-72.6350143924"><ele>112.31</ele><time>2024-08-15T03:13:12Z</time></trkpt><trkpt lat="-39.3701229896" lon="-72.6349808648"><ele>112.25</ele><time>2024-08-15T03:13:13Z</time></trkpt><trkpt lat="-39.3701586127" lon="-72.6349418052"><ele>113.08</ele><time>2024-08-15T03:13:14Z</time></trkpt><trkpt lat="-39.3701960798" lon="-72.6349037513"><ele>113.36</ele><time>2024-08-15T03:13:15Z</time></trkpt><trkpt lat="-39.3706908636" lon="-72.6343838219"><ele>111.56</ele><time>2024-08-15T03:13:25Z</time></trkpt><trkpt lat="-39.3708232976" lon="-72.6342569198"><ele>118.55</ele><time>2024-08-15T03:13:29Z</time></trkpt><trkpt lat="-39.3708404806" lon="-72.6342449337"><ele>115.41</ele><time>2024-08-15T03:13:30Z</time></trkpt><trkpt lat="-39.3708561547" lon="-72.6342329476"><ele>113.96</ele><time>2024-08-15T03:13:32Z</time></trkpt><trkpt lat="-39.3711030856" lon="-72.6339994278"><ele>114.03</ele><time>2024-08-15T03:13:40Z</time></trkpt><trkpt lat="-39.3717631605" lon="-72.6333438791"><ele>111.02</ele><time>2024-08-15T03:13:56Z</time></trkpt><trkpt lat="-39.3720097560" lon="-72.6330950204"><ele>110.76</ele><time>2024-08-15T03:14:05Z</time></trkpt><trkpt lat="-39.3726058770" lon="-72.6325120591"><ele>110.14</ele><time>2024-08-15T03:14:18Z</time></trkpt><trkpt lat="-39.3729201984" lon="-72.6322105620"><ele>109.99</ele><time>2024-08-15T03:14:26Z</time></trkpt><trkpt lat="-39.3734918442" lon="-72.6316203084"><ele>108.65</ele><time>2024-08-15T03:14:37Z</time></trkpt><trkpt lat="-39.3738339934" lon="-72.6312800031"><ele>108.74</ele><time>2024-08-15T03:14:45Z</time></trkpt><trkpt lat="-39.3740887195" lon="-72.6310572959"><ele>108.10</ele><time>2024-08-15T03:14:50Z</time></trkpt><trkpt lat="-39.3741644081" lon="-72.6309974492"><ele>108.20</ele><time>2024-08-15T03:14:52Z</time></trkpt><trkpt lat="-39.3743985984" lon="-72.6307655219"><ele>108.05</ele><time>2024-08-15T03:15:02Z</time></trkpt><trkpt lat="-39.3745043781" lon="-72.6306831278"><ele>108.29</ele><time>2024-08-15T03:15:06Z</time></trkpt><trkpt lat="-39.3750599306" lon="-72.6301654615"><ele>107.69</ele><time>2024-08-15T03:15:16Z</time></trkpt><trkpt lat="-39.3753619306" lon="-72.6299395692"><ele>106.64</ele><time>2024-08-15T03:15:23Z</time></trkpt><trkpt lat="-39.3753874116" lon="-72.6299559977"><ele>106.70</ele><time>2024-08-15T03:15:24Z</time></trkpt><trkpt lat="-39.3754109647" lon="-72.6299856696"><ele>106.87</ele><time>2024-08-15T03:15:25Z</time></trkpt><trkpt lat="-39.3754403014" lon="-72.6300350390"><ele>106.79</ele><time>2024-08-15T03:15:26Z</time></trkpt><trkpt lat="-39.3754685484" lon="-72.6300838217"><ele>106.90</ele><time>2024-08-15T03:15:27Z</time></trkpt><trkpt lat="-39.3758781720" lon="-72.6307998039"><ele>107.25</ele><time>2024-08-15T03:15:39Z</time></trkpt><trkpt lat="-39.3759362586" lon="-72.6311453898"><ele>107.20</ele><time>2024-08-15T03:15:46Z</time></trkpt><trkpt lat="-39.3758930918" lon="-72.6311904006"><ele>107.41</ele><time>2024-08-15T03:15:47Z</time></trkpt><trkpt lat="-39.3753594160" lon="-72.6316633075"><ele>107.58</ele><time>2024-08-15T03:15:57Z</time></trkpt><trkpt lat="-39.3750184402" lon="-72.6320002601"><ele>108.20</ele><time>2024-08-15T03:16:07Z</time></trkpt><trkpt lat="-39.3743471336" lon="-72.6326592453"><ele>108.91</ele><time>2024-08-15T03:16:19Z</time></trkpt><trkpt lat="-39.3741598818" lon="-72.6328625903"><ele>109.26</ele><time>2024-08-15T03:16:27Z</time></trkpt><trkpt lat="-39.3735512719" lon="-72.6334016304"><ele>110.02</ele><time>2024-08-15T03:16:39Z</time></trkpt><trkpt lat="-39.3732946180" lon="-72.6336447056"><ele>110.25</ele><time>2024-08-15T03:16:47Z</time></trkpt><trkpt lat="-39.3727502972" lon="-72.6341640484"><ele>110.01</ele><time>2024-08-15T03:16:57Z</time></trkpt><trkpt lat="-39.3722851016" lon="-72.6346095465"><ele>110.51</ele><time>2024-08-15T03:17:07Z</time></trkpt><trkpt lat="-39.3716793414" lon="-72.6351676974"><ele>111.98</ele><time>2024-08-15T03:17:19Z</time></trkpt><trkpt lat="-39.3714457378" lon="-72.6354163885"><ele>112.85</ele><time>2024-08-15T03:17:28Z</time></trkpt><trkpt lat="-39.3708538916" lon="-72.6359918062"><ele>113.62</ele><time>2024-08-15T03:17:40Z</time></trkpt><trkpt lat="-39.3706901092" lon="-72.6361317001"><ele>113.64</ele><time>2024-08-15T03:17:49Z</time></trkpt><trkpt lat="-39.3706584256" lon="-72.6362112444"><ele>113.66</ele><time>2024-08-15T03:17:52Z</time></trkpt><trkpt lat="-39.3706579227" lon="-72.6362684090"><ele>113.87</ele><time>2024-08-15T03:17:53Z</time></trkpt><trkpt lat="-39.3706695735" lon="-72.6363220531"><ele>113.80</ele><time>2024-08-15T03:17:54Z</time></trkpt><trkpt lat="-39.3706908636" lon="-72.6363772899"><ele>113.94</ele><time>2024-08-15T03:17:55Z</time></trkpt><trkpt lat="-39.3707240559" lon="-72.6364347897"><ele>113.92</ele><time>2024-08-15T03:17:56Z</time></trkpt><trkpt lat="-39.3707672227" lon="-72.6364972349"><ele>113.87</ele><time>2024-08-15T03:17:57Z</time></trkpt><trkpt lat="-39.3712906726" lon="-72.6373484172"><ele>113.10</ele><time>2024-08-15T03:18:10Z</time></trkpt><trkpt lat="-39.3713356834" lon="-72.6373739820"><ele>112.94</ele><time>2024-08-15T03:18:11Z</time></trkpt><trkpt lat="-39.3713837955" lon="-72.6373819448"><ele>112.94</ele><time>2024-08-15T03:18:12Z</time></trkpt><trkpt lat="-39.3714348413" lon="-72.6373697072"><ele>112.80</ele><time>2024-08-15T03:18:13Z</time></trkpt><trkpt lat="-39.3714844622" lon="-72.6373415440"><ele>112.83</ele><time>2024-08-15T03:18:14Z</time></trkpt><trkpt lat="-39.3715360109" lon="-72.6373039931"><ele>112.81</ele><time>2024-08-15T03:18:15Z</time></trkpt><trkpt lat="-39.3715896551" lon="-72.6372573059"><ele>112.68</ele><time>2024-08-15T03:18:16Z</time></trkpt><trkpt lat="-39.3716461491" lon="-72.6372049190"><ele>112.57</ele><time>2024-08-15T03:18:17Z</time></trkpt><trkpt lat="-39.3724956550" lon="-72.6363565028"><ele>110.16</ele><time>2024-08-15T03:18:33Z</time></trkpt><trkpt lat="-39.3734506052" lon="-72.6354207471"><ele>109.76</ele><time>2024-08-15T03:18:49Z</time></trkpt><trkpt lat="-39.3743685074" lon="-72.6345432457"><ele>109.91</ele><time>2024-08-15T03:19:04Z</time></trkpt><trkpt lat="-39.3746119179" lon="-72.6342927944"><ele>109.39</ele><time>2024-08-15T03:19:11Z</time></trkpt><trkpt lat="-39.3752970546" lon="-72.6336594578"><ele>108.75</ele><time>2024-08-15T03:19:21Z</time></trkpt><trkpt lat="-39.3765070662" lon="-72.6324593369"><ele>109.06</ele><time>2024-08-15T03:19:37Z</time></trkpt><trkpt lat="-39.3774719071" lon="-72.6314361580"><ele>111.26</ele><time>2024-08-15T03:19:52Z</time></trkpt><trkpt lat="-39.3779292237" lon="-72.6309973653"><ele>110.84</ele><time>2024-08-15T03:20:02Z</time></trkpt><trkpt lat="-39.3782624044" lon="-72.6307641808"><ele>110.89</ele><time>2024-08-15T03:20:11Z</time></trkpt><trkpt lat="-39.3792591803" lon="-72.6303324290"><ele>109.59</ele><time>2024-08-15T03:20:25Z</time></trkpt><trkpt lat="-39.3797171675" lon="-72.6301460154"><ele>109.27</ele><time>2024-08-15T03:20:35Z</time></trkpt><trkpt lat="-39.3798220251" lon="-72.6301070396"><ele>109.60</ele><time>2024-08-15T03:20:38Z</time></trkpt><trkpt lat="-39.3798651081" lon="-72.6300927904"><ele>109.55</ele><time>2024-08-15T03:20:39Z</time></trkpt><trkpt lat="-39.3802898191" lon="-72.6298986655"><ele>109.89</ele><time>2024-08-15T03:20:48Z</time></trkpt><trkpt lat="-39.3808301166" lon="-72.6296641398"><ele>110.25</ele><time>2024-08-15T03:20:58Z</time></trkpt><trkpt lat="-39.3817728292" lon="-72.6292403508"><ele>110.73</ele><time>2024-08-15T03:21:13Z</time></trkpt><trkpt lat="-39.3821146432" lon="-72.6290831901"><ele>110.92</ele><time>2024-08-15T03:21:21Z</time></trkpt><trkpt lat="-39.3825460598" lon="-72.6288824435"><ele>110.37</ele><time>2024-08-15T03:21:32Z</time></trkpt><trkpt lat="-39.3827303778" lon="-72.6288039051"><ele>110.68</ele><time>2024-08-15T03:21:37Z</time></trkpt><trkpt lat="-39.3827672582" lon="-72.6287839562"><ele>110.67</ele><time>2024-08-15T03:21:38Z</time></trkpt><trkpt lat="-39.3828039709" lon="-72.6287678629"><ele>110.76</ele><time>2024-08-15T03:21:39Z</time></trkpt><trkpt lat="-39.3832912110" lon="-72.6285767555"><ele>111.68</ele><time>2024-08-15T03:21:50Z</time></trkpt><trkpt lat="-39.3836606853" lon="-72.6283961255"><ele>111.69</ele><time>2024-08-15T03:21:59Z</time></trkpt><trkpt lat="-39.3836718332" lon="-72.6283755060"><ele>111.58</ele><time>2024-08-15T03:22:00Z</time></trkpt><trkpt lat="-39.3836751860" lon="-72.6283516176"><ele>111.56</ele><time>2024-08-15T03:22:01Z</time></trkpt><trkpt lat="-39.3836730905" lon="-72.6283301599"><ele>111.53</ele><time>2024-08-15T03:22:02Z</time></trkpt><trkpt lat="-39.3836659659" lon="-72.6283088699"><ele>111.49</ele><time>2024-08-15T03:22:03Z</time></trkpt><trkpt lat="-39.3836502917" lon="-72.6282866579"><ele>111.58</ele><time>2024-08-15T03:22:04Z</time></trkpt><trkpt lat="-39.3836279958" lon="-72.6282614283"><ele>108.93</ele><time>2024-08-15T03:22:05Z</time></trkpt><trkpt lat="-39.3835746031" lon="-72.6282053534"><ele>112.04</ele><time>2024-08-15T03:22:07Z</time></trkpt><trkpt lat="-39.3834117427" lon="-72.6280212030"><ele>112.26</ele><time>2024-08-15T03:22:13Z</time></trkpt><trkpt lat="-39.3832457811" lon="-72.6278101467"><ele>111.01</ele><time>2024-08-15T03:22:20Z</time></trkpt><trkpt lat="-39.3832241558" lon="-72.6277813967"><ele>114.64</ele><time>2024-08-15T03:22:21Z</time></trkpt><trkpt lat="-39.3831713498" lon="-72.6277309377"><ele>110.99</ele><time>2024-08-15T03:22:23Z</time></trkpt><trkpt lat="-39.3830503151" lon="-72.6276267506"><ele>112.50</ele><time>2024-08-15T03:22:28Z</time></trkpt><trkpt lat="-39.3830200564" lon="-72.6276288461"><ele>111.94</ele><time>2024-08-15T03:22:29Z</time></trkpt><trkpt lat="-39.3829878699" lon="-72.6276359707"><ele>111.18</ele><time>2024-08-15T03:22:30Z</time></trkpt><trkpt lat="-39.3829565216" lon="-72.6276515611"><ele>110.96</ele><time>2024-08-15T03:22:31Z</time></trkpt><trkpt lat="-39.3826986942" lon="-72.6277772896"><ele>110.77</ele><time>2024-08-15T03:22:39Z</time></trkpt><trkpt lat="-39.3824185710" lon="-72.6278907806"><ele>110.52</ele><time>2024-08-15T03:22:48Z</time></trkpt><trkpt lat="-39.3822015636" lon="-72.6280017570"><ele>110.11</ele><time>2024-08-15T03:22:58Z</time></trkpt><trkpt lat="-39.3820854742" lon="-72.6280817203"><ele>110.51</ele><time>2024-08-15T03:23:09Z</time></trkpt><trkpt lat="-39.3820635974" lon="-72.6280960534"><ele>109.70</ele><time>2024-08-15T03:23:12Z</time></trkpt><trkpt lat="-39.3819856457" lon="-72.6281269826"><ele>110.36</ele><time>2024-08-15T03:23:22Z</time></trkpt><trkpt lat="-39.3819490168" lon="-72.6281268150"><ele>110.34</ele><time>2024-08-15T03:23:26Z</time></trkpt><trkpt lat="-39.3819280621" lon="-72.6280980650"><ele>110.11</ele><time>2024-08-15T03:23:27Z</time></trkpt><trkpt lat="-39.3817884196" lon="-72.6281288266"><ele>110.79</ele><time>2024-08-15T03:23:37Z</time></trkpt><trkpt lat="-39.3816929497" lon="-72.6281735860"><ele>109.27</ele><time>2024-08-15T03:23:40Z</time></trkpt><trkpt lat="-39.3814885989" lon="-72.6282792818"><ele>110.37</ele><time>2024-08-15T03:23:50Z</time></trkpt><trkpt lat="-39.3813741859" lon="-72.6283672918"><ele>110.17</ele><time>2024-08-15T03:24:02Z</time></trkpt><trkpt lat="-39.3813813105" lon="-72.6284005679"><ele>110.39</ele><time>2024-08-15T03:24:04Z</time></trkpt><trkpt lat="-39.3814062886" lon="-72.6284751669"><ele>110.24</ele><time>2024-08-15T03:24:07Z</time></trkpt><trkpt lat="-39.3815806322" lon="-72.6290441304"><ele>110.94</ele><time>2024-08-15T03:24:24Z</time></trkpt><trkpt lat="-39.3816100527" lon="-72.6292523369"><ele>106.89</ele><time>2024-08-15T03:24:33Z</time></trkpt><trkpt lat="-39.3815404829" lon="-72.6293388382"><ele>110.27</ele><time>2024-08-15T03:24:36Z</time></trkpt><trkpt lat="-39.3814690690" lon="-72.6293802448"><ele>111.48</ele><time>2024-08-15T03:24:38Z</time></trkpt><trkpt lat="-39.3814095575" lon="-72.6294112578"><ele>110.29</ele><time>2024-08-15T03:24:40Z</time></trkpt><trkpt lat="-39.3808172084" lon="-72.6296868548"><ele>110.79</ele><time>2024-08-15T03:24:51Z</time></trkpt><trkpt lat="-39.3806668371" lon="-72.6297635492"><ele>108.73</ele><time>2024-08-15T03:24:54Z</time></trkpt><trkpt lat="-39.3805256020" lon="-72.6297555864"><ele>104.45</ele><time>2024-08-15T03:24:58Z</time></trkpt><trkpt lat="-39.3805034738" lon="-72.6297255792"><ele>109.64</ele><time>2024-08-15T03:24:59Z</time></trkpt><trkpt lat="-39.3804849498" lon="-72.6296819095"><ele>110.54</ele><time>2024-08-15T03:25:00Z</time></trkpt><trkpt lat="-39.3804650847" lon="-72.6296296064"><ele>114.79</ele><time>2024-08-15T03:25:01Z</time></trkpt><trkpt lat="-39.3804499134" lon="-72.6295746211"><ele>113.99</ele><time>2024-08-15T03:25:02Z</time></trkpt><trkpt lat="-39.3804344069" lon="-72.6295203902"><ele>108.07</ele><time>2024-08-15T03:25:03Z</time></trkpt><trkpt lat="-39.3804170564" lon="-72.6294663269"><ele>112.50</ele><time>2024-08-15T03:25:04Z</time></trkpt><trkpt lat="-39.3803880550" lon="-72.6293693483"><ele>108.01</ele><time>2024-08-15T03:25:06Z</time></trkpt><trkpt lat="-39.3803725485" lon="-72.6293194760"><ele>109.62</ele><time>2024-08-15T03:25:07Z</time></trkpt><trkpt lat="-39.3803275377" lon="-72.6291450486"><ele>109.99</ele><time>2024-08-15T03:25:10Z</time></trkpt><trkpt lat="-39.3801751547" lon="-72.6285491791"><ele>112.58</ele><time>2024-08-15T03:25:18Z</time></trkpt><trkpt lat="-39.3801045790" lon="-72.6282942016"><ele>110.02</ele><time>2024-08-15T03:25:21Z</time></trkpt><trkpt lat="-39.3800447322" lon="-72.6280624419"><ele>108.73</ele><time>2024-08-15T03:25:24Z</time></trkpt><trkpt lat="-39.3800235260" lon="-72.6279763598"><ele>111.32</ele><time>2024-08-15T03:25:26Z</time></trkpt><trkpt lat="-39.3800272979" lon="-72.6279206201"><ele>108.81</ele><time>2024-08-15T03:25:28Z</time></trkpt><trkpt lat="-39.3801800162" lon="-72.6277934667"><ele>112.78</ele><time>2024-08-15T03:25:33Z</time></trkpt><trkpt lat="-39.3802303076" lon="-72.6277780440"><ele>111.67</ele><time>2024-08-15T03:25:34Z</time></trkpt><trkpt lat="-39.3807748798" lon="-72.6275562588"><ele>110.07</ele><time>2024-08-15T03:25:44Z</time></trkpt><trkpt lat="-39.3810532428" lon="-72.6274071448"><ele>109.50</ele><time>2024-08-15T03:25:54Z</time></trkpt><trkpt lat="-39.3810589425" lon="-72.6273578592"><ele>110.72</ele><time>2024-08-15T03:25:57Z</time></trkpt><trkpt lat="-39.3810492195" lon="-72.6273298636"><ele>109.52</ele><time>2024-08-15T03:25:58Z</time></trkpt><trkpt lat="-39.3809638079" lon="-72.6270256843"><ele>107.91</ele><time>2024-08-15T03:26:06Z</time></trkpt><trkpt lat="-39.3809659034" lon="-72.6270017121"><ele>111.85</ele><time>2024-08-15T03:26:07Z</time></trkpt><trkpt lat="-39.3809719384" lon="-72.6269801706"><ele>109.77</ele><time>2024-08-15T03:26:08Z</time></trkpt><trkpt lat="-39.3811130896" lon="-72.6268750615"><ele>110.63</ele><time>2024-08-15T03:26:14Z</time></trkpt><trkpt lat="-39.3815676402" lon="-72.6266816910"><ele>110.62</ele><time>2024-08-15T03:26:26Z</time></trkpt><trkpt lat="-39.3816666305" lon="-72.6267361734"><ele>112.54</ele><time>2024-08-15T03:26:32Z</time></trkpt><trkpt lat="-39.3817460071" lon="-72.6269868761"><ele>109.18</ele><time>2024-08-15T03:26:39Z</time></trkpt><trkpt lat="-39.3817447498" lon="-72.6270375028"><ele>109.58</ele><time>2024-08-15T03:26:41Z</time></trkpt><trkpt lat="-39.3817371223" lon="-72.6270640735"><ele>111.82</ele><time>2024-08-15T03:26:42Z</time></trkpt><trkpt lat="-39.3817199394" lon="-72.6270888839"><ele>110.05</ele><time>2024-08-15T03:26:43Z</time></trkpt><trkpt lat="-39.3817011639" lon="-72.6271094196"><ele>109.18</ele><time>2024-08-15T03:26:44Z</time></trkpt><trkpt lat="-39.3816791195" lon="-72.6271300390"><ele>110.93</ele><time>2024-08-15T03:26:45Z</time></trkpt><trkpt lat="-39.3816504534" lon="-72.6271506585"><ele>110.41</ele><time>2024-08-15T03:26:46Z</time></trkpt><trkpt lat="-39.3816088792" lon="-72.6271753851"><ele>111.17</ele><time>2024-08-15T03:26:47Z</time></trkpt><trkpt lat="-39.3812130019" lon="-72.6273529138"><ele>107.96</ele><time>2024-08-15T03:26:56Z</time></trkpt><trkpt lat="-39.3811759539" lon="-72.6273722760"><ele>111.58</ele><time>2024-08-15T03:26:57Z</time></trkpt><trkpt lat="-39.3810965773" lon="-72.6274192985"><ele>105.14</ele><time>2024-08-15T03:26:59Z</time></trkpt><trkpt lat="-39.3810558412" lon="-72.6274484675"><ele>107.85</ele><time>2024-08-15T03:27:00Z</time></trkpt><trkpt lat="-39.3809515703" lon="-72.6275120862"><ele>110.71</ele><time>2024-08-15T03:27:02Z</time></trkpt><trkpt lat="-39.3808902986" lon="-72.6275370643"><ele>112.19</ele><time>2024-08-15T03:27:03Z</time></trkpt><trkpt lat="-39.3804605585" lon="-72.6277016848"><ele>112.09</ele><time>2024-08-15T03:27:11Z</time></trkpt><trkpt lat="-39.3804036453" lon="-72.6277447678"><ele>111.67</ele><time>2024-08-15T03:27:14Z</time></trkpt><trkpt lat="-39.3803994544" lon="-72.6277663931"><ele>110.45</ele><time>2024-08-15T03:27:15Z</time></trkpt><trkpt lat="-39.3803970236" lon="-72.6277899463"><ele>110.26</ele><time>2024-08-15T03:27:16Z</time></trkpt><trkpt lat="-39.3803990353" lon="-72.6278154273"><ele>109.78</ele><time>2024-08-15T03:27:17Z</time></trkpt><trkpt lat="-39.3804027233" lon="-72.6278413273"><ele>107.41</ele><time>2024-08-15T03:27:18Z</time></trkpt><trkpt lat="-39.3804078363" lon="-72.6278719213"><ele>111.66</ele><time>2024-08-15T03:27:19Z</time></trkpt><trkpt lat="-39.3804185651" lon="-72.6279056165"><ele>111.53</ele><time>2024-08-15T03:27:20Z</time></trkpt><trkpt lat="-39.3804456387" lon="-72.6279972307"><ele>108.51</ele><time>2024-08-15T03:27:22Z</time></trkpt><trkpt lat="-39.3805116042" lon="-72.6282417309"><ele>112.90</ele><time>2024-08-15T03:27:27Z</time></trkpt><trkpt lat="-39.3806941621" lon="-72.6288452279"><ele>108.69</ele><time>2024-08-15T03:27:40Z</time></trkpt><trkpt lat="-39.3808329664" lon="-72.6293696836"><ele>112.03</ele><time>2024-08-15T03:27:47Z</time></trkpt><trkpt lat="-39.3808725290" lon="-72.6295324601"><ele>108.95</ele><time>2024-08-15T03:27:50Z</time></trkpt><trkpt lat="-39.3808735348" lon="-72.6296152733"><ele>111.27</ele><time>2024-08-15T03:27:57Z</time></trkpt><trkpt lat="-39.3809725251" lon="-72.6296179555"><ele>108.26</ele><time>2024-08-15T03:28:01Z</time></trkpt><trkpt lat="-39.3809968326" lon="-72.6296157762"><ele>104.07</ele><time>2024-08-15T03:28:02Z</time></trkpt><trkpt lat="-39.3810197990" lon="-72.6296206377"><ele>106.60</ele><time>2024-08-15T03:28:03Z</time></trkpt><trkpt lat="-39.3810419273" lon="-72.6296368986"><ele>113.00</ele><time>2024-08-15T03:28:04Z</time></trkpt><trkpt lat="-39.3810601160" lon="-72.6296606194"><ele>112.74</ele><time>2024-08-15T03:28:05Z</time></trkpt><trkpt lat="-39.3810734432" lon="-72.6296959911"><ele>112.08</ele><time>2024-08-15T03:28:06Z</time></trkpt><trkpt lat="-39.3810881954" lon="-72.6297404151"><ele>112.56</ele><time>2024-08-15T03:28:07Z</time></trkpt><trkpt lat="-39.3811047915" lon="-72.6297963224"><ele>110.64</ele><time>2024-08-15T03:28:08Z</time></trkpt><trkpt lat="-39.3811218068" lon="-72.6298533194"><ele>110.44</ele><time>2024-08-15T03:28:09Z</time></trkpt><trkpt lat="-39.3813085556" lon="-72.6305776834"><ele>109.96</ele><time>2024-08-15T03:28:21Z</time></trkpt><trkpt lat="-39.3814169336" lon="-72.6310077589"><ele>110.25</ele><time>2024-08-15T03:28:30Z</time></trkpt><trkpt lat="-39.3816253077" lon="-72.6317847613"><ele>104.89</ele><time>2024-08-15T03:28:42Z</time></trkpt><trkpt lat="-39.3816254754" lon="-72.6318207197"><ele>106.62</ele><time>2024-08-15T03:28:43Z</time></trkpt><trkpt lat="-39.3816136569" lon="-72.6318668202"><ele>111.01</ele><time>2024-08-15T03:28:44Z</time></trkpt><trkpt lat="-39.3815926183" lon="-72.6319166087"><ele>112.90</ele><time>2024-08-15T03:28:45Z</time></trkpt><trkpt lat="-39.3815569952" lon="-72.6319695823"><ele>114.34</ele><time>2024-08-15T03:28:46Z</time></trkpt><trkpt lat="-39.3814800493" lon="-72.6320850011"><ele>110.47</ele><time>2024-08-15T03:28:48Z</time></trkpt><trkpt lat="-39.3814480305" lon="-72.6321453508"><ele>110.59</ele><time>2024-08-15T03:28:49Z</time></trkpt><trkpt lat="-39.3813915364" lon="-72.6322423294"><ele>104.96</ele><time>2024-08-15T03:28:51Z</time></trkpt><trkpt lat="-39.3813616969" lon="-72.6322745159"><ele>111.87</ele><time>2024-08-15T03:28:52Z</time></trkpt><trkpt lat="-39.3813315220" lon="-72.6322915312"><ele>102.85</ele><time>2024-08-15T03:28:53Z</time></trkpt><trkpt lat="-39.3813013472" lon="-72.6322969794"><ele>107.52</ele><time>2024-08-15T03:28:54Z</time></trkpt><trkpt lat="-39.3812754471" lon="-72.6322778687"><ele>111.98</ele><time>2024-08-15T03:28:55Z</time></trkpt><trkpt lat="-39.3812515587" lon="-72.6322461851"><ele>113.50</ele><time>2024-08-15T03:28:56Z</time></trkpt><trkpt lat="-39.3812291790" lon="-72.6321950555"><ele>111.98</ele><time>2024-08-15T03:28:57Z</time></trkpt><trkpt lat="-39.3812081404" lon="-72.6321308501"><ele>108.72</ele><time>2024-08-15T03:28:58Z</time></trkpt><trkpt lat="-39.3811887782" lon="-72.6320596039"><ele>111.43</ele><time>2024-08-15T03:28:59Z</time></trkpt><trkpt lat="-39.3811711762" lon="-72.6319834124"><ele>111.43</ele><time>2024-08-15T03:29:00Z</time></trkpt><trkpt lat="-39.3811518978" lon="-72.6319069695"><ele>110.34</ele><time>2024-08-15T03:29:01Z</time></trkpt><trkpt lat="-39.3808673322" lon="-72.6306906715"><ele>108.38</ele><time>2024-08-15T03:29:15Z</time></trkpt><trkpt lat="-39.3808285240" lon="-72.6304983906"><ele>111.76</ele><time>2024-08-15T03:29:17Z</time></trkpt><trkpt lat="-39.3807996064" lon="-72.6303867437"><ele>115.18</ele><time>2024-08-15T03:29:18Z</time></trkpt><trkpt lat="-39.3807744607" lon="-72.6302876696"><ele>113.22</ele><time>2024-08-15T03:29:19Z</time></trkpt><trkpt lat="-39.3806547672" lon="-72.6297987532"><ele>110.12</ele><time>2024-08-15T03:29:26Z</time></trkpt><trkpt lat="-39.3805651646" lon="-72.6297227293"><ele>110.86</ele><time>2024-08-15T03:29:30Z</time></trkpt><trkpt lat="-39.3805257697" lon="-72.6297256630"><ele>110.40</ele><time>2024-08-15T03:29:31Z</time></trkpt><trkpt lat="-39.3804844469" lon="-72.6297383197"><ele>110.72</ele><time>2024-08-15T03:29:32Z</time></trkpt><trkpt lat="-39.3798504397" lon="-72.6300416607"><ele>105.56</ele><time>2024-08-15T03:29:45Z</time></trkpt><trkpt lat="-39.3798046745" lon="-72.6300538983"><ele>107.23</ele><time>2024-08-15T03:29:46Z</time></trkpt><trkpt lat="-39.3797652796" lon="-72.6300517190"><ele>106.01</ele><time>2024-08-15T03:29:47Z</time></trkpt><trkpt lat="-39.3797277287" lon="-72.6300353743"><ele>109.66</ele><time>2024-08-15T03:29:48Z</time></trkpt><trkpt lat="-39.3796964642" lon="-72.6300020143"><ele>111.13</ele><time>2024-08-15T03:29:49Z</time></trkpt><trkpt lat="-39.3796725757" lon="-72.6299592666"><ele>112.31</ele><time>2024-08-15T03:29:50Z</time></trkpt><trkpt lat="-39.3796555605" lon="-72.6299079694"><ele>113.47</ele><time>2024-08-15T03:29:51Z</time></trkpt><trkpt lat="-39.3796425685" lon="-72.6298521459"><ele>112.26</ele><time>2024-08-15T03:29:52Z</time></trkpt><trkpt lat="-39.3796305824" lon="-72.6297955681"><ele>112.62</ele><time>2024-08-15T03:29:53Z</time></trkpt><trkpt lat="-39.3795935344" lon="-72.6296859328"><ele>110.32</ele><time>2024-08-15T03:29:55Z</time></trkpt><trkpt lat="-39.3795303348" lon="-72.6294081565"><ele>112.09</ele><time>2024-08-15T03:29:59Z</time></trkpt><trkpt lat="-39.3794892635" lon="-72.6292499062"><ele>109.71</ele><time>2024-08-15T03:30:01Z</time></trkpt><trkpt lat="-39.3794590048" lon="-72.6290693600"><ele>111.80</ele><time>2024-08-15T03:30:03Z</time></trkpt><trkpt lat="-39.3794346135" lon="-72.6288772468"><ele>113.78</ele><time>2024-08-15T03:30:05Z</time></trkpt><trkpt lat="-39.3793911953" lon="-72.6286989637"><ele>109.12</ele><time>2024-08-15T03:30:07Z</time></trkpt><trkpt lat="-39.3793652952" lon="-72.6286175754"><ele>110.02</ele><time>2024-08-15T03:30:08Z</time></trkpt><trkpt lat="-39.3792972341" lon="-72.6283050142"><ele>115.20</ele><time>2024-08-15T03:30:13Z</time></trkpt><trkpt lat="-39.3792901095" lon="-72.6282622665"><ele>114.58</ele><time>2024-08-15T03:30:14Z</time></trkpt><trkpt lat="-39.3792805541" lon="-72.6282280684"><ele>111.39</ele><time>2024-08-15T03:30:15Z</time></trkpt><trkpt lat="-39.3792023510" lon="-72.6281997375"><ele>110.32</ele><time>2024-08-15T03:30:25Z</time></trkpt><trkpt lat="-39.3791870959" lon="-72.6282109693"><ele>110.42</ele><time>2024-08-15T03:30:26Z</time></trkpt><trkpt lat="-39.3791507185" lon="-72.6282262243"><ele>111.73</ele><time>2024-08-15T03:30:28Z</time></trkpt><trkpt lat="-39.3791039474" lon="-72.6282503642"><ele>112.35</ele><time>2024-08-15T03:30:30Z</time></trkpt><trkpt lat="-39.3790355511" lon="-72.6282913517"><ele>109.88</ele><time>2024-08-15T03:30:33Z</time></trkpt><trkpt lat="-39.3790110759" lon="-72.6283042599"><ele>110.47</ele><time>2024-08-15T03:30:34Z</time></trkpt><trkpt lat="-39.3788401689" lon="-72.6284057647"><ele>114.07</ele><time>2024-08-15T03:30:41Z</time></trkpt><trkpt lat="-39.3787441961" lon="-72.6284553856"><ele>111.36</ele><time>2024-08-15T03:30:44Z</time></trkpt><trkpt lat="-39.3781971093" lon="-72.6286930963"><ele>111.73</ele><time>2024-08-15T03:31:00Z</time></trkpt><trkpt lat="-39.3780048285" lon="-72.6287485845"><ele>111.47</ele><time>2024-08-15T03:31:09Z</time></trkpt><trkpt lat="-39.3779873941" lon="-72.6287318207"><ele>110.75</ele><time>2024-08-15T03:31:11Z</time></trkpt><trkpt lat="-39.3779689539" lon="-72.6286740694"><ele>111.41</ele><time>2024-08-15T03:31:13Z</time></trkpt><trkpt lat="-39.3779622484" lon="-72.6286262088"><ele>112.54</ele><time>2024-08-15T03:31:14Z</time></trkpt><trkpt lat="-39.3779600691" lon="-72.6285704691"><ele>113.20</ele><time>2024-08-15T03:31:15Z</time></trkpt><trkpt lat="-39.3779685348" lon="-72.6278058719"><ele>112.59</ele><time>2024-08-15T03:31:23Z</time></trkpt><trkpt lat="-39.3779675290" lon="-72.6265764143"><ele>112.59</ele><time>2024-08-15T03:31:37Z</time></trkpt><trkpt lat="-39.3781298026" lon="-72.6256258227"><ele>113.01</ele><time>2024-08-15T03:31:47Z</time></trkpt><trkpt lat="-39.3781754002" lon="-72.6255373098"><ele>113.27</ele><time>2024-08-15T03:31:48Z</time></trkpt><trkpt lat="-39.3782266136" lon="-72.6254535746"><ele>113.80</ele><time>2024-08-15T03:31:49Z</time></trkpt><trkpt lat="-39.3791440967" lon="-72.6241806149"><ele>113.20</ele><time>2024-08-15T03:32:04Z</time></trkpt><trkpt lat="-39.3799531180" lon="-72.6230200566"><ele>113.16</ele><time>2024-08-15T03:32:18Z</time></trkpt><trkpt lat="-39.3807837646" lon="-72.6218422316"><ele>113.41</ele><time>2024-08-15T03:32:32Z</time></trkpt><trkpt lat="-39.3814763613" lon="-72.6208641473"><ele>116.42</ele><time>2024-08-15T03:32:43Z</time></trkpt><trkpt lat="-39.3822997157" lon="-72.6197546348"><ele>114.94</ele><time>2024-08-15T03:32:56Z</time></trkpt><trkpt lat="-39.3830096629" lon="-72.6187557634"><ele>115.52</ele><time>2024-08-15T03:33:09Z</time></trkpt><trkpt lat="-39.3838816322" lon="-72.6176006533"><ele>115.57</ele><time>2024-08-15T03:33:24Z</time></trkpt><trkpt lat="-39.3843506835" lon="-72.6169837452"><ele>116.16</ele><time>2024-08-15T03:33:34Z</time></trkpt><trkpt lat="-39.3848380074" lon="-72.6163530909"><ele>115.78</ele><time>2024-08-15T03:33:47Z</time></trkpt><trkpt lat="-39.3849033862" lon="-72.6163437031"><ele>114.87</ele><time>2024-08-15T03:33:55Z</time></trkpt><trkpt lat="-39.3849022966" lon="-72.6163639035"><ele>115.86</ele><time>2024-08-15T03:33:56Z</time></trkpt><trkpt lat="-39.3848771509" lon="-72.6164289471"><ele>115.84</ele><time>2024-08-15T03:34:06Z</time></trkpt><trkpt lat="-39.3848484010" lon="-72.6164276898"><ele>115.69</ele><time>2024-08-15T03:34:07Z</time></trkpt><trkpt lat="-39.3848225009" lon="-72.6164304558"><ele>115.59</ele><time>2024-08-15T03:34:08Z</time></trkpt><trkpt lat="-39.3847977743" lon="-72.6164354850"><ele>115.44</ele><time>2024-08-15T03:34:09Z</time></trkpt><trkpt lat="-39.3847774062" lon="-72.6164394245"><ele>115.49</ele><time>2024-08-15T03:34:10Z</time></trkpt><trkpt lat="-39.3845342472" lon="-72.6167120878"><ele>115.87</ele><time>2024-08-15T03:34:23Z</time></trkpt><trkpt lat="-39.3844812736" lon="-72.6167595293"><ele>116.89</ele><time>2024-08-15T03:34:36Z</time></trkpt><trkpt lat="-39.3844891526" lon="-72.6167791430"><ele>116.92</ele><time>2024-08-15T03:35:05Z</time></trkpt><trkpt lat="-39.3845085986" lon="-72.6167919673"><ele>117.01</ele><time>2024-08-15T03:35:33Z</time></trkpt><trkpt lat="-39.3845023122" lon="-72.6167952362"><ele>116.94</ele><time>2024-08-15T03:35:51Z</time></trkpt><trkpt lat="-39.3844966963" lon="-72.6167850103"><ele>117.03</ele><time>2024-08-15T03:36:21Z</time></trkpt><trkpt lat="-39.3844944332" lon="-72.6167552546"><ele>116.85</ele><time>2024-08-15T03:36:59Z</time></trkpt><trkpt lat="-39.3844992109" lon="-72.6167348865"><ele>116.89</ele><time>2024-08-15T03:37:27Z</time></trkpt><trkpt lat="-39.3844889849" lon="-72.6167671569"><ele>116.96</ele><time>2024-08-15T03:37:56Z</time></trkpt><trkpt lat="-39.3845037371" lon="-72.6167920511"><ele>116.80</ele><time>2024-08-15T03:38:25Z</time></trkpt><trkpt lat="-39.3844870571" lon="-72.6167197153"><ele>116.85</ele><time>2024-08-15T03:38:53Z</time></trkpt><trkpt lat="-39.3845363427" lon="-72.6167680789"><ele>116.81</ele><time>2024-08-15T03:39:22Z</time></trkpt><trkpt lat="-39.3845303915" lon="-72.6167706773"><ele>116.69</ele><time>2024-08-15T03:39:52Z</time></trkpt><trkpt lat="-39.3845308945" lon="-72.6167684980"><ele>116.58</ele><time>2024-08-15T03:40:16Z</time></trkpt><trkpt lat="-39.3845510948" lon="-72.6168211363"><ele>116.32</ele><time>2024-08-15T03:40:49Z</time></trkpt><trkpt lat="-39.3845415395" lon="-72.6168135926"><ele>116.04</ele><time>2024-08-15T03:41:21Z</time></trkpt><trkpt lat="-39.3844974507" lon="-72.6167788077"><ele>116.07</ele><time>2024-08-15T03:41:54Z</time></trkpt><trkpt lat="-39.3845281284" lon="-72.6168042887"><ele>115.78</ele><time>2024-08-15T03:42:25Z</time></trkpt><trkpt lat="-39.3845230155" lon="-72.6167860162"><ele>115.66</ele><time>2024-08-15T03:42:56Z</time></trkpt><trkpt lat="-39.3845051620" lon="-72.6167954877"><ele>115.43</ele><time>2024-08-15T03:43:25Z</time></trkpt><trkpt lat="-39.3844982050" lon="-72.6167980861"><ele>114.66</ele><time>2024-08-15T03:43:54Z</time></trkpt><trkpt lat="-39.3844911642" lon="-72.6168217231"><ele>114.63</ele><time>2024-08-15T03:43:55Z</time></trkpt><trkpt lat="-39.3844440579" lon="-72.6168999262"><ele>114.64</ele><time>2024-08-15T03:43:58Z</time></trkpt><trkpt lat="-39.3840257172" lon="-72.6174775232"><ele>114.74</ele><time>2024-08-15T03:44:08Z</time></trkpt><trkpt lat="-39.3831726909" lon="-72.6186025422"><ele>114.63</ele><time>2024-08-15T03:44:22Z</time></trkpt><trkpt lat="-39.3822013959" lon="-72.6199470833"><ele>113.99</ele><time>2024-08-15T03:44:38Z</time></trkpt><trkpt lat="-39.3813927937" lon="-72.6210835855"><ele>114.82</ele><time>2024-08-15T03:44:51Z</time></trkpt><trkpt lat="-39.3804297969" lon="-72.6224513445"><ele>112.57</ele><time>2024-08-15T03:45:06Z</time></trkpt><trkpt lat="-39.3795154989" lon="-72.6236668881"><ele>112.50</ele><time>2024-08-15T03:45:20Z</time></trkpt><trkpt lat="-39.3785927352" lon="-72.6249599643"><ele>112.54</ele><time>2024-08-15T03:45:35Z</time></trkpt><trkpt lat="-39.3780122884" lon="-72.6259118970"><ele>112.37</ele><time>2024-08-15T03:45:48Z</time></trkpt><trkpt lat="-39.3779658526" lon="-72.6260873303"><ele>112.44</ele><time>2024-08-15T03:45:50Z</time></trkpt><trkpt lat="-39.3779518548" lon="-72.6261854824"><ele>112.35</ele><time>2024-08-15T03:45:51Z</time></trkpt><trkpt lat="-39.3779425509" lon="-72.6262880769"><ele>112.26</ele><time>2024-08-15T03:45:52Z</time></trkpt><trkpt lat="-39.3779417127" lon="-72.6274549216"><ele>112.11</ele><time>2024-08-15T03:46:04Z</time></trkpt><trkpt lat="-39.3779683672" lon="-72.6292443741"><ele>111.40</ele><time>2024-08-15T03:46:20Z</time></trkpt><trkpt lat="-39.3780027330" lon="-72.6302248053"><ele>110.53</ele><time>2024-08-15T03:46:32Z</time></trkpt><trkpt lat="-39.3780474924" lon="-72.6302750967"><ele>110.59</ele><time>2024-08-15T03:46:35Z</time></trkpt><trkpt lat="-39.3780673575" lon="-72.6302741747"><ele>110.55</ele><time>2024-08-15T03:46:36Z</time></trkpt><trkpt lat="-39.3780913297" lon="-72.6302672178"><ele>110.60</ele><time>2024-08-15T03:46:37Z</time></trkpt><trkpt lat="-39.3785116822" lon="-72.6300609391"><ele>110.29</ele><time>2024-08-15T03:46:50Z</time></trkpt><trkpt lat="-39.3791862577" lon="-72.6297588553"><ele>110.04</ele><time>2024-08-15T03:47:05Z</time></trkpt><trkpt lat="-39.3795911036" lon="-72.6296144351"><ele>109.65</ele><time>2024-08-15T03:47:16Z</time></trkpt><trkpt lat="-39.3796172552" lon="-72.6296364795"><ele>109.74</ele><time>2024-08-15T03:47:17Z</time></trkpt><trkpt lat="-39.3796408083" lon="-72.6296735276"><ele>109.71</ele><time>2024-08-15T03:47:18Z</time></trkpt><trkpt lat="-39.3796605896" lon="-72.6297192089"><ele>109.82</ele><time>2024-08-15T03:47:19Z</time></trkpt><trkpt lat="-39.3796800356" lon="-72.6297753677"><ele>109.86</ele><time>2024-08-15T03:47:20Z</time></trkpt><trkpt lat="-39.3796967156" lon="-72.6298358012"><ele>109.71</ele><time>2024-08-15T03:47:21Z</time></trkpt><trkpt lat="-39.3797112163" lon="-72.6298958156"><ele>109.69</ele><time>2024-08-15T03:47:22Z</time></trkpt><trkpt lat="-39.3797919340" lon="-72.6302232966"><ele>109.49</ele><time>2024-08-15T03:47:30Z</time></trkpt><trkpt lat="-39.3798858114" lon="-72.6306640171"><ele>109.86</ele><time>2024-08-15T03:47:40Z</time></trkpt><trkpt lat="-39.3798671197" lon="-72.6306970417"><ele>109.75</ele><time>2024-08-15T03:47:41Z</time></trkpt><trkpt lat="-39.3798412196" lon="-72.6307254564"><ele>109.87</ele><time>2024-08-15T03:47:42Z</time></trkpt><trkpt lat="-39.3798070215" lon="-72.6307477523"><ele>109.82</ele><time>2024-08-15T03:47:43Z</time></trkpt><trkpt lat="-39.3797669560" lon="-72.6307666115"><ele>109.85</ele><time>2024-08-15T03:47:44Z</time></trkpt><trkpt lat="-39.3789777160" lon="-72.6311034802"><ele>110.28</ele><time>2024-08-15T03:48:00Z</time></trkpt><trkpt lat="-39.3782371748" lon="-72.6314166281"><ele>110.34</ele><time>2024-08-15T03:48:15Z</time></trkpt><trkpt lat="-39.3781715445" lon="-72.6314669196"><ele>110.38</ele><time>2024-08-15T03:48:20Z</time></trkpt><trkpt lat="-39.3781655096" lon="-72.6314874552"><ele>110.37</ele><time>2024-08-15T03:48:21Z</time></trkpt><trkpt lat="-39.3781650066" lon="-72.6315172948"><ele>110.32</ele><time>2024-08-15T03:48:22Z</time></trkpt><trkpt lat="-39.3781685270" lon="-72.6315469667"><ele>110.28</ele><time>2024-08-15T03:48:23Z</time></trkpt><trkpt lat="-39.3781773280" lon="-72.6315771416"><ele>110.36</ele><time>2024-08-15T03:48:24Z</time></trkpt><trkpt lat="-39.3781902362" lon="-72.6316122618"><ele>110.45</ele><time>2024-08-15T03:48:25Z</time></trkpt><trkpt lat="-39.3782041501" lon="-72.6316573564"><ele>110.42</ele><time>2024-08-15T03:48:26Z</time></trkpt><trkpt lat="-39.3782182317" lon="-72.6317067258"><ele>110.38</ele><time>2024-08-15T03:48:27Z</time></trkpt><trkpt lat="-39.3782411143" lon="-72.6318063028"><ele>110.32</ele><time>2024-08-15T03:48:29Z</time></trkpt><trkpt lat="-39.3782576267" lon="-72.6318532415"><ele>110.26</ele><time>2024-08-15T03:48:30Z</time></trkpt><trkpt lat="-39.3782797549" lon="-72.6318928879"><ele>110.22</ele><time>2024-08-15T03:48:31Z</time></trkpt><trkpt lat="-39.3783074990" lon="-72.6319192909"><ele>110.27</ele><time>2024-08-15T03:48:32Z</time></trkpt><trkpt lat="-39.3783383444" lon="-72.6319350488"><ele>110.06</ele><time>2024-08-15T03:48:33Z</time></trkpt><trkpt lat="-39.3783718720" lon="-72.6319362223"><ele>110.21</ele><time>2024-08-15T03:48:34Z</time></trkpt><trkpt lat="-39.3784129433" lon="-72.6319271699"><ele>110.09</ele><time>2024-08-15T03:48:35Z</time></trkpt><trkpt lat="-39.3784595467" lon="-72.6319094840"><ele>110.03</ele><time>2024-08-15T03:48:36Z</time></trkpt><trkpt lat="-39.3785069045" lon="-72.6318877749"><ele>109.91</ele><time>2024-08-15T03:48:37Z</time></trkpt><trkpt lat="-39.3791217171" lon="-72.6315774769"><ele>109.48</ele><time>2024-08-15T03:48:50Z</time></trkpt><trkpt lat="-39.3797304947" lon="-72.6312897261"><ele>109.60</ele><time>2024-08-15T03:49:02Z</time></trkpt><trkpt lat="-39.3800152279" lon="-72.6312519237"><ele>109.76</ele><time>2024-08-15T03:49:11Z</time></trkpt><trkpt lat="-39.3801164813" lon="-72.6316568535"><ele>109.89</ele><time>2024-08-15T03:49:20Z</time></trkpt><trkpt lat="-39.3800992984" lon="-72.6316982601"><ele>109.86</ele><time>2024-08-15T03:49:21Z</time></trkpt><trkpt lat="-39.3800734822" lon="-72.6317319553"><ele>109.82</ele><time>2024-08-15T03:49:22Z</time></trkpt><trkpt lat="-39.3800414633" lon="-72.6317617111"><ele>109.86</ele><time>2024-08-15T03:49:23Z</time></trkpt><trkpt lat="-39.3800005596" lon="-72.6317882817"><ele>109.81</ele><time>2024-08-15T03:49:24Z</time></trkpt><trkpt lat="-39.3799524475" lon="-72.6318081468"><ele>109.74</ele><time>2024-08-15T03:49:25Z</time></trkpt><trkpt lat="-39.3799043354" lon="-72.6318237372"><ele>109.80</ele><time>2024-08-15T03:49:26Z</time></trkpt><trkpt lat="-39.3790730182" lon="-72.6321782079"><ele>109.53</ele><time>2024-08-15T03:49:43Z</time></trkpt><trkpt lat="-39.3790239841" lon="-72.6322000846"><ele>109.58</ele><time>2024-08-15T03:49:44Z</time></trkpt><trkpt lat="-39.3784960918" lon="-72.6324010827"><ele>110.23</ele><time>2024-08-15T03:49:56Z</time></trkpt><trkpt lat="-39.3783952575" lon="-72.6323050261"><ele>110.47</ele><time>2024-08-15T03:50:01Z</time></trkpt><trkpt lat="-39.3783776555" lon="-72.6322529744"><ele>110.49</ele><time>2024-08-15T03:50:02Z</time></trkpt><trkpt lat="-39.3781079259" lon="-72.6313514169"><ele>110.67</ele><time>2024-08-15T03:50:17Z</time></trkpt><trkpt lat="-39.3780888990" lon="-72.6312667597"><ele>110.93</ele><time>2024-08-15T03:50:26Z</time></trkpt><trkpt lat="-39.3780906592" lon="-72.6312521752"><ele>111.06</ele><time>2024-08-15T03:50:52Z</time></trkpt><trkpt lat="-39.3780473247" lon="-72.6311348286"><ele>111.22</ele><time>2024-08-15T03:50:55Z</time></trkpt><trkpt lat="-39.3779690377" lon="-72.6310003828"><ele>111.12</ele><time>2024-08-15T03:51:01Z</time></trkpt><trkpt lat="-39.3779384438" lon="-72.6309987903"><ele>111.23</ele><time>2024-08-15T03:51:02Z</time></trkpt><trkpt lat="-39.3778977077" lon="-72.6310103573"><ele>111.38</ele><time>2024-08-15T03:51:03Z</time></trkpt><trkpt lat="-39.3778587319" lon="-72.6310304739"><ele>111.35</ele><time>2024-08-15T03:51:04Z</time></trkpt><trkpt lat="-39.3778210133" lon="-72.6310573798"><ele>111.27</ele><time>2024-08-15T03:51:05Z</time></trkpt><trkpt lat="-39.3777807802" lon="-72.6310906559"><ele>111.33</ele><time>2024-08-15T03:51:06Z</time></trkpt><trkpt lat="-39.3777380325" lon="-72.6311277039"><ele>111.45</ele><time>2024-08-15T03:51:07Z</time></trkpt><trkpt lat="-39.3770281691" lon="-72.6318053808"><ele>111.38</ele><time>2024-08-15T03:51:20Z</time></trkpt><trkpt lat="-39.3766711839" lon="-72.6321877632"><ele>110.45</ele><time>2024-08-15T03:51:28Z</time></trkpt><trkpt lat="-39.3766541686" lon="-72.6322326902"><ele>110.34</ele><time>2024-08-15T03:51:29Z</time></trkpt><trkpt lat="-39.3766454514" lon="-72.6322745997"><ele>110.18</ele><time>2024-08-15T03:51:30Z</time></trkpt><trkpt lat="-39.3766438589" lon="-72.6323098037"><ele>110.13</ele><time>2024-08-15T03:51:31Z</time></trkpt><trkpt lat="-39.3766477145" lon="-72.6323421579"><ele>110.11</ele><time>2024-08-15T03:51:32Z</time></trkpt><trkpt lat="-39.3766566832" lon="-72.6323756017"><ele>110.04</ele><time>2024-08-15T03:51:33Z</time></trkpt><trkpt lat="-39.3766672444" lon="-72.6324127335"><ele>109.79</ele><time>2024-08-15T03:51:34Z</time></trkpt><trkpt lat="-39.3769544922" lon="-72.6329527795"><ele>107.93</ele><time>2024-08-15T03:51:44Z</time></trkpt><trkpt lat="-39.3772330228" lon="-72.6335649937"><ele>105.97</ele><time>2024-08-15T03:51:56Z</time></trkpt><trkpt lat="-39.3772151694" lon="-72.6336048078"><ele>108.77</ele><time>2024-08-15T03:51:57Z</time></trkpt><trkpt lat="-39.3771896884" lon="-72.6336429454"><ele>108.71</ele><time>2024-08-15T03:51:58Z</time></trkpt><trkpt lat="-39.3771566637" lon="-72.6336810831"><ele>108.47</ele><time>2024-08-15T03:51:59Z</time></trkpt><trkpt lat="-39.3771188613" lon="-72.6337191369"><ele>108.02</ele><time>2024-08-15T03:52:00Z</time></trkpt><trkpt lat="-39.3770792987" lon="-72.6337591186"><ele>107.60</ele><time>2024-08-15T03:52:01Z</time></trkpt><trkpt lat="-39.3764931522" lon="-72.6342748571"><ele>107.25</ele><time>2024-08-15T03:52:15Z</time></trkpt><trkpt lat="-39.3760380987" lon="-72.6347198524"><ele>107.64</ele><time>2024-08-15T03:52:24Z</time></trkpt><trkpt lat="-39.3754182570" lon="-72.6353338268"><ele>107.76</ele><time>2024-08-15T03:52:36Z</time></trkpt><trkpt lat="-39.3748070486" lon="-72.6359213982"><ele>109.88</ele><time>2024-08-15T03:52:47Z</time></trkpt><trkpt lat="-39.3745275959" lon="-72.6361826621"><ele>110.44</ele><time>2024-08-15T03:52:56Z</time></trkpt><trkpt lat="-39.3739154655" lon="-72.6367590018"><ele>110.18</ele><time>2024-08-15T03:53:07Z</time></trkpt><trkpt lat="-39.3737476598" lon="-72.6369284838"><ele>110.16</ele><time>2024-08-15T03:53:14Z</time></trkpt><trkpt lat="-39.3731030077" lon="-72.6375422068"><ele>110.05</ele><time>2024-08-15T03:53:28Z</time></trkpt><trkpt lat="-39.3729171809" lon="-72.6377317216"><ele>109.96</ele><time>2024-08-15T03:53:37Z</time></trkpt><trkpt lat="-39.3724424299" lon="-72.6381819136"><ele>110.96</ele><time>2024-08-15T03:53:46Z</time></trkpt><trkpt lat="-39.3720482290" lon="-72.6385647152"><ele>111.79</ele><time>2024-08-15T03:53:57Z</time></trkpt><trkpt lat="-39.3720302079" lon="-72.6386904437"><ele>112.03</ele><time>2024-08-15T03:54:00Z</time></trkpt><trkpt lat="-39.3720477261" lon="-72.6387446746"><ele>112.05</ele><time>2024-08-15T03:54:01Z</time></trkpt><trkpt lat="-39.3720768113" lon="-72.6388053596"><ele>111.96</ele><time>2024-08-15T03:54:02Z</time></trkpt><trkpt lat="-39.3726310227" lon="-72.6397283748"><ele>111.59</ele><time>2024-08-15T03:54:15Z</time></trkpt><trkpt lat="-39.3732256349" lon="-72.6407590974"><ele>110.50</ele><time>2024-08-15T03:54:28Z</time></trkpt><trkpt lat="-39.3733641878" lon="-72.6408207044"><ele>110.44</ele><time>2024-08-15T03:54:35Z</time></trkpt><trkpt lat="-39.3733996432" lon="-72.6407920383"><ele>110.37</ele><time>2024-08-15T03:54:36Z</time></trkpt><trkpt lat="-39.3734345119" lon="-72.6407556608"><ele>110.38</ele><time>2024-08-15T03:54:37Z</time></trkpt><trkpt lat="-39.3739756476" lon="-72.6402061433"><ele>109.35</ele><time>2024-08-15T03:54:48Z</time></trkpt><trkpt lat="-39.3747750297" lon="-72.6394351758"><ele>109.97</ele><time>2024-08-15T03:55:04Z</time></trkpt><trkpt lat="-39.3755734898" lon="-72.6386750210"><ele>109.67</ele><time>2024-08-15T03:55:18Z</time></trkpt><trkpt lat="-39.3759956025" lon="-72.6382700074"><ele>109.27</ele><time>2024-08-15T03:55:27Z</time></trkpt><trkpt lat="-39.3760148808" lon="-72.6382229850"><ele>109.26</ele><time>2024-08-15T03:55:28Z</time></trkpt><trkpt lat="-39.3760165572" lon="-72.6381660718"><ele>109.35</ele><time>2024-08-15T03:55:29Z</time></trkpt><trkpt lat="-39.3760053255" lon="-72.6381124277"><ele>109.33</ele><time>2024-08-15T03:55:30Z</time></trkpt><trkpt lat="-39.3759806827" lon="-72.6380600408"><ele>109.35</ele><time>2024-08-15T03:55:31Z</time></trkpt><trkpt lat="-39.3759470712" lon="-72.6380059775"><ele>109.40</ele><time>2024-08-15T03:55:32Z</time></trkpt><trkpt lat="-39.3759083468" lon="-72.6379515789"><ele>109.48</ele><time>2024-08-15T03:55:33Z</time></trkpt><trkpt lat="-39.3754154071" lon="-72.6371220220"><ele>109.72</ele><time>2024-08-15T03:55:48Z</time></trkpt><trkpt lat="-39.3748260755" lon="-72.6361137629"><ele>110.24</ele><time>2024-08-15T03:56:01Z</time></trkpt><trkpt lat="-39.3742618058" lon="-72.6351134665"><ele>110.63</ele><time>2024-08-15T03:56:12Z</time></trkpt><trkpt lat="-39.3741010409" lon="-72.6348217763"><ele>110.40</ele><time>2024-08-15T03:56:19Z</time></trkpt><trkpt lat="-39.3737924192" lon="-72.6342958119"><ele>110.96</ele><time>2024-08-15T03:56:28Z</time></trkpt><trkpt lat="-39.3732439913" lon="-72.6333686057"><ele>111.14</ele><time>2024-08-15T03:56:42Z</time></trkpt><trkpt lat="-39.3726166897" lon="-72.6322912797"><ele>111.48</ele><time>2024-08-15T03:56:57Z</time></trkpt><trkpt lat="-39.3721050583" lon="-72.6313955896"><ele>112.05</ele><time>2024-08-15T03:57:11Z</time></trkpt><trkpt lat="-39.3720192276" lon="-72.6313171349"><ele>112.10</ele><time>2024-08-15T03:57:14Z</time></trkpt><trkpt lat="-39.3719862029" lon="-72.6313240081"><ele>112.31</ele><time>2024-08-15T03:57:15Z</time></trkpt><trkpt lat="-39.3719570339" lon="-72.6313561108"><ele>112.58</ele><time>2024-08-15T03:57:16Z</time></trkpt><trkpt lat="-39.3719258532" lon="-72.6313981041"><ele>112.56</ele><time>2024-08-15T03:57:17Z</time></trkpt><trkpt lat="-39.3718853686" lon="-72.6314447913"><ele>112.43</ele><time>2024-08-15T03:57:18Z</time></trkpt><trkpt lat="-39.3718391843" lon="-72.6314944960"><ele>113.04</ele><time>2024-08-15T03:57:19Z</time></trkpt><trkpt lat="-39.3713624217" lon="-72.6319677383"><ele>114.79</ele><time>2024-08-15T03:57:27Z</time></trkpt><trkpt lat="-39.3711320870" lon="-72.6322074607"><ele>115.60</ele><time>2024-08-15T03:57:35Z</time></trkpt><trkpt lat="-39.3705548253" lon="-72.6327596605"><ele>115.59</ele><time>2024-08-15T03:57:45Z</time></trkpt><trkpt lat="-39.3703528214" lon="-72.6329617482"><ele>115.12</ele><time>2024-08-15T03:57:53Z</time></trkpt><trkpt lat="-39.3700384162" lon="-72.6332521811"><ele>115.29</ele><time>2024-08-15T03:58:01Z</time></trkpt><trkpt lat="-39.3694440555" lon="-72.6337970048"><ele>114.18</ele><time>2024-08-15T03:58:13Z</time></trkpt><trkpt lat="-39.3693765812" lon="-72.6338287722"><ele>113.38</ele><time>2024-08-15T03:58:16Z</time></trkpt><trkpt lat="-39.3693450652" lon="-72.6338239945"><ele>113.67</ele><time>2024-08-15T03:58:17Z</time></trkpt><trkpt lat="-39.3693096098" lon="-72.6338007767"><ele>113.72</ele><time>2024-08-15T03:58:18Z</time></trkpt><trkpt lat="-39.3692746572" lon="-72.6337625552"><ele>114.23</ele><time>2024-08-15T03:58:19Z</time></trkpt><trkpt lat="-39.3692418002" lon="-72.6337103359"><ele>114.28</ele><time>2024-08-15T03:58:20Z</time></trkpt><trkpt lat="-39.3692076858" lon="-72.6336477231"><ele>114.11</ele><time>2024-08-15T03:58:21Z</time></trkpt><trkpt lat="-39.3688199390" lon="-72.6330519374"><ele>114.43</ele><time>2024-08-15T03:58:31Z</time></trkpt><trkpt lat="-39.3688082043" lon="-72.6330288034"><ele>114.60</ele><time>2024-08-15T03:58:44Z</time></trkpt><trkpt lat="-39.3687863275" lon="-72.6330022328"><ele>114.49</ele><time>2024-08-15T03:58:53Z</time></trkpt><trkpt lat="-39.3687352818" lon="-72.6329256222"><ele>114.58</ele><time>2024-08-15T03:58:56Z</time></trkpt><trkpt lat="-39.3687170092" lon="-72.6328984648"><ele>114.68</ele><time>2024-08-15T03:58:57Z</time></trkpt><trkpt lat="-39.3686926179" lon="-72.6328745764"><ele>114.85</ele><time>2024-08-15T03:58:58Z</time></trkpt><trkpt lat="-39.3686605990" lon="-72.6328646019"><ele>115.10</ele><time>2024-08-15T03:58:59Z</time></trkpt><trkpt lat="-39.3686225452" lon="-72.6328712236"><ele>115.12</ele><time>2024-08-15T03:59:00Z</time></trkpt><trkpt lat="-39.3685787078" lon="-72.6328928489"><ele>115.25</ele><time>2024-08-15T03:59:01Z</time></trkpt><trkpt lat="-39.3685309310" lon="-72.6329288073"><ele>115.35</ele><time>2024-08-15T03:59:02Z</time></trkpt><trkpt lat="-39.3684794661" lon="-72.6329735667"><ele>115.49</ele><time>2024-08-15T03:59:03Z</time></trkpt><trkpt lat="-39.3679235782" lon="-72.6334983576"><ele>115.42</ele><time>2024-08-15T03:59:16Z</time></trkpt><trkpt lat="-39.3678960018" lon="-72.6335289516"><ele>115.48</ele><time>2024-08-15T03:59:20Z</time></trkpt><trkpt lat="-39.3678787351" lon="-72.6335468888"><ele>115.40</ele><time>2024-08-15T03:59:21Z</time></trkpt><trkpt lat="-39.3678599596" lon="-72.6335664187"><ele>115.47</ele><time>2024-08-15T03:59:22Z</time></trkpt><trkpt lat="-39.3678313773" lon="-72.6335945819"><ele>115.49</ele><time>2024-08-15T03:59:23Z</time></trkpt><trkpt lat="-39.3677927367" lon="-72.6336326357"><ele>115.47</ele><time>2024-08-15T03:59:24Z</time></trkpt><trkpt lat="-39.3674728833" lon="-72.6339300256"><ele>114.83</ele><time>2024-08-15T03:59:31Z</time></trkpt><trkpt lat="-39.3674479052" lon="-72.6339702588"><ele>114.74</ele><time>2024-08-15T03:59:32Z</time></trkpt><trkpt lat="-39.3674402777" lon="-72.6340208855"><ele>114.83</ele><time>2024-08-15T03:59:33Z</time></trkpt><trkpt lat="-39.3674486596" lon="-72.6340769604"><ele>114.61</ele><time>2024-08-15T03:59:34Z</time></trkpt><trkpt lat="-39.3674703687" lon="-72.6341368072"><ele>114.76</ele><time>2024-08-15T03:59:35Z</time></trkpt><trkpt lat="-39.3675028905" lon="-72.6342023537"><ele>114.75</ele><time>2024-08-15T03:59:36Z</time></trkpt><trkpt lat="-39.3675422855" lon="-72.6342725940"><ele>114.77</ele><time>2024-08-15T03:59:37Z</time></trkpt><trkpt lat="-39.3680766318" lon="-72.6351863891"><ele>114.16</ele><time>2024-08-15T03:59:50Z</time></trkpt><trkpt lat="-39.3683334533" lon="-72.6356022991"><ele>114.30</ele><time>2024-08-15T03:59:58Z</time></trkpt><trkpt lat="-39.3689765129" lon="-72.6367135718"><ele>113.81</ele><time>2024-08-15T04:00:12Z</time></trkpt><trkpt lat="-39.3693623319" lon="-72.6373994630"><ele>113.42</ele><time>2024-08-15T04:00:21Z</time></trkpt><trkpt lat="-39.3693735637" lon="-72.6374448091"><ele>112.80</ele><time>2024-08-15T04:00:22Z</time></trkpt><trkpt lat="-39.3693731446" lon="-72.6374839526"><ele>112.95</ele><time>2024-08-15T04:00:23Z</time></trkpt><trkpt lat="-39.3693600688" lon="-72.6375201624"><ele>113.08</ele><time>2024-08-15T04:00:24Z</time></trkpt><trkpt lat="-39.3693375215" lon="-72.6375529356"><ele>113.21</ele><time>2024-08-15T04:00:25Z</time></trkpt><trkpt lat="-39.3692960311" lon="-72.6375897322"><ele>114.06</ele><time>2024-08-15T04:00:26Z</time></trkpt><trkpt lat="-39.3692444824" lon="-72.6376301330"><ele>114.06</ele><time>2024-08-15T04:00:27Z</time></trkpt><trkpt lat="-39.3684936315" lon="-72.6382603683"><ele>112.94</ele><time>2024-08-15T04:00:39Z</time></trkpt><trkpt lat="-39.3676618114" lon="-72.6390097942"><ele>112.00</ele><time>2024-08-15T04:00:54Z</time></trkpt><trkpt lat="-39.3676206563" lon="-72.6390176732"><ele>111.74</ele><time>2024-08-15T04:00:55Z</time></trkpt><trkpt lat="-39.3675816804" lon="-72.6390039269"><ele>111.97</ele><time>2024-08-15T04:00:56Z</time></trkpt><trkpt lat="-39.3675404415" lon="-72.6389740035"><ele>113.20</ele><time>2024-08-15T04:00:57Z</time></trkpt><trkpt lat="-39.3674970232" lon="-72.6389248017"><ele>113.63</ele><time>2024-08-15T04:00:58Z</time></trkpt><trkpt lat="-39.3674529344" lon="-72.6388640329"><ele>113.04</ele><time>2024-08-15T04:00:59Z</time></trkpt><trkpt lat="-39.3674120307" lon="-72.6387916133"><ele>112.88</ele><time>2024-08-15T04:01:00Z</time></trkpt><trkpt lat="-39.3673736416" lon="-72.6387240551"><ele>112.84</ele><time>2024-08-15T04:01:01Z</time></trkpt><trkpt lat="-39.3669993058" lon="-72.6379693486"><ele>112.81</ele><time>2024-08-15T04:01:13Z</time></trkpt><trkpt lat="-39.3668319192" lon="-72.6379835140"><ele>112.84</ele><time>2024-08-15T04:01:19Z</time></trkpt><trkpt lat="-39.3667822145" lon="-72.6380269323"><ele>112.98</ele><time>2024-08-15T04:01:20Z</time></trkpt><trkpt lat="-39.3660134263" lon="-72.6387692336"><ele>112.53</ele><time>2024-08-15T04:01:32Z</time></trkpt><trkpt lat="-39.3653306365" lon="-72.6392033324"><ele>112.22</ele><time>2024-08-15T04:01:43Z</time></trkpt><trkpt lat="-39.3644876685" lon="-72.6395110320"><ele>112.82</ele><time>2024-08-15T04:01:59Z</time></trkpt><trkpt lat="-39.3643121514" lon="-72.6395209227"><ele>112.36</ele><time>2024-08-15T04:02:05Z</time></trkpt><trkpt lat="-39.3642943818" lon="-72.6395378541"><ele>112.64</ele><time>2024-08-15T04:02:06Z</time></trkpt><trkpt lat="-39.3642834853" lon="-72.6395660173"><ele>112.67</ele><time>2024-08-15T04:02:07Z</time></trkpt><trkpt lat="-39.3642843235" lon="-72.6395948511"><ele>112.50</ele><time>2024-08-15T04:02:08Z</time></trkpt><trkpt lat="-39.3642663024" lon="-72.6395637542"><ele>112.45</ele><time>2024-08-15T04:02:17Z</time></trkpt><trkpt lat="-39.3642955553" lon="-72.6395551208"><ele>112.52</ele><time>2024-08-15T04:02:20Z</time></trkpt><trkpt lat="-39.3643160071" lon="-72.6395473257"><ele>112.68</ele><time>2024-08-15T04:02:21Z</time></trkpt><trkpt lat="-39.3643730879" lon="-72.6395258680"><ele>112.82</ele><time>2024-08-15T04:02:23Z</time></trkpt><trkpt lat="-39.3648966216" lon="-72.6392991375"><ele>112.73</ele><time>2024-08-15T04:02:34Z</time></trkpt><trkpt lat="-39.3655850273" lon="-72.6390465908"><ele>112.26</ele><time>2024-08-15T04:02:46Z</time></trkpt><trkpt lat="-39.3662728462" lon="-72.6385420840"><ele>112.36</ele><time>2024-08-15T04:02:58Z</time></trkpt><trkpt lat="-39.3669427279" lon="-72.6378872897"><ele>112.84</ele><time>2024-08-15T04:03:12Z</time></trkpt><trkpt lat="-39.3674552813" lon="-72.6373762451"><ele>113.25</ele><time>2024-08-15T04:03:21Z</time></trkpt><trkpt lat="-39.3675650842" lon="-72.6372754946"><ele>113.24</ele><time>2024-08-15T04:03:23Z</time></trkpt><trkpt lat="-39.3677512463" lon="-72.6371268835"><ele>113.30</ele><time>2024-08-15T04:03:27Z</time></trkpt><trkpt lat="-39.3678183015" lon="-72.6369516179"><ele>113.48</ele><time>2024-08-15T04:03:31Z</time></trkpt><trkpt lat="-39.3677996099" lon="-72.6368993148"><ele>113.41</ele><time>2024-08-15T04:03:32Z</time></trkpt><trkpt lat="-39.3677696027" lon="-72.6368367858"><ele>113.38</ele><time>2024-08-15T04:03:33Z</time></trkpt><trkpt lat="-39.3673598953" lon="-72.6361223124"><ele>113.55</ele><time>2024-08-15T04:03:42Z</time></trkpt><trkpt lat="-39.3672424648" lon="-72.6359435264"><ele>113.38</ele><time>2024-08-15T04:03:48Z</time></trkpt><trkpt lat="-39.3669339269" lon="-72.6354330685"><ele>113.82</ele><time>2024-08-15T04:03:56Z</time></trkpt><trkpt lat="-39.3666168395" lon="-72.6348645240"><ele>113.85</ele><time>2024-08-15T04:04:05Z</time></trkpt><trkpt lat="-39.3665893469" lon="-72.6348429825"><ele>114.01</ele><time>2024-08-15T04:04:10Z</time></trkpt><trkpt lat="-39.3665724155" lon="-72.6348201837"><ele>114.08</ele><time>2024-08-15T04:04:11Z</time></trkpt><trkpt lat="-39.3665294163" lon="-72.6347528771"><ele>114.14</ele><time>2024-08-15T04:04:13Z</time></trkpt><trkpt lat="-39.3661691621" lon="-72.6341514755"><ele>113.87</ele><time>2024-08-15T04:04:22Z</time></trkpt><trkpt lat="-39.3658838421" lon="-72.6336501539"><ele>113.24</ele><time>2024-08-15T04:04:32Z</time></trkpt><trkpt lat="-39.3655618094" lon="-72.6330758259"><ele>113.93</ele><time>2024-08-15T04:04:40Z</time></trkpt><trkpt lat="-39.3652535230" lon="-72.6325650327"><ele>113.76</ele><time>2024-08-15T04:04:49Z</time></trkpt><trkpt lat="-39.3649120443" lon="-72.6319940574"><ele>114.48</ele><time>2024-08-15T04:04:56Z</time></trkpt><trkpt lat="-39.3646221142" lon="-72.6314817555"><ele>113.96</ele><time>2024-08-15T04:05:05Z</time></trkpt><trkpt lat="-39.3643235508" lon="-72.6309959404"><ele>114.52</ele><time>2024-08-15T04:05:14Z</time></trkpt><trkpt lat="-39.3639725167" lon="-72.6303824689"><ele>114.25</ele><time>2024-08-15T04:05:24Z</time></trkpt><trkpt lat="-39.3636183813" lon="-72.6297722664"><ele>114.64</ele><time>2024-08-15T04:05:34Z</time></trkpt><trkpt lat="-39.3633206561" lon="-72.6292777341"><ele>113.81</ele><time>2024-08-15T04:05:44Z</time></trkpt><trkpt lat="-39.3633024674" lon="-72.6292733755"><ele>113.86</ele><time>2024-08-15T04:05:45Z</time></trkpt><trkpt lat="-39.3632779084" lon="-72.6292738784"><ele>113.80</ele><time>2024-08-15T04:05:46Z</time></trkpt><trkpt lat="-39.3632394355" lon="-72.6292872056"><ele>113.98</ele><time>2024-08-15T04:05:47Z</time></trkpt><trkpt lat="-39.3632000405" lon="-72.6293129381"><ele>113.97</ele><time>2024-08-15T04:05:48Z</time></trkpt><trkpt lat="-39.3631620705" lon="-72.6293435320"><ele>114.05</ele><time>2024-08-15T04:05:49Z</time></trkpt><trkpt lat="-39.3631251063" lon="-72.6293763053"><ele>113.92</ele><time>2024-08-15T04:05:50Z</time></trkpt><trkpt lat="-39.3626885768" lon="-72.6298172772"><ele>113.71</ele><time>2024-08-15T04:06:00Z</time></trkpt><trkpt lat="-39.3624625169" lon="-72.6301246416"><ele>113.39</ele><time>2024-08-15T04:06:08Z</time></trkpt><trkpt lat="-39.3624726590" lon="-72.6301726699"><ele>113.52</ele><time>2024-08-15T04:06:09Z</time></trkpt><trkpt lat="-39.3624920212" lon="-72.6302230451"><ele>113.58</ele><time>2024-08-15T04:06:10Z</time></trkpt><trkpt lat="-39.3625198491" lon="-72.6302737556"><ele>113.64</ele><time>2024-08-15T04:06:11Z</time></trkpt><trkpt lat="-39.3625505269" lon="-72.6303279866"><ele>113.72</ele><time>2024-08-15T04:06:12Z</time></trkpt><trkpt lat="-39.3627197575" lon="-72.6305978000"><ele>113.86</ele><time>2024-08-15T04:06:17Z</time></trkpt><trkpt lat="-39.3629505951" lon="-72.6309686154"><ele>113.58</ele><time>2024-08-15T04:06:23Z</time></trkpt><trkpt lat="-39.3629761599" lon="-72.6310342457"><ele>113.66</ele><time>2024-08-15T04:06:24Z</time></trkpt><trkpt lat="-39.3630412035" lon="-72.6311800908"><ele>113.29</ele><time>2024-08-15T04:06:27Z</time></trkpt><trkpt lat="-39.3633819278" lon="-72.6317499764"><ele>113.73</ele><time>2024-08-15T04:06:35Z</time></trkpt><trkpt lat="-39.3637049664" lon="-72.6322989911"><ele>113.13</ele><time>2024-08-15T04:06:44Z</time></trkpt><trkpt lat="-39.3637516536" lon="-72.6323920302"><ele>113.06</ele><time>2024-08-15T04:06:46Z</time></trkpt><trkpt lat="-39.3637808226" lon="-72.6324416511"><ele>113.17</ele><time>2024-08-15T04:06:47Z</time></trkpt><trkpt lat="-39.3641355447" lon="-72.6330668572"><ele>113.51</ele><time>2024-08-15T04:06:54Z</time></trkpt><trkpt lat="-39.3643668853" lon="-72.6334687695"><ele>112.79</ele><time>2024-08-15T04:07:01Z</time></trkpt><trkpt lat="-39.3646720704" lon="-72.6339789759"><ele>113.52</ele><time>2024-08-15T04:07:09Z</time></trkpt><trkpt lat="-39.3650065921" lon="-72.6345375460"><ele>112.47</ele><time>2024-08-15T04:07:18Z</time></trkpt><trkpt lat="-39.3653178122" lon="-72.6350498479"><ele>113.16</ele><time>2024-08-15T04:07:26Z</time></trkpt><trkpt lat="-39.3656027131" lon="-72.6356028020"><ele>113.15</ele><time>2024-08-15T04:07:35Z</time></trkpt><trkpt lat="-39.3654684350" lon="-72.6358499844"><ele>113.16</ele><time>2024-08-15T04:07:43Z</time></trkpt><trkpt lat="-39.3648801092" lon="-72.6363915391"><ele>112.58</ele><time>2024-08-15T04:07:55Z</time></trkpt><trkpt lat="-39.3647994753" lon="-72.6364431717"><ele>111.79</ele><time>2024-08-15T04:07:57Z</time></trkpt><trkpt lat="-39.3647564761" lon="-72.6364434231"><ele>111.96</ele><time>2024-08-15T04:07:58Z</time></trkpt><trkpt lat="-39.3647128902" lon="-72.6364184450"><ele>112.77</ele><time>2024-08-15T04:07:59Z</time></trkpt><trkpt lat="-39.3646703940" lon="-72.6363664772"><ele>112.80</ele><time>2024-08-15T04:08:00Z</time></trkpt><trkpt lat="-39.3646272272" lon="-72.6362979133"><ele>113.63</ele><time>2024-08-15T04:08:01Z</time></trkpt><trkpt lat="-39.3645808753" lon="-72.6362157706"><ele>113.49</ele><time>2024-08-15T04:08:02Z</time></trkpt><trkpt lat="-39.3642052822" lon="-72.6354870480"><ele>112.21</ele><time>2024-08-15T04:08:12Z</time></trkpt><trkpt lat="-39.3639050424" lon="-72.6349680405"><ele>112.94</ele><time>2024-08-15T04:08:19Z</time></trkpt><trkpt lat="-39.3635345623" lon="-72.6343539823"><ele>112.47</ele><time>2024-08-15T04:08:27Z</time></trkpt><trkpt lat="-39.3634155393" lon="-72.6342109870"><ele>112.51</ele><time>2024-08-15T04:08:32Z</time></trkpt><trkpt lat="-39.3630177341" lon="-72.6335586235"><ele>112.41</ele><time>2024-08-15T04:08:41Z</time></trkpt><trkpt lat="-39.3628943525" lon="-72.6333360001"><ele>112.01</ele><time>2024-08-15T04:08:44Z</time></trkpt><trkpt lat="-39.3628718890" lon="-72.6332838647"><ele>112.21</ele><time>2024-08-15T04:08:45Z</time></trkpt><trkpt lat="-39.3628599029" lon="-72.6332480740"><ele>111.94</ele><time>2024-08-15T04:08:46Z</time></trkpt><trkpt lat="-39.3628499284" lon="-72.6332279574"><ele>111.85</ele><time>2024-08-15T04:08:47Z</time></trkpt><trkpt lat="-39.3628402054" lon="-72.6332081761"><ele>111.85</ele><time>2024-08-15T04:08:48Z</time></trkpt><trkpt lat="-39.3626152351" lon="-72.6327817049"><ele>112.34</ele><time>2024-08-15T04:08:56Z</time></trkpt><trkpt lat="-39.3622155860" lon="-72.6320486236"><ele>112.41</ele><time>2024-08-15T04:09:07Z</time></trkpt><trkpt lat="-39.3621888477" lon="-72.6320056245"><ele>112.52</ele><time>2024-08-15T04:09:08Z</time></trkpt><trkpt lat="-39.3618366402" lon="-72.6313586254"><ele>112.98</ele><time>2024-08-15T04:09:16Z</time></trkpt><trkpt lat="-39.3616035394" lon="-72.6309734769"><ele>112.46</ele><time>2024-08-15T04:09:23Z</time></trkpt><trkpt lat="-39.3615563493" lon="-72.6309474092"><ele>112.49</ele><time>2024-08-15T04:09:26Z</time></trkpt><trkpt lat="-39.3615255877" lon="-72.6309543662"><ele>112.56</ele><time>2024-08-15T04:09:27Z</time></trkpt><trkpt lat="-39.3614891265" lon="-72.6309728064"><ele>112.56</ele><time>2024-08-15T04:09:28Z</time></trkpt><trkpt lat="-39.3614511564" lon="-72.6310056634"><ele>112.57</ele><time>2024-08-15T04:09:29Z</time></trkpt><trkpt lat="-39.3614110909" lon="-72.6310441364"><ele>112.57</ele><time>2024-08-15T04:09:30Z</time></trkpt><trkpt lat="-39.3613687623" lon="-72.6310863812"><ele>112.68</ele><time>2024-08-15T04:09:31Z</time></trkpt><trkpt lat="-39.3608756550" lon="-72.6316015329"><ele>112.78</ele><time>2024-08-15T04:09:41Z</time></trkpt><trkpt lat="-39.3607145548" lon="-72.6318040397"><ele>112.59</ele><time>2024-08-15T04:09:48Z</time></trkpt><trkpt lat="-39.3607507646" lon="-72.6319368929"><ele>112.65</ele><time>2024-08-15T04:09:51Z</time></trkpt><trkpt lat="-39.3611453008" lon="-72.6326133125"><ele>112.34</ele><time>2024-08-15T04:10:01Z</time></trkpt><trkpt lat="-39.3612772319" lon="-72.6328331698"><ele>112.09</ele><time>2024-08-15T04:10:08Z</time></trkpt><trkpt lat="-39.3615238275" lon="-72.6331620757"><ele>111.64</ele><time>2024-08-15T04:10:16Z</time></trkpt><trkpt lat="-39.3619120773" lon="-72.6338848472"><ele>111.71</ele><time>2024-08-15T04:10:26Z</time></trkpt><trkpt lat="-39.3621846568" lon="-72.6343407389"><ele>112.18</ele><time>2024-08-15T04:10:34Z</time></trkpt><trkpt lat="-39.3626249582" lon="-72.6351049170"><ele>112.01</ele><time>2024-08-15T04:10:44Z</time></trkpt><trkpt lat="-39.3630355038" lon="-72.6358136907"><ele>112.69</ele><time>2024-08-15T04:10:54Z</time></trkpt><trkpt lat="-39.3632516731" lon="-72.6361896191"><ele>112.16</ele><time>2024-08-15T04:11:02Z</time></trkpt><trkpt lat="-39.3635041360" lon="-72.6365760248"><ele>112.47</ele><time>2024-08-15T04:11:10Z</time></trkpt><trkpt lat="-39.3638584390" lon="-72.6372561324"><ele>112.48</ele><time>2024-08-15T04:11:22Z</time></trkpt><trkpt lat="-39.3638609536" lon="-72.6373144705"><ele>110.63</ele><time>2024-08-15T04:11:31Z</time></trkpt><trkpt lat="-39.3638182059" lon="-72.6373880636"><ele>113.29</ele><time>2024-08-15T04:11:33Z</time></trkpt><trkpt lat="-39.3637764640" lon="-72.6374338288"><ele>113.60</ele><time>2024-08-15T04:11:34Z</time></trkpt><trkpt lat="-39.3637189642" lon="-72.6374852099"><ele>113.70</ele><time>2024-08-15T04:11:35Z</time></trkpt><trkpt lat="-39.3630666845" lon="-72.6380621362"><ele>112.10</ele><time>2024-08-15T04:11:47Z</time></trkpt><trkpt lat="-39.3629897386" lon="-72.6380358171"><ele>111.79</ele><time>2024-08-15T04:11:49Z</time></trkpt><trkpt lat="-39.3629472423" lon="-72.6379988529"><ele>113.70</ele><time>2024-08-15T04:11:50Z</time></trkpt><trkpt lat="-39.3629069254" lon="-72.6379454602"><ele>112.52</ele><time>2024-08-15T04:11:51Z</time></trkpt><trkpt lat="-39.3628688715" lon="-72.6378722861"><ele>113.39</ele><time>2024-08-15T04:11:52Z</time></trkpt><trkpt lat="-39.3628276326" lon="-72.6377971005"><ele>113.31</ele><time>2024-08-15T04:11:53Z</time></trkpt><trkpt lat="-39.3621844053" lon="-72.6366907731"><ele>112.21</ele><time>2024-08-15T04:12:07Z</time></trkpt><trkpt lat="-39.3616113346" lon="-72.6356899738"><ele>112.17</ele><time>2024-08-15T04:12:19Z</time></trkpt><trkpt lat="-39.3611694407" lon="-72.6349257957"><ele>111.57</ele><time>2024-08-15T04:12:29Z</time></trkpt><trkpt lat="-39.3611494917" lon="-72.6348393783"><ele>111.37</ele><time>2024-08-15T04:12:31Z</time></trkpt><trkpt lat="-39.3611588795" lon="-72.6347917691"><ele>111.02</ele><time>2024-08-15T04:12:32Z</time></trkpt><trkpt lat="-39.3611841090" lon="-72.6347423997"><ele>112.05</ele><time>2024-08-15T04:12:33Z</time></trkpt><trkpt lat="-39.3612221628" lon="-72.6346937846"><ele>111.49</ele><time>2024-08-15T04:12:34Z</time></trkpt><trkpt lat="-39.3612699397" lon="-72.6346455049"><ele>111.66</ele><time>2024-08-15T04:12:35Z</time></trkpt><trkpt lat="-39.3613259308" lon="-72.6345940400"><ele>112.15</ele><time>2024-08-15T04:12:36Z</time></trkpt><trkpt lat="-39.3620272446" lon="-72.6339446940"><ele>112.12</ele><time>2024-08-15T04:12:50Z</time></trkpt><trkpt lat="-39.3626731541" lon="-72.6333510038"><ele>112.15</ele><time>2024-08-15T04:13:02Z</time></trkpt><trkpt lat="-39.3627148122" lon="-72.6333108544"><ele>112.27</ele><time>2024-08-15T04:13:03Z</time></trkpt><trkpt lat="-39.3632511701" lon="-72.6328014024"><ele>113.05</ele><time>2024-08-15T04:13:11Z</time></trkpt><trkpt lat="-39.3636504002" lon="-72.6324144099"><ele>113.35</ele><time>2024-08-15T04:13:19Z</time></trkpt><trkpt lat="-39.3642265722" lon="-72.6318635512"><ele>114.25</ele><time>2024-08-15T04:13:27Z</time></trkpt><trkpt lat="-39.3645117246" lon="-72.6315976772"><ele>113.91</ele><time>2024-08-15T04:13:32Z</time></trkpt><trkpt lat="-39.3645389657" lon="-72.6315760519"><ele>113.78</ele><time>2024-08-15T04:13:33Z</time></trkpt><trkpt lat="-39.3649254553" lon="-72.6311861258"><ele>114.39</ele><time>2024-08-15T04:13:42Z</time></trkpt><trkpt lat="-39.3651790917" lon="-72.6309459843"><ele>114.22</ele><time>2024-08-15T04:13:47Z</time></trkpt><trkpt lat="-39.3652246892" lon="-72.6309201680"><ele>113.31</ele><time>2024-08-15T04:13:48Z</time></trkpt><trkpt lat="-39.3652690295" lon="-72.6309153903"><ele>113.15</ele><time>2024-08-15T04:13:49Z</time></trkpt><trkpt lat="-39.3653181475" lon="-72.6309281308"><ele>114.22</ele><time>2024-08-15T04:13:50Z</time></trkpt><trkpt lat="-39.3653733842" lon="-72.6309624128"><ele>115.70</ele><time>2024-08-15T04:13:51Z</time></trkpt><trkpt lat="-39.3654300459" lon="-72.6310153864"><ele>115.70</ele><time>2024-08-15T04:13:52Z</time></trkpt><trkpt lat="-39.3655002024" lon="-72.6310789213"><ele>115.43</ele><time>2024-08-15T04:13:53Z</time></trkpt><trkpt lat="-39.3661772925" lon="-72.6318210550"><ele>114.24</ele><time>2024-08-15T04:14:03Z</time></trkpt><trkpt lat="-39.3664623611" lon="-72.6323186047"><ele>113.79</ele><time>2024-08-15T04:14:12Z</time></trkpt><trkpt lat="-39.3668097071" lon="-72.6328456588"><ele>113.65</ele><time>2024-08-15T04:14:22Z</time></trkpt><trkpt lat="-39.3673121184" lon="-72.6338182949"><ele>114.02</ele><time>2024-08-15T04:14:33Z</time></trkpt><trkpt lat="-39.3673678581" lon="-72.6340059657"><ele>112.94</ele><time>2024-08-15T04:14:38Z</time></trkpt><trkpt lat="-39.3673558719" lon="-72.6340451092"><ele>113.25</ele><time>2024-08-15T04:14:39Z</time></trkpt><trkpt lat="-39.3673340790" lon="-72.6340891980"><ele>113.78</ele><time>2024-08-15T04:14:40Z</time></trkpt><trkpt lat="-39.3672983721" lon="-72.6341314428"><ele>114.17</ele><time>2024-08-15T04:14:41Z</time></trkpt><trkpt lat="-39.3672531936" lon="-72.6341757830"><ele>114.96</ele><time>2024-08-15T04:14:42Z</time></trkpt><trkpt lat="-39.3672003038" lon="-72.6342243142"><ele>114.66</ele><time>2024-08-15T04:14:43Z</time></trkpt><trkpt lat="-39.3664587568" lon="-72.6348995604"><ele>114.21</ele><time>2024-08-15T04:14:53Z</time></trkpt><trkpt lat="-39.3657896295" lon="-72.6355350763"><ele>113.38</ele><time>2024-08-15T04:15:05Z</time></trkpt><trkpt lat="-39.3653515913" lon="-72.6359395031"><ele>113.21</ele><time>2024-08-15T04:15:13Z</time></trkpt><trkpt lat="-39.3641446810" lon="-72.6371027436"><ele>112.59</ele><time>2024-08-15T04:15:31Z</time></trkpt><trkpt lat="-39.3639591895" lon="-72.6372529473"><ele>111.98</ele><time>2024-08-15T04:15:35Z</time></trkpt><trkpt lat="-39.3639200460" lon="-72.6372545399"><ele>111.44</ele><time>2024-08-15T04:15:36Z</time></trkpt><trkpt lat="-39.3638832495" lon="-72.6372347586"><ele>112.09</ele><time>2024-08-15T04:15:37Z</time></trkpt><trkpt lat="-39.3638469558" lon="-72.6371928491"><ele>112.71</ele><time>2024-08-15T04:15:38Z</time></trkpt><trkpt lat="-39.3638094049" lon="-72.6371397078"><ele>112.74</ele><time>2024-08-15T04:15:39Z</time></trkpt><trkpt lat="-39.3637698423" lon="-72.6370733231"><ele>113.21</ele><time>2024-08-15T04:15:40Z</time></trkpt><trkpt lat="-39.3637270108" lon="-72.6369936951"><ele>113.30</ele><time>2024-08-15T04:15:41Z</time></trkpt><trkpt lat="-39.3633124419" lon="-72.6362843346"><ele>112.01</ele><time>2024-08-15T04:15:52Z</time></trkpt><trkpt lat="-39.3631994538" lon="-72.6363051217"><ele>112.19</ele><time>2024-08-15T04:15:55Z</time></trkpt><trkpt lat="-39.3631557003" lon="-72.6363421697"><ele>112.34</ele><time>2024-08-15T04:15:56Z</time></trkpt><trkpt lat="-39.3627460767" lon="-72.6367481891"><ele>112.18</ele><time>2024-08-15T04:16:04Z</time></trkpt><trkpt lat="-39.3627102021" lon="-72.6367952116"><ele>112.15</ele><time>2024-08-15T04:16:05Z</time></trkpt><trkpt lat="-39.3626283109" lon="-72.6369116362"><ele>112.45</ele><time>2024-08-15T04:16:13Z</time></trkpt><trkpt lat="-39.3626559712" lon="-72.6368923578"><ele>111.69</ele><time>2024-08-15T04:16:41Z</time></trkpt><trkpt lat="-39.3626618385" lon="-72.6369140670"><ele>113.20</ele><time>2024-08-15T04:17:13Z</time></trkpt><trkpt lat="-39.3626550492" lon="-72.6368610933"><ele>112.16</ele><time>2024-08-15T04:17:32Z</time></trkpt><trkpt lat="-39.3627174944" lon="-72.6367501169"><ele>112.43</ele><time>2024-08-15T04:17:45Z</time></trkpt><trkpt lat="-39.3627589010" lon="-72.6367158350"><ele>112.57</ele><time>2024-08-15T04:17:46Z</time></trkpt><trkpt lat="-39.3632254377" lon="-72.6362750307"><ele>112.50</ele><time>2024-08-15T04:17:56Z</time></trkpt><trkpt lat="-39.3633684330" lon="-72.6362904534"><ele>112.34</ele><time>2024-08-15T04:18:00Z</time></trkpt><trkpt lat="-39.3634090014" lon="-72.6363334525"><ele>112.76</ele><time>2024-08-15T04:18:01Z</time></trkpt><trkpt lat="-39.3634535093" lon="-72.6363923773"><ele>113.36</ele><time>2024-08-15T04:18:02Z</time></trkpt><trkpt lat="-39.3634985201" lon="-72.6364633720"><ele>113.24</ele><time>2024-08-15T04:18:03Z</time></trkpt><trkpt lat="-39.3635472190" lon="-72.6365410723"><ele>113.14</ele><time>2024-08-15T04:18:04Z</time></trkpt><trkpt lat="-39.3638631329" lon="-72.6371651888"><ele>112.88</ele><time>2024-08-15T04:18:13Z</time></trkpt><trkpt lat="-39.3638672400" lon="-72.6371898316"><ele>112.95</ele><time>2024-08-15T04:18:14Z</time></trkpt><trkpt lat="-39.3638857640" lon="-72.6372490078"><ele>112.92</ele><time>2024-08-15T04:18:18Z</time></trkpt><trkpt lat="-39.3638329580" lon="-72.6373534463"><ele>113.49</ele><time>2024-08-15T04:18:21Z</time></trkpt><trkpt lat="-39.3637882825" lon="-72.6373987086"><ele>113.45</ele><time>2024-08-15T04:18:22Z</time></trkpt><trkpt lat="-39.3632847816" lon="-72.6378888823"><ele>113.80</ele><time>2024-08-15T04:18:28Z</time></trkpt><trkpt lat="-39.3622693978" lon="-72.6388606802"><ele>113.59</ele><time>2024-08-15T04:18:40Z</time></trkpt><trkpt lat="-39.3615691736" lon="-72.6394937653"><ele>113.66</ele><time>2024-08-15T04:18:49Z</time></trkpt><trkpt lat="-39.3614887074" lon="-72.6395366807"><ele>113.49</ele><time>2024-08-15T04:18:50Z</time></trkpt><trkpt lat="-39.3614051398" lon="-72.6395680290"><ele>113.22</ele><time>2024-08-15T04:18:51Z</time></trkpt><trkpt lat="-39.3613209855" lon="-72.6395832002"><ele>113.38</ele><time>2024-08-15T04:18:52Z</time></trkpt><trkpt lat="-39.3612370826" lon="-72.6395810209"><ele>113.23</ele><time>2024-08-15T04:18:53Z</time></trkpt><trkpt lat="-39.3611496594" lon="-72.6395573001"><ele>113.43</ele><time>2024-08-15T04:18:54Z</time></trkpt><trkpt lat="-39.3610651698" lon="-72.6395188272"><ele>113.70</ele><time>2024-08-15T04:18:55Z</time></trkpt><trkpt lat="-39.3609830271" lon="-72.6394722238"><ele>113.55</ele><time>2024-08-15T04:18:56Z</time></trkpt><trkpt lat="-39.3606760819" lon="-72.6392806973"><ele>113.10</ele><time>2024-08-15T04:19:00Z</time></trkpt><trkpt lat="-39.3605989683" lon="-72.6392635144"><ele>113.13</ele><time>2024-08-15T04:19:01Z</time></trkpt><trkpt lat="-39.3605244532" lon="-72.6392698847"><ele>112.95</ele><time>2024-08-15T04:19:02Z</time></trkpt><trkpt lat="-39.3604535423" lon="-72.6392914262"><ele>112.99</ele><time>2024-08-15T04:19:03Z</time></trkpt><trkpt lat="-39.3603852298" lon="-72.6393288933"><ele>113.03</ele><time>2024-08-15T04:19:04Z</time></trkpt><trkpt lat="-39.3603248801" lon="-72.6393808611"><ele>112.97</ele><time>2024-08-15T04:19:05Z</time></trkpt><trkpt lat="-39.3602677993" lon="-72.6394308172"><ele>112.27</ele><time>2024-08-15T04:19:06Z</time></trkpt><trkpt lat="-39.3602066115" lon="-72.6394723076"><ele>112.79</ele><time>2024-08-15T04:19:07Z</time></trkpt><trkpt lat="-39.3601408973" lon="-72.6395005547"><ele>113.15</ele><time>2024-08-15T04:19:08Z</time></trkpt><trkpt lat="-39.3600727525" lon="-72.6395163126"><ele>113.25</ele><time>2024-08-15T04:19:09Z</time></trkpt><trkpt lat="-39.3599987403" lon="-72.6395273767"><ele>113.27</ele><time>2024-08-15T04:19:10Z</time></trkpt><trkpt lat="-39.3599212915" lon="-72.6395357586"><ele>113.15</ele><time>2024-08-15T04:19:11Z</time></trkpt><trkpt lat="-39.3596939743" lon="-72.6396151353"><ele>112.76</ele><time>2024-08-15T04:19:14Z</time></trkpt><trkpt lat="-39.3596253265" lon="-72.6396623254"><ele>112.75</ele><time>2024-08-15T04:19:15Z</time></trkpt><trkpt lat="-39.3595585227" lon="-72.6397186518"><ele>112.86</ele><time>2024-08-15T04:19:16Z</time></trkpt><trkpt lat="-39.3593870290" lon="-72.6399006229"><ele>113.30</ele><time>2024-08-15T04:19:19Z</time></trkpt><trkpt lat="-39.3593784794" lon="-72.6400043070"><ele>113.37</ele><time>2024-08-15T04:19:20Z</time></trkpt><trkpt lat="-39.3593836762" lon="-72.6401039679"><ele>113.52</ele><time>2024-08-15T04:19:21Z</time></trkpt><trkpt lat="-39.3593966682" lon="-72.6402027067"><ele>113.68</ele><time>2024-08-15T04:19:22Z</time></trkpt><trkpt lat="-39.3594084028" lon="-72.6403025351"><ele>113.70</ele><time>2024-08-15T04:19:23Z</time></trkpt><trkpt lat="-39.3594313692" lon="-72.6403959095"><ele>113.87</ele><time>2024-08-15T04:19:24Z</time></trkpt><trkpt lat="-39.3594567664" lon="-72.6404824946"><ele>113.17</ele><time>2024-08-15T04:19:25Z</time></trkpt><trkpt lat="-39.3595422618" lon="-72.6406797208"><ele>113.70</ele><time>2024-08-15T04:19:32Z</time></trkpt><trkpt lat="-39.3595708441" lon="-72.6406781282"><ele>113.52</ele><time>2024-08-15T04:20:02Z</time></trkpt><trkpt lat="-39.3595753703" lon="-72.6406741049"><ele>113.49</ele><time>2024-08-15T04:20:34Z</time></trkpt><trkpt lat="-39.3595763762" lon="-72.6406819839"><ele>114.04</ele><time>2024-08-15T04:20:57Z</time></trkpt><trkpt lat="-39.3595923856" lon="-72.6407090575"><ele>114.01</ele><time>2024-08-15T04:21:28Z</time></trkpt></trkseg></trk></gpx>