<?xml version="1.0" encoding="UTF-8" standalone="no" ?><gpx xmlns="http://www.topografix.com/GPX/1/1" xmlns:gpxx="http://www.garmin.com/xmlschemas/GpxExtensions/v3" xmlns:gpxtrkx="http://www.garmin.com/xmlschemas/TrackStatsExtension/v1" xmlns:wptx1="http://www.garmin.com/xmlschemas/WaypointExtension/v1" xmlns:gpxtpx="http://www.garmin.com/xmlschemas/TrackPointExtension/v1" creator="GPSMAP 64sx" version="1.1" xmlns:xsi="http://www.w3.org/2001/XMLSchema-instance" xsi:schemaLocation="http://www.topografix.com/GPX/1/1 http://www.topografix.com/GPX/1/1/gpx.xsd http://www.garmin.com/xmlschemas/GpxExtensions/v3 http://www8.garmin.com/xmlschemas/GpxExtensionsv3.xsd http://www.garmin.com/xmlschemas/TrackStatsExtension/v1 http://www8.garmin.com/xmlschemas/TrackStatsExtension.xsd http://www.garmin.com/xmlschemas/WaypointExtension/v1 http://www8.garmin.com/xmlschemas/WaypointExtensionv1.xsd http://www.garmin.com/xmlschemas/TrackPointExtension/v1 http://www.garmin.com/xmlschemas/TrackPointExtensionv1.xsd"><metadata><link href="http://www.garmin.com"><text>Garmin International</text></link><time>2024-08-25T04:07:28Z</time></metadata><trk><name>GPS LONCO 240824</name><extensions><gpxx:TrackExtension><gpxx:DisplayColor>Cyan</gpxx:DisplayColor></gpxx:TrackExtension><gpxtrkx:TrackStatsExtension><gpxtrkx:Distance>49404.000</gpxtrkx:Distance><gpxtrkx:TotalElapsedTime>8087</gpxtrkx:TotalElapsedTime><gpxtrkx:MovingTime>7756</gpxtrkx:MovingTime><gpxtrkx:StoppedTime>327</gpxtrkx:StoppedTime><gpxtrkx:MovingSpeed>6.370</gpxtrkx:MovingSpeed><gpxtrkx:MaxSpeed>22.311</gpxtrkx:MaxSpeed><gpxtrkx:MaxElevation>154.622</gpxtrkx:MaxElevation><gpxtrkx:MinElevation>84.484</gpxtrkx:MinElevation><gpxtrkx:Ascent>244.000</gpxtrkx:Ascent><gpxtrkx:Descent>280.714</gpxtrkx:Descent><gpxtrkx:AvgAscentRate>0.071</gpxtrkx:AvgAscentRate><gpxtrkx:MaxAscentRate>1.795</gpxtrkx:MaxAscentRate><gpxtrkx:AvgDescentRate>0.093</gpxtrkx:AvgDescentRate><gpxtrkx:MaxDescentRate>-1.228</gpxtrkx:MaxDescentRate></gpxtrkx:TrackStatsExtension></extensions><trkseg><trkpt lat="-39.3542455696" lon="-72.5778140221"><ele>151.96</ele><time>2024-08-25T01:52:41Z</time></trkpt><trkpt lat="-39.3542453181" lon="-72.5778134353"><ele>151.96</ele><time>2024-08-25T01:52:42Z</time></trkpt><trkpt lat="-39.3542446475" lon="-72.5778117590"><ele>150.29</ele><time>2024-08-25T01:52:47Z</time></trkpt><trkpt lat="-39.3542334158" lon="-72.5778178778"><ele>153.56</ele><time>2024-08-25T01:53:12Z</time></trkpt><trkpt lat="-39.3542338349" lon="-72.5778205600"><ele>150.21</ele><time>2024-08-25T01:53:17Z</time></trkpt><trkpt lat="-39.3542337511" lon="-72.5778207276"><ele>150.08</ele><time>2024-08-25T01:53:18Z</time></trkpt><trkpt lat="-39.3542792648" lon="-72.5777992699"><ele>149.94</ele><time>2024-08-25T01:53:40Z</time></trkpt><trkpt lat="-39.3543422129" lon="-72.5778165367"><ele>149.96</ele><time>2024-08-25T01:53:43Z</time></trkpt><trkpt lat="-39.3546128646" lon="-72.5780318677"><ele>149.25</ele><time>2024-08-25T01:53:52Z</time></trkpt><trkpt lat="-39.3546502478" lon="-72.5780629646"><ele>149.31</ele><time>2024-08-25T01:53:53Z</time></trkpt><trkpt lat="-39.3546916544" lon="-72.5780827459"><ele>149.24</ele><time>2024-08-25T01:53:54Z</time></trkpt><trkpt lat="-39.3548670877" lon="-72.5781779643"><ele>148.92</ele><time>2024-08-25T01:53:58Z</time></trkpt><trkpt lat="-39.3549022079" lon="-72.5782223884"><ele>148.94</ele><time>2024-08-25T01:53:59Z</time></trkpt><trkpt lat="-39.3549317960" lon="-72.5782798044"><ele>149.01</ele><time>2024-08-25T01:54:00Z</time></trkpt><trkpt lat="-39.3552486319" lon="-72.5791904144"><ele>149.22</ele><time>2024-08-25T01:54:10Z</time></trkpt><trkpt lat="-39.3557045236" lon="-72.5804468617"><ele>149.55</ele><time>2024-08-25T01:54:19Z</time></trkpt><trkpt lat="-39.3566741422" lon="-72.5830777735"><ele>148.44</ele><time>2024-08-25T01:54:33Z</time></trkpt><trkpt lat="-39.3583794404" lon="-72.5877260417"><ele>145.76</ele><time>2024-08-25T01:54:56Z</time></trkpt><trkpt lat="-39.3600516301" lon="-72.5923082605"><ele>143.43</ele><time>2024-08-25T01:55:17Z</time></trkpt><trkpt lat="-39.3619900290" lon="-72.5976161845"><ele>140.42</ele><time>2024-08-25T01:55:40Z</time></trkpt><trkpt lat="-39.3633010425" lon="-72.6013232488"><ele>137.40</ele><time>2024-08-25T01:55:56Z</time></trkpt><trkpt lat="-39.3638134282" lon="-72.6035163738"><ele>134.33</ele><time>2024-08-25T01:56:06Z</time></trkpt><trkpt lat="-39.3638957385" lon="-72.6043582521"><ele>131.89</ele><time>2024-08-25T01:56:12Z</time></trkpt><trkpt lat="-39.3639783841" lon="-72.6058608759"><ele>130.13</ele><time>2024-08-25T01:56:27Z</time></trkpt><trkpt lat="-39.3639578484" lon="-72.6074571256"><ele>128.14</ele><time>2024-08-25T01:56:42Z</time></trkpt><trkpt lat="-39.3639232311" lon="-72.6092723943"><ele>125.11</ele><time>2024-08-25T01:56:58Z</time></trkpt><trkpt lat="-39.3638837524" lon="-72.6105357148"><ele>121.76</ele><time>2024-08-25T01:57:09Z</time></trkpt><trkpt lat="-39.3638570979" lon="-72.6115633361"><ele>118.67</ele><time>2024-08-25T01:57:18Z</time></trkpt><trkpt lat="-39.3638249114" lon="-72.6126794703"><ele>115.38</ele><time>2024-08-25T01:57:28Z</time></trkpt><trkpt lat="-39.3636498135" lon="-72.6142991055"><ele>113.46</ele><time>2024-08-25T01:57:44Z</time></trkpt><trkpt lat="-39.3631127849" lon="-72.6163992751"><ele>112.73</ele><time>2024-08-25T01:58:05Z</time></trkpt><trkpt lat="-39.3622977287" lon="-72.6182240993"><ele>114.73</ele><time>2024-08-25T01:58:24Z</time></trkpt><trkpt lat="-39.3619216327" lon="-72.6188436057"><ele>117.74</ele><time>2024-08-25T01:58:31Z</time></trkpt><trkpt lat="-39.3618061300" lon="-72.6190151833"><ele>118.38</ele><time>2024-08-25T01:58:33Z</time></trkpt><trkpt lat="-39.3612571154" lon="-72.6197436545"><ele>121.40</ele><time>2024-08-25T01:58:42Z</time></trkpt><trkpt lat="-39.3603453320" lon="-72.6206447929"><ele>124.05</ele><time>2024-08-25T01:58:55Z</time></trkpt><trkpt lat="-39.3602660391" lon="-72.6206816733"><ele>124.17</ele><time>2024-08-25T01:58:56Z</time></trkpt><trkpt lat="-39.3601859082" lon="-72.6207099203"><ele>124.19</ele><time>2024-08-25T01:58:57Z</time></trkpt><trkpt lat="-39.3595771305" lon="-72.6208504848"><ele>121.02</ele><time>2024-08-25T01:59:06Z</time></trkpt><trkpt lat="-39.3594933953" lon="-72.6208928134"><ele>124.74</ele><time>2024-08-25T01:59:08Z</time></trkpt><trkpt lat="-39.3594555929" lon="-72.6209182106"><ele>124.71</ele><time>2024-08-25T01:59:09Z</time></trkpt><trkpt lat="-39.3593564350" lon="-72.6210083999"><ele>122.86</ele><time>2024-08-25T01:59:18Z</time></trkpt><trkpt lat="-39.3593240809" lon="-72.6210388262"><ele>122.87</ele><time>2024-08-25T01:59:30Z</time></trkpt><trkpt lat="-39.3592592049" lon="-72.6210634690"><ele>122.76</ele><time>2024-08-25T01:59:33Z</time></trkpt><trkpt lat="-39.3592163734" lon="-72.6210974995"><ele>117.50</ele><time>2024-08-25T01:59:36Z</time></trkpt><trkpt lat="-39.3591908086" lon="-72.6211389899"><ele>116.72</ele><time>2024-08-25T01:59:38Z</time></trkpt><trkpt lat="-39.3591812532" lon="-72.6211796422"><ele>116.73</ele><time>2024-08-25T01:59:39Z</time></trkpt><trkpt lat="-39.3591851927" lon="-72.6212306041"><ele>114.76</ele><time>2024-08-25T01:59:40Z</time></trkpt><trkpt lat="-39.3592002802" lon="-72.6212914567"><ele>106.55</ele><time>2024-08-25T01:59:41Z</time></trkpt><trkpt lat="-39.3592274375" lon="-72.6213594340"><ele>113.12</ele><time>2024-08-25T01:59:42Z</time></trkpt><trkpt lat="-39.3592633121" lon="-72.6214330271"><ele>114.54</ele><time>2024-08-25T01:59:43Z</time></trkpt><trkpt lat="-39.3593504839" lon="-72.6216158364"><ele>123.39</ele><time>2024-08-25T01:59:45Z</time></trkpt><trkpt lat="-39.3594022002" lon="-72.6217220351"><ele>117.96</ele><time>2024-08-25T01:59:46Z</time></trkpt><trkpt lat="-39.3594535813" lon="-72.6218196843"><ele>114.58</ele><time>2024-08-25T01:59:47Z</time></trkpt><trkpt lat="-39.3596061319" lon="-72.6221239474"><ele>108.32</ele><time>2024-08-25T01:59:50Z</time></trkpt><trkpt lat="-39.3596596085" lon="-72.6222224347"><ele>101.82</ele><time>2024-08-25T01:59:51Z</time></trkpt><trkpt lat="-39.3597116601" lon="-72.6223200001"><ele>108.74</ele><time>2024-08-25T01:59:52Z</time></trkpt><trkpt lat="-39.3597639631" lon="-72.6224180683"><ele>112.17</ele><time>2024-08-25T01:59:53Z</time></trkpt><trkpt lat="-39.3598231394" lon="-72.6225032285"><ele>111.97</ele><time>2024-08-25T01:59:54Z</time></trkpt><trkpt lat="-39.3599587586" lon="-72.6226598024"><ele>113.72</ele><time>2024-08-25T01:59:56Z</time></trkpt><trkpt lat="-39.3600326870" lon="-72.6227330603"><ele>112.88</ele><time>2024-08-25T01:59:57Z</time></trkpt><trkpt lat="-39.3601108063" lon="-72.6227989420"><ele>111.07</ele><time>2024-08-25T01:59:58Z</time></trkpt><trkpt lat="-39.3601929490" lon="-72.6228515804"><ele>113.85</ele><time>2024-08-25T01:59:59Z</time></trkpt><trkpt lat="-39.3602787796" lon="-72.6228860300"><ele>111.83</ele><time>2024-08-25T02:00:00Z</time></trkpt><trkpt lat="-39.3603682145" lon="-72.6228980999"><ele>111.79</ele><time>2024-08-25T02:00:01Z</time></trkpt><trkpt lat="-39.3604563083" lon="-72.6229146123"><ele>110.07</ele><time>2024-08-25T02:00:02Z</time></trkpt><trkpt lat="-39.3612765614" lon="-72.6231078990"><ele>113.34</ele><time>2024-08-25T02:00:11Z</time></trkpt><trkpt lat="-39.3619868439" lon="-72.6237038523"><ele>122.59</ele><time>2024-08-25T02:00:20Z</time></trkpt><trkpt lat="-39.3620512169" lon="-72.6237799600"><ele>120.95</ele><time>2024-08-25T02:00:21Z</time></trkpt><trkpt lat="-39.3621212058" lon="-72.6238515414"><ele>114.22</ele><time>2024-08-25T02:00:22Z</time></trkpt><trkpt lat="-39.3621999118" lon="-72.6239189319"><ele>113.04</ele><time>2024-08-25T02:00:23Z</time></trkpt><trkpt lat="-39.3622781150" lon="-72.6239859872"><ele>113.38</ele><time>2024-08-25T02:00:24Z</time></trkpt><trkpt lat="-39.3623571564" lon="-72.6240393799"><ele>111.81</ele><time>2024-08-25T02:00:25Z</time></trkpt><trkpt lat="-39.3624456692" lon="-72.6240579877"><ele>110.13</ele><time>2024-08-25T02:00:26Z</time></trkpt><trkpt lat="-39.3625403009" lon="-72.6240774337"><ele>110.51</ele><time>2024-08-25T02:00:27Z</time></trkpt><trkpt lat="-39.3626268022" lon="-72.6240966283"><ele>111.31</ele><time>2024-08-25T02:00:28Z</time></trkpt><trkpt lat="-39.3627159856" lon="-72.6241075248"><ele>110.89</ele><time>2024-08-25T02:00:29Z</time></trkpt><trkpt lat="-39.3628049176" lon="-72.6241140626"><ele>112.50</ele><time>2024-08-25T02:00:30Z</time></trkpt><trkpt lat="-39.3636525795" lon="-72.6243997179"><ele>112.25</ele><time>2024-08-25T02:00:42Z</time></trkpt><trkpt lat="-39.3636897951" lon="-72.6244498417"><ele>112.77</ele><time>2024-08-25T02:00:43Z</time></trkpt><trkpt lat="-39.3637208082" lon="-72.6244944334"><ele>113.09</ele><time>2024-08-25T02:00:44Z</time></trkpt><trkpt lat="-39.3637835886" lon="-72.6246374287"><ele>109.09</ele><time>2024-08-25T02:00:53Z</time></trkpt><trkpt lat="-39.3637806550" lon="-72.6246432122"><ele>109.70</ele><time>2024-08-25T02:00:54Z</time></trkpt><trkpt lat="-39.3638028670" lon="-72.6246626582"><ele>116.85</ele><time>2024-08-25T02:00:57Z</time></trkpt><trkpt lat="-39.3638240732" lon="-72.6246545278"><ele>112.47</ele><time>2024-08-25T02:00:58Z</time></trkpt><trkpt lat="-39.3638442736" lon="-72.6246448886"><ele>111.08</ele><time>2024-08-25T02:00:59Z</time></trkpt><trkpt lat="-39.3638586067" lon="-72.6246284600"><ele>111.37</ele><time>2024-08-25T02:01:00Z</time></trkpt><trkpt lat="-39.3638658151" lon="-72.6245993748"><ele>114.13</ele><time>2024-08-25T02:01:01Z</time></trkpt><trkpt lat="-39.3638695870" lon="-72.6245623268"><ele>114.24</ele><time>2024-08-25T02:01:02Z</time></trkpt><trkpt lat="-39.3638731074" lon="-72.6245149691"><ele>112.94</ele><time>2024-08-25T02:01:03Z</time></trkpt><trkpt lat="-39.3638716824" lon="-72.6244188286"><ele>111.65</ele><time>2024-08-25T02:01:05Z</time></trkpt><trkpt lat="-39.3638793100" lon="-72.6243378595"><ele>108.39</ele><time>2024-08-25T02:01:07Z</time></trkpt><trkpt lat="-39.3638845906" lon="-72.6242964529"><ele>108.27</ele><time>2024-08-25T02:01:08Z</time></trkpt><trkpt lat="-39.3638814054" lon="-72.6241167448"><ele>104.10</ele><time>2024-08-25T02:01:12Z</time></trkpt><trkpt lat="-39.3638802320" lon="-72.6240633521"><ele>110.41</ele><time>2024-08-25T02:01:13Z</time></trkpt><trkpt lat="-39.3638731912" lon="-72.6240157429"><ele>113.73</ele><time>2024-08-25T02:01:14Z</time></trkpt><trkpt lat="-39.3638635520" lon="-72.6239724923"><ele>112.29</ele><time>2024-08-25T02:01:15Z</time></trkpt><trkpt lat="-39.3638462853" lon="-72.6239356119"><ele>108.81</ele><time>2024-08-25T02:01:16Z</time></trkpt><trkpt lat="-39.3637907971" lon="-72.6238644496"><ele>105.67</ele><time>2024-08-25T02:01:18Z</time></trkpt><trkpt lat="-39.3637182936" lon="-72.6237911917"><ele>115.37</ele><time>2024-08-25T02:01:20Z</time></trkpt><trkpt lat="-39.3636764679" lon="-72.6237546466"><ele>107.87</ele><time>2024-08-25T02:01:21Z</time></trkpt><trkpt lat="-39.3636320438" lon="-72.6237163413"><ele>112.65</ele><time>2024-08-25T02:01:22Z</time></trkpt><trkpt lat="-39.3635844346" lon="-72.6236770302"><ele>109.57</ele><time>2024-08-25T02:01:23Z</time></trkpt><trkpt lat="-39.3633011263" lon="-72.6234235615"><ele>107.38</ele><time>2024-08-25T02:01:29Z</time></trkpt><trkpt lat="-39.3632602226" lon="-72.6233770419"><ele>109.57</ele><time>2024-08-25T02:01:30Z</time></trkpt><trkpt lat="-39.3632292934" lon="-72.6233265828"><ele>110.82</ele><time>2024-08-25T02:01:31Z</time></trkpt><trkpt lat="-39.3632089254" lon="-72.6232669875"><ele>104.43</ele><time>2024-08-25T02:01:32Z</time></trkpt><trkpt lat="-39.3632038124" lon="-72.6232013572"><ele>110.70</ele><time>2024-08-25T02:01:33Z</time></trkpt><trkpt lat="-39.3632015493" lon="-72.6231332961"><ele>109.85</ele><time>2024-08-25T02:01:34Z</time></trkpt><trkpt lat="-39.3632006273" lon="-72.6230676658"><ele>109.15</ele><time>2024-08-25T02:01:35Z</time></trkpt><trkpt lat="-39.3631980289" lon="-72.6229971740"><ele>103.45</ele><time>2024-08-25T02:01:36Z</time></trkpt><trkpt lat="-39.3631929997" lon="-72.6229254249"><ele>106.73</ele><time>2024-08-25T02:01:37Z</time></trkpt><trkpt lat="-39.3631906528" lon="-72.6228510775"><ele>115.55</ele><time>2024-08-25T02:01:38Z</time></trkpt><trkpt lat="-39.3631890602" lon="-72.6227738801"><ele>115.11</ele><time>2024-08-25T02:01:39Z</time></trkpt><trkpt lat="-39.3631871324" lon="-72.6226971857"><ele>111.65</ele><time>2024-08-25T02:01:40Z</time></trkpt><trkpt lat="-39.3632359151" lon="-72.6222721394"><ele>109.23</ele><time>2024-08-25T02:01:48Z</time></trkpt><trkpt lat="-39.3632569537" lon="-72.6222616620"><ele>104.41</ele><time>2024-08-25T02:01:49Z</time></trkpt><trkpt lat="-39.3632806744" lon="-72.6222589798"><ele>111.02</ele><time>2024-08-25T02:01:50Z</time></trkpt><trkpt lat="-39.3633060716" lon="-72.6222645957"><ele>113.02</ele><time>2024-08-25T02:01:51Z</time></trkpt><trkpt lat="-39.3633329775" lon="-72.6222804375"><ele>112.73</ele><time>2024-08-25T02:01:52Z</time></trkpt><trkpt lat="-39.3633531779" lon="-72.6222994644"><ele>111.39</ele><time>2024-08-25T02:01:53Z</time></trkpt><trkpt lat="-39.3633740488" lon="-72.6223149709"><ele>109.98</ele><time>2024-08-25T02:01:54Z</time></trkpt><trkpt lat="-39.3634178024" lon="-72.6223530248"><ele>95.46</ele><time>2024-08-25T02:01:58Z</time></trkpt><trkpt lat="-39.3634254299" lon="-72.6223588083"><ele>114.15</ele><time>2024-08-25T02:01:59Z</time></trkpt><trkpt lat="-39.3634587061" lon="-72.6224013045"><ele>109.96</ele><time>2024-08-25T02:02:03Z</time></trkpt><trkpt lat="-39.3634640705" lon="-72.6224075072"><ele>102.32</ele><time>2024-08-25T02:02:04Z</time></trkpt><trkpt lat="-39.3634683453" lon="-72.6224098541"><ele>114.16</ele><time>2024-08-25T02:02:05Z</time></trkpt><trkpt lat="-39.3634759728" lon="-72.6224176493"><ele>104.92</ele><time>2024-08-25T02:02:06Z</time></trkpt><trkpt lat="-39.3634856120" lon="-72.6224314794"><ele>90.80</ele><time>2024-08-25T02:02:08Z</time></trkpt><trkpt lat="-39.3634930719" lon="-72.6224356703"><ele>107.39</ele><time>2024-08-25T02:02:09Z</time></trkpt><trkpt lat="-39.3635234982" lon="-72.6224397775"><ele>115.48</ele><time>2024-08-25T02:02:14Z</time></trkpt><trkpt lat="-39.3635281082" lon="-72.6224412024"><ele>101.33</ele><time>2024-08-25T02:02:15Z</time></trkpt><trkpt lat="-39.3635286111" lon="-72.6224433817"><ele>108.49</ele><time>2024-08-25T02:02:16Z</time></trkpt><trkpt lat="-39.3635378312" lon="-72.6224400289"><ele>111.90</ele><time>2024-08-25T02:02:17Z</time></trkpt><trkpt lat="-39.3635467999" lon="-72.6224344969"><ele>110.55</ele><time>2024-08-25T02:02:18Z</time></trkpt><trkpt lat="-39.3635528348" lon="-72.6224131230"><ele>106.77</ele><time>2024-08-25T02:02:20Z</time></trkpt><trkpt lat="-39.3635524157" lon="-72.6223946828"><ele>103.31</ele><time>2024-08-25T02:02:21Z</time></trkpt><trkpt lat="-39.3635445368" lon="-72.6223566290"><ele>134.25</ele><time>2024-08-25T02:02:22Z</time></trkpt><trkpt lat="-39.3635431956" lon="-72.6223297231"><ele>123.31</ele><time>2024-08-25T02:02:23Z</time></trkpt><trkpt lat="-39.3635447044" lon="-72.6223065052"><ele>114.23</ele><time>2024-08-25T02:02:24Z</time></trkpt><trkpt lat="-39.3635465484" lon="-72.6222821139"><ele>110.64</ele><time>2024-08-25T02:02:25Z</time></trkpt><trkpt lat="-39.3635473866" lon="-72.6222569682"><ele>106.10</ele><time>2024-08-25T02:02:26Z</time></trkpt><trkpt lat="-39.3635505717" lon="-72.6222282182"><ele>109.06</ele><time>2024-08-25T02:02:27Z</time></trkpt><trkpt lat="-39.3635544274" lon="-72.6221976243"><ele>84.95</ele><time>2024-08-25T02:02:28Z</time></trkpt><trkpt lat="-39.3635555170" lon="-72.6221633423"><ele>96.99</ele><time>2024-08-25T02:02:29Z</time></trkpt><trkpt lat="-39.3635584507" lon="-72.6221258752"><ele>127.47</ele><time>2024-08-25T02:02:30Z</time></trkpt><trkpt lat="-39.3635592889" lon="-72.6220849715"><ele>117.75</ele><time>2024-08-25T02:02:31Z</time></trkpt><trkpt lat="-39.3635592889" lon="-72.6220412180"><ele>113.85</ele><time>2024-08-25T02:02:32Z</time></trkpt><trkpt lat="-39.3635587022" lon="-72.6219955366"><ele>107.52</ele><time>2024-08-25T02:02:33Z</time></trkpt><trkpt lat="-39.3635583669" lon="-72.6219424792"><ele>108.31</ele><time>2024-08-25T02:02:34Z</time></trkpt><trkpt lat="-39.3635598756" lon="-72.6217814628"><ele>111.35</ele><time>2024-08-25T02:02:37Z</time></trkpt><trkpt lat="-39.3635611329" lon="-72.6216532197"><ele>106.57</ele><time>2024-08-25T02:02:40Z</time></trkpt><trkpt lat="-39.3635608815" lon="-72.6216177642"><ele>114.04</ele><time>2024-08-25T02:02:41Z</time></trkpt><trkpt lat="-39.3635625578" lon="-72.6215901878"><ele>110.68</ele><time>2024-08-25T02:02:42Z</time></trkpt><trkpt lat="-39.3635564391" lon="-72.6215100568"><ele>110.55</ele><time>2024-08-25T02:02:55Z</time></trkpt><trkpt lat="-39.3635559361" lon="-72.6215005852"><ele>103.86</ele><time>2024-08-25T02:02:58Z</time></trkpt><trkpt lat="-39.3635550980" lon="-72.6214890182"><ele>100.63</ele><time>2024-08-25T02:02:59Z</time></trkpt><trkpt lat="-39.3635531701" lon="-72.6214719191"><ele>119.18</ele><time>2024-08-25T02:03:00Z</time></trkpt><trkpt lat="-39.3635488115" lon="-72.6214507967"><ele>103.16</ele><time>2024-08-25T02:03:01Z</time></trkpt><trkpt lat="-39.3635370769" lon="-72.6214192808"><ele>106.94</ele><time>2024-08-25T02:03:02Z</time></trkpt><trkpt lat="-39.3635203969" lon="-72.6213968173"><ele>112.17</ele><time>2024-08-25T02:03:03Z</time></trkpt><trkpt lat="-39.3634920660" lon="-72.6213709172"><ele>99.11</ele><time>2024-08-25T02:03:04Z</time></trkpt><trkpt lat="-39.3634583708" lon="-72.6213389821"><ele>105.14</ele><time>2024-08-25T02:03:05Z</time></trkpt><trkpt lat="-39.3633876275" lon="-72.6212717593"><ele>109.34</ele><time>2024-08-25T02:03:07Z</time></trkpt><trkpt lat="-39.3633551057" lon="-72.6212444343"><ele>119.23</ele><time>2024-08-25T02:03:08Z</time></trkpt><trkpt lat="-39.3633256014" lon="-72.6212208811"><ele>117.31</ele><time>2024-08-25T02:03:09Z</time></trkpt><trkpt lat="-39.3633019645" lon="-72.6212055422"><ele>113.71</ele><time>2024-08-25T02:03:10Z</time></trkpt><trkpt lat="-39.3632846139" lon="-72.6211995911"><ele>110.26</ele><time>2024-08-25T02:03:11Z</time></trkpt><trkpt lat="-39.3632652517" lon="-72.6211988367"><ele>112.12</ele><time>2024-08-25T02:03:12Z</time></trkpt><trkpt lat="-39.3632453028" lon="-72.6212021057"><ele>109.90</ele><time>2024-08-25T02:03:13Z</time></trkpt><trkpt lat="-39.3632289581" lon="-72.6212162711"><ele>115.76</ele><time>2024-08-25T02:03:14Z</time></trkpt><trkpt lat="-39.3632163014" lon="-72.6212451048"><ele>110.87</ele><time>2024-08-25T02:03:15Z</time></trkpt><trkpt lat="-39.3632085901" lon="-72.6212837454"><ele>107.35</ele><time>2024-08-25T02:03:16Z</time></trkpt><trkpt lat="-39.3632040638" lon="-72.6213326957"><ele>108.18</ele><time>2024-08-25T02:03:17Z</time></trkpt><trkpt lat="-39.3632030580" lon="-72.6213875134"><ele>107.63</ele><time>2024-08-25T02:03:18Z</time></trkpt><trkpt lat="-39.3632047344" lon="-72.6214481983"><ele>108.60</ele><time>2024-08-25T02:03:19Z</time></trkpt><trkpt lat="-39.3632082548" lon="-72.6215124875"><ele>110.00</ele><time>2024-08-25T02:03:20Z</time></trkpt><trkpt lat="-39.3632111046" lon="-72.6215719990"><ele>110.16</ele><time>2024-08-25T02:03:21Z</time></trkpt><trkpt lat="-39.3632114399" lon="-72.6216246374"><ele>105.72</ele><time>2024-08-25T02:03:22Z</time></trkpt><trkpt lat="-39.3632038124" lon="-72.6216673013"><ele>107.85</ele><time>2024-08-25T02:03:23Z</time></trkpt><trkpt lat="-39.3630930874" lon="-72.6217515394"><ele>114.61</ele><time>2024-08-25T02:03:27Z</time></trkpt><trkpt lat="-39.3630427122" lon="-72.6217491925"><ele>114.39</ele><time>2024-08-25T02:03:28Z</time></trkpt><trkpt lat="-39.3629474100" lon="-72.6217477676"><ele>111.33</ele><time>2024-08-25T02:03:30Z</time></trkpt><trkpt lat="-39.3628464080" lon="-72.6217460074"><ele>110.44</ele><time>2024-08-25T02:03:32Z</time></trkpt><trkpt lat="-39.3627970386" lon="-72.6217491087"><ele>110.26</ele><time>2024-08-25T02:03:33Z</time></trkpt><trkpt lat="-39.3626180012" lon="-72.6217589993"><ele>116.49</ele><time>2024-08-25T02:03:39Z</time></trkpt><trkpt lat="-39.3626035843" lon="-72.6217765175"><ele>121.74</ele><time>2024-08-25T02:03:40Z</time></trkpt><trkpt lat="-39.3625929393" lon="-72.6218084525"><ele>106.80</ele><time>2024-08-25T02:03:41Z</time></trkpt><trkpt lat="-39.3625850603" lon="-72.6218465902"><ele>108.23</ele><time>2024-08-25T02:03:42Z</time></trkpt><trkpt lat="-39.3625789415" lon="-72.6218853146"><ele>110.72</ele><time>2024-08-25T02:03:43Z</time></trkpt><trkpt lat="-39.3625713140" lon="-72.6219219435"><ele>115.69</ele><time>2024-08-25T02:03:44Z</time></trkpt><trkpt lat="-39.3625557236" lon="-72.6219514478"><ele>106.75</ele><time>2024-08-25T02:03:45Z</time></trkpt><trkpt lat="-39.3625342660" lon="-72.6219727378"><ele>114.70</ele><time>2024-08-25T02:03:46Z</time></trkpt><trkpt lat="-39.3625010736" lon="-72.6219867356"><ele>116.75</ele><time>2024-08-25T02:03:47Z</time></trkpt><trkpt lat="-39.3624610081" lon="-72.6219986379"><ele>112.64</ele><time>2024-08-25T02:03:48Z</time></trkpt><trkpt lat="-39.3624165840" lon="-72.6220081933"><ele>113.08</ele><time>2024-08-25T02:03:49Z</time></trkpt><trkpt lat="-39.3623666279" lon="-72.6220186707"><ele>112.14</ele><time>2024-08-25T02:03:50Z</time></trkpt><trkpt lat="-39.3619465269" lon="-72.6219432335"><ele>110.55</ele><time>2024-08-25T02:04:01Z</time></trkpt><trkpt lat="-39.3618264142" lon="-72.6217385475"><ele>110.71</ele><time>2024-08-25T02:04:07Z</time></trkpt><trkpt lat="-39.3618396576" lon="-72.6217082050"><ele>110.68</ele><time>2024-08-25T02:04:08Z</time></trkpt><trkpt lat="-39.3618616182" lon="-72.6216833107"><ele>110.62</ele><time>2024-08-25T02:04:09Z</time></trkpt><trkpt lat="-39.3618939724" lon="-72.6216617692"><ele>110.49</ele><time>2024-08-25T02:04:10Z</time></trkpt><trkpt lat="-39.3619366363" lon="-72.6216429938"><ele>110.45</ele><time>2024-08-25T02:04:11Z</time></trkpt><trkpt lat="-39.3619883526" lon="-72.6216267329"><ele>110.64</ele><time>2024-08-25T02:04:12Z</time></trkpt><trkpt lat="-39.3620463554" lon="-72.6216136571"><ele>110.60</ele><time>2024-08-25T02:04:13Z</time></trkpt><trkpt lat="-39.3621109799" lon="-72.6216007490"><ele>110.53</ele><time>2024-08-25T02:04:14Z</time></trkpt><trkpt lat="-39.3625197653" lon="-72.6215311792"><ele>110.76</ele><time>2024-08-25T02:04:23Z</time></trkpt><trkpt lat="-39.3625375349" lon="-72.6215112302"><ele>110.76</ele><time>2024-08-25T02:04:24Z</time></trkpt><trkpt lat="-39.3625564780" lon="-72.6214817259"><ele>110.70</ele><time>2024-08-25T02:04:25Z</time></trkpt><trkpt lat="-39.3625731580" lon="-72.6214394812"><ele>110.56</ele><time>2024-08-25T02:04:26Z</time></trkpt><trkpt lat="-39.3625833001" lon="-72.6213834900"><ele>110.57</ele><time>2024-08-25T02:04:27Z</time></trkpt><trkpt lat="-39.3625896703" lon="-72.6213128306"><ele>110.78</ele><time>2024-08-25T02:04:28Z</time></trkpt><trkpt lat="-39.3625952862" lon="-72.6212274190"><ele>110.76</ele><time>2024-08-25T02:04:29Z</time></trkpt><trkpt lat="-39.3626088649" lon="-72.6207048073"><ele>110.75</ele><time>2024-08-25T02:04:35Z</time></trkpt><trkpt lat="-39.3626236171" lon="-72.6206507441"><ele>110.68</ele><time>2024-08-25T02:04:36Z</time></trkpt><trkpt lat="-39.3626533728" lon="-72.6206119359"><ele>110.60</ele><time>2024-08-25T02:04:37Z</time></trkpt><trkpt lat="-39.3626955338" lon="-72.6205846947"><ele>110.58</ele><time>2024-08-25T02:04:38Z</time></trkpt><trkpt lat="-39.3627429754" lon="-72.6205787435"><ele>110.57</ele><time>2024-08-25T02:04:39Z</time></trkpt><trkpt lat="-39.3628049176" lon="-72.6205820125"><ele>110.70</ele><time>2024-08-25T02:04:40Z</time></trkpt><trkpt lat="-39.3628761638" lon="-72.6205852814"><ele>110.73</ele><time>2024-08-25T02:04:41Z</time></trkpt><trkpt lat="-39.3639061321" lon="-72.6206268556"><ele>111.29</ele><time>2024-08-25T02:04:56Z</time></trkpt><trkpt lat="-39.3640022725" lon="-72.6205933280"><ele>111.00</ele><time>2024-08-25T02:05:01Z</time></trkpt><trkpt lat="-39.3640215509" lon="-72.6205498260"><ele>111.11</ele><time>2024-08-25T02:05:02Z</time></trkpt><trkpt lat="-39.3640327826" lon="-72.6204924937"><ele>111.08</ele><time>2024-08-25T02:05:03Z</time></trkpt><trkpt lat="-39.3640402425" lon="-72.6204251032"><ele>111.27</ele><time>2024-08-25T02:05:04Z</time></trkpt><trkpt lat="-39.3640429247" lon="-72.6203547791"><ele>111.39</ele><time>2024-08-25T02:05:05Z</time></trkpt><trkpt lat="-39.3640416674" lon="-72.6202890649"><ele>111.50</ele><time>2024-08-25T02:05:06Z</time></trkpt><trkpt lat="-39.3640358001" lon="-72.6202365104"><ele>111.48</ele><time>2024-08-25T02:05:07Z</time></trkpt><trkpt lat="-39.3640231434" lon="-72.6202016417"><ele>111.42</ele><time>2024-08-25T02:05:08Z</time></trkpt><trkpt lat="-39.3640067987" lon="-72.6201776695"><ele>111.35</ele><time>2024-08-25T02:05:09Z</time></trkpt><trkpt lat="-39.3639839161" lon="-72.6201633364"><ele>111.38</ele><time>2024-08-25T02:05:10Z</time></trkpt><trkpt lat="-39.3639524002" lon="-72.6201548707"><ele>111.30</ele><time>2024-08-25T02:05:11Z</time></trkpt><trkpt lat="-39.3639110774" lon="-72.6201465726"><ele>111.47</ele><time>2024-08-25T02:05:12Z</time></trkpt><trkpt lat="-39.3631855398" lon="-72.6201210078"><ele>111.89</ele><time>2024-08-25T02:05:24Z</time></trkpt><trkpt lat="-39.3626772612" lon="-72.6200847980"><ele>110.55</ele><time>2024-08-25T02:05:36Z</time></trkpt><trkpt lat="-39.3626891635" lon="-72.6197272260"><ele>110.51</ele><time>2024-08-25T02:05:46Z</time></trkpt><trkpt lat="-39.3627183326" lon="-72.6196963806"><ele>110.43</ele><time>2024-08-25T02:05:47Z</time></trkpt><trkpt lat="-39.3627586495" lon="-72.6196759287"><ele>110.54</ele><time>2024-08-25T02:05:48Z</time></trkpt><trkpt lat="-39.3628067616" lon="-72.6196644455"><ele>110.51</ele><time>2024-08-25T02:05:49Z</time></trkpt><trkpt lat="-39.3628643453" lon="-72.6196589973"><ele>110.58</ele><time>2024-08-25T02:05:50Z</time></trkpt><trkpt lat="-39.3629287183" lon="-72.6196574885"><ele>110.69</ele><time>2024-08-25T02:05:51Z</time></trkpt><trkpt lat="-39.3638581038" lon="-72.6196971349"><ele>111.48</ele><time>2024-08-25T02:06:04Z</time></trkpt><trkpt lat="-39.3639889453" lon="-72.6196952071"><ele>111.22</ele><time>2024-08-25T02:06:09Z</time></trkpt><trkpt lat="-39.3640104029" lon="-72.6196751744"><ele>111.27</ele><time>2024-08-25T02:06:10Z</time></trkpt><trkpt lat="-39.3640311062" lon="-72.6196420658"><ele>111.28</ele><time>2024-08-25T02:06:11Z</time></trkpt><trkpt lat="-39.3640485406" lon="-72.6195942052"><ele>111.39</ele><time>2024-08-25T02:06:12Z</time></trkpt><trkpt lat="-39.3640570063" lon="-72.6195272338"><ele>111.45</ele><time>2024-08-25T02:06:13Z</time></trkpt><trkpt lat="-39.3640622031" lon="-72.6194599271"><ele>111.71</ele><time>2024-08-25T02:06:14Z</time></trkpt><trkpt lat="-39.3640625384" lon="-72.6193969790"><ele>111.73</ele><time>2024-08-25T02:06:15Z</time></trkpt><trkpt lat="-39.3640564196" lon="-72.6193426643"><ele>111.68</ele><time>2024-08-25T02:06:16Z</time></trkpt><trkpt lat="-39.3640451040" lon="-72.6193014253"><ele>111.79</ele><time>2024-08-25T02:06:17Z</time></trkpt><trkpt lat="-39.3640263285" lon="-72.6192727592"><ele>111.83</ele><time>2024-08-25T02:06:18Z</time></trkpt><trkpt lat="-39.3640000094" lon="-72.6192547381"><ele>111.73</ele><time>2024-08-25T02:06:19Z</time></trkpt><trkpt lat="-39.3639632128" lon="-72.6192416623"><ele>111.88</ele><time>2024-08-25T02:06:20Z</time></trkpt><trkpt lat="-39.3639145978" lon="-72.6192321908"><ele>111.93</ele><time>2024-08-25T02:06:21Z</time></trkpt><trkpt lat="-39.3638570979" lon="-72.6192252338"><ele>111.94</ele><time>2024-08-25T02:06:22Z</time></trkpt><trkpt lat="-39.3630302232" lon="-72.6192042790"><ele>111.31</ele><time>2024-08-25T02:06:34Z</time></trkpt><trkpt lat="-39.3627563864" lon="-72.6191659737"><ele>110.62</ele><time>2024-08-25T02:06:42Z</time></trkpt><trkpt lat="-39.3627493456" lon="-72.6191300154"><ele>110.70</ele><time>2024-08-25T02:06:43Z</time></trkpt><trkpt lat="-39.3627543747" lon="-72.6190830767"><ele>110.67</ele><time>2024-08-25T02:06:44Z</time></trkpt><trkpt lat="-39.3627708871" lon="-72.6190328691"><ele>110.80</ele><time>2024-08-25T02:06:45Z</time></trkpt><trkpt lat="-39.3627985474" lon="-72.6189751178"><ele>110.85</ele><time>2024-08-25T02:06:46Z</time></trkpt><trkpt lat="-39.3628293928" lon="-72.6189136785"><ele>110.97</ele><time>2024-08-25T02:06:47Z</time></trkpt><trkpt lat="-39.3628594000" lon="-72.6188562624"><ele>111.07</ele><time>2024-08-25T02:06:48Z</time></trkpt><trkpt lat="-39.3628912512" lon="-72.6188091561"><ele>110.99</ele><time>2024-08-25T02:06:49Z</time></trkpt><trkpt lat="-39.3629247788" lon="-72.6187757123"><ele>110.96</ele><time>2024-08-25T02:06:50Z</time></trkpt><trkpt lat="-39.3629611563" lon="-72.6187591162"><ele>110.90</ele><time>2024-08-25T02:06:51Z</time></trkpt><trkpt lat="-39.3630054127" lon="-72.6187498961"><ele>110.97</ele><time>2024-08-25T02:06:52Z</time></trkpt><trkpt lat="-39.3630595598" lon="-72.6187471300"><ele>111.07</ele><time>2024-08-25T02:06:53Z</time></trkpt><trkpt lat="-39.3631185684" lon="-72.6187477168"><ele>111.18</ele><time>2024-08-25T02:06:54Z</time></trkpt><trkpt lat="-39.3638403341" lon="-72.6187649835"><ele>111.94</ele><time>2024-08-25T02:07:06Z</time></trkpt><trkpt lat="-39.3640375603" lon="-72.6187162008"><ele>111.67</ele><time>2024-08-25T02:07:14Z</time></trkpt><trkpt lat="-39.3640578445" lon="-72.6186174620"><ele>111.90</ele><time>2024-08-25T02:07:16Z</time></trkpt><trkpt lat="-39.3640628736" lon="-72.6185593754"><ele>111.98</ele><time>2024-08-25T02:07:17Z</time></trkpt><trkpt lat="-39.3640632927" lon="-72.6185041387"><ele>111.96</ele><time>2024-08-25T02:07:18Z</time></trkpt><trkpt lat="-39.3640582636" lon="-72.6184531767"><ele>111.87</ele><time>2024-08-25T02:07:19Z</time></trkpt><trkpt lat="-39.3640486244" lon="-72.6184108481"><ele>111.82</ele><time>2024-08-25T02:07:20Z</time></trkpt><trkpt lat="-39.3640290108" lon="-72.6183775719"><ele>111.83</ele><time>2024-08-25T02:07:21Z</time></trkpt><trkpt lat="-39.3639961537" lon="-72.6183503307"><ele>111.87</ele><time>2024-08-25T02:07:22Z</time></trkpt><trkpt lat="-39.3639542442" lon="-72.6183302980"><ele>111.87</ele><time>2024-08-25T02:07:23Z</time></trkpt><trkpt lat="-39.3639020249" lon="-72.6183214970"><ele>112.05</ele><time>2024-08-25T02:07:24Z</time></trkpt><trkpt lat="-39.3638446089" lon="-72.6183181442"><ele>112.04</ele><time>2024-08-25T02:07:25Z</time></trkpt><trkpt lat="-39.3637855165" lon="-72.6183157973"><ele>112.04</ele><time>2024-08-25T02:07:26Z</time></trkpt><trkpt lat="-39.3633583747" lon="-72.6183018833"><ele>111.68</ele><time>2024-08-25T02:07:33Z</time></trkpt><trkpt lat="-39.3631722126" lon="-72.6183049008"><ele>111.26</ele><time>2024-08-25T02:07:38Z</time></trkpt><trkpt lat="-39.3631632440" lon="-72.6182935014"><ele>111.17</ele><time>2024-08-25T02:07:39Z</time></trkpt><trkpt lat="-39.3631572090" lon="-72.6182688586"><ele>111.17</ele><time>2024-08-25T02:07:40Z</time></trkpt><trkpt lat="-39.3631570414" lon="-72.6182362530"><ele>111.25</ele><time>2024-08-25T02:07:41Z</time></trkpt><trkpt lat="-39.3631639145" lon="-72.6181946788"><ele>111.29</ele><time>2024-08-25T02:07:42Z</time></trkpt><trkpt lat="-39.3631805945" lon="-72.6181443874"><ele>111.47</ele><time>2024-08-25T02:07:43Z</time></trkpt><trkpt lat="-39.3632055726" lon="-72.6180814393"><ele>111.39</ele><time>2024-08-25T02:07:44Z</time></trkpt><trkpt lat="-39.3632328138" lon="-72.6180196647"><ele>111.54</ele><time>2024-08-25T02:07:45Z</time></trkpt><trkpt lat="-39.3633929081" lon="-72.6178588159"><ele>111.56</ele><time>2024-08-25T02:07:50Z</time></trkpt><trkpt lat="-39.3634425290" lon="-72.6178546250"><ele>111.61</ele><time>2024-08-25T02:07:51Z</time></trkpt><trkpt lat="-39.3639809825" lon="-72.6178877335"><ele>112.12</ele><time>2024-08-25T02:08:01Z</time></trkpt><trkpt lat="-39.3640846666" lon="-72.6177470852"><ele>112.13</ele><time>2024-08-25T02:08:07Z</time></trkpt><trkpt lat="-39.3640916236" lon="-72.6176824607"><ele>112.20</ele><time>2024-08-25T02:08:08Z</time></trkpt><trkpt lat="-39.3640931323" lon="-72.6176149026"><ele>112.32</ele><time>2024-08-25T02:08:09Z</time></trkpt><trkpt lat="-39.3640895281" lon="-72.6175575703"><ele>112.31</ele><time>2024-08-25T02:08:10Z</time></trkpt><trkpt lat="-39.3640798889" lon="-72.6175148226"><ele>112.29</ele><time>2024-08-25T02:08:11Z</time></trkpt><trkpt lat="-39.3640611973" lon="-72.6174823847"><ele>112.14</ele><time>2024-08-25T02:08:12Z</time></trkpt><trkpt lat="-39.3640341237" lon="-72.6174600050"><ele>112.19</ele><time>2024-08-25T02:08:13Z</time></trkpt><trkpt lat="-39.3639969919" lon="-72.6174461748"><ele>112.13</ele><time>2024-08-25T02:08:14Z</time></trkpt><trkpt lat="-39.3639551662" lon="-72.6174413133"><ele>112.18</ele><time>2024-08-25T02:08:15Z</time></trkpt><trkpt lat="-39.3639036175" lon="-72.6174367871"><ele>112.24</ele><time>2024-08-25T02:08:16Z</time></trkpt><trkpt lat="-39.3638433516" lon="-72.6174339373"><ele>112.24</ele><time>2024-08-25T02:08:17Z</time></trkpt><trkpt lat="-39.3636586145" lon="-72.6174342725"><ele>112.15</ele><time>2024-08-25T02:08:20Z</time></trkpt><trkpt lat="-39.3635311257" lon="-72.6174229570"><ele>111.80</ele><time>2024-08-25T02:08:24Z</time></trkpt><trkpt lat="-39.3635128532" lon="-72.6174062770"><ele>111.76</ele><time>2024-08-25T02:08:25Z</time></trkpt><trkpt lat="-39.3635054771" lon="-72.6173766050"><ele>111.79</ele><time>2024-08-25T02:08:26Z</time></trkpt><trkpt lat="-39.3635062315" lon="-72.6173370425"><ele>111.72</ele><time>2024-08-25T02:08:27Z</time></trkpt><trkpt lat="-39.3635123502" lon="-72.6172865834"><ele>111.62</ele><time>2024-08-25T02:08:28Z</time></trkpt><trkpt lat="-39.3635237496" lon="-72.6172309276"><ele>111.87</ele><time>2024-08-25T02:08:29Z</time></trkpt><trkpt lat="-39.3635405973" lon="-72.6171774510"><ele>111.82</ele><time>2024-08-25T02:08:30Z</time></trkpt><trkpt lat="-39.3635610491" lon="-72.6171254832"><ele>111.87</ele><time>2024-08-25T02:08:31Z</time></trkpt><trkpt lat="-39.3635853566" lon="-72.6170762815"><ele>111.93</ele><time>2024-08-25T02:08:32Z</time></trkpt><trkpt lat="-39.3636169564" lon="-72.6170382276"><ele>111.94</ele><time>2024-08-25T02:08:33Z</time></trkpt><trkpt lat="-39.3636560161" lon="-72.6170044485"><ele>112.11</ele><time>2024-08-25T02:08:34Z</time></trkpt><trkpt lat="-39.3637039606" lon="-72.6169849187"><ele>112.18</ele><time>2024-08-25T02:08:35Z</time></trkpt><trkpt lat="-39.3637607060" lon="-72.6169782970"><ele>112.15</ele><time>2024-08-25T02:08:36Z</time></trkpt><trkpt lat="-39.3638182897" lon="-72.6169795543"><ele>112.19</ele><time>2024-08-25T02:08:37Z</time></trkpt><trkpt lat="-39.3639653083" lon="-72.6169944741"><ele>112.17</ele><time>2024-08-25T02:08:40Z</time></trkpt><trkpt lat="-39.3640031945" lon="-72.6170116570"><ele>112.26</ele><time>2024-08-25T02:08:41Z</time></trkpt><trkpt lat="-39.3640289269" lon="-72.6170369703"><ele>112.28</ele><time>2024-08-25T02:08:42Z</time></trkpt><trkpt lat="-39.3640427571" lon="-72.6170782093"><ele>112.38</ele><time>2024-08-25T02:08:43Z</time></trkpt><trkpt lat="-39.3640459422" lon="-72.6171414088"><ele>112.45</ele><time>2024-08-25T02:08:44Z</time></trkpt><trkpt lat="-39.3640475348" lon="-72.6172120683"><ele>112.45</ele><time>2024-08-25T02:08:45Z</time></trkpt><trkpt lat="-39.3640453555" lon="-72.6172801293"><ele>112.39</ele><time>2024-08-25T02:08:46Z</time></trkpt><trkpt lat="-39.3640321121" lon="-72.6178412139"><ele>112.47</ele><time>2024-08-25T02:08:54Z</time></trkpt><trkpt lat="-39.3640057091" lon="-72.6194652915"><ele>111.98</ele><time>2024-08-25T02:09:10Z</time></trkpt><trkpt lat="-39.3639682420" lon="-72.6206934080"><ele>110.96</ele><time>2024-08-25T02:09:23Z</time></trkpt><trkpt lat="-39.3639652245" lon="-72.6207883749"><ele>113.27</ele><time>2024-08-25T02:09:26Z</time></trkpt><trkpt lat="-39.3639674876" lon="-72.6207917277"><ele>116.32</ele><time>2024-08-25T02:09:27Z</time></trkpt><trkpt lat="-39.3639657274" lon="-72.6207873691"><ele>115.29</ele><time>2024-08-25T02:09:28Z</time></trkpt><trkpt lat="-39.3639665656" lon="-72.6207794063"><ele>111.22</ele><time>2024-08-25T02:09:30Z</time></trkpt><trkpt lat="-39.3639645539" lon="-72.6207739580"><ele>110.58</ele><time>2024-08-25T02:09:32Z</time></trkpt><trkpt lat="-39.3639536574" lon="-72.6207444537"><ele>110.90</ele><time>2024-08-25T02:10:02Z</time></trkpt><trkpt lat="-39.3639487121" lon="-72.6207517460"><ele>110.97</ele><time>2024-08-25T02:10:51Z</time></trkpt><trkpt lat="-39.3639401626" lon="-72.6207395084"><ele>114.72</ele><time>2024-08-25T02:11:08Z</time></trkpt><trkpt lat="-39.3639394082" lon="-72.6207407657"><ele>92.42</ele><time>2024-08-25T02:11:09Z</time></trkpt><trkpt lat="-39.3639373127" lon="-72.6207421068"><ele>117.22</ele><time>2024-08-25T02:11:10Z</time></trkpt><trkpt lat="-39.3639360555" lon="-72.6207439508"><ele>126.42</ele><time>2024-08-25T02:11:11Z</time></trkpt><trkpt lat="-39.3639352173" lon="-72.6207443699"><ele>115.45</ele><time>2024-08-25T02:11:12Z</time></trkpt><trkpt lat="-39.3639344629" lon="-72.6207449567"><ele>112.31</ele><time>2024-08-25T02:11:13Z</time></trkpt><trkpt lat="-39.3639389891" lon="-72.6207952481"><ele>110.82</ele><time>2024-08-25T02:11:16Z</time></trkpt><trkpt lat="-39.3639461976" lon="-72.6208329666"><ele>111.22</ele><time>2024-08-25T02:11:17Z</time></trkpt><trkpt lat="-39.3639538251" lon="-72.6208778936"><ele>111.22</ele><time>2024-08-25T02:11:18Z</time></trkpt><trkpt lat="-39.3639590219" lon="-72.6209316216"><ele>111.65</ele><time>2024-08-25T02:11:19Z</time></trkpt><trkpt lat="-39.3639598601" lon="-72.6209967490"><ele>111.79</ele><time>2024-08-25T02:11:20Z</time></trkpt><trkpt lat="-39.3639596924" lon="-72.6210715156"><ele>111.57</ele><time>2024-08-25T02:11:21Z</time></trkpt><trkpt lat="-39.3639381509" lon="-72.6213726774"><ele>110.95</ele><time>2024-08-25T02:11:25Z</time></trkpt><trkpt lat="-39.3638890330" lon="-72.6216412336"><ele>110.86</ele><time>2024-08-25T02:11:29Z</time></trkpt><trkpt lat="-39.3638850097" lon="-72.6217145752"><ele>110.79</ele><time>2024-08-25T02:11:30Z</time></trkpt><trkpt lat="-39.3638844229" lon="-72.6217915211"><ele>110.73</ele><time>2024-08-25T02:11:31Z</time></trkpt><trkpt lat="-39.3638801482" lon="-72.6231635548"><ele>110.42</ele><time>2024-08-25T02:11:48Z</time></trkpt><trkpt lat="-39.3638653122" lon="-72.6243805233"><ele>110.45</ele><time>2024-08-25T02:12:03Z</time></trkpt><trkpt lat="-39.3638669048" lon="-72.6244347543"><ele>110.77</ele><time>2024-08-25T02:12:04Z</time></trkpt><trkpt lat="-39.3638526555" lon="-72.6247036457"><ele>112.20</ele><time>2024-08-25T02:12:12Z</time></trkpt><trkpt lat="-39.3638687488" lon="-72.6247552782"><ele>112.28</ele><time>2024-08-25T02:12:13Z</time></trkpt><trkpt lat="-39.3639000133" lon="-72.6248146221"><ele>112.38</ele><time>2024-08-25T02:12:14Z</time></trkpt><trkpt lat="-39.3639413361" lon="-72.6248784084"><ele>112.48</ele><time>2024-08-25T02:12:15Z</time></trkpt><trkpt lat="-39.3641647976" lon="-72.6252034586"><ele>112.45</ele><time>2024-08-25T02:12:20Z</time></trkpt><trkpt lat="-39.3642044440" lon="-72.6252384949"><ele>112.41</ele><time>2024-08-25T02:12:21Z</time></trkpt><trkpt lat="-39.3642444257" lon="-72.6252496429"><ele>112.30</ele><time>2024-08-25T02:12:22Z</time></trkpt><trkpt lat="-39.3642761093" lon="-72.6252355613"><ele>112.33</ele><time>2024-08-25T02:12:23Z</time></trkpt><trkpt lat="-39.3642973993" lon="-72.6251986809"><ele>112.06</ele><time>2024-08-25T02:12:24Z</time></trkpt><trkpt lat="-39.3643093016" lon="-72.6251453720"><ele>111.81</ele><time>2024-08-25T02:12:25Z</time></trkpt><trkpt lat="-39.3643132411" lon="-72.6250752993"><ele>111.67</ele><time>2024-08-25T02:12:26Z</time></trkpt><trkpt lat="-39.3643133249" lon="-72.6249939110"><ele>111.47</ele><time>2024-08-25T02:12:27Z</time></trkpt><trkpt lat="-39.3643153366" lon="-72.6249027997"><ele>111.31</ele><time>2024-08-25T02:12:28Z</time></trkpt><trkpt lat="-39.3643127382" lon="-72.6231814083"><ele>111.72</ele><time>2024-08-25T02:12:46Z</time></trkpt><trkpt lat="-39.3643193599" lon="-72.6223036554"><ele>111.52</ele><time>2024-08-25T02:12:57Z</time></trkpt><trkpt lat="-39.3643622752" lon="-72.6206228323"><ele>111.66</ele><time>2024-08-25T02:13:13Z</time></trkpt><trkpt lat="-39.3643808831" lon="-72.6185382530"><ele>111.50</ele><time>2024-08-25T02:13:33Z</time></trkpt><trkpt lat="-39.3644084595" lon="-72.6164307073"><ele>112.67</ele><time>2024-08-25T02:13:53Z</time></trkpt><trkpt lat="-39.3644087948" lon="-72.6149835717"><ele>115.94</ele><time>2024-08-25T02:14:08Z</time></trkpt><trkpt lat="-39.3644315097" lon="-72.6143132709"><ele>119.28</ele><time>2024-08-25T02:14:16Z</time></trkpt><trkpt lat="-39.3644376285" lon="-72.6141125243"><ele>119.32</ele><time>2024-08-25T02:14:24Z</time></trkpt><trkpt lat="-39.3644435797" lon="-72.6137959398"><ele>120.04</ele><time>2024-08-25T02:14:34Z</time></trkpt><trkpt lat="-39.3645350263" lon="-72.6134529524"><ele>121.60</ele><time>2024-08-25T02:14:39Z</time></trkpt><trkpt lat="-39.3645603396" lon="-72.6128283329"><ele>125.15</ele><time>2024-08-25T02:14:46Z</time></trkpt><trkpt lat="-39.3645735830" lon="-72.6120007876"><ele>126.68</ele><time>2024-08-25T02:14:56Z</time></trkpt><trkpt lat="-39.3648780137" lon="-72.6117315609"><ele>127.80</ele><time>2024-08-25T02:15:03Z</time></trkpt><trkpt lat="-39.3653038144" lon="-72.6114739012"><ele>130.00</ele><time>2024-08-25T02:15:10Z</time></trkpt><trkpt lat="-39.3655221630" lon="-72.6116005518"><ele>131.07</ele><time>2024-08-25T02:15:17Z</time></trkpt><trkpt lat="-39.3653822690" lon="-72.6119613927"><ele>131.00</ele><time>2024-08-25T02:15:27Z</time></trkpt><trkpt lat="-39.3652142957" lon="-72.6120520011"><ele>129.51</ele><time>2024-08-25T02:15:40Z</time></trkpt><trkpt lat="-39.3651972804" lon="-72.6120614726"><ele>129.44</ele><time>2024-08-25T02:15:44Z</time></trkpt><trkpt lat="-39.3651229329" lon="-72.6121089980"><ele>128.98</ele><time>2024-08-25T02:15:47Z</time></trkpt><trkpt lat="-39.3646563124" lon="-72.6123910490"><ele>126.12</ele><time>2024-08-25T02:15:59Z</time></trkpt><trkpt lat="-39.3645825516" lon="-72.6124923863"><ele>125.56</ele><time>2024-08-25T02:16:04Z</time></trkpt><trkpt lat="-39.3645802047" lon="-72.6128155086"><ele>125.48</ele><time>2024-08-25T02:16:10Z</time></trkpt><trkpt lat="-39.3647497706" lon="-72.6128220465"><ele>125.90</ele><time>2024-08-25T02:16:15Z</time></trkpt><trkpt lat="-39.3652283773" lon="-72.6125445217"><ele>129.47</ele><time>2024-08-25T02:16:25Z</time></trkpt><trkpt lat="-39.3654504139" lon="-72.6124068070"><ele>131.05</ele><time>2024-08-25T02:16:31Z</time></trkpt><trkpt lat="-39.3655134458" lon="-72.6125102397"><ele>130.03</ele><time>2024-08-25T02:16:36Z</time></trkpt><trkpt lat="-39.3653720431" lon="-72.6129243057"><ele>128.02</ele><time>2024-08-25T02:16:47Z</time></trkpt><trkpt lat="-39.3648725655" lon="-72.6132225338"><ele>124.58</ele><time>2024-08-25T02:16:58Z</time></trkpt><trkpt lat="-39.3647722341" lon="-72.6132803690"><ele>124.09</ele><time>2024-08-25T02:17:00Z</time></trkpt><trkpt lat="-39.3645779416" lon="-72.6134197600"><ele>122.25</ele><time>2024-08-25T02:17:07Z</time></trkpt><trkpt lat="-39.3644810468" lon="-72.6136470772"><ele>121.26</ele><time>2024-08-25T02:17:11Z</time></trkpt><trkpt lat="-39.3644597568" lon="-72.6138176490"><ele>120.16</ele><time>2024-08-25T02:17:16Z</time></trkpt><trkpt lat="-39.3646148220" lon="-72.6138515957"><ele>120.48</ele><time>2024-08-25T02:17:21Z</time></trkpt><trkpt lat="-39.3651010562" lon="-72.6135741547"><ele>124.40</ele><time>2024-08-25T02:17:29Z</time></trkpt><trkpt lat="-39.3654065765" lon="-72.6134015713"><ele>126.80</ele><time>2024-08-25T02:17:34Z</time></trkpt><trkpt lat="-39.3657043017" lon="-72.6132432371"><ele>127.92</ele><time>2024-08-25T02:17:40Z</time></trkpt><trkpt lat="-39.3658527452" lon="-72.6130529679"><ele>129.64</ele><time>2024-08-25T02:17:44Z</time></trkpt><trkpt lat="-39.3658971693" lon="-72.6128033549"><ele>130.60</ele><time>2024-08-25T02:17:48Z</time></trkpt><trkpt lat="-39.3659123406" lon="-72.6118880510"><ele>129.27</ele><time>2024-08-25T02:18:02Z</time></trkpt><trkpt lat="-39.3659666553" lon="-72.6118458901"><ele>128.25</ele><time>2024-08-25T02:18:05Z</time></trkpt><trkpt lat="-39.3660006858" lon="-72.6118582953"><ele>128.06</ele><time>2024-08-25T02:18:06Z</time></trkpt><trkpt lat="-39.3660368957" lon="-72.6118867099"><ele>127.88</ele><time>2024-08-25T02:18:07Z</time></trkpt><trkpt lat="-39.3660791405" lon="-72.6119313855"><ele>127.57</ele><time>2024-08-25T02:18:08Z</time></trkpt><trkpt lat="-39.3661264982" lon="-72.6119842753"><ele>127.22</ele><time>2024-08-25T02:18:09Z</time></trkpt><trkpt lat="-39.3665844854" lon="-72.6123829186"><ele>123.82</ele><time>2024-08-25T02:18:17Z</time></trkpt><trkpt lat="-39.3670700490" lon="-72.6126929652"><ele>120.59</ele><time>2024-08-25T02:18:24Z</time></trkpt><trkpt lat="-39.3674515933" lon="-72.6129429974"><ele>117.47</ele><time>2024-08-25T02:18:31Z</time></trkpt><trkpt lat="-39.3679470476" lon="-72.6133420598"><ele>114.82</ele><time>2024-08-25T02:18:41Z</time></trkpt><trkpt lat="-39.3679594528" lon="-72.6133764256"><ele>114.57</ele><time>2024-08-25T02:18:42Z</time></trkpt><trkpt lat="-39.3679576926" lon="-72.6134112943"><ele>114.35</ele><time>2024-08-25T02:18:43Z</time></trkpt><trkpt lat="-39.3679440301" lon="-72.6134450734"><ele>114.07</ele><time>2024-08-25T02:18:44Z</time></trkpt><trkpt lat="-39.3679177109" lon="-72.6134774275"><ele>113.87</ele><time>2024-08-25T02:18:45Z</time></trkpt><trkpt lat="-39.3678838480" lon="-72.6135088596"><ele>113.81</ele><time>2024-08-25T02:18:46Z</time></trkpt><trkpt lat="-39.3678456265" lon="-72.6135446504"><ele>113.75</ele><time>2024-08-25T02:18:47Z</time></trkpt><trkpt lat="-39.3676539324" lon="-72.6137280464"><ele>112.89</ele><time>2024-08-25T02:18:53Z</time></trkpt><trkpt lat="-39.3676521722" lon="-72.6137503423"><ele>112.79</ele><time>2024-08-25T02:18:54Z</time></trkpt><trkpt lat="-39.3676582072" lon="-72.6137783378"><ele>112.77</ele><time>2024-08-25T02:18:55Z</time></trkpt><trkpt lat="-39.3676686846" lon="-72.6138118654"><ele>112.74</ele><time>2024-08-25T02:18:56Z</time></trkpt><trkpt lat="-39.3676865380" lon="-72.6138505060"><ele>112.59</ele><time>2024-08-25T02:18:57Z</time></trkpt><trkpt lat="-39.3677095044" lon="-72.6138925832"><ele>112.72</ele><time>2024-08-25T02:18:58Z</time></trkpt><trkpt lat="-39.3677352369" lon="-72.6139417011"><ele>112.77</ele><time>2024-08-25T02:18:59Z</time></trkpt><trkpt lat="-39.3677643221" lon="-72.6139979437"><ele>112.85</ele><time>2024-08-25T02:19:00Z</time></trkpt><trkpt lat="-39.3679610454" lon="-72.6144000236"><ele>112.97</ele><time>2024-08-25T02:19:09Z</time></trkpt><trkpt lat="-39.3679490592" lon="-72.6144404244"><ele>113.00</ele><time>2024-08-25T02:19:10Z</time></trkpt><trkpt lat="-39.3679234944" lon="-72.6144788135"><ele>113.01</ele><time>2024-08-25T02:19:11Z</time></trkpt><trkpt lat="-39.3678872846" lon="-72.6145164482"><ele>113.06</ele><time>2024-08-25T02:19:12Z</time></trkpt><trkpt lat="-39.3678426929" lon="-72.6145563461"><ele>113.01</ele><time>2024-08-25T02:19:13Z</time></trkpt><trkpt lat="-39.3676996138" lon="-72.6146417577"><ele>112.86</ele><time>2024-08-25T02:19:17Z</time></trkpt><trkpt lat="-39.3676788267" lon="-72.6146253292"><ele>112.87</ele><time>2024-08-25T02:19:18Z</time></trkpt><trkpt lat="-39.3676588777" lon="-72.6145992614"><ele>112.87</ele><time>2024-08-25T02:19:19Z</time></trkpt><trkpt lat="-39.3676376715" lon="-72.6145646442"><ele>112.86</ele><time>2024-08-25T02:19:20Z</time></trkpt><trkpt lat="-39.3676182255" lon="-72.6145301946"><ele>112.95</ele><time>2024-08-25T02:19:21Z</time></trkpt><trkpt lat="-39.3675996177" lon="-72.6144936495"><ele>112.90</ele><time>2024-08-25T02:19:22Z</time></trkpt><trkpt lat="-39.3673327379" lon="-72.6140670106"><ele>112.77</ele><time>2024-08-25T02:19:34Z</time></trkpt><trkpt lat="-39.3672613241" lon="-72.6140611432"><ele>112.98</ele><time>2024-08-25T02:19:37Z</time></trkpt><trkpt lat="-39.3672267068" lon="-72.6140839420"><ele>113.06</ele><time>2024-08-25T02:19:38Z</time></trkpt><trkpt lat="-39.3671884853" lon="-72.6141183078"><ele>113.04</ele><time>2024-08-25T02:19:39Z</time></trkpt><trkpt lat="-39.3667936977" lon="-72.6144729462"><ele>113.91</ele><time>2024-08-25T02:19:50Z</time></trkpt><trkpt lat="-39.3666245509" lon="-72.6146656461"><ele>114.47</ele><time>2024-08-25T02:19:56Z</time></trkpt><trkpt lat="-39.3666376267" lon="-72.6147041190"><ele>114.64</ele><time>2024-08-25T02:19:57Z</time></trkpt><trkpt lat="-39.3666571565" lon="-72.6147498842"><ele>114.57</ele><time>2024-08-25T02:19:58Z</time></trkpt><trkpt lat="-39.3666824698" lon="-72.6148008462"><ele>114.43</ele><time>2024-08-25T02:19:59Z</time></trkpt><trkpt lat="-39.3667172547" lon="-72.6148596872"><ele>114.16</ele><time>2024-08-25T02:20:00Z</time></trkpt><trkpt lat="-39.3669826258" lon="-72.6153043471"><ele>112.35</ele><time>2024-08-25T02:20:11Z</time></trkpt><trkpt lat="-39.3669835478" lon="-72.6153356954"><ele>112.23</ele><time>2024-08-25T02:20:12Z</time></trkpt><trkpt lat="-39.3669723161" lon="-72.6153703127"><ele>112.08</ele><time>2024-08-25T02:20:13Z</time></trkpt><trkpt lat="-39.3669498526" lon="-72.6154038403"><ele>112.06</ele><time>2024-08-25T02:20:14Z</time></trkpt><trkpt lat="-39.3669164926" lon="-72.6154364459"><ele>112.27</ele><time>2024-08-25T02:20:15Z</time></trkpt><trkpt lat="-39.3668729905" lon="-72.6154766791"><ele>112.22</ele><time>2024-08-25T02:20:16Z</time></trkpt><trkpt lat="-39.3667111360" lon="-72.6156174950"><ele>112.14</ele><time>2024-08-25T02:20:20Z</time></trkpt><trkpt lat="-39.3666827213" lon="-72.6156191714"><ele>112.00</ele><time>2024-08-25T02:20:21Z</time></trkpt><trkpt lat="-39.3666550610" lon="-72.6156063471"><ele>112.03</ele><time>2024-08-25T02:20:22Z</time></trkpt><trkpt lat="-39.3666329328" lon="-72.6155823749"><ele>112.30</ele><time>2024-08-25T02:20:23Z</time></trkpt><trkpt lat="-39.3666109722" lon="-72.6155496854"><ele>112.49</ele><time>2024-08-25T02:20:24Z</time></trkpt><trkpt lat="-39.3663006742" lon="-72.6150084659"><ele>115.60</ele><time>2024-08-25T02:20:33Z</time></trkpt><trkpt lat="-39.3661037832" lon="-72.6146749500"><ele>118.21</ele><time>2024-08-25T02:20:39Z</time></trkpt><trkpt lat="-39.3659594469" lon="-72.6144900452"><ele>118.79</ele><time>2024-08-25T02:20:47Z</time></trkpt><trkpt lat="-39.3656633142" lon="-72.6139746420"><ele>122.06</ele><time>2024-08-25T02:20:56Z</time></trkpt><trkpt lat="-39.3655697722" lon="-72.6138246898"><ele>122.60</ele><time>2024-08-25T02:21:03Z</time></trkpt><trkpt lat="-39.3655484822" lon="-72.6138191577"><ele>122.71</ele><time>2024-08-25T02:21:04Z</time></trkpt><trkpt lat="-39.3655164633" lon="-72.6138286293"><ele>122.82</ele><time>2024-08-25T02:21:05Z</time></trkpt><trkpt lat="-39.3654758949" lon="-72.6138590556"><ele>122.47</ele><time>2024-08-25T02:21:06Z</time></trkpt><trkpt lat="-39.3654307164" lon="-72.6139023900"><ele>122.53</ele><time>2024-08-25T02:21:07Z</time></trkpt><trkpt lat="-39.3653859571" lon="-72.6139468141"><ele>122.56</ele><time>2024-08-25T02:21:08Z</time></trkpt><trkpt lat="-39.3653156329" lon="-72.6140548568"><ele>122.08</ele><time>2024-08-25T02:21:11Z</time></trkpt><trkpt lat="-39.3653171416" lon="-72.6140854508"><ele>121.93</ele><time>2024-08-25T02:21:12Z</time></trkpt><trkpt lat="-39.3653282057" lon="-72.6141175535"><ele>122.01</ele><time>2024-08-25T02:21:13Z</time></trkpt><trkpt lat="-39.3653447181" lon="-72.6141530089"><ele>121.89</ele><time>2024-08-25T02:21:14Z</time></trkpt><trkpt lat="-39.3653664272" lon="-72.6141953375"><ele>121.59</ele><time>2024-08-25T02:21:15Z</time></trkpt><trkpt lat="-39.3656827603" lon="-72.6147431787"><ele>119.08</ele><time>2024-08-25T02:21:27Z</time></trkpt><trkpt lat="-39.3658202235" lon="-72.6148969866"><ele>118.66</ele><time>2024-08-25T02:21:33Z</time></trkpt><trkpt lat="-39.3658527452" lon="-72.6149484515"><ele>118.33</ele><time>2024-08-25T02:21:34Z</time></trkpt><trkpt lat="-39.3661103211" lon="-72.6154317521"><ele>115.13</ele><time>2024-08-25T02:21:41Z</time></trkpt><trkpt lat="-39.3663728423" lon="-72.6158922538"><ele>111.89</ele><time>2024-08-25T02:21:50Z</time></trkpt><trkpt lat="-39.3663707469" lon="-72.6159312297"><ele>111.55</ele><time>2024-08-25T02:21:51Z</time></trkpt><trkpt lat="-39.3663544022" lon="-72.6159785036"><ele>111.61</ele><time>2024-08-25T02:21:52Z</time></trkpt><trkpt lat="-39.3663218804" lon="-72.6160234306"><ele>111.67</ele><time>2024-08-25T02:21:53Z</time></trkpt><trkpt lat="-39.3662786298" lon="-72.6160660107"><ele>111.60</ele><time>2024-08-25T02:21:54Z</time></trkpt><trkpt lat="-39.3662300985" lon="-72.6161115244"><ele>111.65</ele><time>2024-08-25T02:21:55Z</time></trkpt><trkpt lat="-39.3661857583" lon="-72.6161419507"><ele>111.73</ele><time>2024-08-25T02:21:56Z</time></trkpt><trkpt lat="-39.3661492132" lon="-72.6161546074"><ele>111.64</ele><time>2024-08-25T02:21:57Z</time></trkpt><trkpt lat="-39.3661178648" lon="-72.6161530148"><ele>111.57</ele><time>2024-08-25T02:21:58Z</time></trkpt><trkpt lat="-39.3660884444" lon="-72.6161299646"><ele>111.49</ele><time>2024-08-25T02:21:59Z</time></trkpt><trkpt lat="-39.3660619576" lon="-72.6160967723"><ele>112.07</ele><time>2024-08-25T02:22:00Z</time></trkpt><trkpt lat="-39.3660368118" lon="-72.6160545275"><ele>112.46</ele><time>2024-08-25T02:22:01Z</time></trkpt><trkpt lat="-39.3660117500" lon="-72.6160068344"><ele>112.63</ele><time>2024-08-25T02:22:02Z</time></trkpt><trkpt lat="-39.3658852670" lon="-72.6158568822"><ele>113.10</ele><time>2024-08-25T02:22:07Z</time></trkpt><trkpt lat="-39.3658521585" lon="-72.6158693712"><ele>113.15</ele><time>2024-08-25T02:22:08Z</time></trkpt><trkpt lat="-39.3658153620" lon="-72.6158914156"><ele>113.14</ele><time>2024-08-25T02:22:09Z</time></trkpt><trkpt lat="-39.3655983545" lon="-72.6161163859"><ele>112.79</ele><time>2024-08-25T02:22:16Z</time></trkpt><trkpt lat="-39.3656027131" lon="-72.6161514223"><ele>112.79</ele><time>2024-08-25T02:22:17Z</time></trkpt><trkpt lat="-39.3656153698" lon="-72.6161862072"><ele>112.47</ele><time>2024-08-25T02:22:18Z</time></trkpt><trkpt lat="-39.3657353148" lon="-72.6164481416"><ele>111.72</ele><time>2024-08-25T02:22:25Z</time></trkpt><trkpt lat="-39.3657298665" lon="-72.6164876204"><ele>111.46</ele><time>2024-08-25T02:22:26Z</time></trkpt><trkpt lat="-39.3657077383" lon="-72.6165334694"><ele>111.51</ele><time>2024-08-25T02:22:27Z</time></trkpt><trkpt lat="-39.3656701874" lon="-72.6165797375"><ele>111.52</ele><time>2024-08-25T02:22:28Z</time></trkpt><trkpt lat="-39.3656275235" lon="-72.6166226529"><ele>111.57</ele><time>2024-08-25T02:22:29Z</time></trkpt><trkpt lat="-39.3655862007" lon="-72.6166615449"><ele>111.63</ele><time>2024-08-25T02:22:30Z</time></trkpt><trkpt lat="-39.3654926587" lon="-72.6166994311"><ele>111.46</ele><time>2024-08-25T02:22:33Z</time></trkpt><trkpt lat="-39.3654705305" lon="-72.6166807394"><ele>111.63</ele><time>2024-08-25T02:22:34Z</time></trkpt><trkpt lat="-39.3654493243" lon="-72.6166488882"><ele>111.74</ele><time>2024-08-25T02:22:35Z</time></trkpt><trkpt lat="-39.3651401997" lon="-72.6160975266"><ele>112.87</ele><time>2024-08-25T02:22:45Z</time></trkpt><trkpt lat="-39.3650937639" lon="-72.6159831136"><ele>113.09</ele><time>2024-08-25T02:22:48Z</time></trkpt><trkpt lat="-39.3651024811" lon="-72.6159517653"><ele>113.09</ele><time>2024-08-25T02:22:49Z</time></trkpt><trkpt lat="-39.3651198316" lon="-72.6159170642"><ele>113.18</ele><time>2024-08-25T02:22:50Z</time></trkpt><trkpt lat="-39.3651480787" lon="-72.6158842910"><ele>113.16</ele><time>2024-08-25T02:22:51Z</time></trkpt><trkpt lat="-39.3651794270" lon="-72.6158519369"><ele>113.32</ele><time>2024-08-25T02:22:52Z</time></trkpt><trkpt lat="-39.3656763900" lon="-72.6153900102"><ele>114.25</ele><time>2024-08-25T02:23:03Z</time></trkpt><trkpt lat="-39.3658972532" lon="-72.6151919458"><ele>115.68</ele><time>2024-08-25T02:23:10Z</time></trkpt><trkpt lat="-39.3659078982" lon="-72.6151710749"><ele>115.79</ele><time>2024-08-25T02:23:11Z</time></trkpt><trkpt lat="-39.3659157772" lon="-72.6151467673"><ele>115.99</ele><time>2024-08-25T02:23:12Z</time></trkpt><trkpt lat="-39.3659137655" lon="-72.6151145808"><ele>116.18</ele><time>2024-08-25T02:23:13Z</time></trkpt><trkpt lat="-39.3659077305" lon="-72.6150850765"><ele>116.50</ele><time>2024-08-25T02:23:14Z</time></trkpt><trkpt lat="-39.3658934813" lon="-72.6150524709"><ele>116.61</ele><time>2024-08-25T02:23:15Z</time></trkpt><trkpt lat="-39.3658756278" lon="-72.6150184404"><ele>117.01</ele><time>2024-08-25T02:23:16Z</time></trkpt><trkpt lat="-39.3658565171" lon="-72.6149833202"><ele>117.24</ele><time>2024-08-25T02:23:17Z</time></trkpt><trkpt lat="-39.3656927347" lon="-72.6148223039"><ele>119.11</ele><time>2024-08-25T02:23:26Z</time></trkpt><trkpt lat="-39.3656578660" lon="-72.6148410793"><ele>119.11</ele><time>2024-08-25T02:23:27Z</time></trkpt><trkpt lat="-39.3656202313" lon="-72.6148712542"><ele>119.11</ele><time>2024-08-25T02:23:28Z</time></trkpt><trkpt lat="-39.3654282857" lon="-72.6150199492"><ele>118.81</ele><time>2024-08-25T02:23:34Z</time></trkpt><trkpt lat="-39.3654019665" lon="-72.6149960607"><ele>118.90</ele><time>2024-08-25T02:23:35Z</time></trkpt><trkpt lat="-39.3653758988" lon="-72.6149622817"><ele>118.96</ele><time>2024-08-25T02:23:36Z</time></trkpt><trkpt lat="-39.3653510045" lon="-72.6149222162"><ele>119.22</ele><time>2024-08-25T02:23:37Z</time></trkpt><trkpt lat="-39.3653256912" lon="-72.6148777921"><ele>119.45</ele><time>2024-08-25T02:23:38Z</time></trkpt><trkpt lat="-39.3650255352" lon="-72.6143638976"><ele>121.43</ele><time>2024-08-25T02:23:50Z</time></trkpt><trkpt lat="-39.3650065921" lon="-72.6143563539"><ele>121.30</ele><time>2024-08-25T02:23:51Z</time></trkpt><trkpt lat="-39.3649785966" lon="-72.6143550128"><ele>121.24</ele><time>2024-08-25T02:23:52Z</time></trkpt><trkpt lat="-39.3649423867" lon="-72.6143639814"><ele>121.09</ele><time>2024-08-25T02:23:53Z</time></trkpt><trkpt lat="-39.3648975436" lon="-72.6143905520"><ele>120.97</ele><time>2024-08-25T02:23:54Z</time></trkpt><trkpt lat="-39.3648417201" lon="-72.6144344732"><ele>120.75</ele><time>2024-08-25T02:23:55Z</time></trkpt><trkpt lat="-39.3647807837" lon="-72.6144845132"><ele>120.35</ele><time>2024-08-25T02:23:56Z</time></trkpt><trkpt lat="-39.3644947093" lon="-72.6147189550"><ele>117.89</ele><time>2024-08-25T02:24:01Z</time></trkpt><trkpt lat="-39.3644634448" lon="-72.6147513092"><ele>117.49</ele><time>2024-08-25T02:24:02Z</time></trkpt><trkpt lat="-39.3644388858" lon="-72.6147855911"><ele>117.11</ele><time>2024-08-25T02:24:03Z</time></trkpt><trkpt lat="-39.3644170091" lon="-72.6148251537"><ele>116.88</ele><time>2024-08-25T02:24:04Z</time></trkpt><trkpt lat="-39.3644026760" lon="-72.6148817316"><ele>116.74</ele><time>2024-08-25T02:24:05Z</time></trkpt><trkpt lat="-39.3643942941" lon="-72.6149487030"><ele>116.59</ele><time>2024-08-25T02:24:06Z</time></trkpt><trkpt lat="-39.3643893488" lon="-72.6150189433"><ele>116.41</ele><time>2024-08-25T02:24:07Z</time></trkpt><trkpt lat="-39.3643879239" lon="-72.6150893513"><ele>116.29</ele><time>2024-08-25T02:24:08Z</time></trkpt><trkpt lat="-39.3644232955" lon="-72.6153387967"><ele>114.97</ele><time>2024-08-25T02:24:13Z</time></trkpt><trkpt lat="-39.3644484412" lon="-72.6153493579"><ele>114.85</ele><time>2024-08-25T02:24:14Z</time></trkpt><trkpt lat="-39.3644776940" lon="-72.6153439935"><ele>115.02</ele><time>2024-08-25T02:24:15Z</time></trkpt><trkpt lat="-39.3645105511" lon="-72.6153227873"><ele>115.09</ele><time>2024-08-25T02:24:16Z</time></trkpt><trkpt lat="-39.3645486049" lon="-72.6152918581"><ele>115.36</ele><time>2024-08-25T02:24:17Z</time></trkpt><trkpt lat="-39.3645916879" lon="-72.6152445003"><ele>115.78</ele><time>2024-08-25T02:24:18Z</time></trkpt><trkpt lat="-39.3646382075" lon="-72.6151955500"><ele>116.14</ele><time>2024-08-25T02:24:19Z</time></trkpt><trkpt lat="-39.3649397045" lon="-72.6149477810"><ele>117.89</ele><time>2024-08-25T02:24:27Z</time></trkpt><trkpt lat="-39.3649673648" lon="-72.6149706636"><ele>118.03</ele><time>2024-08-25T02:24:28Z</time></trkpt><trkpt lat="-39.3649898283" lon="-72.6150036883"><ele>118.03</ele><time>2024-08-25T02:24:29Z</time></trkpt><trkpt lat="-39.3651180714" lon="-72.6152320113"><ele>116.82</ele><time>2024-08-25T02:24:35Z</time></trkpt><trkpt lat="-39.3651170656" lon="-72.6152662933"><ele>116.68</ele><time>2024-08-25T02:24:36Z</time></trkpt><trkpt lat="-39.3651020620" lon="-72.6153059397"><ele>116.34</ele><time>2024-08-25T02:24:37Z</time></trkpt><trkpt lat="-39.3650747370" lon="-72.6153455861"><ele>116.28</ele><time>2024-08-25T02:24:38Z</time></trkpt><trkpt lat="-39.3650391139" lon="-72.6153867412"><ele>116.12</ele><time>2024-08-25T02:24:39Z</time></trkpt><trkpt lat="-39.3646475114" lon="-72.6157501806"><ele>114.60</ele><time>2024-08-25T02:24:47Z</time></trkpt><trkpt lat="-39.3646129780" lon="-72.6157903299"><ele>114.44</ele><time>2024-08-25T02:24:48Z</time></trkpt><trkpt lat="-39.3645939510" lon="-72.6158328261"><ele>114.49</ele><time>2024-08-25T02:24:49Z</time></trkpt><trkpt lat="-39.3645921908" lon="-72.6158815250"><ele>114.32</ele><time>2024-08-25T02:24:50Z</time></trkpt><trkpt lat="-39.3646036740" lon="-72.6159325708"><ele>114.39</ele><time>2024-08-25T02:24:51Z</time></trkpt><trkpt lat="-39.3646265566" lon="-72.6159839518"><ele>114.25</ele><time>2024-08-25T02:24:52Z</time></trkpt><trkpt lat="-39.3646576535" lon="-72.6160458941"><ele>114.23</ele><time>2024-08-25T02:24:53Z</time></trkpt><trkpt lat="-39.3651159760" lon="-72.6168829110"><ele>112.15</ele><time>2024-08-25T02:25:04Z</time></trkpt><trkpt lat="-39.3651837856" lon="-72.6170027722"><ele>111.62</ele><time>2024-08-25T02:25:10Z</time></trkpt><trkpt lat="-39.3651848752" lon="-72.6170217153"><ele>111.73</ele><time>2024-08-25T02:25:11Z</time></trkpt><trkpt lat="-39.3651790079" lon="-72.6170494594"><ele>111.66</ele><time>2024-08-25T02:25:12Z</time></trkpt><trkpt lat="-39.3651640043" lon="-72.6170800533"><ele>111.80</ele><time>2024-08-25T02:25:13Z</time></trkpt><trkpt lat="-39.3651407026" lon="-72.6171144191"><ele>111.75</ele><time>2024-08-25T02:25:14Z</time></trkpt><trkpt lat="-39.3651085999" lon="-72.6171485335"><ele>111.74</ele><time>2024-08-25T02:25:15Z</time></trkpt><trkpt lat="-39.3650705460" lon="-72.6171866711"><ele>111.83</ele><time>2024-08-25T02:25:16Z</time></trkpt><trkpt lat="-39.3645226210" lon="-72.6176682953"><ele>111.60</ele><time>2024-08-25T02:25:27Z</time></trkpt><trkpt lat="-39.3644232955" lon="-72.6177728176"><ele>111.40</ele><time>2024-08-25T02:25:32Z</time></trkpt><trkpt lat="-39.3644122314" lon="-72.6178345084"><ele>111.41</ele><time>2024-08-25T02:25:33Z</time></trkpt><trkpt lat="-39.3644057773" lon="-72.6179071795"><ele>111.52</ele><time>2024-08-25T02:25:34Z</time></trkpt><trkpt lat="-39.3644031789" lon="-72.6179938484"><ele>111.54</ele><time>2024-08-25T02:25:35Z</time></trkpt><trkpt lat="-39.3644010834" lon="-72.6180863008"><ele>111.67</ele><time>2024-08-25T02:25:36Z</time></trkpt><trkpt lat="-39.3643880077" lon="-72.6186880376"><ele>111.81</ele><time>2024-08-25T02:25:43Z</time></trkpt><trkpt lat="-39.3643943779" lon="-72.6187348925"><ele>111.87</ele><time>2024-08-25T02:25:44Z</time></trkpt><trkpt lat="-39.3644093815" lon="-72.6187646482"><ele>111.78</ele><time>2024-08-25T02:25:45Z</time></trkpt><trkpt lat="-39.3644335214" lon="-72.6187800709"><ele>111.80</ele><time>2024-08-25T02:25:46Z</time></trkpt><trkpt lat="-39.3644628581" lon="-72.6187800709"><ele>111.74</ele><time>2024-08-25T02:25:47Z</time></trkpt><trkpt lat="-39.3644932006" lon="-72.6187663246"><ele>111.82</ele><time>2024-08-25T02:25:48Z</time></trkpt><trkpt lat="-39.3645229563" lon="-72.6187405083"><ele>111.87</ele><time>2024-08-25T02:25:49Z</time></trkpt><trkpt lat="-39.3645565677" lon="-72.6187074836"><ele>111.83</ele><time>2024-08-25T02:25:50Z</time></trkpt><trkpt lat="-39.3645944539" lon="-72.6186666638"><ele>111.89</ele><time>2024-08-25T02:25:51Z</time></trkpt><trkpt lat="-39.3651265372" lon="-72.6181341615"><ele>112.50</ele><time>2024-08-25T02:26:02Z</time></trkpt><trkpt lat="-39.3655243423" lon="-72.6177754998"><ele>112.34</ele><time>2024-08-25T02:26:14Z</time></trkpt><trkpt lat="-39.3658365682" lon="-72.6174995676"><ele>112.60</ele><time>2024-08-25T02:26:23Z</time></trkpt><trkpt lat="-39.3663347047" lon="-72.6170704141"><ele>113.06</ele><time>2024-08-25T02:26:35Z</time></trkpt><trkpt lat="-39.3664834835" lon="-72.6169249881"><ele>112.97</ele><time>2024-08-25T02:26:44Z</time></trkpt><trkpt lat="-39.3667932786" lon="-72.6166421827"><ele>113.32</ele><time>2024-08-25T02:26:57Z</time></trkpt><trkpt lat="-39.3672046624" lon="-72.6162758097"><ele>113.84</ele><time>2024-08-25T02:27:07Z</time></trkpt><trkpt lat="-39.3679079879" lon="-72.6156338397"><ele>114.28</ele><time>2024-08-25T02:27:22Z</time></trkpt><trkpt lat="-39.3679349776" lon="-72.6155491825"><ele>114.06</ele><time>2024-08-25T02:27:26Z</time></trkpt><trkpt lat="-39.3679260090" lon="-72.6155178342"><ele>114.02</ele><time>2024-08-25T02:27:27Z</time></trkpt><trkpt lat="-39.3679087423" lon="-72.6154754218"><ele>114.05</ele><time>2024-08-25T02:27:28Z</time></trkpt><trkpt lat="-39.3678820040" lon="-72.6154273096"><ele>114.06</ele><time>2024-08-25T02:27:29Z</time></trkpt><trkpt lat="-39.3678479735" lon="-72.6153680496"><ele>114.08</ele><time>2024-08-25T02:27:30Z</time></trkpt><trkpt lat="-39.3675622344" lon="-72.6148437615"><ele>113.82</ele><time>2024-08-25T02:27:40Z</time></trkpt><trkpt lat="-39.3675699458" lon="-72.6148080546"><ele>113.76</ele><time>2024-08-25T02:27:41Z</time></trkpt><trkpt lat="-39.3675915711" lon="-72.6147735212"><ele>113.81</ele><time>2024-08-25T02:27:42Z</time></trkpt><trkpt lat="-39.3676279485" lon="-72.6147361379"><ele>113.89</ele><time>2024-08-25T02:27:43Z</time></trkpt><trkpt lat="-39.3676769827" lon="-72.6146905404"><ele>113.86</ele><time>2024-08-25T02:27:44Z</time></trkpt><trkpt lat="-39.3683891091" lon="-72.6140485704"><ele>115.04</ele><time>2024-08-25T02:27:57Z</time></trkpt><trkpt lat="-39.3685161788" lon="-72.6138642523"><ele>115.16</ele><time>2024-08-25T02:28:05Z</time></trkpt><trkpt lat="-39.3685819767" lon="-72.6137843728"><ele>115.10</ele><time>2024-08-25T02:28:18Z</time></trkpt><trkpt lat="-39.3686298374" lon="-72.6137572154"><ele>115.12</ele><time>2024-08-25T02:28:39Z</time></trkpt><trkpt lat="-39.3686445896" lon="-72.6137425471"><ele>115.20</ele><time>2024-08-25T02:28:40Z</time></trkpt><trkpt lat="-39.3686666340" lon="-72.6137184910"><ele>115.09</ele><time>2024-08-25T02:28:41Z</time></trkpt><trkpt lat="-39.3689827155" lon="-72.6133361086"><ele>114.93</ele><time>2024-08-25T02:28:54Z</time></trkpt><trkpt lat="-39.3689804524" lon="-72.6133019105"><ele>114.94</ele><time>2024-08-25T02:28:55Z</time></trkpt><trkpt lat="-39.3689727411" lon="-72.6132661197"><ele>114.79</ele><time>2024-08-25T02:28:56Z</time></trkpt><trkpt lat="-39.3689588271" lon="-72.6132306643"><ele>114.78</ele><time>2024-08-25T02:28:57Z</time></trkpt><trkpt lat="-39.3689430691" lon="-72.6131964661"><ele>114.63</ele><time>2024-08-25T02:28:58Z</time></trkpt><trkpt lat="-39.3688683864" lon="-72.6130398083"><ele>114.63</ele><time>2024-08-25T02:29:03Z</time></trkpt><trkpt lat="-39.3688516226" lon="-72.6130306721"><ele>114.61</ele><time>2024-08-25T02:29:04Z</time></trkpt><trkpt lat="-39.3688332662" lon="-72.6130301692"><ele>114.64</ele><time>2024-08-25T02:29:05Z</time></trkpt><trkpt lat="-39.3688124791" lon="-72.6130414009"><ele>114.70</ele><time>2024-08-25T02:29:06Z</time></trkpt><trkpt lat="-39.3687854894" lon="-72.6130631100"><ele>114.65</ele><time>2024-08-25T02:29:07Z</time></trkpt><trkpt lat="-39.3687590025" lon="-72.6130898483"><ele>114.82</ele><time>2024-08-25T02:29:08Z</time></trkpt><trkpt lat="-39.3687351141" lon="-72.6131180115"><ele>114.82</ele><time>2024-08-25T02:29:09Z</time></trkpt><trkpt lat="-39.3684456870" lon="-72.6134602446"><ele>115.43</ele><time>2024-08-25T02:29:20Z</time></trkpt><trkpt lat="-39.3682794739" lon="-72.6136108674"><ele>115.46</ele><time>2024-08-25T02:29:27Z</time></trkpt><trkpt lat="-39.3682477903" lon="-72.6136010606"><ele>115.52</ele><time>2024-08-25T02:29:28Z</time></trkpt><trkpt lat="-39.3682160228" lon="-72.6135773398"><ele>115.63</ele><time>2024-08-25T02:29:29Z</time></trkpt><trkpt lat="-39.3681835849" lon="-72.6135469973"><ele>115.74</ele><time>2024-08-25T02:29:30Z</time></trkpt><trkpt lat="-39.3681493029" lon="-72.6135124639"><ele>115.74</ele><time>2024-08-25T02:29:31Z</time></trkpt><trkpt lat="-39.3680643104" lon="-72.6133850589"><ele>115.86</ele><time>2024-08-25T02:29:35Z</time></trkpt><trkpt lat="-39.3680691719" lon="-72.6133559737"><ele>115.68</ele><time>2024-08-25T02:29:36Z</time></trkpt><trkpt lat="-39.3680833373" lon="-72.6133241225"><ele>115.55</ele><time>2024-08-25T02:29:37Z</time></trkpt><trkpt lat="-39.3681032024" lon="-72.6132928580"><ele>115.55</ele><time>2024-08-25T02:29:38Z</time></trkpt><trkpt lat="-39.3681239057" lon="-72.6132636890"><ele>115.38</ele><time>2024-08-25T02:29:39Z</time></trkpt><trkpt lat="-39.3684641272" lon="-72.6128725056"><ele>114.71</ele><time>2024-08-25T02:29:52Z</time></trkpt><trkpt lat="-39.3688035943" lon="-72.6124855969"><ele>114.53</ele><time>2024-08-25T02:30:03Z</time></trkpt><trkpt lat="-39.3687787838" lon="-72.6120973472"><ele>114.34</ele><time>2024-08-25T02:30:12Z</time></trkpt><trkpt lat="-39.3687536381" lon="-72.6120836847"><ele>114.34</ele><time>2024-08-25T02:30:13Z</time></trkpt><trkpt lat="-39.3687299173" lon="-72.6120888814"><ele>114.36</ele><time>2024-08-25T02:30:14Z</time></trkpt><trkpt lat="-39.3687030114" lon="-72.6121135242"><ele>114.22</ele><time>2024-08-25T02:30:15Z</time></trkpt><trkpt lat="-39.3686761893" lon="-72.6121430285"><ele>114.22</ele><time>2024-08-25T02:30:16Z</time></trkpt><trkpt lat="-39.3683149293" lon="-72.6125437673"><ele>114.42</ele><time>2024-08-25T02:30:30Z</time></trkpt><trkpt lat="-39.3680122588" lon="-72.6128788758"><ele>115.18</ele><time>2024-08-25T02:30:41Z</time></trkpt><trkpt lat="-39.3677640706" lon="-72.6131408941"><ele>116.46</ele><time>2024-08-25T02:30:52Z</time></trkpt><trkpt lat="-39.3677292857" lon="-72.6131351106"><ele>116.61</ele><time>2024-08-25T02:30:53Z</time></trkpt><trkpt lat="-39.3676918186" lon="-72.6131188497"><ele>116.82</ele><time>2024-08-25T02:30:54Z</time></trkpt><trkpt lat="-39.3676441256" lon="-72.6130883396"><ele>116.94</ele><time>2024-08-25T02:30:55Z</time></trkpt><trkpt lat="-39.3675883859" lon="-72.6130491123"><ele>117.16</ele><time>2024-08-25T02:30:56Z</time></trkpt><trkpt lat="-39.3675345741" lon="-72.6130088791"><ele>117.51</ele><time>2024-08-25T02:30:57Z</time></trkpt><trkpt lat="-39.3671376072" lon="-72.6127450168"><ele>120.70</ele><time>2024-08-25T02:31:05Z</time></trkpt><trkpt lat="-39.3670939375" lon="-72.6127157640"><ele>121.06</ele><time>2024-08-25T02:31:06Z</time></trkpt><trkpt lat="-39.3670593202" lon="-72.6127106510"><ele>121.25</ele><time>2024-08-25T02:31:07Z</time></trkpt><trkpt lat="-39.3670314085" lon="-72.6127186976"><ele>121.14</ele><time>2024-08-25T02:31:08Z</time></trkpt><trkpt lat="-39.3670085259" lon="-72.6127386466"><ele>121.23</ele><time>2024-08-25T02:31:09Z</time></trkpt><trkpt lat="-39.3669835478" lon="-72.6127657201"><ele>121.13</ele><time>2024-08-25T02:31:10Z</time></trkpt><trkpt lat="-39.3668056000" lon="-72.6130160876"><ele>120.26</ele><time>2024-08-25T02:31:18Z</time></trkpt><trkpt lat="-39.3668063544" lon="-72.6130386349"><ele>120.17</ele><time>2024-08-25T02:31:19Z</time></trkpt><trkpt lat="-39.3668146525" lon="-72.6130603440"><ele>120.08</ele><time>2024-08-25T02:31:20Z</time></trkpt><trkpt lat="-39.3668327574" lon="-72.6130780298"><ele>120.02</ele><time>2024-08-25T02:31:21Z</time></trkpt><trkpt lat="-39.3668542989" lon="-72.6130938716"><ele>119.87</ele><time>2024-08-25T02:31:22Z</time></trkpt><trkpt lat="-39.3668830488" lon="-72.6131098811"><ele>119.47</ele><time>2024-08-25T02:31:23Z</time></trkpt><trkpt lat="-39.3669553846" lon="-72.6131556462"><ele>118.58</ele><time>2024-08-25T02:31:25Z</time></trkpt><trkpt lat="-39.3669970427" lon="-72.6131823007"><ele>118.49</ele><time>2024-08-25T02:31:26Z</time></trkpt><trkpt lat="-39.3672995456" lon="-72.6133920159"><ele>115.68</ele><time>2024-08-25T02:31:33Z</time></trkpt><trkpt lat="-39.3673422933" lon="-72.6134213526"><ele>115.39</ele><time>2024-08-25T02:31:34Z</time></trkpt><trkpt lat="-39.3673883099" lon="-72.6134551316"><ele>115.12</ele><time>2024-08-25T02:31:35Z</time></trkpt><trkpt lat="-39.3674308900" lon="-72.6134878211"><ele>114.87</ele><time>2024-08-25T02:31:36Z</time></trkpt><trkpt lat="-39.3674650881" lon="-72.6135173254"><ele>114.70</ele><time>2024-08-25T02:31:37Z</time></trkpt><trkpt lat="-39.3675753940" lon="-72.6137041580"><ele>113.98</ele><time>2024-08-25T02:31:44Z</time></trkpt><trkpt lat="-39.3675625697" lon="-72.6137410384"><ele>114.06</ele><time>2024-08-25T02:31:45Z</time></trkpt><trkpt lat="-39.3675359152" lon="-72.6137793437"><ele>114.03</ele><time>2024-08-25T02:31:46Z</time></trkpt><trkpt lat="-39.3675009627" lon="-72.6138168946"><ele>114.12</ele><time>2024-08-25T02:31:47Z</time></trkpt><trkpt lat="-39.3674629927" lon="-72.6138541941"><ele>114.10</ele><time>2024-08-25T02:31:48Z</time></trkpt><trkpt lat="-39.3673602305" lon="-72.6139317267"><ele>114.40</ele><time>2024-08-25T02:31:51Z</time></trkpt><trkpt lat="-39.3673309777" lon="-72.6139302179"><ele>114.34</ele><time>2024-08-25T02:31:52Z</time></trkpt><trkpt lat="-39.3673052453" lon="-72.6139121130"><ele>114.31</ele><time>2024-08-25T02:31:53Z</time></trkpt><trkpt lat="-39.3672812730" lon="-72.6138827763"><ele>114.53</ele><time>2024-08-25T02:31:54Z</time></trkpt><trkpt lat="-39.3672550377" lon="-72.6138515957"><ele>114.65</ele><time>2024-08-25T02:31:55Z</time></trkpt><trkpt lat="-39.3672276288" lon="-72.6138212532"><ele>114.94</ele><time>2024-08-25T02:31:56Z</time></trkpt><trkpt lat="-39.3671925925" lon="-72.6137928385"><ele>115.06</ele><time>2024-08-25T02:31:57Z</time></trkpt><trkpt lat="-39.3668809533" lon="-72.6135936007"><ele>118.40</ele><time>2024-08-25T02:32:04Z</time></trkpt><trkpt lat="-39.3667101301" lon="-72.6134977955"><ele>121.42</ele><time>2024-08-25T02:32:09Z</time></trkpt><trkpt lat="-39.3666827213" lon="-72.6134622563"><ele>122.16</ele><time>2024-08-25T02:32:11Z</time></trkpt><trkpt lat="-39.3666763511" lon="-72.6134445705"><ele>122.38</ele><time>2024-08-25T02:32:12Z</time></trkpt><trkpt lat="-39.3666776922" lon="-72.6134221908"><ele>122.53</ele><time>2024-08-25T02:32:13Z</time></trkpt><trkpt lat="-39.3666804582" lon="-72.6133968774"><ele>122.61</ele><time>2024-08-25T02:32:14Z</time></trkpt><trkpt lat="-39.3666850682" lon="-72.6133753359"><ele>122.45</ele><time>2024-08-25T02:32:15Z</time></trkpt><trkpt lat="-39.3666941207" lon="-72.6133536268"><ele>122.53</ele><time>2024-08-25T02:32:16Z</time></trkpt><trkpt lat="-39.3667045981" lon="-72.6133247092"><ele>122.32</ele><time>2024-08-25T02:32:17Z</time></trkpt><trkpt lat="-39.3668321706" lon="-72.6129844878"><ele>120.62</ele><time>2024-08-25T02:32:26Z</time></trkpt><trkpt lat="-39.3668889999" lon="-72.6128893532"><ele>121.10</ele><time>2024-08-25T02:32:28Z</time></trkpt><trkpt lat="-39.3669255450" lon="-72.6128451806"><ele>121.09</ele><time>2024-08-25T02:32:29Z</time></trkpt><trkpt lat="-39.3671576399" lon="-72.6127348747"><ele>121.08</ele><time>2024-08-25T02:32:37Z</time></trkpt><trkpt lat="-39.3672072608" lon="-72.6127654687"><ele>120.99</ele><time>2024-08-25T02:32:38Z</time></trkpt><trkpt lat="-39.3676933274" lon="-72.6131448336"><ele>117.58</ele><time>2024-08-25T02:32:47Z</time></trkpt><trkpt lat="-39.3685239740" lon="-72.6140105166"><ele>116.00</ele><time>2024-08-25T02:33:00Z</time></trkpt><trkpt lat="-39.3691029120" lon="-72.6149524748"><ele>115.70</ele><time>2024-08-25T02:33:12Z</time></trkpt><trkpt lat="-39.3692098651" lon="-72.6152040157"><ele>115.71</ele><time>2024-08-25T02:33:15Z</time></trkpt><trkpt lat="-39.3692581449" lon="-72.6154125575"><ele>115.40</ele><time>2024-08-25T02:33:22Z</time></trkpt><trkpt lat="-39.3692540377" lon="-72.6153718214"><ele>115.50</ele><time>2024-08-25T02:33:47Z</time></trkpt><trkpt lat="-39.3692515232" lon="-72.6154208556"><ele>115.35</ele><time>2024-08-25T02:33:58Z</time></trkpt><trkpt lat="-39.3692767527" lon="-72.6155613363"><ele>115.74</ele><time>2024-08-25T02:34:01Z</time></trkpt><trkpt lat="-39.3692864757" lon="-72.6156249549"><ele>115.73</ele><time>2024-08-25T02:34:02Z</time></trkpt><trkpt lat="-39.3693003058" lon="-72.6157428883"><ele>115.84</ele><time>2024-08-25T02:34:04Z</time></trkpt><trkpt lat="-39.3692966178" lon="-72.6157920901"><ele>115.86</ele><time>2024-08-25T02:34:05Z</time></trkpt><trkpt lat="-39.3692781776" lon="-72.6158348378"><ele>115.73</ele><time>2024-08-25T02:34:06Z</time></trkpt><trkpt lat="-39.3692481704" lon="-72.6158709638"><ele>115.89</ele><time>2024-08-25T02:34:07Z</time></trkpt><trkpt lat="-39.3692076020" lon="-72.6159079280"><ele>115.99</ele><time>2024-08-25T02:34:08Z</time></trkpt><trkpt lat="-39.3691595737" lon="-72.6159491669"><ele>116.14</ele><time>2024-08-25T02:34:09Z</time></trkpt><trkpt lat="-39.3687813822" lon="-72.6162618119"><ele>115.38</ele><time>2024-08-25T02:34:17Z</time></trkpt><trkpt lat="-39.3687375449" lon="-72.6162577886"><ele>115.40</ele><time>2024-08-25T02:34:18Z</time></trkpt><trkpt lat="-39.3686896842" lon="-72.6162359118"><ele>115.37</ele><time>2024-08-25T02:34:19Z</time></trkpt><trkpt lat="-39.3686437514" lon="-72.6162028033"><ele>115.39</ele><time>2024-08-25T02:34:20Z</time></trkpt><trkpt lat="-39.3685955554" lon="-72.6161654200"><ele>115.48</ele><time>2024-08-25T02:34:21Z</time></trkpt><trkpt lat="-39.3683680706" lon="-72.6160002965"><ele>115.30</ele><time>2024-08-25T02:34:26Z</time></trkpt><trkpt lat="-39.3683166895" lon="-72.6159822755"><ele>115.27</ele><time>2024-08-25T02:34:27Z</time></trkpt><trkpt lat="-39.3682576809" lon="-72.6159807667"><ele>115.11</ele><time>2024-08-25T02:34:28Z</time></trkpt><trkpt lat="-39.3681988399" lon="-72.6159949321"><ele>115.26</ele><time>2024-08-25T02:34:29Z</time></trkpt><trkpt lat="-39.3681418430" lon="-72.6160240173"><ele>115.32</ele><time>2024-08-25T02:34:30Z</time></trkpt><trkpt lat="-39.3680838402" lon="-72.6160661783"><ele>115.33</ele><time>2024-08-25T02:34:31Z</time></trkpt><trkpt lat="-39.3680253346" lon="-72.6161173917"><ele>115.42</ele><time>2024-08-25T02:34:32Z</time></trkpt><trkpt lat="-39.3671448994" lon="-72.6169129182"><ele>115.06</ele><time>2024-08-25T02:34:48Z</time></trkpt><trkpt lat="-39.3663124926" lon="-72.6176553871"><ele>114.57</ele><time>2024-08-25T02:35:03Z</time></trkpt><trkpt lat="-39.3658810761" lon="-72.6180215925"><ele>114.23</ele><time>2024-08-25T02:35:15Z</time></trkpt><trkpt lat="-39.3658509851" lon="-72.6180882286"><ele>114.01</ele><time>2024-08-25T02:35:18Z</time></trkpt><trkpt lat="-39.3658533320" lon="-72.6181315631"><ele>113.90</ele><time>2024-08-25T02:35:19Z</time></trkpt><trkpt lat="-39.3658656534" lon="-72.6181857102"><ele>113.98</ele><time>2024-08-25T02:35:20Z</time></trkpt><trkpt lat="-39.3658846803" lon="-72.6182305533"><ele>114.15</ele><time>2024-08-25T02:35:21Z</time></trkpt><trkpt lat="-39.3659100775" lon="-72.6182806771"><ele>114.13</ele><time>2024-08-25T02:35:22Z</time></trkpt><trkpt lat="-39.3659367319" lon="-72.6183277834"><ele>114.30</ele><time>2024-08-25T02:35:23Z</time></trkpt><trkpt lat="-39.3660244066" lon="-72.6183852833"><ele>114.34</ele><time>2024-08-25T02:35:26Z</time></trkpt><trkpt lat="-39.3660564255" lon="-72.6183789130"><ele>114.33</ele><time>2024-08-25T02:35:27Z</time></trkpt><trkpt lat="-39.3660928868" lon="-72.6183646638"><ele>114.40</ele><time>2024-08-25T02:35:28Z</time></trkpt><trkpt lat="-39.3661272526" lon="-72.6183416136"><ele>114.32</ele><time>2024-08-25T02:35:29Z</time></trkpt><trkpt lat="-39.3661601935" lon="-72.6183136180"><ele>114.38</ele><time>2024-08-25T02:35:30Z</time></trkpt><trkpt lat="-39.3661938887" lon="-72.6182844490"><ele>114.43</ele><time>2024-08-25T02:35:31Z</time></trkpt><trkpt lat="-39.3662232254" lon="-72.6182572916"><ele>114.41</ele><time>2024-08-25T02:35:32Z</time></trkpt><trkpt lat="-39.3666025065" lon="-72.6179483347"><ele>114.67</ele><time>2024-08-25T02:35:46Z</time></trkpt><trkpt lat="-39.3666621856" lon="-72.6178744901"><ele>114.77</ele><time>2024-08-25T02:35:58Z</time></trkpt><trkpt lat="-39.3666610960" lon="-72.6178940199"><ele>115.00</ele><time>2024-08-25T02:36:28Z</time></trkpt><trkpt lat="-39.3666849844" lon="-72.6178494282"><ele>115.10</ele><time>2024-08-25T02:36:51Z</time></trkpt><trkpt lat="-39.3667000718" lon="-72.6178140566"><ele>115.12</ele><time>2024-08-25T02:36:57Z</time></trkpt><trkpt lat="-39.3668910954" lon="-72.6176784374"><ele>115.40</ele><time>2024-08-25T02:37:08Z</time></trkpt><trkpt lat="-39.3669698015" lon="-72.6176128071"><ele>115.54</ele><time>2024-08-25T02:37:10Z</time></trkpt><trkpt lat="-39.3672363460" lon="-72.6173464302"><ele>115.74</ele><time>2024-08-25T02:37:19Z</time></trkpt><trkpt lat="-39.3672507629" lon="-72.6173452567"><ele>115.73</ele><time>2024-08-25T02:37:20Z</time></trkpt><trkpt lat="-39.3672678620" lon="-72.6173520461"><ele>115.83</ele><time>2024-08-25T02:37:21Z</time></trkpt><trkpt lat="-39.3672850449" lon="-72.6173678041"><ele>115.83</ele><time>2024-08-25T02:37:22Z</time></trkpt><trkpt lat="-39.3673011381" lon="-72.6173917763"><ele>115.80</ele><time>2024-08-25T02:37:23Z</time></trkpt><trkpt lat="-39.3673184048" lon="-72.6174210291"><ele>115.81</ele><time>2024-08-25T02:37:24Z</time></trkpt><trkpt lat="-39.3674080074" lon="-72.6175924391"><ele>116.00</ele><time>2024-08-25T02:37:31Z</time></trkpt><trkpt lat="-39.3674266152" lon="-72.6175957080"><ele>115.92</ele><time>2024-08-25T02:37:32Z</time></trkpt><trkpt lat="-39.3674555328" lon="-72.6175919361"><ele>116.03</ele><time>2024-08-25T02:37:33Z</time></trkpt><trkpt lat="-39.3674911559" lon="-72.6175908465"><ele>116.09</ele><time>2024-08-25T02:37:34Z</time></trkpt><trkpt lat="-39.3675256893" lon="-72.6175739150"><ele>116.26</ele><time>2024-08-25T02:37:35Z</time></trkpt><trkpt lat="-39.3675603066" lon="-72.6175489370"><ele>116.44</ele><time>2024-08-25T02:37:36Z</time></trkpt><trkpt lat="-39.3677002843" lon="-72.6174854860"><ele>116.57</ele><time>2024-08-25T02:37:40Z</time></trkpt><trkpt lat="-39.3677259330" lon="-72.6175052673"><ele>116.56</ele><time>2024-08-25T02:37:41Z</time></trkpt><trkpt lat="-39.3677486479" lon="-72.6175408904"><ele>116.40</ele><time>2024-08-25T02:37:42Z</time></trkpt><trkpt lat="-39.3677671719" lon="-72.6175870746"><ele>116.49</ele><time>2024-08-25T02:37:43Z</time></trkpt><trkpt lat="-39.3677794095" lon="-72.6176503580"><ele>116.50</ele><time>2024-08-25T02:37:44Z</time></trkpt><trkpt lat="-39.3677884620" lon="-72.6177282259"><ele>116.51</ele><time>2024-08-25T02:37:45Z</time></trkpt><trkpt lat="-39.3677957542" lon="-72.6178178284"><ele>116.50</ele><time>2024-08-25T02:37:46Z</time></trkpt><trkpt lat="-39.3678761367" lon="-72.6182367560"><ele>115.93</ele><time>2024-08-25T02:37:53Z</time></trkpt><trkpt lat="-39.3678980973" lon="-72.6182528492"><ele>115.89</ele><time>2024-08-25T02:37:54Z</time></trkpt><trkpt lat="-39.3679296970" lon="-72.6182558667"><ele>115.87</ele><time>2024-08-25T02:37:55Z</time></trkpt><trkpt lat="-39.3679653201" lon="-72.6182448026"><ele>115.85</ele><time>2024-08-25T02:37:56Z</time></trkpt><trkpt lat="-39.3680083193" lon="-72.6182243507"><ele>115.95</ele><time>2024-08-25T02:37:57Z</time></trkpt><trkpt lat="-39.3680524081" lon="-72.6181927510"><ele>115.97</ele><time>2024-08-25T02:37:58Z</time></trkpt><trkpt lat="-39.3680977542" lon="-72.6181567926"><ele>116.13</ele><time>2024-08-25T02:37:59Z</time></trkpt><trkpt lat="-39.3681420945" lon="-72.6181156375"><ele>116.02</ele><time>2024-08-25T02:38:00Z</time></trkpt><trkpt lat="-39.3682420906" lon="-72.6180351712"><ele>116.13</ele><time>2024-08-25T02:38:02Z</time></trkpt><trkpt lat="-39.3682992551" lon="-72.6180083491"><ele>116.27</ele><time>2024-08-25T02:38:03Z</time></trkpt><trkpt lat="-39.3683581799" lon="-72.6179886516"><ele>116.27</ele><time>2024-08-25T02:38:04Z</time></trkpt><trkpt lat="-39.3685395643" lon="-72.6179246139"><ele>116.46</ele><time>2024-08-25T02:38:07Z</time></trkpt><trkpt lat="-39.3685922027" lon="-72.6178794354"><ele>116.57</ele><time>2024-08-25T02:38:08Z</time></trkpt><trkpt lat="-39.3686409853" lon="-72.6178236119"><ele>116.54</ele><time>2024-08-25T02:38:09Z</time></trkpt><trkpt lat="-39.3686752673" lon="-72.6177546289"><ele>116.55</ele><time>2024-08-25T02:38:10Z</time></trkpt><trkpt lat="-39.3687024247" lon="-72.6176827122"><ele>116.53</ele><time>2024-08-25T02:38:11Z</time></trkpt><trkpt lat="-39.3687254749" lon="-72.6176093705"><ele>116.57</ele><time>2024-08-25T02:38:12Z</time></trkpt><trkpt lat="-39.3687542249" lon="-72.6175469253"><ele>116.52</ele><time>2024-08-25T02:38:13Z</time></trkpt><trkpt lat="-39.3687955476" lon="-72.6174894255"><ele>116.43</ele><time>2024-08-25T02:38:14Z</time></trkpt><trkpt lat="-39.3688399717" lon="-72.6174370386"><ele>116.61</ele><time>2024-08-25T02:38:15Z</time></trkpt><trkpt lat="-39.3688857369" lon="-72.6173876692"><ele>116.60</ele><time>2024-08-25T02:38:16Z</time></trkpt><trkpt lat="-39.3693627510" lon="-72.6169668976"><ele>117.42</ele><time>2024-08-25T02:38:28Z</time></trkpt><trkpt lat="-39.3694243580" lon="-72.6169907860"><ele>117.18</ele><time>2024-08-25T02:38:31Z</time></trkpt><trkpt lat="-39.3694460671" lon="-72.6170258224"><ele>117.28</ele><time>2024-08-25T02:38:32Z</time></trkpt><trkpt lat="-39.3694608193" lon="-72.6170787122"><ele>117.33</ele><time>2024-08-25T02:38:33Z</time></trkpt><trkpt lat="-39.3695603125" lon="-72.6178093627"><ele>117.71</ele><time>2024-08-25T02:38:41Z</time></trkpt><trkpt lat="-39.3695624080" lon="-72.6178786810"><ele>117.63</ele><time>2024-08-25T02:38:42Z</time></trkpt><trkpt lat="-39.3695516791" lon="-72.6179355942"><ele>117.61</ele><time>2024-08-25T02:38:43Z</time></trkpt><trkpt lat="-39.3695243541" lon="-72.6179883163"><ele>117.71</ele><time>2024-08-25T02:38:44Z</time></trkpt><trkpt lat="-39.3694729730" lon="-72.6180367637"><ele>117.78</ele><time>2024-08-25T02:38:45Z</time></trkpt><trkpt lat="-39.3694117013" lon="-72.6180992927"><ele>117.90</ele><time>2024-08-25T02:38:46Z</time></trkpt><trkpt lat="-39.3691786844" lon="-72.6183187310"><ele>117.69</ele><time>2024-08-25T02:38:50Z</time></trkpt><trkpt lat="-39.3691199273" lon="-72.6183368359"><ele>117.68</ele><time>2024-08-25T02:38:51Z</time></trkpt><trkpt lat="-39.3690589909" lon="-72.6183390152"><ele>117.74</ele><time>2024-08-25T02:38:52Z</time></trkpt><trkpt lat="-39.3688089587" lon="-72.6183085050"><ele>117.65</ele><time>2024-08-25T02:38:56Z</time></trkpt><trkpt lat="-39.3687474355" lon="-72.6183207426"><ele>117.64</ele><time>2024-08-25T02:38:57Z</time></trkpt><trkpt lat="-39.3686908577" lon="-72.6183426194"><ele>117.51</ele><time>2024-08-25T02:38:58Z</time></trkpt><trkpt lat="-39.3686409853" lon="-72.6183763985"><ele>117.50</ele><time>2024-08-25T02:38:59Z</time></trkpt><trkpt lat="-39.3685937114" lon="-72.6184219122"><ele>117.42</ele><time>2024-08-25T02:39:00Z</time></trkpt><trkpt lat="-39.3685449287" lon="-72.6184721198"><ele>117.38</ele><time>2024-08-25T02:39:01Z</time></trkpt><trkpt lat="-39.3680080678" lon="-72.6190116629"><ele>117.07</ele><time>2024-08-25T02:39:13Z</time></trkpt><trkpt lat="-39.3673852924" lon="-72.6195779443"><ele>117.28</ele><time>2024-08-25T02:39:25Z</time></trkpt><trkpt lat="-39.3670008145" lon="-72.6199536212"><ele>116.58</ele><time>2024-08-25T02:39:35Z</time></trkpt><trkpt lat="-39.3669669516" lon="-72.6199885737"><ele>116.34</ele><time>2024-08-25T02:39:41Z</time></trkpt><trkpt lat="-39.3668966275" lon="-72.6200519409"><ele>116.47</ele><time>2024-08-25T02:39:44Z</time></trkpt><trkpt lat="-39.3664653786" lon="-72.6204720419"><ele>116.64</ele><time>2024-08-25T02:39:53Z</time></trkpt><trkpt lat="-39.3655942474" lon="-72.6212922949"><ele>115.49</ele><time>2024-08-25T02:40:09Z</time></trkpt><trkpt lat="-39.3649866432" lon="-72.6218747534"><ele>115.16</ele><time>2024-08-25T02:40:22Z</time></trkpt><trkpt lat="-39.3643793743" lon="-72.6224405318"><ele>114.38</ele><time>2024-08-25T02:40:35Z</time></trkpt><trkpt lat="-39.3643068708" lon="-72.6225768216"><ele>114.51</ele><time>2024-08-25T02:40:41Z</time></trkpt><trkpt lat="-39.3643041886" lon="-72.6226327289"><ele>114.46</ele><time>2024-08-25T02:40:42Z</time></trkpt><trkpt lat="-39.3643190246" lon="-72.6230347250"><ele>114.64</ele><time>2024-08-25T02:40:50Z</time></trkpt><trkpt lat="-39.3643416557" lon="-72.6230566017"><ele>114.72</ele><time>2024-08-25T02:40:51Z</time></trkpt><trkpt lat="-39.3643710762" lon="-72.6230590325"><ele>114.77</ele><time>2024-08-25T02:40:52Z</time></trkpt><trkpt lat="-39.3644051906" lon="-72.6230454538"><ele>114.68</ele><time>2024-08-25T02:40:53Z</time></trkpt><trkpt lat="-39.3644409813" lon="-72.6230196375"><ele>114.82</ele><time>2024-08-25T02:40:54Z</time></trkpt><trkpt lat="-39.3644780293" lon="-72.6229862776"><ele>114.76</ele><time>2024-08-25T02:40:55Z</time></trkpt><trkpt lat="-39.3645162508" lon="-72.6229473017"><ele>114.69</ele><time>2024-08-25T02:40:56Z</time></trkpt><trkpt lat="-39.3646288197" lon="-72.6228297036"><ele>114.83</ele><time>2024-08-25T02:40:59Z</time></trkpt><trkpt lat="-39.3647812027" lon="-72.6226633228"><ele>114.80</ele><time>2024-08-25T02:41:08Z</time></trkpt><trkpt lat="-39.3648024928" lon="-72.6226253528"><ele>114.71</ele><time>2024-08-25T02:41:11Z</time></trkpt><trkpt lat="-39.3650115374" lon="-72.6223548688"><ele>115.12</ele><time>2024-08-25T02:41:21Z</time></trkpt><trkpt lat="-39.3650564644" lon="-72.6222619973"><ele>115.19</ele><time>2024-08-25T02:41:23Z</time></trkpt><trkpt lat="-39.3650885671" lon="-72.6222185791"><ele>115.28</ele><time>2024-08-25T02:41:24Z</time></trkpt><trkpt lat="-39.3651258666" lon="-72.6221783459"><ele>115.30</ele><time>2024-08-25T02:41:25Z</time></trkpt><trkpt lat="-39.3656012043" lon="-72.6216707379"><ele>115.46</ele><time>2024-08-25T02:41:37Z</time></trkpt><trkpt lat="-39.3656991050" lon="-72.6214731764"><ele>115.48</ele><time>2024-08-25T02:41:42Z</time></trkpt><trkpt lat="-39.3657348957" lon="-72.6214280818"><ele>115.60</ele><time>2024-08-25T02:41:43Z</time></trkpt><trkpt lat="-39.3661290966" lon="-72.6211259142"><ele>115.80</ele><time>2024-08-25T02:41:53Z</time></trkpt><trkpt lat="-39.3661595229" lon="-72.6211650576"><ele>115.75</ele><time>2024-08-25T02:41:54Z</time></trkpt><trkpt lat="-39.3664381374" lon="-72.6215614378"><ele>115.46</ele><time>2024-08-25T02:42:02Z</time></trkpt><trkpt lat="-39.3664670549" lon="-72.6215543132"><ele>115.39</ele><time>2024-08-25T02:42:03Z</time></trkpt><trkpt lat="-39.3664934579" lon="-72.6215325203"><ele>115.39</ele><time>2024-08-25T02:42:04Z</time></trkpt><trkpt lat="-39.3668415584" lon="-72.6211836655"><ele>116.32</ele><time>2024-08-25T02:42:15Z</time></trkpt><trkpt lat="-39.3672131281" lon="-72.6208085753"><ele>116.89</ele><time>2024-08-25T02:42:26Z</time></trkpt><trkpt lat="-39.3672794290" lon="-72.6206489000"><ele>117.11</ele><time>2024-08-25T02:42:34Z</time></trkpt><trkpt lat="-39.3672677781" lon="-72.6206198148"><ele>117.11</ele><time>2024-08-25T02:42:35Z</time></trkpt><trkpt lat="-39.3672521040" lon="-72.6205870416"><ele>117.11</ele><time>2024-08-25T02:42:36Z</time></trkpt><trkpt lat="-39.3672020640" lon="-72.6204556134"><ele>117.24</ele><time>2024-08-25T02:42:40Z</time></trkpt><trkpt lat="-39.3672096916" lon="-72.6204321440"><ele>117.11</ele><time>2024-08-25T02:42:41Z</time></trkpt><trkpt lat="-39.3672928400" lon="-72.6203259453"><ele>117.32</ele><time>2024-08-25T02:42:45Z</time></trkpt><trkpt lat="-39.3673196621" lon="-72.6203005482"><ele>117.26</ele><time>2024-08-25T02:42:46Z</time></trkpt><trkpt lat="-39.3675304670" lon="-72.6201149728"><ele>117.48</ele><time>2024-08-25T02:42:55Z</time></trkpt><trkpt lat="-39.3675731309" lon="-72.6201422140"><ele>117.41</ele><time>2024-08-25T02:42:57Z</time></trkpt><trkpt lat="-39.3675920740" lon="-72.6201733947"><ele>117.42</ele><time>2024-08-25T02:42:58Z</time></trkpt><trkpt lat="-39.3676105142" lon="-72.6202085149"><ele>117.41</ele><time>2024-08-25T02:42:59Z</time></trkpt><trkpt lat="-39.3676266912" lon="-72.6202416234"><ele>117.43</ele><time>2024-08-25T02:43:00Z</time></trkpt><trkpt lat="-39.3676743843" lon="-72.6203153841"><ele>117.45</ele><time>2024-08-25T02:43:03Z</time></trkpt><trkpt lat="-39.3676970154" lon="-72.6203174796"><ele>117.43</ele><time>2024-08-25T02:43:04Z</time></trkpt><trkpt lat="-39.3677195627" lon="-72.6203076728"><ele>117.39</ele><time>2024-08-25T02:43:05Z</time></trkpt><trkpt lat="-39.3677467201" lon="-72.6202907413"><ele>117.47</ele><time>2024-08-25T02:43:06Z</time></trkpt><trkpt lat="-39.3677796610" lon="-72.6202680264"><ele>117.44</ele><time>2024-08-25T02:43:07Z</time></trkpt><trkpt lat="-39.3683140911" lon="-72.6197581552"><ele>117.93</ele><time>2024-08-25T02:43:20Z</time></trkpt><trkpt lat="-39.3688704818" lon="-72.6192457695"><ele>118.13</ele><time>2024-08-25T02:43:32Z</time></trkpt><trkpt lat="-39.3689157441" lon="-72.6192446798"><ele>118.13</ele><time>2024-08-25T02:43:35Z</time></trkpt><trkpt lat="-39.3689277302" lon="-72.6192575879"><ele>118.19</ele><time>2024-08-25T02:43:36Z</time></trkpt><trkpt lat="-39.3689371180" lon="-72.6192731783"><ele>118.07</ele><time>2024-08-25T02:43:37Z</time></trkpt><trkpt lat="-39.3689424824" lon="-72.6192950550"><ele>118.06</ele><time>2024-08-25T02:43:38Z</time></trkpt><trkpt lat="-39.3689478468" lon="-72.6193261519"><ele>118.16</ele><time>2024-08-25T02:43:39Z</time></trkpt><trkpt lat="-39.3690503575" lon="-72.6197972149"><ele>118.03</ele><time>2024-08-25T02:43:49Z</time></trkpt><trkpt lat="-39.3690476753" lon="-72.6198243722"><ele>118.08</ele><time>2024-08-25T02:43:50Z</time></trkpt><trkpt lat="-39.3690406345" lon="-72.6198490988"><ele>118.11</ele><time>2024-08-25T02:43:51Z</time></trkpt><trkpt lat="-39.3690247927" lon="-72.6198775973"><ele>118.06</ele><time>2024-08-25T02:43:52Z</time></trkpt><trkpt lat="-39.3690039217" lon="-72.6199088618"><ele>118.08</ele><time>2024-08-25T02:43:53Z</time></trkpt><trkpt lat="-39.3685855810" lon="-72.6203474868"><ele>117.98</ele><time>2024-08-25T02:44:03Z</time></trkpt><trkpt lat="-39.3677601311" lon="-72.6211446058"><ele>117.29</ele><time>2024-08-25T02:44:20Z</time></trkpt><trkpt lat="-39.3676701933" lon="-72.6212772913"><ele>117.11</ele><time>2024-08-25T02:44:26Z</time></trkpt><trkpt lat="-39.3676752225" lon="-72.6213114895"><ele>116.95</ele><time>2024-08-25T02:44:27Z</time></trkpt><trkpt lat="-39.3676861189" lon="-72.6213497110"><ele>116.96</ele><time>2024-08-25T02:44:28Z</time></trkpt><trkpt lat="-39.3677050620" lon="-72.6213974878"><ele>117.02</ele><time>2024-08-25T02:44:29Z</time></trkpt><trkpt lat="-39.3677307107" lon="-72.6214564126"><ele>116.99</ele><time>2024-08-25T02:44:30Z</time></trkpt><trkpt lat="-39.3681562599" lon="-72.6222657692"><ele>116.88</ele><time>2024-08-25T02:44:41Z</time></trkpt><trkpt lat="-39.3683648016" lon="-72.6225853711"><ele>116.67</ele><time>2024-08-25T02:44:50Z</time></trkpt><trkpt lat="-39.3684100639" lon="-72.6225983631"><ele>116.74</ele><time>2024-08-25T02:44:51Z</time></trkpt><trkpt lat="-39.3684580084" lon="-72.6225919090"><ele>116.80</ele><time>2024-08-25T02:44:52Z</time></trkpt><trkpt lat="-39.3685067073" lon="-72.6225682721"><ele>116.92</ele><time>2024-08-25T02:44:53Z</time></trkpt><trkpt lat="-39.3685579207" lon="-72.6225231774"><ele>117.08</ele><time>2024-08-25T02:44:54Z</time></trkpt><trkpt lat="-39.3686119840" lon="-72.6224627439"><ele>117.03</ele><time>2024-08-25T02:44:55Z</time></trkpt><trkpt lat="-39.3686716631" lon="-72.6223930903"><ele>117.08</ele><time>2024-08-25T02:44:56Z</time></trkpt><trkpt lat="-39.3697249331" lon="-72.6213127468"><ele>117.53</ele><time>2024-08-25T02:45:13Z</time></trkpt><trkpt lat="-39.3700546771" lon="-72.6209819131"><ele>117.34</ele><time>2024-08-25T02:45:22Z</time></trkpt><trkpt lat="-39.3701043818" lon="-72.6207049750"><ele>117.76</ele><time>2024-08-25T02:45:31Z</time></trkpt><trkpt lat="-39.3700828403" lon="-72.6205421984"><ele>117.29</ele><time>2024-08-25T02:45:36Z</time></trkpt><trkpt lat="-39.3701040465" lon="-72.6204972714"><ele>117.29</ele><time>2024-08-25T02:45:37Z</time></trkpt><trkpt lat="-39.3701338861" lon="-72.6204471476"><ele>117.27</ele><time>2024-08-25T02:45:38Z</time></trkpt><trkpt lat="-39.3706492893" lon="-72.6197721530"><ele>116.25</ele><time>2024-08-25T02:45:48Z</time></trkpt><trkpt lat="-39.3715435546" lon="-72.6184098423"><ele>114.31</ele><time>2024-08-25T02:46:04Z</time></trkpt><trkpt lat="-39.3723252509" lon="-72.6168314461"><ele>113.66</ele><time>2024-08-25T02:46:21Z</time></trkpt><trkpt lat="-39.3730913568" lon="-72.6155178342"><ele>114.09</ele><time>2024-08-25T02:46:36Z</time></trkpt><trkpt lat="-39.3734907545" lon="-72.6140701119"><ele>112.63</ele><time>2024-08-25T02:46:50Z</time></trkpt><trkpt lat="-39.3739195727" lon="-72.6122835092"><ele>113.26</ele><time>2024-08-25T02:47:07Z</time></trkpt><trkpt lat="-39.3740270287" lon="-72.6107780356"><ele>115.04</ele><time>2024-08-25T02:47:21Z</time></trkpt><trkpt lat="-39.3740188144" lon="-72.6092314906"><ele>115.97</ele><time>2024-08-25T02:47:35Z</time></trkpt><trkpt lat="-39.3739240989" lon="-72.6075919066"><ele>116.70</ele><time>2024-08-25T02:47:50Z</time></trkpt><trkpt lat="-39.3736469932" lon="-72.6058696769"><ele>117.17</ele><time>2024-08-25T02:48:06Z</time></trkpt><trkpt lat="-39.3734147307" lon="-72.6044489443"><ele>117.82</ele><time>2024-08-25T02:48:19Z</time></trkpt><trkpt lat="-39.3733012397" lon="-72.6041599363"><ele>117.98</ele><time>2024-08-25T02:48:22Z</time></trkpt><trkpt lat="-39.3732495233" lon="-72.6040683221"><ele>118.01</ele><time>2024-08-25T02:48:23Z</time></trkpt><trkpt lat="-39.3724919669" lon="-72.6028890721"><ele>118.47</ele><time>2024-08-25T02:48:37Z</time></trkpt><trkpt lat="-39.3722856883" lon="-72.6021608524"><ele>118.37</ele><time>2024-08-25T02:48:44Z</time></trkpt><trkpt lat="-39.3722876161" lon="-72.6020471100"><ele>118.39</ele><time>2024-08-25T02:48:45Z</time></trkpt><trkpt lat="-39.3722970039" lon="-72.6019336190"><ele>118.22</ele><time>2024-08-25T02:48:46Z</time></trkpt><trkpt lat="-39.3723125104" lon="-72.6018230617"><ele>118.14</ele><time>2024-08-25T02:48:47Z</time></trkpt><trkpt lat="-39.3723370694" lon="-72.6017135940"><ele>118.07</ele><time>2024-08-25T02:48:48Z</time></trkpt><trkpt lat="-39.3723675795" lon="-72.6016062219"><ele>117.90</ele><time>2024-08-25T02:48:49Z</time></trkpt><trkpt lat="-39.3724028673" lon="-72.6015039627"><ele>117.78</ele><time>2024-08-25T02:48:50Z</time></trkpt><trkpt lat="-39.3724394962" lon="-72.6014017873"><ele>117.83</ele><time>2024-08-25T02:48:51Z</time></trkpt><trkpt lat="-39.3730682228" lon="-72.5998184457"><ele>118.96</ele><time>2024-08-25T02:49:07Z</time></trkpt><trkpt lat="-39.3736660201" lon="-72.5982190110"><ele>120.49</ele><time>2024-08-25T02:49:23Z</time></trkpt><trkpt lat="-39.3740165513" lon="-72.5966356695"><ele>120.78</ele><time>2024-08-25T02:49:38Z</time></trkpt><trkpt lat="-39.3743897974" lon="-72.5946032256"><ele>121.40</ele><time>2024-08-25T02:49:57Z</time></trkpt><trkpt lat="-39.3747570924" lon="-72.5925716199"><ele>122.04</ele><time>2024-08-25T02:50:16Z</time></trkpt><trkpt lat="-39.3750844058" lon="-72.5907447003"><ele>122.69</ele><time>2024-08-25T02:50:33Z</time></trkpt><trkpt lat="-39.3753132317" lon="-72.5895734131"><ele>122.55</ele><time>2024-08-25T02:50:46Z</time></trkpt><trkpt lat="-39.3753515370" lon="-72.5893268175"><ele>122.38</ele><time>2024-08-25T02:50:56Z</time></trkpt><trkpt lat="-39.3753404729" lon="-72.5892522186"><ele>122.56</ele><time>2024-08-25T02:50:59Z</time></trkpt><trkpt lat="-39.3753236253" lon="-72.5892267376"><ele>122.55</ele><time>2024-08-25T02:51:00Z</time></trkpt><trkpt lat="-39.3753026705" lon="-72.5892088842"><ele>122.63</ele><time>2024-08-25T02:51:01Z</time></trkpt><trkpt lat="-39.3752836436" lon="-72.5891959760"><ele>122.64</ele><time>2024-08-25T02:51:02Z</time></trkpt><trkpt lat="-39.3752709869" lon="-72.5891873427"><ele>122.57</ele><time>2024-08-25T02:51:03Z</time></trkpt><trkpt lat="-39.3752934504" lon="-72.5891844090"><ele>122.51</ele><time>2024-08-25T02:51:16Z</time></trkpt><trkpt lat="-39.3752709869" lon="-72.5893592555"><ele>122.51</ele><time>2024-08-25T02:51:24Z</time></trkpt><trkpt lat="-39.3751042709" lon="-72.5903289579"><ele>122.72</ele><time>2024-08-25T02:51:34Z</time></trkpt><trkpt lat="-39.3748232257" lon="-72.5918979663"><ele>122.22</ele><time>2024-08-25T02:51:48Z</time></trkpt><trkpt lat="-39.3744411785" lon="-72.5940560549"><ele>121.45</ele><time>2024-08-25T02:52:07Z</time></trkpt><trkpt lat="-39.3740836903" lon="-72.5960910134"><ele>120.65</ele><time>2024-08-25T02:52:25Z</time></trkpt><trkpt lat="-39.3737339973" lon="-72.5978937093"><ele>119.80</ele><time>2024-08-25T02:52:41Z</time></trkpt><trkpt lat="-39.3733079452" lon="-72.5992514100"><ele>118.97</ele><time>2024-08-25T02:52:54Z</time></trkpt><trkpt lat="-39.3725887779" lon="-72.6009902358"><ele>117.29</ele><time>2024-08-25T02:53:11Z</time></trkpt><trkpt lat="-39.3722877000" lon="-72.6018042862"><ele>117.28</ele><time>2024-08-25T02:53:19Z</time></trkpt><trkpt lat="-39.3722524121" lon="-72.6022408158"><ele>117.76</ele><time>2024-08-25T02:53:23Z</time></trkpt><trkpt lat="-39.3722652365" lon="-72.6023561507"><ele>118.02</ele><time>2024-08-25T02:53:24Z</time></trkpt><trkpt lat="-39.3722867779" lon="-72.6024703961"><ele>118.04</ele><time>2024-08-25T02:53:25Z</time></trkpt><trkpt lat="-39.3723177910" lon="-72.6025832165"><ele>118.15</ele><time>2024-08-25T02:53:26Z</time></trkpt><trkpt lat="-39.3723530788" lon="-72.6026929356"><ele>118.23</ele><time>2024-08-25T02:53:27Z</time></trkpt><trkpt lat="-39.3723925576" lon="-72.6028013136"><ele>118.17</ele><time>2024-08-25T02:53:28Z</time></trkpt><trkpt lat="-39.3730606791" lon="-72.6039270032"><ele>117.57</ele><time>2024-08-25T02:53:40Z</time></trkpt><trkpt lat="-39.3734092824" lon="-72.6046031713"><ele>117.27</ele><time>2024-08-25T02:53:47Z</time></trkpt><trkpt lat="-39.3734363560" lon="-72.6047142316"><ele>117.12</ele><time>2024-08-25T02:53:48Z</time></trkpt><trkpt lat="-39.3737098575" lon="-72.6064048614"><ele>116.74</ele><time>2024-08-25T02:54:03Z</time></trkpt><trkpt lat="-39.3739677686" lon="-72.6082290988"><ele>116.23</ele><time>2024-08-25T02:54:19Z</time></trkpt><trkpt lat="-39.3740188144" lon="-72.6101882011"><ele>115.60</ele><time>2024-08-25T02:54:36Z</time></trkpt><trkpt lat="-39.3739534356" lon="-72.6121502370"><ele>113.13</ele><time>2024-08-25T02:54:53Z</time></trkpt><trkpt lat="-39.3735695444" lon="-72.6138130389"><ele>112.95</ele><time>2024-08-25T02:55:08Z</time></trkpt><trkpt lat="-39.3731219508" lon="-72.6155684609"><ele>114.13</ele><time>2024-08-25T02:55:24Z</time></trkpt><trkpt lat="-39.3725518137" lon="-72.6164599601"><ele>114.10</ele><time>2024-08-25T02:55:34Z</time></trkpt><trkpt lat="-39.3718394358" lon="-72.6178906672"><ele>114.04</ele><time>2024-08-25T02:55:49Z</time></trkpt><trkpt lat="-39.3708730862" lon="-72.6195085421"><ele>115.97</ele><time>2024-08-25T02:56:07Z</time></trkpt><trkpt lat="-39.3700526655" lon="-72.6205796655"><ele>117.95</ele><time>2024-08-25T02:56:20Z</time></trkpt><trkpt lat="-39.3700066488" lon="-72.6206756383"><ele>118.40</ele><time>2024-08-25T02:56:21Z</time></trkpt><trkpt lat="-39.3699715286" lon="-72.6207796577"><ele>118.44</ele><time>2024-08-25T02:56:22Z</time></trkpt><trkpt lat="-39.3698595464" lon="-72.6210636366"><ele>117.91</ele><time>2024-08-25T02:56:25Z</time></trkpt><trkpt lat="-39.3698065728" lon="-72.6211397443"><ele>117.86</ele><time>2024-08-25T02:56:26Z</time></trkpt><trkpt lat="-39.3697440438" lon="-72.6212095656"><ele>117.86</ele><time>2024-08-25T02:56:27Z</time></trkpt><trkpt lat="-39.3686878402" lon="-72.6222544536"><ele>117.56</ele><time>2024-08-25T02:56:42Z</time></trkpt><trkpt lat="-39.3677665852" lon="-72.6231516525"><ele>116.94</ele><time>2024-08-25T02:56:57Z</time></trkpt><trkpt lat="-39.3671619147" lon="-72.6237372123"><ele>116.88</ele><time>2024-08-25T02:57:07Z</time></trkpt><trkpt lat="-39.3660503905" lon="-72.6247931644"><ele>116.38</ele><time>2024-08-25T02:57:24Z</time></trkpt><trkpt lat="-39.3657495640" lon="-72.6250896323"><ele>116.13</ele><time>2024-08-25T02:57:30Z</time></trkpt><trkpt lat="-39.3657182157" lon="-72.6251403429"><ele>116.16</ele><time>2024-08-25T02:57:31Z</time></trkpt><trkpt lat="-39.3657017872" lon="-72.6251967531"><ele>116.04</ele><time>2024-08-25T02:57:32Z</time></trkpt><trkpt lat="-39.3657010328" lon="-72.6252600364"><ele>115.95</ele><time>2024-08-25T02:57:33Z</time></trkpt><trkpt lat="-39.3657272682" lon="-72.6253234036"><ele>115.97</ele><time>2024-08-25T02:57:34Z</time></trkpt><trkpt lat="-39.3657620531" lon="-72.6253861841"><ele>115.77</ele><time>2024-08-25T02:57:35Z</time></trkpt><trkpt lat="-39.3658010289" lon="-72.6254483778"><ele>115.65</ele><time>2024-08-25T02:57:36Z</time></trkpt><trkpt lat="-39.3662739359" lon="-72.6262450777"><ele>115.29</ele><time>2024-08-25T02:57:48Z</time></trkpt><trkpt lat="-39.3663126603" lon="-72.6262804493"><ele>115.23</ele><time>2024-08-25T02:57:49Z</time></trkpt><trkpt lat="-39.3663601018" lon="-72.6263009850"><ele>115.25</ele><time>2024-08-25T02:57:50Z</time></trkpt><trkpt lat="-39.3664117344" lon="-72.6262929384"><ele>115.30</ele><time>2024-08-25T02:57:51Z</time></trkpt><trkpt lat="-39.3664616067" lon="-72.6262680441"><ele>115.29</ele><time>2024-08-25T02:57:52Z</time></trkpt><trkpt lat="-39.3665118981" lon="-72.6262298226"><ele>115.36</ele><time>2024-08-25T02:57:53Z</time></trkpt><trkpt lat="-39.3665611837" lon="-72.6261862367"><ele>115.36</ele><time>2024-08-25T02:57:54Z</time></trkpt><trkpt lat="-39.3666129839" lon="-72.6261404715"><ele>115.45</ele><time>2024-08-25T02:57:55Z</time></trkpt><trkpt lat="-39.3674341589" lon="-72.6253127586"><ele>116.92</ele><time>2024-08-25T02:58:10Z</time></trkpt><trkpt lat="-39.3680786435" lon="-72.6246893127"><ele>117.47</ele><time>2024-08-25T02:58:23Z</time></trkpt><trkpt lat="-39.3682296015" lon="-72.6245617401"><ele>117.46</ele><time>2024-08-25T02:58:30Z</time></trkpt><trkpt lat="-39.3687332701" lon="-72.6240838878"><ele>118.47</ele><time>2024-08-25T02:58:39Z</time></trkpt><trkpt lat="-39.3690573983" lon="-72.6237525512"><ele>118.56</ele><time>2024-08-25T02:58:48Z</time></trkpt><trkpt lat="-39.3696443830" lon="-72.6231721882"><ele>119.29</ele><time>2024-08-25T02:58:59Z</time></trkpt><trkpt lat="-39.3702358939" lon="-72.6225962676"><ele>119.70</ele><time>2024-08-25T02:59:11Z</time></trkpt><trkpt lat="-39.3707362097" lon="-72.6221423037"><ele>120.12</ele><time>2024-08-25T02:59:23Z</time></trkpt><trkpt lat="-39.3707991578" lon="-72.6221211813"><ele>120.03</ele><time>2024-08-25T02:59:26Z</time></trkpt><trkpt lat="-39.3708270695" lon="-72.6221344247"><ele>120.05</ele><time>2024-08-25T02:59:27Z</time></trkpt><trkpt lat="-39.3708555680" lon="-72.6221616659"><ele>120.05</ele><time>2024-08-25T02:59:28Z</time></trkpt><trkpt lat="-39.3708801270" lon="-72.6221977919"><ele>119.87</ele><time>2024-08-25T02:59:29Z</time></trkpt><trkpt lat="-39.3709031772" lon="-72.6222351752"><ele>119.75</ele><time>2024-08-25T02:59:30Z</time></trkpt><trkpt lat="-39.3712402135" lon="-72.6228442043"><ele>118.20</ele><time>2024-08-25T02:59:41Z</time></trkpt><trkpt lat="-39.3713615835" lon="-72.6231184602"><ele>117.68</ele><time>2024-08-25T02:59:46Z</time></trkpt><trkpt lat="-39.3713750783" lon="-72.6231675781"><ele>117.59</ele><time>2024-08-25T02:59:47Z</time></trkpt><trkpt lat="-39.3713798560" lon="-72.6232201327"><ele>117.60</ele><time>2024-08-25T02:59:48Z</time></trkpt><trkpt lat="-39.3713686243" lon="-72.6232682448"><ele>117.49</ele><time>2024-08-25T02:59:49Z</time></trkpt><trkpt lat="-39.3713438977" lon="-72.6233126689"><ele>117.64</ele><time>2024-08-25T02:59:50Z</time></trkpt><trkpt lat="-39.3713149801" lon="-72.6233493816"><ele>117.50</ele><time>2024-08-25T02:59:51Z</time></trkpt><trkpt lat="-39.3712761719" lon="-72.6233841665"><ele>117.49</ele><time>2024-08-25T02:59:52Z</time></trkpt><trkpt lat="-39.3712314125" lon="-72.6234202087"><ele>117.54</ele><time>2024-08-25T02:59:53Z</time></trkpt><trkpt lat="-39.3707321864" lon="-72.6239233743"><ele>118.91</ele><time>2024-08-25T03:00:04Z</time></trkpt><trkpt lat="-39.3700663280" lon="-72.6245024800"><ele>119.49</ele><time>2024-08-25T03:00:16Z</time></trkpt><trkpt lat="-39.3696500827" lon="-72.6249089185"><ele>118.93</ele><time>2024-08-25T03:00:26Z</time></trkpt><trkpt lat="-39.3690216076" lon="-72.6255072188"><ele>119.55</ele><time>2024-08-25T03:00:37Z</time></trkpt><trkpt lat="-39.3687207811" lon="-72.6257976517"><ele>119.66</ele><time>2024-08-25T03:00:45Z</time></trkpt><trkpt lat="-39.3679757137" lon="-72.6265174057"><ele>118.76</ele><time>2024-08-25T03:00:58Z</time></trkpt><trkpt lat="-39.3671694584" lon="-72.6272898819"><ele>117.53</ele><time>2024-08-25T03:01:13Z</time></trkpt><trkpt lat="-39.3670676183" lon="-72.6273982599"><ele>117.08</ele><time>2024-08-25T03:01:17Z</time></trkpt><trkpt lat="-39.3670441490" lon="-72.6274411753"><ele>117.19</ele><time>2024-08-25T03:01:18Z</time></trkpt><trkpt lat="-39.3670309056" lon="-72.6274931431"><ele>117.36</ele><time>2024-08-25T03:01:19Z</time></trkpt><trkpt lat="-39.3670338392" lon="-72.6275533251"><ele>117.31</ele><time>2024-08-25T03:01:20Z</time></trkpt><trkpt lat="-39.3670533691" lon="-72.6276158541"><ele>117.40</ele><time>2024-08-25T03:01:21Z</time></trkpt><trkpt lat="-39.3670878187" lon="-72.6276804786"><ele>117.44</ele><time>2024-08-25T03:01:22Z</time></trkpt><trkpt lat="-39.3671289738" lon="-72.6277502161"><ele>117.40</ele><time>2024-08-25T03:01:23Z</time></trkpt><trkpt lat="-39.3675940856" lon="-72.6285133045"><ele>117.71</ele><time>2024-08-25T03:01:34Z</time></trkpt><trkpt lat="-39.3676354922" lon="-72.6285380311"><ele>117.66</ele><time>2024-08-25T03:01:35Z</time></trkpt><trkpt lat="-39.3676782399" lon="-72.6285441499"><ele>117.71</ele><time>2024-08-25T03:01:36Z</time></trkpt><trkpt lat="-39.3677271064" lon="-72.6285385340"><ele>117.63</ele><time>2024-08-25T03:01:37Z</time></trkpt><trkpt lat="-39.3677748833" lon="-72.6285116281"><ele>117.79</ele><time>2024-08-25T03:01:38Z</time></trkpt><trkpt lat="-39.3678255100" lon="-72.6284698863"><ele>117.78</ele><time>2024-08-25T03:01:39Z</time></trkpt><trkpt lat="-39.3678770587" lon="-72.6284209359"><ele>117.86</ele><time>2024-08-25T03:01:40Z</time></trkpt><trkpt lat="-39.3687214516" lon="-72.6275647245"><ele>118.97</ele><time>2024-08-25T03:01:54Z</time></trkpt><trkpt lat="-39.3693519384" lon="-72.6269399375"><ele>119.61</ele><time>2024-08-25T03:02:06Z</time></trkpt><trkpt lat="-39.3696231768" lon="-72.6266787574"><ele>119.74</ele><time>2024-08-25T03:02:14Z</time></trkpt><trkpt lat="-39.3702997640" lon="-72.6260411460"><ele>119.50</ele><time>2024-08-25T03:02:28Z</time></trkpt><trkpt lat="-39.3703622092" lon="-72.6260420680"><ele>119.26</ele><time>2024-08-25T03:02:30Z</time></trkpt><trkpt lat="-39.3703938089" lon="-72.6260788646"><ele>119.27</ele><time>2024-08-25T03:02:31Z</time></trkpt><trkpt lat="-39.3704218045" lon="-72.6261232886"><ele>119.23</ele><time>2024-08-25T03:02:32Z</time></trkpt><trkpt lat="-39.3708091322" lon="-72.6268474013"><ele>118.55</ele><time>2024-08-25T03:02:42Z</time></trkpt><trkpt lat="-39.3712790217" lon="-72.6276766229"><ele>115.19</ele><time>2024-08-25T03:02:52Z</time></trkpt><trkpt lat="-39.3715889845" lon="-72.6282830536"><ele>112.96</ele><time>2024-08-25T03:03:02Z</time></trkpt><trkpt lat="-39.3715724722" lon="-72.6283308305"><ele>113.18</ele><time>2024-08-25T03:03:03Z</time></trkpt><trkpt lat="-39.3715347536" lon="-72.6283785235"><ele>113.39</ele><time>2024-08-25T03:03:04Z</time></trkpt><trkpt lat="-39.3714863900" lon="-72.6284271386"><ele>113.58</ele><time>2024-08-25T03:03:05Z</time></trkpt><trkpt lat="-39.3714303989" lon="-72.6284812018"><ele>113.78</ele><time>2024-08-25T03:03:06Z</time></trkpt><trkpt lat="-39.3709979765" lon="-72.6288878918"><ele>117.36</ele><time>2024-08-25T03:03:13Z</time></trkpt><trkpt lat="-39.3708393909" lon="-72.6290480699"><ele>118.77</ele><time>2024-08-25T03:03:21Z</time></trkpt><trkpt lat="-39.3708097190" lon="-72.6290769037"><ele>118.80</ele><time>2024-08-25T03:03:24Z</time></trkpt><trkpt lat="-39.3707870040" lon="-72.6290915720"><ele>118.78</ele><time>2024-08-25T03:03:25Z</time></trkpt><trkpt lat="-39.3707144167" lon="-72.6291494071"><ele>118.78</ele><time>2024-08-25T03:03:27Z</time></trkpt><trkpt lat="-39.3701206427" lon="-72.6297120843"><ele>119.13</ele><time>2024-08-25T03:03:37Z</time></trkpt><trkpt lat="-39.3692618329" lon="-72.6305574831"><ele>118.19</ele><time>2024-08-25T03:03:53Z</time></trkpt><trkpt lat="-39.3690422270" lon="-72.6307705510"><ele>117.80</ele><time>2024-08-25T03:04:01Z</time></trkpt><trkpt lat="-39.3685519695" lon="-72.6312066615"><ele>118.05</ele><time>2024-08-25T03:04:11Z</time></trkpt><trkpt lat="-39.3681818247" lon="-72.6315550972"><ele>117.38</ele><time>2024-08-25T03:04:22Z</time></trkpt><trkpt lat="-39.3681959063" lon="-72.6315475535"><ele>117.47</ele><time>2024-08-25T03:04:24Z</time></trkpt><trkpt lat="-39.3682248238" lon="-72.6315236650"><ele>117.41</ele><time>2024-08-25T03:04:26Z</time></trkpt><trkpt lat="-39.3684247322" lon="-72.6312720403"><ele>117.61</ele><time>2024-08-25T03:04:44Z</time></trkpt><trkpt lat="-39.3684433401" lon="-72.6312937494"><ele>117.66</ele><time>2024-08-25T03:04:46Z</time></trkpt><trkpt lat="-39.3685450964" lon="-72.6312256884"><ele>117.60</ele><time>2024-08-25T03:04:51Z</time></trkpt><trkpt lat="-39.3688574061" lon="-72.6308951061"><ele>117.54</ele><time>2024-08-25T03:05:01Z</time></trkpt><trkpt lat="-39.3689289037" lon="-72.6307335868"><ele>117.78</ele><time>2024-08-25T03:05:11Z</time></trkpt><trkpt lat="-39.3688450009" lon="-72.6304493565"><ele>117.83</ele><time>2024-08-25T03:05:16Z</time></trkpt><trkpt lat="-39.3683930486" lon="-72.6296786405"><ele>117.69</ele><time>2024-08-25T03:05:29Z</time></trkpt><trkpt lat="-39.3681166135" lon="-72.6292028837"><ele>118.12</ele><time>2024-08-25T03:05:36Z</time></trkpt><trkpt lat="-39.3672935944" lon="-72.6277606934"><ele>118.42</ele><time>2024-08-25T03:05:51Z</time></trkpt><trkpt lat="-39.3666020874" lon="-72.6265775878"><ele>118.35</ele><time>2024-08-25T03:06:05Z</time></trkpt><trkpt lat="-39.3659464549" lon="-72.6254586875"><ele>118.41</ele><time>2024-08-25T03:06:20Z</time></trkpt><trkpt lat="-39.3658111710" lon="-72.6252073981"><ele>118.41</ele><time>2024-08-25T03:06:29Z</time></trkpt><trkpt lat="-39.3657270167" lon="-72.6251430251"><ele>118.54</ele><time>2024-08-25T03:06:32Z</time></trkpt><trkpt lat="-39.3656825926" lon="-72.6251353137"><ele>118.78</ele><time>2024-08-25T03:06:33Z</time></trkpt><trkpt lat="-39.3656276073" lon="-72.6251466293"><ele>118.79</ele><time>2024-08-25T03:06:34Z</time></trkpt><trkpt lat="-39.3655737955" lon="-72.6251804922"><ele>118.83</ele><time>2024-08-25T03:06:35Z</time></trkpt><trkpt lat="-39.3655197322" lon="-72.6252278499"><ele>118.89</ele><time>2024-08-25T03:06:36Z</time></trkpt><trkpt lat="-39.3654661719" lon="-72.6252799854"><ele>118.82</ele><time>2024-08-25T03:06:37Z</time></trkpt><trkpt lat="-39.3649506848" lon="-72.6258143317"><ele>118.37</ele><time>2024-08-25T03:06:48Z</time></trkpt><trkpt lat="-39.3649169896" lon="-72.6258595940"><ele>118.09</ele><time>2024-08-25T03:06:59Z</time></trkpt><trkpt lat="-39.3649026565" lon="-72.6258788723"><ele>118.06</ele><time>2024-08-25T03:07:01Z</time></trkpt><trkpt lat="-39.3648896646" lon="-72.6258918643"><ele>118.06</ele><time>2024-08-25T03:07:02Z</time></trkpt><trkpt lat="-39.3648690451" lon="-72.6259134896"><ele>118.07</ele><time>2024-08-25T03:07:04Z</time></trkpt><trkpt lat="-39.3648515269" lon="-72.6259326842"><ele>118.00</ele><time>2024-08-25T03:07:05Z</time></trkpt><trkpt lat="-39.3647662830" lon="-72.6261740830"><ele>118.13</ele><time>2024-08-25T03:07:11Z</time></trkpt><trkpt lat="-39.3647875730" lon="-72.6262364443"><ele>118.05</ele><time>2024-08-25T03:07:12Z</time></trkpt><trkpt lat="-39.3648190051" lon="-72.6263026614"><ele>118.20</ele><time>2024-08-25T03:07:13Z</time></trkpt><trkpt lat="-39.3653425388" lon="-72.6271869522"><ele>117.71</ele><time>2024-08-25T03:07:25Z</time></trkpt><trkpt lat="-39.3659712654" lon="-72.6282818802"><ele>117.03</ele><time>2024-08-25T03:07:39Z</time></trkpt><trkpt lat="-39.3665938731" lon="-72.6293921471"><ele>116.62</ele><time>2024-08-25T03:07:53Z</time></trkpt><trkpt lat="-39.3671568856" lon="-72.6303786971"><ele>116.38</ele><time>2024-08-25T03:08:05Z</time></trkpt><trkpt lat="-39.3677514140" lon="-72.6314315479"><ele>115.94</ele><time>2024-08-25T03:08:18Z</time></trkpt><trkpt lat="-39.3678791542" lon="-72.6316575240"><ele>115.77</ele><time>2024-08-25T03:08:22Z</time></trkpt><trkpt lat="-39.3678929005" lon="-72.6317011937"><ele>115.71</ele><time>2024-08-25T03:08:23Z</time></trkpt><trkpt lat="-39.3679003604" lon="-72.6317366492"><ele>115.56</ele><time>2024-08-25T03:08:24Z</time></trkpt><trkpt lat="-39.3678945769" lon="-72.6317785587"><ele>115.67</ele><time>2024-08-25T03:08:25Z</time></trkpt><trkpt lat="-39.3678716943" lon="-72.6318162773"><ele>115.71</ele><time>2024-08-25T03:08:26Z</time></trkpt><trkpt lat="-39.3678384181" lon="-72.6318524871"><ele>115.85</ele><time>2024-08-25T03:08:27Z</time></trkpt><trkpt lat="-39.3677942455" lon="-72.6318928879"><ele>115.78</ele><time>2024-08-25T03:08:28Z</time></trkpt><trkpt lat="-39.3677423615" lon="-72.6319394074"><ele>115.92</ele><time>2024-08-25T03:08:29Z</time></trkpt><trkpt lat="-39.3672968633" lon="-72.6323560718"><ele>115.30</ele><time>2024-08-25T03:08:38Z</time></trkpt><trkpt lat="-39.3672662694" lon="-72.6323486120"><ele>115.07</ele><time>2024-08-25T03:08:39Z</time></trkpt><trkpt lat="-39.3672351725" lon="-72.6323304232"><ele>115.11</ele><time>2024-08-25T03:08:40Z</time></trkpt><trkpt lat="-39.3672023993" lon="-72.6323043555"><ele>115.16</ele><time>2024-08-25T03:08:41Z</time></trkpt><trkpt lat="-39.3671670277" lon="-72.6322719175"><ele>115.26</ele><time>2024-08-25T03:08:42Z</time></trkpt><trkpt lat="-39.3667330965" lon="-72.6317639742"><ele>115.34</ele><time>2024-08-25T03:08:54Z</time></trkpt><trkpt lat="-39.3665428273" lon="-72.6314115152"><ele>115.16</ele><time>2024-08-25T03:09:04Z</time></trkpt><trkpt lat="-39.3665557355" lon="-72.6313714497"><ele>115.18</ele><time>2024-08-25T03:09:05Z</time></trkpt><trkpt lat="-39.3665858265" lon="-72.6313304622"><ele>115.12</ele><time>2024-08-25T03:09:06Z</time></trkpt><trkpt lat="-39.3670418020" lon="-72.6308942679"><ele>115.69</ele><time>2024-08-25T03:09:14Z</time></trkpt><trkpt lat="-39.3673052453" lon="-72.6306275558"><ele>115.38</ele><time>2024-08-25T03:09:22Z</time></trkpt><trkpt lat="-39.3673388567" lon="-72.6306342613"><ele>115.32</ele><time>2024-08-25T03:09:23Z</time></trkpt><trkpt lat="-39.3673718814" lon="-72.6306654420"><ele>115.55</ele><time>2024-08-25T03:09:24Z</time></trkpt><trkpt lat="-39.3674067501" lon="-72.6307177451"><ele>115.64</ele><time>2024-08-25T03:09:25Z</time></trkpt><trkpt lat="-39.3674422055" lon="-72.6307841297"><ele>115.83</ele><time>2024-08-25T03:09:26Z</time></trkpt><trkpt lat="-39.3674822710" lon="-72.6308576390"><ele>115.88</ele><time>2024-08-25T03:09:27Z</time></trkpt><trkpt lat="-39.3681139313" lon="-72.6319458615"><ele>115.87</ele><time>2024-08-25T03:09:40Z</time></trkpt><trkpt lat="-39.3685264885" lon="-72.6326632686"><ele>115.63</ele><time>2024-08-25T03:09:51Z</time></trkpt><trkpt lat="-39.3685273267" lon="-72.6326656155"><ele>115.56</ele><time>2024-08-25T03:10:02Z</time></trkpt><trkpt lat="-39.3685386423" lon="-72.6326377876"><ele>115.76</ele><time>2024-08-25T03:10:28Z</time></trkpt><trkpt lat="-39.3685610220" lon="-72.6326759253"><ele>115.56</ele><time>2024-08-25T03:10:31Z</time></trkpt><trkpt lat="-39.3685766961" lon="-72.6326885819"><ele>115.73</ele><time>2024-08-25T03:10:32Z</time></trkpt><trkpt lat="-39.3686399795" lon="-72.6327104587"><ele>115.77</ele><time>2024-08-25T03:10:34Z</time></trkpt><trkpt lat="-39.3686859123" lon="-72.6327029150"><ele>115.76</ele><time>2024-08-25T03:10:35Z</time></trkpt><trkpt lat="-39.3687380478" lon="-72.6326791942"><ele>116.03</ele><time>2024-08-25T03:10:36Z</time></trkpt><trkpt lat="-39.3687922787" lon="-72.6326378714"><ele>115.93</ele><time>2024-08-25T03:10:37Z</time></trkpt><trkpt lat="-39.3688496109" lon="-72.6325836405"><ele>116.09</ele><time>2024-08-25T03:10:38Z</time></trkpt><trkpt lat="-39.3689098768" lon="-72.6325241290"><ele>116.05</ele><time>2024-08-25T03:10:39Z</time></trkpt><trkpt lat="-39.3694206700" lon="-72.6320275012"><ele>116.03</ele><time>2024-08-25T03:10:50Z</time></trkpt><trkpt lat="-39.3694714643" lon="-72.6319701690"><ele>115.91</ele><time>2024-08-25T03:11:00Z</time></trkpt><trkpt lat="-39.3696417008" lon="-72.6317956578"><ele>116.34</ele><time>2024-08-25T03:11:21Z</time></trkpt><trkpt lat="-39.3703766260" lon="-72.6310963556"><ele>117.04</ele><time>2024-08-25T03:11:34Z</time></trkpt><trkpt lat="-39.3713350128" lon="-72.6301846560"><ele>116.19</ele><time>2024-08-25T03:11:53Z</time></trkpt><trkpt lat="-39.3717529345" lon="-72.6297760382"><ele>112.84</ele><time>2024-08-25T03:12:01Z</time></trkpt><trkpt lat="-39.3722157832" lon="-72.6293514110"><ele>111.06</ele><time>2024-08-25T03:12:12Z</time></trkpt><trkpt lat="-39.3722495623" lon="-72.6293588709"><ele>111.03</ele><time>2024-08-25T03:12:13Z</time></trkpt><trkpt lat="-39.3722868618" lon="-72.6293861959"><ele>110.94</ele><time>2024-08-25T03:12:14Z</time></trkpt><trkpt lat="-39.3723265082" lon="-72.6294296142"><ele>111.04</ele><time>2024-08-25T03:12:15Z</time></trkpt><trkpt lat="-39.3723639753" lon="-72.6294890419"><ele>111.01</ele><time>2024-08-25T03:12:16Z</time></trkpt><trkpt lat="-39.3724041246" lon="-72.6295586117"><ele>111.21</ele><time>2024-08-25T03:12:17Z</time></trkpt><trkpt lat="-39.3728310149" lon="-72.6303294115"><ele>110.71</ele><time>2024-08-25T03:12:28Z</time></trkpt><trkpt lat="-39.3728557415" lon="-72.6304429863"><ele>110.51</ele><time>2024-08-25T03:12:31Z</time></trkpt><trkpt lat="-39.3728435878" lon="-72.6304905955"><ele>110.66</ele><time>2024-08-25T03:12:32Z</time></trkpt><trkpt lat="-39.3728136644" lon="-72.6305403002"><ele>110.64</ele><time>2024-08-25T03:12:33Z</time></trkpt><trkpt lat="-39.3727692403" lon="-72.6305917650"><ele>110.60</ele><time>2024-08-25T03:12:34Z</time></trkpt><trkpt lat="-39.3727165181" lon="-72.6306489296"><ele>110.89</ele><time>2024-08-25T03:12:35Z</time></trkpt><trkpt lat="-39.3721467163" lon="-72.6312280353"><ele>112.53</ele><time>2024-08-25T03:12:46Z</time></trkpt><trkpt lat="-39.3716992904" lon="-72.6316710189"><ele>114.51</ele><time>2024-08-25T03:12:56Z</time></trkpt><trkpt lat="-39.3711837195" lon="-72.6321690716"><ele>116.82</ele><time>2024-08-25T03:13:07Z</time></trkpt><trkpt lat="-39.3706151750" lon="-72.6327045076"><ele>116.99</ele><time>2024-08-25T03:13:17Z</time></trkpt><trkpt lat="-39.3703492172" lon="-72.6329542045"><ele>116.18</ele><time>2024-08-25T03:13:25Z</time></trkpt><trkpt lat="-39.3699437845" lon="-72.6333489083"><ele>116.52</ele><time>2024-08-25T03:13:34Z</time></trkpt><trkpt lat="-39.3694671057" lon="-72.6338306163"><ele>115.36</ele><time>2024-08-25T03:13:45Z</time></trkpt><trkpt lat="-39.3693445623" lon="-72.6340042055"><ele>115.15</ele><time>2024-08-25T03:13:51Z</time></trkpt><trkpt lat="-39.3693503458" lon="-72.6340546645"><ele>115.19</ele><time>2024-08-25T03:13:52Z</time></trkpt><trkpt lat="-39.3693666905" lon="-72.6341003459"><ele>115.36</ele><time>2024-08-25T03:13:53Z</time></trkpt><trkpt lat="-39.3693935126" lon="-72.6341518946"><ele>115.43</ele><time>2024-08-25T03:13:54Z</time></trkpt><trkpt lat="-39.3694308959" lon="-72.6342130825"><ele>115.35</ele><time>2024-08-25T03:13:55Z</time></trkpt><trkpt lat="-39.3698677607" lon="-72.6349791046"><ele>115.81</ele><time>2024-08-25T03:14:06Z</time></trkpt><trkpt lat="-39.3699020427" lon="-72.6350094471"><ele>115.74</ele><time>2024-08-25T03:14:07Z</time></trkpt><trkpt lat="-39.3699455447" lon="-72.6350169908"><ele>115.65</ele><time>2024-08-25T03:14:08Z</time></trkpt><trkpt lat="-39.3699914776" lon="-72.6350050047"><ele>115.53</ele><time>2024-08-25T03:14:09Z</time></trkpt><trkpt lat="-39.3700377457" lon="-72.6349767577"><ele>115.46</ele><time>2024-08-25T03:14:10Z</time></trkpt><trkpt lat="-39.3700876180" lon="-72.6349370275"><ele>115.56</ele><time>2024-08-25T03:14:11Z</time></trkpt><trkpt lat="-39.3701384123" lon="-72.6348881610"><ele>115.85</ele><time>2024-08-25T03:14:12Z</time></trkpt><trkpt lat="-39.3701924756" lon="-72.6348331757"><ele>115.99</ele><time>2024-08-25T03:14:13Z</time></trkpt><trkpt lat="-39.3707703240" lon="-72.6342363842"><ele>116.62</ele><time>2024-08-25T03:14:25Z</time></trkpt><trkpt lat="-39.3711081147" lon="-72.6338988449"><ele>116.55</ele><time>2024-08-25T03:14:35Z</time></trkpt><trkpt lat="-39.3717037328" lon="-72.6333071664"><ele>113.59</ele><time>2024-08-25T03:14:47Z</time></trkpt><trkpt lat="-39.3719546031" lon="-72.6330823638"><ele>112.95</ele><time>2024-08-25T03:14:54Z</time></trkpt><trkpt lat="-39.3725989200" lon="-72.6324723288"><ele>112.44</ele><time>2024-08-25T03:15:06Z</time></trkpt><trkpt lat="-39.3729994912" lon="-72.6321221329"><ele>112.14</ele><time>2024-08-25T03:15:14Z</time></trkpt><trkpt lat="-39.3735259585" lon="-72.6316258404"><ele>111.16</ele><time>2024-08-25T03:15:25Z</time></trkpt><trkpt lat="-39.3740009610" lon="-72.6311441325"><ele>110.71</ele><time>2024-08-25T03:15:35Z</time></trkpt><trkpt lat="-39.3743882049" lon="-72.6308169868"><ele>110.65</ele><time>2024-08-25T03:15:45Z</time></trkpt><trkpt lat="-39.3748122454" lon="-72.6304149907"><ele>110.57</ele><time>2024-08-25T03:15:53Z</time></trkpt><trkpt lat="-39.3752533849" lon="-72.6299888548"><ele>109.34</ele><time>2024-08-25T03:16:02Z</time></trkpt><trkpt lat="-39.3752955459" lon="-72.6299824007"><ele>109.20</ele><time>2024-08-25T03:16:03Z</time></trkpt><trkpt lat="-39.3753334321" lon="-72.6300051156"><ele>109.13</ele><time>2024-08-25T03:16:04Z</time></trkpt><trkpt lat="-39.3753680494" lon="-72.6300516352"><ele>109.18</ele><time>2024-08-25T03:16:05Z</time></trkpt><trkpt lat="-39.3754058518" lon="-72.6301142480"><ele>109.44</ele><time>2024-08-25T03:16:06Z</time></trkpt><trkpt lat="-39.3754449952" lon="-72.6301829796"><ele>109.56</ele><time>2024-08-25T03:16:07Z</time></trkpt><trkpt lat="-39.3758666888" lon="-72.6309226826"><ele>109.89</ele><time>2024-08-25T03:16:17Z</time></trkpt><trkpt lat="-39.3758842070" lon="-72.6309781708"><ele>109.85</ele><time>2024-08-25T03:16:18Z</time></trkpt><trkpt lat="-39.3758871406" lon="-72.6310341619"><ele>109.70</ele><time>2024-08-25T03:16:19Z</time></trkpt><trkpt lat="-39.3758675270" lon="-72.6310891472"><ele>109.87</ele><time>2024-08-25T03:16:20Z</time></trkpt><trkpt lat="-39.3758308981" lon="-72.6311412826"><ele>109.91</ele><time>2024-08-25T03:16:21Z</time></trkpt><trkpt lat="-39.3757833727" lon="-72.6311930828"><ele>110.01</ele><time>2024-08-25T03:16:22Z</time></trkpt><trkpt lat="-39.3757296447" lon="-72.6312467270"><ele>110.11</ele><time>2024-08-25T03:16:23Z</time></trkpt><trkpt lat="-39.3751233816" lon="-72.6318565942"><ele>110.36</ele><time>2024-08-25T03:16:36Z</time></trkpt><trkpt lat="-39.3747192901" lon="-72.6322584227"><ele>111.06</ele><time>2024-08-25T03:16:43Z</time></trkpt><trkpt lat="-39.3742760550" lon="-72.6326890849"><ele>111.59</ele><time>2024-08-25T03:16:52Z</time></trkpt><trkpt lat="-39.3740121089" lon="-72.6329535339"><ele>111.96</ele><time>2024-08-25T03:16:59Z</time></trkpt><trkpt lat="-39.3733875733" lon="-72.6335490681"><ele>112.47</ele><time>2024-08-25T03:17:12Z</time></trkpt><trkpt lat="-39.3729025964" lon="-72.6340310276"><ele>112.79</ele><time>2024-08-25T03:17:21Z</time></trkpt><trkpt lat="-39.3718100153" lon="-72.6350580622"><ele>114.32</ele><time>2024-08-25T03:17:39Z</time></trkpt><trkpt lat="-39.3716761563" lon="-72.6351889875"><ele>114.84</ele><time>2024-08-25T03:17:46Z</time></trkpt><trkpt lat="-39.3716377672" lon="-72.6352324057"><ele>114.89</ele><time>2024-08-25T03:17:51Z</time></trkpt><trkpt lat="-39.3716173153" lon="-72.6352515165"><ele>114.98</ele><time>2024-08-25T03:17:52Z</time></trkpt><trkpt lat="-39.3715909123" lon="-72.6352780871"><ele>115.20</ele><time>2024-08-25T03:17:53Z</time></trkpt><trkpt lat="-39.3711194303" lon="-72.6357245073"><ele>116.30</ele><time>2024-08-25T03:18:02Z</time></trkpt><trkpt lat="-39.3707696535" lon="-72.6360576879"><ele>116.47</ele><time>2024-08-25T03:18:11Z</time></trkpt><trkpt lat="-39.3707455136" lon="-72.6360801514"><ele>116.35</ele><time>2024-08-25T03:18:13Z</time></trkpt><trkpt lat="-39.3706799671" lon="-72.6361535769"><ele>116.50</ele><time>2024-08-25T03:18:16Z</time></trkpt><trkpt lat="-39.3706585094" lon="-72.6361981686"><ele>116.59</ele><time>2024-08-25T03:18:17Z</time></trkpt><trkpt lat="-39.3706490379" lon="-72.6362535730"><ele>116.58</ele><time>2024-08-25T03:18:18Z</time></trkpt><trkpt lat="-39.3706522230" lon="-72.6363202091"><ele>116.77</ele><time>2024-08-25T03:18:19Z</time></trkpt><trkpt lat="-39.3706737645" lon="-72.6363765355"><ele>116.86</ele><time>2024-08-25T03:18:20Z</time></trkpt><trkpt lat="-39.3707074597" lon="-72.6364357956"><ele>116.79</ele><time>2024-08-25T03:18:21Z</time></trkpt><trkpt lat="-39.3707477767" lon="-72.6365020126"><ele>116.62</ele><time>2024-08-25T03:18:22Z</time></trkpt><trkpt lat="-39.3712330889" lon="-72.6373282168"><ele>115.95</ele><time>2024-08-25T03:18:34Z</time></trkpt><trkpt lat="-39.3712739088" lon="-72.6373718027"><ele>115.83</ele><time>2024-08-25T03:18:35Z</time></trkpt><trkpt lat="-39.3713174947" lon="-72.6373972837"><ele>115.85</ele><time>2024-08-25T03:18:36Z</time></trkpt><trkpt lat="-39.3713598233" lon="-72.6373991277"><ele>115.76</ele><time>2024-08-25T03:18:37Z</time></trkpt><trkpt lat="-39.3714019842" lon="-72.6373806037"><ele>115.52</ele><time>2024-08-25T03:18:38Z</time></trkpt><trkpt lat="-39.3714434747" lon="-72.6373494230"><ele>115.45</ele><time>2024-08-25T03:18:39Z</time></trkpt><trkpt lat="-39.3714853004" lon="-72.6373122074"><ele>115.41</ele><time>2024-08-25T03:18:40Z</time></trkpt><trkpt lat="-39.3715314846" lon="-72.6372692920"><ele>115.31</ele><time>2024-08-25T03:18:41Z</time></trkpt><trkpt lat="-39.3720728718" lon="-72.6367477700"><ele>113.26</ele><time>2024-08-25T03:18:52Z</time></trkpt><trkpt lat="-39.3726813141" lon="-72.6361635514"><ele>112.83</ele><time>2024-08-25T03:19:02Z</time></trkpt><trkpt lat="-39.3732501101" lon="-72.6356157940"><ele>112.50</ele><time>2024-08-25T03:19:11Z</time></trkpt><trkpt lat="-39.3733051792" lon="-72.6355475653"><ele>112.53</ele><time>2024-08-25T03:19:12Z</time></trkpt><trkpt lat="-39.3744151946" lon="-72.6344965585"><ele>112.30</ele><time>2024-08-25T03:19:31Z</time></trkpt><trkpt lat="-39.3751518801" lon="-72.6337865274"><ele>111.65</ele><time>2024-08-25T03:19:44Z</time></trkpt><trkpt lat="-39.3765782285" lon="-72.6323282439"><ele>112.31</ele><time>2024-08-25T03:20:06Z</time></trkpt><trkpt lat="-39.3776019942" lon="-72.6312802546"><ele>114.03</ele><time>2024-08-25T03:20:22Z</time></trkpt><trkpt lat="-39.3779230211" lon="-72.6309923362"><ele>113.36</ele><time>2024-08-25T03:20:31Z</time></trkpt><trkpt lat="-39.3780252803" lon="-72.6309050806"><ele>113.34</ele><time>2024-08-25T03:20:35Z</time></trkpt><trkpt lat="-39.3780695368" lon="-72.6308754925"><ele>113.34</ele><time>2024-08-25T03:20:36Z</time></trkpt><trkpt lat="-39.3788359780" lon="-72.6305257156"><ele>113.05</ele><time>2024-08-25T03:20:47Z</time></trkpt><trkpt lat="-39.3799312413" lon="-72.6300518028"><ele>112.90</ele><time>2024-08-25T03:21:02Z</time></trkpt><trkpt lat="-39.3804277014" lon="-72.6298326999"><ele>113.11</ele><time>2024-08-25T03:21:11Z</time></trkpt><trkpt lat="-39.3813730963" lon="-72.6294150297"><ele>113.54</ele><time>2024-08-25T03:21:25Z</time></trkpt><trkpt lat="-39.3819708936" lon="-72.6291462220"><ele>113.60</ele><time>2024-08-25T03:21:37Z</time></trkpt><trkpt lat="-39.3827284500" lon="-72.6288097724"><ele>113.70</ele><time>2024-08-25T03:21:50Z</time></trkpt><trkpt lat="-39.3834709190" lon="-72.6285070181"><ele>114.77</ele><time>2024-08-25T03:22:04Z</time></trkpt><trkpt lat="-39.3836479448" lon="-72.6283929404"><ele>114.90</ele><time>2024-08-25T03:22:09Z</time></trkpt><trkpt lat="-39.3836516328" lon="-72.6283568144"><ele>114.81</ele><time>2024-08-25T03:22:10Z</time></trkpt><trkpt lat="-39.3836466875" lon="-72.6283194311"><ele>114.78</ele><time>2024-08-25T03:22:11Z</time></trkpt><trkpt lat="-39.3836326897" lon="-72.6282859873"><ele>114.85</ele><time>2024-08-25T03:22:12Z</time></trkpt><trkpt lat="-39.3836083822" lon="-72.6282535493"><ele>114.73</ele><time>2024-08-25T03:22:13Z</time></trkpt><trkpt lat="-39.3835769501" lon="-72.6282203570"><ele>114.68</ele><time>2024-08-25T03:22:14Z</time></trkpt><trkpt lat="-39.3835414946" lon="-72.6281846501"><ele>114.72</ele><time>2024-08-25T03:22:15Z</time></trkpt><trkpt lat="-39.3833782990" lon="-72.6280072890"><ele>114.72</ele><time>2024-08-25T03:22:20Z</time></trkpt><trkpt lat="-39.3830029573" lon="-72.6276183687"><ele>114.68</ele><time>2024-08-25T03:22:32Z</time></trkpt><trkpt lat="-39.3826230895" lon="-72.6277566701"><ele>114.42</ele><time>2024-08-25T03:22:42Z</time></trkpt><trkpt lat="-39.3825905677" lon="-72.6277727634"><ele>114.18</ele><time>2024-08-25T03:22:44Z</time></trkpt><trkpt lat="-39.3825675175" lon="-72.6277863421"><ele>114.03</ele><time>2024-08-25T03:22:45Z</time></trkpt><trkpt lat="-39.3822374381" lon="-72.6279300079"><ele>113.54</ele><time>2024-08-25T03:22:54Z</time></trkpt><trkpt lat="-39.3820780981" lon="-72.6280117314"><ele>113.59</ele><time>2024-08-25T03:23:03Z</time></trkpt><trkpt lat="-39.3819434848" lon="-72.6280787028"><ele>113.67</ele><time>2024-08-25T03:23:15Z</time></trkpt><trkpt lat="-39.3816678040" lon="-72.6281998213"><ele>113.36</ele><time>2024-08-25T03:23:25Z</time></trkpt><trkpt lat="-39.3813948892" lon="-72.6283285674"><ele>113.31</ele><time>2024-08-25T03:23:35Z</time></trkpt><trkpt lat="-39.3813553266" lon="-72.6283705607"><ele>113.26</ele><time>2024-08-25T03:23:38Z</time></trkpt><trkpt lat="-39.3813583441" lon="-72.6283946168"><ele>113.23</ele><time>2024-08-25T03:23:39Z</time></trkpt><trkpt lat="-39.3813653849" lon="-72.6284218580"><ele>113.27</ele><time>2024-08-25T03:23:40Z</time></trkpt><trkpt lat="-39.3813742697" lon="-72.6284527872"><ele>113.27</ele><time>2024-08-25T03:23:41Z</time></trkpt><trkpt lat="-39.3813806400" lon="-72.6284910087"><ele>113.28</ele><time>2024-08-25T03:23:42Z</time></trkpt><trkpt lat="-39.3813912850" lon="-72.6285331696"><ele>113.25</ele><time>2024-08-25T03:23:43Z</time></trkpt><trkpt lat="-39.3815388903" lon="-72.6290440466"><ele>113.55</ele><time>2024-08-25T03:23:54Z</time></trkpt><trkpt lat="-39.3815678079" lon="-72.6293054782"><ele>113.18</ele><time>2024-08-25T03:24:02Z</time></trkpt><trkpt lat="-39.3815385550" lon="-72.6293380000"><ele>113.22</ele><time>2024-08-25T03:24:03Z</time></trkpt><trkpt lat="-39.3814989924" lon="-72.6293674204"><ele>113.21</ele><time>2024-08-25T03:24:04Z</time></trkpt><trkpt lat="-39.3814509641" lon="-72.6293930691"><ele>113.39</ele><time>2024-08-25T03:24:05Z</time></trkpt><trkpt lat="-39.3813953921" lon="-72.6294166222"><ele>113.25</ele><time>2024-08-25T03:24:06Z</time></trkpt><trkpt lat="-39.3813357968" lon="-72.6294391695"><ele>113.47</ele><time>2024-08-25T03:24:07Z</time></trkpt><trkpt lat="-39.3805636559" lon="-72.6297353022"><ele>112.81</ele><time>2024-08-25T03:24:20Z</time></trkpt><trkpt lat="-39.3805315532" lon="-72.6297282614"><ele>112.71</ele><time>2024-08-25T03:24:21Z</time></trkpt><trkpt lat="-39.3805039767" lon="-72.6297067199"><ele>112.55</ele><time>2024-08-25T03:24:22Z</time></trkpt><trkpt lat="-39.3804803398" lon="-72.6296688337"><ele>112.58</ele><time>2024-08-25T03:24:23Z</time></trkpt><trkpt lat="-39.3804607261" lon="-72.6296104118"><ele>112.71</ele><time>2024-08-25T03:24:24Z</time></trkpt><trkpt lat="-39.3804421183" lon="-72.6295424346"><ele>112.91</ele><time>2024-08-25T03:24:25Z</time></trkpt><trkpt lat="-39.3801589776" lon="-72.6285314094"><ele>113.43</ele><time>2024-08-25T03:24:39Z</time></trkpt><trkpt lat="-39.3800336681" lon="-72.6278870087"><ele>112.93</ele><time>2024-08-25T03:24:50Z</time></trkpt><trkpt lat="-39.3800563831" lon="-72.6278553251"><ele>112.92</ele><time>2024-08-25T03:24:51Z</time></trkpt><trkpt lat="-39.3800905813" lon="-72.6278280839"><ele>112.93</ele><time>2024-08-25T03:24:52Z</time></trkpt><trkpt lat="-39.3801427167" lon="-72.6278023515"><ele>113.13</ele><time>2024-08-25T03:24:53Z</time></trkpt><trkpt lat="-39.3802029826" lon="-72.6277782954"><ele>113.31</ele><time>2024-08-25T03:24:54Z</time></trkpt><trkpt lat="-39.3802671041" lon="-72.6277532335"><ele>113.43</ele><time>2024-08-25T03:24:55Z</time></trkpt><trkpt lat="-39.3809918873" lon="-72.6274586935"><ele>113.35</ele><time>2024-08-25T03:25:07Z</time></trkpt><trkpt lat="-39.3810358923" lon="-72.6274161972"><ele>113.17</ele><time>2024-08-25T03:25:09Z</time></trkpt><trkpt lat="-39.3810379878" lon="-72.6273718569"><ele>113.26</ele><time>2024-08-25T03:25:10Z</time></trkpt><trkpt lat="-39.3810303602" lon="-72.6273304503"><ele>113.18</ele><time>2024-08-25T03:25:11Z</time></trkpt><trkpt lat="-39.3810178712" lon="-72.6272874512"><ele>113.20</ele><time>2024-08-25T03:25:12Z</time></trkpt><trkpt lat="-39.3810022809" lon="-72.6272426918"><ele>113.30</ele><time>2024-08-25T03:25:13Z</time></trkpt><trkpt lat="-39.3809429370" lon="-72.6269650832"><ele>113.35</ele><time>2024-08-25T03:25:20Z</time></trkpt><trkpt lat="-39.3809588626" lon="-72.6269396022"><ele>113.46</ele><time>2024-08-25T03:25:21Z</time></trkpt><trkpt lat="-39.3809814937" lon="-72.6269209944"><ele>113.56</ele><time>2024-08-25T03:25:22Z</time></trkpt><trkpt lat="-39.3810173683" lon="-72.6269023027"><ele>113.46</ele><time>2024-08-25T03:25:23Z</time></trkpt><trkpt lat="-39.3810638040" lon="-72.6268805936"><ele>113.37</ele><time>2024-08-25T03:25:24Z</time></trkpt><trkpt lat="-39.3815559056" lon="-72.6266692858"><ele>113.94</ele><time>2024-08-25T03:25:36Z</time></trkpt><trkpt lat="-39.3815760221" lon="-72.6266816072"><ele>113.83</ele><time>2024-08-25T03:25:37Z</time></trkpt><trkpt lat="-39.3815943785" lon="-72.6267102733"><ele>113.86</ele><time>2024-08-25T03:25:38Z</time></trkpt><trkpt lat="-39.3816114776" lon="-72.6267587207"><ele>113.93</ele><time>2024-08-25T03:25:39Z</time></trkpt><trkpt lat="-39.3816633616" lon="-72.6271532569"><ele>113.69</ele><time>2024-08-25T03:25:47Z</time></trkpt><trkpt lat="-39.3816209491" lon="-72.6271856111"><ele>113.80</ele><time>2024-08-25T03:25:48Z</time></trkpt><trkpt lat="-39.3815655448" lon="-72.6272131037"><ele>113.86</ele><time>2024-08-25T03:25:49Z</time></trkpt><trkpt lat="-39.3810949847" lon="-72.6274132635"><ele>113.32</ele><time>2024-08-25T03:25:57Z</time></trkpt><trkpt lat="-39.3810503092" lon="-72.6274409238"><ele>113.23</ele><time>2024-08-25T03:25:58Z</time></trkpt><trkpt lat="-39.3809596170" lon="-72.6274969149"><ele>113.34</ele><time>2024-08-25T03:26:00Z</time></trkpt><trkpt lat="-39.3809120916" lon="-72.6275156904"><ele>113.51</ele><time>2024-08-25T03:26:01Z</time></trkpt><trkpt lat="-39.3803975265" lon="-72.6277383137"><ele>113.58</ele><time>2024-08-25T03:26:12Z</time></trkpt><trkpt lat="-39.3803886417" lon="-72.6277694944"><ele>113.54</ele><time>2024-08-25T03:26:13Z</time></trkpt><trkpt lat="-39.3803904857" lon="-72.6278063748"><ele>113.43</ele><time>2024-08-25T03:26:14Z</time></trkpt><trkpt lat="-39.3803974427" lon="-72.6278450154"><ele>113.45</ele><time>2024-08-25T03:26:15Z</time></trkpt><trkpt lat="-39.3804075010" lon="-72.6278862543"><ele>113.31</ele><time>2024-08-25T03:26:16Z</time></trkpt><trkpt lat="-39.3804201577" lon="-72.6279328577"><ele>113.43</ele><time>2024-08-25T03:26:17Z</time></trkpt><trkpt lat="-39.3804923259" lon="-72.6282079518"><ele>113.73</ele><time>2024-08-25T03:26:22Z</time></trkpt><trkpt lat="-39.3805041444" lon="-72.6282609254"><ele>113.65</ele><time>2024-08-25T03:26:23Z</time></trkpt><trkpt lat="-39.3807212356" lon="-72.6290470641"><ele>113.64</ele><time>2024-08-25T03:26:36Z</time></trkpt><trkpt lat="-39.3808632251" lon="-72.6295724418"><ele>113.09</ele><time>2024-08-25T03:26:47Z</time></trkpt><trkpt lat="-39.3808802404" lon="-72.6295875292"><ele>113.13</ele><time>2024-08-25T03:26:48Z</time></trkpt><trkpt lat="-39.3809055537" lon="-72.6295975875"><ele>113.27</ele><time>2024-08-25T03:26:49Z</time></trkpt><trkpt lat="-39.3809349742" lon="-72.6296020299"><ele>113.29</ele><time>2024-08-25T03:26:50Z</time></trkpt><trkpt lat="-39.3810061365" lon="-72.6296156924"><ele>113.04</ele><time>2024-08-25T03:26:53Z</time></trkpt><trkpt lat="-39.3810237385" lon="-72.6296431012"><ele>113.16</ele><time>2024-08-25T03:26:54Z</time></trkpt><trkpt lat="-39.3810395803" lon="-72.6296824962"><ele>113.21</ele><time>2024-08-25T03:26:55Z</time></trkpt><trkpt lat="-39.3810555059" lon="-72.6297346316"><ele>113.42</ele><time>2024-08-25T03:26:56Z</time></trkpt><trkpt lat="-39.3810765445" lon="-72.6297974121"><ele>113.37</ele><time>2024-08-25T03:26:57Z</time></trkpt><trkpt lat="-39.3810980860" lon="-72.6298690774"><ele>113.52</ele><time>2024-08-25T03:26:58Z</time></trkpt><trkpt lat="-39.3811206333" lon="-72.6299455203"><ele>113.45</ele><time>2024-08-25T03:26:59Z</time></trkpt><trkpt lat="-39.3813175242" lon="-72.6306441519"><ele>113.13</ele><time>2024-08-25T03:27:10Z</time></trkpt><trkpt lat="-39.3814146705" lon="-72.6309893187"><ele>113.24</ele><time>2024-08-25T03:27:17Z</time></trkpt><trkpt lat="-39.3816176802" lon="-72.6318932232"><ele>112.28</ele><time>2024-08-25T03:27:30Z</time></trkpt><trkpt lat="-39.3816007487" lon="-72.6319429278"><ele>112.19</ele><time>2024-08-25T03:27:31Z</time></trkpt><trkpt lat="-39.3815727532" lon="-72.6319967397"><ele>112.35</ele><time>2024-08-25T03:27:32Z</time></trkpt><trkpt lat="-39.3815347832" lon="-72.6320528984"><ele>112.53</ele><time>2024-08-25T03:27:33Z</time></trkpt><trkpt lat="-39.3813587632" lon="-72.6322932076"><ele>112.17</ele><time>2024-08-25T03:27:38Z</time></trkpt><trkpt lat="-39.3813233916" lon="-72.6322905254"><ele>112.29</ele><time>2024-08-25T03:27:39Z</time></trkpt><trkpt lat="-39.3812907021" lon="-72.6322559081"><ele>112.24</ele><time>2024-08-25T03:27:40Z</time></trkpt><trkpt lat="-39.3812668137" lon="-72.6321982406"><ele>112.48</ele><time>2024-08-25T03:27:41Z</time></trkpt><trkpt lat="-39.3812426738" lon="-72.6321170200"><ele>112.64</ele><time>2024-08-25T03:27:42Z</time></trkpt><trkpt lat="-39.3810170330" lon="-72.6312768180"><ele>113.18</ele><time>2024-08-25T03:27:51Z</time></trkpt><trkpt lat="-39.3806928210" lon="-72.6300212089"><ele>113.56</ele><time>2024-08-25T03:28:05Z</time></trkpt><trkpt lat="-39.3806823436" lon="-72.6299569197"><ele>113.46</ele><time>2024-08-25T03:28:06Z</time></trkpt><trkpt lat="-39.3806529231" lon="-72.6298003457"><ele>113.21</ele><time>2024-08-25T03:28:11Z</time></trkpt><trkpt lat="-39.3806406856" lon="-72.6297825761"><ele>113.13</ele><time>2024-08-25T03:28:12Z</time></trkpt><trkpt lat="-39.3806158751" lon="-72.6297638007"><ele>113.23</ele><time>2024-08-25T03:28:13Z</time></trkpt><trkpt lat="-39.3805834372" lon="-72.6297501381"><ele>113.14</ele><time>2024-08-25T03:28:14Z</time></trkpt><trkpt lat="-39.3805423658" lon="-72.6297467854"><ele>113.22</ele><time>2024-08-25T03:28:15Z</time></trkpt><trkpt lat="-39.3804910686" lon="-72.6297570951"><ele>113.22</ele><time>2024-08-25T03:28:16Z</time></trkpt><trkpt lat="-39.3804317247" lon="-72.6297805645"><ele>113.26</ele><time>2024-08-25T03:28:17Z</time></trkpt><trkpt lat="-39.3803718779" lon="-72.6298070513"><ele>113.30</ele><time>2024-08-25T03:28:18Z</time></trkpt><trkpt lat="-39.3797896709" lon="-72.6300579216"><ele>112.95</ele><time>2024-08-25T03:28:29Z</time></trkpt><trkpt lat="-39.3797511980" lon="-72.6300486177"><ele>112.86</ele><time>2024-08-25T03:28:30Z</time></trkpt><trkpt lat="-39.3797199335" lon="-72.6300233882"><ele>112.67</ele><time>2024-08-25T03:28:31Z</time></trkpt><trkpt lat="-39.3796922732" lon="-72.6299783774"><ele>112.88</ele><time>2024-08-25T03:28:32Z</time></trkpt><trkpt lat="-39.3796664570" lon="-72.6299113221"><ele>113.03</ele><time>2024-08-25T03:28:33Z</time></trkpt><trkpt lat="-39.3796418980" lon="-72.6298312750"><ele>113.06</ele><time>2024-08-25T03:28:34Z</time></trkpt><trkpt lat="-39.3793967273" lon="-72.6288498379"><ele>113.46</ele><time>2024-08-25T03:28:46Z</time></trkpt><trkpt lat="-39.3793471064" lon="-72.6286112051"><ele>112.92</ele><time>2024-08-25T03:28:54Z</time></trkpt><trkpt lat="-39.3793425802" lon="-72.6286064275"><ele>112.98</ele><time>2024-08-25T03:29:24Z</time></trkpt><trkpt lat="-39.3793351203" lon="-72.6285814494"><ele>112.99</ele><time>2024-08-25T03:29:26Z</time></trkpt><trkpt lat="-39.3792916182" lon="-72.6284912601"><ele>113.18</ele><time>2024-08-25T03:29:29Z</time></trkpt><trkpt lat="-39.3792808056" lon="-72.6284562238"><ele>113.07</ele><time>2024-08-25T03:29:30Z</time></trkpt><trkpt lat="-39.3792165164" lon="-72.6282055210"><ele>113.35</ele><time>2024-08-25T03:29:38Z</time></trkpt><trkpt lat="-39.3791959807" lon="-72.6282000728"><ele>113.22</ele><time>2024-08-25T03:29:40Z</time></trkpt><trkpt lat="-39.3791829050" lon="-72.6282036770"><ele>113.23</ele><time>2024-08-25T03:29:41Z</time></trkpt><trkpt lat="-39.3789255805" lon="-72.6283228677"><ele>113.28</ele><time>2024-08-25T03:29:57Z</time></trkpt><trkpt lat="-39.3786092475" lon="-72.6284889132"><ele>113.50</ele><time>2024-08-25T03:30:11Z</time></trkpt><trkpt lat="-39.3781547807" lon="-72.6287358440"><ele>113.50</ele><time>2024-08-25T03:30:26Z</time></trkpt><trkpt lat="-39.3780251127" lon="-72.6287769992"><ele>113.91</ele><time>2024-08-25T03:30:33Z</time></trkpt><trkpt lat="-39.3779845443" lon="-72.6287448127"><ele>113.97</ele><time>2024-08-25T03:30:36Z</time></trkpt><trkpt lat="-39.3779753242" lon="-72.6287104469"><ele>114.01</ele><time>2024-08-25T03:30:37Z</time></trkpt><trkpt lat="-39.3779727258" lon="-72.6286708843"><ele>113.95</ele><time>2024-08-25T03:30:38Z</time></trkpt><trkpt lat="-39.3779739831" lon="-72.6286200061"><ele>114.02</ele><time>2024-08-25T03:30:39Z</time></trkpt><trkpt lat="-39.3779759947" lon="-72.6285619196"><ele>114.11</ele><time>2024-08-25T03:30:40Z</time></trkpt><trkpt lat="-39.3779517710" lon="-72.6275479607"><ele>114.83</ele><time>2024-08-25T03:30:51Z</time></trkpt><trkpt lat="-39.3780229334" lon="-72.6258901041"><ele>115.18</ele><time>2024-08-25T03:31:06Z</time></trkpt><trkpt lat="-39.3780561257" lon="-72.6257886831"><ele>115.30</ele><time>2024-08-25T03:31:07Z</time></trkpt><trkpt lat="-39.3780960236" lon="-72.6256896090"><ele>115.43</ele><time>2024-08-25T03:31:08Z</time></trkpt><trkpt lat="-39.3781412020" lon="-72.6255962346"><ele>115.39</ele><time>2024-08-25T03:31:09Z</time></trkpt><trkpt lat="-39.3781919125" lon="-72.6255057938"><ele>115.47</ele><time>2024-08-25T03:31:10Z</time></trkpt><trkpt lat="-39.3782474846" lon="-72.6254184544"><ele>115.55</ele><time>2024-08-25T03:31:11Z</time></trkpt><trkpt lat="-39.3791974057" lon="-72.6241150685"><ele>114.98</ele><time>2024-08-25T03:31:27Z</time></trkpt><trkpt lat="-39.3801824469" lon="-72.6227280311"><ele>115.25</ele><time>2024-08-25T03:31:44Z</time></trkpt><trkpt lat="-39.3809315376" lon="-72.6216667145"><ele>115.69</ele><time>2024-08-25T03:31:57Z</time></trkpt><trkpt lat="-39.3817583285" lon="-72.6205271110"><ele>117.26</ele><time>2024-08-25T03:32:11Z</time></trkpt><trkpt lat="-39.3827092554" lon="-72.6192913670"><ele>117.90</ele><time>2024-08-25T03:32:27Z</time></trkpt><trkpt lat="-39.3836635351" lon="-72.6179567166"><ele>118.29</ele><time>2024-08-25T03:32:43Z</time></trkpt><trkpt lat="-39.3847532663" lon="-72.6164691802"><ele>118.52</ele><time>2024-08-25T03:33:02Z</time></trkpt><trkpt lat="-39.3848127779" lon="-72.6163759734"><ele>117.99</ele><time>2024-08-25T03:33:09Z</time></trkpt><trkpt lat="-39.3848121911" lon="-72.6164251752"><ele>117.98</ele><time>2024-08-25T03:33:12Z</time></trkpt><trkpt lat="-39.3847945891" lon="-72.6164260972"><ele>117.96</ele><time>2024-08-25T03:33:16Z</time></trkpt><trkpt lat="-39.3847154640" lon="-72.6164702699"><ele>118.17</ele><time>2024-08-25T03:33:19Z</time></trkpt><trkpt lat="-39.3846806791" lon="-72.6165096648"><ele>118.12</ele><time>2024-08-25T03:33:20Z</time></trkpt><trkpt lat="-39.3846418709" lon="-72.6165579446"><ele>118.26</ele><time>2024-08-25T03:33:21Z</time></trkpt><trkpt lat="-39.3840375356" lon="-72.6173654571"><ele>118.53</ele><time>2024-08-25T03:33:33Z</time></trkpt><trkpt lat="-39.3831958249" lon="-72.6185370795"><ele>118.32</ele><time>2024-08-25T03:33:48Z</time></trkpt><trkpt lat="-39.3823416252" lon="-72.6196838077"><ele>117.67</ele><time>2024-08-25T03:34:03Z</time></trkpt><trkpt lat="-39.3815945461" lon="-72.6207007002"><ele>117.20</ele><time>2024-08-25T03:34:16Z</time></trkpt><trkpt lat="-39.3807395082" lon="-72.6218806207"><ele>115.72</ele><time>2024-08-25T03:34:31Z</time></trkpt><trkpt lat="-39.3799842149" lon="-72.6229657419"><ele>115.38</ele><time>2024-08-25T03:34:45Z</time></trkpt><trkpt lat="-39.3790466152" lon="-72.6243140548"><ele>115.13</ele><time>2024-08-25T03:35:02Z</time></trkpt><trkpt lat="-39.3782748096" lon="-72.6253886987"><ele>115.83</ele><time>2024-08-25T03:35:16Z</time></trkpt><trkpt lat="-39.3779661041" lon="-72.6260011643"><ele>115.56</ele><time>2024-08-25T03:35:23Z</time></trkpt><trkpt lat="-39.3779438920" lon="-72.6261011604"><ele>115.59</ele><time>2024-08-25T03:35:24Z</time></trkpt><trkpt lat="-39.3779290561" lon="-72.6261979714"><ele>115.58</ele><time>2024-08-25T03:35:25Z</time></trkpt><trkpt lat="-39.3779293075" lon="-72.6268722117"><ele>114.85</ele><time>2024-08-25T03:35:35Z</time></trkpt><trkpt lat="-39.3779514357" lon="-72.6280674711"><ele>114.66</ele><time>2024-08-25T03:35:50Z</time></trkpt><trkpt lat="-39.3779978715" lon="-72.6296039578"><ele>114.11</ele><time>2024-08-25T03:36:07Z</time></trkpt><trkpt lat="-39.3780236039" lon="-72.6302784495"><ele>113.80</ele><time>2024-08-25T03:36:18Z</time></trkpt><trkpt lat="-39.3780466542" lon="-72.6302927826"><ele>113.77</ele><time>2024-08-25T03:36:19Z</time></trkpt><trkpt lat="-39.3780752365" lon="-72.6302920282"><ele>113.82</ele><time>2024-08-25T03:36:20Z</time></trkpt><trkpt lat="-39.3781089317" lon="-72.6302795392"><ele>113.84</ele><time>2024-08-25T03:36:21Z</time></trkpt><trkpt lat="-39.3781424593" lon="-72.6302624401"><ele>113.74</ele><time>2024-08-25T03:36:22Z</time></trkpt><trkpt lat="-39.3781817704" lon="-72.6302420720"><ele>113.69</ele><time>2024-08-25T03:36:23Z</time></trkpt><trkpt lat="-39.3787904643" lon="-72.6299497951"><ele>113.52</ele><time>2024-08-25T03:36:33Z</time></trkpt><trkpt lat="-39.3794474378" lon="-72.6296400838"><ele>112.90</ele><time>2024-08-25T03:36:45Z</time></trkpt><trkpt lat="-39.3795726635" lon="-72.6296355575"><ele>112.46</ele><time>2024-08-25T03:36:54Z</time></trkpt><trkpt lat="-39.3795896787" lon="-72.6296592783"><ele>112.19</ele><time>2024-08-25T03:36:55Z</time></trkpt><trkpt lat="-39.3796030059" lon="-72.6296967454"><ele>112.60</ele><time>2024-08-25T03:36:56Z</time></trkpt><trkpt lat="-39.3796504475" lon="-72.6298573427"><ele>112.63</ele><time>2024-08-25T03:36:59Z</time></trkpt><trkpt lat="-39.3796922732" lon="-72.6300507970"><ele>112.20</ele><time>2024-08-25T03:37:05Z</time></trkpt><trkpt lat="-39.3797012419" lon="-72.6300797984"><ele>112.17</ele><time>2024-08-25T03:37:06Z</time></trkpt><trkpt lat="-39.3797115516" lon="-72.6301206183"><ele>112.13</ele><time>2024-08-25T03:37:07Z</time></trkpt><trkpt lat="-39.3797247112" lon="-72.6301719993"><ele>112.08</ele><time>2024-08-25T03:37:08Z</time></trkpt><trkpt lat="-39.3797427323" lon="-72.6302331872"><ele>112.28</ele><time>2024-08-25T03:37:09Z</time></trkpt><trkpt lat="-39.3798179179" lon="-72.6306987181"><ele>112.43</ele><time>2024-08-25T03:37:18Z</time></trkpt><trkpt lat="-39.3797945324" lon="-72.6307351794"><ele>112.40</ele><time>2024-08-25T03:37:19Z</time></trkpt><trkpt lat="-39.3797601666" lon="-72.6307645999"><ele>112.51</ele><time>2024-08-25T03:37:20Z</time></trkpt><trkpt lat="-39.3797190953" lon="-72.6307843812"><ele>112.80</ele><time>2024-08-25T03:37:21Z</time></trkpt><trkpt lat="-39.3796724919" lon="-72.6308007259"><ele>112.86</ele><time>2024-08-25T03:37:22Z</time></trkpt><trkpt lat="-39.3796254694" lon="-72.6308185793"><ele>112.78</ele><time>2024-08-25T03:37:23Z</time></trkpt><trkpt lat="-39.3795776088" lon="-72.6308390312"><ele>112.80</ele><time>2024-08-25T03:37:24Z</time></trkpt><trkpt lat="-39.3789047096" lon="-72.6311387680"><ele>113.44</ele><time>2024-08-25T03:37:34Z</time></trkpt><trkpt lat="-39.3781844527" lon="-72.6314321347"><ele>113.26</ele><time>2024-08-25T03:37:46Z</time></trkpt><trkpt lat="-39.3781681079" lon="-72.6314562745"><ele>113.14</ele><time>2024-08-25T03:37:47Z</time></trkpt><trkpt lat="-39.3781558704" lon="-72.6314933226"><ele>113.17</ele><time>2024-08-25T03:37:48Z</time></trkpt><trkpt lat="-39.3781582173" lon="-72.6315462124"><ele>113.20</ele><time>2024-08-25T03:37:49Z</time></trkpt><trkpt lat="-39.3781720474" lon="-72.6316113397"><ele>113.18</ele><time>2024-08-25T03:37:50Z</time></trkpt><trkpt lat="-39.3781890627" lon="-72.6316812448"><ele>113.19</ele><time>2024-08-25T03:37:51Z</time></trkpt><trkpt lat="-39.3782053236" lon="-72.6317528263"><ele>113.27</ele><time>2024-08-25T03:37:52Z</time></trkpt><trkpt lat="-39.3782705348" lon="-72.6319179498"><ele>113.28</ele><time>2024-08-25T03:37:55Z</time></trkpt><trkpt lat="-39.3783081695" lon="-72.6319339592"><ele>113.24</ele><time>2024-08-25T03:37:56Z</time></trkpt><trkpt lat="-39.3783582933" lon="-72.6319317799"><ele>113.08</ele><time>2024-08-25T03:37:57Z</time></trkpt><trkpt lat="-39.3784131948" lon="-72.6319141779"><ele>113.03</ele><time>2024-08-25T03:37:58Z</time></trkpt><trkpt lat="-39.3784708623" lon="-72.6318891160"><ele>113.07</ele><time>2024-08-25T03:37:59Z</time></trkpt><trkpt lat="-39.3786521628" lon="-72.6317985915"><ele>112.92</ele><time>2024-08-25T03:38:02Z</time></trkpt><trkpt lat="-39.3796060234" lon="-72.6313518360"><ele>112.53</ele><time>2024-08-25T03:38:16Z</time></trkpt><trkpt lat="-39.3798298202" lon="-72.6312640775"><ele>112.60</ele><time>2024-08-25T03:38:20Z</time></trkpt><trkpt lat="-39.3799936865" lon="-72.6312662568"><ele>112.53</ele><time>2024-08-25T03:38:25Z</time></trkpt><trkpt lat="-39.3800153956" lon="-72.6313086692"><ele>112.53</ele><time>2024-08-25T03:38:26Z</time></trkpt><trkpt lat="-39.3800318241" lon="-72.6313675102"><ele>112.68</ele><time>2024-08-25T03:38:27Z</time></trkpt><trkpt lat="-39.3800770026" lon="-72.6317046303"><ele>112.49</ele><time>2024-08-25T03:38:33Z</time></trkpt><trkpt lat="-39.3800552934" lon="-72.6317424327"><ele>112.50</ele><time>2024-08-25T03:38:34Z</time></trkpt><trkpt lat="-39.3800229393" lon="-72.6317704283"><ele>112.37</ele><time>2024-08-25T03:38:35Z</time></trkpt><trkpt lat="-39.3799798563" lon="-72.6317915507"><ele>112.41</ele><time>2024-08-25T03:38:36Z</time></trkpt><trkpt lat="-39.3799299002" lon="-72.6318139303"><ele>112.52</ele><time>2024-08-25T03:38:37Z</time></trkpt><trkpt lat="-39.3792546540" lon="-72.6321042795"><ele>112.25</ele><time>2024-08-25T03:38:47Z</time></trkpt><trkpt lat="-39.3785330560" lon="-72.6324194390"><ele>112.83</ele><time>2024-08-25T03:39:02Z</time></trkpt><trkpt lat="-39.3784038909" lon="-72.6323608495"><ele>113.12</ele><time>2024-08-25T03:39:07Z</time></trkpt><trkpt lat="-39.3783877138" lon="-72.6323097199"><ele>113.21</ele><time>2024-08-25T03:39:08Z</time></trkpt><trkpt lat="-39.3781409506" lon="-72.6314732060"><ele>113.58</ele><time>2024-08-25T03:39:19Z</time></trkpt><trkpt lat="-39.3779420480" lon="-72.6310005505"><ele>113.59</ele><time>2024-08-25T03:39:28Z</time></trkpt><trkpt lat="-39.3779013958" lon="-72.6309998799"><ele>113.59</ele><time>2024-08-25T03:39:29Z</time></trkpt><trkpt lat="-39.3778542895" lon="-72.6310230978"><ele>113.64</ele><time>2024-08-25T03:39:30Z</time></trkpt><trkpt lat="-39.3777990527" lon="-72.6310642529"><ele>113.71</ele><time>2024-08-25T03:39:31Z</time></trkpt><trkpt lat="-39.3777396251" lon="-72.6311133709"><ele>113.94</ele><time>2024-08-25T03:39:32Z</time></trkpt><trkpt lat="-39.3768581003" lon="-72.6319749467"><ele>113.85</ele><time>2024-08-25T03:39:46Z</time></trkpt><trkpt lat="-39.3766363151" lon="-72.6323333569"><ele>112.46</ele><time>2024-08-25T03:39:54Z</time></trkpt><trkpt lat="-39.3768608663" lon="-72.6328042522"><ele>110.59</ele><time>2024-08-25T03:40:02Z</time></trkpt><trkpt lat="-39.3772154208" lon="-72.6334673446"><ele>110.33</ele><time>2024-08-25T03:40:11Z</time></trkpt><trkpt lat="-39.3772163428" lon="-72.6335227489"><ele>110.13</ele><time>2024-08-25T03:40:12Z</time></trkpt><trkpt lat="-39.3771997467" lon="-72.6335718669"><ele>109.99</ele><time>2024-08-25T03:40:13Z</time></trkpt><trkpt lat="-39.3771689851" lon="-72.6336173806"><ele>109.98</ele><time>2024-08-25T03:40:14Z</time></trkpt><trkpt lat="-39.3771234713" lon="-72.6336668339"><ele>110.05</ele><time>2024-08-25T03:40:15Z</time></trkpt><trkpt lat="-39.3770669773" lon="-72.6337208971"><ele>110.11</ele><time>2024-08-25T03:40:16Z</time></trkpt><trkpt lat="-39.3764861953" lon="-72.6342487894"><ele>109.70</ele><time>2024-08-25T03:40:26Z</time></trkpt><trkpt lat="-39.3759852089" lon="-72.6347528771"><ele>109.96</ele><time>2024-08-25T03:40:36Z</time></trkpt><trkpt lat="-39.3755490985" lon="-72.6351753250"><ele>109.65</ele><time>2024-08-25T03:40:46Z</time></trkpt><trkpt lat="-39.3750062864" lon="-72.6356992777"><ele>111.74</ele><time>2024-08-25T03:40:56Z</time></trkpt><trkpt lat="-39.3747247383" lon="-72.6359640621"><ele>112.60</ele><time>2024-08-25T03:41:05Z</time></trkpt><trkpt lat="-39.3743158691" lon="-72.6363917906"><ele>113.10</ele><time>2024-08-25T03:41:14Z</time></trkpt><trkpt lat="-39.3738639168" lon="-72.6367952116"><ele>112.41</ele><time>2024-08-25T03:41:24Z</time></trkpt><trkpt lat="-39.3734165747" lon="-72.6372564677"><ele>112.96</ele><time>2024-08-25T03:41:32Z</time></trkpt><trkpt lat="-39.3730274867" lon="-72.6375690289"><ele>112.38</ele><time>2024-08-25T03:41:41Z</time></trkpt><trkpt lat="-39.3727047835" lon="-72.6378953364"><ele>112.92</ele><time>2024-08-25T03:41:49Z</time></trkpt><trkpt lat="-39.3721033819" lon="-72.6384688262"><ele>114.11</ele><time>2024-08-25T03:42:01Z</time></trkpt><trkpt lat="-39.3720000330" lon="-72.6386756077"><ele>114.35</ele><time>2024-08-25T03:42:08Z</time></trkpt><trkpt lat="-39.3720144499" lon="-72.6387343649"><ele>114.37</ele><time>2024-08-25T03:42:09Z</time></trkpt><trkpt lat="-39.3720459659" lon="-72.6388015877"><ele>114.43</ele><time>2024-08-25T03:42:10Z</time></trkpt><trkpt lat="-39.3720871210" lon="-72.6388739236"><ele>114.43</ele><time>2024-08-25T03:42:11Z</time></trkpt><trkpt lat="-39.3721312098" lon="-72.6389477681"><ele>114.32</ele><time>2024-08-25T03:42:12Z</time></trkpt><trkpt lat="-39.3727611098" lon="-72.6400078274"><ele>114.30</ele><time>2024-08-25T03:42:24Z</time></trkpt><trkpt lat="-39.3731911853" lon="-72.6407497097"><ele>113.31</ele><time>2024-08-25T03:42:34Z</time></trkpt><trkpt lat="-39.3732884992" lon="-72.6408297569"><ele>113.02</ele><time>2024-08-25T03:42:39Z</time></trkpt><trkpt lat="-39.3733320851" lon="-72.6408138312"><ele>113.10</ele><time>2024-08-25T03:42:40Z</time></trkpt><trkpt lat="-39.3733786047" lon="-72.6407771185"><ele>113.02</ele><time>2024-08-25T03:42:41Z</time></trkpt><trkpt lat="-39.3740323093" lon="-72.6401315443"><ele>112.01</ele><time>2024-08-25T03:42:53Z</time></trkpt><trkpt lat="-39.3751051929" lon="-72.6390994806"><ele>112.35</ele><time>2024-08-25T03:43:09Z</time></trkpt><trkpt lat="-39.3759583030" lon="-72.6382855978"><ele>111.82</ele><time>2024-08-25T03:43:23Z</time></trkpt><trkpt lat="-39.3759685289" lon="-72.6382318698"><ele>111.79</ele><time>2024-08-25T03:43:24Z</time></trkpt><trkpt lat="-39.3759612367" lon="-72.6381707657"><ele>111.82</ele><time>2024-08-25T03:43:25Z</time></trkpt><trkpt lat="-39.3759390246" lon="-72.6381059736"><ele>111.68</ele><time>2024-08-25T03:43:26Z</time></trkpt><trkpt lat="-39.3759063352" lon="-72.6380420197"><ele>111.66</ele><time>2024-08-25T03:43:27Z</time></trkpt><trkpt lat="-39.3758687004" lon="-72.6379779819"><ele>111.78</ele><time>2024-08-25T03:43:28Z</time></trkpt><trkpt lat="-39.3752745911" lon="-72.6369780209"><ele>112.43</ele><time>2024-08-25T03:43:41Z</time></trkpt><trkpt lat="-39.3744882848" lon="-72.6356431190"><ele>113.02</ele><time>2024-08-25T03:43:57Z</time></trkpt><trkpt lat="-39.3740942515" lon="-72.6349494327"><ele>112.67</ele><time>2024-08-25T03:44:08Z</time></trkpt><trkpt lat="-39.3738660123" lon="-72.6345504541"><ele>113.26</ele><time>2024-08-25T03:44:16Z</time></trkpt><trkpt lat="-39.3730524648" lon="-72.6331775822"><ele>113.75</ele><time>2024-08-25T03:44:33Z</time></trkpt><trkpt lat="-39.3725629617" lon="-72.6323386375"><ele>114.10</ele><time>2024-08-25T03:44:43Z</time></trkpt><trkpt lat="-39.3723754585" lon="-72.6320158504"><ele>114.29</ele><time>2024-08-25T03:44:47Z</time></trkpt><trkpt lat="-39.3723283522" lon="-72.6319453586"><ele>114.33</ele><time>2024-08-25T03:44:48Z</time></trkpt><trkpt lat="-39.3722832575" lon="-72.6318784710"><ele>114.37</ele><time>2024-08-25T03:44:49Z</time></trkpt><trkpt lat="-39.3722493947" lon="-72.6318030339"><ele>114.30</ele><time>2024-08-25T03:44:50Z</time></trkpt><trkpt lat="-39.3722124305" lon="-72.6317362301"><ele>114.31</ele><time>2024-08-25T03:44:51Z</time></trkpt><trkpt lat="-39.3721727002" lon="-72.6316789817"><ele>114.34</ele><time>2024-08-25T03:44:52Z</time></trkpt><trkpt lat="-39.3721396755" lon="-72.6316193864"><ele>114.38</ele><time>2024-08-25T03:44:53Z</time></trkpt><trkpt lat="-39.3720857799" lon="-72.6315082423"><ele>114.35</ele><time>2024-08-25T03:44:55Z</time></trkpt><trkpt lat="-39.3720643222" lon="-72.6314555202"><ele>114.20</ele><time>2024-08-25T03:44:56Z</time></trkpt><trkpt lat="-39.3720392603" lon="-72.6314129401"><ele>114.27</ele><time>2024-08-25T03:44:57Z</time></trkpt><trkpt lat="-39.3720126897" lon="-72.6313770656"><ele>114.40</ele><time>2024-08-25T03:44:58Z</time></trkpt><trkpt lat="-39.3719833530" lon="-72.6313629001"><ele>114.50</ele><time>2024-08-25T03:44:59Z</time></trkpt><trkpt lat="-39.3719509989" lon="-72.6313760597"><ele>114.55</ele><time>2024-08-25T03:45:00Z</time></trkpt><trkpt lat="-39.3719163816" lon="-72.6314076595"><ele>114.72</ele><time>2024-08-25T03:45:01Z</time></trkpt><trkpt lat="-39.3718791660" lon="-72.6314453781"><ele>114.86</ele><time>2024-08-25T03:45:02Z</time></trkpt><trkpt lat="-39.3713143934" lon="-72.6320172753"><ele>117.19</ele><time>2024-08-25T03:45:14Z</time></trkpt><trkpt lat="-39.3711299915" lon="-72.6322020963"><ele>117.87</ele><time>2024-08-25T03:45:19Z</time></trkpt><trkpt lat="-39.3704707548" lon="-72.6328585669"><ele>117.77</ele><time>2024-08-25T03:45:31Z</time></trkpt><trkpt lat="-39.3702848442" lon="-72.6330221817"><ele>117.17</ele><time>2024-08-25T03:45:38Z</time></trkpt><trkpt lat="-39.3697471451" lon="-72.6335045602"><ele>117.26</ele><time>2024-08-25T03:45:47Z</time></trkpt><trkpt lat="-39.3694148865" lon="-72.6338027045"><ele>116.15</ele><time>2024-08-25T03:45:56Z</time></trkpt><trkpt lat="-39.3693961110" lon="-72.6338317897"><ele>115.91</ele><time>2024-08-25T03:45:59Z</time></trkpt><trkpt lat="-39.3693449814" lon="-72.6338455360"><ele>115.77</ele><time>2024-08-25T03:46:01Z</time></trkpt><trkpt lat="-39.3693122081" lon="-72.6338305324"><ele>115.73</ele><time>2024-08-25T03:46:02Z</time></trkpt><trkpt lat="-39.3692749925" lon="-72.6337930653"><ele>115.76</ele><time>2024-08-25T03:46:03Z</time></trkpt><trkpt lat="-39.3692363519" lon="-72.6337371580"><ele>115.79</ele><time>2024-08-25T03:46:04Z</time></trkpt><trkpt lat="-39.3691966217" lon="-72.6336701028"><ele>115.97</ele><time>2024-08-25T03:46:05Z</time></trkpt><trkpt lat="-39.3689940311" lon="-72.6333545242"><ele>116.23</ele><time>2024-08-25T03:46:10Z</time></trkpt><trkpt lat="-39.3689531274" lon="-72.6333050709"><ele>116.47</ele><time>2024-08-25T03:46:11Z</time></trkpt><trkpt lat="-39.3689164985" lon="-72.6332541090"><ele>116.40</ele><time>2024-08-25T03:46:12Z</time></trkpt><trkpt lat="-39.3688842282" lon="-72.6332033984"><ele>116.51</ele><time>2024-08-25T03:46:13Z</time></trkpt><trkpt lat="-39.3688556459" lon="-72.6331567951"><ele>116.55</ele><time>2024-08-25T03:46:14Z</time></trkpt><trkpt lat="-39.3687797897" lon="-72.6330429688"><ele>116.52</ele><time>2024-08-25T03:46:22Z</time></trkpt><trkpt lat="-39.3687564041" lon="-72.6330304798"><ele>116.31</ele><time>2024-08-25T03:46:51Z</time></trkpt><trkpt lat="-39.3686885107" lon="-72.6329249516"><ele>116.44</ele><time>2024-08-25T03:46:54Z</time></trkpt><trkpt lat="-39.3686545640" lon="-72.6328905858"><ele>116.62</ele><time>2024-08-25T03:46:55Z</time></trkpt><trkpt lat="-39.3686163425" lon="-72.6328752469"><ele>116.74</ele><time>2024-08-25T03:46:56Z</time></trkpt><trkpt lat="-39.3685722537" lon="-72.6328802761"><ele>116.96</ele><time>2024-08-25T03:46:57Z</time></trkpt><trkpt lat="-39.3685284164" lon="-72.6329049189"><ele>117.01</ele><time>2024-08-25T03:46:58Z</time></trkpt><trkpt lat="-39.3684844952" lon="-72.6329418831"><ele>117.09</ele><time>2024-08-25T03:46:59Z</time></trkpt><trkpt lat="-39.3684364669" lon="-72.6329848822"><ele>117.06</ele><time>2024-08-25T03:47:00Z</time></trkpt><trkpt lat="-39.3679095805" lon="-72.6334834378"><ele>117.27</ele><time>2024-08-25T03:47:12Z</time></trkpt><trkpt lat="-39.3676541001" lon="-72.6337421034"><ele>117.06</ele><time>2024-08-25T03:47:19Z</time></trkpt><trkpt lat="-39.3674312253" lon="-72.6339647267"><ele>116.66</ele><time>2024-08-25T03:47:24Z</time></trkpt><trkpt lat="-39.3674124498" lon="-72.6340141799"><ele>116.59</ele><time>2024-08-25T03:47:25Z</time></trkpt><trkpt lat="-39.3674080912" lon="-72.6340652257"><ele>116.55</ele><time>2024-08-25T03:47:26Z</time></trkpt><trkpt lat="-39.3674194906" lon="-72.6341156010"><ele>116.48</ele><time>2024-08-25T03:47:27Z</time></trkpt><trkpt lat="-39.3674430437" lon="-72.6341687422"><ele>116.44</ele><time>2024-08-25T03:47:28Z</time></trkpt><trkpt lat="-39.3674757332" lon="-72.6342247333"><ele>116.34</ele><time>2024-08-25T03:47:29Z</time></trkpt><trkpt lat="-39.3675142061" lon="-72.6342866756"><ele>116.35</ele><time>2024-08-25T03:47:30Z</time></trkpt><trkpt lat="-39.3680554256" lon="-72.6352216769"><ele>116.27</ele><time>2024-08-25T03:47:42Z</time></trkpt><trkpt lat="-39.3684431724" lon="-72.6358820871"><ele>116.12</ele><time>2024-08-25T03:47:51Z</time></trkpt><trkpt lat="-39.3690299056" lon="-72.6368418150"><ele>115.85</ele><time>2024-08-25T03:48:03Z</time></trkpt><trkpt lat="-39.3693229370" lon="-72.6373712160"><ele>115.48</ele><time>2024-08-25T03:48:10Z</time></trkpt><trkpt lat="-39.3693319056" lon="-72.6374241896"><ele>115.48</ele><time>2024-08-25T03:48:11Z</time></trkpt><trkpt lat="-39.3693231046" lon="-72.6374780014"><ele>115.17</ele><time>2024-08-25T03:48:12Z</time></trkpt><trkpt lat="-39.3692970369" lon="-72.6375284605"><ele>115.26</ele><time>2024-08-25T03:48:13Z</time></trkpt><trkpt lat="-39.3692585640" lon="-72.6375730522"><ele>115.28</ele><time>2024-08-25T03:48:14Z</time></trkpt><trkpt lat="-39.3692108709" lon="-72.6376159675"><ele>115.45</ele><time>2024-08-25T03:48:15Z</time></trkpt><trkpt lat="-39.3691579811" lon="-72.6376603916"><ele>115.28</ele><time>2024-08-25T03:48:16Z</time></trkpt><trkpt lat="-39.3684210442" lon="-72.6382990927"><ele>114.46</ele><time>2024-08-25T03:48:31Z</time></trkpt><trkpt lat="-39.3678333890" lon="-72.6388298348"><ele>114.23</ele><time>2024-08-25T03:48:41Z</time></trkpt><trkpt lat="-39.3676520046" lon="-72.6389872469"><ele>114.13</ele><time>2024-08-25T03:48:45Z</time></trkpt><trkpt lat="-39.3676133640" lon="-72.6389928628"><ele>114.15</ele><time>2024-08-25T03:48:46Z</time></trkpt><trkpt lat="-39.3675779924" lon="-72.6389799546"><ele>114.20</ele><time>2024-08-25T03:48:47Z</time></trkpt><trkpt lat="-39.3675411958" lon="-72.6389568206"><ele>114.21</ele><time>2024-08-25T03:48:48Z</time></trkpt><trkpt lat="-39.3675104342" lon="-72.6389214490"><ele>114.24</ele><time>2024-08-25T03:48:49Z</time></trkpt><trkpt lat="-39.3674820196" lon="-72.6388776116"><ele>114.23</ele><time>2024-08-25T03:48:50Z</time></trkpt><trkpt lat="-39.3674530182" lon="-72.6388279907"><ele>114.26</ele><time>2024-08-25T03:48:51Z</time></trkpt><trkpt lat="-39.3670097832" lon="-72.6380577777"><ele>114.66</ele><time>2024-08-25T03:49:04Z</time></trkpt><trkpt lat="-39.3669164088" lon="-72.6379557699"><ele>114.32</ele><time>2024-08-25T03:49:08Z</time></trkpt><trkpt lat="-39.3668771815" lon="-72.6379574463"><ele>114.38</ele><time>2024-08-25T03:49:09Z</time></trkpt><trkpt lat="-39.3668294046" lon="-72.6379799936"><ele>114.55</ele><time>2024-08-25T03:49:10Z</time></trkpt><trkpt lat="-39.3667786103" lon="-72.6380206458"><ele>114.48</ele><time>2024-08-25T03:49:11Z</time></trkpt><trkpt lat="-39.3667245470" lon="-72.6380719431"><ele>114.54</ele><time>2024-08-25T03:49:12Z</time></trkpt><trkpt lat="-39.3657814991" lon="-72.6389208622"><ele>114.13</ele><time>2024-08-25T03:49:28Z</time></trkpt><trkpt lat="-39.3649314065" lon="-72.6393270493"><ele>114.19</ele><time>2024-08-25T03:49:41Z</time></trkpt><trkpt lat="-39.3645740859" lon="-72.6394736487"><ele>114.09</ele><time>2024-08-25T03:49:48Z</time></trkpt><trkpt lat="-39.3643504567" lon="-72.6395225152"><ele>113.65</ele><time>2024-08-25T03:49:55Z</time></trkpt><trkpt lat="-39.3643264845" lon="-72.6395313162"><ele>113.55</ele><time>2024-08-25T03:49:56Z</time></trkpt><trkpt lat="-39.3643025961" lon="-72.6395431347"><ele>113.69</ele><time>2024-08-25T03:49:57Z</time></trkpt><trkpt lat="-39.3642851617" lon="-72.6395650115"><ele>113.81</ele><time>2024-08-25T03:49:58Z</time></trkpt><trkpt lat="-39.3642789591" lon="-72.6395965274"><ele>113.84</ele><time>2024-08-25T03:49:59Z</time></trkpt><trkpt lat="-39.3642808869" lon="-72.6396242715"><ele>113.78</ele><time>2024-08-25T03:50:00Z</time></trkpt><trkpt lat="-39.3642844073" lon="-72.6396376826"><ele>113.71</ele><time>2024-08-25T03:50:01Z</time></trkpt><trkpt lat="-39.3642676435" lon="-72.6396108605"><ele>113.56</ele><time>2024-08-25T03:50:04Z</time></trkpt><trkpt lat="-39.3642606027" lon="-72.6395982038"><ele>113.49</ele><time>2024-08-25T03:50:05Z</time></trkpt><trkpt lat="-39.3643948808" lon="-72.6395401172"><ele>113.59</ele><time>2024-08-25T03:50:12Z</time></trkpt><trkpt lat="-39.3649865594" lon="-72.6392920967"><ele>113.69</ele><time>2024-08-25T03:50:23Z</time></trkpt><trkpt lat="-39.3658609595" lon="-72.6388588361"><ele>113.58</ele><time>2024-08-25T03:50:37Z</time></trkpt><trkpt lat="-39.3666209467" lon="-72.6381729450"><ele>113.74</ele><time>2024-08-25T03:50:49Z</time></trkpt><trkpt lat="-39.3671780918" lon="-72.6376368385"><ele>114.36</ele><time>2024-08-25T03:50:59Z</time></trkpt><trkpt lat="-39.3677082472" lon="-72.6371285599"><ele>114.12</ele><time>2024-08-25T03:51:08Z</time></trkpt><trkpt lat="-39.3677408528" lon="-72.6370847225"><ele>114.21</ele><time>2024-08-25T03:51:09Z</time></trkpt><trkpt lat="-39.3677625619" lon="-72.6370355207"><ele>114.24</ele><time>2024-08-25T03:51:10Z</time></trkpt><trkpt lat="-39.3677665852" lon="-72.6369825471"><ele>114.07</ele><time>2024-08-25T03:51:11Z</time></trkpt><trkpt lat="-39.3677560240" lon="-72.6369270589"><ele>114.19</ele><time>2024-08-25T03:51:12Z</time></trkpt><trkpt lat="-39.3677345663" lon="-72.6368721575"><ele>114.20</ele><time>2024-08-25T03:51:13Z</time></trkpt><trkpt lat="-39.3677050620" lon="-72.6368185971"><ele>113.96</ele><time>2024-08-25T03:51:14Z</time></trkpt><trkpt lat="-39.3676703610" lon="-72.6367592532"><ele>113.79</ele><time>2024-08-25T03:51:15Z</time></trkpt><trkpt lat="-39.3672242761" lon="-72.6360068098"><ele>114.30</ele><time>2024-08-25T03:51:27Z</time></trkpt><trkpt lat="-39.3669697177" lon="-72.6355803385"><ele>114.42</ele><time>2024-08-25T03:51:35Z</time></trkpt><trkpt lat="-39.3665613513" lon="-72.6348775998"><ele>114.80</ele><time>2024-08-25T03:51:46Z</time></trkpt><trkpt lat="-39.3665464316" lon="-72.6348549686"><ele>114.57</ele><time>2024-08-25T03:51:51Z</time></trkpt><trkpt lat="-39.3664853275" lon="-72.6347526256"><ele>114.58</ele><time>2024-08-25T03:51:54Z</time></trkpt><trkpt lat="-39.3660879415" lon="-72.6340780500"><ele>114.54</ele><time>2024-08-25T03:52:03Z</time></trkpt><trkpt lat="-39.3657731172" lon="-72.6335338969"><ele>114.02</ele><time>2024-08-25T03:52:12Z</time></trkpt><trkpt lat="-39.3654817622" lon="-72.6330576371"><ele>113.86</ele><time>2024-08-25T03:52:24Z</time></trkpt><trkpt lat="-39.3653884716" lon="-72.6329150610"><ele>113.83</ele><time>2024-08-25T03:52:29Z</time></trkpt><trkpt lat="-39.3653639127" lon="-72.6328619197"><ele>114.02</ele><time>2024-08-25T03:52:30Z</time></trkpt><trkpt lat="-39.3650838733" lon="-72.6323437504"><ele>114.27</ele><time>2024-08-25T03:52:40Z</time></trkpt><trkpt lat="-39.3646175880" lon="-72.6315475535"><ele>114.30</ele><time>2024-08-25T03:52:54Z</time></trkpt><trkpt lat="-39.3645996507" lon="-72.6315180492"><ele>114.14</ele><time>2024-08-25T03:52:58Z</time></trkpt><trkpt lat="-39.3645577412" lon="-72.6314484794"><ele>114.10</ele><time>2024-08-25T03:53:00Z</time></trkpt><trkpt lat="-39.3641856685" lon="-72.6308160648"><ele>114.89</ele><time>2024-08-25T03:53:09Z</time></trkpt><trkpt lat="-39.3638185412" lon="-72.6301839855"><ele>114.71</ele><time>2024-08-25T03:53:19Z</time></trkpt><trkpt lat="-39.3633644935" lon="-72.6294056419"><ele>114.39</ele><time>2024-08-25T03:53:30Z</time></trkpt><trkpt lat="-39.3632379267" lon="-72.6292702742"><ele>114.08</ele><time>2024-08-25T03:53:36Z</time></trkpt><trkpt lat="-39.3631993700" lon="-72.6292896364"><ele>114.19</ele><time>2024-08-25T03:53:37Z</time></trkpt><trkpt lat="-39.3631566223" lon="-72.6293229125"><ele>114.17</ele><time>2024-08-25T03:53:38Z</time></trkpt><trkpt lat="-39.3627035804" lon="-72.6297720149"><ele>113.83</ele><time>2024-08-25T03:53:47Z</time></trkpt><trkpt lat="-39.3624695577" lon="-72.6300044451"><ele>113.84</ele><time>2024-08-25T03:53:52Z</time></trkpt><trkpt lat="-39.3624482676" lon="-72.6300535630"><ele>113.80</ele><time>2024-08-25T03:53:53Z</time></trkpt><trkpt lat="-39.3624424003" lon="-72.6301086321"><ele>113.72</ele><time>2024-08-25T03:53:54Z</time></trkpt><trkpt lat="-39.3624543026" lon="-72.6301649585"><ele>113.71</ele><time>2024-08-25T03:53:55Z</time></trkpt><trkpt lat="-39.3624793645" lon="-72.6302196085"><ele>113.78</ele><time>2024-08-25T03:53:56Z</time></trkpt><trkpt lat="-39.3625149038" lon="-72.6302793715"><ele>113.87</ele><time>2024-08-25T03:53:57Z</time></trkpt><trkpt lat="-39.3625546340" lon="-72.6303435769"><ele>113.88</ele><time>2024-08-25T03:53:58Z</time></trkpt><trkpt lat="-39.3629220128" lon="-72.6309470739"><ele>113.81</ele><time>2024-08-25T03:54:09Z</time></trkpt><trkpt lat="-39.3631700333" lon="-72.6313742995"><ele>113.71</ele><time>2024-08-25T03:54:17Z</time></trkpt><trkpt lat="-39.3635679223" lon="-72.6321302634"><ele>113.93</ele><time>2024-08-25T03:54:27Z</time></trkpt><trkpt lat="-39.3635959178" lon="-72.6321855001"><ele>113.95</ele><time>2024-08-25T03:54:28Z</time></trkpt><trkpt lat="-39.3636971712" lon="-72.6323775295"><ele>113.36</ele><time>2024-08-25T03:54:34Z</time></trkpt><trkpt lat="-39.3637253344" lon="-72.6324262284"><ele>113.34</ele><time>2024-08-25T03:54:35Z</time></trkpt><trkpt lat="-39.3641150091" lon="-72.6331202500"><ele>113.66</ele><time>2024-08-25T03:54:44Z</time></trkpt><trkpt lat="-39.3643067870" lon="-72.6334637403"><ele>113.08</ele><time>2024-08-25T03:54:52Z</time></trkpt><trkpt lat="-39.3645276502" lon="-72.6338364836"><ele>113.52</ele><time>2024-08-25T03:54:59Z</time></trkpt><trkpt lat="-39.3649684545" lon="-72.6345883403"><ele>112.95</ele><time>2024-08-25T03:55:11Z</time></trkpt><trkpt lat="-39.3653947581" lon="-72.6353179850"><ele>113.50</ele><time>2024-08-25T03:55:21Z</time></trkpt><trkpt lat="-39.3655882124" lon="-72.6356585417"><ele>113.22</ele><time>2024-08-25T03:55:29Z</time></trkpt><trkpt lat="-39.3655837700" lon="-72.6357043069"><ele>113.31</ele><time>2024-08-25T03:55:30Z</time></trkpt><trkpt lat="-39.3655613065" lon="-72.6357538439"><ele>113.32</ele><time>2024-08-25T03:55:31Z</time></trkpt><trkpt lat="-39.3655221630" lon="-72.6357993577"><ele>113.37</ele><time>2024-08-25T03:55:32Z</time></trkpt><trkpt lat="-39.3654687703" lon="-72.6358499005"><ele>113.47</ele><time>2024-08-25T03:55:33Z</time></trkpt><trkpt lat="-39.3648610823" lon="-72.6364213787"><ele>113.27</ele><time>2024-08-25T03:55:43Z</time></trkpt><trkpt lat="-39.3648205139" lon="-72.6364409085"><ele>113.08</ele><time>2024-08-25T03:55:44Z</time></trkpt><trkpt lat="-39.3647756707" lon="-72.6364428364"><ele>113.12</ele><time>2024-08-25T03:55:45Z</time></trkpt><trkpt lat="-39.3647309113" lon="-72.6364212111"><ele>113.02</ele><time>2024-08-25T03:55:46Z</time></trkpt><trkpt lat="-39.3646877445" lon="-72.6363780443"><ele>113.04</ele><time>2024-08-25T03:55:47Z</time></trkpt><trkpt lat="-39.3646456674" lon="-72.6363208797"><ele>112.96</ele><time>2024-08-25T03:55:48Z</time></trkpt><trkpt lat="-39.3646005727" lon="-72.6362529863"><ele>112.97</ele><time>2024-08-25T03:55:49Z</time></trkpt><trkpt lat="-39.3641424179" lon="-72.6354058273"><ele>112.68</ele><time>2024-08-25T03:56:00Z</time></trkpt><trkpt lat="-39.3636248354" lon="-72.6345269848"><ele>113.11</ele><time>2024-08-25T03:56:12Z</time></trkpt><trkpt lat="-39.3634661660" lon="-72.6343139168"><ele>112.74</ele><time>2024-08-25T03:56:19Z</time></trkpt><trkpt lat="-39.3633970153" lon="-72.6342319418"><ele>112.86</ele><time>2024-08-25T03:56:21Z</time></trkpt><trkpt lat="-39.3633565307" lon="-72.6341669820"><ele>113.02</ele><time>2024-08-25T03:56:22Z</time></trkpt><trkpt lat="-39.3628456537" lon="-72.6332851220"><ele>112.53</ele><time>2024-08-25T03:56:36Z</time></trkpt><trkpt lat="-39.3626085296" lon="-72.6328369416"><ele>112.94</ele><time>2024-08-25T03:56:44Z</time></trkpt><trkpt lat="-39.3621315155" lon="-72.6319733541"><ele>112.95</ele><time>2024-08-25T03:56:57Z</time></trkpt><trkpt lat="-39.3616642244" lon="-72.6311613154"><ele>113.20</ele><time>2024-08-25T03:57:07Z</time></trkpt><trkpt lat="-39.3615027890" lon="-72.6309624966"><ele>112.87</ele><time>2024-08-25T03:57:14Z</time></trkpt><trkpt lat="-39.3614637293" lon="-72.6309800986"><ele>112.93</ele><time>2024-08-25T03:57:15Z</time></trkpt><trkpt lat="-39.3614230771" lon="-72.6310107764"><ele>113.01</ele><time>2024-08-25T03:57:16Z</time></trkpt><trkpt lat="-39.3613739591" lon="-72.6310559548"><ele>112.99</ele><time>2024-08-25T03:57:17Z</time></trkpt><trkpt lat="-39.3613222428" lon="-72.6311070006"><ele>113.14</ele><time>2024-08-25T03:57:18Z</time></trkpt><trkpt lat="-39.3607612420" lon="-72.6317012776"><ele>113.03</ele><time>2024-08-25T03:57:30Z</time></trkpt><trkpt lat="-39.3607055862" lon="-72.6318238210"><ele>112.93</ele><time>2024-08-25T03:57:33Z</time></trkpt><trkpt lat="-39.3607133813" lon="-72.6318736095"><ele>112.99</ele><time>2024-08-25T03:57:34Z</time></trkpt><trkpt lat="-39.3607330788" lon="-72.6319270022"><ele>112.91</ele><time>2024-08-25T03:57:35Z</time></trkpt><trkpt lat="-39.3607608229" lon="-72.6319810655"><ele>112.98</ele><time>2024-08-25T03:57:36Z</time></trkpt><trkpt lat="-39.3607955240" lon="-72.6320380624"><ele>112.96</ele><time>2024-08-25T03:57:37Z</time></trkpt><trkpt lat="-39.3612086680" lon="-72.6327619236"><ele>112.98</ele><time>2024-08-25T03:57:47Z</time></trkpt><trkpt lat="-39.3614441156" lon="-72.6331401989"><ele>112.90</ele><time>2024-08-25T03:57:54Z</time></trkpt><trkpt lat="-39.3619046174" lon="-72.6339239068"><ele>112.36</ele><time>2024-08-25T03:58:04Z</time></trkpt><trkpt lat="-39.3621515483" lon="-72.6343311835"><ele>112.55</ele><time>2024-08-25T03:58:12Z</time></trkpt><trkpt lat="-39.3625578191" lon="-72.6350739878"><ele>112.44</ele><time>2024-08-25T03:58:23Z</time></trkpt><trkpt lat="-39.3628749903" lon="-72.6355792489"><ele>112.97</ele><time>2024-08-25T03:58:31Z</time></trkpt><trkpt lat="-39.3633565307" lon="-72.6364137512"><ele>112.92</ele><time>2024-08-25T03:58:43Z</time></trkpt><trkpt lat="-39.3638451956" lon="-72.6372917555"><ele>112.96</ele><time>2024-08-25T03:58:56Z</time></trkpt><trkpt lat="-39.3638577685" lon="-72.6373452321"><ele>112.70</ele><time>2024-08-25T03:58:58Z</time></trkpt><trkpt lat="-39.3638478778" lon="-72.6373837050"><ele>112.75</ele><time>2024-08-25T03:58:59Z</time></trkpt><trkpt lat="-39.3638240732" lon="-72.6374220941"><ele>112.81</ele><time>2024-08-25T03:59:00Z</time></trkpt><trkpt lat="-39.3637919705" lon="-72.6374580525"><ele>112.87</ele><time>2024-08-25T03:59:01Z</time></trkpt><trkpt lat="-39.3637485523" lon="-72.6375005487"><ele>112.85</ele><time>2024-08-25T03:59:02Z</time></trkpt><trkpt lat="-39.3631087616" lon="-72.6380878687"><ele>113.02</ele><time>2024-08-25T03:59:13Z</time></trkpt><trkpt lat="-39.3630731385" lon="-72.6380966697"><ele>112.83</ele><time>2024-08-25T03:59:14Z</time></trkpt><trkpt lat="-39.3630363420" lon="-72.6380834263"><ele>112.75</ele><time>2024-08-25T03:59:15Z</time></trkpt><trkpt lat="-39.3629966956" lon="-72.6380483061"><ele>112.61</ele><time>2024-08-25T03:59:16Z</time></trkpt><trkpt lat="-39.3629590608" lon="-72.6379975118"><ele>112.72</ele><time>2024-08-25T03:59:17Z</time></trkpt><trkpt lat="-39.3629219290" lon="-72.6379331388"><ele>112.57</ele><time>2024-08-25T03:59:18Z</time></trkpt><trkpt lat="-39.3622124847" lon="-72.6367063634"><ele>112.36</ele><time>2024-08-25T03:59:34Z</time></trkpt><trkpt lat="-39.3613096699" lon="-72.6351685356"><ele>112.36</ele><time>2024-08-25T03:59:54Z</time></trkpt><trkpt lat="-39.3611778226" lon="-72.6349518634"><ele>112.14</ele><time>2024-08-25T03:59:58Z</time></trkpt><trkpt lat="-39.3611594662" lon="-72.6349015720"><ele>112.06</ele><time>2024-08-25T03:59:59Z</time></trkpt><trkpt lat="-39.3611567840" lon="-72.6348473411"><ele>111.96</ele><time>2024-08-25T04:00:00Z</time></trkpt><trkpt lat="-39.3611732963" lon="-72.6347940322"><ele>112.00</ele><time>2024-08-25T04:00:01Z</time></trkpt><trkpt lat="-39.3612092547" lon="-72.6347430702"><ele>112.11</ele><time>2024-08-25T04:00:02Z</time></trkpt><trkpt lat="-39.3612597138" lon="-72.6346929464"><ele>112.04</ele><time>2024-08-25T04:00:03Z</time></trkpt><trkpt lat="-39.3613195606" lon="-72.6346367039"><ele>112.08</ele><time>2024-08-25T04:00:04Z</time></trkpt><trkpt lat="-39.3621715810" lon="-72.6338219829"><ele>112.15</ele><time>2024-08-25T04:00:18Z</time></trkpt><trkpt lat="-39.3626839668" lon="-72.6333370898"><ele>111.93</ele><time>2024-08-25T04:00:29Z</time></trkpt><trkpt lat="-39.3631750625" lon="-72.6328682899"><ele>112.70</ele><time>2024-08-25T04:00:40Z</time></trkpt><trkpt lat="-39.3635302875" lon="-72.6325048506"><ele>112.79</ele><time>2024-08-25T04:00:51Z</time></trkpt><trkpt lat="-39.3640304357" lon="-72.6320145931"><ele>113.74</ele><time>2024-08-25T04:01:00Z</time></trkpt><trkpt lat="-39.3647208530" lon="-72.6313366648"><ele>114.02</ele><time>2024-08-25T04:01:13Z</time></trkpt><trkpt lat="-39.3652624078" lon="-72.6308828685"><ele>114.13</ele><time>2024-08-25T04:01:25Z</time></trkpt><trkpt lat="-39.3652979471" lon="-72.6309016440"><ele>114.05</ele><time>2024-08-25T04:01:26Z</time></trkpt><trkpt lat="-39.3653387669" lon="-72.6309427153"><ele>114.11</ele><time>2024-08-25T04:01:27Z</time></trkpt><trkpt lat="-39.3658677489" lon="-72.6315027941"><ele>114.19</ele><time>2024-08-25T04:01:36Z</time></trkpt><trkpt lat="-39.3661631271" lon="-72.6318320353"><ele>114.01</ele><time>2024-08-25T04:01:41Z</time></trkpt><trkpt lat="-39.3668278120" lon="-72.6329500135"><ele>113.52</ele><time>2024-08-25T04:01:56Z</time></trkpt><trkpt lat="-39.3673106097" lon="-72.6338106673"><ele>113.64</ele><time>2024-08-25T04:02:08Z</time></trkpt><trkpt lat="-39.3673526030" lon="-72.6339063887"><ele>113.42</ele><time>2024-08-25T04:02:13Z</time></trkpt><trkpt lat="-39.3673562910" lon="-72.6339238230"><ele>113.35</ele><time>2024-08-25T04:02:14Z</time></trkpt><trkpt lat="-39.3673591409" lon="-72.6339487173"><ele>113.20</ele><time>2024-08-25T04:02:15Z</time></trkpt><trkpt lat="-39.3673557881" lon="-72.6339843404"><ele>113.32</ele><time>2024-08-25T04:02:16Z</time></trkpt><trkpt lat="-39.3673412874" lon="-72.6340279263"><ele>113.41</ele><time>2024-08-25T04:02:17Z</time></trkpt><trkpt lat="-39.3673127890" lon="-72.6340679079"><ele>113.35</ele><time>2024-08-25T04:02:18Z</time></trkpt><trkpt lat="-39.3672728911" lon="-72.6341083925"><ele>113.49</ele><time>2024-08-25T04:02:19Z</time></trkpt><trkpt lat="-39.3672248628" lon="-72.6341546606"><ele>113.42</ele><time>2024-08-25T04:02:20Z</time></trkpt><trkpt lat="-39.3663354591" lon="-72.6350142248"><ele>113.62</ele><time>2024-08-25T04:02:35Z</time></trkpt><trkpt lat="-39.3654603884" lon="-72.6358556002"><ele>112.73</ele><time>2024-08-25T04:02:50Z</time></trkpt><trkpt lat="-39.3643631134" lon="-72.6368898433"><ele>112.24</ele><time>2024-08-25T04:03:07Z</time></trkpt><trkpt lat="-39.3630036525" lon="-72.6381688379"><ele>112.24</ele><time>2024-08-25T04:03:26Z</time></trkpt><trkpt lat="-39.3620650470" lon="-72.6390741672"><ele>112.04</ele><time>2024-08-25T04:03:41Z</time></trkpt><trkpt lat="-39.3614581134" lon="-72.6395779196"><ele>111.92</ele><time>2024-08-25T04:03:52Z</time></trkpt><trkpt lat="-39.3613885436" lon="-72.6395973656"><ele>111.97</ele><time>2024-08-25T04:03:53Z</time></trkpt><trkpt lat="-39.3613198120" lon="-72.6396056637"><ele>111.84</ele><time>2024-08-25T04:03:54Z</time></trkpt><trkpt lat="-39.3612487335" lon="-72.6396025624"><ele>111.81</ele><time>2024-08-25T04:03:55Z</time></trkpt><trkpt lat="-39.3611774873" lon="-72.6395885646"><ele>111.70</ele><time>2024-08-25T04:03:56Z</time></trkpt><trkpt lat="-39.3611065764" lon="-72.6395645086"><ele>111.63</ele><time>2024-08-25T04:03:57Z</time></trkpt><trkpt lat="-39.3610370066" lon="-72.6395312324"><ele>111.69</ele><time>2024-08-25T04:03:58Z</time></trkpt><trkpt lat="-39.3609686941" lon="-72.6394924242"><ele>111.68</ele><time>2024-08-25T04:03:59Z</time></trkpt><trkpt lat="-39.3606090266" lon="-72.6392556354"><ele>111.60</ele><time>2024-08-25T04:04:05Z</time></trkpt><trkpt lat="-39.3605515268" lon="-72.6392397936"><ele>111.59</ele><time>2024-08-25T04:04:06Z</time></trkpt><trkpt lat="-39.3604952842" lon="-72.6392408833"><ele>111.49</ele><time>2024-08-25T04:04:07Z</time></trkpt><trkpt lat="-39.3604414724" lon="-72.6392575633"><ele>111.43</ele><time>2024-08-25T04:04:08Z</time></trkpt><trkpt lat="-39.3603926059" lon="-72.6392882410"><ele>111.33</ele><time>2024-08-25T04:04:09Z</time></trkpt><trkpt lat="-39.3603508640" lon="-72.6393265463"><ele>111.33</ele><time>2024-08-25T04:04:10Z</time></trkpt><trkpt lat="-39.3603104632" lon="-72.6393723954"><ele>111.26</ele><time>2024-08-25T04:04:11Z</time></trkpt><trkpt lat="-39.3602691405" lon="-72.6394168194"><ele>111.41</ele><time>2024-08-25T04:04:12Z</time></trkpt><trkpt lat="-39.3602221180" lon="-72.6394558791"><ele>111.39</ele><time>2024-08-25T04:04:13Z</time></trkpt><trkpt lat="-39.3601720780" lon="-72.6394845452"><ele>111.48</ele><time>2024-08-25T04:04:14Z</time></trkpt><trkpt lat="-39.3601154163" lon="-72.6395030692"><ele>111.48</ele><time>2024-08-25T04:04:15Z</time></trkpt><trkpt lat="-39.3600574136" lon="-72.6395153906"><ele>111.57</ele><time>2024-08-25T04:04:16Z</time></trkpt><trkpt lat="-39.3599979021" lon="-72.6395213418"><ele>111.35</ele><time>2024-08-25T04:04:17Z</time></trkpt><trkpt lat="-39.3599391449" lon="-72.6395247784"><ele>111.51</ele><time>2024-08-25T04:04:18Z</time></trkpt><trkpt lat="-39.3598229717" lon="-72.6395436376"><ele>111.30</ele><time>2024-08-25T04:04:20Z</time></trkpt><trkpt lat="-39.3597674835" lon="-72.6395645924"><ele>111.31</ele><time>2024-08-25T04:04:21Z</time></trkpt><trkpt lat="-39.3597156834" lon="-72.6395935938"><ele>111.33</ele><time>2024-08-25T04:04:22Z</time></trkpt><trkpt lat="-39.3596658111" lon="-72.6396302227"><ele>111.09</ele><time>2024-08-25T04:04:23Z</time></trkpt><trkpt lat="-39.3596168607" lon="-72.6396720484"><ele>111.18</ele><time>2024-08-25T04:04:24Z</time></trkpt><trkpt lat="-39.3595669046" lon="-72.6397206634"><ele>111.16</ele><time>2024-08-25T04:04:25Z</time></trkpt><trkpt lat="-39.3594078161" lon="-72.6399570331"><ele>111.61</ele><time>2024-08-25T04:04:29Z</time></trkpt><trkpt lat="-39.3594081514" lon="-72.6400396787"><ele>111.79</ele><time>2024-08-25T04:04:30Z</time></trkpt><trkpt lat="-39.3594192155" lon="-72.6401287783"><ele>111.82</ele><time>2024-08-25T04:04:31Z</time></trkpt><trkpt lat="-39.3594260886" lon="-72.6402143575"><ele>112.08</ele><time>2024-08-25T04:04:32Z</time></trkpt><trkpt lat="-39.3594405055" lon="-72.6402888726"><ele>112.13</ele><time>2024-08-25T04:04:33Z</time></trkpt><trkpt lat="-39.3594635557" lon="-72.6403611246"><ele>112.23</ele><time>2024-08-25T04:04:34Z</time></trkpt><trkpt lat="-39.3595037889" lon="-72.6404326223"><ele>112.34</ele><time>2024-08-25T04:04:35Z</time></trkpt><trkpt lat="-39.3595532421" lon="-72.6405070536"><ele>112.46</ele><time>2024-08-25T04:04:36Z</time></trkpt><trkpt lat="-39.3596104905" lon="-72.6405767072"><ele>112.43</ele><time>2024-08-25T04:04:37Z</time></trkpt><trkpt lat="-39.3596710917" lon="-72.6406420860"><ele>112.37</ele><time>2024-08-25T04:04:38Z</time></trkpt><trkpt lat="-39.3597361352" lon="-72.6406973228"><ele>112.45</ele><time>2024-08-25T04:04:39Z</time></trkpt><trkpt lat="-39.3598039448" lon="-72.6407378912"><ele>112.64</ele><time>2024-08-25T04:04:40Z</time></trkpt><trkpt lat="-39.3598741852" lon="-72.6407689881"><ele>112.68</ele><time>2024-08-25T04:04:41Z</time></trkpt><trkpt lat="-39.3599399831" lon="-72.6407903619"><ele>112.77</ele><time>2024-08-25T04:04:42Z</time></trkpt><trkpt lat="-39.3605257943" lon="-72.6409204490"><ele>113.42</ele><time>2024-08-25T04:04:54Z</time></trkpt><trkpt lat="-39.3605343439" lon="-72.6409026794"><ele>113.52</ele><time>2024-08-25T04:05:06Z</time></trkpt><trkpt lat="-39.3605101202" lon="-72.6408867538"><ele>113.58</ele><time>2024-08-25T04:05:36Z</time></trkpt><trkpt lat="-39.3604911771" lon="-72.6408098079"><ele>113.71</ele><time>2024-08-25T04:06:01Z</time></trkpt><trkpt lat="-39.3605064321" lon="-72.6407959778"><ele>113.83</ele><time>2024-08-25T04:06:28Z</time></trkpt><trkpt lat="-39.3605154846" lon="-72.6408372167"><ele>114.49</ele><time>2024-08-25T04:06:39Z</time></trkpt><trkpt lat="-39.3605457433" lon="-72.6409205329"><ele>113.95</ele><time>2024-08-25T04:07:12Z</time></trkpt></trkseg></trk></gpx>