"www.agrometeorologia.cl","","","","","","","",""
"Red Agrometeorológica de INIA","","","","","","","",""
"Generado el 23-06-2026 14:55:26","","","","","","","",""
"Villarrica, Villarrica","","","","","","","",""
"","","","","","","","",""
"Tiempo UTC-4","Temperatura del Aire ºC","Humedad Relativa %","Velocidad de Viento km/h","Dirección de Viento º","Temperatura del Aire % de datos ","Humedad Relativa % de datos ","Velocidad de Viento % de datos ","Dirección de Viento % de datos "
"20-07-2024 00:00","7","52.4","24.2","93","100","100","100","100"
"20-07-2024 01:00","6.6","53.3","19","71","100","100","100","100"
"20-07-2024 02:00","6.6","53.8","24.9","121","100","100","100","100"
"20-07-2024 03:00","6.3","53.7","22.5","90","100","100","100","100"
"20-07-2024 04:00","6","54.1","18.3","126","100","100","100","100"
"20-07-2024 05:00","5.8","54.3","18","97","100","100","100","100"
"20-07-2024 06:00","5.5","55.1","20.1","98","100","100","100","100"
"20-07-2024 07:00","5.2","56.5","18.9","119","100","100","100","100"
"20-07-2024 08:00","5.2","58.1","22.5","98","100","100","100","100"
"20-07-2024 09:00","5.7","56","26.4","120","100","100","100","100"
"20-07-2024 10:00","6.4","54.4","26.6","125","100","100","100","100"
"20-07-2024 11:00","7.5","52","24.4","100","100","100","100","100"
"20-07-2024 12:00","8.4","51.2","24.3","125","100","100","100","100"
"20-07-2024 13:00","9.1","49.2","19","114","100","100","100","100"
"20-07-2024 14:00","9.8","47.1","14.4","142","100","100","100","100"
"20-07-2024 15:00","10.3","47.4","9.2","130","100","100","100","100"
"20-07-2024 16:00","10.6","46.3","2.9","207","100","100","100","100"
"20-07-2024 17:00","8.6","56.6","1.7","0","100","100","100","100"
"20-07-2024 18:00","6.4","69.6","1.9","248","100","100","100","100"
"20-07-2024 19:00","5","77.9","5.4","246","100","100","100","100"
"20-07-2024 20:00","4.8","76.7","4.2","330","100","100","100","100"
"20-07-2024 21:00","2.7","88.5","4.5","12","100","100","100","100"
"20-07-2024 22:00","2.6","86.4","4.5","353","100","100","100","100"
"20-07-2024 23:00","1.9","89.8","3","9","100","100","100","100"
"21-07-2024 00:00","1.9","91.2","2.7","142","100","100","100","100"
"21-07-2024 01:00","1.5","92.6","1.3","233","100","100","100","100"
"21-07-2024 02:00","2.9","81.6","4.5","160","100","100","100","100"
"21-07-2024 03:00","4.2","73","10.1","126","100","100","100","100"
"21-07-2024 04:00","4","74.6","4.9","116","100","100","100","100"
"21-07-2024 05:00","3.1","84.2","3.2","258","100","100","100","100"
"21-07-2024 06:00","1.7","92.1","1.7","338","100","100","100","100"
"21-07-2024 07:00","1.8","95.4","3.9","253","100","100","100","100"
"21-07-2024 08:00","1","96.3","3.4","298","100","100","100","100"
"21-07-2024 09:00","3.6","89.1","2.5","192","100","100","100","100"
"21-07-2024 10:00","5.7","81.3","3.5","0","100","100","100","100"
"21-07-2024 11:00","7.5","72.2","7.7","263","100","100","100","100"
"21-07-2024 12:00","9.5","61.2","7","270","100","100","100","100"
"21-07-2024 13:00","10.3","59.6","5.8","350","100","100","100","100"
"21-07-2024 14:00","10.1","63","3.5","121","100","100","100","100"
"21-07-2024 15:00","10.4","61.4","5.5","217","100","100","100","100"
"21-07-2024 16:00","10.7","60.2","1.1","196","100","100","100","100"
"21-07-2024 17:00","9.1","71.1","0.9","298","100","100","100","100"
"21-07-2024 18:00","6.1","87.4","3.8","8","100","100","100","100"
"21-07-2024 19:00","5.3","91.1","1.5","36","100","100","100","100"
"21-07-2024 20:00","4.4","94","1.9","24","100","100","100","100"
"21-07-2024 21:00","3.9","94.8","1.5","39","100","100","100","100"
"21-07-2024 22:00","3.6","95.5","1.6","0","100","100","100","100"
"21-07-2024 23:00","3.7","95.8","0.6","0","100","100","100","100"
"22-07-2024 00:00","3.2","96.4","1.4","281","100","100","100","100"
"22-07-2024 01:00","3.1","96.7","0.8","213","100","100","100","100"
"22-07-2024 02:00","2.9","97.1","1.3","322","100","100","100","100"
"22-07-2024 03:00","2.8","97","0.8","0","100","100","100","100"
"22-07-2024 04:00","2.8","96.9","1.8","323","100","100","100","100"
"22-07-2024 05:00","2.6","96.9","3","236","100","100","100","100"
"22-07-2024 06:00","2.8","97.2","1.8","7","100","100","100","100"
"22-07-2024 07:00","2.6","97","4.5","1","100","100","100","100"
"22-07-2024 08:00","3.4","94.9","6.2","351","100","100","100","100"
"22-07-2024 09:00","5.5","84.5","9.8","280","100","100","100","100"
"22-07-2024 10:00","7.9","75.1","4.9","347","100","100","100","100"
"22-07-2024 11:00","10.3","67","3.7","294","100","100","100","100"
"22-07-2024 12:00","11.2","66.2","5.8","207","100","100","100","100"
"22-07-2024 13:00","11.1","66.2","2.5","89","100","100","100","100"
"22-07-2024 14:00","13.3","56.9","3.1","230","100","100","100","100"
"22-07-2024 15:00","13.9","58.5","3","309","100","100","100","100"
"22-07-2024 16:00","13.5","65.4","4.6","255","100","100","100","100"
"22-07-2024 17:00","11.9","71.8","4.3","294","100","100","100","100"
"22-07-2024 18:00","9.5","84.9","2.8","0","100","100","100","100"
"22-07-2024 19:00","8.6","88.6","3.1","95","100","100","100","100"
"22-07-2024 20:00","7.9","89.6","2.8","93","100","100","100","100"
"22-07-2024 21:00","7","92.2","2.4","95","100","100","100","100"
"22-07-2024 22:00","6.4","94.4","3.3","86","100","100","100","100"
"22-07-2024 23:00","6.2","95.3","2.1","286","100","100","100","100"
"23-07-2024 00:00","5.7","96.7","3.1","3","100","100","100","100"
"23-07-2024 01:00","5.6","97","2.4","346","100","100","100","100"
"23-07-2024 02:00","6.1","94.6","4.9","334","100","100","100","100"
"23-07-2024 03:00","5.6","94.7","2","0","100","100","100","100"
"23-07-2024 04:00","5.2","95.4","5.7","14","100","100","100","100"
"23-07-2024 05:00","5.6","94.6","21.9","282","100","100","100","100"
"23-07-2024 06:00","5.6","93.2","8.9","342","100","100","100","100"
"23-07-2024 07:00","4.3","97.1","4.1","0","100","100","100","100"
"23-07-2024 08:00","4.2","97.9","5","110","100","100","100","100"
"23-07-2024 09:00","6.8","91.1","5.9","71","100","100","100","100"
"23-07-2024 10:00","9.4","78.9","4.3","112","100","100","100","100"
"23-07-2024 11:00","10.1","78.4","8.4","295","100","100","100","100"
"23-07-2024 12:00","9.2","82","12.4","271","100","100","100","100"
"23-07-2024 13:00","9.2","78.9","12.6","312","100","100","100","100"
"23-07-2024 14:00","9.2","75.7","18","287","100","100","100","100"
"23-07-2024 15:00","9.5","71.4","17.3","307","100","100","100","100"
"23-07-2024 16:00","9.7","71.4","11","320","100","100","100","100"
"23-07-2024 17:00","9.6","72.7","10.5","350","100","100","100","100"
"23-07-2024 18:00","9.5","74.2","8.4","14","100","100","100","100"
"23-07-2024 19:00","9.5","75","9.8","307","100","100","100","100"
"23-07-2024 20:00","9.2","76.8","10.4","11","100","100","100","100"
"23-07-2024 21:00","9.3","76.7","10.3","348","100","100","100","100"
"23-07-2024 22:00","9.2","77.4","8.8","328","100","100","100","100"
"23-07-2024 23:00","9.1","78.1","8.6","1","100","100","100","100"
"24-07-2024 00:00","9.2","77.5","8.5","336","100","100","100","100"
"24-07-2024 01:00","9.3","75.9","8","360","100","100","100","100"
"24-07-2024 02:00","9.3","75","6.9","304","100","100","100","100"
"24-07-2024 03:00","9.1","78.2","7.8","280","100","100","100","100"
"24-07-2024 04:00","9.1","77.8","8.4","318","100","100","100","100"
"24-07-2024 05:00","9.5","72.7","9.7","316","100","100","100","100"
"24-07-2024 06:00","9.6","69.4","9.5","350","100","100","100","100"
"24-07-2024 07:00","9.7","68.5","9.5","0","100","100","100","100"
"24-07-2024 08:00","10","70.1","7.1","314","100","100","100","100"
"24-07-2024 09:00","10.3","68.7","10","328","100","100","100","100"
"24-07-2024 10:00","10.1","70.3","8.7","323","100","100","100","100"
"24-07-2024 11:00","10.5","70.1","11.1","314","100","100","100","100"
"24-07-2024 12:00","10.9","69.2","14.1","346","100","100","100","100"
"24-07-2024 13:00","11.1","72","10.5","325","100","100","100","100"
"24-07-2024 14:00","11.3","73.6","8.7","329","100","100","100","100"
"24-07-2024 15:00","11.6","71.6","9.3","303","100","100","100","100"
"24-07-2024 16:00","11.8","68.7","7.5","334","100","100","100","100"
"24-07-2024 17:00","11.7","69.2","7.5","338","100","100","100","100"
"24-07-2024 18:00","11.5","69.5","8.9","323","100","100","100","100"
"24-07-2024 19:00","11.4","71.3","9","328","100","100","100","100"
"24-07-2024 20:00","10.9","75.2","8.2","277","100","100","100","100"
"24-07-2024 21:00","10.5","78","6.6","329","100","100","100","100"
"24-07-2024 22:00","10.2","80.5","6.4","306","100","100","100","100"
"24-07-2024 23:00","10.2","79.1","11.9","294","100","100","100","100"
"25-07-2024 00:00","10.2","78.2","10.8","342","100","100","100","100"
"25-07-2024 01:00","9.7","83.2","16.7","338","100","100","100","100"
"25-07-2024 02:00","9.3","86.3","13.3","300","100","100","100","100"
"25-07-2024 03:00","8.9","89.3","18.8","294","100","100","100","100"
"25-07-2024 04:00","8.8","88.2","18.7","306","100","100","100","100"
"25-07-2024 05:00","8.7","89.2","18.6","7","100","100","100","100"
"25-07-2024 06:00","8.7","90","18.3","337","100","100","100","100"
"25-07-2024 07:00","8.4","92.6","16.5","311","100","100","100","100"
"25-07-2024 08:00","8.5","92.1","15.8","320","100","100","100","100"
"25-07-2024 09:00","8.4","95","10.4","332","100","100","100","100"
"25-07-2024 10:00","8.2","96.9","4.6","253","100","100","100","100"
"25-07-2024 11:00","8.1","97.4","3.5","270","100","100","100","100"
"25-07-2024 12:00","8.4","97.3","4.4","274","100","100","100","100"
"25-07-2024 13:00","9.1","94.8","6.7","270","100","100","100","100"
"25-07-2024 14:00","8.9","88.3","7.3","221","100","100","100","100"
"25-07-2024 15:00","9.1","79.5","9.3","215","100","100","100","100"
"25-07-2024 16:00","8.7","74.4","7.1","219","100","100","100","100"
"25-07-2024 17:00","7","79.6","2.6","223","100","100","100","100"
"25-07-2024 18:00","5.3","91.6","6.1","341","100","100","100","100"
"25-07-2024 19:00","5.4","86.6","7.1","348","100","100","100","100"
"25-07-2024 20:00","4.5","88.1","7","351","100","100","100","100"
"25-07-2024 21:00","4.6","86.2","6.7","12","100","100","100","100"
"25-07-2024 22:00","4.4","87","5.3","348","100","100","100","100"
"25-07-2024 23:00","3.8","88.5","6","2","100","100","100","100"
"26-07-2024 00:00","2.9","92.1","7.9","354","100","100","100","100"
"26-07-2024 01:00","2.4","93","6.9","1","100","100","100","100"
"26-07-2024 02:00","2.1","94.9","7.9","328","100","100","100","100"
"26-07-2024 03:00","2","97.9","7.6","354","100","100","100","100"
"26-07-2024 04:00","2","97.9","3.8","39","100","100","100","100"
"26-07-2024 05:00","1.5","97.6","4.7","20","100","100","100","100"
"26-07-2024 06:00","1.4","97.2","4.8","323","100","100","100","100"
"26-07-2024 07:00","2","97.6","2.8","307","100","100","100","100"
"26-07-2024 08:00","1.9","97.1","7.2","12","100","100","100","100"
"26-07-2024 09:00","3","90.7","4.9","0","100","100","100","100"
"26-07-2024 10:00","4.3","86.7","5.7","19","100","100","100","100"
"26-07-2024 11:00","5.7","77.7","3.6","53","100","100","100","100"
"26-07-2024 12:00","6.5","66.2","4.3","230","100","100","100","100"
"26-07-2024 13:00","6.8","60.3","5.8","281","100","100","100","100"
"26-07-2024 14:00","7.4","60.6","6.6","0","100","100","100","100"
"26-07-2024 15:00","6.6","62.8","7.4","297","100","100","100","100"
"26-07-2024 16:00","6.6","59.8","6.3","210","100","100","100","100"
"26-07-2024 17:00","5.4","68.1","2.6","266","100","100","100","100"
"26-07-2024 18:00","3.2","80.6","6.2","351","100","100","100","100"
"26-07-2024 19:00","3.2","77.6","10","16","100","100","100","100"
"26-07-2024 20:00","2.6","79.3","11.1","27","100","100","100","100"
"26-07-2024 21:00","2.6","79.9","14.4","4","100","100","100","100"
"26-07-2024 22:00","3.9","73.1","8.3","11","100","100","100","100"
"26-07-2024 23:00","4.3","72.6","10.9","5","100","100","100","100"
"27-07-2024 00:00","4.2","75.4","12.1","322","100","100","100","100"
"27-07-2024 01:00","4.3","77.7","14.3","352","100","100","100","100"
"27-07-2024 02:00","3.6","91.1","3.3","272","100","100","100","100"
"27-07-2024 03:00","3.1","93.7","13","336","100","100","100","100"
"27-07-2024 04:00","3.3","91.1","12.5","0","100","100","100","100"
"27-07-2024 05:00","3.5","92.8","10.9","354","100","100","100","100"
"27-07-2024 06:00","3.6","95","8.9","316","100","100","100","100"
"27-07-2024 07:00","3.5","96.1","8.9","320","100","100","100","100"
"27-07-2024 08:00","3.6","96.2","6.6","360","100","100","100","100"
"27-07-2024 09:00","4.4","94.2","6.5","360","100","100","100","100"
"27-07-2024 10:00","5","91.4","5.5","297","100","100","100","100"
"27-07-2024 11:00","5.8","85.4","5.4","294","100","100","100","100"
"27-07-2024 12:00","6.3","75.4","4.2","236","100","100","100","100"
"27-07-2024 13:00","6.2","70.9","3.4","210","100","100","100","100"
"27-07-2024 14:00","6.8","63.1","3.1","277","100","100","100","100"
"27-07-2024 15:00","6.9","65.3","4.2","168","100","100","100","100"
"27-07-2024 16:00","6.7","64.7","2.5","284","100","100","100","100"
"27-07-2024 17:00","6.1","71.4","0.9","135","100","100","100","100"
"27-07-2024 18:00","4","87.2","2","214","100","100","100","100"
"27-07-2024 19:00","2.5","91.2","3.6","333","100","100","100","100"
"27-07-2024 20:00","1.5","93.4","3.7","38","100","100","100","100"
"27-07-2024 21:00","1.3","90.5","6.1","0","100","100","100","100"
"27-07-2024 22:00","1","90.3","3.6","14","100","100","100","100"
"27-07-2024 23:00","0.5","93.8","4","26","100","100","100","100"
"28-07-2024 00:00","-0.1","94.9","2.1","24","100","100","100","100"
"28-07-2024 01:00","-0.5","95.8","1","0","100","100","100","100"
"28-07-2024 02:00","-0.4","96.8","3","31","100","100","100","100"
"28-07-2024 03:00","-1.1","97.2","2.2","170","100","100","100","100"
"28-07-2024 04:00","-1.2","97.3","3.4","26","100","100","100","100"
"28-07-2024 05:00","-0.9","97.2","5","158","100","100","100","100"
"28-07-2024 06:00","-1","94.9","2.7","175","100","100","100","100"
"28-07-2024 07:00","-1.1","93.9","2.7","254","100","100","100","100"
"28-07-2024 08:00","-0.2","84.3","8.2","231","100","100","100","100"
"28-07-2024 09:00","0.9","75.4","12.1","142","100","100","100","100"
"28-07-2024 10:00","2.4","69.7","10.4","119","100","100","100","100"
"28-07-2024 11:00","4.2","61.4","8.9","174","100","100","100","100"
"28-07-2024 12:00","5.4","57.7","4.9","197","100","100","100","100"
"28-07-2024 13:00","7","52.2","5.9","292","100","100","100","100"
"28-07-2024 14:00","8.1","53.1","7","253","100","100","100","100"
"28-07-2024 15:00","8.6","54.6","7.1","181","100","100","100","100"
"28-07-2024 16:00","8.6","57.1","5.1","237","100","100","100","100"
"28-07-2024 17:00","7","64.7","3.4","272","100","100","100","100"
"28-07-2024 18:00","3.3","81.1","2.9","340","100","100","100","100"
"28-07-2024 19:00","2.2","83.6","5.6","23","100","100","100","100"
"28-07-2024 20:00","1.7","78.2","6.4","331","100","100","100","100"
"28-07-2024 21:00","2.4","71.3","4.4","7","100","100","100","100"
"28-07-2024 22:00","0.7","76.3","4.6","152","100","100","100","100"
"28-07-2024 23:00","0.4","75.4","3.8","336","100","100","100","100"
"29-07-2024 00:00","0.2","72.7","4","338","100","100","100","100"
"29-07-2024 01:00","0.2","71.5","3","0","100","100","100","100"
"29-07-2024 02:00","0.2","68.4","4.9","42","100","100","100","100"
"29-07-2024 03:00","0","72","4.1","291","100","100","100","100"
"29-07-2024 04:00","-0.1","71.5","4.8","345","100","100","100","100"
"29-07-2024 05:00","0.5","69.9","3.4","351","100","100","100","100"
"29-07-2024 06:00","0.2","65.2","5","154","100","100","100","100"
"29-07-2024 07:00","0.6","64.1","5.9","247","100","100","100","100"
"29-07-2024 08:00","0.8","69.2","5.9","340","100","100","100","100"
"29-07-2024 09:00","4.2","58","4.8","348","100","100","100","100"
"29-07-2024 10:00","7.8","46.8","3.3","347","100","100","100","100"
"29-07-2024 11:00","10.5","38.5","2.8","332","100","100","100","100"
"29-07-2024 12:00","11.8","29.8","6.4","0","100","100","100","100"
"29-07-2024 13:00","12.4","30.6","7.1","160","100","100","100","100"
"29-07-2024 14:00","12.6","33.6","3.9","131","100","100","100","100"
"29-07-2024 15:00","12.2","37.6","2","143","100","100","100","100"
"29-07-2024 16:00","11.3","44.3","2.9","236","100","100","100","100"
"29-07-2024 17:00","8.9","57.4","2.9","249","100","100","100","100"
"29-07-2024 18:00","6.7","70.3","1.9","22","100","100","100","100"
"29-07-2024 19:00","6.3","75.7","4.5","0","100","100","100","100"
"29-07-2024 20:00","6.6","70.1","6.6","7","100","100","100","100"
"29-07-2024 21:00","6.2","71.1","4.4","352","100","100","100","100"
"29-07-2024 22:00","6.2","68.7","4.5","324","100","100","100","100"
"29-07-2024 23:00","6.6","59","5.2","107","100","100","100","100"
"30-07-2024 00:00","5.5","68","9.8","304","100","100","100","100"
"30-07-2024 01:00","5","72","4.8","353","100","100","100","100"
"30-07-2024 02:00","5.2","68.7","4.7","49","100","100","100","100"
"30-07-2024 03:00","4.8","70.4","3.2","95","100","100","100","100"
"30-07-2024 04:00","5.2","66.2","4.6","269","100","100","100","100"
"30-07-2024 05:00","5.1","67.4","6.2","340","100","100","100","100"
"30-07-2024 06:00","6.2","61","5.4","42","100","100","100","100"
"30-07-2024 07:00","6.3","59.9","7.3","111","100","100","100","100"
"30-07-2024 08:00","6.2","60.6","6.6","347","100","100","100","100"
"30-07-2024 09:00","7.4","56.8","7.4","317","100","100","100","100"
"30-07-2024 10:00","8.3","58.6","4.7","308","100","100","100","100"
"30-07-2024 11:00","10.5","50.9","5.1","0","100","100","100","100"
"30-07-2024 12:00","12","52.8","3.5","36","100","100","100","100"
"30-07-2024 13:00","11.9","48","4.9","185","100","100","100","100"
"30-07-2024 14:00","12.3","42.5","4.5","111","100","100","100","100"
"30-07-2024 15:00","12.4","49.9","3","143","100","100","100","100"
"30-07-2024 16:00","12.7","46.4","7.7","286","100","100","100","100"
"30-07-2024 17:00","11.9","50.7","9.4","352","100","100","100","100"
"30-07-2024 18:00","12","43.8","11.3","322","100","100","100","100"
"30-07-2024 19:00","11.6","43","6.6","23","100","100","100","100"
"30-07-2024 20:00","10.6","48.2","2.5","300","100","100","100","100"
"30-07-2024 21:00","9.9","54.8","2.6","160","100","100","100","100"
"30-07-2024 22:00","10.3","50.6","5.4","289","100","100","100","100"
"30-07-2024 23:00","10.5","55.8","6.8","14","100","100","100","100"
"31-07-2024 00:00","9.4","62.5","4","0","100","100","100","100"
"31-07-2024 01:00","8.7","68.8","6.4","1","100","100","100","100"
"31-07-2024 02:00","7.7","75.9","5.8","35","100","100","100","100"
"31-07-2024 03:00","7.5","76.2","6.3","2","100","100","100","100"
"31-07-2024 04:00","9.6","54.7","5","13","100","100","100","100"
"31-07-2024 05:00","9","65.3","7.7","326","100","100","100","100"
"31-07-2024 06:00","8.6","67.3","3.3","0","100","100","100","100"
"31-07-2024 07:00","13","26.2","13.1","307","100","100","100","100"
"31-07-2024 08:00","14","27.7","22.3","349","100","100","100","100"
"31-07-2024 09:00","11.9","61.1","16.3","13","100","100","100","100"
"31-07-2024 10:00","12","61","9.7","135","100","100","100","100"
"31-07-2024 11:00","14.2","45","30","339","100","100","100","100"
"31-07-2024 12:00","14.8","43.4","19.7","303","100","100","100","100"
"31-07-2024 13:00","15.4","42","10.5","35","100","100","100","100"
"31-07-2024 14:00","13.9","43.3","27.5","322","100","100","100","100"
"31-07-2024 15:00","13","42.4","35.1","339","100","100","100","100"
"31-07-2024 16:00","12.7","41.2","36.7","342","100","100","100","100"
"31-07-2024 17:00","11","63.8","34.1","338","100","100","100","100"
"31-07-2024 18:00","8.8","79.9","26.6","354","100","100","100","100"
"31-07-2024 19:00","8.6","79.5","31.8","330","100","100","100","100"
"31-07-2024 20:00","8.6","79.6","32.3","327","100","100","100","100"
"31-07-2024 21:00","8.3","81.5","29.9","341","100","100","100","100"
"31-07-2024 22:00","8.6","80","26.1","354","100","100","100","100"
"31-07-2024 23:00","8.4","85","22","313","100","100","100","100"
"01-08-2024 00:00","8.8","86.3","21.9","329","100","100","100","100"
"01-08-2024 01:00","9.5","85.8","22.2","316","100","100","100","100"
"01-08-2024 02:00","9.6","87.2","22","338","100","100","100","100"
"01-08-2024 03:00","9.6","86","15","355","100","100","100","100"
"01-08-2024 04:00","9","90.1","9.7","0","100","100","100","100"
"01-08-2024 05:00","9.2","87.5","13.4","347","100","100","100","100"
"01-08-2024 06:00","9.6","82.7","20.2","328","100","100","100","100"
"01-08-2024 07:00","10.1","81.7","22.5","17","100","100","100","100"
"01-08-2024 08:00","10.6","78.6","32.4","22","100","100","100","100"
"01-08-2024 09:00","12.2","62.6","31.8","24","100","100","100","100"
"01-08-2024 10:00","11.2","68.5","37.2","352","100","100","100","100"
"01-08-2024 11:00","10.5","73.5","41.6","3","100","100","100","100"
"01-08-2024 12:00","10.5","74","42.5","346","100","100","100","100"
"01-08-2024 13:00","10.2","77.7","38.3","325","100","100","100","100"
"01-08-2024 14:00","9.9","80.4","34.1","7","100","100","100","100"
"01-08-2024 15:00","9.2","84.2","31","333","100","100","100","100"
"01-08-2024 16:00","9.2","82.1","38.7","3","100","100","100","100"
"01-08-2024 17:00","9.8","78.5","41","0","100","100","100","100"
"01-08-2024 18:00","9.3","83.1","28.1","18","100","100","100","100"
"01-08-2024 19:00","8.8","87.2","19.1","312","100","100","100","100"
"01-08-2024 20:00","9","86.2","26.1","0","100","100","100","100"
"01-08-2024 21:00","8.8","87.5","20.3","347","100","100","100","100"
"01-08-2024 22:00","8","90.2","12.3","12","100","100","100","100"
"01-08-2024 23:00","7.6","89.5","10.2","5","100","100","100","100"
"02-08-2024 00:00","7.6","88.7","17.5","8","100","100","100","100"
"02-08-2024 01:00","7.4","87","17.2","2","100","100","100","100"
"02-08-2024 02:00","7.1","87.8","14.3","47","100","100","100","100"
"02-08-2024 03:00","6.5","93.3","4.3","48","100","100","100","100"
"02-08-2024 04:00","5.9","96","5","190","100","100","100","100"
"02-08-2024 05:00","5.7","96.4","5","69","100","100","100","100"
"02-08-2024 06:00","6.7","96.9","5.6","24","100","100","100","100"
"02-08-2024 07:00","6.4","95.9","5.9","312","100","100","100","100"
"02-08-2024 08:00","7.3","93.3","12.1","96","100","100","100","100"
"02-08-2024 09:00","7.9","90.8","11.7","333","100","100","100","100"
"02-08-2024 10:00","9","88","16.2","345","100","100","100","100"
"02-08-2024 11:00","10","84.3","16.1","344","100","100","100","100"
"02-08-2024 12:00","9.8","87","15.4","343","100","100","100","100"
"02-08-2024 13:00","9.9","84.1","15.4","312","100","100","100","100"
"02-08-2024 14:00","10.9","76.6","15.9","324","100","100","100","100"
"02-08-2024 15:00","9.7","80.9","16.5","341","100","100","100","100"
"02-08-2024 16:00","9.6","84.5","13.5","317","100","100","100","100"
"02-08-2024 17:00","8.9","86.4","15","303","100","100","100","100"
"02-08-2024 18:00","8.1","90.5","13.6","309","100","100","100","100"
"02-08-2024 19:00","8.3","89","14.4","332","100","100","100","100"
"02-08-2024 20:00","7.4","89.7","10.7","266","100","100","100","100"
"02-08-2024 21:00","7.4","92.1","7.3","305","100","100","100","100"
"02-08-2024 22:00","7.6","92.6","12.8","312","100","100","100","100"
"02-08-2024 23:00","7.4","90.2","15","344","100","100","100","100"
"03-08-2024 00:00","7.1","92.1","15.8","308","100","100","100","100"
"03-08-2024 01:00","7.1","92.9","14.8","291","100","100","100","100"
"03-08-2024 02:00","7.1","91.8","15.9","308","100","100","100","100"
"03-08-2024 03:00","7.1","91.2","16.9","288","100","100","100","100"
"03-08-2024 04:00","7.1","89.7","16.9","327","100","100","100","100"
"03-08-2024 05:00","7","89.5","18.6","339","100","100","100","100"
"03-08-2024 06:00","6.8","92.8","12.2","310","100","100","100","100"
"03-08-2024 07:00","6","91.3","15.8","294","100","100","100","100"
"03-08-2024 08:00","6.1","93.6","16.3","320","100","100","100","100"
"03-08-2024 09:00","6.2","94","15.6","289","100","100","100","100"
"03-08-2024 10:00","6.5","94.1","12.2","223","100","100","100","100"
"03-08-2024 11:00","6.9","92","12.2","320","100","100","100","100"
"03-08-2024 12:00","6.9","91","13.5","334","100","100","100","100"
"03-08-2024 13:00","7.1","93.9","10.7","294","100","100","100","100"
"03-08-2024 14:00","7.6","95.4","10.7","315","100","100","100","100"
"03-08-2024 15:00","7.7","93.7","10.3","277","100","100","100","100"
"03-08-2024 16:00","7.8","93.6","8.4","293","100","100","100","100"
"03-08-2024 17:00","7.5","95.3","4.6","316","100","100","100","100"
"03-08-2024 18:00","7.1","96.1","3","0","100","100","100","100"
"03-08-2024 19:00","6.9","96.1","1.7","338","100","100","100","100"
"03-08-2024 20:00","6.8","97.2","2.2","19","100","100","100","100"
"03-08-2024 21:00","6.7","97.4","2.9","16","100","100","100","100"
"03-08-2024 22:00","6.7","96.6","6.7","38","100","100","100","100"
"03-08-2024 23:00","6.6","96.2","2.1","332","100","100","100","100"
"04-08-2024 00:00","6.2","96.9","1.9","35","100","100","100","100"
"04-08-2024 01:00","6.1","97.1","2.2","41","100","100","100","100"
"04-08-2024 02:00","6","97.4","1.9","17","100","100","100","100"
"04-08-2024 03:00","5.8","97.7","2.6","37","100","100","100","100"
"04-08-2024 04:00","5.8","97.9","4.5","1","100","100","100","100"
"04-08-2024 05:00","5.7","97.6","2.1","23","100","100","100","100"
"04-08-2024 06:00","5.6","95.8","4.2","2","100","100","100","100"
"04-08-2024 07:00","5.2","95.5","6","2","100","100","100","100"
"04-08-2024 08:00","5.6","92.4","5.9","24","100","100","100","100"
"04-08-2024 09:00","6.4","93.5","2.8","49","100","100","100","100"
"04-08-2024 10:00","8.1","85.8","2.7","0","100","100","100","100"
"04-08-2024 11:00","10","70.8","5","18","100","100","100","100"
"04-08-2024 12:00","11","66.6","8.6","48","100","100","100","100"
"04-08-2024 13:00","11.3","66.3","10.2","349","100","100","100","100"
"04-08-2024 14:00","11.4","62.4","12.7","348","100","100","100","100"
"04-08-2024 15:00","11.1","59.4","18.6","324","100","100","100","100"
"04-08-2024 16:00","11","54.6","20.3","5","100","100","100","100"
"04-08-2024 17:00","10.3","58.9","20.8","1","100","100","100","100"
"04-08-2024 18:00","9.6","63.1","22.1","310","100","100","100","100"
"04-08-2024 19:00","10.4","57.6","14.8","29","100","100","100","100"
"04-08-2024 20:00","10.7","59.6","18.2","10","100","100","100","100"
"04-08-2024 21:00","9.4","67.6","17.3","350","100","100","100","100"
"04-08-2024 22:00","8.6","75","6.4","98","100","100","100","100"
"04-08-2024 23:00","7.9","81.8","2.4","153","100","100","100","100"
"05-08-2024 00:00","9.7","69.3","7.4","308","100","100","100","100"
"05-08-2024 01:00","9.2","78.6","16.3","331","100","100","100","100"
"05-08-2024 02:00","9.1","75.4","24","332","100","100","100","100"
"05-08-2024 03:00","9","72.9","27.8","330","100","100","100","100"
"05-08-2024 04:00","8.7","74.7","20.3","315","100","100","100","100"
"05-08-2024 05:00","7.5","88.6","17.7","311","100","100","100","100"
"05-08-2024 06:00","7.3","90.2","17.2","339","100","100","100","100"
"05-08-2024 07:00","7.2","89","19.2","312","100","100","100","100"
"05-08-2024 08:00","6.9","90.4","16.3","321","100","100","100","100"
"05-08-2024 09:00","6.9","91.9","13.2","0","100","100","100","100"
"05-08-2024 10:00","6.8","93.2","12.6","303","100","100","100","100"
"05-08-2024 11:00","6.2","93.4","13.7","326","100","100","100","100"
"05-08-2024 12:00","6.2","92.9","13.8","282","100","100","100","100"
"05-08-2024 13:00","6.2","92.8","10.4","310","100","100","100","100"
"05-08-2024 14:00","6.8","91.6","11.6","312","100","100","100","100"
"05-08-2024 15:00","7.1","88.6","10.6","327","100","100","100","100"
"05-08-2024 16:00","6.4","91.5","8.6","334","100","100","100","100"
"05-08-2024 17:00","6.3","93.1","8.6","0","100","100","100","100"
"05-08-2024 18:00","6.2","94.2","6.4","5","100","100","100","100"
"05-08-2024 19:00","5.7","92.3","4","278","100","100","100","100"
"05-08-2024 20:00","5.6","92.4","4.3","273","100","100","100","100"
"05-08-2024 21:00","5.4","93.6","5.5","336","100","100","100","100"
"05-08-2024 22:00","5.4","93.5","5.3","327","100","100","100","100"
"05-08-2024 23:00","5.2","93.7","4.6","337","100","100","100","100"
"06-08-2024 00:00","5.2","94.6","1.9","303","100","100","100","100"
"06-08-2024 01:00","4.9","96","2.4","295","100","100","100","100"
"06-08-2024 02:00","4.8","94.9","4.2","336","100","100","100","100"
"06-08-2024 03:00","4.1","95.1","5.1","245","100","100","100","100"
"06-08-2024 04:00","3.2","94.2","4.8","245","100","100","100","100"
"06-08-2024 05:00","2.5","93.9","8.7","351","100","100","100","100"
"06-08-2024 06:00","2.4","93.2","8.9","354","100","100","100","100"
"06-08-2024 07:00","2.6","94.9","6.9","15","100","100","100","100"
"06-08-2024 08:00","3","94.8","6.6","7","100","100","100","100"
"06-08-2024 09:00","3.8","93.6","5.2","8","100","100","100","100"
"06-08-2024 10:00","4.3","91.1","6.9","306","100","100","100","100"
"06-08-2024 11:00","5","85.8","9.3","320","100","100","100","100"
"06-08-2024 12:00","5.2","85.8","6.6","354","100","100","100","100"
"06-08-2024 13:00","5.3","83.8","5.9","5","100","100","100","100"
"06-08-2024 14:00","5.5","83.2","3.3","339","100","100","100","100"
"06-08-2024 15:00","6.4","74.1","2","224","100","100","100","100"
"06-08-2024 16:00","6.3","75.1","7.4","348","100","100","100","100"
"06-08-2024 17:00","4.9","86.6","3.2","334","100","100","100","100"
"06-08-2024 18:00","4.1","90","7.8","16","100","100","100","100"
"06-08-2024 19:00","3.6","92.5","7.3","23","100","100","100","100"
"06-08-2024 20:00","3","93.8","7.4","12","100","100","100","100"
"06-08-2024 21:00","3","92.6","7.1","10","100","100","100","100"
"06-08-2024 22:00","3.3","92.3","4.2","23","100","100","100","100"
"06-08-2024 23:00","3.3","93.1","4.6","2","100","100","100","100"
"07-08-2024 00:00","2.9","94.9","4.4","353","100","100","100","100"
"07-08-2024 01:00","2.3","95.5","4.4","8","100","100","100","100"
"07-08-2024 02:00","1.9","96.3","2.4","14","100","100","100","100"
"07-08-2024 03:00","2.1","95.6","5.1","1","100","100","100","100"
"07-08-2024 04:00","1.7","94.4","0.8","21","100","100","100","100"
"07-08-2024 05:00","1.4","95.3","3.2","346","100","100","100","100"
"07-08-2024 06:00","1.6","96.4","3.3","21","100","100","100","100"
"07-08-2024 07:00","1.5","96.3","2.8","13","100","100","100","100"
"07-08-2024 08:00","1.9","97","2.1","137","100","100","100","100"
"07-08-2024 09:00","3.4","89.7","7.8","194","100","100","100","100"
"07-08-2024 10:00","4.5","82.6","7","134","100","100","100","100"
"07-08-2024 11:00","5.9","77.8","5.9","170","100","100","100","100"
"07-08-2024 12:00","7.5","71","3.4","135","100","100","100","100"
"07-08-2024 13:00","8.6","65.9","6.1","125","100","100","100","100"
"07-08-2024 14:00","9.4","61.8","5.5","122","100","100","100","100"
"07-08-2024 15:00","10.2","57.3","4.3","76","100","100","100","100"
"07-08-2024 16:00","10.3","55.6","2.4","124","100","100","100","100"
"07-08-2024 17:00","9.2","60.2","1.4","0","100","100","100","100"
"07-08-2024 18:00","6.2","81.6","2.3","43","100","100","100","100"
"07-08-2024 19:00","5.1","83.6","6.9","9","100","100","100","100"
"07-08-2024 20:00","4.4","83.9","6.4","8","100","100","100","100"
"07-08-2024 21:00","3.4","91.4","3","9","100","100","100","100"
"07-08-2024 22:00","2.8","90","4.4","293","100","100","100","100"
"07-08-2024 23:00","2.2","94.2","3.8","9","100","100","100","100"
"08-08-2024 00:00","2","91.8","2.3","4","100","100","100","100"
"08-08-2024 01:00","1.5","90.1","3.5","296","100","100","100","100"
"08-08-2024 02:00","1.6","88.2","3","3","100","100","100","100"
"08-08-2024 03:00","1.3","89.3","3.6","7","100","100","100","100"
"08-08-2024 04:00","0.9","90","3.8","327","100","100","100","100"
"08-08-2024 05:00","0.4","93.5","2.4","335","100","100","100","100"
"08-08-2024 06:00","0.8","90.5","4.1","351","100","100","100","100"
"08-08-2024 07:00","-0.1","94.4","3.8","92","100","100","100","100"
"08-08-2024 08:00","0.6","92.2","3.2","307","100","100","100","100"
"08-08-2024 09:00","3.6","80.3","4.2","315","100","100","100","100"
"08-08-2024 10:00","5.9","74.2","2.2","278","100","100","100","100"
"08-08-2024 11:00","8.1","66.6","2.9","248","100","100","100","100"
"08-08-2024 12:00","9","61.1","5.3","244","100","100","100","100"
"08-08-2024 13:00","9.9","52.3","4.4","259","100","100","100","100"
"08-08-2024 14:00","11","44.9","3.6","129","100","100","100","100"
"08-08-2024 15:00","12","46","3.3","0","100","100","100","100"
"08-08-2024 16:00","11.6","51.7","5.2","192","100","100","100","100"
"08-08-2024 17:00","10.4","57.3","1.8","261","100","100","100","100"
"08-08-2024 18:00","7","75.3","5","312","100","100","100","100"
"08-08-2024 19:00","6.4","73.6","7.9","344","100","100","100","100"
"08-08-2024 20:00","5.8","74.1","7.2","360","100","100","100","100"
"08-08-2024 21:00","4.4","80.2","5.8","22","100","100","100","100"
"08-08-2024 22:00","4","80.7","5.1","23","100","100","100","100"
"08-08-2024 23:00","3.2","82.4","5.8","352","100","100","100","100"
"09-08-2024 00:00","3.9","78.1","8.7","360","100","100","100","100"
"09-08-2024 01:00","3.1","86.5","1.4","22","100","100","100","100"
"09-08-2024 02:00","3.1","85.2","3.1","33","100","100","100","100"
"09-08-2024 03:00","2.9","86.5","5.5","0","100","100","100","100"
"09-08-2024 04:00","2.8","86.6","3","330","100","100","100","100"
"09-08-2024 05:00","2.2","92","2.6","350","100","100","100","100"
"09-08-2024 06:00","2.6","89.7","2.2","40","100","100","100","100"
"09-08-2024 07:00","2.5","91.5","3.2","77","100","100","100","100"
"09-08-2024 08:00","3.1","87","5.2","9","100","100","100","100"
"09-08-2024 09:00","6.1","78.2","2.5","55","100","100","100","100"
"09-08-2024 10:00","7.8","72.6","1.6","0","100","100","100","100"
"09-08-2024 11:00","9.6","63.3","2.4","0","100","100","100","100"
"09-08-2024 12:00","10.5","59.3","4.6","171","100","100","100","100"
"09-08-2024 13:00","11.7","59.2","3.3","123","100","100","100","100"
"09-08-2024 14:00","12.6","53.3","7.3","245","100","100","100","100"
"09-08-2024 15:00","11.7","53.3","6.3","234","100","100","100","100"
"09-08-2024 16:00","11.3","48.7","6","10","100","100","100","100"
"09-08-2024 17:00","10.5","58.8","6.6","343","100","100","100","100"
"09-08-2024 18:00","9.7","69","6.1","322","100","100","100","100"
"09-08-2024 19:00","9","72.1","5.9","14","100","100","100","100"
"09-08-2024 20:00","8.9","70.1","7.4","348","100","100","100","100"
"09-08-2024 21:00","8.7","71.5","5.2","311","100","100","100","100"
"09-08-2024 22:00","7.8","78.6","4.5","336","100","100","100","100"
"09-08-2024 23:00","7","86.7","3.8","18","100","100","100","100"
"10-08-2024 00:00","6.6","92","10","0","100","100","100","100"
"10-08-2024 01:00","6.7","95.6","14.5","353","100","100","100","100"
"10-08-2024 02:00","6.8","96.4","14.1","326","100","100","100","100"
"10-08-2024 03:00","7","97","9.5","286","100","100","100","100"
"10-08-2024 04:00","7.5","96.8","10.1","324","100","100","100","100"
"10-08-2024 05:00","7.7","95.6","9.4","6","100","100","100","100"
"10-08-2024 06:00","7.4","95.4","9.8","335","100","100","100","100"
"10-08-2024 07:00","7.4","94.5","11.1","0","100","100","100","100"
"10-08-2024 08:00","7.4","94.1","13.1","334","100","100","100","100"
"10-08-2024 09:00","7.7","93","12.3","286","100","100","100","100"
"10-08-2024 10:00","8.1","87.6","6.8","268","100","100","100","100"
"10-08-2024 11:00","9","77.5","8.3","307","100","100","100","100"
"10-08-2024 12:00","9","80.8","6.9","314","100","100","100","100"
"10-08-2024 13:00","8","91.7","7.5","261","100","100","100","100"
"10-08-2024 14:00","8.9","88","9.2","303","100","100","100","100"
"10-08-2024 15:00","9.7","80.1","8.7","307","100","100","100","100"
"10-08-2024 16:00","9","80.1","8.7","329","100","100","100","100"
"10-08-2024 17:00","8.4","80.7","6.3","254","100","100","100","100"
"10-08-2024 18:00","7.7","84.3","3.6","325","100","100","100","100"
"10-08-2024 19:00","7.3","86.9","3.3","293","100","100","100","100"
"10-08-2024 20:00","6.9","88.8","2.4","0","100","100","100","100"
"10-08-2024 21:00","6.5","87","4.4","256","100","100","100","100"
"10-08-2024 22:00","6.4","91.1","7.8","346","100","100","100","100"
"10-08-2024 23:00","5.9","91.7","7.2","331","100","100","100","100"
"11-08-2024 00:00","5.6","92.4","5.9","1","100","100","100","100"
"11-08-2024 01:00","5.6","94.6","7","312","100","100","100","100"
"11-08-2024 02:00","5","93.9","8.1","29","100","100","100","100"
"11-08-2024 03:00","4.9","92.6","7.8","7","100","100","100","100"
"11-08-2024 04:00","5.2","90.9","5.5","2","100","100","100","100"
"11-08-2024 05:00","5","92.3","4.3","350","100","100","100","100"
"11-08-2024 06:00","4.8","93.8","4","352","100","100","100","100"
"11-08-2024 07:00","4.6","90.2","5.2","40","100","100","100","100"
"11-08-2024 08:00","5.2","82.2","1.2","94","100","100","100","100"
"11-08-2024 09:00","6.1","85.6","7.9","139","100","100","100","100"
"11-08-2024 10:00","7.1","75.7","9.1","146","100","100","100","100"
"11-08-2024 11:00","7.9","72.1","8.3","124","100","100","100","100"
"11-08-2024 12:00","9.2","62.9","6.2","0","100","100","100","100"
"11-08-2024 13:00","10","60.7","6.1","152","100","100","100","100"
"11-08-2024 14:00","10.4","61.1","3.6","263","100","100","100","100"
"11-08-2024 15:00","10.6","60.8","5.4","130","100","100","100","100"
"11-08-2024 16:00","10.8","62","4.4","232","100","100","100","100"
"11-08-2024 17:00","9.6","70","3.6","227","100","100","100","100"
"11-08-2024 18:00","7.2","86.5","3.4","213","100","100","100","100"
"11-08-2024 19:00","6.3","89.4","4.1","3","100","100","100","100"
"11-08-2024 20:00","5.6","91.7","4.2","353","100","100","100","100"
"11-08-2024 21:00","5.1","94","1.6","222","100","100","100","100"
"11-08-2024 22:00","4.9","94.6","1.5","336","100","100","100","100"
"11-08-2024 23:00","4.5","95.8","2.6","287","100","100","100","100"
"12-08-2024 00:00","4.1","96.2","1.8","74","100","100","100","100"
"12-08-2024 01:00","3.7","96.9","3.3","7","100","100","100","100"
"12-08-2024 02:00","4.2","95.4","3.5","252","100","100","100","100"
"12-08-2024 03:00","3.5","95.5","4.1","95","100","100","100","100"
"12-08-2024 04:00","3.4","96.8","3.7","313","100","100","100","100"
"12-08-2024 05:00","3.6","96.3","2.8","0","100","100","100","100"
"12-08-2024 06:00","3.4","96.3","3.6","35","100","100","100","100"
"12-08-2024 07:00","3.4","96.7","3.7","228","100","100","100","100"
"12-08-2024 08:00","4.4","94.3","4.5","9","100","100","100","100"
"12-08-2024 09:00","6.7","85.2","6.6","259","100","100","100","100"
"12-08-2024 10:00","9.8","73.9","7.7","39","100","100","100","100"
"12-08-2024 11:00","10.7","71.7","7.7","218","100","100","100","100"
"12-08-2024 12:00","12.2","65.4","4","142","100","100","100","100"
"12-08-2024 13:00","13.6","59","5.7","247","100","100","100","100"
"12-08-2024 14:00","14","63.8","4.1","228","100","100","100","100"
"12-08-2024 15:00","13.9","65.3","5.8","234","100","100","100","100"
"12-08-2024 16:00","13.7","65.1","3.5","296","100","100","100","100"
"12-08-2024 17:00","12.9","67.8","2.4","14","100","100","100","100"
"12-08-2024 18:00","10.2","80.7","4.5","251","100","100","100","100"
"12-08-2024 19:00","9.6","77.9","7.6","6","100","100","100","100"
"12-08-2024 20:00","8.8","78","8.1","340","100","100","100","100"
"12-08-2024 21:00","8.2","79","6.4","19","100","100","100","100"
"12-08-2024 22:00","7","89.4","4.9","13","100","100","100","100"
"12-08-2024 23:00","6.7","90.8","3.5","21","100","100","100","100"
"13-08-2024 00:00","6.2","92.6","4.2","0","100","100","100","100"
"13-08-2024 01:00","6","93.4","1.9","38","100","100","100","100"
"13-08-2024 02:00","6.6","92.1","3.2","24","100","100","100","100"
"13-08-2024 03:00","5.8","94.7","2.5","148","100","100","100","100"
"13-08-2024 04:00","6.5","93.7","6.2","360","100","100","100","100"
"13-08-2024 05:00","6.2","93.6","2.7","6","100","100","100","100"
"13-08-2024 06:00","5.4","96.1","2.3","360","100","100","100","100"
"13-08-2024 07:00","5.6","96.8","1.4","9","100","100","100","100"
"13-08-2024 08:00","5.7","97.1","2.8","56","100","100","100","100"
"13-08-2024 09:00","7.6","92.2","1.7","0","100","100","100","100"
"13-08-2024 10:00","9.9","82.8","2.3","0","100","100","100","100"
"13-08-2024 11:00","11.1","78.8","3.5","0","100","100","100","100"
"13-08-2024 12:00","12","75.9","2.6","207","100","100","100","100"
"13-08-2024 13:00","12.4","74.8","4.1","229","100","100","100","100"
"13-08-2024 14:00","12.6","70.9","4.4","193","100","100","100","100"
"13-08-2024 15:00","12.8","63.5","3.1","219","100","100","100","100"
"13-08-2024 16:00","12.4","66.6","1.4","243","100","100","100","100"
"13-08-2024 17:00","11.2","78.6","1.4","0","100","100","100","100"
"13-08-2024 18:00","9.7","86.6","3.5","286","100","100","100","100"
"13-08-2024 19:00","9.5","82.5","7.6","7","100","100","100","100"
"13-08-2024 20:00","9","75.8","7.7","5","100","100","100","100"
"13-08-2024 21:00","8.8","76.4","6.2","353","100","100","100","100"
"13-08-2024 22:00","9.2","74.9","8","20","100","100","100","100"
"13-08-2024 23:00","8.9","81.8","2","148","100","100","100","100"
"14-08-2024 00:00","8.6","84.2","5.4","255","100","100","100","100"
"14-08-2024 01:00","8.6","85.6","3","9","100","100","100","100"
"14-08-2024 02:00","8.7","88.1","5.3","75","100","100","100","100"
"14-08-2024 03:00","9.8","83.6","7.5","331","100","100","100","100"
"14-08-2024 04:00","9.2","92","8.3","293","100","100","100","100"
"14-08-2024 05:00","8.4","96.5","8.7","287","100","100","100","100"
"14-08-2024 06:00","7.9","96.6","3.7","308","100","100","100","100"
"14-08-2024 07:00","7.6","96.9","2.3","323","100","100","100","100"
"14-08-2024 08:00","7.3","97.3","1.4","253","100","100","100","100"
"14-08-2024 09:00","6.6","96.1","2.4","0","100","100","100","100"
"14-08-2024 10:00","6.9","94.4","4.2","36","100","100","100","100"
"14-08-2024 11:00","7","93.3","6.2","284","100","100","100","100"
"14-08-2024 12:00","7.8","89.3","8.5","343","100","100","100","100"
"14-08-2024 13:00","9.1","76.5","4.3","327","100","100","100","100"
"14-08-2024 14:00","10","69.4","4.2","49","100","100","100","100"
"14-08-2024 15:00","10.8","64.1","4.6","86","100","100","100","100"
"14-08-2024 16:00","10.7","66.1","5.5","328","100","100","100","100"
"14-08-2024 17:00","9.4","76.5","4.4","320","100","100","100","100"
"14-08-2024 18:00","7.6","84.6","8.1","4","100","100","100","100"
"14-08-2024 19:00","6.8","84","10.8","33","100","100","100","100"
"14-08-2024 20:00","6.5","82.7","6.6","20","100","100","100","100"
"14-08-2024 21:00","6.2","83.8","6","28","100","100","100","100"
"14-08-2024 22:00","5.6","85.4","5","24","100","100","100","100"
"14-08-2024 23:00","5.5","86.4","5","14","100","100","100","100"
"15-08-2024 00:00","4.9","90.8","2.8","0","100","100","100","100"
"15-08-2024 01:00","4.3","92.3","2.6","8","100","100","100","100"
"15-08-2024 02:00","3.6","93.5","3.5","334","100","100","100","100"
"15-08-2024 03:00","3","95","3","344","100","100","100","100"
"15-08-2024 04:00","2.9","93.3","3","346","100","100","100","100"
"15-08-2024 05:00","2.4","95.5","2.4","39","100","100","100","100"
"15-08-2024 06:00","2.9","91.9","4","338","100","100","100","100"
"15-08-2024 07:00","2.4","92.8","1.3","0","100","100","100","100"
"15-08-2024 08:00","2.8","97","1.3","23","100","100","100","100"
"15-08-2024 09:00","3.8","97.5","2.5","250","100","100","100","100"
"15-08-2024 10:00","5.9","91","3.1","264","100","100","100","100"
"15-08-2024 11:00","7.5","73.1","6.7","213","100","100","100","100"
"15-08-2024 12:00","9.1","64.6","5.1","159","100","100","100","100"
"15-08-2024 13:00","10.3","51","5.5","225","100","100","100","100"
"15-08-2024 14:00","11.3","57.4","5.2","182","100","100","100","100"
"15-08-2024 15:00","11.7","55.7","6.6","216","100","100","100","100"
"15-08-2024 16:00","11.3","58.4","9.2","188","100","100","100","100"
"15-08-2024 17:00","10.4","64.2","6","211","100","100","100","100"
"15-08-2024 18:00","8.1","77.5","1.2","0","100","100","100","100"
"15-08-2024 19:00","6.6","83.9","5","308","100","100","100","100"
"15-08-2024 20:00","6.2","81.3","7.9","321","100","100","100","100"
"15-08-2024 21:00","5.4","82.9","7.5","0","100","100","100","100"
"15-08-2024 22:00","4.6","85.1","8.7","2","100","100","100","100"
"15-08-2024 23:00","4.3","86.7","8.2","350","100","100","100","100"
"16-08-2024 00:00","3.7","89.8","6.1","18","100","100","100","100"
"16-08-2024 01:00","2.6","92.5","3.2","6","100","100","100","100"
"16-08-2024 02:00","2.1","94.7","6.4","13","100","100","100","100"
"16-08-2024 03:00","2","96.6","5.7","326","100","100","100","100"
"16-08-2024 04:00","1.3","97.9","3.9","344","100","100","100","100"
"16-08-2024 05:00","0.6","98.1","5.1","327","100","100","100","100"
"16-08-2024 06:00","0.3","98.4","5.4","345","100","100","100","100"
"16-08-2024 07:00","1.1","98.6","3.4","4","100","100","100","100"
"16-08-2024 08:00","2.2","98.6","1.1","183","100","100","100","100"
"16-08-2024 09:00","3.4","98.6","3","85","100","100","100","100"
"16-08-2024 10:00","3.8","98.6","2.6","108","100","100","100","100"
"16-08-2024 11:00","4.4","98.1","3.7","226","100","100","100","100"
"16-08-2024 12:00","5.7","93.6","4.3","264","100","100","100","100"
"16-08-2024 13:00","7.5","81.4","5","221","100","100","100","100"
"16-08-2024 14:00","8.4","73.2","6","250","100","100","100","100"
"16-08-2024 15:00","9","67.1","7.4","243","100","100","100","100"
"16-08-2024 16:00","9.1","63.5","7.9","258","100","100","100","100"
"16-08-2024 17:00","8","68.2","5.9","244","100","100","100","100"
"16-08-2024 18:00","5.9","80.5","1.4","259","100","100","100","100"
"16-08-2024 19:00","4.6","85.7","4.4","16","100","100","100","100"
"16-08-2024 20:00","4.3","82","7.4","327","100","100","100","100"
"16-08-2024 21:00","3.5","81.9","6.8","354","100","100","100","100"
"16-08-2024 22:00","2.9","82.8","6.4","7","100","100","100","100"
"16-08-2024 23:00","1.8","87.8","4.5","20","100","100","100","100"
"17-08-2024 00:00","1.5","88.7","4.4","17","100","100","100","100"
"17-08-2024 01:00","1","90.5","4.8","1","100","100","100","100"
"17-08-2024 02:00","0.7","90.8","3.9","328","100","100","100","100"
"17-08-2024 03:00","0.5","91.3","3.9","351","100","100","100","100"
"17-08-2024 04:00","0.1","92.4","4","0","100","100","100","100"
"17-08-2024 05:00","-0.2","94.3","3.4","11","100","100","100","100"
"17-08-2024 06:00","-0.5","94.8","3.1","324","100","100","100","100"
"17-08-2024 07:00","0","95.4","2.2","360","100","100","100","100"
"17-08-2024 08:00","0.6","94.1","4.2","75","100","100","100","100"
"17-08-2024 09:00","3.2","83.8","2.7","14","100","100","100","100"
"17-08-2024 10:00","4.5","73.8","4.1","156","100","100","100","100"
"17-08-2024 11:00","5.5","73.1","6","152","100","100","100","100"
"17-08-2024 12:00","6.7","73.7","4.9","185","100","100","100","100"
"17-08-2024 13:00","8","66.5","6.4","233","100","100","100","100"
"17-08-2024 14:00","8.7","54.3","10","224","100","100","100","100"
"17-08-2024 15:00","9","53.8","8.9","203","100","100","100","100"
"17-08-2024 16:00","8.8","55.4","8.7","216","100","100","100","100"
"17-08-2024 17:00","7.9","59.9","8.4","220","100","100","100","100"
"17-08-2024 18:00","5.9","65.7","3.8","216","100","100","100","100"
"17-08-2024 19:00","3.8","81.7","1.7","12","100","100","100","100"
"17-08-2024 20:00","2.5","87.2","2.3","28","100","100","100","100"
"17-08-2024 21:00","2.7","80.5","7.1","8","100","100","100","100"
"17-08-2024 22:00","2.4","80.8","6.8","1","100","100","100","100"
"17-08-2024 23:00","1.8","82.3","5.9","2","100","100","100","100"
"18-08-2024 00:00","1.4","83.4","6.1","2","100","100","100","100"
"18-08-2024 01:00","0.8","85.4","4.5","37","100","100","100","100"
"18-08-2024 02:00","-0.2","91.4","1.5","0","100","100","100","100"
"18-08-2024 03:00","-0.4","94.4","3.2","0","100","100","100","100"
"18-08-2024 04:00","-0.8","93.6","3","15","100","100","100","100"
"18-08-2024 05:00","-0.9","94.2","3.1","2","100","100","100","100"
"18-08-2024 06:00","-0.2","96.1","2.8","0","100","100","100","100"
"18-08-2024 07:00","-0.1","97","0.9","0","100","100","100","100"
"18-08-2024 08:00","0.4","95.6","2.7","232","100","100","100","100"
"18-08-2024 09:00","2.1","84.6","4.6","105","100","100","100","100"
"18-08-2024 10:00","3.7","77.3","4","157","100","100","100","100"
"18-08-2024 11:00","5.1","70.5","6.6","194","100","100","100","100"
"18-08-2024 12:00","6.3","62.4","6.4","200","100","100","100","100"
"18-08-2024 13:00","7.7","55.7","7.9","206","100","100","100","100"
"18-08-2024 14:00","8.8","52.4","6.8","227","100","100","100","100"
"18-08-2024 15:00","9.3","54","7.6","221","100","100","100","100"
"18-08-2024 16:00","8.9","57.7","8.4","208","100","100","100","100"
"18-08-2024 17:00","7.9","60.3","4.1","224","100","100","100","100"
"18-08-2024 18:00","5.7","72.4","2.9","0","100","100","100","100"
"18-08-2024 19:00","4.3","81.6","5.4","6","100","100","100","100"
"18-08-2024 20:00","3.7","81.4","6","34","100","100","100","100"
"18-08-2024 21:00","3.1","81.6","7.5","346","100","100","100","100"
"18-08-2024 22:00","2.5","84.4","7.2","0","100","100","100","100"
"18-08-2024 23:00","1.9","85.9","9","355","100","100","100","100"
"19-08-2024 00:00","1.2","87.4","8","4","100","100","100","100"
"19-08-2024 01:00","0.9","88.4","6.1","0","100","100","100","100"
"19-08-2024 02:00","0.3","91.6","5.2","354","100","100","100","100"
"19-08-2024 03:00","-0.1","92.9","5.1","1","100","100","100","100"
"19-08-2024 04:00","0.6","92.3","7.2","351","100","100","100","100"
"19-08-2024 05:00","3.1","76.2","12.8","18","100","100","100","100"
"19-08-2024 06:00","6.9","50.5","23.2","123","100","100","100","100"
"19-08-2024 07:00","7.1","48.6","19.2","136","100","100","100","100"
"19-08-2024 08:00","7.7","47.2","23","100","100","100","100","100"
"19-08-2024 09:00","8.6","46.3","22.8","113","100","100","100","100"
"19-08-2024 10:00","8.9","52.2","13","86","100","100","100","100"
"19-08-2024 11:00","10.9","42.4","21","97","100","100","100","100"
"19-08-2024 12:00","12","39.5","21.1","81","100","100","100","100"
"19-08-2024 13:00","12.4","47.7","8.6","60","100","100","100","100"
"19-08-2024 14:00","11.5","56.7","8.3","329","100","100","100","100"
"19-08-2024 15:00","10.1","61.3","11.1","254","100","100","100","100"
"19-08-2024 16:00","9","63.5","10","322","100","100","100","100"
"19-08-2024 17:00","8","65.4","8.8","337","100","100","100","100"
"19-08-2024 18:00","7.3","66.1","9.8","346","100","100","100","100"
"19-08-2024 19:00","6.8","68.1","4.4","336","100","100","100","100"
"19-08-2024 20:00","5.4","78.8","4.5","288","100","100","100","100"
"19-08-2024 21:00","5.3","77.5","6","29","100","100","100","100"
"19-08-2024 22:00","4.4","81.3","5.5","31","100","100","100","100"
"19-08-2024 23:00","4.1","79.6","6.6","1","100","100","100","100"
"20-08-2024 00:00","4","78.9","8.4","30","100","100","100","100"
"20-08-2024 01:00","3.8","79.4","9.8","350","100","100","100","100"
"20-08-2024 02:00","4.1","76.7","9","360","100","100","100","100"
"20-08-2024 03:00","3.7","76.6","10","10","100","100","100","100"
"20-08-2024 04:00","3.1","77.5","10.4","25","100","100","100","100"
"20-08-2024 05:00","2.2","83.4","5.6","21","100","100","100","100"
"20-08-2024 06:00","1.8","85.5","6.2","23","100","100","100","100"
"20-08-2024 07:00","1.8","81.8","6.3","28","100","100","100","100"
"20-08-2024 08:00","2.8","78","5.6","30","100","100","100","100"
"20-08-2024 09:00","5.4","69.1","5.6","8","100","100","100","100"
"20-08-2024 10:00","6.6","62.9","7","305","100","100","100","100"
"20-08-2024 11:00","7.5","57.8","8.2","1","100","100","100","100"
"20-08-2024 12:00","8.4","55.5","6.6","310","100","100","100","100"
"20-08-2024 13:00","9.3","54","7.2","268","100","100","100","100"
"20-08-2024 14:00","9.9","50.2","7.7","253","100","100","100","100"
"20-08-2024 15:00","10.2","46.2","10.2","263","100","100","100","100"
"20-08-2024 16:00","9.9","43.2","9.2","234","100","100","100","100"
"20-08-2024 17:00","9","40.3","7.6","332","100","100","100","100"
"20-08-2024 18:00","6.9","53.9","4.8","302","100","100","100","100"
"20-08-2024 19:00","4.6","65.3","6.6","13","100","100","100","100"
"20-08-2024 20:00","4.2","68.3","6.6","1","100","100","100","100"
"20-08-2024 21:00","4","71.2","5.1","16","100","100","100","100"
"20-08-2024 22:00","4.6","66.4","6.1","141","100","100","100","100"
"20-08-2024 23:00","4.6","70.6","3.7","66","100","100","100","100"
"21-08-2024 00:00","4.5","68.5","4.3","314","100","100","100","100"
"21-08-2024 01:00","5.1","64.8","5.5","1","100","100","100","100"
"21-08-2024 02:00","4.7","71.4","5.6","100","100","100","100","100"
"21-08-2024 03:00","4.2","72.2","3.9","33","100","100","100","100"
"21-08-2024 04:00","4.1","75.9","1.7","49","100","100","100","100"
"21-08-2024 05:00","4.1","75.5","1.5","77","100","100","100","100"
"21-08-2024 06:00","4.4","77.5","4.9","0","100","100","100","100"
"21-08-2024 07:00","4.4","79.7","7.3","45","100","100","100","100"
"21-08-2024 08:00","4.4","83.2","4","26","100","100","100","100"
"21-08-2024 09:00","5","81.7","5.7","151","100","100","100","100"
"21-08-2024 10:00","6.2","72","2.6","83","100","100","100","100"
"21-08-2024 11:00","7.3","65.5","3.7","116","100","100","100","100"
"21-08-2024 12:00","8.6","59.1","7.7","327","100","100","100","100"
"21-08-2024 13:00","8.1","58.1","6.1","66","100","100","100","100"
"21-08-2024 14:00","9","58.1","9.6","343","100","100","100","100"
"21-08-2024 15:00","8.7","60.8","9.8","351","100","100","100","100"
"21-08-2024 16:00","8.2","64.1","8.9","309","100","100","100","100"
"21-08-2024 17:00","7.7","65.7","8.8","297","100","100","100","100"
"21-08-2024 18:00","6.9","68.7","10.7","316","100","100","100","100"
"21-08-2024 19:00","6.2","75.3","8.6","317","100","100","100","100"
"21-08-2024 20:00","5.7","80.8","7.4","319","100","100","100","100"
"21-08-2024 21:00","5.2","87.6","3.8","346","100","100","100","100"
"21-08-2024 22:00","5","89","7.5","325","100","100","100","100"
"21-08-2024 23:00","4.8","88.1","10","338","100","100","100","100"
"22-08-2024 00:00","4.7","89.6","7.6","346","100","100","100","100"
"22-08-2024 01:00","4.5","88.3","9.9","321","100","100","100","100"
"22-08-2024 02:00","4","90.4","7","352","100","100","100","100"
"22-08-2024 03:00","3.9","93.5","5.6","4","100","100","100","100"
"22-08-2024 04:00","4","89.9","7.3","328","100","100","100","100"
"22-08-2024 05:00","4","87.1","8.9","349","100","100","100","100"
"22-08-2024 06:00","3.8","86.9","9.5","176","100","100","100","100"
"22-08-2024 07:00","3.7","88.6","8.9","333","100","100","100","100"
"22-08-2024 08:00","3.3","90.8","9.6","347","100","100","100","100"
"22-08-2024 09:00","2.6","92.7","8.4","335","100","100","100","100"
"22-08-2024 10:00","3.6","91.2","8.8","335","100","100","100","100"
"22-08-2024 11:00","4.5","89.8","8.7","0","100","100","100","100"
"22-08-2024 12:00","5.5","85.1","6.2","35","100","100","100","100"
"22-08-2024 13:00","4.1","94.6","5.4","138","100","100","100","100"
"22-08-2024 14:00","4.3","96","5.5","114","100","100","100","100"
"22-08-2024 15:00","4.7","95.8","5.6","110","100","100","100","100"
"22-08-2024 16:00","5","92.6","7.3","56","100","100","100","100"
"22-08-2024 17:00","4.3","91.7","6.4","125","100","100","100","100"
"22-08-2024 18:00","4.1","93.7","5.8","37","100","100","100","100"
"22-08-2024 19:00","3.3","92.1","9.9","21","100","100","100","100"
"22-08-2024 20:00","3","93.2","6.5","6","100","100","100","100"
"22-08-2024 21:00","3","95.2","3.6","16","100","100","100","100"
"22-08-2024 22:00","3","95.9","4.9","53","100","100","100","100"
"22-08-2024 23:00","2.9","94.4","5.7","334","100","100","100","100"
"23-08-2024 00:00","2.6","94.6","5.5","4","100","100","100","100"
"23-08-2024 01:00","2.6","95.2","4.2","17","100","100","100","100"
"23-08-2024 02:00","2.6","95.8","3.6","360","100","100","100","100"
"23-08-2024 03:00","2.6","96.4","1.7","360","100","100","100","100"
"23-08-2024 04:00","2.7","96.7","3.2","11","100","100","100","100"
"23-08-2024 05:00","2.6","96.5","1.4","24","100","100","100","100"
"23-08-2024 06:00","2.7","97.2","2.4","0","100","100","100","100"
"23-08-2024 07:00","2.8","96.7","2.3","0","100","100","100","100"
"23-08-2024 08:00","3.2","96.4","1.1","68","100","100","100","100"
"23-08-2024 09:00","3.9","94.5","1.9","94","100","100","100","100"
"23-08-2024 10:00","4.4","89.9","3.5","240","100","100","100","100"
"23-08-2024 11:00","5.8","83.8","2.8","212","100","100","100","100"
"23-08-2024 12:00","6.5","71.8","3","0","100","100","100","100"
"23-08-2024 13:00","7.2","65.8","3.9","133","100","100","100","100"
"23-08-2024 14:00","7.6","64.3","5.2","242","100","100","100","100"
"23-08-2024 15:00","7.4","66.3","6.1","259","100","100","100","100"
"23-08-2024 16:00","7.2","68.2","3","265","100","100","100","100"
"23-08-2024 17:00","6.6","76.1","1.7","0","100","100","100","100"
"23-08-2024 18:00","5.9","81.5","4.6","73","100","100","100","100"
"23-08-2024 19:00","4.6","83.2","6.3","32","100","100","100","100"
"23-08-2024 20:00","3.9","83.5","10.6","18","100","100","100","100"
"23-08-2024 21:00","3.6","82.8","5.8","32","100","100","100","100"
"23-08-2024 22:00","2.8","86.5","6.6","23","100","100","100","100"
"23-08-2024 23:00","2.9","84.8","5.4","24","100","100","100","100"
"24-08-2024 00:00","2.8","85.6","4.6","348","100","100","100","100"
"24-08-2024 01:00","2.7","89.4","1.8","31","100","100","100","100"
"24-08-2024 02:00","2.4","91.8","1.5","0","100","100","100","100"
"24-08-2024 03:00","2.6","92.4","2.3","340","100","100","100","100"
"24-08-2024 04:00","2.7","94.5","4.2","78","100","100","100","100"
"24-08-2024 05:00","2.2","95.4","2.9","85","100","100","100","100"
"24-08-2024 06:00","1.4","96.6","1","0","100","100","100","100"
"24-08-2024 07:00","0.6","96.8","4.1","253","100","100","100","100"
"24-08-2024 08:00","2.6","84.9","2.9","20","100","100","100","100"
"24-08-2024 09:00","4.8","72.8","2.5","102","100","100","100","100"
"24-08-2024 10:00","6.7","60.1","3.8","120","100","100","100","100"
"24-08-2024 11:00","7.8","51","7.1","116","100","100","100","100"
"24-08-2024 12:00","8.6","50.3","9","124","100","100","100","100"
"24-08-2024 13:00","9.4","49.1","4.1","149","100","100","100","100"
"24-08-2024 14:00","10.3","47.7","4.1","179","100","100","100","100"
"24-08-2024 15:00","11.3","46.1","3.7","218","100","100","100","100"
"24-08-2024 16:00","11.8","45.2","2.9","0","100","100","100","100"
"24-08-2024 17:00","11.1","48.9","1.4","119","100","100","100","100"
"24-08-2024 18:00","6.9","81.3","4.3","0","100","100","100","100"
"24-08-2024 19:00","5.5","83","5.8","24","100","100","100","100"
"24-08-2024 20:00","5.3","80","3.1","5","100","100","100","100"
"24-08-2024 21:00","4.8","77","5.5","348","100","100","100","100"
"24-08-2024 22:00","4.6","74.8","5.5","34","100","100","100","100"
"24-08-2024 23:00","5.3","65.8","6.8","352","100","100","100","100"
"25-08-2024 00:00","5.7","62.3","4.3","5","100","100","100","100"
"25-08-2024 01:00","5.4","64.9","6.5","330","100","100","100","100"
"25-08-2024 02:00","5.2","66.2","7.7","266","100","100","100","100"
"25-08-2024 03:00","6","59.5","7.7","15","100","100","100","100"
"25-08-2024 04:00","3.9","74.4","2.7","92","100","100","100","100"
"25-08-2024 05:00","3.3","71.6","4.8","341","100","100","100","100"
"25-08-2024 06:00","4","63.9","7.4","345","100","100","100","100"
"25-08-2024 07:00","3.5","65.9","8.9","341","100","100","100","100"
"25-08-2024 08:00","5.8","62.6","4.7","346","100","100","100","100"
"25-08-2024 09:00","7.3","64.5","2.8","57","100","100","100","100"
"25-08-2024 10:00","8.6","57.2","4.4","311","100","100","100","100"
"25-08-2024 11:00","9.8","56.3","4.1","322","100","100","100","100"
"25-08-2024 12:00","11.2","51.2","6.1","248","100","100","100","100"
"25-08-2024 13:00","12.1","49.4","4.1","353","100","100","100","100"
"25-08-2024 14:00","11.5","54.3","4.7","263","100","100","100","100"
"25-08-2024 15:00","10.8","55.6","4.1","100","100","100","100","100"
"25-08-2024 16:00","11.4","56.1","2.8","281","100","100","100","100"
"25-08-2024 17:00","11","60.3","5.8","273","100","100","100","100"
"25-08-2024 18:00","11.4","47.9","10.5","322","100","100","100","100"
"25-08-2024 19:00","10.6","54.7","8.1","339","100","100","100","100"
"25-08-2024 20:00","8.8","70","8.3","232","100","100","100","100"
"25-08-2024 21:00","7.9","78.4","11.2","24","100","100","100","100"
"25-08-2024 22:00","7.1","86.4","6.7","229","100","100","100","100"
"25-08-2024 23:00","6.4","91.4","6.3","36","100","100","100","100"
"26-08-2024 00:00","6.1","94","6.9","360","100","100","100","100"
"26-08-2024 01:00","6.3","93.6","5.4","360","100","100","100","100"
"26-08-2024 02:00","6.3","95.7","5.7","291","100","100","100","100"
"26-08-2024 03:00","6.4","96.3","10.3","313","100","100","100","100"
"26-08-2024 04:00","6.5","96.3","9.9","329","100","100","100","100"
"26-08-2024 05:00","6.6","96.9","7.9","294","100","100","100","100"
"26-08-2024 06:00","6.5","96.9","4.8","312","100","100","100","100"
"26-08-2024 07:00","6.1","96.3","4.4","258","100","100","100","100"
"26-08-2024 08:00","6.4","95.2","5.1","341","100","100","100","100"
"26-08-2024 09:00","6.8","92.4","7","305","100","100","100","100"
"26-08-2024 10:00","7.5","88.7","7.6","355","100","100","100","100"
"26-08-2024 11:00","7.8","89.7","7.6","333","100","100","100","100"
"26-08-2024 12:00","8.5","85.7","9.9","308","100","100","100","100"
"26-08-2024 13:00","8.8","81.4","9.2","334","100","100","100","100"
"26-08-2024 14:00","9.4","75.8","10.7","304","100","100","100","100"
"26-08-2024 15:00","10.1","71.9","12.3","319","100","100","100","100"
"26-08-2024 16:00","9","81","8.1","314","100","100","100","100"
"26-08-2024 17:00","7.8","94.4","4.5","267","100","100","100","100"
"26-08-2024 18:00","7.2","95","3.1","214","100","100","100","100"
"26-08-2024 19:00","7","96.4","1.1","355","100","100","100","100"
"26-08-2024 20:00","6.6","96.5","1.4","335","100","100","100","100"
"26-08-2024 21:00","6.2","95.6","1","328","100","100","100","100"
"26-08-2024 22:00","5.8","94.8","2.8","342","100","100","100","100"
"26-08-2024 23:00","5","95.1","2.7","305","100","100","100","100"
"27-08-2024 00:00","4.1","97.1","2.1","0","100","100","100","100"
"27-08-2024 01:00","3.6","97.7","1","0","100","100","100","100"
"27-08-2024 02:00","3.5","97.9","2","30","100","100","100","100"
"27-08-2024 03:00","4.1","98","0.7","0","100","100","100","100"
"27-08-2024 04:00","3.4","98","2.6","0","100","100","100","100"
"27-08-2024 05:00","2.1","98.2","1.5","26","100","100","100","100"
"27-08-2024 06:00","1.1","98.2","3.4","11","100","100","100","100"
"27-08-2024 07:00","0.3","98.2","3.6","0","100","100","100","100"
"27-08-2024 08:00","2.8","91.3","9.7","5","100","100","100","100"
"27-08-2024 09:00","5.4","74","14","117","100","100","100","100"
"27-08-2024 10:00","7.5","65.2","7.9","142","100","100","100","100"
"27-08-2024 11:00","8.5","62.2","4.8","129","100","100","100","100"
"27-08-2024 12:00","9.2","60.2","7.4","198","100","100","100","100"
"27-08-2024 13:00","10.8","54.3","7.2","191","100","100","100","100"
"27-08-2024 14:00","11.6","55.6","7.6","238","100","100","100","100"
"27-08-2024 15:00","12.2","54.9","6.3","227","100","100","100","100"
"27-08-2024 16:00","11.5","57.9","6.6","241","100","100","100","100"
"27-08-2024 17:00","10.2","65.4","2.8","237","100","100","100","100"
"27-08-2024 18:00","8.2","81","2.2","21","100","100","100","100"
"27-08-2024 19:00","6.8","86.7","1.9","1","100","100","100","100"
"27-08-2024 20:00","6.2","86.6","3.6","301","100","100","100","100"
"27-08-2024 21:00","6.2","84.8","2.7","350","100","100","100","100"
"27-08-2024 22:00","4.4","94.4","4.1","353","100","100","100","100"
"27-08-2024 23:00","3.9","95.2","2.6","352","100","100","100","100"
"28-08-2024 00:00","3.6","96.4","2.4","257","100","100","100","100"
"28-08-2024 01:00","3","96.9","1.5","8","100","100","100","100"
"28-08-2024 02:00","2.6","97.5","1.3","0","100","100","100","100"
"28-08-2024 03:00","2.2","97.8","2","318","100","100","100","100"
"28-08-2024 04:00","1.8","98","2","4","100","100","100","100"
"28-08-2024 05:00","2.2","98.2","1.2","17","100","100","100","100"
"28-08-2024 06:00","1.4","98.1","1.6","4","100","100","100","100"
"28-08-2024 07:00","0.9","98.2","0.9","52","100","100","100","100"
"28-08-2024 08:00","2.5","98.2","1.5","45","100","100","100","100"
"28-08-2024 09:00","5.4","86.2","4.3","264","100","100","100","100"
"28-08-2024 10:00","6.6","78.5","11.3","209","100","100","100","100"
"28-08-2024 11:00","8.2","72.5","11.3","229","100","100","100","100"
"28-08-2024 12:00","9.8","63.8","11.1","216","100","100","100","100"
"28-08-2024 13:00","11.3","59","9.6","212","100","100","100","100"
"28-08-2024 14:00","12.6","56.6","9.9","218","100","100","100","100"
"28-08-2024 15:00","12.7","58.7","12.5","232","100","100","100","100"
"28-08-2024 16:00","12.4","60.9","13.8","202","100","100","100","100"
"28-08-2024 17:00","11.6","65.1","12.3","224","100","100","100","100"
"28-08-2024 18:00","10","71.2","5.6","206","100","100","100","100"
"28-08-2024 19:00","8.5","78.2","3.7","11","100","100","100","100"
"28-08-2024 20:00","7.4","82.3","3.2","335","100","100","100","100"
"28-08-2024 21:00","5.6","87.8","4.3","246","100","100","100","100"
"28-08-2024 22:00","4.8","87.7","4.7","350","100","100","100","100"
"28-08-2024 23:00","5.5","80.8","6.2","211","100","100","100","100"
"29-08-2024 00:00","4.8","85","4","262","100","100","100","100"
"29-08-2024 01:00","6.9","65.6","9.5","237","100","100","100","100"
"29-08-2024 02:00","13.3","32.9","16.4","120","100","100","100","100"
"29-08-2024 03:00","13.2","31.8","19.9","142","100","100","100","100"
"29-08-2024 04:00","13.3","29.9","19.3","107","100","100","100","100"
"29-08-2024 05:00","12.9","30","16.8","120","100","100","100","100"
"29-08-2024 06:00","12.3","31.1","14.3","124","100","100","100","100"
"29-08-2024 07:00","12.1","30.6","12.9","92","100","100","100","100"
"29-08-2024 08:00","13.3","28.9","18.7","177","100","100","100","100"
"29-08-2024 09:00","14.2","31.1","24.3","149","100","100","100","100"
"29-08-2024 10:00","15.1","32.6","27.8","86","100","100","100","100"
"29-08-2024 11:00","16.4","31.6","23.9","107","100","100","100","100"
"29-08-2024 12:00","17.4","31.5","26","113","100","100","100","100"
"29-08-2024 13:00","18.3","30.6","27.3","114","100","100","100","100"
"29-08-2024 14:00","19","29.4","27.3","107","100","100","100","100"
"29-08-2024 15:00","20","27.3","19.5","138","100","100","100","100"
"29-08-2024 16:00","20.4","26.6","11.8","98","100","100","100","100"
"29-08-2024 17:00","19","28.6","10.4","111","100","100","100","100"
"29-08-2024 18:00","17.3","30.7","10.8","103","100","100","100","100"
"29-08-2024 19:00","15.9","33.4","8.6","85","100","100","100","100"
"29-08-2024 20:00","14.9","36.1","6.8","112","100","100","100","100"
"29-08-2024 21:00","13.5","42.8","6.3","53","100","100","100","100"
"29-08-2024 22:00","13","44.6","6.7","42","100","100","100","100"
"29-08-2024 23:00","12.4","47.4","7.8","110","100","100","100","100"
"30-08-2024 00:00","12.6","46.2","5.4","121","100","100","100","100"
"30-08-2024 01:00","10.8","55.8","2.2","131","100","100","100","100"
"30-08-2024 02:00","9.2","64.4","2.6","92","100","100","100","100"
"30-08-2024 03:00","9.3","62","2.2","29","100","100","100","100"
"30-08-2024 04:00","9.3","62.3","3.1","0","100","100","100","100"
"30-08-2024 05:00","8.1","70.8","3.2","0","100","100","100","100"
"30-08-2024 06:00","7.9","68.5","4.6","326","100","100","100","100"
"30-08-2024 07:00","7.4","72.8","10.9","12","100","100","100","100"
"30-08-2024 08:00","8.7","73.7","9.7","333","100","100","100","100"
"30-08-2024 09:00","9.2","79.6","14.2","308","100","100","100","100"
"30-08-2024 10:00","10.2","78","10.7","275","100","100","100","100"
"30-08-2024 11:00","11","76","9.9","292","100","100","100","100"
"30-08-2024 12:00","11.6","73.2","10.7","327","100","100","100","100"
"30-08-2024 13:00","12.1","68.8","12.1","317","100","100","100","100"
"30-08-2024 14:00","12","68.9","9.9","334","100","100","100","100"
"30-08-2024 15:00","12","68.2","10.2","303","100","100","100","100"
"30-08-2024 16:00","11.5","72.3","8.4","289","100","100","100","100"
"30-08-2024 17:00","11.2","74.3","5.8","331","100","100","100","100"
"30-08-2024 18:00","10.4","77.8","4.7","315","100","100","100","100"
"30-08-2024 19:00","9.6","84.9","1.5","316","100","100","100","100"
"30-08-2024 20:00","9.1","89.4","0.9","20","100","100","100","100"
"30-08-2024 21:00","9","90.7","2.7","201","100","100","100","100"
"30-08-2024 22:00","9.2","87.3","2.2","0","100","100","100","100"
"30-08-2024 23:00","8.8","89.6","3.3","26","100","100","100","100"
"31-08-2024 00:00","8.8","87.8","2.4","10","100","100","100","100"
"31-08-2024 01:00","7.7","92","2.4","107","100","100","100","100"
"31-08-2024 02:00","7.3","87.4","5.1","9","100","100","100","100"
"31-08-2024 03:00","6.4","88.2","5.5","0","100","100","100","100"
"31-08-2024 04:00","5.7","90.3","4.3","348","100","100","100","100"
"31-08-2024 05:00","5.4","92.1","4.5","354","100","100","100","100"
"31-08-2024 06:00","5.3","93.8","3.6","64","100","100","100","100"
"31-08-2024 07:00","5.3","92.3","1.9","88","100","100","100","100"
"31-08-2024 08:00","6.6","88.2","5","2","100","100","100","100"
"31-08-2024 09:00","9.1","80","2.4","345","100","100","100","100"
"31-08-2024 10:00","10.4","79","4.1","222","100","100","100","100"
"31-08-2024 11:00","12.2","67.6","4.5","228","100","100","100","100"
"31-08-2024 12:00","13.2","65","5.6","266","100","100","100","100"
"31-08-2024 13:00","14.3","62.2","4.8","197","100","100","100","100"
"31-08-2024 14:00","14.8","59.5","6.2","107","100","100","100","100"
"31-08-2024 15:00","15.9","53.1","6.2","208","100","100","100","100"
"31-08-2024 16:00","14.8","57.4","5","252","100","100","100","100"
"31-08-2024 17:00","14.2","59.5","4.5","288","100","100","100","100"
"31-08-2024 18:00","11.2","77.2","2.7","28","100","100","100","100"
"31-08-2024 19:00","10.6","76.7","5.7","12","100","100","100","100"
"31-08-2024 20:00","9.8","80","6.2","32","100","100","100","100"
"31-08-2024 21:00","8.9","83.4","5","24","100","100","100","100"
"31-08-2024 22:00","8.8","82.8","5.5","330","100","100","100","100"
"31-08-2024 23:00","7.8","87.3","6.8","0","100","100","100","100"
"01-09-2024 00:00","7.8","89.4","5.6","13","100","100","100","100"
"01-09-2024 01:00","7.1","93.3","6.5","335","100","100","100","100"
"01-09-2024 02:00","6.9","95.2","7.7","0","100","100","100","100"
"01-09-2024 03:00","6.7","97.2","4.3","319","100","100","100","100"
"01-09-2024 04:00","6.6","97.6","3.1","226","100","100","100","100"
"01-09-2024 05:00","6.8","97.8","3.9","291","100","100","100","100"
"01-09-2024 06:00","6.8","98.2","4.2","72","100","100","100","100"
"01-09-2024 07:00","6.8","98.3","3.5","78","100","100","100","100"
"01-09-2024 08:00","7","98.4","3.7","0","100","100","100","100"
"01-09-2024 09:00","8.5","88.4","5.8","306","100","100","100","100"
"01-09-2024 10:00","9.2","81.8","6.8","276","100","100","100","100"
"01-09-2024 11:00","9.6","82.4","4.4","282","100","100","100","100"
"01-09-2024 12:00","9.9","81.5","7.8","96","100","100","100","100"
"01-09-2024 13:00","10.4","78.3","8.3","296","100","100","100","100"
"01-09-2024 14:00","10.4","76.5","10.3","267","100","100","100","100"
"01-09-2024 15:00","9.8","82","12","310","100","100","100","100"
"01-09-2024 16:00","9.9","76.4","16.2","317","100","100","100","100"
"01-09-2024 17:00","8.6","85.6","20.4","331","100","100","100","100"
"01-09-2024 18:00","8.1","89.3","21.7","322","100","100","100","100"
"01-09-2024 19:00","7.7","92.3","22.6","326","100","100","100","100"
"01-09-2024 20:00","7.6","94.4","17.6","298","100","100","100","100"
"01-09-2024 21:00","7.6","95.6","17.8","317","100","100","100","100"
"01-09-2024 22:00","7.7","95.1","18.5","270","100","100","100","100"
"01-09-2024 23:00","7.7","95.9","15.7","289","100","100","100","100"
"02-09-2024 00:00","7.8","95.6","14.1","310","100","100","100","100"
"02-09-2024 01:00","7.9","94.7","18.1","292","100","100","100","100"
"02-09-2024 02:00","7.7","91.1","17.4","326","100","100","100","100"
"02-09-2024 03:00","7.4","88.9","17.9","321","100","100","100","100"
"02-09-2024 04:00","6.9","87.3","15.8","326","100","100","100","100"
"02-09-2024 05:00","6.6","89.7","14.3","292","100","100","100","100"
"02-09-2024 06:00","5.7","91.9","15.6","320","100","100","100","100"
"02-09-2024 07:00","5.7","91.2","14.5","307","100","100","100","100"
"02-09-2024 08:00","5.9","91.8","16.2","317","100","100","100","100"
"02-09-2024 09:00","6","89.2","15.5","310","100","100","100","100"
"02-09-2024 10:00","6.1","89.6","18.5","309","100","100","100","100"
"02-09-2024 11:00","6.3","92","17.2","314","100","100","100","100"
"02-09-2024 12:00","6.6","92.1","14.4","334","100","100","100","100"
"02-09-2024 13:00","6.9","92.8","11.7","295","100","100","100","100"
"02-09-2024 14:00","8","91.1","11.2","337","100","100","100","100"
"02-09-2024 15:00","8.8","86.7","9.6","335","100","100","100","100"
"02-09-2024 16:00","8.1","86.2","8.6","281","100","100","100","100"
"02-09-2024 17:00","6.6","92.9","6.8","263","100","100","100","100"
"02-09-2024 18:00","5.7","90.5","7.7","327","100","100","100","100"
"02-09-2024 19:00","5.6","89.4","10.7","293","100","100","100","100"
"02-09-2024 20:00","5.2","90.6","7.2","360","100","100","100","100"
"02-09-2024 21:00","5.1","91.6","7.2","327","100","100","100","100"
"02-09-2024 22:00","5","91.1","7.4","337","100","100","100","100"
"02-09-2024 23:00","4.8","92.5","7.6","3","100","100","100","100"
"03-09-2024 00:00","4.7","93.7","7.8","308","100","100","100","100"
"03-09-2024 01:00","4.7","93.9","7.5","312","100","100","100","100"
"03-09-2024 02:00","4.6","93.2","7.8","347","100","100","100","100"
"03-09-2024 03:00","4.4","94","6.8","329","100","100","100","100"
"03-09-2024 04:00","4.4","94.5","7.7","360","100","100","100","100"
"03-09-2024 05:00","4.3","92.6","10.6","345","100","100","100","100"
"03-09-2024 06:00","4.4","91.1","9.1","311","100","100","100","100"
"03-09-2024 07:00","4.6","87","14.6","322","100","100","100","100"
"03-09-2024 08:00","4.9","85.5","15.8","9","100","100","100","100"
"03-09-2024 09:00","5.6","83.5","15.5","8","100","100","100","100"
"03-09-2024 10:00","6.1","80.8","11.7","289","100","100","100","100"
"03-09-2024 11:00","6.8","75.6","12.4","312","100","100","100","100"
"03-09-2024 12:00","7.3","76.8","18.8","306","100","100","100","100"
"03-09-2024 13:00","7.6","79.1","14.5","333","100","100","100","100"
"03-09-2024 14:00","8","76.5","16.3","335","100","100","100","100"
"03-09-2024 15:00","7.2","88.1","13.2","321","100","100","100","100"
"03-09-2024 16:00","7.2","91.3","14.7","340","100","100","100","100"
"03-09-2024 17:00","6.9","89.2","14.8","281","100","100","100","100"
"03-09-2024 18:00","6","91.3","11.2","303","100","100","100","100"
"03-09-2024 19:00","5.7","91.6","12.5","265","100","100","100","100"
"03-09-2024 20:00","5.2","93","9.3","305","100","100","100","100"
"03-09-2024 21:00","5","94.3","9.1","285","100","100","100","100"
"03-09-2024 22:00","5.2","95.6","7.3","322","100","100","100","100"
"03-09-2024 23:00","5.1","96.2","5","333","100","100","100","100"
"04-09-2024 00:00","4.8","96","6.8","332","100","100","100","100"
"04-09-2024 01:00","4.8","96.6","7.5","333","100","100","100","100"
"04-09-2024 02:00","4.8","96.4","5.6","351","100","100","100","100"
"04-09-2024 03:00","4.4","96.2","6.3","313","100","100","100","100"
"04-09-2024 04:00","3.6","96.6","7.6","348","100","100","100","100"
"04-09-2024 05:00","3.3","96.5","6.4","352","100","100","100","100"
"04-09-2024 06:00","3.5","94.4","6.9","4","100","100","100","100"
"04-09-2024 07:00","3.2","93.2","4.4","352","100","100","100","100"
"04-09-2024 08:00","4.4","95.3","5","64","100","100","100","100"
"04-09-2024 09:00","5.6","89.9","8.4","83","100","100","100","100"
"04-09-2024 10:00","6.5","79.5","7.6","159","100","100","100","100"
"04-09-2024 11:00","7.4","70.3","6.5","133","100","100","100","100"
"04-09-2024 12:00","8.6","62.7","4.8","116","100","100","100","100"
"04-09-2024 13:00","9.3","57.8","4.7","184","100","100","100","100"
"04-09-2024 14:00","9.9","54.4","5.1","191","100","100","100","100"
"04-09-2024 15:00","10.5","50.3","5.3","106","100","100","100","100"
"04-09-2024 16:00","11","51.8","3.5","83","100","100","100","100"
"04-09-2024 17:00","11.1","54.2","2.1","244","100","100","100","100"
"04-09-2024 18:00","8.2","77.7","2.6","0","100","100","100","100"
"04-09-2024 19:00","7","79.2","6.8","10","100","100","100","100"
"04-09-2024 20:00","5.9","85.8","6.3","7","100","100","100","100"
"04-09-2024 21:00","5.3","87.8","4.7","31","100","100","100","100"
"04-09-2024 22:00","5.8","83.9","6.2","3","100","100","100","100"
"04-09-2024 23:00","6","84.9","4.9","31","100","100","100","100"
"05-09-2024 00:00","5.5","89.3","6.1","232","100","100","100","100"
"05-09-2024 01:00","5.9","87.5","7.1","0","100","100","100","100"
"05-09-2024 02:00","5.9","89.4","4.3","311","100","100","100","100"
"05-09-2024 03:00","5.8","89.8","4.2","341","100","100","100","100"
"05-09-2024 04:00","5.5","88.9","6.4","320","100","100","100","100"
"05-09-2024 05:00","5.7","86.8","5.8","325","100","100","100","100"
"05-09-2024 06:00","5.2","89.5","2.4","339","100","100","100","100"
"05-09-2024 07:00","5.3","89","7.8","344","100","100","100","100"
"05-09-2024 08:00","5.2","90.7","10.7","317","100","100","100","100"
"05-09-2024 09:00","5.3","91.2","8.8","294","100","100","100","100"
"05-09-2024 10:00","5.6","88.5","4.5","260","100","100","100","100"
"05-09-2024 11:00","5.5","89.9","6.6","348","100","100","100","100"
"05-09-2024 12:00","5.1","91.3","14.3","336","100","100","100","100"
"05-09-2024 13:00","5.5","92.6","9.6","349","100","100","100","100"
"05-09-2024 14:00","6.2","93.9","11.5","13","100","100","100","100"
"05-09-2024 15:00","6.6","94.6","10.3","295","100","100","100","100"
"05-09-2024 16:00","7.1","95.8","11.4","1","100","100","100","100"
"05-09-2024 17:00","7.4","96","12.5","317","100","100","100","100"
"05-09-2024 18:00","7.4","96.4","12.5","0","100","100","100","100"
"05-09-2024 19:00","7.4","96.5","14.1","332","100","100","100","100"
"05-09-2024 20:00","7.6","96.2","13.5","297","100","100","100","100"
"05-09-2024 21:00","7.7","96.7","10.9","310","100","100","100","100"
"05-09-2024 22:00","7.8","96.7","10.4","333","100","100","100","100"
"05-09-2024 23:00","7.8","96.7","12.1","319","100","100","100","100"
"06-09-2024 00:00","7.8","96.9","9","303","100","100","100","100"
"06-09-2024 01:00","7.8","96.4","9","313","100","100","100","100"
"06-09-2024 02:00","7.9","96.3","10.2","324","100","100","100","100"
"06-09-2024 03:00","8","96.5","11.2","322","100","100","100","100"
"06-09-2024 04:00","8","96","9.2","330","100","100","100","100"
"06-09-2024 05:00","8","96.2","10.5","331","100","100","100","100"
"06-09-2024 06:00","7.8","96.6","9.1","319","100","100","100","100"
"06-09-2024 07:00","7.7","97.2","7","316","100","100","100","100"
"06-09-2024 08:00","7.8","97.2","6.5","307","100","100","100","100"
"06-09-2024 09:00","7.8","97.1","4.8","280","100","100","100","100"
"06-09-2024 10:00","8","96.9","4.8","286","100","100","100","100"
"06-09-2024 11:00","8.3","95.3","4.1","258","100","100","100","100"
"06-09-2024 12:00","8.8","92.4","7.6","258","100","100","100","100"
"06-09-2024 13:00","9.5","88.9","8.4","299","100","100","100","100"
"06-09-2024 14:00","9.6","87.1","6.7","254","100","100","100","100"
"06-09-2024 15:00","9.4","87.9","7.1","286","100","100","100","100"
"06-09-2024 16:00","9.2","84.2","7.4","280","100","100","100","100"
"06-09-2024 17:00","8.5","85.2","4.9","258","100","100","100","100"
"06-09-2024 18:00","7.4","90.5","3.9","270","100","100","100","100"
"06-09-2024 19:00","7","89.4","4.2","290","100","100","100","100"
"06-09-2024 20:00","7","84.4","2.5","322","100","100","100","100"
"06-09-2024 21:00","6.7","82.1","3","3","100","100","100","100"
"06-09-2024 22:00","6.4","87.2","4.8","327","100","100","100","100"
"06-09-2024 23:00","6.2","89.8","6.4","12","100","100","100","100"
"07-09-2024 00:00","6","89.4","5.7","51","100","100","100","100"
"07-09-2024 01:00","5.8","91.8","5","21","100","100","100","100"
"07-09-2024 02:00","5.6","90.9","6.6","348","100","100","100","100"
"07-09-2024 03:00","5","92.8","4.9","351","100","100","100","100"
"07-09-2024 04:00","4.8","93.2","8.5","3","100","100","100","100"
"07-09-2024 05:00","4.7","91.6","8.1","0","100","100","100","100"
"07-09-2024 06:00","4.7","92.2","5.4","307","100","100","100","100"
"07-09-2024 07:00","5","88.6","5.1","8","100","100","100","100"
"07-09-2024 08:00","5.8","87.3","4.9","351","100","100","100","100"
"07-09-2024 09:00","8","76.5","6.7","22","100","100","100","100"
"07-09-2024 10:00","8.5","71","5.6","0","100","100","100","100"
"07-09-2024 11:00","9.4","66.8","5.4","308","100","100","100","100"
"07-09-2024 12:00","9.7","68.4","6.2","277","100","100","100","100"
"07-09-2024 13:00","10","66.3","8.4","143","100","100","100","100"
"07-09-2024 14:00","10.5","63.1","9","339","100","100","100","100"
"07-09-2024 15:00","10.6","61.4","6.1","270","100","100","100","100"
"07-09-2024 16:00","10.8","59.4","5.5","302","100","100","100","100"
"07-09-2024 17:00","9.6","71.1","2.1","185","100","100","100","100"
"07-09-2024 18:00","8.6","78.3","1.1","200","100","100","100","100"
"07-09-2024 19:00","7","84.6","5.4","39","100","100","100","100"
"07-09-2024 20:00","6.1","82.5","5.1","5","100","100","100","100"
"07-09-2024 21:00","5","86.8","6.4","355","100","100","100","100"
"07-09-2024 22:00","5.2","85","7.2","10","100","100","100","100"
"07-09-2024 23:00","5.4","84.3","7.2","340","100","100","100","100"
"08-09-2024 00:00","5.5","85.1","4.8","0","100","100","100","100"
"08-09-2024 01:00","5.4","87.2","5","340","100","100","100","100"
"08-09-2024 02:00","5.2","91.8","2.9","8","100","100","100","100"
"08-09-2024 03:00","4.9","93.6","4.8","12","100","100","100","100"
"08-09-2024 04:00","5","93.4","3.8","24","100","100","100","100"
"08-09-2024 05:00","5.2","94.1","2.8","0","100","100","100","100"
"08-09-2024 06:00","5.1","93.4","4.4","26","100","100","100","100"
"08-09-2024 07:00","5.1","90.2","2.6","350","100","100","100","100"
"08-09-2024 08:00","6.2","87.6","2.3","17","100","100","100","100"
"08-09-2024 09:00","6.9","85.2","6.8","93","100","100","100","100"
"08-09-2024 10:00","8.2","76","4.4","93","100","100","100","100"
"08-09-2024 11:00","9.1","72.4","4.6","217","100","100","100","100"
"08-09-2024 12:00","10.2","60.7","5.3","189","100","100","100","100"
"08-09-2024 13:00","11","48.8","7.1","204","100","100","100","100"
"08-09-2024 14:00","11.7","51.4","5.7","246","100","100","100","100"
"08-09-2024 15:00","11.9","53.4","6.3","220","100","100","100","100"
"08-09-2024 16:00","11.3","55.9","4.4","222","100","100","100","100"
"08-09-2024 17:00","10.6","60.8","5.5","194","100","100","100","100"
"08-09-2024 18:00","9.2","69.3","3","231","100","100","100","100"
"08-09-2024 19:00","8","79.4","3.2","14","100","100","100","100"
"08-09-2024 20:00","7.1","79","6","4","100","100","100","100"
"08-09-2024 21:00","6.5","80.2","7.5","343","100","100","100","100"
"08-09-2024 22:00","5.8","81.4","7.3","0","100","100","100","100"
"08-09-2024 23:00","5","83.6","4.8","1","100","100","100","100"
"09-09-2024 00:00","4.6","85.4","6","22","100","100","100","100"
"09-09-2024 01:00","4.3","85.9","4.8","13","100","100","100","100"
"09-09-2024 02:00","3.3","90","5.2","1","100","100","100","100"
"09-09-2024 03:00","3.1","90.8","1.6","8","100","100","100","100"
"09-09-2024 04:00","2.6","94.8","2.6","28","100","100","100","100"
"09-09-2024 05:00","2.4","95.1","3.3","354","100","100","100","100"
"09-09-2024 06:00","2.7","92","4.6","0","100","100","100","100"
"09-09-2024 07:00","2.6","88.8","5","279","100","100","100","100"
"09-09-2024 08:00","5.5","79.5","5.3","7","100","100","100","100"
"09-09-2024 09:00","7.1","80.6","1.1","102","100","100","100","100"
"09-09-2024 10:00","9.2","71.9","3.3","269","100","100","100","100"
"09-09-2024 11:00","11.1","62.4","5.1","271","100","100","100","100"
"09-09-2024 12:00","11.8","63.5","6.9","293","100","100","100","100"
"09-09-2024 13:00","11.3","64.5","3.7","287","100","100","100","100"
"09-09-2024 14:00","10.8","66","13.1","127","100","100","100","100"
"09-09-2024 15:00","9.4","76.7","16","336","100","100","100","100"
"09-09-2024 16:00","8.4","84.5","9.9","352","100","100","100","100"
"09-09-2024 17:00","7.7","88.1","14","343","100","100","100","100"
"09-09-2024 18:00","7.8","89.3","11.8","352","100","100","100","100"
"09-09-2024 19:00","8.4","85.2","22.8","360","100","100","100","100"
"09-09-2024 20:00","9","80.8","29.1","6","100","100","100","100"
"09-09-2024 21:00","9.2","82.1","21.1","342","100","100","100","100"
"09-09-2024 22:00","7.9","93.2","15.5","296","100","100","100","100"
"09-09-2024 23:00","7.9","94.5","9.8","342","100","100","100","100"
"10-09-2024 00:00","7.6","91.8","6.8","325","100","100","100","100"
"10-09-2024 01:00","6.9","92.9","9.3","312","100","100","100","100"
"10-09-2024 02:00","6.8","93.6","11.9","335","100","100","100","100"
"10-09-2024 03:00","6.7","93.6","10.6","323","100","100","100","100"
"10-09-2024 04:00","6.5","92.9","9.3","340","100","100","100","100"
"10-09-2024 05:00","6.2","93","8.4","329","100","100","100","100"
"10-09-2024 06:00","6.2","92.4","5.6","305","100","100","100","100"
"10-09-2024 07:00","6.2","93.2","8","330","100","100","100","100"
"10-09-2024 08:00","6.6","92.8","7.7","334","100","100","100","100"
"10-09-2024 09:00","6.9","91.5","8.5","296","100","100","100","100"
"10-09-2024 10:00","7.1","92.8","9.5","312","100","100","100","100"
"10-09-2024 11:00","7.5","91","10.3","338","100","100","100","100"
"10-09-2024 12:00","7.6","90.1","10.5","309","100","100","100","100"
"10-09-2024 13:00","7.8","89.8","10.5","320","100","100","100","100"
"10-09-2024 14:00","7.8","90.5","7.2","307","100","100","100","100"
"10-09-2024 15:00","7.5","92.1","5.7","307","100","100","100","100"
"10-09-2024 16:00","7.5","92.4","3.1","325","100","100","100","100"
"10-09-2024 17:00","7.5","91.1","2.6","156","100","100","100","100"
"10-09-2024 18:00","6.9","88.3","4.6","213","100","100","100","100"
"10-09-2024 19:00","6.2","86.9","3.2","194","100","100","100","100"
"10-09-2024 20:00","5.8","90.4","3","0","100","100","100","100"
"10-09-2024 21:00","5.4","92.8","5.3","345","100","100","100","100"
"10-09-2024 22:00","4.5","93.7","7.3","345","100","100","100","100"
"10-09-2024 23:00","3.5","92.8","7.7","331","100","100","100","100"
"11-09-2024 00:00","3.5","92.6","7.4","346","100","100","100","100"
"11-09-2024 01:00","2.9","94.6","5.5","346","100","100","100","100"
"11-09-2024 02:00","2.4","95.3","6.7","2","100","100","100","100"
"11-09-2024 03:00","2.3","92.8","4.1","33","100","100","100","100"
"11-09-2024 04:00","2.1","92.2","6.2","353","100","100","100","100"
"11-09-2024 05:00","","","","","","","",""
"11-09-2024 06:00","0.9","95.6","5","1","100","100","100","100"
"11-09-2024 07:00","1.3","93.6","4.2","0","100","100","100","100"
"11-09-2024 08:00","3","92.5","2.6","83","100","100","100","100"
"11-09-2024 09:00","4.7","84.2","5","112","100","100","100","100"
"11-09-2024 10:00","5.7","74.2","5.8","142","100","100","100","100"
"11-09-2024 11:00","6.5","66.9","5.3","216","100","100","100","100"
"11-09-2024 12:00","7.5","61.7","6.1","188","100","100","100","100"
"11-09-2024 13:00","8.5","57.5","6.6","236","100","100","100","100"
"11-09-2024 14:00","9.2","49.3","5.5","133","100","100","100","100"
"11-09-2024 15:00","9.9","43","4.6","150","100","100","100","100"
"11-09-2024 16:00","10.3","47.8","4.2","288","100","100","100","100"
"11-09-2024 17:00","10.2","53.4","2.4","94","100","100","100","100"
"11-09-2024 18:00","8.3","63.6","3.1","201","100","100","100","100"
"11-09-2024 19:00","5.6","79.4","4.5","0","100","100","100","100"
"11-09-2024 20:00","5.1","77.2","7.2","343","100","100","100","100"
"11-09-2024 21:00","4.3","80.1","7.7","346","100","100","100","100"
"11-09-2024 22:00","3.5","83.4","6.5","354","100","100","100","100"
"11-09-2024 23:00","2.9","85.5","5.5","346","100","100","100","100"
"12-09-2024 00:00","2.1","88.9","5","0","100","100","100","100"
"12-09-2024 01:00","1.7","91.8","3.1","6","100","100","100","100"
"12-09-2024 02:00","1.2","92.9","4.5","354","100","100","100","100"
"12-09-2024 03:00","1.2","91.8","5.3","354","100","100","100","100"
"12-09-2024 04:00","0.6","95.3","3.6","9","100","100","100","100"
"12-09-2024 05:00","0.9","95.5","4.6","0","100","100","100","100"
"12-09-2024 06:00","0.5","95.5","5.3","5","100","100","100","100"
"12-09-2024 07:00","1.3","91.3","5.2","1","100","100","100","100"
"12-09-2024 08:00","2.2","91.8","4.5","110","100","100","100","100"
"12-09-2024 09:00","3.9","90.6","1.9","201","100","100","100","100"
"12-09-2024 10:00","6.4","78.1","2.8","0","100","100","100","100"
"12-09-2024 11:00","7.4","70.2","6","213","100","100","100","100"
"12-09-2024 12:00","8.8","65.7","7.6","235","100","100","100","100"
"12-09-2024 13:00","10.2","61.6","5.4","230","100","100","100","100"
"12-09-2024 14:00","11","57.2","8.4","230","100","100","100","100"
"12-09-2024 15:00","11.1","57.2","7.5","240","100","100","100","100"
"12-09-2024 16:00","10.3","62.2","8.3","225","100","100","100","100"
"12-09-2024 17:00","10.1","63.6","7.6","216","100","100","100","100"
"12-09-2024 18:00","9.1","67.4","5.3","244","100","100","100","100"
"12-09-2024 19:00","8.3","71.4","2.8","268","100","100","100","100"
"12-09-2024 20:00","7.6","77.3","2.8","274","100","100","100","100"
"12-09-2024 21:00","6.8","83.7","4","229","100","100","100","100"
"12-09-2024 22:00","6.7","82.8","5.4","8","100","100","100","100"
"12-09-2024 23:00","6.6","83.1","5.5","317","100","100","100","100"
"13-09-2024 00:00","6.6","81.9","6.2","303","100","100","100","100"
"13-09-2024 01:00","5.3","88.3","7.2","294","100","100","100","100"
"13-09-2024 02:00","4.6","93.2","7.3","340","100","100","100","100"
"13-09-2024 03:00","4.8","94.4","6.7","345","100","100","100","100"
"13-09-2024 04:00","5","95.4","6","318","100","100","100","100"
"13-09-2024 05:00","5.1","96","5.2","337","100","100","100","100"
"13-09-2024 06:00","5.2","95.6","5.8","342","100","100","100","100"
"13-09-2024 07:00","5.5","94.5","5.9","354","100","100","100","100"
"13-09-2024 08:00","6","93.5","7.2","339","100","100","100","100"
"13-09-2024 09:00","6.7","91.7","7.2","0","100","100","100","100"
"13-09-2024 10:00","7","89.3","5.3","312","100","100","100","100"
"13-09-2024 11:00","7.4","89.7","6.7","342","100","100","100","100"
"13-09-2024 12:00","7.9","85.4","7.2","354","100","100","100","100"
"13-09-2024 13:00","8.5","84.9","7.4","332","100","100","100","100"
"13-09-2024 14:00","9.3","80.1","8.7","23","100","100","100","100"
"13-09-2024 15:00","9","86.3","8.6","354","100","100","100","100"
"13-09-2024 16:00","9","86.3","8.4","12","100","100","100","100"
"13-09-2024 17:00","9.3","82.3","9.4","344","100","100","100","100"
"13-09-2024 18:00","8.4","84.9","8.2","343","100","100","100","100"
"13-09-2024 19:00","8.1","85.8","6.3","322","100","100","100","100"
"13-09-2024 20:00","7.9","88.6","1.9","17","100","100","100","100"
"13-09-2024 21:00","7.4","91.5","1.3","319","100","100","100","100"
"13-09-2024 22:00","7","92.3","3.1","324","100","100","100","100"
"13-09-2024 23:00","6","93.6","2.8","308","100","100","100","100"
"14-09-2024 00:00","5.3","96.4","5.1","312","100","100","100","100"
"14-09-2024 01:00","4.6","97.5","2.7","28","100","100","100","100"
"14-09-2024 02:00","5","97.8","2","109","100","100","100","100"
"14-09-2024 03:00","5.8","98","4.3","145","100","100","100","100"
"14-09-2024 04:00","5.5","97.9","2.3","90","100","100","100","100"
"14-09-2024 05:00","4.3","97.3","2.9","315","100","100","100","100"
"14-09-2024 06:00","4.2","97.2","1.5","29","100","100","100","100"
"14-09-2024 07:00","3.6","97.7","1.5","0","100","100","100","100"
"14-09-2024 08:00","5.1","96.8","1.9","299","100","100","100","100"
"14-09-2024 09:00","7","84","2.5","241","100","100","100","100"
"14-09-2024 10:00","8.2","74.2","13","104","100","100","100","100"
"14-09-2024 11:00","9.7","67.4","8.8","128","100","100","100","100"
"14-09-2024 12:00","11.8","53.4","5.7","132","100","100","100","100"
"14-09-2024 13:00","13.2","52.8","7.2","219","100","100","100","100"
"14-09-2024 14:00","13.4","59.4","8.4","193","100","100","100","100"
"14-09-2024 15:00","13.5","51.9","6.3","228","100","100","100","100"
"14-09-2024 16:00","12.2","57.9","6.1","248","100","100","100","100"
"14-09-2024 17:00","11.5","60","2","284","100","100","100","100"
"14-09-2024 18:00","10.4","63.2","3.7","0","100","100","100","100"
"14-09-2024 19:00","9.2","69.1","4.2","354","100","100","100","100"
"14-09-2024 20:00","8.2","80.9","3.3","327","100","100","100","100"
"14-09-2024 21:00","7.2","85.6","6.8","296","100","100","100","100"
"14-09-2024 22:00","6","90.8","8.4","333","100","100","100","100"
"14-09-2024 23:00","5.1","93.1","7.8","305","100","100","100","100"
"15-09-2024 00:00","4.5","95.1","6.8","354","100","100","100","100"
"15-09-2024 01:00","4.6","95.8","6","344","100","100","100","100"
"15-09-2024 02:00","4.7","94","5.6","346","100","100","100","100"
"15-09-2024 03:00","4.1","91.2","5.9","354","100","100","100","100"
"15-09-2024 04:00","3.9","93.2","5.9","343","100","100","100","100"
"15-09-2024 05:00","3.9","95.9","3.1","72","100","100","100","100"
"15-09-2024 06:00","3.4","96.8","3","236","100","100","100","100"
"15-09-2024 07:00","4","92.2","4.9","351","100","100","100","100"
"15-09-2024 08:00","5.4","88.6","0.3","0","100","100","100","100"
"15-09-2024 09:00","7.5","83","3.3","121","100","100","100","100"
"15-09-2024 10:00","8.7","76.8","3.1","232","100","100","100","100"
"15-09-2024 11:00","10.2","64.1","5.7","291","100","100","100","100"
"15-09-2024 12:00","11.2","58.4","5.6","235","100","100","100","100"
"15-09-2024 13:00","12.1","53.9","4.7","161","100","100","100","100"
"15-09-2024 14:00","12.5","51.1","6","250","100","100","100","100"
"15-09-2024 15:00","13.2","47.9","6.2","124","100","100","100","100"
"15-09-2024 16:00","13.9","48.8","3.2","0","100","100","100","100"
"15-09-2024 17:00","13.5","53.4","3.2","182","100","100","100","100"
"15-09-2024 18:00","11.5","66","0.5","298","100","100","100","100"
"15-09-2024 19:00","9","77.6","6.6","16","100","100","100","100"
"15-09-2024 20:00","8.3","74","6.5","4","100","100","100","100"
"15-09-2024 21:00","7.7","73.7","5.9","9","100","100","100","100"
"15-09-2024 22:00","6.1","81.6","4.9","13","100","100","100","100"
"15-09-2024 23:00","5.4","81","1.7","0","100","100","100","100"
"16-09-2024 00:00","5.3","78.1","4.1","324","100","100","100","100"
"16-09-2024 01:00","4","87.8","0.9","0","100","100","100","100"
"16-09-2024 02:00","3.2","91.6","1.3","201","100","100","100","100"
"16-09-2024 03:00","2.4","93","2.1","302","100","100","100","100"
"16-09-2024 04:00","2.2","94","1.8","0","100","100","100","100"
"16-09-2024 05:00","2","93.2","3.8","219","100","100","100","100"
"16-09-2024 06:00","1.8","92.9","5.1","47","100","100","100","100"
"16-09-2024 07:00","3.2","87.7","6.6","6","100","100","100","100"
"16-09-2024 08:00","7.5","64.1","11.8","136","100","100","100","100"
"16-09-2024 09:00","9.2","58.2","9.8","132","100","100","100","100"
"16-09-2024 10:00","11.2","54.2","5.1","136","100","100","100","100"
"16-09-2024 11:00","12.5","50.4","4.3","85","100","100","100","100"
"16-09-2024 12:00","14","47.5","4.5","232","100","100","100","100"
"16-09-2024 13:00","15.7","44","7.8","253","100","100","100","100"
"16-09-2024 14:00","17.2","41","7.5","229","100","100","100","100"
"16-09-2024 15:00","17.2","42.2","6.4","235","100","100","100","100"
"16-09-2024 16:00","17.7","40.1","2.5","222","100","100","100","100"
"16-09-2024 17:00","17.5","47.9","2.4","219","100","100","100","100"
"16-09-2024 18:00","14.5","58.6","4.8","260","100","100","100","100"
"16-09-2024 19:00","12.3","63.3","3.8","270","100","100","100","100"
"16-09-2024 20:00","11.3","68.4","6.5","335","100","100","100","100"
"16-09-2024 21:00","10.4","74.1","8.1","10","100","100","100","100"
"16-09-2024 22:00","9.3","78.8","8.8","334","100","100","100","100"
"16-09-2024 23:00","7.9","85.6","7.9","11","100","100","100","100"
"17-09-2024 00:00","7.1","89.4","6.4","338","100","100","100","100"
"17-09-2024 01:00","6.2","92.5","6.5","324","100","100","100","100"
"17-09-2024 02:00","5.9","91.8","7.2","343","100","100","100","100"
"17-09-2024 03:00","5.2","94.2","7.4","352","100","100","100","100"
"17-09-2024 04:00","4.6","94.1","7.8","17","100","100","100","100"
"17-09-2024 05:00","4.5","94.2","7.2","354","100","100","100","100"
"17-09-2024 06:00","4.2","94.6","6.4","337","100","100","100","100"
"17-09-2024 07:00","3.6","96.2","3.3","2","100","100","100","100"
"17-09-2024 08:00","4.8","97","1.7","0","100","100","100","100"
"17-09-2024 09:00","5.5","97.6","4.4","97","100","100","100","100"
"17-09-2024 10:00","6.9","97.5","2.3","72","100","100","100","100"
"17-09-2024 11:00","10","82.7","5.8","94","100","100","100","100"
"17-09-2024 12:00","11.7","70.6","6.3","133","100","100","100","100"
"17-09-2024 13:00","13","67.1","5.7","143","100","100","100","100"
"17-09-2024 14:00","13.7","67.4","7.5","122","100","100","100","100"
"17-09-2024 15:00","15.6","62.7","5.1","138","100","100","100","100"
"17-09-2024 16:00","16.2","60.1","6","277","100","100","100","100"
"17-09-2024 17:00","14","67","4.5","112","100","100","100","100"
"17-09-2024 18:00","12.7","75.6","1.9","103","100","100","100","100"
"17-09-2024 19:00","10.5","90.1","4.2","33","100","100","100","100"
"17-09-2024 20:00","9.8","89","5.4","354","100","100","100","100"
"17-09-2024 21:00","9.2","86.6","5.5","10","100","100","100","100"
"17-09-2024 22:00","9.1","80.2","3.4","325","100","100","100","100"
"17-09-2024 23:00","7.9","85.1","3.9","2","100","100","100","100"
"18-09-2024 00:00","7.5","90.2","1.3","342","100","100","100","100"
"18-09-2024 01:00","6.9","92.9","1.8","223","100","100","100","100"
"18-09-2024 02:00","6.7","95.4","3.6","83","100","100","100","100"
"18-09-2024 03:00","6.8","91.3","1.5","27","100","100","100","100"
"18-09-2024 04:00","7.2","82.7","4","354","100","100","100","100"
"18-09-2024 05:00","7.4","84.5","4","318","100","100","100","100"
"18-09-2024 06:00","7.7","82","4","16","100","100","100","100"
"18-09-2024 07:00","8.7","66.7","6.7","355","100","100","100","100"
"18-09-2024 08:00","11.1","63.5","3.7","17","100","100","100","100"
"18-09-2024 09:00","13.4","61.5","2.8","6","100","100","100","100"
"18-09-2024 10:00","14.9","52.6","4.7","284","100","100","100","100"
"18-09-2024 11:00","15.6","51.8","6.9","298","100","100","100","100"
"18-09-2024 12:00","15.9","52.7","5.1","283","100","100","100","100"
"18-09-2024 13:00","15.1","54.5","2.7","344","100","100","100","100"
"18-09-2024 14:00","15","62.8","5.1","168","100","100","100","100"
"18-09-2024 15:00","15.7","59.9","8.6","123","100","100","100","100"
"18-09-2024 16:00","16.5","48.5","14.1","322","100","100","100","100"
"18-09-2024 17:00","14.8","51","16.5","316","100","100","100","100"
"18-09-2024 18:00","13.6","52.9","18.8","337","100","100","100","100"
"18-09-2024 19:00","10.4","73.9","22.4","300","100","100","100","100"
"18-09-2024 20:00","8.7","86.7","24.4","346","100","100","100","100"
"18-09-2024 21:00","9.2","78.3","19.3","360","100","100","100","100"
"18-09-2024 22:00","9.6","71.1","14.7","351","100","100","100","100"
"18-09-2024 23:00","10.1","65","14.7","354","100","100","100","100"
"19-09-2024 00:00","10.6","61.3","14.8","8","100","100","100","100"
"19-09-2024 01:00","10.8","59.8","14","326","100","100","100","100"
"19-09-2024 02:00","11.2","58.9","16","8","100","100","100","100"
"19-09-2024 03:00","10.4","67.2","19.5","12","100","100","100","100"
"19-09-2024 04:00","8.5","85","19.7","318","100","100","100","100"
"19-09-2024 05:00","8.7","82.9","22.8","342","100","100","100","100"
"19-09-2024 06:00","8.9","83.7","22.6","352","100","100","100","100"
"19-09-2024 07:00","8.7","90.8","21.7","337","100","100","100","100"
"19-09-2024 08:00","8.2","93.8","19.9","298","100","100","100","100"
"19-09-2024 09:00","8.2","94.8","16.5","294","100","100","100","100"
"19-09-2024 10:00","8.7","92","20.5","326","100","100","100","100"
"19-09-2024 11:00","9.7","84.6","16.6","332","100","100","100","100"
"19-09-2024 12:00","9.6","87.8","12.4","325","100","100","100","100"
"19-09-2024 13:00","8.9","88.2","10.5","321","100","100","100","100"
"19-09-2024 14:00","9.1","91","10.3","307","100","100","100","100"
"19-09-2024 15:00","9.9","87.4","11.9","303","100","100","100","100"
"19-09-2024 16:00","10.1","84.2","10.4","262","100","100","100","100"
"19-09-2024 17:00","8.9","91","10.7","264","100","100","100","100"
"19-09-2024 18:00","8.4","91.1","10.4","259","100","100","100","100"
"19-09-2024 19:00","7.5","94","9.6","287","100","100","100","100"
"19-09-2024 20:00","7.3","93.6","6.8","273","100","100","100","100"
"19-09-2024 21:00","7","91.3","8.8","269","100","100","100","100"
"19-09-2024 22:00","6.6","91","8.9","275","100","100","100","100"
"19-09-2024 23:00","6.5","93.2","6.7","318","100","100","100","100"
"20-09-2024 00:00","6.1","94.4","7.9","296","100","100","100","100"
"20-09-2024 01:00","5.9","95.1","8.5","340","100","100","100","100"
"20-09-2024 02:00","5.8","95.2","6.4","318","100","100","100","100"
"20-09-2024 03:00","5.7","95.8","7.5","304","100","100","100","100"
"20-09-2024 04:00","5.8","95.9","7.8","337","100","100","100","100"
"20-09-2024 05:00","6","93.9","9.8","278","100","100","100","100"
"20-09-2024 06:00","6.2","92.4","12.4","315","100","100","100","100"
"20-09-2024 07:00","6.2","93.3","9.5","336","100","100","100","100"
"20-09-2024 08:00","6.5","92.7","10.8","299","100","100","100","100"
"20-09-2024 09:00","6.7","91","9.4","348","100","100","100","100"
"20-09-2024 10:00","6.7","92.2","11.2","293","100","100","100","100"
"20-09-2024 11:00","7.3","90.7","10.4","300","100","100","100","100"
"20-09-2024 12:00","7.7","88.6","11.1","310","100","100","100","100"
"20-09-2024 13:00","8.6","82.9","15","321","100","100","100","100"
"20-09-2024 14:00","9","79.6","15.9","308","100","100","100","100"
"20-09-2024 15:00","9.5","77.2","14.3","354","100","100","100","100"
"20-09-2024 16:00","9","79.3","14.4","306","100","100","100","100"
"20-09-2024 17:00","8.4","80.9","13.1","330","100","100","100","100"
"20-09-2024 18:00","8.6","76.9","13.5","332","100","100","100","100"
"20-09-2024 19:00","8.5","80.7","18.3","339","100","100","100","100"
"20-09-2024 20:00","","","","","","","",""
"20-09-2024 21:00","8.2","75","20.6","5","100","100","100","100"
"20-09-2024 22:00","8.2","72.7","23.1","350","100","100","100","100"
"20-09-2024 23:00","8.3","73.4","26.5","343","100","100","100","100"
"21-09-2024 00:00","7.5","82.3","26.2","331","100","100","100","100"
"21-09-2024 01:00","7.1","87.4","26.1","314","100","100","100","100"
"21-09-2024 02:00","7.2","87.8","27.9","312","100","100","100","100"
"21-09-2024 03:00","5.8","91.7","15.3","277","100","100","100","100"
"21-09-2024 04:00","6.2","92.4","14.2","335","100","100","100","100"
"21-09-2024 05:00","6.5","92.4","19.9","306","100","100","100","100"
"21-09-2024 06:00","6.9","87.8","27.1","317","100","100","100","100"
"21-09-2024 07:00","6.6","89","25.1","7","100","100","100","100"
"21-09-2024 08:00","6.5","92.9","13.8","319","100","100","100","100"
"21-09-2024 09:00","6.3","93.4","11.6","336","100","100","100","100"
"21-09-2024 10:00","6.3","93.7","11.8","332","100","100","100","100"
"21-09-2024 11:00","7","91.5","13.3","324","100","100","100","100"
"21-09-2024 12:00","7.8","86.4","17.1","328","100","100","100","100"
"21-09-2024 13:00","7.6","86.6","11.8","325","100","100","100","100"
"21-09-2024 14:00","6.1","93","9.1","283","100","100","100","100"
"21-09-2024 15:00","6.4","93.6","11.2","337","100","100","100","100"
"21-09-2024 16:00","6.9","92.7","11.5","316","100","100","100","100"
"21-09-2024 17:00","6.7","93.2","15.4","320","100","100","100","100"
"21-09-2024 18:00","6.6","94.2","13.8","329","100","100","100","100"
"21-09-2024 19:00","6.4","94.7","11.3","322","100","100","100","100"
"21-09-2024 20:00","6.6","93.5","12.6","350","100","100","100","100"
"21-09-2024 21:00","7","87.5","17.4","332","100","100","100","100"
"21-09-2024 22:00","6.9","87.2","14.1","268","100","100","100","100"
"21-09-2024 23:00","6.1","90.9","12.5","310","100","100","100","100"
"22-09-2024 00:00","5.9","90.9","11.7","1","100","100","100","100"
"22-09-2024 01:00","6.4","86.2","16.6","318","100","100","100","100"
"22-09-2024 02:00","6.4","85.5","15.3","332","100","100","100","100"
"22-09-2024 03:00","5.8","88.2","13.5","287","100","100","100","100"
"22-09-2024 04:00","5.1","88.6","11.7","324","100","100","100","100"
"22-09-2024 05:00","5.1","87.3","10.9","322","100","100","100","100"
"22-09-2024 06:00","5.2","85.1","11.9","335","100","100","100","100"
"22-09-2024 07:00","5.8","82.8","19.6","346","100","100","100","100"
"22-09-2024 08:00","6.3","81","18.7","350","100","100","100","100"
"22-09-2024 09:00","7.1","78.7","20.2","348","100","100","100","100"
"22-09-2024 10:00","7.6","78.4","18.8","280","100","100","100","100"
"22-09-2024 11:00","6.9","85.1","16.5","322","100","100","100","100"
"22-09-2024 12:00","7.8","84.8","15.4","329","100","100","100","100"
"22-09-2024 13:00","7.4","83.3","18.8","308","100","100","100","100"
"22-09-2024 14:00","7.1","89.6","17.1","332","100","100","100","100"
"22-09-2024 15:00","8.3","80","19.9","308","100","100","100","100"
"22-09-2024 16:00","9","73.1","20.3","306","100","100","100","100"
"22-09-2024 17:00","8.7","75.9","24.7","13","100","100","100","100"
"22-09-2024 18:00","8.3","79.8","21.4","342","100","100","100","100"
"22-09-2024 19:00","7.2","89.8","15.7","289","100","100","100","100"
"22-09-2024 20:00","6.8","91.6","18.1","285","100","100","100","100"
"22-09-2024 21:00","6.5","93.1","16.9","310","100","100","100","100"
"22-09-2024 22:00","6.1","92","20.4","301","100","100","100","100"
"22-09-2024 23:00","5.6","93.3","12.7","280","100","100","100","100"
"23-09-2024 00:00","5.1","94.8","10.9","10","100","100","100","100"
"23-09-2024 01:00","5.4","95.3","9.5","262","100","100","100","100"
"23-09-2024 02:00","5.4","95.8","4.8","326","100","100","100","100"
"23-09-2024 03:00","5.1","96.4","1.5","0","100","100","100","100"
"23-09-2024 04:00","4.7","95.7","4","159","100","100","100","100"
"23-09-2024 05:00","4.2","93.4","11.9","23","100","100","100","100"
"23-09-2024 06:00","4.2","92.9","10.9","20","100","100","100","100"
"23-09-2024 07:00","4","92.3","12.1","22","100","100","100","100"
"23-09-2024 08:00","4.5","91.7","6.8","27","100","100","100","100"
"23-09-2024 09:00","5.8","92.2","3.8","80","100","100","100","100"
"23-09-2024 10:00","5.8","92.4","5.4","122","100","100","100","100"
"23-09-2024 11:00","5.9","95.2","4.4","118","100","100","100","100"
"23-09-2024 12:00","6.7","96.2","5.3","88","100","100","100","100"
"23-09-2024 13:00","8.4","90.1","7.5","342","100","100","100","100"
"23-09-2024 14:00","8","90.6","9.5","164","100","100","100","100"
"23-09-2024 15:00","7.9","88.3","7.5","204","100","100","100","100"
"23-09-2024 16:00","8.5","87.7","4","321","100","100","100","100"
"23-09-2024 17:00","7.9","91.7","2.8","157","100","100","100","100"
"23-09-2024 18:00","7.8","84.7","5.2","267","100","100","100","100"
"23-09-2024 19:00","6.8","85.5","7.4","329","100","100","100","100"
"23-09-2024 20:00","6.6","87","6.9","318","100","100","100","100"
"23-09-2024 21:00","6.4","86.7","6.6","346","100","100","100","100"
"23-09-2024 22:00","5.3","91.8","7.2","354","100","100","100","100"
"23-09-2024 23:00","5","92.3","8.2","354","100","100","100","100"
"24-09-2024 00:00","4.9","93.4","7.6","341","100","100","100","100"
"24-09-2024 01:00","4.8","92.9","8.4","0","100","100","100","100"
"24-09-2024 02:00","4.8","93.8","8.2","344","100","100","100","100"
"24-09-2024 03:00","4.5","94.6","5.7","353","100","100","100","100"
"24-09-2024 04:00","3.9","96.1","5.9","6","100","100","100","100"
"24-09-2024 05:00","3.7","96.6","5","8","100","100","100","100"
"24-09-2024 06:00","3.4","94.9","7.7","20","100","100","100","100"
"24-09-2024 07:00","4.3","89.7","9.4","27","100","100","100","100"
"24-09-2024 08:00","6.1","86.4","8.1","4","100","100","100","100"
"24-09-2024 09:00","7.8","73.7","12.1","354","100","100","100","100"
"24-09-2024 10:00","8.2","69.6","10.9","290","100","100","100","100"
"24-09-2024 11:00","8.8","67.3","11.4","328","100","100","100","100"
"24-09-2024 12:00","8.6","71.8","10.6","320","100","100","100","100"
"24-09-2024 13:00","9.6","67.8","13.7","297","100","100","100","100"
"24-09-2024 14:00","8.9","74.7","10.2","327","100","100","100","100"
"24-09-2024 15:00","9.7","68.2","12.1","332","100","100","100","100"
"24-09-2024 16:00","8.3","80.8","8.9","307","100","100","100","100"
"24-09-2024 17:00","6.7","92.7","5.6","246","100","100","100","100"
"24-09-2024 18:00","6.1","93.7","4.2","257","100","100","100","100"
"24-09-2024 19:00","5.7","95.5","2.4","271","100","100","100","100"
"24-09-2024 20:00","5.4","96.2","4.5","260","100","100","100","100"
"24-09-2024 21:00","5","95.7","3","353","100","100","100","100"
"24-09-2024 22:00","4.8","94.1","5.2","4","100","100","100","100"
"24-09-2024 23:00","4.9","93.9","5.3","351","100","100","100","100"
"25-09-2024 00:00","5.1","94.7","3.2","305","100","100","100","100"
"25-09-2024 01:00","4.8","96.4","1.9","244","100","100","100","100"
"25-09-2024 02:00","3.9","97.2","1.7","47","100","100","100","100"
"25-09-2024 03:00","3.5","97.4","1.8","354","100","100","100","100"
"25-09-2024 04:00","3.1","97.5","1.7","339","100","100","100","100"
"25-09-2024 05:00","3.2","96.5","3.2","354","100","100","100","100"
"25-09-2024 06:00","2.5","95.6","4.1","20","100","100","100","100"
"25-09-2024 07:00","3.4","94.9","1.9","32","100","100","100","100"
"25-09-2024 08:00","4.2","91.4","3","308","100","100","100","100"
"25-09-2024 09:00","5.2","86.2","6.7","114","100","100","100","100"
"25-09-2024 10:00","6.4","76.3","4.9","142","100","100","100","100"
"25-09-2024 11:00","7.6","69.2","5","142","100","100","100","100"
"25-09-2024 12:00","8.8","61.2","4.1","257","100","100","100","100"
"25-09-2024 13:00","9.7","54.9","6.6","0","100","100","100","100"
"25-09-2024 14:00","10.6","47.1","6.7","230","100","100","100","100"
"25-09-2024 15:00","11.1","47.3","4.3","239","100","100","100","100"
"25-09-2024 16:00","11.7","46","4.8","312","100","100","100","100"
"25-09-2024 17:00","11.8","46.3","3.9","245","100","100","100","100"
"25-09-2024 18:00","9.7","60.9","0.9","164","100","100","100","100"
"25-09-2024 19:00","7.2","76.4","5.8","336","100","100","100","100"
"25-09-2024 20:00","6.6","76.9","5.7","0","100","100","100","100"
"25-09-2024 21:00","5.2","82.8","5.9","0","100","100","100","100"
"25-09-2024 22:00","4.4","84.8","6.5","348","100","100","100","100"
"25-09-2024 23:00","4.2","86","1.7","23","100","100","100","100"
"26-09-2024 00:00","4","86.4","4.4","64","100","100","100","100"
"26-09-2024 01:00","3.7","85.9","3.6","0","100","100","100","100"
"26-09-2024 02:00","2.6","88.6","2.7","290","100","100","100","100"
"26-09-2024 03:00","1.8","90.2","1.5","258","100","100","100","100"
"26-09-2024 04:00","1.3","84.8","4.5","344","100","100","100","100"
"26-09-2024 05:00","0.8","81.7","3.1","302","100","100","100","100"
"26-09-2024 06:00","0.6","80.6","2.9","339","100","100","100","100"
"26-09-2024 07:00","1.8","79.4","3.2","337","100","100","100","100"
"26-09-2024 08:00","5.1","73.7","3","308","100","100","100","100"
"26-09-2024 09:00","7.8","64.2","4.3","300","100","100","100","100"
"26-09-2024 10:00","10.3","53.4","3.5","274","100","100","100","100"
"26-09-2024 11:00","12.7","42.1","2.5","180","100","100","100","100"
"26-09-2024 12:00","14","36.2","4.9","177","100","100","100","100"
"26-09-2024 13:00","15.1","29.4","4.5","137","100","100","100","100"
"26-09-2024 14:00","16.7","22.9","5.7","303","100","100","100","100"
"26-09-2024 15:00","17","28.3","5.7","148","100","100","100","100"
"26-09-2024 16:00","16.2","35.5","6.4","237","100","100","100","100"
"26-09-2024 17:00","15","34.8","4.8","291","100","100","100","100"
"26-09-2024 18:00","13.1","41.9","6.7","345","100","100","100","100"
"26-09-2024 19:00","11.1","60.6","9.1","5","100","100","100","100"
"26-09-2024 20:00","10","60.6","11.2","21","100","100","100","100"
"26-09-2024 21:00","9.1","56.2","8.5","3","100","100","100","100"
"26-09-2024 22:00","8","61.5","8.2","347","100","100","100","100"
"26-09-2024 23:00","6.9","63","6.7","7","100","100","100","100"
"27-09-2024 00:00","6.9","59.1","8.4","13","100","100","100","100"
"27-09-2024 01:00","6.5","63","6.4","0","100","100","100","100"
"27-09-2024 02:00","6","70.1","5.3","353","100","100","100","100"
"27-09-2024 03:00","5.8","75.8","2.8","320","100","100","100","100"
"27-09-2024 04:00","4.8","83.3","2","0","100","100","100","100"
"27-09-2024 05:00","4.6","84.5","3.9","0","100","100","100","100"
"27-09-2024 06:00","5.3","82.2","5","343","100","100","100","100"
"27-09-2024 07:00","5.3","83","6.1","254","100","100","100","100"
"27-09-2024 08:00","5.6","86.9","7.2","340","100","100","100","100"
"27-09-2024 09:00","6.7","81.6","6.8","317","100","100","100","100"
"27-09-2024 10:00","8.2","76.5","5.5","325","100","100","100","100"
"27-09-2024 11:00","8.8","75.7","6.2","80","100","100","100","100"
"27-09-2024 12:00","8.4","77.6","6","316","100","100","100","100"
"27-09-2024 13:00","8.1","80","5.5","81","100","100","100","100"
"27-09-2024 14:00","8.5","80","6.6","109","100","100","100","100"
"27-09-2024 15:00","9.5","79.5","6.3","0","100","100","100","100"
"27-09-2024 16:00","9.8","77.8","3.9","116","100","100","100","100"
"27-09-2024 17:00","10","80.2","4.9","0","100","100","100","100"
"27-09-2024 18:00","8.2","81.7","4.2","129","100","100","100","100"
"27-09-2024 19:00","7.9","92.4","7.6","53","100","100","100","100"
"27-09-2024 20:00","9.5","95.2","5.8","320","100","100","100","100"
"27-09-2024 21:00","9.7","95.9","10.9","337","100","100","100","100"
"27-09-2024 22:00","9.8","96.4","11.1","337","100","100","100","100"
"27-09-2024 23:00","9.9","96.1","11.7","307","100","100","100","100"
"28-09-2024 00:00","10","95.3","11.2","300","100","100","100","100"
"28-09-2024 01:00","9.9","94.8","8.5","329","100","100","100","100"
"28-09-2024 02:00","9.8","93.6","4.5","305","100","100","100","100"
"28-09-2024 03:00","10","91.6","5.3","304","100","100","100","100"
"28-09-2024 04:00","9.8","93.6","5.7","314","100","100","100","100"
"28-09-2024 05:00","9.7","93.1","6.8","333","100","100","100","100"
"28-09-2024 06:00","9.5","95","5.7","346","100","100","100","100"
"28-09-2024 07:00","9.4","96.5","3.6","324","100","100","100","100"
"28-09-2024 08:00","9.7","96.1","4.2","322","100","100","100","100"
"28-09-2024 09:00","10.1","94.6","7.3","16","100","100","100","100"
"28-09-2024 10:00","10.5","93.4","6.9","315","100","100","100","100"
"28-09-2024 11:00","11.2","89.6","5.1","8","100","100","100","100"
"28-09-2024 12:00","11.1","91.2","3.6","322","100","100","100","100"
"28-09-2024 13:00","10.9","91.3","6.3","307","100","100","100","100"
"28-09-2024 14:00","10.6","93.4","7.2","344","100","100","100","100"
"28-09-2024 15:00","10.4","94.8","4.8","308","100","100","100","100"
"28-09-2024 16:00","10.4","95.4","5.8","355","100","100","100","100"
"28-09-2024 17:00","10.2","95","6.1","329","100","100","100","100"
"28-09-2024 18:00","10","96.2","5.6","346","100","100","100","100"
"28-09-2024 19:00","9.7","94.8","5","277","100","100","100","100"
"28-09-2024 20:00","9.5","94.5","6.9","343","100","100","100","100"
"28-09-2024 21:00","9.1","94.9","5.8","360","100","100","100","100"
"28-09-2024 22:00","8.9","96","5.9","48","100","100","100","100"
"28-09-2024 23:00","8.8","96.8","3.4","327","100","100","100","100"
"29-09-2024 00:00","8.8","97.2","3","1","100","100","100","100"
"29-09-2024 01:00","9.4","97.5","3","316","100","100","100","100"
"29-09-2024 02:00","10.2","97.8","2.9","34","100","100","100","100"
"29-09-2024 03:00","11.1","95.4","8.1","0","100","100","100","100"
"29-09-2024 04:00","11.5","91.4","13.8","329","100","100","100","100"
"29-09-2024 05:00","11.6","87.6","15.9","347","100","100","100","100"
"29-09-2024 06:00","11.4","88.9","15.3","345","100","100","100","100"
"29-09-2024 07:00","11.5","89.6","13.2","331","100","100","100","100"
"29-09-2024 08:00","11.3","90.8","18.2","319","100","100","100","100"
"29-09-2024 09:00","11.1","89.2","18.4","315","100","100","100","100"
"29-09-2024 10:00","11","90.4","18.4","322","100","100","100","100"
"29-09-2024 11:00","10.9","89.8","20.3","351","100","100","100","100"
"29-09-2024 12:00","10.6","90.2","18.9","353","100","100","100","100"
"29-09-2024 13:00","10.5","91","17.1","342","100","100","100","100"
"29-09-2024 14:00","10.5","90.9","17.6","315","100","100","100","100"
"29-09-2024 15:00","10.8","91.4","16.7","2","100","100","100","100"
"29-09-2024 16:00","11","90.1","20.3","353","100","100","100","100"
"29-09-2024 17:00","11","91","20.7","331","100","100","100","100"
"29-09-2024 18:00","11","88.2","20.2","315","100","100","100","100"
"29-09-2024 19:00","11","82.2","19.2","313","100","100","100","100"
"29-09-2024 20:00","10.7","83","17.5","323","100","100","100","100"
"29-09-2024 21:00","10.4","84.5","16.4","323","100","100","100","100"
"29-09-2024 22:00","10","87.1","18.8","306","100","100","100","100"
"29-09-2024 23:00","9.8","87.6","19.8","298","100","100","100","100"
"30-09-2024 00:00","9.2","89","20.8","3","100","100","100","100"
"30-09-2024 01:00","8.7","91.7","21.4","334","100","100","100","100"
"30-09-2024 02:00","8.7","91.8","24.5","327","100","100","100","100"
"30-09-2024 03:00","8.7","90.1","25.7","325","100","100","100","100"
"30-09-2024 04:00","8.6","91.5","22.2","316","100","100","100","100"
"30-09-2024 05:00","8.4","94.4","17.5","308","100","100","100","100"
"30-09-2024 06:00","8.1","96.1","8.6","248","100","100","100","100"
"30-09-2024 07:00","7.6","95.8","5.8","263","100","100","100","100"
"30-09-2024 08:00","7.9","94.9","6.9","340","100","100","100","100"
"30-09-2024 09:00","8.3","94.4","9.8","354","100","100","100","100"
"30-09-2024 10:00","8.7","91.9","12.2","321","100","100","100","100"
"30-09-2024 11:00","8.6","91.3","12","276","100","100","100","100"
"30-09-2024 12:00","8.9","89.8","12.7","327","100","100","100","100"
"30-09-2024 13:00","10.1","85.6","10.6","350","100","100","100","100"
"30-09-2024 14:00","10.6","72.5","12.1","272","100","100","100","100"
"30-09-2024 15:00","10.4","71.6","8.6","312","100","100","100","100"
"30-09-2024 16:00","10","72.1","6.9","312","100","100","100","100"
"30-09-2024 17:00","9.2","72","7","257","100","100","100","100"
"30-09-2024 18:00","8.3","79.6","9.3","308","100","100","100","100"
"30-09-2024 19:00","7.6","81.9","7.6","290","100","100","100","100"
"30-09-2024 20:00","6.8","82","9.1","300","100","100","100","100"
"30-09-2024 21:00","6","84.2","5.8","318","100","100","100","100"
"30-09-2024 22:00","5.4","83.2","7.2","352","100","100","100","100"
"30-09-2024 23:00","5","83.7","5.8","305","100","100","100","100"
"","","","","","","","",""
"","","","","","","","",""
"El uso de los datos en publicaciones debe señalar la fuente de los datos y que es una colaboración entre INIA y las instituciones que mantienen convenio con INIA. Adicionalmente, se solicita colocar en un lugar visible el logo de la red agrometeorológica de INIA.","","","","","","","",""
"Descargar logo desde: https://agrometeorologia.cl/assets/img/agrometeorologia-logo.png","","","","","","","",""
